1460.0000000000	0.0573976930
1460.0100000000	0.0582580956
1460.0200000000	0.0590810105
1460.0300000000	0.0597637766
1460.0400000000	0.0601617326
1460.0500000000	0.0603724129
1460.0600000000	0.0602696688
1460.0700000000	0.0598106410
1460.0800000000	0.0593201927
1460.0900000000	0.0587278760
1460.1000000000	0.0581399441
1460.1100000000	0.0578802137
1460.1200000000	0.0579436127
1460.1300000000	0.0583284364
1460.1400000000	0.0590641814
1460.1500000000	0.0599376211
1460.1600000000	0.0607853120
1460.1700000000	0.0615004174
1460.1800000000	0.0620754824
1460.1900000000	0.0624726709
1460.2000000000	0.0623396059
1460.2100000000	0.0619090069
1460.2200000000	0.0612533695
1460.2300000000	0.0598467450
1460.2400000000	0.0581776542
1460.2500000000	0.0566211671
1460.2600000000	0.0554175749
1460.2700000000	0.0544919477
1460.2800000000	0.0539205975
1460.2900000000	0.0541003724
1460.3000000000	0.0547133184
1460.3100000000	0.0555401920
1460.3200000000	0.0565618664
1460.3300000000	0.0577938214
1460.3400000000	0.0591973039
1460.3500000000	0.0607349101
1460.3600000000	0.0622310455
1460.3700000000	0.0632653093
1460.3800000000	0.0640941524
1460.3900000000	0.0644033290
1460.4000000000	0.0640002360
1460.4100000000	0.0633609660
1460.4200000000	0.0622880487
1460.4300000000	0.0610920905
1460.4400000000	0.0602867166
1460.4500000000	0.0594945184
1460.4600000000	0.0592529065
1460.4700000000	0.0595314420
1460.4800000000	0.0599814522
1460.4900000000	0.0605408915
1460.5000000000	0.0611439411
1460.5100000000	0.0618359298
1460.5200000000	0.0628169168
1460.5300000000	0.0635808540
1460.5400000000	0.0640566478
1460.5500000000	0.0645310158
1460.5600000000	0.0647191616
1460.5700000000	0.0646663269
1460.5800000000	0.0646379340
1460.5900000000	0.0644690417
1460.6000000000	0.0643929661
1460.6100000000	0.0645512101
1460.6200000000	0.0650858147
1460.6300000000	0.0662249367
1460.6400000000	0.0676187828
1460.6500000000	0.0693066379
1460.6600000000	0.0710163459
1460.6700000000	0.0729844330
1460.6800000000	0.0744270738
1460.6900000000	0.0755036550
1460.7000000000	0.0761109190
1460.7100000000	0.0762211145
1460.7200000000	0.0757290358
1460.7300000000	0.0746851324
1460.7400000000	0.0732560535
1460.7500000000	0.0716753019
1460.7600000000	0.0701479932
1460.7700000000	0.0689083227
1460.7800000000	0.0682415623
1460.7900000000	0.0681570600
1460.8000000000	0.0685386854
1460.8100000000	0.0694927698
1460.8200000000	0.0711491767
1460.8300000000	0.0731179293
1460.8400000000	0.0750411669
1460.8500000000	0.0770647155
1460.8600000000	0.0788078059
1460.8700000000	0.0802315561
1460.8800000000	0.0809877952
1460.8900000000	0.0809139736
1460.9000000000	0.0805409086
1460.9100000000	0.0790006259
1460.9200000000	0.0768170294
1460.9300000000	0.0748971888
1460.9400000000	0.0728512478
1460.9500000000	0.0712590040
1460.9600000000	0.0703346753
1460.9700000000	0.0698548688
1460.9800000000	0.0700399398
1460.9900000000	0.0703690826
1461.0000000000	0.0707799416
1461.0100000000	0.0712018415
1461.0200000000	0.0716160742
1461.0300000000	0.0720034914
1461.0400000000	0.0723523203
1461.0500000000	0.0726172144
1461.0600000000	0.0727797081
1461.0700000000	0.0724246930
1461.0800000000	0.0708542180
1461.0900000000	0.0697142130
1461.1000000000	0.0690722031
1461.1100000000	0.0684175617
1461.1200000000	0.0680097987
1461.1300000000	0.0678959298
1461.1400000000	0.0684555734
1461.1500000000	0.0693112046
1461.1600000000	0.0702755727
1461.1700000000	0.0713471350
1461.1800000000	0.0720968957
1461.1900000000	0.0728135754
1461.2000000000	0.0733715239
1461.2100000000	0.0731353609
1461.2200000000	0.0725801962
1461.2300000000	0.0714085570
1461.2400000000	0.0698416877
1461.2500000000	0.0682141419
1461.2600000000	0.0662118582
1461.2700000000	0.0640984188
1461.2800000000	0.0626205270
1461.2900000000	0.0615257729
1461.3000000000	0.0609886933
1461.3100000000	0.0612979604
1461.3200000000	0.0617373448
1461.3300000000	0.0629663750
1461.3400000000	0.0644361945
1461.3500000000	0.0657105903
1461.3600000000	0.0674641069
1461.3700000000	0.0689247409
1461.3800000000	0.0699900284
1461.3900000000	0.0709149923
1461.4000000000	0.0712577984
1461.4100000000	0.0713978658
1461.4200000000	0.0711383660
1461.4300000000	0.0701494409
1461.4400000000	0.0692956828
1461.4500000000	0.0685083334
1461.4600000000	0.0678101275
1461.4700000000	0.0678133939
1461.4800000000	0.0680840458
1461.4900000000	0.0685148095
1461.5000000000	0.0692836736
1461.5100000000	0.0700539360
1461.5200000000	0.0709546752
1461.5300000000	0.0719211508
1461.5400000000	0.0724917858
1461.5500000000	0.0729995288
1461.5600000000	0.0732751479
1461.5700000000	0.0732228177
1461.5800000000	0.0730292189
1461.5900000000	0.0725228839
1461.6000000000	0.0719042192
1461.6100000000	0.0713104582
1461.6200000000	0.0709349382
1461.6300000000	0.0713515155
1461.6400000000	0.0723110673
1461.6500000000	0.0736154014
1461.6600000000	0.0755237225
1461.6700000000	0.0772635555
1461.6800000000	0.0792766961
1461.6900000000	0.0811031819
1461.7000000000	0.0823052770
1461.7100000000	0.0831278157
1461.7200000000	0.0834399901
1461.7300000000	0.0831134764
1461.7400000000	0.0824914348
1461.7500000000	0.0813634025
1461.7600000000	0.0797762263
1461.7700000000	0.0779959206
1461.7800000000	0.0759978556
1461.7900000000	0.0744997840
1461.8000000000	0.0737085470
1461.8100000000	0.0731732016
1461.8200000000	0.0732757799
1461.8300000000	0.0737805983
1461.8400000000	0.0746255404
1461.8500000000	0.0758009861
1461.8600000000	0.0768351803
1461.8700000000	0.0777781438
1461.8800000000	0.0783898036
1461.8900000000	0.0784832020
1461.9000000000	0.0784036638
1461.9100000000	0.0778341640
1461.9200000000	0.0767552472
1461.9300000000	0.0752228845
1461.9400000000	0.0737871283
1461.9500000000	0.0726285272
1461.9600000000	0.0716191280
1461.9700000000	0.0710714347
1461.9800000000	0.0709308370
1461.9900000000	0.0710252578
1462.0000000000	0.0715863465
1462.0100000000	0.0721708330
1462.0200000000	0.0726850126
1462.0300000000	0.0732618572
1462.0400000000	0.0734867953
1462.0500000000	0.0730890516
1462.0600000000	0.0724485746
1462.0700000000	0.0715148420
1462.0800000000	0.0701468657
1462.0900000000	0.0682506649
1462.1000000000	0.0662698020
1462.1100000000	0.0644060689
1462.1200000000	0.0628412337
1462.1300000000	0.0617724093
1462.1400000000	0.0613127049
1462.1500000000	0.0615875704
1462.1600000000	0.0623289012
1462.1700000000	0.0633507443
1462.1800000000	0.0646566609
1462.1900000000	0.0659505621
1462.2000000000	0.0671098992
1462.2100000000	0.0681103501
1462.2200000000	0.0687068670
1462.2300000000	0.0689307185
1462.2400000000	0.0688455970
1462.2500000000	0.0681900957
1462.2600000000	0.0670018264
1462.2700000000	0.0653355293
1462.2800000000	0.0633794971
1462.2900000000	0.0616523757
1462.3000000000	0.0602057808
1462.3100000000	0.0592150670
1462.3200000000	0.0587138677
1462.3300000000	0.0586671861
1462.3400000000	0.0591987705
1462.3500000000	0.0600817064
1462.3600000000	0.0610565814
1462.3700000000	0.0621496637
1462.3800000000	0.0633455890
1462.3900000000	0.0645619973
1462.4000000000	0.0656784743
1462.4100000000	0.0665375542
1462.4200000000	0.0670399341
1462.4300000000	0.0671150611
1462.4400000000	0.0668216929
1462.4500000000	0.0663926562
1462.4600000000	0.0659836537
1462.4700000000	0.0657978667
1462.4800000000	0.0658977756
1462.4900000000	0.0664324814
1462.5000000000	0.0675272322
1462.5100000000	0.0689415478
1462.5200000000	0.0704819136
1462.5300000000	0.0719983904
1462.5400000000	0.0732740933
1462.5500000000	0.0742369026
1462.5600000000	0.0749624151
1462.5700000000	0.0754024237
1462.5800000000	0.0753847099
1462.5900000000	0.0750820183
1462.6000000000	0.0743980076
1462.6100000000	0.0734914865
1462.6200000000	0.0725648856
1462.6300000000	0.0717043137
1462.6400000000	0.0713068220
1462.6500000000	0.0715295679
1462.6600000000	0.0722534529
1462.6700000000	0.0733461508
1462.6800000000	0.0749387861
1462.6900000000	0.0767410484
1462.7000000000	0.0784530098
1462.7100000000	0.0799840489
1462.7200000000	0.0810352464
1462.7300000000	0.0815987449
1462.7400000000	0.0817246060
1462.7500000000	0.0812937004
1462.7600000000	0.0803408859
1462.7700000000	0.0786160143
1462.7800000000	0.0763671342
1462.7900000000	0.0740483131
1462.8000000000	0.0717893430
1462.8100000000	0.0698891495
1462.8200000000	0.0686618194
1462.8300000000	0.0680982376
1462.8400000000	0.0682134523
1462.8500000000	0.0688267032
1462.8600000000	0.0698685006
1462.8700000000	0.0710884528
1462.8800000000	0.0724288723
1462.8900000000	0.0735304493
1462.9000000000	0.0744255743
1462.9100000000	0.0752181187
1462.9200000000	0.0758488294
1462.9300000000	0.0759188581
1462.9400000000	0.0755096039
1462.9500000000	0.0750363123
1462.9600000000	0.0743097044
1462.9700000000	0.0733402379
1462.9800000000	0.0726041780
1462.9900000000	0.0721692711
1463.0000000000	0.0721261387
1463.0100000000	0.0724307524
1463.0200000000	0.0728877922
1463.0300000000	0.0734211692
1463.0400000000	0.0735863080
1463.0500000000	0.0734344218
1463.0600000000	0.0731955647
1463.0700000000	0.0727564616
1463.0800000000	0.0719121992
1463.0900000000	0.0708192837
1463.1000000000	0.0693386415
1463.1100000000	0.0675042400
1463.1200000000	0.0657758943
1463.1300000000	0.0642015852
1463.1400000000	0.0630335422
1463.1500000000	0.0622529269
1463.1600000000	0.0617978594
1463.1700000000	0.0618898963
1463.1800000000	0.0625933867
1463.1900000000	0.0636718200
1463.2000000000	0.0649954825
1463.2100000000	0.0661367565
1463.2200000000	0.0670395507
1463.2300000000	0.0676385057
1463.2400000000	0.0681971655
1463.2500000000	0.0687239795
1463.2600000000	0.0685786090
1463.2700000000	0.0678026390
1463.2800000000	0.0663899360
1463.2900000000	0.0646110266
1463.3000000000	0.0629135388
1463.3100000000	0.0614020901
1463.3200000000	0.0601738490
1463.3300000000	0.0593313592
1463.3400000000	0.0589498850
1463.3500000000	0.0591600250
1463.3600000000	0.0597391082
1463.3700000000	0.0604104143
1463.3800000000	0.0612138945
1463.3900000000	0.0621268751
1463.4000000000	0.0630367545
1463.4100000000	0.0639059862
1463.4200000000	0.0647556732
1463.4300000000	0.0653807611
1463.4400000000	0.0659243909
1463.4500000000	0.0661557373
1463.4600000000	0.0662521681
1463.4700000000	0.0661470091
1463.4800000000	0.0660856664
1463.4900000000	0.0661728740
1463.5000000000	0.0664078070
1463.5100000000	0.0670230941
1463.5200000000	0.0680227531
1463.5300000000	0.0692946836
1463.5400000000	0.0703101554
1463.5500000000	0.0710130118
1463.5600000000	0.0716940817
1463.5700000000	0.0720210288
1463.5800000000	0.0719753290
1463.5900000000	0.0714379165
1463.6000000000	0.0705079205
1463.6100000000	0.0693129223
1463.6200000000	0.0679247760
1463.6300000000	0.0666369052
1463.6400000000	0.0655183644
1463.6500000000	0.0645342811
1463.6600000000	0.0638348160
1463.6700000000	0.0636791124
1463.6800000000	0.0640536903
1463.6900000000	0.0650213922
1463.7000000000	0.0663184182
1463.7100000000	0.0676990636
1463.7200000000	0.0692549535
1463.7300000000	0.0706044471
1463.7400000000	0.0718126775
1463.7500000000	0.0732291661
1463.7600000000	0.0738396919
1463.7700000000	0.0741678014
1463.7800000000	0.0742305853
1463.7900000000	0.0736825671
1463.8000000000	0.0730318964
1463.8100000000	0.0721450819
1463.8200000000	0.0710840766
1463.8300000000	0.0703804231
1463.8400000000	0.0699008684
1463.8500000000	0.0696173575
1463.8600000000	0.0696519271
1463.8700000000	0.0696906718
1463.8800000000	0.0697777396
1463.8900000000	0.0700744463
1463.9000000000	0.0702480238
1463.9100000000	0.0703587575
1463.9200000000	0.0704277118
1463.9300000000	0.0701778416
1463.9400000000	0.0700958455
1463.9500000000	0.0696731061
1463.9600000000	0.0690421236
1463.9700000000	0.0687581941
1463.9800000000	0.0682593226
1463.9900000000	0.0682581485
1464.0000000000	0.0685668576
1464.0100000000	0.0691116610
1464.0200000000	0.0703274764
1464.0300000000	0.0714630006
1464.0400000000	0.0726210579
1464.0500000000	0.0739637249
1464.0600000000	0.0749428563
1464.0700000000	0.0756862719
1464.0800000000	0.0761464870
1464.0900000000	0.0758356747
1464.1000000000	0.0753287187
1464.1100000000	0.0744000794
1464.1200000000	0.0729334626
1464.1300000000	0.0715049153
1464.1400000000	0.0699114785
1464.1500000000	0.0682783875
1464.1600000000	0.0671312116
1464.1700000000	0.0664205810
1464.1800000000	0.0662729131
1464.1900000000	0.0668253681
1464.2000000000	0.0677981904
1464.2100000000	0.0689859013
1464.2200000000	0.0704155241
1464.2300000000	0.0720023395
1464.2400000000	0.0735248172
1464.2500000000	0.0747900964
1464.2600000000	0.0756341303
1464.2700000000	0.0762403110
1464.2800000000	0.0763957181
1464.2900000000	0.0761634799
1464.3000000000	0.0755793646
1464.3100000000	0.0748303138
1464.3200000000	0.0739346412
1464.3300000000	0.0730317322
1464.3400000000	0.0725669044
1464.3500000000	0.0724769947
1464.3600000000	0.0725846011
1464.3700000000	0.0729891255
1464.3800000000	0.0735999778
1464.3900000000	0.0741314758
1464.4000000000	0.0748288903
1464.4100000000	0.0752316701
1464.4200000000	0.0755782845
1464.4300000000	0.0759337298
1464.4400000000	0.0758402767
1464.4500000000	0.0756002531
1464.4600000000	0.0751261137
1464.4700000000	0.0743904312
1464.4800000000	0.0737305433
1464.4900000000	0.0729933421
1464.5000000000	0.0725011709
1464.5100000000	0.0727291126
1464.5200000000	0.0734630873
1464.5300000000	0.0744874269
1464.5400000000	0.0756932910
1464.5500000000	0.0769294515
1464.5600000000	0.0780631272
1464.5700000000	0.0789820029
1464.5800000000	0.0793973188
1464.5900000000	0.0795004948
1464.6000000000	0.0791781338
1464.6100000000	0.0783078716
1464.6200000000	0.0769818803
1464.6300000000	0.0752148926
1464.6400000000	0.0732581711
1464.6500000000	0.0710924627
1464.6600000000	0.0689081160
1464.6700000000	0.0672606962
1464.6800000000	0.0661644536
1464.6900000000	0.0656163241
1464.7000000000	0.0656837692
1464.7100000000	0.0661898620
1464.7200000000	0.0670483593
1464.7300000000	0.0681795968
1464.7400000000	0.0691397695
1464.7500000000	0.0702257489
1464.7600000000	0.0713440063
1464.7700000000	0.0722308949
1464.7800000000	0.0729935580
1464.7900000000	0.0736117687
1464.8000000000	0.0739020636
1464.8100000000	0.0739342795
1464.8200000000	0.0736357383
1464.8300000000	0.0732687559
1464.8400000000	0.0730032979
1464.8500000000	0.0727442329
1464.8600000000	0.0726470898
1464.8700000000	0.0728719441
1464.8800000000	0.0732641383
1464.8900000000	0.0736179464
1464.9000000000	0.0738707935
1464.9100000000	0.0741119772
1464.9200000000	0.0741342898
1464.9300000000	0.0738377334
1464.9400000000	0.0734643441
1464.9500000000	0.0730940301
1464.9600000000	0.0726083593
1464.9700000000	0.0720223102
1464.9800000000	0.0713117436
1464.9900000000	0.0705700999
1465.0000000000	0.0701006787
1465.0100000000	0.0698263261
1465.0200000000	0.0700543025
1465.0300000000	0.0705982839
1465.0400000000	0.0711606462
1465.0500000000	0.0720902766
1465.0600000000	0.0730225136
1465.0700000000	0.0736035352
1465.0800000000	0.0741412444
1465.0900000000	0.0743211103
1465.1000000000	0.0740093194
1465.1100000000	0.0733867502
1465.1200000000	0.0725203233
1465.1300000000	0.0713357065
1465.1400000000	0.0698837276
1465.1500000000	0.0683958765
1465.1600000000	0.0668319977
1465.1700000000	0.0654063060
1465.1800000000	0.0641325703
1465.1900000000	0.0632766057
1465.2000000000	0.0631004659
1465.2100000000	0.0633059577
1465.2200000000	0.0637141346
1465.2300000000	0.0642356841
1465.2400000000	0.0648994185
1465.2500000000	0.0655797229
1465.2600000000	0.0660097276
1465.2700000000	0.0663065124
1465.2800000000	0.0663253636
1465.2900000000	0.0663464721
1465.3000000000	0.0660563411
1465.3100000000	0.0656288654
1465.3200000000	0.0651861822
1465.3300000000	0.0647434991
1465.3400000000	0.0646295213
1465.3500000000	0.0649487840
1465.3600000000	0.0657135370
1465.3700000000	0.0668726342
1465.3800000000	0.0681177407
1465.3900000000	0.0694410410
1465.4000000000	0.0708618573
1465.4100000000	0.0719872413
1465.4200000000	0.0725947446
1465.4300000000	0.0727722290
1465.4400000000	0.0726485796
1465.4500000000	0.0721048079
1465.4600000000	0.0710534285
1465.4700000000	0.0700564625
1465.4800000000	0.0690499023
1465.4900000000	0.0678161644
1465.5000000000	0.0666058847
1465.5100000000	0.0660032293
1465.5200000000	0.0659546294
1465.5300000000	0.0665357585
1465.5400000000	0.0675836099
1465.5500000000	0.0693596969
1465.5600000000	0.0717260531
1465.5700000000	0.0740609859
1465.5800000000	0.0765401954
1465.5900000000	0.0789302451
1465.6000000000	0.0808299594
1465.6100000000	0.0821937138
1465.6200000000	0.0827092434
1465.6300000000	0.0825415178
1465.6400000000	0.0818310592
1465.6500000000	0.0803636993
1465.6600000000	0.0783872500
1465.6700000000	0.0763468282
1465.6800000000	0.0745207311
1465.6900000000	0.0732291262
1465.7000000000	0.0724274474
1465.7100000000	0.0722948447
1465.7200000000	0.0727150204
1465.7300000000	0.0732414690
1465.7400000000	0.0738859012
1465.7500000000	0.0745750871
1465.7600000000	0.0750468063
1465.7700000000	0.0753562304
1465.7800000000	0.0754359935
1465.7900000000	0.0754590274
1465.8000000000	0.0753417865
1465.8100000000	0.0748353026
1465.8200000000	0.0739902106
1465.8300000000	0.0729939542
1465.8400000000	0.0718792739
1465.8500000000	0.0707929255
1465.8600000000	0.0700310028
1465.8700000000	0.0696547100
1465.8800000000	0.0696987784
1465.8900000000	0.0700959430
1465.9000000000	0.0708023426
1465.9100000000	0.0715256445
1465.9200000000	0.0721096452
1465.9300000000	0.0721822726
1465.9400000000	0.0719474617
1465.9500000000	0.0711774821
1465.9600000000	0.0699545041
1465.9700000000	0.0686425046
1465.9800000000	0.0671050366
1465.9900000000	0.0654040590
1466.0000000000	0.0638377802
1466.0100000000	0.0622430243
1466.0200000000	0.0611294545
1466.0300000000	0.0604525181
1466.0400000000	0.0602046323
1466.0500000000	0.0605451518
1466.0600000000	0.0616288855
1466.0700000000	0.0631882246
1466.0800000000	0.0650723591
1466.0900000000	0.0671324834
1466.1000000000	0.0687194336
1466.1100000000	0.0700196251
1466.1200000000	0.0708498398
1466.1300000000	0.0710305149
1466.1400000000	0.0709516327
1466.1500000000	0.0701702269
1466.1600000000	0.0687446662
1466.1700000000	0.0671039597
1466.1800000000	0.0652277181
1466.1900000000	0.0634222606
1466.2000000000	0.0619606320
1466.2100000000	0.0609065281
1466.2200000000	0.0604409100
1466.2300000000	0.0604699017
1466.2400000000	0.0608444790
1466.2500000000	0.0616513435
1466.2600000000	0.0625551928
1466.2700000000	0.0633339028
1466.2800000000	0.0639290809
1466.2900000000	0.0643664748
1466.3000000000	0.0647929944
1466.3100000000	0.0649954891
1466.3200000000	0.0647627143
1466.3300000000	0.0644051589
1466.3400000000	0.0638958311
1466.3500000000	0.0632196413
1466.3600000000	0.0627425422
1466.3700000000	0.0625309560
1466.3800000000	0.0626017341
1466.3900000000	0.0628910874
1466.4000000000	0.0632523260
1466.4100000000	0.0638350952
1466.4200000000	0.0643032303
1466.4300000000	0.0644817823
1466.4400000000	0.0646921068
1466.4500000000	0.0644073431
1466.4600000000	0.0638884867
1466.4700000000	0.0632179452
1466.4800000000	0.0620274671
1466.4900000000	0.0608716034
1466.5000000000	0.0597642281
1466.5100000000	0.0583546547
1466.5200000000	0.0572997977
1466.5300000000	0.0566443942
1466.5400000000	0.0564044244
1466.5500000000	0.0566938451
1466.5600000000	0.0576596549
1466.5700000000	0.0593719090
1466.5800000000	0.0617226236
1466.5900000000	0.0643033667
1466.6000000000	0.0669175099
1466.6100000000	0.0695444176
1466.6200000000	0.0719038168
1466.6300000000	0.0735868384
1466.6400000000	0.0747237788
1466.6500000000	0.0753449792
1466.6600000000	0.0751817317
1466.6700000000	0.0745021042
1466.6800000000	0.0735165378
1466.6900000000	0.0723780432
1466.7000000000	0.0711681590
1466.7100000000	0.0702525029
1466.7200000000	0.0696436531
1466.7300000000	0.0693704323
1466.7400000000	0.0694989357
1466.7500000000	0.0700383516
1466.7600000000	0.0708744533
1466.7700000000	0.0717785463
1466.7800000000	0.0726106307
1466.7900000000	0.0734152851
1466.8000000000	0.0741650610
1466.8100000000	0.0745865347
1466.8200000000	0.0747909227
1466.8300000000	0.0748843981
1466.8400000000	0.0746292712
1466.8500000000	0.0741078353
1466.8600000000	0.0736307203
1466.8700000000	0.0732370529
1466.8800000000	0.0730368236
1466.8900000000	0.0731422981
1466.9000000000	0.0735926086
1466.9100000000	0.0744492925
1466.9200000000	0.0754760836
1466.9300000000	0.0764873388
1466.9400000000	0.0773155872
1466.9500000000	0.0778669980
1466.9600000000	0.0782194928
1466.9700000000	0.0782920203
1466.9800000000	0.0780148366
1466.9900000000	0.0774934766
1467.0000000000	0.0766672867
1467.0100000000	0.0754226755
1467.0200000000	0.0740015804
1467.0300000000	0.0724820323
1467.0400000000	0.0709615418
1467.0500000000	0.0699979586
1467.0600000000	0.0697304827
1467.0700000000	0.0704419392
1467.0800000000	0.0717491546
1467.0900000000	0.0730378462
1467.1000000000	0.0745163717
1467.1100000000	0.0759744233
1467.1200000000	0.0772685341
1467.1300000000	0.0783798360
1467.1400000000	0.0790093812
1467.1500000000	0.0796365006
1467.1600000000	0.0798179391
1467.1700000000	0.0793619012
1467.1800000000	0.0787755203
1467.1900000000	0.0780026332
1467.2000000000	0.0770742214
1467.2100000000	0.0764197418
1467.2200000000	0.0755500223
1467.2300000000	0.0750198438
1467.2400000000	0.0749930452
1467.2500000000	0.0750619365
1467.2600000000	0.0756324742
1467.2700000000	0.0762643208
1467.2800000000	0.0764874042
1467.2900000000	0.0766573346
1467.3000000000	0.0763567727
1467.3100000000	0.0757402723
1467.3200000000	0.0750479024
1467.3300000000	0.0738717054
1467.3400000000	0.0725785859
1467.3500000000	0.0713418473
1467.3600000000	0.0699086582
1467.3700000000	0.0688466211
1467.3800000000	0.0676732668
1467.3900000000	0.0668955100
1467.4000000000	0.0668598628
1467.4100000000	0.0667752119
1467.4200000000	0.0675749565
1467.4300000000	0.0689299434
1467.4400000000	0.0698767215
1467.4500000000	0.0710619449
1467.4600000000	0.0721743299
1467.4700000000	0.0729927201
1467.4800000000	0.0736514187
1467.4900000000	0.0738806411
1467.5000000000	0.0737381486
1467.5100000000	0.0736314281
1467.5200000000	0.0731387229
1467.5300000000	0.0725777198
1467.5400000000	0.0722055056
1467.5500000000	0.0714895539
1467.5600000000	0.0710380991
1467.5700000000	0.0710576428
1467.5800000000	0.0715279895
1467.5900000000	0.0724997280
1467.6000000000	0.0735107130
1467.6100000000	0.0748285018
1467.6200000000	0.0761493540
1467.6300000000	0.0771606514
1467.6400000000	0.0781795844
1467.6500000000	0.0789628823
1467.6600000000	0.0792901139
1467.6700000000	0.0793578190
1467.6800000000	0.0791258587
1467.6900000000	0.0787071044
1467.7000000000	0.0782577497
1467.7100000000	0.0776494740
1467.7200000000	0.0767175189
1467.7300000000	0.0761510892
1467.7400000000	0.0757970886
1467.7500000000	0.0759337328
1467.7600000000	0.0766579695
1467.7700000000	0.0772595068
1467.7800000000	0.0780531218
1467.7900000000	0.0786981243
1467.8000000000	0.0790862726
1467.8100000000	0.0791530263
1467.8200000000	0.0786836924
1467.8300000000	0.0780782171
1467.8400000000	0.0773997722
1467.8500000000	0.0764669879
1467.8600000000	0.0754245379
1467.8700000000	0.0742789772
1467.8800000000	0.0731911280
1467.8900000000	0.0722552120
1467.9000000000	0.0716742679
1467.9100000000	0.0715440481
1467.9200000000	0.0717695243
1467.9300000000	0.0725267917
1467.9400000000	0.0734139873
1467.9500000000	0.0742640923
1467.9600000000	0.0751654223
1467.9700000000	0.0760466923
1467.9800000000	0.0764975605
1467.9900000000	0.0762926800
1468.0000000000	0.0757198855
1468.0100000000	0.0746690398
1468.0200000000	0.0733310336
1468.0300000000	0.0716580942
1468.0400000000	0.0698341066
1468.0500000000	0.0681242464
1468.0600000000	0.0664407449
1468.0700000000	0.0653128118
1468.0800000000	0.0647535051
1468.0900000000	0.0648753687
1468.1000000000	0.0653640387
1468.1100000000	0.0661820044
1468.1200000000	0.0674139958
1468.1300000000	0.0686789652
1468.1400000000	0.0701574188
1468.1500000000	0.0714226490
1468.1600000000	0.0722922359
1468.1700000000	0.0729934647
1468.1800000000	0.0734196532
1468.1900000000	0.0735052163
1468.2000000000	0.0734420591
1468.2100000000	0.0730983185
1468.2200000000	0.0724417655
1468.2300000000	0.0714986367
1468.2400000000	0.0706508188
1468.2500000000	0.0699317975
1468.2600000000	0.0696617144
1468.2700000000	0.0695006311
1468.2800000000	0.0695156488
1468.2900000000	0.0697228315
1468.3000000000	0.0698025265
1468.3100000000	0.0695728689
1468.3200000000	0.0692417697
1468.3300000000	0.0686357891
1468.3400000000	0.0678031510
1468.3500000000	0.0668430727
1468.3600000000	0.0658529113
1468.3700000000	0.0648566346
1468.3800000000	0.0637194058
1468.3900000000	0.0627168755
1468.4000000000	0.0618490303
1468.4100000000	0.0610658185
1468.4200000000	0.0608343956
1468.4300000000	0.0609021933
1468.4400000000	0.0613673448
1468.4500000000	0.0621122857
1468.4600000000	0.0630602821
1468.4700000000	0.0640267774
1468.4800000000	0.0649254506
1468.4900000000	0.0656492900
1468.5000000000	0.0661421238
1468.5100000000	0.0660895923
1468.5200000000	0.0657672271
1468.5300000000	0.0652858576
1468.5400000000	0.0645587536
1468.5500000000	0.0635068979
1468.5600000000	0.0623798858
1468.5700000000	0.0613670537
1468.5800000000	0.0605751639
1468.5900000000	0.0600886943
1468.6000000000	0.0599953697
1468.6100000000	0.0601647131
1468.6200000000	0.0605321546
1468.6300000000	0.0610930646
1468.6400000000	0.0617727950
1468.6500000000	0.0625624581
1468.6600000000	0.0631103907
1468.6700000000	0.0634576820
1468.6800000000	0.0638490038
1468.6900000000	0.0641823106
1468.7000000000	0.0643304345
1468.7100000000	0.0644492371
1468.7200000000	0.0643847807
1468.7300000000	0.0642803789
1468.7400000000	0.0643110252
1468.7500000000	0.0644743219
1468.7600000000	0.0648772718
1468.7700000000	0.0655913997
1468.7800000000	0.0664557237
1468.7900000000	0.0674253885
1468.8000000000	0.0684565792
1468.8100000000	0.0693826383
1468.8200000000	0.0700077083
1468.8300000000	0.0702027398
1468.8400000000	0.0699795370
1468.8500000000	0.0693476974
1468.8600000000	0.0685575088
1468.8700000000	0.0676611178
1468.8800000000	0.0665625857
1468.8900000000	0.0655032054
1468.9000000000	0.0647077373
1468.9100000000	0.0640751353
1468.9200000000	0.0638656182
1468.9300000000	0.0640793068
1468.9400000000	0.0647592815
1468.9500000000	0.0661724842
1468.9600000000	0.0678237461
1468.9700000000	0.0697045781
1468.9800000000	0.0716127366
1468.9900000000	0.0731606666
1469.0000000000	0.0744290149
1469.0100000000	0.0749982626
1469.0200000000	0.0749354222
1469.0300000000	0.0749032062
1469.0400000000	0.0745564111
1469.0500000000	0.0734923413
1469.0600000000	0.0724626504
1469.0700000000	0.0712313948
1469.0800000000	0.0700950242
1469.0900000000	0.0692749974
1469.1000000000	0.0688118458
1469.1100000000	0.0692503527
1469.1200000000	0.0697181764
1469.1300000000	0.0706920233
1469.1400000000	0.0718800418
1469.1500000000	0.0731313210
1469.1600000000	0.0744788586
1469.1700000000	0.0754768507
1469.1800000000	0.0762509948
1469.1900000000	0.0766945748
1469.2000000000	0.0766773073
1469.2100000000	0.0765451134
1469.2200000000	0.0760992870
1469.2300000000	0.0751842034
1469.2400000000	0.0742199465
1469.2500000000	0.0733392332
1469.2600000000	0.0728543198
1469.2700000000	0.0726414258
1469.2800000000	0.0729051682
1469.2900000000	0.0734623795
1469.3000000000	0.0743665878
1469.3100000000	0.0754695538
1469.3200000000	0.0764089619
1469.3300000000	0.0771336358
1469.3400000000	0.0774982194
1469.3500000000	0.0773751245
1469.3600000000	0.0769400505
1469.3700000000	0.0761303816
1469.3800000000	0.0749653900
1469.3900000000	0.0736156067
1469.4000000000	0.0720909757
1469.4100000000	0.0704410257
1469.4200000000	0.0689418721
1469.4300000000	0.0677514926
1469.4400000000	0.0669205387
1469.4500000000	0.0667246059
1469.4600000000	0.0671494653
1469.4700000000	0.0680405689
1469.4800000000	0.0694693023
1469.4900000000	0.0709861369
1469.5000000000	0.0723997269
1469.5100000000	0.0733299801
1469.5200000000	0.0738900234
1469.5300000000	0.0742773144
1469.5400000000	0.0741952904
1469.5500000000	0.0736709829
1469.5600000000	0.0727965395
1469.5700000000	0.0714184103
1469.5800000000	0.0698918616
1469.5900000000	0.0683436530
1469.6000000000	0.0668156568
1469.6100000000	0.0655614939
1469.6200000000	0.0646089851
1469.6300000000	0.0639852281
1469.6400000000	0.0641474232
1469.6500000000	0.0651122126
1469.6600000000	0.0664483473
1469.6700000000	0.0680422514
1469.6800000000	0.0692972952
1469.6900000000	0.0702377647
1469.7000000000	0.0711615877
1469.7100000000	0.0718026611
1469.7200000000	0.0724812429
1469.7300000000	0.0728220565
1469.7400000000	0.0729316701
1469.7500000000	0.0729692377
1469.7600000000	0.0728815944
1469.7700000000	0.0728258601
1469.7800000000	0.0729574417
1469.7900000000	0.0733133041
1469.8000000000	0.0739479175
1469.8100000000	0.0749215589
1469.8200000000	0.0759561951
1469.8300000000	0.0769098980
1469.8400000000	0.0777400280
1469.8500000000	0.0782725692
1469.8600000000	0.0784870974
1469.8700000000	0.0785053291
1469.8800000000	0.0779540692
1469.8900000000	0.0771487354
1469.9000000000	0.0761592379
1469.9100000000	0.0748155122
1469.9200000000	0.0734987102
1469.9300000000	0.0722844848
1469.9400000000	0.0711701788
1469.9500000000	0.0703811038
1469.9600000000	0.0701673204
1469.9700000000	0.0701822119
1469.9800000000	0.0708491089
1469.9900000000	0.0719148188
1470.0000000000	0.0731441222
1470.0100000000	0.0743043391
1470.0200000000	0.0751463359
1470.0300000000	0.0760589449
1470.0400000000	0.0764223922
1470.0500000000	0.0762787968
1470.0600000000	0.0760247128
1470.0700000000	0.0752047500
1470.0800000000	0.0741100472
1470.0900000000	0.0731012170
1470.1000000000	0.0718687278
1470.1100000000	0.0708136576
1470.1200000000	0.0699139576
1470.1300000000	0.0689101411
1470.1400000000	0.0686829560
1470.1500000000	0.0688866580
1470.1600000000	0.0690080915
1470.1700000000	0.0698455488
1470.1800000000	0.0705487041
1470.1900000000	0.0709233136
1470.2000000000	0.0715257428
1470.2100000000	0.0716292112
1470.2200000000	0.0718413107
1470.2300000000	0.0717326789
1470.2400000000	0.0711620075
1470.2500000000	0.0706918804
1470.2600000000	0.0701656795
1470.2700000000	0.0695823629
1470.2800000000	0.0691328685
1470.2900000000	0.0686052989
1470.3000000000	0.0685058048
1470.3100000000	0.0689576908
1470.3200000000	0.0694999741
1470.3300000000	0.0701621037
1470.3400000000	0.0709866844
1470.3500000000	0.0715754914
1470.3600000000	0.0721500238
1470.3700000000	0.0723362628
1470.3800000000	0.0721408526
1470.3900000000	0.0717564562
1470.4000000000	0.0708333221
1470.4100000000	0.0695331431
1470.4200000000	0.0681902275
1470.4300000000	0.0666558681
1470.4400000000	0.0653359020
1470.4500000000	0.0640837237
1470.4600000000	0.0632719350
1470.4700000000	0.0626999290
1470.4800000000	0.0624915501
1470.4900000000	0.0628263418
1470.5000000000	0.0632243461
1470.5100000000	0.0639423700
1470.5200000000	0.0650518815
1470.5300000000	0.0660169024
1470.5400000000	0.0669535225
1470.5500000000	0.0677326259
1470.5600000000	0.0681729703
1470.5700000000	0.0683996469
1470.5800000000	0.0684002065
1470.5900000000	0.0679581541
1470.6000000000	0.0673160288
1470.6100000000	0.0665987382
1470.6200000000	0.0656907182
1470.6300000000	0.0651045536
1470.6400000000	0.0644992480
1470.6500000000	0.0640839121
1470.6600000000	0.0642140311
1470.6700000000	0.0645226741
1470.6800000000	0.0649032721
1470.6900000000	0.0653720539
1470.7000000000	0.0658425499
1470.7100000000	0.0661028319
1470.7200000000	0.0662769505
1470.7300000000	0.0669014855
1470.7400000000	0.0677493533
1470.7500000000	0.0683863814
1470.7600000000	0.0687866117
1470.7700000000	0.0690416588
1470.7800000000	0.0692345788
1470.7900000000	0.0693029906
1470.8000000000	0.0695638686
1470.8100000000	0.0701846169
1470.8200000000	0.0710105249
1470.8300000000	0.0721689473
1470.8400000000	0.0735614447
1470.8500000000	0.0748996608
1470.8600000000	0.0761117641
1470.8700000000	0.0769886321
1470.8800000000	0.0775202627
1470.8900000000	0.0777048211
1470.9000000000	0.0772923084
1470.9100000000	0.0764194371
1470.9200000000	0.0752661508
1470.9300000000	0.0739147312
1470.9400000000	0.0723657865
1470.9500000000	0.0707163126
1470.9600000000	0.0692853840
1470.9700000000	0.0680845144
1470.9800000000	0.0672072002
1470.9900000000	0.0668765055
1471.0000000000	0.0669303209
1471.0100000000	0.0673867040
1471.0200000000	0.0681655377
1471.0300000000	0.0688372919
1471.0400000000	0.0695418390
1471.0500000000	0.0702693629
1471.0600000000	0.0706066105
1471.0700000000	0.0706805586
1471.0800000000	0.0705573622
1471.0900000000	0.0702214619
1471.1000000000	0.0700431065
1471.1100000000	0.0695750638
1471.1200000000	0.0688453641
1471.1300000000	0.0680795509
1471.1400000000	0.0671986647
1471.1500000000	0.0664063224
1471.1600000000	0.0659631060
1471.1700000000	0.0656435929
1471.1800000000	0.0654774537
1471.1900000000	0.0655165924
1471.2000000000	0.0656233449
1471.2100000000	0.0656011986
1471.2200000000	0.0653107819
1471.2300000000	0.0649337244
1471.2400000000	0.0643406902
1471.2500000000	0.0634905168
1471.2600000000	0.0625085915
1471.2700000000	0.0614411552
1471.2800000000	0.0604726223
1471.2900000000	0.0595590431
1471.3000000000	0.0586094724
1471.3100000000	0.0579348934
1471.3200000000	0.0575348054
1471.3300000000	0.0573228443
1471.3400000000	0.0576734649
1471.3500000000	0.0582695395
1471.3600000000	0.0590830133
1471.3700000000	0.0600101963
1471.3800000000	0.0609106420
1471.3900000000	0.0616858906
1471.4000000000	0.0620471674
1471.4100000000	0.0618952087
1471.4200000000	0.0613690960
1471.4300000000	0.0603871247
1471.4400000000	0.0591987687
1471.4500000000	0.0577939534
1471.4600000000	0.0560388118
1471.4700000000	0.0543857786
1471.4800000000	0.0528604730
1471.4900000000	0.0514560750
1471.5000000000	0.0504445669
1471.5100000000	0.0498693149
1471.5200000000	0.0497596557
1471.5300000000	0.0497579367
1471.5400000000	0.0498415433
1471.5500000000	0.0503634781
1471.5600000000	0.0509221054
1471.5700000000	0.0514743658
1471.5800000000	0.0522058610
1471.5900000000	0.0527253206
1471.6000000000	0.0530662629
1471.6100000000	0.0533393031
1471.6200000000	0.0532692637
1471.6300000000	0.0529925487
1471.6400000000	0.0524822949
1471.6500000000	0.0520118431
1471.6600000000	0.0518335345
1471.6700000000	0.0516783127
1471.6800000000	0.0517354287
1471.6900000000	0.0519459347
1471.7000000000	0.0522166641
1471.7100000000	0.0526339533
1471.7200000000	0.0528954327
1471.7300000000	0.0532511770
1471.7400000000	0.0536190354
1471.7500000000	0.0536890264
1471.7600000000	0.0538601126
1471.7700000000	0.0539292596
1471.7800000000	0.0537758577
1471.7900000000	0.0537114376
1471.8000000000	0.0536387524
1471.8100000000	0.0535066182
1471.8200000000	0.0535424994
1471.8300000000	0.0535852522
1471.8400000000	0.0538960642
1471.8500000000	0.0544542137
1471.8600000000	0.0552087835
1471.8700000000	0.0562019230
1471.8800000000	0.0572266569
1471.8900000000	0.0582642982
1471.9000000000	0.0594069917
1471.9100000000	0.0603614011
1471.9200000000	0.0610656697
1471.9300000000	0.0616052456
1471.9400000000	0.0619081340
1471.9500000000	0.0619124293
1471.9600000000	0.0616179105
1471.9700000000	0.0611239735
1471.9800000000	0.0603337260
1471.9900000000	0.0594159925
1472.0000000000	0.0586361699
1472.0100000000	0.0579374130
1472.0200000000	0.0573299966
1472.0300000000	0.0569643788
1472.0400000000	0.0567519703
1472.0500000000	0.0567179863
1472.0600000000	0.0568729169
1472.0700000000	0.0569607863
1472.0800000000	0.0572127820
1472.0900000000	0.0573690554
1472.1000000000	0.0574109658
1472.1100000000	0.0577427194
1472.1200000000	0.0579949246
1472.1300000000	0.0581010042
1472.1400000000	0.0580420285
1472.1500000000	0.0577320277
1472.1600000000	0.0574978497
1472.1700000000	0.0571002345
1472.1800000000	0.0568728583
1472.1900000000	0.0570014978
1472.2000000000	0.0569228405
1472.2100000000	0.0571535433
1472.2200000000	0.0575092031
1472.2300000000	0.0576200458
1472.2400000000	0.0578233430
1472.2500000000	0.0578260627
1472.2600000000	0.0576051680
1472.2700000000	0.0573693207
1472.2800000000	0.0569411993
1472.2900000000	0.0564378513
1472.3000000000	0.0558565327
1472.3100000000	0.0549786717
1472.3200000000	0.0540901608
1472.3300000000	0.0532005719
1472.3400000000	0.0524107453
1472.3500000000	0.0522102493
1472.3600000000	0.0526307674
1472.3700000000	0.0533293520
1472.3800000000	0.0540223013
1472.3900000000	0.0547206147
1472.4000000000	0.0555148891
1472.4100000000	0.0561982500
1472.4200000000	0.0568279834
1472.4300000000	0.0573187097
1472.4400000000	0.0575721364
1472.4500000000	0.0577291565
1472.4600000000	0.0577228813
1472.4700000000	0.0576532984
1472.4800000000	0.0574466285
1472.4900000000	0.0569939611
1472.5000000000	0.0565426822
1472.5100000000	0.0561212562
1472.5200000000	0.0555729451
1472.5300000000	0.0551798274
1472.5400000000	0.0549161081
1472.5500000000	0.0546801239
1472.5600000000	0.0546452913
1472.5700000000	0.0545637327
1472.5800000000	0.0546073195
1472.5900000000	0.0546545063
1472.6000000000	0.0544417541
1472.6100000000	0.0543404458
1472.6200000000	0.0541318699
1472.6300000000	0.0539998462
1472.6400000000	0.0541262910
1472.6500000000	0.0537694859
1472.6600000000	0.0535401911
1472.6700000000	0.0535816362
1472.6800000000	0.0534288688
1472.6900000000	0.0536058334
1472.7000000000	0.0537229574
1472.7100000000	0.0537638971
1472.7200000000	0.0542515791
1472.7300000000	0.0544862390
1472.7400000000	0.0547698496
1472.7500000000	0.0551556635
1472.7600000000	0.0551229779
1472.7700000000	0.0550327322
1472.7800000000	0.0547372514
1472.7900000000	0.0544466245
1472.8000000000	0.0542660485
1472.8100000000	0.0537943656
1472.8200000000	0.0534159190
1472.8300000000	0.0531749694
1472.8400000000	0.0528029680
1472.8500000000	0.0528293371
1472.8600000000	0.0531087215
1472.8700000000	0.0535538379
1472.8800000000	0.0543469531
1472.8900000000	0.0554163872
1472.9000000000	0.0566021382
1472.9100000000	0.0579185123
1472.9200000000	0.0590579539
1472.9300000000	0.0600335363
1472.9400000000	0.0608138981
1472.9500000000	0.0612893241
1472.9600000000	0.0617018848
1472.9700000000	0.0617635611
1472.9800000000	0.0614112939
1472.9900000000	0.0608350401
1473.0000000000	0.0601886706
1473.0100000000	0.0594425671
1473.0200000000	0.0586115915
1473.0300000000	0.0579312826
1473.0400000000	0.0573205301
1473.0500000000	0.0567951496
1473.0600000000	0.0565609184
1473.0700000000	0.0564514577
1473.0800000000	0.0565105661
1473.0900000000	0.0565076521
1473.1000000000	0.0563309400
1473.1100000000	0.0563267559
1473.1200000000	0.0561346049
1473.1300000000	0.0560608386
1473.1400000000	0.0561223092
1473.1500000000	0.0556962554
1473.1600000000	0.0555626281
1473.1700000000	0.0556240239
1473.1800000000	0.0554577899
1473.1900000000	0.0556170146
1473.2000000000	0.0557607397
1473.2100000000	0.0558364958
1473.2200000000	0.0563482301
1473.2300000000	0.0565940432
1473.2400000000	0.0572167076
1473.2500000000	0.0578731224
1473.2600000000	0.0581336469
1473.2700000000	0.0584902097
1473.2800000000	0.0587076793
1473.2900000000	0.0585042991
1473.3000000000	0.0583638109
1473.3100000000	0.0578105042
1473.3200000000	0.0573319593
1473.3300000000	0.0567699920
1473.3400000000	0.0557944942
1473.3500000000	0.0552973595
1473.3600000000	0.0547864669
1473.3700000000	0.0541406547
1473.3800000000	0.0541813751
1473.3900000000	0.0541019533
1473.4000000000	0.0543737201
1473.4100000000	0.0551671052
1473.4200000000	0.0557685258
1473.4300000000	0.0566273851
1473.4400000000	0.0572675032
1473.4500000000	0.0577451637
1473.4600000000	0.0584880399
1473.4700000000	0.0590049590
1473.4800000000	0.0593196085
1473.4900000000	0.0596356201
1473.5000000000	0.0598165994
1473.5100000000	0.0598467450
1473.5200000000	0.0597810654
1473.5300000000	0.0594880841
1473.5400000000	0.0593461737
1473.5500000000	0.0591979870
1473.5600000000	0.0590550189
1473.5700000000	0.0591305290
1473.5800000000	0.0590568093
1473.5900000000	0.0591430456
1473.6000000000	0.0588512348
1473.6100000000	0.0583073815
1473.6200000000	0.0578577151
1473.6300000000	0.0572138593
1473.6400000000	0.0566345567
1473.6500000000	0.0560566987
1473.6600000000	0.0553355703
1473.6700000000	0.0547337550
1473.6800000000	0.0541259215
1473.6900000000	0.0537365064
1473.7000000000	0.0536982467
1473.7100000000	0.0538893287
1473.7200000000	0.0540898308
1473.7300000000	0.0545643375
1473.7400000000	0.0553749193
1473.7500000000	0.0562777304
1473.7600000000	0.0573124605
1473.7700000000	0.0585295832
1473.7800000000	0.0596582165
1473.7900000000	0.0602680166
1473.8000000000	0.0606485816
1473.8100000000	0.0606358307
1473.8200000000	0.0602812148
1473.8300000000	0.0595621911
1473.8400000000	0.0583941865
1473.8500000000	0.0572095178
1473.8600000000	0.0562325535
1473.8700000000	0.0551514808
1473.8800000000	0.0545792846
1473.8900000000	0.0541142268
1473.9000000000	0.0539620046
1473.9100000000	0.0543390414
1473.9200000000	0.0550066990
1473.9300000000	0.0558835314
1473.9400000000	0.0569478224
1473.9500000000	0.0579612485
1473.9600000000	0.0589663571
1473.9700000000	0.0597779298
1473.9800000000	0.0604188184
1473.9900000000	0.0609684135
1474.0000000000	0.0613032137
1474.0100000000	0.0613842130
1474.0200000000	0.0613365410
1474.0300000000	0.0610949204
1474.0400000000	0.0605979604
1474.0500000000	0.0599702634
1474.0600000000	0.0593841557
1474.0700000000	0.0588729770
1474.0800000000	0.0583742368
1474.0900000000	0.0584747335
1474.1000000000	0.0587305044
1474.1100000000	0.0588423840
1474.1200000000	0.0591203068
1474.1300000000	0.0591659587
1474.1400000000	0.0590987410
1474.1500000000	0.0590265395
1474.1600000000	0.0588141678
1474.1700000000	0.0586328692
1474.1800000000	0.0583187271
1474.1900000000	0.0578917876
1474.2000000000	0.0577560531
1474.2100000000	0.0575226586
1474.2200000000	0.0572230779
1474.2300000000	0.0572570425
1474.2400000000	0.0576496181
1474.2500000000	0.0583669141
1474.2600000000	0.0593204238
1474.2700000000	0.0603332877
1474.2800000000	0.0613573012
1474.2900000000	0.0621974634
1474.3000000000	0.0628826830
1474.3100000000	0.0634481282
1474.3200000000	0.0635359272
1474.3300000000	0.0634348061
1474.3400000000	0.0628052993
1474.3500000000	0.0618816327
1474.3600000000	0.0608638211
1474.3700000000	0.0596609556
1474.3800000000	0.0586367318
1474.3900000000	0.0577056815
1474.4000000000	0.0567174528
1474.4100000000	0.0564085777
1474.4200000000	0.0563784852
1474.4300000000	0.0565638873
1474.4400000000	0.0571770264
1474.4500000000	0.0580232326
1474.4600000000	0.0590774843
1474.4700000000	0.0601401508
1474.4800000000	0.0610778954
1474.4900000000	0.0618862467
1474.5000000000	0.0623933821
1474.5100000000	0.0625952871
1474.5200000000	0.0626356486
1474.5300000000	0.0626140546
1474.5400000000	0.0624229583
1474.5500000000	0.0622179963
1474.5600000000	0.0620116574
1474.5700000000	0.0618117548
1474.5800000000	0.0616868470
1474.5900000000	0.0617605302
1474.6000000000	0.0620154106
1474.6100000000	0.0622986230
1474.6200000000	0.0626427968
1474.6300000000	0.0627969067
1474.6400000000	0.0626627351
1474.6500000000	0.0624185578
1474.6600000000	0.0619888939
1474.6700000000	0.0612733009
1474.6800000000	0.0603588971
1474.6900000000	0.0593759647
1474.7000000000	0.0584380583
1474.7100000000	0.0574176052
1474.7200000000	0.0563792332
1474.7300000000	0.0555772834
1474.7400000000	0.0549125301
1474.7500000000	0.0546275444
1474.7600000000	0.0547957988
1474.7700000000	0.0554204611
1474.7800000000	0.0564248231
1474.7900000000	0.0576580677
1474.8000000000	0.0590825710
1474.8100000000	0.0605779938
1474.8200000000	0.0616337643
1474.8300000000	0.0626200680
1474.8400000000	0.0632544537
1474.8500000000	0.0632625982
1474.8600000000	0.0631563980
1474.8700000000	0.0628207938
1474.8800000000	0.0620564097
1474.8900000000	0.0611767602
1474.9000000000	0.0601133451
1474.9100000000	0.0593183590
1474.9200000000	0.0586906589
1474.9300000000	0.0582735148
1474.9400000000	0.0583271467
1474.9500000000	0.0588011731
1474.9600000000	0.0593790311
1474.9700000000	0.0601735878
1474.9800000000	0.0612032692
1474.9900000000	0.0622637925
1475.0000000000	0.0632020645
1475.0100000000	0.0638380941
1475.0200000000	0.0641786457
1475.0300000000	0.0643009184
1475.0400000000	0.0642248460
1475.0500000000	0.0639193679
1475.0600000000	0.0633894208
1475.0700000000	0.0628186707
1475.0800000000	0.0623341823
1475.0900000000	0.0619262066
1475.1000000000	0.0616609537
1475.1100000000	0.0617282652
1475.1200000000	0.0619927837
1475.1300000000	0.0623685699
1475.1400000000	0.0625388878
1475.1500000000	0.0628717562
1475.1600000000	0.0629931892
1475.1700000000	0.0627365533
1475.1800000000	0.0622412693
1475.1900000000	0.0614140673
1475.2000000000	0.0602437752
1475.2100000000	0.0588601279
1475.2200000000	0.0574274353
1475.2300000000	0.0560092619
1475.2400000000	0.0544377009
1475.2500000000	0.0529966157
1475.2600000000	0.0519105661
1475.2700000000	0.0510578945
1475.2800000000	0.0507241744
1475.2900000000	0.0508548988
1475.3000000000	0.0513467004
1475.3100000000	0.0521799205
1475.3200000000	0.0529366970
1475.3300000000	0.0539135046
1475.3400000000	0.0547144457
1475.3500000000	0.0552350403
1475.3600000000	0.0555387912
1475.3700000000	0.0556569538
1475.3800000000	0.0554371632
1475.3900000000	0.0553237114
1475.4000000000	0.0548754627
1475.4100000000	0.0542020592
1475.4200000000	0.0533495151
1475.4300000000	0.0524833405
1475.4400000000	0.0518976471
1475.4500000000	0.0515320399
1475.4600000000	0.0514306934
1475.4700000000	0.0517735094
1475.4800000000	0.0523477127
1475.4900000000	0.0531194570
1475.5000000000	0.0541065735
1475.5100000000	0.0551689032
1475.5200000000	0.0561065219
1475.5300000000	0.0569601842
1475.5400000000	0.0578298608
1475.5500000000	0.0584229084
1475.5600000000	0.0587793492
1475.5700000000	0.0590972967
1475.5800000000	0.0593347292
1475.5900000000	0.0593238274
1475.6000000000	0.0591895070
1475.6100000000	0.0592613814
1475.6200000000	0.0594634452
1475.6300000000	0.0597266629
1475.6400000000	0.0602220037
1475.6500000000	0.0608667726
1475.6600000000	0.0615352972
1475.6700000000	0.0622250112
1475.6800000000	0.0628192070
1475.6900000000	0.0632062504
1475.7000000000	0.0633361508
1475.7100000000	0.0631196070
1475.7200000000	0.0627171707
1475.7300000000	0.0621383184
1475.7400000000	0.0612116989
1475.7500000000	0.0602127460
1475.7600000000	0.0591423997
1475.7700000000	0.0581383125
1475.7800000000	0.0575880872
1475.7900000000	0.0571293481
1475.8000000000	0.0568147007
1475.8100000000	0.0572473393
1475.8200000000	0.0577306837
1475.8300000000	0.0584244747
1475.8400000000	0.0594501872
1475.8500000000	0.0603115514
1475.8600000000	0.0611037436
1475.8700000000	0.0615629833
1475.8800000000	0.0613643497
1475.8900000000	0.0616200709
1475.9000000000	0.0616137231
1475.9100000000	0.0609851864
1475.9200000000	0.0605304235
1475.9300000000	0.0597983419
1475.9400000000	0.0588392218
1475.9500000000	0.0581325986
1475.9600000000	0.0574150348
1475.9700000000	0.0570234894
1475.9800000000	0.0568425763
1475.9900000000	0.0567497333
1476.0000000000	0.0572089293
1476.0100000000	0.0576447541
1476.0200000000	0.0579458240
1476.0300000000	0.0585013668
1476.0400000000	0.0589656078
1476.0500000000	0.0590885196
1476.0600000000	0.0594284070
1476.0700000000	0.0595919828
1476.0800000000	0.0597752369
1476.0900000000	0.0599476347
1476.1000000000	0.0597414924
1476.1100000000	0.0598426968
1476.1200000000	0.0600410312
1476.1300000000	0.0601219838
1476.1400000000	0.0605450126
1476.1500000000	0.0612017896
1476.1600000000	0.0617374321
1476.1700000000	0.0624955473
1476.1800000000	0.0631968918
1476.1900000000	0.0635624211
1476.2000000000	0.0638191016
1476.2100000000	0.0637579976
1476.2200000000	0.0632950874
1476.2300000000	0.0626272813
1476.2400000000	0.0616821771
1476.2500000000	0.0604914356
1476.2600000000	0.0592775206
1476.2700000000	0.0578574558
1476.2800000000	0.0568032560
1476.2900000000	0.0559534054
1476.3000000000	0.0552598649
1476.3100000000	0.0551927938
1476.3200000000	0.0552372475
1476.3300000000	0.0557897490
1476.3400000000	0.0568234434
1476.3500000000	0.0578298819
1476.3600000000	0.0589886185
1476.3700000000	0.0600811305
1476.3800000000	0.0609276433
1476.3900000000	0.0618989406
1476.4000000000	0.0626188405
1476.4100000000	0.0628919450
1476.4200000000	0.0633521724
1476.4300000000	0.0633004762
1476.4400000000	0.0627676932
1476.4500000000	0.0624632383
1476.4600000000	0.0617851860
1476.4700000000	0.0611852718
1476.4800000000	0.0609954682
1476.4900000000	0.0607070830
1476.5000000000	0.0607848756
1476.5100000000	0.0609354858
1476.5200000000	0.0612783676
1476.5300000000	0.0620050486
1476.5400000000	0.0623156906
1476.5500000000	0.0623700337
1476.5600000000	0.0625962071
1476.5700000000	0.0625503200
1476.5800000000	0.0624405191
1476.5900000000	0.0623019296
1476.6000000000	0.0621282667
1476.6100000000	0.0617877381
1476.6200000000	0.0614440333
1476.6300000000	0.0611565773
1476.6400000000	0.0610687840
1476.6500000000	0.0610301979
1476.6600000000	0.0613771314
1476.6700000000	0.0620185949
1476.6800000000	0.0627915328
1476.6900000000	0.0637582098
1476.7000000000	0.0645853941
1476.7100000000	0.0652431320
1476.7200000000	0.0655999352
1476.7300000000	0.0653783554
1476.7400000000	0.0650720510
1476.7500000000	0.0642283703
1476.7600000000	0.0632460073
1476.7700000000	0.0621653539
1476.7800000000	0.0608154113
1476.7900000000	0.0595216892
1476.8000000000	0.0585507945
1476.8100000000	0.0576518662
1476.8200000000	0.0570362516
1476.8300000000	0.0567397859
1476.8400000000	0.0568003984
1476.8500000000	0.0572785541
1476.8600000000	0.0578974023
1476.8700000000	0.0588431232
1476.8800000000	0.0598572592
1476.8900000000	0.0606170637
1476.9000000000	0.0613275706
1476.9100000000	0.0617497125
1476.9200000000	0.0622813430
1476.9300000000	0.0624835891
1476.9400000000	0.0624225842
1476.9500000000	0.0622289313
1476.9600000000	0.0617658529
1476.9700000000	0.0611040017
1476.9800000000	0.0605423364
1476.9900000000	0.0599301689
1477.0000000000	0.0595791167
1477.0100000000	0.0595260274
1477.0200000000	0.0597882264
1477.0300000000	0.0602577388
1477.0400000000	0.0607272512
1477.0500000000	0.0611576412
1477.0600000000	0.0613705924
1477.0700000000	0.0612718411
1477.0800000000	0.0609994167
1477.0900000000	0.0607304093
1477.1000000000	0.0605260866
1477.1100000000	0.0601822836
1477.1200000000	0.0596404582
1477.1300000000	0.0591578562
1477.1400000000	0.0586384267
1477.1500000000	0.0581604698
1477.1600000000	0.0578462528
1477.1700000000	0.0577144304
1477.1800000000	0.0578603487
1477.1900000000	0.0583442851
1477.2000000000	0.0592035109
1477.2100000000	0.0602297329
1477.2200000000	0.0612666306
1477.2300000000	0.0621082490
1477.2400000000	0.0627898380
1477.2500000000	0.0628394815
1477.2600000000	0.0624951981
1477.2700000000	0.0619496633
1477.2800000000	0.0607675228
1477.2900000000	0.0593597526
1477.3000000000	0.0579656068
1477.3100000000	0.0564434662
1477.3200000000	0.0551583409
1477.3300000000	0.0538468128
1477.3400000000	0.0527554180
1477.3500000000	0.0520861306
1477.3600000000	0.0516987656
1477.3700000000	0.0517899176
1477.3800000000	0.0523869163
1477.3900000000	0.0530467563
1477.4000000000	0.0540276753
1477.4100000000	0.0551369155
1477.4200000000	0.0560490246
1477.4300000000	0.0569381628
1477.4400000000	0.0575387114
1477.4500000000	0.0576846464
1477.4600000000	0.0577976331
1477.4700000000	0.0576973743
1477.4800000000	0.0574452498
1477.4900000000	0.0570264176
1477.5000000000	0.0564868203
1477.5100000000	0.0560293539
1477.5200000000	0.0555139981
1477.5300000000	0.0552416874
1477.5400000000	0.0553162509
1477.5500000000	0.0555759136
1477.5600000000	0.0559185295
1477.5700000000	0.0562303626
1477.5800000000	0.0565432364
1477.5900000000	0.0569776450
1477.6000000000	0.0572483069
1477.6100000000	0.0573940087
1477.6200000000	0.0576195070
1477.6300000000	0.0577826881
1477.6400000000	0.0577787744
1477.6500000000	0.0578639597
1477.6600000000	0.0578491899
1477.6700000000	0.0578127043
1477.6800000000	0.0580035274
1477.6900000000	0.0584216458
1477.7000000000	0.0589372216
1477.7100000000	0.0597025623
1477.7200000000	0.0608585409
1477.7300000000	0.0619935569
1477.7400000000	0.0628815994
1477.7500000000	0.0636579551
1477.7600000000	0.0642142916
1477.7700000000	0.0645573971
1477.7800000000	0.0644470035
1477.7900000000	0.0640601301
1477.8000000000	0.0633764942
1477.8100000000	0.0623257690
1477.8200000000	0.0611528170
1477.8300000000	0.0600071345
1477.8400000000	0.0587219900
1477.8500000000	0.0575072330
1477.8600000000	0.0564636451
1477.8700000000	0.0561282068
1477.8800000000	0.0561282068
1477.8900000000	0.0561446245
1477.9000000000	0.0562537035
1477.9100000000	0.0563792027
1477.9200000000	0.0566241326
1477.9300000000	0.0569877926
1477.9400000000	0.0571508019
1477.9500000000	0.0570488992
1477.9600000000	0.0567778118
1477.9700000000	0.0562593001
1477.9800000000	0.0556973687
1477.9900000000	0.0550986665
1478.0000000000	0.0543822235
1478.0100000000	0.0537220921
1478.0200000000	0.0530596346
1478.0300000000	0.0524500246
1478.0400000000	0.0522390366
1478.0500000000	0.0522019434
1478.0600000000	0.0524043744
1478.0700000000	0.0527433876
1478.0800000000	0.0531419797
1478.0900000000	0.0535723661
1478.1000000000	0.0539561609
1478.1100000000	0.0543523629
1478.1200000000	0.0546162767
1478.1300000000	0.0547305046
1478.1400000000	0.0548038185
1478.1500000000	0.0547705710
1478.1600000000	0.0548038471
1478.1700000000	0.0547372950
1478.1800000000	0.0545586564
1478.1900000000	0.0544337172
1478.2000000000	0.0542549470
1478.2100000000	0.0544499459
1478.2200000000	0.0548294641
1478.2300000000	0.0553643450
1478.2400000000	0.0560389959
1478.2500000000	0.0568672661
1478.2600000000	0.0577025166
1478.2700000000	0.0585151279
1478.2800000000	0.0591565588
1478.2900000000	0.0597156368
1478.3000000000	0.0601327774
1478.3100000000	0.0600817002
1478.3200000000	0.0598769956
1478.3300000000	0.0595915423
1478.3400000000	0.0588762445
1478.3500000000	0.0580748723
1478.3600000000	0.0572107151
1478.3700000000	0.0560639161
1478.3800000000	0.0552212254
1478.3900000000	0.0546046773
1478.4000000000	0.0539938647
1478.4100000000	0.0536662619
1478.4200000000	0.0533510944
1478.4300000000	0.0533294137
1478.4400000000	0.0535576362
1478.4500000000	0.0537395442
1478.4600000000	0.0539322160
1478.4700000000	0.0541523031
1478.4800000000	0.0541852801
1478.4900000000	0.0541503475
1478.5000000000	0.0540241272
1478.5100000000	0.0537206894
1478.5200000000	0.0534173733
1478.5300000000	0.0530730423
1478.5400000000	0.0528019893
1478.5500000000	0.0524811767
1478.5600000000	0.0522099029
1478.5700000000	0.0520926806
1478.5800000000	0.0521593756
1478.5900000000	0.0521593756
1478.6000000000	0.0521593756
1478.6100000000	0.0521690305
1478.6200000000	0.0522730244
1478.6300000000	0.0523324964
1478.6400000000	0.0522592173
1478.6500000000	0.0521462415
1478.6600000000	0.0519168686
1478.6700000000	0.0515553841
1478.6800000000	0.0511045982
1478.6900000000	0.0505790725
1478.7000000000	0.0501032772
1478.7100000000	0.0497393551
1478.7200000000	0.0496441289
1478.7300000000	0.0497385005
1478.7400000000	0.0500299192
1478.7500000000	0.0505912666
1478.7600000000	0.0511740884
1478.7700000000	0.0519466011
1478.7800000000	0.0527287872
1478.7900000000	0.0533850758
1478.8000000000	0.0540884732
1478.8100000000	0.0547545852
1478.8200000000	0.0552387067
1478.8300000000	0.0556604708
1478.8400000000	0.0557991090
1478.8500000000	0.0557706517
1478.8600000000	0.0556226265
1478.8700000000	0.0549360079
1478.8800000000	0.0541845546
1478.8900000000	0.0536625750
1478.9000000000	0.0530882598
1478.9100000000	0.0526687047
1478.9200000000	0.0525077039
1478.9300000000	0.0524454226
1478.9400000000	0.0525494988
1478.9500000000	0.0527109300
1478.9600000000	0.0529502420
1478.9700000000	0.0533085468
1478.9800000000	0.0537340639
1478.9900000000	0.0543653648
1479.0000000000	0.0550734258
1479.0100000000	0.0557885287
1479.0200000000	0.0563748502
1479.0300000000	0.0567373645
1479.0400000000	0.0569475896
1479.0500000000	0.0569533260
1479.0600000000	0.0566759704
1479.0700000000	0.0564272407
1479.0800000000	0.0562876699
1479.0900000000	0.0560612975
1479.1000000000	0.0559567831
1479.1100000000	0.0560120828
1479.1200000000	0.0561597545
1479.1300000000	0.0563361664
1479.1400000000	0.0564926820
1479.1500000000	0.0565022894
1479.1600000000	0.0564986846
1479.1700000000	0.0566213293
1479.1800000000	0.0567240043
1479.1900000000	0.0569541460
1479.2000000000	0.0572521876
1479.2100000000	0.0574663102
1479.2200000000	0.0577138394
1479.2300000000	0.0579436127
1479.2400000000	0.0582246270
1479.2500000000	0.0586205475
1479.2600000000	0.0590448017
1479.2700000000	0.0596504261
1479.2800000000	0.0602862548
1479.2900000000	0.0607586656
1479.3000000000	0.0613741949
1479.3100000000	0.0619562925
1479.3200000000	0.0619377004
1479.3300000000	0.0618566145
1479.3400000000	0.0617085639
1479.3500000000	0.0615060687
1479.3600000000	0.0612747572
1479.3700000000	0.0606746989
1479.3800000000	0.0601913621
1479.3900000000	0.0596975641
1479.4000000000	0.0588372266
1479.4100000000	0.0582228628
1479.4200000000	0.0577339383
1479.4300000000	0.0574354098
1479.4400000000	0.0573575976
1479.4500000000	0.0573886657
1479.4600000000	0.0577172881
1479.4700000000	0.0579288687
1479.4800000000	0.0580524169
1479.4900000000	0.0582706866
1479.5000000000	0.0582269655
1479.5100000000	0.0580583094
1479.5200000000	0.0580262373
1479.5300000000	0.0580239175
1479.5400000000	0.0580863253
1479.5500000000	0.0581389048
1479.5600000000	0.0580439112
1479.5700000000	0.0580667720
1479.5800000000	0.0581304921
1479.5900000000	0.0581749138
1479.6000000000	0.0583287708
1479.6100000000	0.0585150452
1479.6200000000	0.0588131925
1479.6300000000	0.0592407473
1479.6400000000	0.0596093608
1479.6500000000	0.0599959634
1479.6600000000	0.0601891172
1479.6700000000	0.0602042855
1479.6800000000	0.0601190537
1479.6900000000	0.0598662384
1479.7000000000	0.0596072866
1479.7100000000	0.0592534958
1479.7200000000	0.0587491653
1479.7300000000	0.0582633482
1479.7400000000	0.0577943953
1479.7500000000	0.0574180869
1479.7600000000	0.0571495876
1479.7700000000	0.0569588237
1479.7800000000	0.0569236666
1479.7900000000	0.0571013070
1479.8000000000	0.0574794616
1479.8100000000	0.0579853216
1479.8200000000	0.0584260160
1479.8300000000	0.0588546225
1479.8400000000	0.0592213908
1479.8500000000	0.0593778731
1479.8600000000	0.0594523067
1479.8700000000	0.0595081842
1479.8800000000	0.0595249439
1479.8900000000	0.0592595440
1479.9000000000	0.0586969900
1479.9100000000	0.0581669879
1479.9200000000	0.0574297653
1479.9300000000	0.0566896005
1479.9400000000	0.0560778512
1479.9500000000	0.0554031473
1479.9600000000	0.0549745501
1479.9700000000	0.0545860786
1479.9800000000	0.0542311009
1479.9900000000	0.0539672732
1480.0000000000	0.0535906266
1480.0100000000	0.0531770244
1480.0200000000	0.0529102399
1480.0300000000	0.0526173882
1480.0400000000	0.0523177213
1480.0500000000	0.0519637799
1480.0600000000	0.0515727094
1480.0700000000	0.0511900208
1480.0800000000	0.0508721922
1480.0900000000	0.0506379604
1480.1000000000	0.0505070612
1480.1100000000	0.0504788914
1480.1200000000	0.0507028148
1480.1300000000	0.0510203245
1480.1400000000	0.0513645735
1480.1500000000	0.0519887103
1480.1600000000	0.0524605314
1480.1700000000	0.0530178635
1480.1800000000	0.0533257132
1480.1900000000	0.0534584833
1480.2000000000	0.0537054360
1480.2100000000	0.0537136837
1480.2200000000	0.0536968582
1480.2300000000	0.0537216110
1480.2400000000	0.0536157145
1480.2500000000	0.0535098225
1480.2600000000	0.0534823193
1480.2700000000	0.0535385043
1480.2800000000	0.0536747171
1480.2900000000	0.0538787833
1480.3000000000	0.0542088480
1480.3100000000	0.0548001544
1480.3200000000	0.0554816631
1480.3300000000	0.0561614076
1480.3400000000	0.0569275877
1480.3500000000	0.0575504609
1480.3600000000	0.0580794086
1480.3700000000	0.0585658157
1480.3800000000	0.0591327802
1480.3900000000	0.0599765946
1480.4000000000	0.0605110323
1480.4100000000	0.0609098092
1480.4200000000	0.0611064725
1480.4300000000	0.0610169068
1480.4400000000	0.0610797473
1480.4500000000	0.0608607591
1480.4600000000	0.0606043905
1480.4700000000	0.0606793808
1480.4800000000	0.0607344859
1480.4900000000	0.0607694370
1480.5000000000	0.0608833076
1480.5100000000	0.0607974310
1480.5200000000	0.0606744548
1480.5300000000	0.0604285440
1480.5400000000	0.0600074601
1480.5500000000	0.0596587509
1480.5600000000	0.0592864514
1480.5700000000	0.0587759087
1480.5800000000	0.0582359714
1480.5900000000	0.0577269218
1480.6000000000	0.0573224263
1480.6100000000	0.0569600551
1480.6200000000	0.0567915732
1480.6300000000	0.0568274954
1480.6400000000	0.0569935578
1480.6500000000	0.0575860558
1480.6600000000	0.0581641203
1480.6700000000	0.0587354634
1480.6800000000	0.0593950217
1480.6900000000	0.0596429323
1480.7000000000	0.0600028571
1480.7100000000	0.0603922721
1480.7200000000	0.0603653703
1480.7300000000	0.0603473163
1480.7400000000	0.0599965108
1480.7500000000	0.0594331919
1480.7600000000	0.0588489660
1480.7700000000	0.0581094572
1480.7800000000	0.0573306098
1480.7900000000	0.0566900760
1480.8000000000	0.0561023999
1480.8100000000	0.0557908762
1480.8200000000	0.0558345756
1480.8300000000	0.0562783694
1480.8400000000	0.0569809074
1480.8500000000	0.0577766297
1480.8600000000	0.0586133757
1480.8700000000	0.0594280582
1480.8800000000	0.0599309392
1480.8900000000	0.0603432194
1480.9000000000	0.0605926387
1480.9100000000	0.0607710691
1480.9200000000	0.0609480698
1480.9300000000	0.0607835304
1480.9400000000	0.0606348233
1480.9500000000	0.0602367366
1480.9600000000	0.0599085330
1480.9700000000	0.0596629942
1480.9800000000	0.0591663966
1480.9900000000	0.0588237401
1481.0000000000	0.0586333808
1481.0100000000	0.0585685806
1481.0200000000	0.0585050027
1481.0300000000	0.0583177432
1481.0400000000	0.0581275734
1481.0500000000	0.0577955593
1481.0600000000	0.0571721860
1481.0700000000	0.0565236516
1481.0800000000	0.0560028786
1481.0900000000	0.0551580163
1481.1000000000	0.0544969191
1481.1100000000	0.0537756711
1481.1200000000	0.0530253225
1481.1300000000	0.0524532093
1481.1400000000	0.0517732307
1481.1500000000	0.0514329519
1481.1600000000	0.0512860943
1481.1700000000	0.0511127290
1481.1800000000	0.0514282271
1481.1900000000	0.0516468879
1481.2000000000	0.0518917426
1481.2100000000	0.0523173039
1481.2200000000	0.0524828320
1481.2300000000	0.0526483600
1481.2400000000	0.0526907477
1481.2500000000	0.0525788154
1481.2600000000	0.0522016331
1481.2700000000	0.0516793925
1481.2800000000	0.0509877715
1481.2900000000	0.0503315747
1481.3000000000	0.0496636014
1481.3100000000	0.0491419291
1481.3200000000	0.0487619334
1481.3300000000	0.0486327564
1481.3400000000	0.0487457226
1481.3500000000	0.0492074636
1481.3600000000	0.0498989912
1481.3700000000	0.0508219199
1481.3800000000	0.0516488940
1481.3900000000	0.0526790652
1481.4000000000	0.0537793126
1481.4100000000	0.0549608143
1481.4200000000	0.0563427338
1481.4300000000	0.0574861491
1481.4400000000	0.0582986473
1481.4500000000	0.0590284224
1481.4600000000	0.0595107786
1481.4700000000	0.0600626059
1481.4800000000	0.0600960209
1481.4900000000	0.0600633521
1481.5000000000	0.0603668178
1481.5100000000	0.0605203082
1481.5200000000	0.0609074773
1481.5300000000	0.0615850133
1481.5400000000	0.0620892973
1481.5500000000	0.0628278701
1481.5600000000	0.0633357272
1481.5700000000	0.0637082994
1481.5800000000	0.0639810192
1481.5900000000	0.0637315015
1481.6000000000	0.0636242590
1481.6100000000	0.0634590773
1481.6200000000	0.0629745971
1481.6300000000	0.0626958260
1481.6400000000	0.0623821027
1481.6500000000	0.0618298865
1481.6600000000	0.0615330667
1481.6700000000	0.0612531116
1481.6800000000	0.0612261128
1481.6900000000	0.0614616802
1481.7000000000	0.0616866206
1481.7100000000	0.0620775898
1481.7200000000	0.0623115084
1481.7300000000	0.0622801366
1481.7400000000	0.0629633350
1481.7500000000	0.0633764300
1481.7600000000	0.0634222524
1481.7700000000	0.0632700322
1481.7800000000	0.0627523028
1481.7900000000	0.0622365630
1481.8000000000	0.0614795607
1481.8100000000	0.0604110866
1481.8200000000	0.0593625624
1481.8300000000	0.0583904687
1481.8400000000	0.0575095240
1481.8500000000	0.0570827601
1481.8600000000	0.0568855581
1481.8700000000	0.0570166710
1481.8800000000	0.0574562594
1481.8900000000	0.0579860030
1481.9000000000	0.0587007325
1481.9100000000	0.0595512170
1481.9200000000	0.0605990301
1481.9300000000	0.0615778296
1481.9400000000	0.0624721903
1481.9500000000	0.0634765600
1481.9600000000	0.0642511569
1481.9700000000	0.0649043700
1481.9800000000	0.0654340152
1481.9900000000	0.0655948266
1482.0000000000	0.0658339713
1482.0100000000	0.0656233449
1482.0200000000	0.0653347887
1482.0300000000	0.0655916472
1482.0400000000	0.0653931620
1482.0500000000	0.0656073773
1482.0600000000	0.0659906721
1482.0700000000	0.0658653973
1482.0800000000	0.0659885226
1482.0900000000	0.0658373930
1482.1000000000	0.0652608800
1482.1100000000	0.0648495482
1482.1200000000	0.0640797118
1482.1300000000	0.0632577803
1482.1400000000	0.0625867897
1482.1500000000	0.0615608459
1482.1600000000	0.0608513557
1482.1700000000	0.0602677075
1482.1800000000	0.0592348600
1482.1900000000	0.0587167383
1482.2000000000	0.0584488877
1482.2100000000	0.0582786165
1482.2200000000	0.0586698810
1482.2300000000	0.0590821275
1482.2400000000	0.0598208612
1482.2500000000	0.0608559444
1482.2600000000	0.0617060088
1482.2700000000	0.0627078741
1482.2800000000	0.0635753908
1482.2900000000	0.0641026898
1482.3000000000	0.0644522299
1482.3100000000	0.0646231900
1482.3200000000	0.0643752378
1482.3300000000	0.0637812678
1482.3400000000	0.0629817635
1482.3500000000	0.0618847844
1482.3600000000	0.0609039140
1482.3700000000	0.0601414443
1482.3800000000	0.0596127039
1482.3900000000	0.0592952502
1482.4000000000	0.0590987410
1482.4100000000	0.0591512656
1482.4200000000	0.0594048389
1482.4300000000	0.0597868044
1482.4400000000	0.0601768628
1482.4500000000	0.0610099953
1482.4600000000	0.0616668205
1482.4700000000	0.0623523506
1482.4800000000	0.0632874832
1482.4900000000	0.0638789255
1482.5000000000	0.0644912282
1482.5100000000	0.0648907926
1482.5200000000	0.0648243658
1482.5300000000	0.0649881165
1482.5400000000	0.0649608185
1482.5500000000	0.0650648303
1482.5600000000	0.0653147475
1482.5700000000	0.0652159727
1482.5800000000	0.0655318154
1482.5900000000	0.0660830374
1482.6000000000	0.0662622354
1482.6100000000	0.0666201994
1482.6200000000	0.0668962329
1482.6300000000	0.0669605902
1482.6400000000	0.0671124706
1482.6500000000	0.0669568135
1482.6600000000	0.0669136455
1482.6700000000	0.0667495628
1482.6800000000	0.0660653886
1482.6900000000	0.0655206831
1482.7000000000	0.0651496367
1482.7100000000	0.0646523038
1482.7200000000	0.0642682382
1482.7300000000	0.0640047484
1482.7400000000	0.0638391519
1482.7500000000	0.0637849153
1482.7600000000	0.0636530096
1482.7700000000	0.0637653615
1482.7800000000	0.0637476289
1482.7900000000	0.0635831602
1482.8000000000	0.0634687342
1482.8100000000	0.0629326274
1482.8200000000	0.0626409737
1482.8300000000	0.0621840030
1482.8400000000	0.0614354470
1482.8500000000	0.0606953087
1482.8600000000	0.0596297252
1482.8700000000	0.0585291087
1482.8800000000	0.0574153941
1482.8900000000	0.0565448777
1482.9000000000	0.0559703080
1482.9100000000	0.0557621557
1482.9200000000	0.0556345112
1482.9300000000	0.0557742934
1482.9400000000	0.0561384686
1482.9500000000	0.0565679609
1482.9600000000	0.0570885803
1482.9700000000	0.0575847909
1482.9800000000	0.0582617214
1482.9900000000	0.0589929938
1483.0000000000	0.0597885016
1483.0100000000	0.0606463604
1483.0200000000	0.0611410833
1483.0300000000	0.0615431200
1483.0400000000	0.0617217438
1483.0500000000	0.0617100687
1483.0600000000	0.0617402303
1483.0700000000	0.0617060141
1483.0800000000	0.0617246360
1483.0900000000	0.0618798284
1483.1000000000	0.0618676224
1483.1100000000	0.0620150584
1483.1200000000	0.0621794123
1483.1300000000	0.0622293380
1483.1400000000	0.0621397723
1483.1500000000	0.0621657752
1483.1600000000	0.0621350773
1483.1700000000	0.0621133558
1483.1800000000	0.0619422582
1483.1900000000	0.0617083531
1483.2000000000	0.0613052852
1483.2100000000	0.0606958344
1483.2200000000	0.0600482692
1483.2300000000	0.0594585446
1483.2400000000	0.0589138609
1483.2500000000	0.0585758079
1483.2600000000	0.0583577750
1483.2700000000	0.0585779634
1483.2800000000	0.0588586992
1483.2900000000	0.0591834417
1483.3000000000	0.0598824990
1483.3100000000	0.0601915996
1483.3200000000	0.0605830031
1483.3300000000	0.0609707705
1483.3400000000	0.0610960646
1483.3500000000	0.0613692866
1483.3600000000	0.0615530713
1483.3700000000	0.0614026309
1483.3800000000	0.0610985262
1483.3900000000	0.0605928986
1483.4000000000	0.0600890382
1483.4100000000	0.0596029520
1483.4200000000	0.0591153835
1483.4300000000	0.0587809698
1483.4400000000	0.0587100474
1483.4500000000	0.0586760998
1483.4600000000	0.0588532602
1483.4700000000	0.0590265616
1483.4800000000	0.0592005890
1483.4900000000	0.0594386256
1483.5000000000	0.0596322061
1483.5100000000	0.0599540042
1483.5200000000	0.0601685315
1483.5300000000	0.0604991764
1483.5400000000	0.0607852204
1483.5500000000	0.0608813350
1483.5600000000	0.0609227477
1483.5700000000	0.0610443554
1483.5800000000	0.0612913970
1483.5900000000	0.0614654723
1483.6000000000	0.0616177104
1483.6100000000	0.0621745064
1483.6200000000	0.0627735067
1483.6300000000	0.0632224747
1483.6400000000	0.0636382073
1483.6500000000	0.0638132225
1483.6600000000	0.0639759554
1483.6700000000	0.0640955363
1483.6800000000	0.0639943319
1483.6900000000	0.0639943319
1483.7000000000	0.0638570363
1483.7100000000	0.0634737388
1483.7200000000	0.0630461058
1483.7300000000	0.0624110992
1483.7400000000	0.0619048072
1483.7500000000	0.0613355881
1483.7600000000	0.0606605230
1483.7700000000	0.0602480806
1483.7800000000	0.0600601520
1483.7900000000	0.0600360533
1483.8000000000	0.0601860455
1483.8100000000	0.0603611223
1483.8200000000	0.0607243288
1483.8300000000	0.0610939180
1483.8400000000	0.0611017430
1483.8500000000	0.0614477774
1483.8600000000	0.0616789277
1483.8700000000	0.0617276813
1483.8800000000	0.0615713124
1483.8900000000	0.0611041236
1483.9000000000	0.0605010245
1483.9100000000	0.0596656222
1483.9200000000	0.0588058643
1483.9300000000	0.0578934840
1483.9400000000	0.0568850797
1483.9500000000	0.0561197017
1483.9600000000	0.0554977056
1483.9700000000	0.0550340919
1483.9800000000	0.0546855964
1483.9900000000	0.0544191794
1484.0000000000	0.0542853554
1484.0100000000	0.0541122706
1484.0200000000	0.0539562653
1484.0300000000	0.0539117589
1484.0400000000	0.0540167825
1484.0500000000	0.0539861742
1484.0600000000	0.0540106183
1484.0700000000	0.0539329080
1484.0800000000	0.0538398745
1484.0900000000	0.0538273421
1484.1000000000	0.0537683663
1484.1100000000	0.0538271051
1484.1200000000	0.0541080335
1484.1300000000	0.0545738855
1484.1400000000	0.0553501861
1484.1500000000	0.0560838482
1484.1600000000	0.0568801016
1484.1700000000	0.0576986814
1484.1800000000	0.0583846043
1484.1900000000	0.0590452006
1484.2000000000	0.0597394683
1484.2100000000	0.0601288833
1484.2200000000	0.0605633152
1484.2300000000	0.0607034115
1484.2400000000	0.0606625358
1484.2500000000	0.0605238964
1484.2600000000	0.0600536837
1484.2700000000	0.0596157868
1484.2800000000	0.0591082833
1484.2900000000	0.0584278468
1484.3000000000	0.0580508723
1484.3100000000	0.0578298516
1484.3200000000	0.0578285577
1484.3300000000	0.0580314534
1484.3400000000	0.0580996941
1484.3500000000	0.0582613552
1484.3600000000	0.0583526678
1484.3700000000	0.0584648948
1484.3800000000	0.0588881024
1484.3900000000	0.0591889773
1484.4000000000	0.0594561599
1484.4100000000	0.0595923659
1484.4200000000	0.0596618887
1484.4300000000	0.0595749996
1484.4400000000	0.0592706061
1484.4500000000	0.0589227189
1484.4600000000	0.0585894750
1484.4700000000	0.0582059757
1484.4800000000	0.0580418366
1484.4900000000	0.0580232299
1484.5000000000	0.0580852523
1484.5100000000	0.0582230103
1484.5200000000	0.0584019444
1484.5300000000	0.0585860944
1484.5400000000	0.0588456023
1484.5500000000	0.0589618971
1484.5600000000	0.0591839771
1484.5700000000	0.0593201689
1484.5800000000	0.0591457197
1484.5900000000	0.0592085602
1484.6000000000	0.0589707393
1484.6100000000	0.0586352698
1484.6200000000	0.0584249500
1484.6300000000	0.0582416101
1484.6400000000	0.0583047510
1484.6500000000	0.0586614215
1484.6600000000	0.0591673888
1484.6700000000	0.0598824977
1484.6800000000	0.0606299554
1484.6900000000	0.0613673859
1484.7000000000	0.0620015308
1484.7100000000	0.0628516300
1484.7200000000	0.0635930091
1484.7300000000	0.0644515780
1484.7400000000	0.0649752640
1484.7500000000	0.0652035127
1484.7600000000	0.0653151087
1484.7700000000	0.0651385053
1484.7800000000	0.0646360506
1484.7900000000	0.0638757774
1484.8000000000	0.0630570458
1484.8100000000	0.0623248192
1484.8200000000	0.0617761178
1484.8300000000	0.0613643890
1484.8400000000	0.0612594244
1484.8500000000	0.0613726456
1484.8600000000	0.0612801369
1484.8700000000	0.0613491612
1484.8800000000	0.0617795849
1484.8900000000	0.0618205598
1484.9000000000	0.0621847349
1484.9100000000	0.0624555396
1484.9200000000	0.0625210887
1484.9300000000	0.0627179142
1484.9400000000	0.0627515785
1484.9500000000	0.0624656232
1484.9600000000	0.0621881667
1484.9700000000	0.0615644338
1484.9800000000	0.0607620692
1484.9900000000	0.0601064161
1485.0000000000	0.0596132592
1485.0100000000	0.0592885173
1485.0200000000	0.0591441867
1485.0300000000	0.0588301580
1485.0400000000	0.0584873100
1485.0500000000	0.0584052105
1485.0600000000	0.0581229838
1485.0700000000	0.0578727793
1485.0800000000	0.0576277755
1485.0900000000	0.0575219363
1485.1000000000	0.0574825703
1485.1100000000	0.0573409846
1485.1200000000	0.0572758369
1485.1300000000	0.0573438738
1485.1400000000	0.0573438738
1485.1500000000	0.0571882774
1485.1600000000	0.0573359284
1485.1700000000	0.0577316254
1485.1800000000	0.0583643605
1485.1900000000	0.0594227833
1485.2000000000	0.0605038376
1485.2100000000	0.0614654696
1485.2200000000	0.0624763402
1485.2300000000	0.0634456252
1485.2400000000	0.0643164954
1485.2500000000	0.0648443491
1485.2600000000	0.0652358762
1485.2700000000	0.0654488946
1485.2800000000	0.0651385053
1485.2900000000	0.0647944018
1485.3000000000	0.0640439056
1485.3100000000	0.0629478768
1485.3200000000	0.0619920465
1485.3300000000	0.0612411968
1485.3400000000	0.0604881873
1485.3500000000	0.0602740023
1485.3600000000	0.0600970234
1485.3700000000	0.0600970234
1485.3800000000	0.0604863585
1485.3900000000	0.0606750740
1485.4000000000	0.0612478144
1485.4100000000	0.0620305571
1485.4200000000	0.0626034656
1485.4300000000	0.0633749475
1485.4400000000	0.0639921970
1485.4500000000	0.0643658311
1485.4600000000	0.0647607678
1485.4700000000	0.0648634323
1485.4800000000	0.0646081979
1485.4900000000	0.0641475724
1485.5000000000	0.0634618138
1485.5100000000	0.0628167039
1485.5200000000	0.0624576264
1485.5300000000	0.0620358285
1485.5400000000	0.0617396650
1485.5500000000	0.0615532659
1485.5600000000	0.0613186639
1485.5700000000	0.0613659785
1485.5800000000	0.0615677751
1485.5900000000	0.0616938487
1485.6000000000	0.0619333077
1485.6100000000	0.0622752877
1485.6200000000	0.0626674275
1485.6300000000	0.0629574351
1485.6400000000	0.0631256215
1485.6500000000	0.0632171005
1485.6600000000	0.0631303826
1485.6700000000	0.0629231604
1485.6800000000	0.0627768407
1485.6900000000	0.0628425888
1485.7000000000	0.0629364883
1485.7100000000	0.0631882218
1485.7200000000	0.0636952940
1485.7300000000	0.0642863344
1485.7400000000	0.0650154756
1485.7500000000	0.0658167053
1485.7600000000	0.0665541017
1485.7700000000	0.0673324472
1485.7800000000	0.0679801556
1485.7900000000	0.0688277253
1485.8000000000	0.0694674052
1485.8100000000	0.0697122209
1485.8200000000	0.0695389646
1485.8300000000	0.0688371368
1485.8400000000	0.0676994279
1485.8500000000	0.0666223396
1485.8600000000	0.0657289625
1485.8700000000	0.0648601451
1485.8800000000	0.0643722718
1485.8900000000	0.0638666412
1485.9000000000	0.0635470438
1485.9100000000	0.0633250569
1485.9200000000	0.0631698709
1485.9300000000	0.0632976442
1485.9400000000	0.0634303944
1485.9500000000	0.0635889973
1485.9600000000	0.0638693697
1485.9700000000	0.0641926149
1485.9800000000	0.0645522697
1485.9900000000	0.0648386781
1486.0000000000	0.0646770400
1486.0100000000	0.0644208432
1486.0200000000	0.0639210379
1486.0300000000	0.0634469246
1486.0400000000	0.0630754254
1486.0500000000	0.0625890472
1486.0600000000	0.0622073151
1486.0700000000	0.0619054269
1486.0800000000	0.0616133316
1486.0900000000	0.0611951631
1486.1000000000	0.0607891970
1486.1100000000	0.0603810296
1486.1200000000	0.0600571862
1486.1300000000	0.0596411483
1486.1400000000	0.0592914804
1486.1500000000	0.0589782047
1486.1600000000	0.0585669212
1486.1700000000	0.0581290667
1486.1800000000	0.0576911126
1486.1900000000	0.0573777889
1486.2000000000	0.0572543043
1486.2100000000	0.0574064549
1486.2200000000	0.0578384982
1486.2300000000	0.0584478221
1486.2400000000	0.0594180560
1486.2500000000	0.0605861670
1486.2600000000	0.0616344914
1486.2700000000	0.0628475937
1486.2800000000	0.0639379381
1486.2900000000	0.0647586965
1486.3000000000	0.0653133045
1486.3100000000	0.0658842491
1486.3200000000	0.0661038939
1486.3300000000	0.0660681380
1486.3400000000	0.0657497754
1486.3500000000	0.0649796727
1486.3600000000	0.0639492952
1486.3700000000	0.0630210370
1486.3800000000	0.0622406542
1486.3900000000	0.0616130429
1486.4000000000	0.0612050903
1486.4100000000	0.0609370992
1486.4200000000	0.0608273020
1486.4300000000	0.0610689127
1486.4400000000	0.0613650692
1486.4500000000	0.0618337046
1486.4600000000	0.0624001606
1486.4700000000	0.0627684473
1486.4800000000	0.0633734950
1486.4900000000	0.0639390406
1486.5000000000	0.0642625009
1486.5100000000	0.0644904482
1486.5200000000	0.0642687038
1486.5300000000	0.0636796950
1486.5400000000	0.0629631552
1486.5500000000	0.0622151652
1486.5600000000	0.0615403267
1486.5700000000	0.0609770974
1486.5800000000	0.0605204781
1486.5900000000	0.0602400542
1486.6000000000	0.0601338396
1486.6100000000	0.0599626019
1486.6200000000	0.0598258322
1486.6300000000	0.0597809710
1486.6400000000	0.0597752369
1486.6500000000	0.0598022277
1486.6600000000	0.0600045052
1486.6700000000	0.0601762721
1486.6800000000	0.0601147161
1486.6900000000	0.0600041366
1486.7000000000	0.0596127057
1486.7100000000	0.0589886202
1486.7200000000	0.0584028168
1486.7300000000	0.0582779785
1486.7400000000	0.0582020002
1486.7500000000	0.0582134120
1486.7600000000	0.0584515578
1486.7700000000	0.0590547657
1486.7800000000	0.0597555620
1486.7900000000	0.0606262023
1486.8000000000	0.0617381826
1486.8100000000	0.0626785455
1486.8200000000	0.0637065161
1486.8300000000	0.0649025205
1486.8400000000	0.0661320154
1486.8500000000	0.0669904247
1486.8600000000	0.0675083702
1486.8700000000	0.0677088603
1486.8800000000	0.0676137032
1486.8900000000	0.0671944234
1486.9000000000	0.0666322756
1486.9100000000	0.0661508452
1486.9200000000	0.0656163254
1486.9300000000	0.0652389068
1486.9400000000	0.0650146051
1486.9500000000	0.0650930977
1486.9600000000	0.0652960356
1486.9700000000	0.0654168107
1486.9800000000	0.0655660471
1486.9900000000	0.0657917049
1487.0000000000	0.0660002801
1487.0100000000	0.0663072033
1487.0200000000	0.0664487050
1487.0300000000	0.0663156270
1487.0400000000	0.0659483625
1487.0500000000	0.0653749318
1487.0600000000	0.0644035414
1487.0700000000	0.0632726656
1487.0800000000	0.0623450850
1487.0900000000	0.0615470911
1487.1000000000	0.0607645705
1487.1100000000	0.0603709345
1487.1200000000	0.0601294688
1487.1300000000	0.0598900624
1487.1400000000	0.0598171305
1487.1500000000	0.0596611006
1487.1600000000	0.0596322061
1487.1700000000	0.0597857082
1487.1800000000	0.0598731091
1487.1900000000	0.0601652811
1487.2000000000	0.0603632054
1487.2100000000	0.0602504824
1487.2200000000	0.0599182531
1487.2300000000	0.0593180247
1487.2400000000	0.0584221217
1487.2500000000	0.0576646104
1487.2600000000	0.0570443870
1487.2700000000	0.0565611618
1487.2800000000	0.0563784852
1487.2900000000	0.0564558931
1487.3000000000	0.0569852183
1487.3100000000	0.0576214462
1487.3200000000	0.0584671535
1487.3300000000	0.0594011206
1487.3400000000	0.0602731245
1487.3500000000	0.0612213221
1487.3600000000	0.0623138476
1487.3700000000	0.0635171511
1487.3800000000	0.0644148984
1487.3900000000	0.0652064366
1487.4000000000	0.0656493418
1487.4100000000	0.0658412110
1487.4200000000	0.0657877569
1487.4300000000	0.0654273434
1487.4400000000	0.0651020432
1487.4500000000	0.0647098083
1487.4600000000	0.0645024449
1487.4700000000	0.0644964392
1487.4800000000	0.0645722633
1487.4900000000	0.0646414740
1487.5000000000	0.0646928041
1487.5100000000	0.0648938775
1487.5200000000	0.0649897684
1487.5300000000	0.0654168772
1487.5400000000	0.0658083625
1487.5500000000	0.0660962323
1487.5600000000	0.0663320908
1487.5700000000	0.0664183437
1487.5800000000	0.0663434935
1487.5900000000	0.0660761599
1487.6000000000	0.0656100699
1487.6100000000	0.0650717663
1487.6200000000	0.0645775363
1487.6300000000	0.0642330600
1487.6400000000	0.0640325189
1487.6500000000	0.0640780077
1487.6600000000	0.0640446940
1487.6700000000	0.0639711127
1487.6800000000	0.0640494346
1487.6900000000	0.0640658545
1487.7000000000	0.0640986291
1487.7100000000	0.0640330800
1487.7200000000	0.0640282573
1487.7300000000	0.0638339798
1487.7400000000	0.0633933595
1487.7500000000	0.0628024991
1487.7600000000	0.0619894906
1487.7700000000	0.0609503553
1487.7800000000	0.0601202433
1487.7900000000	0.0594373808
1487.8000000000	0.0588860019
1487.8100000000	0.0585829330
1487.8200000000	0.0587070408
1487.8300000000	0.0587537974
1487.8400000000	0.0589377385
1487.8500000000	0.0593523620
1487.8600000000	0.0599711962
1487.8700000000	0.0608901717
1487.8800000000	0.0619782919
1487.8900000000	0.0630445286
1487.9000000000	0.0640936600
1487.9100000000	0.0650446028
1487.9200000000	0.0656260738
1487.9300000000	0.0659736460
1487.9400000000	0.0660309114
1487.9500000000	0.0656785168
1487.9600000000	0.0655299713
1487.9700000000	0.0653441833
1487.9800000000	0.0651359251
1487.9900000000	0.0650881578
1488.0000000000	0.0649641131
1488.0100000000	0.0649752625
1488.0200000000	0.0648253719
1488.0300000000	0.0646910233
1488.0400000000	0.0647690322
1488.0500000000	0.0647250628
1488.0600000000	0.0648373333
1488.0700000000	0.0649982661
1488.0800000000	0.0650193244
1488.0900000000	0.0647809502
1488.1000000000	0.0645470452
1488.1100000000	0.0640334312
1488.1200000000	0.0634125649
1488.1300000000	0.0626759076
1488.1400000000	0.0618271321
1488.1500000000	0.0612319702
1488.1600000000	0.0607792982
1488.1700000000	0.0604650543
1488.1800000000	0.0603581509
1488.1900000000	0.0601938142
1488.2000000000	0.0601064133
1488.2100000000	0.0602557405
1488.2200000000	0.0603762959
1488.2300000000	0.0605231071
1488.2400000000	0.0610354145
1488.2500000000	0.0613163164
1488.2600000000	0.0613949393
1488.2700000000	0.0615521488
1488.2800000000	0.0613516758
1488.2900000000	0.0608747907
1488.3000000000	0.0602248304
1488.3100000000	0.0593929010
1488.3200000000	0.0589002844
1488.3300000000	0.0584757881
1488.3400000000	0.0578628337
1488.3500000000	0.0576792954
1488.3600000000	0.0575090380
1488.3700000000	0.0572734194
1488.3800000000	0.0575812640
1488.3900000000	0.0578894273
1488.4000000000	0.0582479697
1488.4100000000	0.0591896424
1488.4200000000	0.0597878760
1488.4300000000	0.0606777841
1488.4400000000	0.0617558525
1488.4500000000	0.0623569064
1488.4600000000	0.0630627763
1488.4700000000	0.0634108416
1488.4800000000	0.0633817066
1488.4900000000	0.0635021767
1488.5000000000	0.0634215596
1488.5100000000	0.0630359567
1488.5200000000	0.0630196591
1488.5300000000	0.0627299067
1488.5400000000	0.0622878419
1488.5500000000	0.0619411212
1488.5600000000	0.0615549994
1488.5700000000	0.0613666610
1488.5800000000	0.0612691489
1488.5900000000	0.0611716246
1488.6000000000	0.0610741133
1488.6100000000	0.0610327294
1488.6200000000	0.0609387030
1488.6300000000	0.0607728041
1488.6400000000	0.0605647036
1488.6500000000	0.0601742548
1488.6600000000	0.0598938271
1488.6700000000	0.0598180709
1488.6800000000	0.0598676310
1488.6900000000	0.0600863340
1488.7000000000	0.0603823078
1488.7100000000	0.0607535569
1488.7200000000	0.0611696742
1488.7300000000	0.0614599692
1488.7400000000	0.0616001678
1488.7500000000	0.0616716760
1488.7600000000	0.0617421293
1488.7700000000	0.0617760478
1488.7800000000	0.0617004844
1488.7900000000	0.0615695504
1488.8000000000	0.0612022553
1488.8100000000	0.0607896571
1488.8200000000	0.0601509912
1488.8300000000	0.0597124844
1488.8400000000	0.0593070331
1488.8500000000	0.0591456560
1488.8600000000	0.0591641385
1488.8700000000	0.0592669894
1488.8800000000	0.0595769490
1488.8900000000	0.0599359488
1488.9000000000	0.0603276509
1488.9100000000	0.0611021381
1488.9200000000	0.0618204259
1488.9300000000	0.0626629246
1488.9400000000	0.0635941190
1488.9500000000	0.0646556228
1488.9600000000	0.0655511843
1488.9700000000	0.0661173494
1488.9800000000	0.0664228346
1488.9900000000	0.0665736672
1489.0000000000	0.0667355635
1489.0100000000	0.0668868152
1489.0200000000	0.0671433708
1489.0300000000	0.0673856008
1489.0400000000	0.0678541381
1489.0500000000	0.0682736975
1489.0600000000	0.0686117192
1489.0700000000	0.0689672869
1489.0800000000	0.0692857701
1489.0900000000	0.0699941189
1489.1000000000	0.0704870510
1489.1100000000	0.0709395143
1489.1200000000	0.0715267647
1489.1300000000	0.0719326876
1489.1400000000	0.0721320712
1489.1500000000	0.0721465185
1489.1600000000	0.0718442205
1489.1700000000	0.0712416935
1489.1800000000	0.0703501010
1489.1900000000	0.0695047701
1489.2000000000	0.0689952663
1489.2100000000	0.0686332086
1489.2200000000	0.0683564722
1489.2300000000	0.0683618353
1489.2400000000	0.0683922262
1489.2500000000	0.0683922262
1489.2600000000	0.0684060901
1489.2700000000	0.0684869561
1489.2800000000	0.0685794925
1489.2900000000	0.0685989187
1489.3000000000	0.0685524319
1489.3100000000	0.0684303620
1489.3200000000	0.0681790759
1489.3300000000	0.0677764071
1489.3400000000	0.0670422058
1489.3500000000	0.0661396480
1489.3600000000	0.0652282415
1489.3700000000	0.0643079918
1489.3800000000	0.0636848248
1489.3900000000	0.0630647119
1489.4000000000	0.0624907749
1489.4100000000	0.0623020518
1489.4200000000	0.0620069441
1489.4300000000	0.0617539319
1489.4400000000	0.0618490303
1489.4500000000	0.0618803612
1489.4600000000	0.0620941513
1489.4700000000	0.0624167351
1489.4800000000	0.0627093683
1489.4900000000	0.0630025833
1489.5000000000	0.0632077281
1489.5100000000	0.0632510663
1489.5200000000	0.0633507443
1489.5300000000	0.0633722662
1489.5400000000	0.0635000128
1489.5500000000	0.0637777248
1489.5600000000	0.0640467742
1489.5700000000	0.0642905003
1489.5800000000	0.0645490501
1489.5900000000	0.0647121662
1489.6000000000	0.0647802692
1489.6100000000	0.0648840468
1489.6200000000	0.0648167043
1489.6300000000	0.0646637354
1489.6400000000	0.0643343748
1489.6500000000	0.0640258088
1489.6600000000	0.0635248330
1489.6700000000	0.0630100055
1489.6800000000	0.0623846247
1489.6900000000	0.0616116808
1489.7000000000	0.0610800982
1489.7100000000	0.0606194235
1489.7200000000	0.0604645306
1489.7300000000	0.0605115726
1489.7400000000	0.0606344256
1489.7500000000	0.0608531977
1489.7600000000	0.0610352430
1489.7700000000	0.0613006689
1489.7800000000	0.0615035112
1489.7900000000	0.0616436992
1489.8000000000	0.0616702600
1489.8100000000	0.0616081932
1489.8200000000	0.0613436894
1489.8300000000	0.0611134892
1489.8400000000	0.0609134358
1489.8500000000	0.0603217770
1489.8600000000	0.0597936536
1489.8700000000	0.0590404243
1489.8800000000	0.0583768109
1489.8900000000	0.0579874743
1489.9000000000	0.0576970951
1489.9100000000	0.0576703698
1489.9200000000	0.0577427140
1489.9300000000	0.0580789782
1489.9400000000	0.0585987732
1489.9500000000	0.0590704012
1489.9600000000	0.0596024167
1489.9700000000	0.0602297795
1489.9800000000	0.0608192757
1489.9900000000	0.0613672180
1490.0000000000	0.0620451416
1490.0100000000	0.0626043092
1490.0200000000	0.0628778179
1490.0300000000	0.0629070876
1490.0400000000	0.0627660458
1490.0500000000	0.0626561741
1490.0600000000	0.0626481134
1490.0700000000	0.0627194058
1490.0800000000	0.0629295912
1490.0900000000	0.0633365182
1490.1000000000	0.0639170509
1490.1100000000	0.0646335589
1490.1200000000	0.0653252242
1490.1300000000	0.0659838798
1490.1400000000	0.0665814584
1490.1500000000	0.0672374358
1490.1600000000	0.0676572147
1490.1700000000	0.0678996425
1490.1800000000	0.0679905491
1490.1900000000	0.0677705470
1490.2000000000	0.0673246770
1490.2100000000	0.0665967556
1490.2200000000	0.0657410312
1490.2300000000	0.0649653377
1490.2400000000	0.0642996893
1490.2500000000	0.0638662740
1490.2600000000	0.0635516389
1490.2700000000	0.0633704455
1490.2800000000	0.0634152418
1490.2900000000	0.0635531318
1490.3000000000	0.0637256752
1490.3100000000	0.0639393558
1490.3200000000	0.0640913931
1490.3300000000	0.0641943567
1490.3400000000	0.0643005569
1490.3500000000	0.0643557810
1490.3600000000	0.0641426702
1490.3700000000	0.0637057690
1490.3800000000	0.0630195629
1490.3900000000	0.0623138449
1490.4000000000	0.0615021734
1490.4100000000	0.0606531353
1490.4200000000	0.0599852406
1490.4300000000	0.0594941295
1490.4400000000	0.0590500649
1490.4500000000	0.0586328876
1490.4600000000	0.0585020540
1490.4700000000	0.0584369629
1490.4800000000	0.0582910205
1490.4900000000	0.0582154080
1490.5000000000	0.0581868877
1490.5100000000	0.0582889983
1490.5200000000	0.0585223711
1490.5300000000	0.0588192867
1490.5400000000	0.0589719333
1490.5500000000	0.0589370113
1490.5600000000	0.0588504091
1490.5700000000	0.0588673265
1490.5800000000	0.0589802058
1490.5900000000	0.0590892206
1490.6000000000	0.0593889982
1490.6100000000	0.0599582930
1490.6200000000	0.0606748334
1490.6300000000	0.0614843293
1490.6400000000	0.0622043919
1490.6500000000	0.0630031522
1490.6600000000	0.0637395842
1490.6700000000	0.0642479405
1490.6800000000	0.0647342510
1490.6900000000	0.0649933147
1490.7000000000	0.0651023901
1490.7100000000	0.0649940371
1490.7200000000	0.0644695250
1490.7300000000	0.0637044053
1490.7400000000	0.0629038041
1490.7500000000	0.0619970027
1490.7600000000	0.0611479489
1490.7700000000	0.0606483395
1490.7800000000	0.0603902212
1490.7900000000	0.0603030494
1490.8000000000	0.0605277936
1490.8100000000	0.0609050979
1490.8200000000	0.0613818325
1490.8300000000	0.0618593464
1490.8400000000	0.0623418918
1490.8500000000	0.0628394853
1490.8600000000	0.0633609618
1490.8700000000	0.0636249962
1490.8800000000	0.0635722151
1490.8900000000	0.0635468501
1490.9000000000	0.0632018871
1490.9100000000	0.0625991535
1490.9200000000	0.0620013633
1490.9300000000	0.0613640487
1490.9400000000	0.0609437390
1490.9500000000	0.0606565585
1490.9600000000	0.0604691036
1490.9700000000	0.0605181413
1490.9800000000	0.0607796236
1490.9900000000	0.0611870178
1491.0000000000	0.0615308408
1491.0100000000	0.0618851323
1491.0200000000	0.0623538860
1491.0300000000	0.0629337193
1491.0400000000	0.0634649571
1491.0500000000	0.0639275534
1491.0600000000	0.0642540693
1491.0700000000	0.0643802204
1491.0800000000	0.0644612575
1491.0900000000	0.0644554726
1491.1000000000	0.0642216401
1491.1100000000	0.0640802299
1491.1200000000	0.0641016086
1491.1300000000	0.0641938541
1491.1400000000	0.0645444695
1491.1500000000	0.0650626983
1491.1600000000	0.0657091084
1491.1700000000	0.0665348583
1491.1800000000	0.0671202511
1491.1900000000	0.0677659278
1491.2000000000	0.0685374359
1491.2100000000	0.0688318054
1491.2200000000	0.0690792137
1491.2300000000	0.0691932163
1491.2400000000	0.0687402209
1491.2500000000	0.0679924790
1491.2600000000	0.0670200743
1491.2700000000	0.0658603985
1491.2800000000	0.0647396406
1491.2900000000	0.0637892517
1491.3000000000	0.0630620321
1491.3100000000	0.0625965159
1491.3200000000	0.0623846615
1491.3300000000	0.0623255224
1491.3400000000	0.0624736514
1491.3500000000	0.0628122299
1491.3600000000	0.0631029850
1491.3700000000	0.0634449141
1491.3800000000	0.0637898187
1491.3900000000	0.0640438974
1491.4000000000	0.0642991774
1491.4100000000	0.0642799944
1491.4200000000	0.0639928013
1491.4300000000	0.0636021822
1491.4400000000	0.0629678687
1491.4500000000	0.0621548972
1491.4600000000	0.0613455946
1491.4700000000	0.0606545941
1491.4800000000	0.0601685368
1491.4900000000	0.0599540072
1491.5000000000	0.0599182531
1491.5100000000	0.0601276171
1491.5200000000	0.0603876685
1491.5300000000	0.0606479251
1491.5400000000	0.0610203766
1491.5500000000	0.0614318851
1491.5600000000	0.0618871901
1491.5700000000	0.0623170980
1491.5800000000	0.0625258439
1491.5900000000	0.0625132035
1491.6000000000	0.0622661685
1491.6100000000	0.0618533137
1491.6200000000	0.0614957232
1491.6300000000	0.0610566989
1491.6400000000	0.0606344619
1491.6500000000	0.0605064795
1491.6600000000	0.0605795255
1491.6700000000	0.0611831358
1491.6800000000	0.0620635619
1491.6900000000	0.0627892813
1491.7000000000	0.0637351077
1491.7100000000	0.0646581045
1491.7200000000	0.0657434531
1491.7300000000	0.0669901060
1491.7400000000	0.0679933821
1491.7500000000	0.0688781987
1491.7600000000	0.0696744544
1491.7700000000	0.0698770751
1491.7800000000	0.0697151596
1491.7900000000	0.0692658590
1491.8000000000	0.0685875040
1491.8100000000	0.0677017657
1491.8200000000	0.0667443250
1491.8300000000	0.0658220114
1491.8400000000	0.0651494718
1491.8500000000	0.0648134539
1491.8600000000	0.0646164815
1491.8700000000	0.0644367646
1491.8800000000	0.0644284590
1491.8900000000	0.0645351411
1491.9000000000	0.0646946981
1491.9100000000	0.0648933819
1491.9200000000	0.0652192284
1491.9300000000	0.0655753046
1491.9400000000	0.0657259079
1491.9500000000	0.0655871042
1491.9600000000	0.0651487242
1491.9700000000	0.0645255558
1491.9800000000	0.0636743425
1491.9900000000	0.0627348752
1492.0000000000	0.0618674411
1492.0100000000	0.0612325940
1492.0200000000	0.0607010790
1492.0300000000	0.0601889668
1492.0400000000	0.0598602829
1492.0500000000	0.0595070724
1492.0600000000	0.0592191166
1492.0700000000	0.0590913681
1492.0800000000	0.0590211866
1492.0900000000	0.0590280210
1492.1000000000	0.0591214193
1492.1100000000	0.0592520397
1492.1200000000	0.0593979806
1492.1300000000	0.0595227093
1492.1400000000	0.0596580080
1492.1500000000	0.0596274143
1492.1600000000	0.0596232676
1492.1700000000	0.0596322061
1492.1800000000	0.0598109885
1492.1900000000	0.0602221753
1492.2000000000	0.0609179349
1492.2100000000	0.0615434798
1492.2200000000	0.0621903312
1492.2300000000	0.0628404208
1492.2400000000	0.0633139271
1492.2500000000	0.0639957457
1492.2600000000	0.0644759874
1492.2700000000	0.0649008440
1492.2800000000	0.0652849594
1492.2900000000	0.0652971852
1492.3000000000	0.0651256878
1492.3100000000	0.0649472451
1492.3200000000	0.0645920053
1492.3300000000	0.0641245840
1492.3400000000	0.0636768792
1492.3500000000	0.0633368852
1492.3600000000	0.0631943655
1492.3700000000	0.0631719740
1492.3800000000	0.0632923342
1492.3900000000	0.0634456165
1492.4000000000	0.0635667529
1492.4100000000	0.0636797722
1492.4200000000	0.0637368266
1492.4300000000	0.0637440535
1492.4400000000	0.0635835251
1492.4500000000	0.0633422499
1492.4600000000	0.0628108806
1492.4700000000	0.0620886924
1492.4800000000	0.0612220703
1492.4900000000	0.0601663684
1492.5000000000	0.0589886221
1492.5100000000	0.0578921220
1492.5200000000	0.0569467871
1492.5300000000	0.0563854404
1492.5400000000	0.0560672821
1492.5500000000	0.0558481188
1492.5600000000	0.0557918264
1492.5700000000	0.0557217635
1492.5800000000	0.0555758286
1492.5900000000	0.0555656131
1492.6000000000	0.0555687677
1492.6100000000	0.0554863975
1492.6200000000	0.0553558901
1492.6300000000	0.0551431534
1492.6400000000	0.0548618783
1492.6500000000	0.0544745271
1492.6600000000	0.0539871680
1492.6700000000	0.0534488982
1492.6800000000	0.0528566093
1492.6900000000	0.0523236470
1492.7000000000	0.0522004404
1492.7100000000	0.0523296636
1492.7200000000	0.0527078711
1492.7300000000	0.0533487883
1492.7400000000	0.0542418504
1492.7500000000	0.0550475293
1492.7600000000	0.0558884293
1492.7700000000	0.0566915956
1492.7800000000	0.0574935829
1492.7900000000	0.0582178617
1492.8000000000	0.0589896461
1492.8100000000	0.0596941627
1492.8200000000	0.0601883659
1492.8300000000	0.0605629027
1492.8400000000	0.0608177931
1492.8500000000	0.0608347896
1492.8600000000	0.0606676916
1492.8700000000	0.0604790045
1492.8800000000	0.0604426605
1492.8900000000	0.0604041465
1492.9000000000	0.0604643638
1492.9100000000	0.0607197661
1492.9200000000	0.0609256619
1492.9300000000	0.0609851832
1492.9400000000	0.0609611678
1492.9500000000	0.0610441774
1492.9600000000	0.0609425095
1492.9700000000	0.0607048590
1492.9800000000	0.0603895711
1492.9900000000	0.0599981541
1493.0000000000	0.0594860370
1493.0100000000	0.0588416208
1493.0200000000	0.0581533389
1493.0300000000	0.0574580981
1493.0400000000	0.0568576099
1493.0500000000	0.0565055776
1493.0600000000	0.0564344173
1493.0700000000	0.0566284176
1493.0800000000	0.0570054426
1493.0900000000	0.0575097805
1493.1000000000	0.0580069715
1493.1100000000	0.0584379850
1493.1200000000	0.0589757113
1493.1300000000	0.0595698301
1493.1400000000	0.0601160514
1493.1500000000	0.0604641898
1493.1600000000	0.0606981647
1493.1700000000	0.0607107690
1493.1800000000	0.0603371030
1493.1900000000	0.0597685909
1493.2000000000	0.0590867611
1493.2100000000	0.0581943407
1493.2200000000	0.0576162832
1493.2300000000	0.0573489818
1493.2400000000	0.0573088348
1493.2500000000	0.0577163546
1493.2600000000	0.0584365173
1493.2700000000	0.0594242744
1493.2800000000	0.0604622116
1493.2900000000	0.0612855408
1493.3000000000	0.0623045594
1493.3100000000	0.0633160257
1493.3200000000	0.0640697448
1493.3300000000	0.0649195958
1493.3400000000	0.0657423739
1493.3500000000	0.0664027071
1493.3600000000	0.0669894650
1493.3700000000	0.0673361857
1493.3800000000	0.0673618303
1493.3900000000	0.0671776306
1493.4000000000	0.0669591017
1493.4100000000	0.0668322609
1493.4200000000	0.0666878914
1493.4300000000	0.0667445020
1493.4400000000	0.0668875932
1493.4500000000	0.0670292805
1493.4600000000	0.0672052187
1493.4700000000	0.0673482488
1493.4800000000	0.0672544257
1493.4900000000	0.0669515045
1493.5000000000	0.0664472184
1493.5100000000	0.0658907609
1493.5200000000	0.0651897322
1493.5300000000	0.0642473550
1493.5400000000	0.0634512681
1493.5500000000	0.0625148892
1493.5600000000	0.0614998888
1493.5700000000	0.0606435693
1493.5800000000	0.0599737131
1493.5900000000	0.0597504178
1493.6000000000	0.0599164431
1493.6100000000	0.0602205478
1493.6200000000	0.0606236082
1493.6300000000	0.0609779024
1493.6400000000	0.0613655878
1493.6500000000	0.0616337428
1493.6600000000	0.0616702600
1493.6700000000	0.0613241163
1493.6800000000	0.0608039099
1493.6900000000	0.0599777248
1493.7000000000	0.0587740797
1493.7100000000	0.0574869046
1493.7200000000	0.0560924527
1493.7300000000	0.0546142132
1493.7400000000	0.0533949200
1493.7500000000	0.0526127377
1493.7600000000	0.0522308983
1493.7700000000	0.0521634241
1493.7800000000	0.0525398657
1493.7900000000	0.0532059721
1493.8000000000	0.0540491494
1493.8100000000	0.0550690493
1493.8200000000	0.0563150936
1493.8300000000	0.0577474067
1493.8400000000	0.0588835195
1493.8500000000	0.0599175411
1493.8600000000	0.0607919512
1493.8700000000	0.0614911189
1493.8800000000	0.0617845236
1493.8900000000	0.0615485306
1493.9000000000	0.0607136199
1493.9100000000	0.0598651731
1493.9200000000	0.0590155213
1493.9300000000	0.0585453953
1493.9400000000	0.0583956531
1493.9500000000	0.0586364816
1493.9600000000	0.0593327985
1493.9700000000	0.0601904253
1493.9800000000	0.0613639915
1493.9900000000	0.0625714203
1494.0000000000	0.0636010394
1494.0100000000	0.0644949178
1494.0200000000	0.0652232546
1494.0300000000	0.0657993180
1494.0400000000	0.0661754020
1494.0500000000	0.0662469101
1494.0600000000	0.0659707897
1494.0700000000	0.0653169285
1494.0800000000	0.0643313621
1494.0900000000	0.0629932001
1494.1000000000	0.0616702564
1494.1100000000	0.0607316797
1494.1200000000	0.0600837571
1494.1300000000	0.0596276442
1494.1400000000	0.0596884997
1494.1500000000	0.0601234500
1494.1600000000	0.0607116648
1494.1700000000	0.0613892693
1494.1800000000	0.0618940807
1494.1900000000	0.0623597142
1494.2000000000	0.0628545962
1494.2100000000	0.0630064597
1494.2200000000	0.0631811876
1494.2300000000	0.0628272886
1494.2400000000	0.0620226032
1494.2500000000	0.0610737545
1494.2600000000	0.0599993852
1494.2700000000	0.0587654014
1494.2800000000	0.0578975703
1494.2900000000	0.0571317807
1494.3000000000	0.0566648804
1494.3100000000	0.0568222706
1494.3200000000	0.0571937760
1494.3300000000	0.0579185190
1494.3400000000	0.0590608621
1494.3500000000	0.0600919145
1494.3600000000	0.0612185760
1494.3700000000	0.0622423395
1494.3800000000	0.0632967490
1494.3900000000	0.0641665502
1494.4000000000	0.0648657288
1494.4100000000	0.0650637137
1494.4200000000	0.0649947502
1494.4300000000	0.0646032593
1494.4400000000	0.0638339781
1494.4500000000	0.0630264250
1494.4600000000	0.0623340696
1494.4700000000	0.0617228370
1494.4800000000	0.0616344914
1494.4900000000	0.0616648500
1494.5000000000	0.0619778804
1494.5100000000	0.0625175780
1494.5200000000	0.0630623263
1494.5300000000	0.0638358436
1494.5400000000	0.0644124042
1494.5500000000	0.0646975241
1494.5600000000	0.0650817163
1494.5700000000	0.0653137002
1494.5800000000	0.0651578125
1494.5900000000	0.0649632991
1494.6000000000	0.0642478783
1494.6100000000	0.0632011549
1494.6200000000	0.0620570592
1494.6300000000	0.0608318274
1494.6400000000	0.0597973421
1494.6500000000	0.0590130831
1494.6600000000	0.0582603367
1494.6700000000	0.0580962124
1494.6800000000	0.0581626346
1494.6900000000	0.0581142411
1494.7000000000	0.0584215952
1494.7100000000	0.0584851869
1494.7200000000	0.0584608741
1494.7300000000	0.0585509744
1494.7400000000	0.0584236888
1494.7500000000	0.0580723030
1494.7600000000	0.0577719146
1494.7700000000	0.0571548878
1494.7800000000	0.0561333156
1494.7900000000	0.0552098117
1494.8000000000	0.0542657860
1494.8100000000	0.0535383487
1494.8200000000	0.0530795253
1494.8300000000	0.0528107183
1494.8400000000	0.0530482000
1494.8500000000	0.0537611430
1494.8600000000	0.0546980009
1494.8700000000	0.0559284123
1494.8800000000	0.0574047336
1494.8900000000	0.0589642670
1494.9000000000	0.0608661404
1494.9100000000	0.0626901966
1494.9200000000	0.0642053270
1494.9300000000	0.0655364123
1494.9400000000	0.0664681783
1494.9500000000	0.0668940876
1494.9600000000	0.0669312687
1494.9700000000	0.0664415824
1494.9800000000	0.0658815003
1494.9900000000	0.0653774500
1495.0000000000	0.0649098736
1495.0100000000	0.0646604458
1495.0200000000	0.0645326399
1495.0300000000	0.0646310456
1495.0400000000	0.0650812972
1495.0500000000	0.0655746467
1495.0600000000	0.0661367858
1495.0700000000	0.0666731393
1495.0800000000	0.0673009793
1495.0900000000	0.0679445689
1495.1000000000	0.0686131328
1495.1100000000	0.0691091220
1495.1200000000	0.0693354989
1495.1300000000	0.0691588841
1495.1400000000	0.0685417088
1495.1500000000	0.0676723235
1495.1600000000	0.0668776385
1495.1700000000	0.0662612106
1495.1800000000	0.0655689975
1495.1900000000	0.0651655917
1495.2000000000	0.0650440111
1495.2100000000	0.0648085951
1495.2200000000	0.0647247653
1495.2300000000	0.0645455375
1495.2400000000	0.0641935455
1495.2500000000	0.0638320621
1495.2600000000	0.0632802569
1495.2700000000	0.0627008469
1495.2800000000	0.0620698645
1495.2900000000	0.0612140239
1495.3000000000	0.0599311250
1495.3100000000	0.0587147284
1495.3200000000	0.0573438738
1495.3300000000	0.0561885189
1495.3400000000	0.0550746965
1495.3500000000	0.0542545619
1495.3600000000	0.0538018858
1495.3700000000	0.0537981614
1495.3800000000	0.0541221846
1495.3900000000	0.0546187431
1495.4000000000	0.0551628213
1495.4100000000	0.0557139542
1495.4200000000	0.0563843261
1495.4300000000	0.0570045683
1495.4400000000	0.0575927262
1495.4500000000	0.0580892698
1495.4600000000	0.0584501262
1495.4700000000	0.0584901504
1495.4800000000	0.0583254633
1495.4900000000	0.0579984996
1495.5000000000	0.0576312700
1495.5100000000	0.0574103354
1495.5200000000	0.0570509649
1495.5300000000	0.0569189362
1495.5400000000	0.0573314970
1495.5500000000	0.0576440151
1495.5600000000	0.0582850878
1495.5700000000	0.0589957680
1495.5800000000	0.0596077786
1495.5900000000	0.0600541171
1495.6000000000	0.0603925550
1495.6100000000	0.0604866466
1495.6200000000	0.0604549509
1495.6300000000	0.0604508925
1495.6400000000	0.0602536915
1495.6500000000	0.0597995620
1495.6600000000	0.0592016668
1495.6700000000	0.0585588160
1495.6800000000	0.0580506750
1495.6900000000	0.0576065685
1495.7000000000	0.0573583228
1495.7100000000	0.0575054967
1495.7200000000	0.0579756650
1495.7300000000	0.0586647195
1495.7400000000	0.0596613693
1495.7500000000	0.0607013893
1495.7600000000	0.0615153140
1495.7700000000	0.0624449465
1495.7800000000	0.0629216811
1495.7900000000	0.0632311052
1495.8000000000	0.0633780856
1495.8100000000	0.0631064249
1495.8200000000	0.0624122631
1495.8300000000	0.0615133643
1495.8400000000	0.0602700849
1495.8500000000	0.0589721691
1495.8600000000	0.0575212258
1495.8700000000	0.0563209820
1495.8800000000	0.0553969482
1495.8900000000	0.0548633153
1495.9000000000	0.0546439894
1495.9100000000	0.0548060123
1495.9200000000	0.0552191090
1495.9300000000	0.0557487082
1495.9400000000	0.0563395496
1495.9500000000	0.0569059649
1495.9600000000	0.0574947643
1495.9700000000	0.0580669336
1495.9800000000	0.0584093883
1495.9900000000	0.0585286143
1496.0000000000	0.0583920375
1496.0100000000	0.0581066536
1496.0200000000	0.0575935033
1496.0300000000	0.0572257149
1496.0400000000	0.0566808773
1496.0500000000	0.0562091051
1496.0600000000	0.0560945980
1496.0700000000	0.0563402030
1496.0800000000	0.0567675037
1496.0900000000	0.0575077900
1496.1000000000	0.0583206041
1496.1100000000	0.0590661441
1496.1200000000	0.0598036187
1496.1300000000	0.0602210221
1496.1400000000	0.0606204180
1496.1500000000	0.0608003384
1496.1600000000	0.0606666366
1496.1700000000	0.0602581056
1496.1800000000	0.0597323979
1496.1900000000	0.0590031280
1496.2000000000	0.0579788038
1496.2100000000	0.0569906623
1496.2200000000	0.0561607080
1496.2300000000	0.0555708470
1496.2400000000	0.0553112312
1496.2500000000	0.0553854391
1496.2600000000	0.0558344754
1496.2700000000	0.0565362177
1496.2800000000	0.0573654085
1496.2900000000	0.0581548040
1496.3000000000	0.0588809938
1496.3100000000	0.0594605859
1496.3200000000	0.0597979889
1496.3300000000	0.0598803321
1496.3400000000	0.0596372625
1496.3500000000	0.0592428698
1496.3600000000	0.0584575613
1496.3700000000	0.0574161535
1496.3800000000	0.0560954913
1496.3900000000	0.0548454918
1496.4000000000	0.0536686813
1496.4100000000	0.0527296565
1496.4200000000	0.0521200101
1496.4300000000	0.0519287985
1496.4400000000	0.0520554352
1496.4500000000	0.0523826754
1496.4600000000	0.0528461038
1496.4700000000	0.0532544656
1496.4800000000	0.0536830191
1496.4900000000	0.0541773700
1496.5000000000	0.0544267952
1496.5100000000	0.0544725655
1496.5200000000	0.0544002719
1496.5300000000	0.0542731426
1496.5400000000	0.0539432415
1496.5500000000	0.0534476263
1496.5600000000	0.0529667313
1496.5700000000	0.0527336365
1496.5800000000	0.0527872459
1496.5900000000	0.0530915651
1496.6000000000	0.0536800867
1496.6100000000	0.0547244354
1496.6200000000	0.0560343456
1496.6300000000	0.0573490405
1496.6400000000	0.0585712263
1496.6500000000	0.0597927422
1496.6600000000	0.0608989586
1496.6700000000	0.0617580143
1496.6800000000	0.0623185426
1496.6900000000	0.0625526847
1496.7000000000	0.0624359170
1496.7100000000	0.0620688224
1496.7200000000	0.0615035137
1496.7300000000	0.0608410081
1496.7400000000	0.0601534129
1496.7500000000	0.0595441961
1496.7600000000	0.0593206350
1496.7700000000	0.0594296012
1496.7800000000	0.0599220362
1496.7900000000	0.0607143360
1496.8000000000	0.0616607954
1496.8100000000	0.0628257292
1496.8200000000	0.0639589440
1496.8300000000	0.0651410599
1496.8400000000	0.0658788826
1496.8500000000	0.0662140748
1496.8600000000	0.0662035704
1496.8700000000	0.0657113263
1496.8800000000	0.0646771066
1496.8900000000	0.0632058278
1496.9000000000	0.0614684100
1496.9100000000	0.0596992997
1496.9200000000	0.0580430915
1496.9300000000	0.0565774923
1496.9400000000	0.0555387863
1496.9500000000	0.0550126453
1496.9600000000	0.0548843554
1496.9700000000	0.0551388544
1496.9800000000	0.0556352111
1496.9900000000	0.0562555996
1497.0000000000	0.0570260931
1497.0100000000	0.0577866415
1497.0200000000	0.0583797748
1497.0300000000	0.0589268325
1497.0400000000	0.0593487275
1497.0500000000	0.0595979139
1497.0600000000	0.0597336426
1497.0700000000	0.0594545162
1497.0800000000	0.0589666673
1497.0900000000	0.0585109268
1497.1000000000	0.0579400368
1497.1100000000	0.0575163924
1497.1200000000	0.0577164867
1497.1300000000	0.0582324335
1497.1400000000	0.0592754130
1497.1500000000	0.0606867990
1497.1600000000	0.0622122451
1497.1700000000	0.0638201672
1497.1800000000	0.0654050709
1497.1900000000	0.0667573962
1497.2000000000	0.0678172833
1497.2100000000	0.0686371472
1497.2200000000	0.0690758640
1497.2300000000	0.0692503527
1497.2400000000	0.0689831993
1497.2500000000	0.0681803921
1497.2600000000	0.0671738762
1497.2700000000	0.0659452498
1497.2800000000	0.0646471340
1497.2900000000	0.0637411913
1497.3000000000	0.0631882562
1497.3100000000	0.0628444541
1497.3200000000	0.0631167178
1497.3300000000	0.0635594921
1497.3400000000	0.0641055708
1497.3500000000	0.0648583581
1497.3600000000	0.0653763666
1497.3700000000	0.0659045731
1497.3800000000	0.0662826642
1497.3900000000	0.0662052585
1497.4000000000	0.0659308965
1497.4100000000	0.0653759154
1497.4200000000	0.0644439838
1497.4300000000	0.0633821673
1497.4400000000	0.0620628220
1497.4500000000	0.0605176102
1497.4600000000	0.0592728160
1497.4700000000	0.0582073104
1497.4800000000	0.0574342786
1497.4900000000	0.0570635696
1497.5000000000	0.0568653563
1497.5100000000	0.0568543079
1497.5200000000	0.0571038614
1497.5300000000	0.0572453749
1497.5400000000	0.0573212211
1497.5500000000	0.0574401733
1497.5600000000	0.0571965206
1497.5700000000	0.0568518834
1497.5800000000	0.0565016493
1497.5900000000	0.0558804754
1497.6000000000	0.0551754773
1497.6100000000	0.0545892402
1497.6200000000	0.0538443387
1497.6300000000	0.0532659465
1497.6400000000	0.0529722622
1497.6500000000	0.0529394932
1497.6600000000	0.0534542251
1497.6700000000	0.0542368308
1497.6800000000	0.0552795655
1497.6900000000	0.0567280946
1497.7000000000	0.0583070811
1497.7100000000	0.0598701024
1497.7200000000	0.0612526570
1497.7300000000	0.0623495996
1497.7400000000	0.0632213452
1497.7500000000	0.0638394025
1497.7600000000	0.0641119223
1497.7700000000	0.0640837279
1497.7800000000	0.0638254335
1497.7900000000	0.0633075513
1497.8000000000	0.0624369981
1497.8100000000	0.0616534725
1497.8200000000	0.0609937931
1497.8300000000	0.0606904224
1497.8400000000	0.0606784019
1497.8500000000	0.0609616536
1497.8600000000	0.0615336682
1497.8700000000	0.0622500721
1497.8800000000	0.0630270653
1497.8900000000	0.0635934201
1497.9000000000	0.0641092069
1497.9100000000	0.0643364058
1497.9200000000	0.0642035076
1497.9300000000	0.0638383221
1497.9400000000	0.0631705450
1497.9500000000	0.0621860481
1497.9600000000	0.0609576229
1497.9700000000	0.0596336102
1497.9800000000	0.0583312214
1497.9900000000	0.0572452927
1498.0000000000	0.0565667093
1498.0100000000	0.0561452325
1498.0200000000	0.0560846948
1498.0300000000	0.0563732812
1498.0400000000	0.0568888129
1498.0500000000	0.0575869465
1498.0600000000	0.0584681752
1498.0700000000	0.0592399866
1498.0800000000	0.0599103110
1498.0900000000	0.0604578322
1498.1000000000	0.0607742126
1498.1100000000	0.0610281477
1498.1200000000	0.0610793481
1498.1300000000	0.0608904882
1498.1400000000	0.0605633705
1498.1500000000	0.0599875504
1498.1600000000	0.0595453237
1498.1700000000	0.0594697198
1498.1800000000	0.0595764298
1498.1900000000	0.0598553184
1498.2000000000	0.0604538698
1498.2100000000	0.0613969561
1498.2200000000	0.0625651933
1498.2300000000	0.0637388447
1498.2400000000	0.0647988240
1498.2500000000	0.0656273761
1498.2600000000	0.0663273640
1498.2700000000	0.0669558322
1498.2800000000	0.0672963230
1498.2900000000	0.0675752711
1498.3000000000	0.0675655634
1498.3100000000	0.0672752381
1498.3200000000	0.0667301454
1498.3300000000	0.0659619354
1498.3400000000	0.0652638195
1498.3500000000	0.0646423552
1498.3600000000	0.0641906134
1498.3700000000	0.0641769203
1498.3800000000	0.0645512012
1498.3900000000	0.0650153840
1498.4000000000	0.0655923447
1498.4100000000	0.0662483455
1498.4200000000	0.0666961566
1498.4300000000	0.0669641873
1498.4400000000	0.0670072602
1498.4500000000	0.0668372404
1498.4600000000	0.0664067175
1498.4700000000	0.0657442382
1498.4800000000	0.0649339946
1498.4900000000	0.0640210694
1498.5000000000	0.0630336729
1498.5100000000	0.0621199450
1498.5200000000	0.0613699091
1498.5300000000	0.0608627534
1498.5400000000	0.0605403882
1498.5500000000	0.0604724577
1498.5600000000	0.0608305524
1498.5700000000	0.0611974852
1498.5800000000	0.0615886276
1498.5900000000	0.0618847844
1498.6000000000	0.0618471485
1498.6100000000	0.0615836938
1498.6200000000	0.0610040818
1498.6300000000	0.0602035446
1498.6400000000	0.0593587002
1498.6500000000	0.0584165349
1498.6600000000	0.0573578819
1498.6700000000	0.0562402124
1498.6800000000	0.0551628182
1498.6900000000	0.0543831387
1498.7000000000	0.0539891635
1498.7100000000	0.0539152766
1498.7200000000	0.0542467973
1498.7300000000	0.0550981120
1498.7400000000	0.0563171967
1498.7500000000	0.0576986808
1498.7600000000	0.0592732814
1498.7700000000	0.0608631602
1498.7800000000	0.0621611055
1498.7900000000	0.0631852870
1498.8000000000	0.0639886147
1498.8100000000	0.0645187428
1498.8200000000	0.0648524619
1498.8300000000	0.0649239773
1498.8400000000	0.0647173838
1498.8500000000	0.0643304345
1498.8600000000	0.0639437813
1498.8700000000	0.0635123778
1498.8800000000	0.0632364788
1498.8900000000	0.0632673230
1498.9000000000	0.0638214646
1498.9100000000	0.0647999246
1498.9200000000	0.0660888806
1498.9300000000	0.0674235848
1498.9400000000	0.0688084133
1498.9500000000	0.0700808646
1498.9600000000	0.0708316428
1498.9700000000	0.0711773115
1498.9800000000	0.0711748152
1498.9900000000	0.0707423423
1499.0000000000	0.0699916739
1499.0100000000	0.0689939342
1499.0200000000	0.0678029485
1499.0300000000	0.0664018517
1499.0400000000	0.0651897360
1499.0500000000	0.0638892877
1499.0600000000	0.0628348467
1499.0700000000	0.0623344891
1499.0800000000	0.0621992887
1499.0900000000	0.0623994448
1499.1000000000	0.0628870259
1499.1100000000	0.0635805480
1499.1200000000	0.0643257497
1499.1300000000	0.0646702280
1499.1400000000	0.0646721666
1499.1500000000	0.0643921165
1499.1600000000	0.0636974621
1499.1700000000	0.0627071538
1499.1800000000	0.0614763095
1499.1900000000	0.0600391043
1499.2000000000	0.0584384811
1499.2100000000	0.0569445498
1499.2200000000	0.0555430184
1499.2300000000	0.0544449291
1499.2400000000	0.0538176863
1499.2500000000	0.0535273430
1499.2600000000	0.0535885936
1499.2700000000	0.0540423705
1499.2800000000	0.0547772902
1499.2900000000	0.0557727937
1499.3000000000	0.0568139279
1499.3100000000	0.0576547044
1499.3200000000	0.0584081187
1499.3300000000	0.0589156944
1499.3400000000	0.0591894722
1499.3500000000	0.0592469234
1499.3600000000	0.0590357802
1499.3700000000	0.0585485206
1499.3800000000	0.0579403059
1499.3900000000	0.0572782661
1499.4000000000	0.0567215202
1499.4100000000	0.0564499933
1499.4200000000	0.0565774392
1499.4300000000	0.0570227992
1499.4400000000	0.0578564963
1499.4500000000	0.0590568798
1499.4600000000	0.0604852290
1499.4700000000	0.0620474346
1499.4800000000	0.0634316996
1499.4900000000	0.0645974530
1499.5000000000	0.0656236993
1499.5100000000	0.0664301963
1499.5200000000	0.0668833498
1499.5300000000	0.0671620307
1499.5400000000	0.0672344663
1499.5500000000	0.0671147877
1499.5600000000	0.0667825248
1499.5700000000	0.0664052610
1499.5800000000	0.0659850715
1499.5900000000	0.0656928920
1499.6000000000	0.0656492383
1499.6100000000	0.0658073138
1499.6200000000	0.0664302081
1499.6300000000	0.0674357743
1499.6400000000	0.0684520587
1499.6500000000	0.0692827820
1499.6600000000	0.0698311812
1499.6700000000	0.0701723190
1499.6800000000	0.0702276593
1499.6900000000	0.0699348082
1499.7000000000	0.0694995536
1499.7100000000	0.0687370349
1499.7200000000	0.0676555339
1499.7300000000	0.0665561123
1499.7400000000	0.0654524695
1499.7500000000	0.0643089850
1499.7600000000	0.0633084625
1499.7700000000	0.0626425198
1499.7800000000	0.0623396318
1499.7900000000	0.0624200514
1499.8000000000	0.0629336062
1499.8100000000	0.0638094294
1499.8200000000	0.0649290302
1499.8300000000	0.0659803733
1499.8400000000	0.0668447406
1499.8500000000	0.0676528073
1499.8600000000	0.0682820933
1499.8700000000	0.0686731551
1499.8800000000	0.0687949444
1499.8900000000	0.0688276209
1499.9000000000	0.0685378855
1499.9100000000	0.0680441584
1499.9200000000	0.0674361270
1499.9300000000	0.0668575836
1499.9400000000	0.0664113868
1499.9500000000	0.0661754020
1499.9600000000	0.0663434176
1499.9700000000	0.0668849009
1499.9800000000	0.0677208650
1499.9900000000	0.0687291495
1500.0000000000	0.0698244502
1500.0100000000	0.0707136068
1500.0200000000	0.0712055229
1500.0300000000	0.0714355738
1500.0400000000	0.0711699327
1500.0500000000	0.0707048697
1500.0600000000	0.0702435468
1500.0700000000	0.0694908764
1500.0800000000	0.0685204314
1500.0900000000	0.0675749574
1500.1000000000	0.0666087967
1500.1100000000	0.0657374097
1500.1200000000	0.0648794721
1500.1300000000	0.0642183756
1500.1400000000	0.0638997566
1500.1500000000	0.0640850131
1500.1600000000	0.0645596915
1500.1700000000	0.0651585252
1500.1800000000	0.0657399728
1500.1900000000	0.0660617041
1500.2000000000	0.0660742794
1500.2100000000	0.0658503590
1500.2200000000	0.0653237846
1500.2300000000	0.0646358328
1500.2400000000	0.0638580018
1500.2500000000	0.0630109042
1500.2600000000	0.0621303474
1500.2700000000	0.0612366780
1500.2800000000	0.0604162678
1500.2900000000	0.0596820535
1500.3000000000	0.0591389315
1500.3100000000	0.0589691163
1500.3200000000	0.0592289885
1500.3300000000	0.0597458472
1500.3400000000	0.0606988455
1500.3500000000	0.0617705142
1500.3600000000	0.0628756650
1500.3700000000	0.0638844120
1500.3800000000	0.0645424542
1500.3900000000	0.0649236043
1500.4000000000	0.0651027513
1500.4100000000	0.0650390312
1500.4200000000	0.0649285766
1500.4300000000	0.0647512142
1500.4400000000	0.0644450726
1500.4500000000	0.0642648493
1500.4600000000	0.0641969527
1500.4700000000	0.0641373626
1500.4800000000	0.0643181249
1500.4900000000	0.0647935349
1500.5000000000	0.0654682442
1500.5100000000	0.0665240116
1500.5200000000	0.0678604944
1500.5300000000	0.0691887477
1500.5400000000	0.0706062091
1500.5500000000	0.0717160409
1500.5600000000	0.0723181394
1500.5700000000	0.0725791571
1500.5800000000	0.0725648541
1500.5900000000	0.0720917914
1500.6000000000	0.0715052094
1500.6100000000	0.0705981305
1500.6200000000	0.0695962336
1500.6300000000	0.0687602011
1500.6400000000	0.0679325119
1500.6500000000	0.0672388473
1500.6600000000	0.0667825149
1500.6700000000	0.0666756085
1500.6800000000	0.0671272893
1500.6900000000	0.0679701647
1500.7000000000	0.0688979044
1500.7100000000	0.0699439953
1500.7200000000	0.0707017255
1500.7300000000	0.0709776991
1500.7400000000	0.0710089405
1500.7500000000	0.0707252457
1500.7600000000	0.0700557060
1500.7700000000	0.0692063387
1500.7800000000	0.0681624204
1500.7900000000	0.0670986683
1500.8000000000	0.0659910956
1500.8100000000	0.0646408552
1500.8200000000	0.0634945036
1500.8300000000	0.0627504903
1500.8400000000	0.0621112364
1500.8500000000	0.0618735887
1500.8600000000	0.0621227887
1500.8700000000	0.0628209821
1500.8800000000	0.0638535530
1500.8900000000	0.0650357106
1500.9000000000	0.0661016587
1500.9100000000	0.0669693174
1500.9200000000	0.0675220638
1500.9300000000	0.0678587540
1500.9400000000	0.0678905929
1500.9500000000	0.0675188779
1500.9600000000	0.0670609515
1500.9700000000	0.0666152277
1500.9800000000	0.0660049567
1500.9900000000	0.0653768747
1501.0000000000	0.0648700094
1501.0100000000	0.0643508845
1501.0200000000	0.0640768815
1501.0300000000	0.0643435578
1501.0400000000	0.0648531836
1501.0500000000	0.0656231892
1501.0600000000	0.0667615699
1501.0700000000	0.0677869120
1501.0800000000	0.0688660744
1501.0900000000	0.0696425660
1501.1000000000	0.0700889647
1501.1100000000	0.0703775560
1501.1200000000	0.0704127690
1501.1300000000	0.0701168431
1501.1400000000	0.0697597614
1501.1500000000	0.0694715118
1501.1600000000	0.0691867043
1501.1700000000	0.0688348699
1501.1800000000	0.0684565835
1501.1900000000	0.0681741204
1501.2000000000	0.0681007620
1501.2100000000	0.0682972350
1501.2200000000	0.0688173152
1501.2300000000	0.0695616297
1501.2400000000	0.0703783183
1501.2500000000	0.0712028452
1501.2600000000	0.0718287692
1501.2700000000	0.0721520191
1501.2800000000	0.0722895347
1501.2900000000	0.0722440296
1501.3000000000	0.0720034990
1501.3100000000	0.0716618345
1501.3200000000	0.0712740869
1501.3300000000	0.0708833974
1501.3400000000	0.0703948658
1501.3500000000	0.0699182643
1501.3600000000	0.0694473803
1501.3700000000	0.0691050493
1501.3800000000	0.0689220159
1501.3900000000	0.0690970079
1501.4000000000	0.0694563030
1501.4100000000	0.0699343032
1501.4200000000	0.0703669809
1501.4300000000	0.0706903020
1501.4400000000	0.0708939994
1501.4500000000	0.0708056978
1501.4600000000	0.0704411072
1501.4700000000	0.0698876304
1501.4800000000	0.0693238404
1501.4900000000	0.0687831906
1501.5000000000	0.0681488906
1501.5100000000	0.0674115070
1501.5200000000	0.0666318034
1501.5300000000	0.0661200154
1501.5400000000	0.0656832408
1501.5500000000	0.0654114420
1501.5600000000	0.0656015371
1501.5700000000	0.0661081441
1501.5800000000	0.0668926490
1501.5900000000	0.0679427363
1501.6000000000	0.0690536957
1501.6100000000	0.0700220650
1501.6200000000	0.0707878244
1501.6300000000	0.0712994500
1501.6400000000	0.0714693293
1501.6500000000	0.0713147562
1501.6600000000	0.0709785187
1501.6700000000	0.0704835414
1501.6800000000	0.0700109628
1501.6900000000	0.0694991753
1501.7000000000	0.0689177113
1501.7100000000	0.0683585904
1501.7200000000	0.0678722103
1501.7300000000	0.0675313495
1501.7400000000	0.0673577549
1501.7500000000	0.0673236904
1501.7600000000	0.0674875848
1501.7700000000	0.0677300626
1501.7800000000	0.0679274090
1501.7900000000	0.0678955468
1501.8000000000	0.0676612663
1501.8100000000	0.0672738667
1501.8200000000	0.0667504388
1501.8300000000	0.0660433275
1501.8400000000	0.0653515922
1501.8500000000	0.0647455535
1501.8600000000	0.0641178565
1501.8700000000	0.0636146712
1501.8800000000	0.0630898110
1501.8900000000	0.0627363693
1501.9000000000	0.0625641260
1501.9100000000	0.0626199993
1501.9200000000	0.0628065530
1501.9300000000	0.0631533752
1501.9400000000	0.0635824385
1501.9500000000	0.0639327436
1501.9600000000	0.0640470925
1501.9700000000	0.0639196448
1501.9800000000	0.0635808519
1501.9900000000	0.0629209941
1502.0000000000	0.0619803533
1502.0100000000	0.0610226521
1502.0200000000	0.0602086353
1502.0300000000	0.0594345204
1502.0400000000	0.0586221219
1502.0500000000	0.0577449795
1502.0600000000	0.0569648750
1502.0700000000	0.0563856360
1502.0800000000	0.0561067543
1502.0900000000	0.0560996035
1502.1000000000	0.0566001661
1502.1100000000	0.0575700818
1502.1200000000	0.0587368110
1502.1300000000	0.0600473424
1502.1400000000	0.0613944836
1502.1500000000	0.0627188286
1502.1600000000	0.0638386937
1502.1700000000	0.0646556307
1502.1800000000	0.0653516329
1502.1900000000	0.0658393046
1502.2000000000	0.0660944081
1502.2100000000	0.0661396480
1502.2200000000	0.0660542760
1502.2300000000	0.0657814005
1502.2400000000	0.0653981491
1502.2500000000	0.0650172045
1502.2600000000	0.0648083505
1502.2700000000	0.0648434356
1502.2800000000	0.0652370136
1502.2900000000	0.0659478667
1502.3000000000	0.0669247977
1502.3100000000	0.0679078981
1502.3200000000	0.0688527013
1502.3300000000	0.0696357052
1502.3400000000	0.0701500004
1502.3500000000	0.0702607103
1502.3600000000	0.0700969413
1502.3700000000	0.0697501498
1502.3800000000	0.0692043225
1502.3900000000	0.0684144315
1502.4000000000	0.0674107839
1502.4100000000	0.0662079110
1502.4200000000	0.0650170127
1502.4300000000	0.0639275704
1502.4400000000	0.0629935635
1502.4500000000	0.0623320948
1502.4600000000	0.0619699356
1502.4700000000	0.0617899122
1502.4800000000	0.0618753399
1502.4900000000	0.0621606097
1502.5000000000	0.0624449458
1502.5100000000	0.0626662874
1502.5200000000	0.0627939880
1502.5300000000	0.0627871777
1502.5400000000	0.0627548288
1502.5500000000	0.0628099063
1502.5600000000	0.0630126954
1502.5700000000	0.0634923200
1502.5800000000	0.0639874742
1502.5900000000	0.0644365337
1502.6000000000	0.0648481292
1502.6100000000	0.0653070650
1502.6200000000	0.0659298143
1502.6300000000	0.0667898133
1502.6400000000	0.0678035567
1502.6500000000	0.0690080899
1502.6600000000	0.0701748252
1502.6700000000	0.0712338571
1502.6800000000	0.0721922828
1502.6900000000	0.0728507865
1502.7000000000	0.0731276389
1502.7100000000	0.0732683754
1502.7200000000	0.0734116169
1502.7300000000	0.0735475657
1502.7400000000	0.0736776770
1502.7500000000	0.0737613958
1502.7600000000	0.0738651685
1502.7700000000	0.0739796596
1502.7800000000	0.0740871707
1502.7900000000	0.0741559546
1502.8000000000	0.0743891337
1502.8100000000	0.0747957474
1502.8200000000	0.0752612679
1502.8300000000	0.0758489944
1502.8400000000	0.0764826374
1502.8500000000	0.0771247897
1502.8600000000	0.0774382788
1502.8700000000	0.0773220722
1502.8800000000	0.0769538545
1502.8900000000	0.0764156057
1502.9000000000	0.0756090552
1502.9100000000	0.0746940727
1502.9200000000	0.0737215459
1502.9300000000	0.0728822044
1502.9400000000	0.0719244042
1502.9500000000	0.0708843552
1502.9600000000	0.0700727149
1502.9700000000	0.0693873554
1502.9800000000	0.0688334403
1502.9900000000	0.0686308158
1503.0000000000	0.0686497879
1503.0100000000	0.0688292279
1503.0200000000	0.0691265298
1503.0300000000	0.0694754387
1503.0400000000	0.0697666558
1503.0500000000	0.0698199541
1503.0600000000	0.0696007519
1503.0700000000	0.0690988304
1503.0800000000	0.0685097495
1503.0900000000	0.0680024523
1503.1000000000	0.0674487811
1503.1100000000	0.0668638745
1503.1200000000	0.0662612162
1503.1300000000	0.0656154883
1503.1400000000	0.0651666521
1503.1500000000	0.0648495467
1503.1600000000	0.0647094421
1503.1700000000	0.0648177663
1503.1800000000	0.0651894812
1503.1900000000	0.0657931837
1503.2000000000	0.0664972031
1503.2100000000	0.0670205270
1503.2200000000	0.0672714101
1503.2300000000	0.0672606787
1503.2400000000	0.0669309814
1503.2500000000	0.0663531782
1503.2600000000	0.0656063910
1503.2700000000	0.0648449000
1503.2800000000	0.0641752364
1503.2900000000	0.0633645565
1503.3000000000	0.0623619982
1503.3100000000	0.0615410421
1503.3200000000	0.0608218809
1503.3300000000	0.0602218157
1503.3400000000	0.0598727479
1503.3500000000	0.0599182531
1503.3600000000	0.0602550985
1503.3700000000	0.0609005740
1503.3800000000	0.0617179297
1503.3900000000	0.0624464422
1503.4000000000	0.0631611390
1503.4100000000	0.0637082994
1503.4200000000	0.0641081023
1503.4300000000	0.0646576361
1503.4400000000	0.0651157527
1503.4500000000	0.0654665022
1503.4600000000	0.0659066987
1503.4700000000	0.0661449580
1503.4800000000	0.0662918660
1503.4900000000	0.0664607680
1503.5000000000	0.0665009487
1503.5100000000	0.0666330743
1503.5200000000	0.0669031113
1503.5300000000	0.0670032750
1503.5400000000	0.0673100304
1503.5500000000	0.0677911075
1503.5600000000	0.0682253627
1503.5700000000	0.0684845335
1503.5800000000	0.0688577658
1503.5900000000	0.0690336248
1503.6000000000	0.0689182309
1503.6100000000	0.0688814876
1503.6200000000	0.0688570435
1503.6300000000	0.0689499303
1503.6400000000	0.0690201714
1503.6500000000	0.0688927976
1503.6600000000	0.0689812418
1503.6700000000	0.0690905394
1503.6800000000	0.0691266291
1503.6900000000	0.0692577799
1503.7000000000	0.0695092120
1503.7100000000	0.0699468571
1503.7200000000	0.0706472756
1503.7300000000	0.0713510506
1503.7400000000	0.0720070351
1503.7500000000	0.0726017021
1503.7600000000	0.0728616142
1503.7700000000	0.0728481221
1503.7800000000	0.0727917768
1503.7900000000	0.0726712764
1503.8000000000	0.0725489486
1503.8100000000	0.0725164741
1503.8200000000	0.0722975611
1503.8300000000	0.0721353228
1503.8400000000	0.0719974797
1503.8500000000	0.0716763868
1503.8600000000	0.0714816764
1503.8700000000	0.0714100296
1503.8800000000	0.0714460225
1503.8900000000	0.0718500974
1503.9000000000	0.0725147163
1503.9100000000	0.0732876991
1503.9200000000	0.0741042013
1503.9300000000	0.0745874251
1503.9400000000	0.0747998332
1503.9500000000	0.0748613860
1503.9600000000	0.0746136277
1503.9700000000	0.0743553893
1503.9800000000	0.0741097994
1503.9900000000	0.0736103736
1504.0000000000	0.0730691284
1504.0100000000	0.0725050695
1504.0200000000	0.0718203358
1504.0300000000	0.0711553408
1504.0400000000	0.0705505347
1504.0500000000	0.0699482817
1504.0600000000	0.0695385520
1504.0700000000	0.0692517780
1504.0800000000	0.0689404696
1504.0900000000	0.0688927976
1504.1000000000	0.0687945592
1504.1100000000	0.0684519339
1504.1200000000	0.0678596986
1504.1300000000	0.0671373382
1504.1400000000	0.0665831716
1504.1500000000	0.0659508191
1504.1600000000	0.0652645353
1504.1700000000	0.0646556313
1504.1800000000	0.0640056659
1504.1900000000	0.0633940886
1504.2000000000	0.0627844993
1504.2100000000	0.0621686106
1504.2200000000	0.0617694958
1504.2300000000	0.0615083058
1504.2400000000	0.0614627383
1504.2500000000	0.0616629019
1504.2600000000	0.0620662599
1504.2700000000	0.0625425447
1504.2800000000	0.0629595233
1504.2900000000	0.0633280591
1504.3000000000	0.0636298488
1504.3100000000	0.0638190669
1504.3200000000	0.0638763435
1504.3300000000	0.0636882772
1504.3400000000	0.0634830451
1504.3500000000	0.0632568410
1504.3600000000	0.0628355755
1504.3700000000	0.0622729815
1504.3800000000	0.0617282646
1504.3900000000	0.0610598629
1504.4000000000	0.0604328259
1504.4100000000	0.0601622653
1504.4200000000	0.0601877048
1504.4300000000	0.0605684143
1504.4400000000	0.0612159084
1504.4500000000	0.0620910084
1504.4600000000	0.0631210512
1504.4700000000	0.0639837189
1504.4800000000	0.0647149416
1504.4900000000	0.0654439831
1504.5000000000	0.0660528633
1504.5100000000	0.0665240186
1504.5200000000	0.0669579243
1504.5300000000	0.0673377858
1504.5400000000	0.0676039053
1504.5500000000	0.0677199501
1504.5600000000	0.0677139646
1504.5700000000	0.0675015930
1504.5800000000	0.0671597622
1504.5900000000	0.0667847059
1504.6000000000	0.0665399605
1504.6100000000	0.0664721384
1504.6200000000	0.0665205527
1504.6300000000	0.0666454883
1504.6400000000	0.0667535673
1504.6500000000	0.0666090296
1504.6600000000	0.0664390076
1504.6700000000	0.0662008413
1504.6800000000	0.0658344908
1504.6900000000	0.0654427783
1504.7000000000	0.0650726527
1504.7100000000	0.0646958555
1504.7200000000	0.0643232898
1504.7300000000	0.0639864721
1504.7400000000	0.0636024590
1504.7500000000	0.0632029069
1504.7600000000	0.0628680500
1504.7700000000	0.0627071568
1504.7800000000	0.0628296525
1504.7900000000	0.0631535862
1504.8000000000	0.0635237974
1504.8100000000	0.0641216233
1504.8200000000	0.0648095569
1504.8300000000	0.0654379932
1504.8400000000	0.0657831477
1504.8500000000	0.0660979957
1504.8600000000	0.0663857346
1504.8700000000	0.0665791846
1504.8800000000	0.0668254584
1504.8900000000	0.0668720707
1504.9000000000	0.0669156162
1504.9100000000	0.0668403777
1504.9200000000	0.0666557953
1504.9300000000	0.0663556118
1504.9400000000	0.0660529178
1504.9500000000	0.0659355970
1504.9600000000	0.0659023711
1504.9700000000	0.0660186620
1504.9800000000	0.0663126454
1504.9900000000	0.0666559987
1505.0000000000	0.0669296393
1505.0100000000	0.0670901953
1505.0200000000	0.0671829569
1505.0300000000	0.0673261709
1505.0400000000	0.0673495511
1505.0500000000	0.0673134334
1505.0600000000	0.0672643046
1505.0700000000	0.0671628209
1505.0800000000	0.0670833675
1505.0900000000	0.0669370978
1505.1000000000	0.0666402193
1505.1100000000	0.0663299749
1505.1200000000	0.0660780293
1505.1300000000	0.0658997446
1505.1400000000	0.0659144651
1505.1500000000	0.0660831942
1505.1600000000	0.0663043408
1505.1700000000	0.0664067234
1505.1800000000	0.0663899409
1505.1900000000	0.0663104794
1505.2000000000	0.0660446650
1505.2100000000	0.0658070185
1505.2200000000	0.0655159153
1505.2300000000	0.0651668982
1505.2400000000	0.0648581992
1505.2500000000	0.0645202084
1505.2600000000	0.0641356858
1505.2700000000	0.0637204371
1505.2800000000	0.0633035176
1505.2900000000	0.0629938638
1505.3000000000	0.0628994191
1505.3100000000	0.0629914555
1505.3200000000	0.0632712925
1505.3300000000	0.0638881567
1505.3400000000	0.0647394196
1505.3500000000	0.0652501034
1505.3600000000	0.0657918462
1505.3700000000	0.0663162537
1505.3800000000	0.0667189530
1505.3900000000	0.0669788029
1505.4000000000	0.0672273531
1505.4100000000	0.0673582983
1505.4200000000	0.0676571735
1505.4300000000	0.0678931143
1505.4400000000	0.0679631630
1505.4500000000	0.0679230751
1505.4600000000	0.0677461050
1505.4700000000	0.0675140775
1505.4800000000	0.0673448081
1505.4900000000	0.0672636787
1505.5000000000	0.0675102686
1505.5100000000	0.0680089883
1505.5200000000	0.0685844926
1505.5300000000	0.0690862132
1505.5400000000	0.0694540858
1505.5500000000	0.0697719558
1505.5600000000	0.0699369173
1505.5700000000	0.0699771231
1505.5800000000	0.0697491163
1505.5900000000	0.0694601820
1505.6000000000	0.0691663285
1505.6100000000	0.0688007016
1505.6200000000	0.0681305019
1505.6300000000	0.0671721313
1505.6400000000	0.0662263212
1505.6500000000	0.0652215531
1505.6600000000	0.0643868676
1505.6700000000	0.0637882853
1505.6800000000	0.0636608633
1505.6900000000	0.0638723474
1505.7000000000	0.0641430182
1505.7100000000	0.0644680051
1505.7200000000	0.0647535026
1505.7300000000	0.0649980086
1505.7400000000	0.0651179196
1505.7500000000	0.0651083597
1505.7600000000	0.0650669972
1505.7700000000	0.0650888469
1505.7800000000	0.0651053997
1505.7900000000	0.0649487314
1505.8000000000	0.0646588181
1505.8100000000	0.0642389024
1505.8200000000	0.0635790858
1505.8300000000	0.0628151324
1505.8400000000	0.0622033978
1505.8500000000	0.0618706244
1505.8600000000	0.0617576982
1505.8700000000	0.0619407641
1505.8800000000	0.0622084872
1505.8900000000	0.0626601020
1505.9000000000	0.0632404392
1505.9100000000	0.0635896000
1505.9200000000	0.0639239006
1505.9300000000	0.0640806618
1505.9400000000	0.0640086437
1505.9500000000	0.0638935704
1505.9600000000	0.0636544832
1505.9700000000	0.0633077625
1505.9800000000	0.0627905780
1505.9900000000	0.0621946626
1506.0000000000	0.0615994115
1506.0100000000	0.0609477951
1506.0200000000	0.0603944290
1506.0300000000	0.0600857864
1506.0400000000	0.0599939676
1506.0500000000	0.0600654348
1506.0600000000	0.0601720369
1506.0700000000	0.0605225812
1506.0800000000	0.0609466535
1506.0900000000	0.0611303447
1506.1000000000	0.0612740903
1506.1100000000	0.0613470288
1506.1200000000	0.0613484590
1506.1300000000	0.0612739714
1506.1400000000	0.0611783437
1506.1500000000	0.0608548891
1506.1600000000	0.0606160246
1506.1700000000	0.0602072432
1506.1800000000	0.0594943470
1506.1900000000	0.0588419465
1506.2000000000	0.0582020002
1506.2100000000	0.0578451778
1506.2200000000	0.0576237812
1506.2300000000	0.0575651387
1506.2400000000	0.0577774980
1506.2500000000	0.0581536309
1506.2600000000	0.0584691186
1506.2700000000	0.0587259524
1506.2800000000	0.0590924756
1506.2900000000	0.0592530656
1506.3000000000	0.0593596658
1506.3100000000	0.0595270267
1506.3200000000	0.0596311647
1506.3300000000	0.0596322061
1506.3400000000	0.0595188042
1506.3500000000	0.0589048307
1506.3600000000	0.0582922699
1506.3700000000	0.0577258546
1506.3800000000	0.0571601473
1506.3900000000	0.0566645322
1506.4000000000	0.0562599318
1506.4100000000	0.0559014963
1506.4200000000	0.0557653266
1506.4300000000	0.0557421944
1506.4400000000	0.0557940157
1506.4500000000	0.0559225209
1506.4600000000	0.0561066127
1506.4700000000	0.0562105813
1506.4800000000	0.0564440367
1506.4900000000	0.0566403456
1506.5000000000	0.0569421537
1506.5100000000	0.0571482578
1506.5200000000	0.0572987635
1506.5300000000	0.0571651035
1506.5400000000	0.0570314435
1506.5500000000	0.0570531632
1506.5600000000	0.0569100000
1506.5700000000	0.0567605986
1506.5800000000	0.0567060647
1506.5900000000	0.0567609598
1506.6000000000	0.0568629672
1506.6100000000	0.0569094474
1506.6200000000	0.0570069168
1506.6300000000	0.0571143327
1506.6400000000	0.0572254385
1506.6500000000	0.0570267508
1506.6600000000	0.0570174237
1506.6700000000	0.0569084249
1506.6800000000	0.0566164961
1506.6900000000	0.0563420088
1506.7000000000	0.0559960220
1506.7100000000	0.0556673589
1506.7200000000	0.0552295311
1506.7300000000	0.0549073648
1506.7400000000	0.0546338604
1506.7500000000	0.0544491381
1506.7600000000	0.0543761998
1506.7700000000	0.0543761998
1506.7800000000	0.0544045332
1506.7900000000	0.0545501592
1506.8000000000	0.0547259669
1506.8100000000	0.0546412136
1506.8200000000	0.0544278839
1506.8300000000	0.0541825605
1506.8400000000	0.0539721645
1506.8500000000	0.0538105561
1506.8600000000	0.0538920745
1506.8700000000	0.0535698803
1506.8800000000	0.0532442035
1506.8900000000	0.0529407782
1506.9000000000	0.0525910190
1506.9100000000	0.0524030338
1506.9200000000	0.0523435777
1506.9300000000	0.0523262424
1506.9400000000	0.0528011642
1506.9500000000	0.0533718103
1506.9600000000	0.0538503515
1506.9700000000	0.0544173750
1506.9800000000	0.0547630083
1506.9900000000	0.0548900913
1507.0000000000	0.0549755205
1507.0100000000	0.0548410171
1507.0200000000	0.0548410171
1507.0300000000	0.0548073046
1507.0400000000	0.0544923997
1507.0500000000	0.0540433973
1507.0600000000	0.0534933209
1507.0700000000	0.0527747879
1507.0800000000	0.0518995412
1507.0900000000	0.0511928940
1507.1000000000	0.0506778867
1507.1100000000	0.0504825397
1507.1200000000	0.0505503995
1507.1300000000	0.0505992881
1507.1400000000	0.0510428624
1507.1500000000	0.0515813384
1507.1600000000	0.0519684356
1507.1700000000	0.0524629221
1507.1800000000	0.0529117614
1507.1900000000	0.0532132324
1507.2000000000	0.0534698054
1507.2100000000	0.0535776635
1507.2200000000	0.0534930456
1507.2300000000	0.0532534884
1507.2400000000	0.0528701470
1507.2500000000	0.0524114692
1507.2600000000	0.0519448460
1507.2700000000	0.0516174962
1507.2800000000	0.0513891406
1507.2900000000	0.0511398547
1507.3000000000	0.0509794627
1507.3100000000	0.0510134811
1507.3200000000	0.0512734421
1507.3300000000	0.0516536984
1507.3400000000	0.0519087361
1507.3500000000	0.0521507102
1507.3600000000	0.0523250624
1507.3700000000	0.0524560426
1507.3800000000	0.0525218867
1507.3900000000	0.0525431990
1507.4000000000	0.0524578588
1507.4100000000	0.0522939449
1507.4200000000	0.0520440400
1507.4300000000	0.0516226867
1507.4400000000	0.0511904202
1507.4500000000	0.0508328651
1507.4600000000	0.0505192934
1507.4700000000	0.0503716292
1507.4800000000	0.0504788914
1507.4900000000	0.0508761651
1507.5000000000	0.0514566832
1507.5100000000	0.0520296862
1507.5200000000	0.0526113816
1507.5300000000	0.0532032948
1507.5400000000	0.0537299037
1507.5500000000	0.0541606430
1507.5600000000	0.0545875412
1507.5700000000	0.0550541422
1507.5800000000	0.0553861951
1507.5900000000	0.0556039174
1507.6000000000	0.0556347839
1507.6100000000	0.0554449566
1507.6200000000	0.0551753299
1507.6300000000	0.0548027092
1507.6400000000	0.0545587457
1507.6500000000	0.0544036740
1507.6600000000	0.0544465947
1507.6700000000	0.0547521849
1507.6800000000	0.0551413561
1507.6900000000	0.0554989112
1507.7000000000	0.0558686227
1507.7100000000	0.0562141610
1507.7200000000	0.0564669726
1507.7300000000	0.0566937855
1507.7400000000	0.0567941858
1507.7500000000	0.0567717943
1507.7600000000	0.0566331997
1507.7700000000	0.0562150336
1507.7800000000	0.0557029215
1507.7900000000	0.0551805218
1507.8000000000	0.0546337799
1507.8100000000	0.0541101051
1507.8200000000	0.0537617047
1507.8300000000	0.0533916952
1507.8400000000	0.0531933369
1507.8500000000	0.0531605183
1507.8600000000	0.0531501975
1507.8700000000	0.0531140774
1507.8800000000	0.0532464870
1507.8900000000	0.0532805643
1507.9000000000	0.0531464445
1507.9100000000	0.0529459940
1507.9200000000	0.0527310808
1507.9300000000	0.0523466129
1507.9400000000	0.0518491161
1507.9500000000	0.0511325344
1507.9600000000	0.0504048727
1507.9700000000	0.0497065738
1507.9800000000	0.0489914713
1507.9900000000	0.0483739382
1508.0000000000	0.0478981471
1508.0100000000	0.0476184796
1508.0200000000	0.0475469715
1508.0300000000	0.0475634733
1508.0400000000	0.0476856437
1508.0500000000	0.0479319174
1508.0600000000	0.0481491244
1508.0700000000	0.0482579417
1508.0800000000	0.0483761226
1508.0900000000	0.0483982901
1508.1000000000	0.0483557428
1508.1100000000	0.0482774414
1508.1200000000	0.0481434742
1508.1300000000	0.0478637994
1508.1400000000	0.0474329687
1508.1500000000	0.0469821864
1508.1600000000	0.0465709299
1508.1700000000	0.0461133018
1508.1800000000	0.0457360036
1508.1900000000	0.0456298234
1508.2000000000	0.0457793885
1508.2100000000	0.0461924711
1508.2200000000	0.0467684913
1508.2300000000	0.0473724824
1508.2400000000	0.0479695247
1508.2500000000	0.0485900669
1508.2600000000	0.0492382960
1508.2700000000	0.0497813133
1508.2800000000	0.0502265798
1508.2900000000	0.0504895842
1508.3000000000	0.0504977803
1508.3100000000	0.0503974107
1508.3200000000	0.0501392111
1508.3300000000	0.0497397069
1508.3400000000	0.0491015994
1508.3500000000	0.0484722701
1508.3600000000	0.0479576137
1508.3700000000	0.0476133695
1508.3800000000	0.0473909392
1508.3900000000	0.0473744557
1508.4000000000	0.0476055473
1508.4100000000	0.0478499401
1508.4200000000	0.0480878037
1508.4300000000	0.0483968955
1508.4400000000	0.0487166752
1508.4500000000	0.0490873883
1508.4600000000	0.0493832483
1508.4700000000	0.0495665921
1508.4800000000	0.0496929953
1508.4900000000	0.0497269436
1508.5000000000	0.0496171534
1508.5100000000	0.0494192026
1508.5200000000	0.0491269396
1508.5300000000	0.0487910497
1508.5400000000	0.0485325930
1508.5500000000	0.0484408374
1508.5600000000	0.0485116681
1508.5700000000	0.0488279613
1508.5800000000	0.0493027119
1508.5900000000	0.0497637828
1508.6000000000	0.0503573159
1508.6100000000	0.0509294085
1508.6200000000	0.0514907617
1508.6300000000	0.0519488254
1508.6400000000	0.0523104328
1508.6500000000	0.0523834003
1508.6600000000	0.0524563677
1508.6700000000	0.0524730675
1508.6800000000	0.0522290134
1508.6900000000	0.0519843651
1508.7000000000	0.0515828269
1508.7100000000	0.0512116892
1508.7200000000	0.0508877712
1508.7300000000	0.0507291697
1508.7400000000	0.0508183831
1508.7500000000	0.0511046070
1508.7600000000	0.0514381404
1508.7700000000	0.0517400688
1508.7800000000	0.0520517577
1508.7900000000	0.0522968524
1508.8000000000	0.0524096686
1508.8100000000	0.0523612168
1508.8200000000	0.0521863714
1508.8300000000	0.0519663709
1508.8400000000	0.0516376418
1508.8500000000	0.0511896510
1508.8600000000	0.0506364987
1508.8700000000	0.0498548007
1508.8800000000	0.0491778929
1508.8900000000	0.0485151869
1508.9000000000	0.0477845034
1508.9100000000	0.0472974133
1508.9200000000	0.0469169715
1508.9300000000	0.0467799602
1508.9400000000	0.0465485147
1508.9500000000	0.0462906942
1508.9600000000	0.0460448970
1508.9700000000	0.0456951300
1508.9800000000	0.0453209370
1508.9900000000	0.0448753350
1509.0000000000	0.0442249866
1509.0100000000	0.0434318423
1509.0200000000	0.0425965012
1509.0300000000	0.0417448119
1509.0400000000	0.0408461810
1509.0500000000	0.0399549511
1509.0600000000	0.0391458231
1509.0700000000	0.0384266431
1509.0800000000	0.0379022725
1509.0900000000	0.0375447197
1509.1000000000	0.0373924995
1509.1100000000	0.0374064436
1509.1200000000	0.0375415958
1509.1300000000	0.0378685144
1509.1400000000	0.0382291735
1509.1500000000	0.0385779435
1509.1600000000	0.0388485700
1509.1700000000	0.0390182152
1509.1800000000	0.0392023215
1509.1900000000	0.0391996273
1509.2000000000	0.0390524069
1509.2100000000	0.0388489737
1509.2200000000	0.0385279991
1509.2300000000	0.0381809356
1509.2400000000	0.0377728006
1509.2500000000	0.0373502447
1509.2600000000	0.0371270458
1509.2700000000	0.0371386735
1509.2800000000	0.0373417628
1509.2900000000	0.0377019155
1509.3000000000	0.0382073765
1509.3100000000	0.0388447125
1509.3200000000	0.0396199747
1509.3300000000	0.0402474142
1509.3400000000	0.0407902710
1509.3500000000	0.0412845004
1509.3600000000	0.0416462796
1509.3700000000	0.0418199938
1509.3800000000	0.0417513749
1509.3900000000	0.0415134650
1509.4000000000	0.0411630405
1509.4100000000	0.0407206440
1509.4200000000	0.0402561581
1509.4300000000	0.0398481756
1509.4400000000	0.0395880234
1509.4500000000	0.0396273889
1509.4600000000	0.0399348798
1509.4700000000	0.0404242395
1509.4800000000	0.0410655321
1509.4900000000	0.0417510210
1509.5000000000	0.0425636352
1509.5100000000	0.0434665448
1509.5200000000	0.0443233410
1509.5300000000	0.0451234817
1509.5400000000	0.0458519588
1509.5500000000	0.0464139132
1509.5600000000	0.0467957699
1509.5700000000	0.0470163713
1509.5800000000	0.0470119779
1509.5900000000	0.0467890966
1509.6000000000	0.0464970695
1509.6100000000	0.0461622668
1509.6200000000	0.0458516654
1509.6300000000	0.0457129830
1509.6400000000	0.0457089424
1509.6500000000	0.0458421599
1509.6600000000	0.0461376412
1509.6700000000	0.0464805765
1509.6800000000	0.0469510463
1509.6900000000	0.0474785304
1509.7000000000	0.0478611577
1509.7100000000	0.0482355280
1509.7200000000	0.0486153675
1509.7300000000	0.0488912905
1509.7400000000	0.0490674475
1509.7500000000	0.0491201936
1509.7600000000	0.0489941442
1509.7700000000	0.0486846296
1509.7800000000	0.0482887993
1509.7900000000	0.0479718617
1509.8000000000	0.0477336871
1509.8100000000	0.0475350478
1509.8200000000	0.0474039407
1509.8300000000	0.0474305009
1509.8400000000	0.0475112029
1509.8500000000	0.0475112029
1509.8600000000	0.0474910248
1509.8700000000	0.0473593366
1509.8800000000	0.0471055158
1509.8900000000	0.0468046858
1509.9000000000	0.0464006717
1509.9100000000	0.0459328708
1509.9200000000	0.0453937492
1509.9300000000	0.0446997255
1509.9400000000	0.0439490991
1509.9500000000	0.0431349296
1509.9600000000	0.0421607079
1509.9700000000	0.0412809651
1509.9800000000	0.0406418365
1509.9900000000	0.0402324804
1510.0000000000	0.0400938422
1510.0100000000	0.0400575280
1510.0200000000	0.0401412711
1510.0300000000	0.0403580353
1510.0400000000	0.0405014686
1510.0500000000	0.0405708939
1510.0600000000	0.0405656870
1510.0700000000	0.0404344408
1510.0800000000	0.0402625374
1510.0900000000	0.0400686359
1510.1000000000	0.0397618705
1510.1100000000	0.0392889354
1510.1200000000	0.0387935151
1510.1300000000	0.0381645208
1510.1400000000	0.0375457419
1510.1500000000	0.0370566240
1510.1600000000	0.0366441736
1510.1700000000	0.0363588532
1510.1800000000	0.0362617032
1510.1900000000	0.0362833575
1510.2000000000	0.0365851868
1510.2100000000	0.0370349505
1510.2200000000	0.0375336407
1510.2300000000	0.0381047132
1510.2400000000	0.0386039673
1510.2500000000	0.0390077921
1510.2600000000	0.0393772649
1510.2700000000	0.0396826018
1510.2800000000	0.0399622225
1510.2900000000	0.0401917718
1510.3000000000	0.0402836598
1510.3100000000	0.0403542723
1510.3200000000	0.0404356596
1510.3300000000	0.0405245898
1510.3400000000	0.0406326471
1510.3500000000	0.0408899058
1510.3600000000	0.0412890877
1510.3700000000	0.0418119070
1510.3800000000	0.0424372222
1510.3900000000	0.0430925883
1510.4000000000	0.0437579778
1510.4100000000	0.0443357331
1510.4200000000	0.0447676258
1510.4300000000	0.0450466563
1510.4400000000	0.0452651053
1510.4500000000	0.0453032356
1510.4600000000	0.0452959147
1510.4700000000	0.0451558408
1510.4800000000	0.0449153857
1510.4900000000	0.0446090278
1510.5000000000	0.0442968203
1510.5100000000	0.0439519473
1510.5200000000	0.0436839518
1510.5300000000	0.0435628172
1510.5400000000	0.0436226505
1510.5500000000	0.0438340338
1510.5600000000	0.0441792338
1510.5700000000	0.0445873835
1510.5800000000	0.0448585839
1510.5900000000	0.0450530424
1510.6000000000	0.0452179777
1510.6100000000	0.0453089072
1510.6200000000	0.0452162250
1510.6300000000	0.0451329665
1510.6400000000	0.0448081212
1510.6500000000	0.0444228124
1510.6600000000	0.0438749114
1510.6700000000	0.0432293514
1510.6800000000	0.0425882858
1510.6900000000	0.0420485724
1510.7000000000	0.0416183088
1510.7100000000	0.0413156099
1510.7200000000	0.0411818307
1510.7300000000	0.0411355961
1510.7400000000	0.0412075737
1510.7500000000	0.0412793346
1510.7600000000	0.0413649698
1510.7700000000	0.0414191150
1510.7800000000	0.0413543930
1510.7900000000	0.0412027239
1510.8000000000	0.0409118310
1510.8100000000	0.0404674453
1510.8200000000	0.0399551858
1510.8300000000	0.0394142015
1510.8400000000	0.0387927928
1510.8500000000	0.0381512685
1510.8600000000	0.0375802192
1510.8700000000	0.0371075041
1510.8800000000	0.0367337425
1510.8900000000	0.0365372623
1510.9000000000	0.0365798782
1510.9100000000	0.0367062829
1510.9200000000	0.0369952193
1510.9300000000	0.0373014909
1510.9400000000	0.0377301913
1510.9500000000	0.0381028055
1510.9600000000	0.0383117058
1510.9700000000	0.0384372174
1510.9800000000	0.0383813517
1510.9900000000	0.0380375567
1511.0000000000	0.0376290641
1511.0100000000	0.0371021719
1511.0200000000	0.0365166818
1511.0300000000	0.0358950288
1511.0400000000	0.0353046803
1511.0500000000	0.0348443265
1511.0600000000	0.0344865147
1511.0700000000	0.0343003632
1511.0800000000	0.0343990032
1511.0900000000	0.0346224681
1511.1000000000	0.0349982302
1511.1100000000	0.0355279334
1511.1200000000	0.0361518243
1511.1300000000	0.0367372366
1511.1400000000	0.0371779752
1511.1500000000	0.0376106357
1511.1600000000	0.0377932427
1511.1700000000	0.0380382114
1511.1800000000	0.0381433638
1511.1900000000	0.0381433638
1511.2000000000	0.0378806340
1511.2100000000	0.0375417319
1511.2200000000	0.0370364989
1511.2300000000	0.0366595226
1511.2400000000	0.0362658626
1511.2500000000	0.0360174868
1511.2600000000	0.0359097141
1511.2700000000	0.0359712321
1511.2800000000	0.0360618979
1511.2900000000	0.0363080536
1511.3000000000	0.0365613755
1511.3100000000	0.0368407508
1511.3200000000	0.0370039126
1511.3300000000	0.0371305146
1511.3400000000	0.0372538682
1511.3500000000	0.0374902288
1511.3600000000	0.0377206726
1511.3700000000	0.0378251027
1511.3800000000	0.0378973188
1511.3900000000	0.0379992710
1511.4000000000	0.0379674396
1511.4100000000	0.0381111497
1511.4200000000	0.0382888828
1511.4300000000	0.0385420760
1511.4400000000	0.0390840566
1511.4500000000	0.0396443413
1511.4600000000	0.0403441230
1511.4700000000	0.0410227486
1511.4800000000	0.0415808127
1511.4900000000	0.0422029973
1511.5000000000	0.0426835534
1511.5100000000	0.0429811414
1511.5200000000	0.0430815417
1511.5300000000	0.0430873201
1511.5400000000	0.0428518470
1511.5500000000	0.0424768135
1511.5600000000	0.0420150355
1511.5700000000	0.0415424836
1511.5800000000	0.0410650679
1511.5900000000	0.0405542819
1511.6000000000	0.0401756155
1511.6100000000	0.0399859578
1511.6200000000	0.0399974740
1511.6300000000	0.0400026329
1511.6400000000	0.0401460031
1511.6500000000	0.0403857121
1511.6600000000	0.0407037196
1511.6700000000	0.0409705734
1511.6800000000	0.0410355164
1511.6900000000	0.0408098794
1511.7000000000	0.0406875035
1511.7100000000	0.0404393436
1511.7200000000	0.0400634905
1511.7300000000	0.0395370536
1511.7400000000	0.0390859285
1511.7500000000	0.0386553587
1511.7600000000	0.0382041423
1511.7700000000	0.0379041546
1511.7800000000	0.0377968924
1511.7900000000	0.0377060771
1511.8000000000	0.0377278871
1511.8100000000	0.0379595262
1511.8200000000	0.0382735120
1511.8300000000	0.0386807339
1511.8400000000	0.0390928617
1511.8500000000	0.0393491008
1511.8600000000	0.0395427815
1511.8700000000	0.0396420983
1511.8800000000	0.0395783827
1511.8900000000	0.0395070536
1511.9000000000	0.0394032808
1511.9100000000	0.0392632099
1511.9200000000	0.0390237790
1511.9300000000	0.0388738828
1511.9400000000	0.0387639413
1511.9500000000	0.0386586574
1511.9600000000	0.0387992305
1511.9700000000	0.0390191778
1511.9800000000	0.0395220081
1511.9900000000	0.0401565945
1512.0000000000	0.0407060471
1512.0100000000	0.0413036144
1512.0200000000	0.0417602896
1512.0300000000	0.0420406723
1512.0400000000	0.0420406723
1512.0500000000	0.0419294373
1512.0600000000	0.0415292661
1512.0700000000	0.0409816913
1512.0800000000	0.0402444784
1512.0900000000	0.0394011950
1512.1000000000	0.0385899552
1512.1100000000	0.0377203621
1512.1200000000	0.0368221468
1512.1300000000	0.0361267652
1512.1400000000	0.0355935456
1512.1500000000	0.0352368175
1512.1600000000	0.0350887929
1512.1700000000	0.0352146797
1512.1800000000	0.0355433402
1512.1900000000	0.0360843607
1512.2000000000	0.0365483779
1512.2100000000	0.0369738156
1512.2200000000	0.0373217521
1512.2300000000	0.0373898650
1512.2400000000	0.0373169350
1512.2500000000	0.0369747440
1512.2600000000	0.0365727073
1512.2700000000	0.0360951030
1512.2800000000	0.0353544569
1512.2900000000	0.0347126716
1512.3000000000	0.0341333578
1512.3100000000	0.0337097154
1512.3200000000	0.0334436192
1512.3300000000	0.0332733625
1512.3400000000	0.0332698937
1512.3500000000	0.0334240267
1512.3600000000	0.0336901533
1512.3700000000	0.0341592102
1512.3800000000	0.0345678418
1512.3900000000	0.0348743190
1512.4000000000	0.0351864362
1512.4100000000	0.0354088051
1512.4200000000	0.0352943933
1512.4300000000	0.0351513637
1512.4400000000	0.0349425589
1512.4500000000	0.0345306587
1512.4600000000	0.0341308343
1512.4700000000	0.0338370008
1512.4800000000	0.0335116087
1512.4900000000	0.0332850756
1512.5000000000	0.0331733900
1512.5100000000	0.0331916326
1512.5200000000	0.0335734934
1512.5300000000	0.0341893419
1512.5400000000	0.0349282596
1512.5500000000	0.0358521723
1512.5600000000	0.0367045647
1512.5700000000	0.0374848960
1512.5800000000	0.0381809066
1512.5900000000	0.0387039890
1512.6000000000	0.0390480380
1512.6100000000	0.0393178799
1512.6200000000	0.0392905300
1512.6300000000	0.0389498705
1512.6400000000	0.0385106264
1512.6500000000	0.0379806342
1512.6600000000	0.0374986804
1512.6700000000	0.0369940846
1512.6800000000	0.0363935255
1512.6900000000	0.0360338034
1512.7000000000	0.0358389421
1512.7100000000	0.0359157050
1512.7200000000	0.0361919440
1512.7300000000	0.0367131579
1512.7400000000	0.0373586688
1512.7500000000	0.0378997768
1512.7600000000	0.0384222480
1512.7700000000	0.0387739525
1512.7800000000	0.0390847972
1512.7900000000	0.0392943846
1512.8000000000	0.0392790449
1512.8100000000	0.0390919699
1512.8200000000	0.0389635208
1512.8300000000	0.0386619851
1512.8400000000	0.0383838604
1512.8500000000	0.0382005674
1512.8600000000	0.0379895393
1512.8700000000	0.0379494536
1512.8800000000	0.0381561078
1512.8900000000	0.0383771680
1512.9000000000	0.0387671277
1512.9100000000	0.0392967270
1512.9200000000	0.0397580607
1512.9300000000	0.0403290676
1512.9400000000	0.0407924547
1512.9500000000	0.0411135658
1512.9600000000	0.0413598264
1512.9700000000	0.0412721153
1512.9800000000	0.0409573308
1512.9900000000	0.0404545474
1513.0000000000	0.0400332770
1513.0100000000	0.0395348944
1513.0200000000	0.0391040067
1513.0300000000	0.0387256556
1513.0400000000	0.0384759848
1513.0500000000	0.0384283128
1513.0600000000	0.0386269501
1513.0700000000	0.0390336581
1513.0800000000	0.0395930016
1513.0900000000	0.0402338226
1513.1000000000	0.0409154332
1513.1100000000	0.0415125217
1513.1200000000	0.0419497835
1513.1300000000	0.0423387349
1513.1400000000	0.0425392386
1513.1500000000	0.0423742789
1513.1600000000	0.0422010462
1513.1700000000	0.0417855886
1513.1800000000	0.0412061367
1513.1900000000	0.0406921902
1513.2000000000	0.0401814032
1513.2100000000	0.0396057121
1513.2200000000	0.0392459899
1513.2300000000	0.0389624042
1513.2400000000	0.0388677866
1513.2500000000	0.0390445365
1513.2600000000	0.0393601874
1513.2700000000	0.0397970368
1513.2800000000	0.0404588593
1513.2900000000	0.0409871276
1513.3000000000	0.0413266392
1513.3100000000	0.0416809502
1513.3200000000	0.0417074447
1513.3300000000	0.0415342034
1513.3400000000	0.0412307133
1513.3500000000	0.0407556096
1513.3600000000	0.0401948899
1513.3700000000	0.0395320724
1513.3800000000	0.0387762549
1513.3900000000	0.0380829581
1513.4000000000	0.0374261058
1513.4100000000	0.0368068310
1513.4200000000	0.0363609659
1513.4300000000	0.0362004277
1513.4400000000	0.0361470819
1513.4500000000	0.0361882616
1513.4600000000	0.0362596686
1513.4700000000	0.0363417390
1513.4800000000	0.0364757973
1513.4900000000	0.0365170606
1513.5000000000	0.0364096142
1513.5100000000	0.0361838308
1513.5200000000	0.0358657523
1513.5300000000	0.0354685102
1513.5400000000	0.0350036929
1513.5500000000	0.0345237758
1513.5600000000	0.0340439152
1513.5700000000	0.0337082560
1513.5800000000	0.0335105142
1513.5900000000	0.0334658090
1513.6000000000	0.0337262491
1513.6100000000	0.0341364001
1513.6200000000	0.0347112074
1513.6300000000	0.0354944155
1513.6400000000	0.0363115094
1513.6500000000	0.0372405355
1513.6600000000	0.0381253029
1513.6700000000	0.0389257629
1513.6800000000	0.0394877483
1513.6900000000	0.0400491146
1513.7000000000	0.0404746010
1513.7100000000	0.0405389583
1513.7200000000	0.0405186837
1513.7300000000	0.0403448503
1513.7400000000	0.0402057283
1513.7500000000	0.0399252728
1513.7600000000	0.0397445994
1513.7700000000	0.0397077395
1513.7800000000	0.0397300849
1513.7900000000	0.0399548290
1513.8000000000	0.0403157563
1513.8100000000	0.0407706492
1513.8200000000	0.0412728386
1513.8300000000	0.0416942009
1513.8400000000	0.0419090876
1513.8500000000	0.0420399643
1513.8600000000	0.0420664152
1513.8700000000	0.0418802952
1513.8800000000	0.0415547391
1513.8900000000	0.0410725819
1513.9000000000	0.0404836382
1513.9100000000	0.0399542563
1513.9200000000	0.0392612529
1513.9300000000	0.0386504341
1513.9400000000	0.0380937420
1513.9500000000	0.0374867602
1513.9600000000	0.0372022856
1513.9700000000	0.0371365426
1513.9800000000	0.0371118156
1513.9900000000	0.0371698537
1514.0000000000	0.0373483775
1514.0100000000	0.0375009150
1514.0200000000	0.0376188199
1514.0300000000	0.0376427924
1514.0400000000	0.0375557024
1514.0500000000	0.0372709299
1514.0600000000	0.0368650184
1514.0700000000	0.0364943285
1514.0800000000	0.0361930786
1514.0900000000	0.0358391349
1514.1000000000	0.0354566601
1514.1100000000	0.0351742868
1514.1200000000	0.0350026392
1514.1300000000	0.0349558046
1514.1400000000	0.0351830995
1514.1500000000	0.0355008843
1514.1600000000	0.0359201697
1514.1700000000	0.0366026992
1514.1800000000	0.0373599352
1514.1900000000	0.0381883236
1514.2000000000	0.0388453630
1514.2100000000	0.0393733339
1514.2200000000	0.0398380081
1514.2300000000	0.0399602972
1514.2400000000	0.0398744362
1514.2500000000	0.0396653985
1514.2600000000	0.0393394601
1514.2700000000	0.0389775273
1514.2800000000	0.0387154389
1514.2900000000	0.0383568047
1514.3000000000	0.0380965215
1514.3100000000	0.0381054328
1514.3200000000	0.0382616839
1514.3300000000	0.0385713119
1514.3400000000	0.0390468190
1514.3500000000	0.0396761344
1514.3600000000	0.0403340514
1514.3700000000	0.0409024054
1514.3800000000	0.0413276498
1514.3900000000	0.0415623170
1514.4000000000	0.0415916693
1514.4100000000	0.0414446375
1514.4200000000	0.0410169633
1514.4300000000	0.0404044326
1514.4400000000	0.0396712429
1514.4500000000	0.0388389206
1514.4600000000	0.0380579847
1514.4700000000	0.0372837741
1514.4800000000	0.0366835393
1514.4900000000	0.0363537928
1514.5000000000	0.0361443143
1514.5100000000	0.0361152667
1514.5200000000	0.0363533446
1514.5300000000	0.0367838968
1514.5400000000	0.0372745796
1514.5500000000	0.0378175012
1514.5600000000	0.0382821252
1514.5700000000	0.0385777301
1514.5800000000	0.0386980972
1514.5900000000	0.0385877938
1514.6000000000	0.0382645626
1514.6100000000	0.0378010233
1514.6200000000	0.0372852301
1514.6300000000	0.0367083379
1514.6400000000	0.0360814760
1514.6500000000	0.0355232936
1514.6600000000	0.0351061535
1514.6700000000	0.0348719363
1514.6800000000	0.0346819659
1514.6900000000	0.0347541992
1514.7000000000	0.0350088261
1514.7100000000	0.0354378895
1514.7200000000	0.0360178750
1514.7300000000	0.0367336817
1514.7400000000	0.0374771087
1514.7500000000	0.0382119146
1514.7600000000	0.0388484673
1514.7700000000	0.0391675736
1514.7800000000	0.0392586888
1514.7900000000	0.0393232767
1514.8000000000	0.0392383166
1514.8100000000	0.0389947574
1514.8200000000	0.0386435745
1514.8300000000	0.0383006816
1514.8400000000	0.0380595584
1514.8500000000	0.0378562110
1514.8600000000	0.0378075560
1514.8700000000	0.0379753052
1514.8800000000	0.0382759166
1514.8900000000	0.0387988684
1514.9000000000	0.0394799196
1514.9100000000	0.0401098914
1514.9200000000	0.0406882890
1514.9300000000	0.0412512267
1514.9400000000	0.0416410536
1514.9500000000	0.0418404350
1514.9600000000	0.0417470411
1514.9700000000	0.0415577928
1514.9800000000	0.0412804180
1514.9900000000	0.0409545176
1515.0000000000	0.0404785029
1515.0100000000	0.0399712963
1515.0200000000	0.0395090588
1515.0300000000	0.0392259667
1515.0400000000	0.0390737432
1515.0500000000	0.0390936399
1515.0600000000	0.0392639324
1515.0700000000	0.0396085880
1515.0800000000	0.0400437983
1515.0900000000	0.0404988647
1515.1000000000	0.0409243165
1515.1100000000	0.0411417862
1515.1200000000	0.0411395021
1515.1300000000	0.0409676660
1515.1400000000	0.0406840777
1515.1500000000	0.0402815216
1515.1600000000	0.0397243449
1515.1700000000	0.0390979528
1515.1800000000	0.0385176214
1515.1900000000	0.0380066528
1515.2000000000	0.0375650140
1515.2100000000	0.0372399929
1515.2200000000	0.0371787028
1515.2300000000	0.0373404936
1515.2400000000	0.0376849731
1515.2500000000	0.0382230100
1515.2600000000	0.0389042299
1515.2700000000	0.0397092102
1515.2800000000	0.0405112754
1515.2900000000	0.0412333007
1515.3000000000	0.0416656205
1515.3100000000	0.0418773774
1515.3200000000	0.0418682027
1515.3300000000	0.0416803401
1515.3400000000	0.0413560646
1515.3500000000	0.0409072316
1515.3600000000	0.0404436060
1515.3700000000	0.0400690250
1515.3800000000	0.0397425888
1515.3900000000	0.0395059090
1515.4000000000	0.0394686320
1515.4100000000	0.0395855913
1515.4200000000	0.0398676276
1515.4300000000	0.0403785662
1515.4400000000	0.0410554540
1515.4500000000	0.0418838441
1515.4600000000	0.0429207405
1515.4700000000	0.0439232989
1515.4800000000	0.0446897995
1515.4900000000	0.0451899809
1515.5000000000	0.0455237289
1515.5100000000	0.0456091865
1515.5200000000	0.0454602312
1515.5300000000	0.0452069040
1515.5400000000	0.0447215462
1515.5500000000	0.0441966702
1515.5600000000	0.0437034669
1515.5700000000	0.0432368437
1515.5800000000	0.0429424981
1515.5900000000	0.0428426138
1515.6000000000	0.0429128055
1515.6100000000	0.0431951611
1515.6200000000	0.0436781152
1515.6300000000	0.0442653574
1515.6400000000	0.0447866657
1515.6500000000	0.0451803146
1515.6600000000	0.0453879038
1515.6700000000	0.0453842891
1515.6800000000	0.0451685599
1515.6900000000	0.0447656252
1515.7000000000	0.0442860943
1515.7100000000	0.0437211614
1515.7200000000	0.0429663294
1515.7300000000	0.0422075294
1515.7400000000	0.0415213160
1515.7500000000	0.0409362350
1515.7600000000	0.0405649559
1515.7700000000	0.0402933603
1515.7800000000	0.0402225745
1515.7900000000	0.0404467999
1515.8000000000	0.0409606413
1515.8100000000	0.0416607700
1515.8200000000	0.0423477222
1515.8300000000	0.0429865594
1515.8400000000	0.0435735460
1515.8500000000	0.0440677451
1515.8600000000	0.0444376828
1515.8700000000	0.0446146830
1515.8800000000	0.0446157521
1515.8900000000	0.0445098989
1515.9000000000	0.0443676190
1515.9100000000	0.0442432575
1515.9200000000	0.0441561788
1515.9300000000	0.0441639249
1515.9400000000	0.0443270183
1515.9500000000	0.0445841459
1515.9600000000	0.0449415838
1515.9700000000	0.0453582428
1515.9800000000	0.0458828937
1515.9900000000	0.0465743526
1516.0000000000	0.0472202182
1516.0100000000	0.0477704380
1516.0200000000	0.0482882668
1516.0300000000	0.0484587254
1516.0400000000	0.0483833200
1516.0500000000	0.0482496309
1516.0600000000	0.0478112412
1516.0700000000	0.0472043060
1516.0800000000	0.0466144684
1516.0900000000	0.0460910145
1516.1000000000	0.0457220181
1516.1100000000	0.0454388540
1516.1200000000	0.0451845687
1516.1300000000	0.0450585463
1516.1400000000	0.0450659905
1516.1500000000	0.0452754589
1516.1600000000	0.0455821046
1516.1700000000	0.0459536930
1516.1800000000	0.0463727308
1516.1900000000	0.0468165435
1516.2000000000	0.0471298263
1516.2100000000	0.0470260648
1516.2200000000	0.0468297581
1516.2300000000	0.0465044067
1516.2400000000	0.0459912649
1516.2500000000	0.0455071365
1516.2600000000	0.0449128789
1516.2700000000	0.0442071449
1516.2800000000	0.0436398732
1516.2900000000	0.0430894913
1516.3000000000	0.0426199025
1516.3100000000	0.0424697355
1516.3200000000	0.0425347429
1516.3300000000	0.0428453404
1516.3400000000	0.0433339939
1516.3500000000	0.0439108862
1516.3600000000	0.0446186559
1516.3700000000	0.0452330936
1516.3800000000	0.0455688766
1516.3900000000	0.0456905627
1516.4000000000	0.0456859667
1516.4100000000	0.0454394995
1516.4200000000	0.0450209730
1516.4300000000	0.0445118629
1516.4400000000	0.0439128753
1516.4500000000	0.0433845238
1516.4600000000	0.0429662551
1516.4700000000	0.0426337835
1516.4800000000	0.0424697355
1516.4900000000	0.0424949093
1516.5000000000	0.0426582605
1516.5100000000	0.0430584318
1516.5200000000	0.0436610937
1516.5300000000	0.0442737417
1516.5400000000	0.0450040598
1516.5500000000	0.0456582041
1516.5600000000	0.0460087329
1516.5700000000	0.0461382949
1516.5800000000	0.0459996072
1516.5900000000	0.0456243803
1516.6000000000	0.0451149071
1516.6100000000	0.0445463678
1516.6200000000	0.0439629530
1516.6300000000	0.0433784767
1516.6400000000	0.0428451604
1516.6500000000	0.0424697282
1516.6600000000	0.0423088277
1516.6700000000	0.0423430267
1516.6800000000	0.0425071448
1516.6900000000	0.0428309570
1516.7000000000	0.0433397740
1516.7100000000	0.0439509724
1516.7200000000	0.0446085394
1516.7300000000	0.0452119287
1516.7400000000	0.0456226840
1516.7500000000	0.0458755014
1516.7600000000	0.0458185584
1516.7700000000	0.0454515657
1516.7800000000	0.0448921419
1516.7900000000	0.0441170529
1516.8000000000	0.0432403699
1516.8100000000	0.0423120994
1516.8200000000	0.0415252605
1516.8300000000	0.0409400010
1516.8400000000	0.0404518669
1516.8500000000	0.0401312774
1516.8600000000	0.0400217489
1516.8700000000	0.0401342078
1516.8800000000	0.0405404099
1516.8900000000	0.0411434742
1516.9000000000	0.0418221277
1516.9100000000	0.0424637695
1516.9200000000	0.0429815363
1516.9300000000	0.0433292029
1516.9400000000	0.0434844987
1516.9500000000	0.0434827962
1516.9600000000	0.0433422969
1516.9700000000	0.0429893720
1516.9800000000	0.0425116748
1516.9900000000	0.0420413641
1517.0000000000	0.0416180427
1517.0100000000	0.0411736938
1517.0200000000	0.0408732587
1517.0300000000	0.0407130336
1517.0400000000	0.0406921899
1517.0500000000	0.0408293711
1517.0600000000	0.0413562137
1517.0700000000	0.0421313505
1517.0800000000	0.0429784929
1517.0900000000	0.0439267505
1517.1000000000	0.0448206323
1517.1100000000	0.0455822739
1517.1200000000	0.0459571218
1517.1300000000	0.0460593279
1517.1400000000	0.0459509822
1517.1500000000	0.0455686354
1517.1600000000	0.0450911910
1517.1700000000	0.0445672558
1517.1800000000	0.0440284469
1517.1900000000	0.0435251915
1517.2000000000	0.0430690561
1517.2100000000	0.0427294689
1517.2200000000	0.0424464616
1517.2300000000	0.0423803504
1517.2400000000	0.0425135160
1517.2500000000	0.0428058999
1517.2600000000	0.0431147854
1517.2700000000	0.0435185535
1517.2800000000	0.0440097097
1517.2900000000	0.0443150605
1517.3000000000	0.0445324452
1517.3100000000	0.0446065593
1517.3200000000	0.0445085521
1517.3300000000	0.0442113569
1517.3400000000	0.0438159906
1517.3500000000	0.0433794584
1517.3600000000	0.0430390107
1517.3700000000	0.0427772973
1517.3800000000	0.0425496563
1517.3900000000	0.0424178921
1517.4000000000	0.0424967335
1517.4100000000	0.0426993724
1517.4200000000	0.0430286737
1517.4300000000	0.0435632140
1517.4400000000	0.0441237419
1517.4500000000	0.0446262985
1517.4600000000	0.0450570159
1517.4700000000	0.0453812245
1517.4800000000	0.0455653017
1517.4900000000	0.0456408380
1517.5000000000	0.0455668877
1517.5100000000	0.0454521317
1517.5200000000	0.0452331500
1517.5300000000	0.0449219701
1517.5400000000	0.0447223138
1517.5500000000	0.0447223138
1517.5600000000	0.0447275828
1517.5700000000	0.0448299523
1517.5800000000	0.0451758283
1517.5900000000	0.0457472846
1517.6000000000	0.0463991159
1517.6100000000	0.0472182326
1517.6200000000	0.0480486433
1517.6300000000	0.0488691811
1517.6400000000	0.0496532739
1517.6500000000	0.0502070785
1517.6600000000	0.0504778079
1517.6700000000	0.0505146454
1517.6800000000	0.0502962970
1517.6900000000	0.0499158320
1517.7000000000	0.0493604150
1517.7100000000	0.0488386261
1517.7200000000	0.0483905148
1517.7300000000	0.0479567792
1517.7400000000	0.0476061004
1517.7500000000	0.0474039407
1517.7600000000	0.0474149987
1517.7700000000	0.0475484340
1517.7800000000	0.0480003539
1517.7900000000	0.0486889224
1517.8000000000	0.0495735779
1517.8100000000	0.0504883715
1517.8200000000	0.0514767117
1517.8300000000	0.0522913391
1517.8400000000	0.0527171593
1517.8500000000	0.0529102399
1517.8600000000	0.0527657109
1517.8700000000	0.0522954666
1517.8800000000	0.0515685329
1517.8900000000	0.0508498907
1517.9000000000	0.0502314373
1517.9100000000	0.0496112065
1517.9200000000	0.0490072033
1517.9300000000	0.0485080622
1517.9400000000	0.0482066484
1517.9500000000	0.0480836440
1517.9600000000	0.0481428870
1517.9700000000	0.0483680105
1517.9800000000	0.0486964316
1517.9900000000	0.0492219585
1518.0000000000	0.0498774182
1518.0100000000	0.0502607798
1518.0200000000	0.0506109363
1518.0300000000	0.0508658285
1518.0400000000	0.0507882999
1518.0500000000	0.0504824291
1518.0600000000	0.0500576140
1518.0700000000	0.0496207628
1518.0800000000	0.0490994307
1518.0900000000	0.0485581063
1518.1000000000	0.0481593647
1518.1100000000	0.0479402661
1518.1200000000	0.0479258200
1518.1300000000	0.0480217913
1518.1400000000	0.0483386374
1518.1500000000	0.0487453093
1518.1600000000	0.0492924694
1518.1700000000	0.0499294238
1518.1800000000	0.0504637152
1518.1900000000	0.0508764407
1518.2000000000	0.0512277044
1518.2100000000	0.0514226213
1518.2200000000	0.0514064828
1518.2300000000	0.0512925810
1518.2400000000	0.0510731828
1518.2500000000	0.0507102411
1518.2600000000	0.0505087443
1518.2700000000	0.0503190677
1518.2800000000	0.0501060131
1518.2900000000	0.0500583059
1518.3000000000	0.0501235253
1518.3100000000	0.0503103261
1518.3200000000	0.0506241011
1518.3300000000	0.0510802288
1518.3400000000	0.0517204667
1518.3500000000	0.0523171410
1518.3600000000	0.0528297845
1518.3700000000	0.0532141557
1518.3800000000	0.0533921893
1518.3900000000	0.0532648689
1518.4000000000	0.0527900987
1518.4100000000	0.0520393690
1518.4200000000	0.0512036403
1518.4300000000	0.0503448062
1518.4400000000	0.0495238711
1518.4500000000	0.0487767983
1518.4600000000	0.0481190436
1518.4700000000	0.0476594335
1518.4800000000	0.0473820910
1518.4900000000	0.0472739563
1518.5000000000	0.0473602413
1518.5100000000	0.0476267227
1518.5200000000	0.0481201373
1518.5300000000	0.0486922169
1518.5400000000	0.0493863691
1518.5500000000	0.0500823677
1518.5600000000	0.0506318229
1518.5700000000	0.0509001666
1518.5800000000	0.0508201594
1518.5900000000	0.0505051567
1518.6000000000	0.0499301263
1518.6100000000	0.0493627092
1518.6200000000	0.0487556456
1518.6300000000	0.0481667160
1518.6400000000	0.0476740505
1518.6500000000	0.0473540266
1518.6600000000	0.0471911864
1518.6700000000	0.0472534905
1518.6800000000	0.0475675494
1518.6900000000	0.0481537208
1518.7000000000	0.0489815107
1518.7100000000	0.0499057597
1518.7200000000	0.0508430657
1518.7300000000	0.0517313161
1518.7400000000	0.0525281908
1518.7500000000	0.0531997135
1518.7600000000	0.0535827882
1518.7700000000	0.0534994813
1518.7800000000	0.0532134461
1518.7900000000	0.0529070193
1518.8000000000	0.0524855077
1518.8100000000	0.0519519992
1518.8200000000	0.0514937549
1518.8300000000	0.0512271872
1518.8400000000	0.0510604799
1518.8500000000	0.0510012915
1518.8600000000	0.0511533455
1518.8700000000	0.0515258498
1518.8800000000	0.0520528495
1518.8900000000	0.0525851951
1518.9000000000	0.0531072589
1518.9100000000	0.0536384768
1518.9200000000	0.0538938704
1518.9300000000	0.0538730483
1518.9400000000	0.0535388755
1518.9500000000	0.0527736574
1518.9600000000	0.0517944722
1518.9700000000	0.0506687755
1518.9800000000	0.0493929127
1518.9900000000	0.0481367477
1519.0000000000	0.0470197403
1519.0100000000	0.0460118757
1519.0200000000	0.0451466449
1519.0300000000	0.0445049936
1519.0400000000	0.0440234514
1519.0500000000	0.0436449535
1519.0600000000	0.0435738065
1519.0700000000	0.0436929911
1519.0800000000	0.0439367726
1519.0900000000	0.0444254368
1519.1000000000	0.0449540047
1519.1100000000	0.0453887544
1519.1200000000	0.0456603071
1519.1300000000	0.0457637748
1519.1400000000	0.0456331028
1519.1500000000	0.0452491454
1519.1600000000	0.0446746337
1519.1700000000	0.0442093446
1519.1800000000	0.0438571692
1519.1900000000	0.0434687468
1519.2000000000	0.0431678391
1519.2100000000	0.0429908389
1519.2200000000	0.0428987987
1519.2300000000	0.0429948239
1519.2400000000	0.0432523723
1519.2500000000	0.0436059536
1519.2600000000	0.0440548791
1519.2700000000	0.0446560031
1519.2800000000	0.0452521384
1519.2900000000	0.0456681880
1519.3000000000	0.0459563995
1519.3100000000	0.0460777493
1519.3200000000	0.0461968519
1519.3300000000	0.0460334441
1519.3400000000	0.0457967522
1519.3500000000	0.0456379387
1519.3600000000	0.0455547760
1519.3700000000	0.0454616299
1519.3800000000	0.0454516342
1519.3900000000	0.0455878811
1519.4000000000	0.0458950759
1519.4100000000	0.0463930465
1519.4200000000	0.0470925155
1519.4300000000	0.0479001781
1519.4400000000	0.0488680581
1519.4500000000	0.0498198095
1519.4600000000	0.0506056915
1519.4700000000	0.0512032917
1519.4800000000	0.0515109283
1519.4900000000	0.0515487918
1519.5000000000	0.0514085259
1519.5100000000	0.0510702241
1519.5200000000	0.0506058973
1519.5300000000	0.0501883751
1519.5400000000	0.0497757089
1519.5500000000	0.0493578632
1519.5600000000	0.0491058920
1519.5700000000	0.0489671662
1519.5800000000	0.0490115013
1519.5900000000	0.0492617837
1519.6000000000	0.0495835704
1519.6100000000	0.0501415650
1519.6200000000	0.0508386076
1519.6300000000	0.0515884066
1519.6400000000	0.0523305492
1519.6500000000	0.0529365911
1519.6600000000	0.0533694118
1519.6700000000	0.0534458356
1519.6800000000	0.0532819475
1519.6900000000	0.0529077545
1519.7000000000	0.0524298394
1519.7100000000	0.0519718351
1519.7200000000	0.0515306561
1519.7300000000	0.0511547009
1519.7400000000	0.0508679460
1519.7500000000	0.0508199362
1519.7600000000	0.0510651375
1519.7700000000	0.0513687143
1519.7800000000	0.0517369992
1519.7900000000	0.0523286876
1519.8000000000	0.0531601627
1519.8100000000	0.0541229941
1519.8200000000	0.0551707554
1519.8300000000	0.0561404782
1519.8400000000	0.0569417215
1519.8500000000	0.0575526920
1519.8600000000	0.0577566530
1519.8700000000	0.0576365555
1519.8800000000	0.0572712190
1519.8900000000	0.0566822120
1519.9000000000	0.0560970600
1519.9100000000	0.0555859769
1519.9200000000	0.0551160830
1519.9300000000	0.0547578270
1519.9400000000	0.0545765719
1519.9500000000	0.0545356629
1519.9600000000	0.0546906213
1519.9700000000	0.0550216377
1519.9800000000	0.0554641815
1519.9900000000	0.0560623559
1520.0000000000	0.0566824092
1520.0100000000	0.0571765782
1520.0200000000	0.0574707140
1520.0300000000	0.0575102822
1520.0400000000	0.0572755000
1520.0500000000	0.0568242211
1520.0600000000	0.0563469041
1520.0700000000	0.0557979899
1520.0800000000	0.0552617709
1520.0900000000	0.0546990813
1520.1000000000	0.0542411257
1520.1100000000	0.0539766884
1520.1200000000	0.0538030146
1520.1300000000	0.0537281430
1520.1400000000	0.0539113874
1520.1500000000	0.0542734069
1520.1600000000	0.0547277875
1520.1700000000	0.0552492226
1520.1800000000	0.0557348976
1520.1900000000	0.0560442874
1520.2000000000	0.0562062156
1520.2100000000	0.0561123080
1520.2200000000	0.0556615755
1520.2300000000	0.0550095277
1520.2400000000	0.0542897640
1520.2500000000	0.0535791748
1520.2600000000	0.0528464437
1520.2700000000	0.0521021704
1520.2800000000	0.0514769924
1520.2900000000	0.0510583914
1520.3000000000	0.0508094580
1520.3100000000	0.0506663398
1520.3200000000	0.0507569817
1520.3300000000	0.0510957570
1520.3400000000	0.0516360552
1520.3500000000	0.0523132338
1520.3600000000	0.0530861857
1520.3700000000	0.0538738621
1520.3800000000	0.0545988731
1520.3900000000	0.0552740970
1520.4000000000	0.0555679186
1520.4100000000	0.0557108107
1520.4200000000	0.0556253477
1520.4300000000	0.0553109421
1520.4400000000	0.0550499412
1520.4500000000	0.0548442031
1520.4600000000	0.0546548857
1520.4700000000	0.0545767890
1520.4800000000	0.0547114911
1520.4900000000	0.0551145234
1520.5000000000	0.0555663348
1520.5100000000	0.0561324117
1520.5200000000	0.0568499295
1520.5300000000	0.0577044364
1520.5400000000	0.0586260591
1520.5500000000	0.0596088346
1520.5600000000	0.0606236030
1520.5700000000	0.0615145917
1520.5800000000	0.0621430110
1520.5900000000	0.0624793889
1520.6000000000	0.0625265842
1520.6100000000	0.0623095107
1520.6200000000	0.0619412726
1520.6300000000	0.0614966323
1520.6400000000	0.0609125454
1520.6500000000	0.0604903325
1520.6600000000	0.0601312647
1520.6700000000	0.0598354475
1520.6800000000	0.0596858372
1520.6900000000	0.0596322061
1520.7000000000	0.0596322061
1520.7100000000	0.0596522722
1520.7200000000	0.0598944109
1520.7300000000	0.0601882413
1520.7400000000	0.0602758082
1520.7500000000	0.0600814531
1520.7600000000	0.0597088282
1520.7700000000	0.0593376532
1520.7800000000	0.0588407823
1520.7900000000	0.0582553022
1520.8000000000	0.0577088531
1520.8100000000	0.0571131543
1520.8200000000	0.0565880080
1520.8300000000	0.0562201954
1520.8400000000	0.0559884383
1520.8500000000	0.0558352979
1520.8600000000	0.0558280749
1520.8700000000	0.0559212521
1520.8800000000	0.0560195172
1520.8900000000	0.0563763430
1520.9000000000	0.0568981756
1520.9100000000	0.0574744885
1520.9200000000	0.0578941278
1520.9300000000	0.0580996307
1520.9400000000	0.0581779133
1520.9500000000	0.0580486632
1520.9600000000	0.0578026818
1520.9700000000	0.0575194670
1520.9800000000	0.0572228056
1520.9900000000	0.0569162499
1521.0000000000	0.0567360403
1521.0100000000	0.0568053594
1521.0200000000	0.0570159390
1521.0300000000	0.0573231984
1521.0400000000	0.0577133522
1521.0500000000	0.0582050118
1521.0600000000	0.0589210750
1521.0700000000	0.0596662290
1521.0800000000	0.0603198707
1521.0900000000	0.0609245056
1521.1000000000	0.0614535566
1521.1100000000	0.0618316950
1521.1200000000	0.0619014224
1521.1300000000	0.0617585701
1521.1400000000	0.0614192566
1521.1500000000	0.0609730244
1521.1600000000	0.0603628584
1521.1700000000	0.0596120030
1521.1800000000	0.0590570119
1521.1900000000	0.0585919222
1521.2000000000	0.0582745991
1521.2100000000	0.0581843038
1521.2200000000	0.0582388377
1521.2300000000	0.0583110758
1521.2400000000	0.0585577311
1521.2500000000	0.0588587301
1521.2600000000	0.0591608302
1521.2700000000	0.0595792845
1521.2800000000	0.0598713681
1521.2900000000	0.0599712096
1521.3000000000	0.0598694611
1521.3100000000	0.0595872581
1521.3200000000	0.0592470793
1521.3300000000	0.0587507087
1521.3400000000	0.0580303774
1521.3500000000	0.0573179437
1521.3600000000	0.0566562232
1521.3700000000	0.0562257178
1521.3800000000	0.0560278065
1521.3900000000	0.0560855908
1521.4000000000	0.0562376359
1521.4100000000	0.0564817779
1521.4200000000	0.0569762132
1521.4300000000	0.0575657882
1521.4400000000	0.0582322293
1521.4500000000	0.0590198979
1521.4600000000	0.0597633095
1521.4700000000	0.0602991489
1521.4800000000	0.0606609666
1521.4900000000	0.0607981895
1521.5000000000	0.0607205975
1521.5100000000	0.0604520700
1521.5200000000	0.0599890476
1521.5300000000	0.0595814353
1521.5400000000	0.0592877581
1521.5500000000	0.0590931037
1521.5600000000	0.0589448403
1521.5700000000	0.0588105120
1521.5800000000	0.0589802648
1521.5900000000	0.0593215171
1521.6000000000	0.0599270108
1521.6100000000	0.0606709309
1521.6200000000	0.0615265040
1521.6300000000	0.0625041797
1521.6400000000	0.0635751858
1521.6500000000	0.0643947259
1521.6600000000	0.0650446975
1521.6700000000	0.0655071184
1521.6800000000	0.0655255935
1521.6900000000	0.0652620900
1521.7000000000	0.0647933902
1521.7100000000	0.0641060715
1521.7200000000	0.0635486385
1521.7300000000	0.0631540905
1521.7400000000	0.0628459250
1521.7500000000	0.0626435875
1521.7600000000	0.0625966363
1521.7700000000	0.0626688746
1521.7800000000	0.0628259758
1521.7900000000	0.0630415692
1521.8000000000	0.0632745581
1521.8100000000	0.0635752985
1521.8200000000	0.0638332715
1521.8300000000	0.0639841199
1521.8400000000	0.0640167775
1521.8500000000	0.0637524636
1521.8600000000	0.0634019217
1521.8700000000	0.0630062977
1521.8800000000	0.0623188494
1521.8900000000	0.0615286434
1521.9000000000	0.0607391918
1521.9100000000	0.0601219411
1521.9200000000	0.0594674406
1521.9300000000	0.0590550189
1521.9400000000	0.0588124258
1521.9500000000	0.0586514943
1521.9600000000	0.0586292204
1521.9700000000	0.0588047299
1521.9800000000	0.0591021511
1521.9900000000	0.0594938849
1522.0000000000	0.0597966794
1522.0100000000	0.0599413668
1522.0200000000	0.0599779624
1522.0300000000	0.0598839103
1522.0400000000	0.0596048648
1522.0500000000	0.0591511107
1522.0600000000	0.0586215950
1522.0700000000	0.0581356452
1522.0800000000	0.0577739585
1522.0900000000	0.0574740846
1522.1000000000	0.0572285164
1522.1100000000	0.0571819298
1522.1200000000	0.0574670412
1522.1300000000	0.0578679207
1522.1400000000	0.0583526024
1522.1500000000	0.0590799921
1522.1600000000	0.0598796399
1522.1700000000	0.0607484024
1522.1800000000	0.0617303279
1522.1900000000	0.0625773976
1522.2000000000	0.0632500194
1522.2100000000	0.0636141086
1522.2200000000	0.0636086408
1522.2300000000	0.0632993433
1522.2400000000	0.0628724701
1522.2500000000	0.0624356238
1522.2600000000	0.0620915306
1522.2700000000	0.0618645599
1522.2800000000	0.0617417681
1522.2900000000	0.0617656042
1522.3000000000	0.0618992305
1522.3100000000	0.0621862451
1522.3200000000	0.0625435551
1522.3300000000	0.0629858416
1522.3400000000	0.0636624172
1522.3500000000	0.0645127841
1522.3600000000	0.0653959374
1522.3700000000	0.0661569954
1522.3800000000	0.0666691814
1522.3900000000	0.0669491476
1522.4000000000	0.0667775715
1522.4100000000	0.0662748873
1522.4200000000	0.0652712535
1522.4300000000	0.0641081076
1522.4400000000	0.0630240619
1522.4500000000	0.0619687105
1522.4600000000	0.0612039347
1522.4700000000	0.0605819602
1522.4800000000	0.0601403616
1522.4900000000	0.0600612693
1522.5000000000	0.0600822161
1522.5100000000	0.0601984526
1522.5200000000	0.0605553446
1522.5300000000	0.0611339249
1522.5400000000	0.0616041597
1522.5500000000	0.0621669279
1522.5600000000	0.0626225749
1522.5700000000	0.0627325971
1522.5800000000	0.0626540328
1522.5900000000	0.0623626627
1522.6000000000	0.0617056721
1522.6100000000	0.0608727422
1522.6200000000	0.0601133664
1522.6300000000	0.0591950806
1522.6400000000	0.0583888474
1522.6500000000	0.0579116338
1522.6600000000	0.0574876342
1522.6700000000	0.0575270367
1522.6800000000	0.0576385884
1522.6900000000	0.0578184442
1522.7000000000	0.0584801030
1522.7100000000	0.0592768884
1522.7200000000	0.0601529407
1522.7300000000	0.0614472576
1522.7400000000	0.0628052878
1522.7500000000	0.0638751614
1522.7600000000	0.0648496032
1522.7700000000	0.0653530296
1522.7800000000	0.0652886723
1522.7900000000	0.0649296964
1522.8000000000	0.0642348777
1522.8100000000	0.0634858189
1522.8200000000	0.0626912605
1522.8300000000	0.0619856778
1522.8400000000	0.0615832215
1522.8500000000	0.0614151999
1522.8600000000	0.0611952236
1522.8700000000	0.0611158726
1522.8800000000	0.0613538763
1522.8900000000	0.0615994626
1522.9000000000	0.0620440586
1522.9100000000	0.0627615061
1522.9200000000	0.0633634915
1522.9300000000	0.0641030303
1522.9400000000	0.0648627274
1522.9500000000	0.0652326363
1522.9600000000	0.0654351990
1522.9700000000	0.0652371112
1522.9800000000	0.0647610076
1522.9900000000	0.0641495207
1523.0000000000	0.0634572940
1523.0100000000	0.0627858819
1523.0200000000	0.0623875009
1523.0300000000	0.0620754810
1523.0400000000	0.0617713826
1523.0500000000	0.0616861507
1523.0600000000	0.0616735038
1523.0700000000	0.0617159182
1523.0800000000	0.0619043479
1523.0900000000	0.0621473267
1523.1000000000	0.0624653814
1523.1100000000	0.0627960311
1523.1200000000	0.0630289433
1523.1300000000	0.0630083159
1523.1400000000	0.0628666726
1523.1500000000	0.0625131499
1523.1600000000	0.0620635660
1523.1700000000	0.0614307999
1523.1800000000	0.0609345622
1523.1900000000	0.0605158712
1523.2000000000	0.0602167022
1523.2100000000	0.0601295297
1523.2200000000	0.0603173997
1523.2300000000	0.0606154749
1523.2400000000	0.0612145608
1523.2500000000	0.0619410730
1523.2600000000	0.0628878258
1523.2700000000	0.0637510552
1523.2800000000	0.0646242092
1523.2900000000	0.0654892663
1523.3000000000	0.0662136911
1523.3100000000	0.0667560694
1523.3200000000	0.0671191215
1523.3300000000	0.0672305333
1523.3400000000	0.0671061200
1523.3500000000	0.0668242040
1523.3600000000	0.0663865614
1523.3700000000	0.0659021814
1523.3800000000	0.0655682431
1523.3900000000	0.0653842815
1523.4000000000	0.0652536334
1523.4100000000	0.0651648694
1523.4200000000	0.0652253916
1523.4300000000	0.0655568423
1523.4400000000	0.0659336940
1523.4500000000	0.0663424942
1523.4600000000	0.0667346138
1523.4700000000	0.0672188697
1523.4800000000	0.0675767004
1523.4900000000	0.0676643198
1523.5000000000	0.0675968596
1523.5100000000	0.0674179845
1523.5200000000	0.0670411056
1523.5300000000	0.0664853971
1523.5400000000	0.0659099480
1523.5500000000	0.0654404356
1523.5600000000	0.0651527340
1523.5700000000	0.0649888464
1523.5800000000	0.0649239664
1523.5900000000	0.0650266349
1523.6000000000	0.0651988824
1523.6100000000	0.0654725574
1523.6200000000	0.0657989643
1523.6300000000	0.0660834630
1523.6400000000	0.0664284624
1523.6500000000	0.0667887406
1523.6600000000	0.0669620204
1523.6700000000	0.0669089167
1523.6800000000	0.0665827926
1523.6900000000	0.0658492301
1523.7000000000	0.0649369745
1523.7100000000	0.0639126145
1523.7200000000	0.0628764469
1523.7300000000	0.0620296533
1523.7400000000	0.0615170232
1523.7500000000	0.0611593624
1523.7600000000	0.0610417123
1523.7700000000	0.0611301634
1523.7800000000	0.0613371682
1523.7900000000	0.0616990044
1523.8000000000	0.0621958531
1523.8100000000	0.0627943990
1523.8200000000	0.0634172553
1523.8300000000	0.0640010662
1523.8400000000	0.0645443361
1523.8500000000	0.0649718777
1523.8600000000	0.0652660982
1523.8700000000	0.0653372153
1523.8800000000	0.0650953243
1523.8900000000	0.0646095951
1523.9000000000	0.0639702784
1523.9100000000	0.0633065737
1523.9200000000	0.0628136966
1523.9300000000	0.0624684276
1523.9400000000	0.0620310510
1523.9500000000	0.0618186935
1523.9600000000	0.0617417681
1523.9700000000	0.0617725662
1523.9800000000	0.0618990860
1523.9900000000	0.0620690878
1524.0000000000	0.0622304215
1524.0100000000	0.0624664811
1524.0200000000	0.0627048500
1524.0300000000	0.0627980316
1524.0400000000	0.0628548680
1524.0500000000	0.0627228885
1524.0600000000	0.0624146152
1524.0700000000	0.0619429359
1524.0800000000	0.0613145448
1524.0900000000	0.0606552444
1524.1000000000	0.0600413700
1524.1100000000	0.0595179383
1524.1200000000	0.0591049935
1524.1300000000	0.0588135505
1524.1400000000	0.0586494417
1524.1500000000	0.0586111237
1524.1600000000	0.0586748014
1524.1700000000	0.0587247877
1524.1800000000	0.0587782912
1524.1900000000	0.0589528645
1524.2000000000	0.0590129313
1524.2100000000	0.0589772905
1524.2200000000	0.0588863574
1524.2300000000	0.0585927768
1524.2400000000	0.0580376005
1524.2500000000	0.0572616804
1524.2600000000	0.0564171612
1524.2700000000	0.0556187831
1524.2800000000	0.0549449700
1524.2900000000	0.0544922258
1524.3000000000	0.0542696749
1524.3100000000	0.0542158483
1524.3200000000	0.0543633284
1524.3300000000	0.0547463884
1524.3400000000	0.0553061928
1524.3500000000	0.0560234157
1524.3600000000	0.0568655187
1524.3700000000	0.0577843915
1524.3800000000	0.0587244390
1524.3900000000	0.0596528369
1524.4000000000	0.0605720615
1524.4100000000	0.0613209508
1524.4200000000	0.0617570913
1524.4300000000	0.0618936344
1524.4400000000	0.0619028457
1524.4500000000	0.0618191738
1524.4600000000	0.0617198779
1524.4700000000	0.0616469057
1524.4800000000	0.0616473678
1524.4900000000	0.0618522807
1524.5000000000	0.0621886989
1524.5100000000	0.0625514684
1524.5200000000	0.0629908636
1524.5300000000	0.0636262912
1524.5400000000	0.0644074641
1524.5500000000	0.0652310942
1524.5600000000	0.0660256550
1524.5700000000	0.0668336537
1524.5800000000	0.0675794166
1524.5900000000	0.0680585072
1524.6000000000	0.0683243619
1524.6100000000	0.0683667929
1524.6200000000	0.0680412421
1524.6300000000	0.0676680062
1524.6400000000	0.0671169594
1524.6500000000	0.0665303060
1524.6600000000	0.0661343511
1524.6700000000	0.0658671010
1524.6800000000	0.0656095108
1524.6900000000	0.0654211091
1524.7000000000	0.0653647185
1524.7100000000	0.0654098198
1524.7200000000	0.0654900424
1524.7300000000	0.0655675685
1524.7400000000	0.0655675685
1524.7500000000	0.0656033226
1524.7600000000	0.0657292067
1524.7700000000	0.0657714035
1524.7800000000	0.0656991582
1524.7900000000	0.0655001097
1524.8000000000	0.0651093127
1524.8100000000	0.0645912289
1524.8200000000	0.0641782182
1524.8300000000	0.0638498563
1524.8400000000	0.0636060934
1524.8500000000	0.0635295291
1524.8600000000	0.0635472256
1524.8700000000	0.0637082994
1524.8800000000	0.0639554607
1524.8900000000	0.0642306036
1524.9000000000	0.0646264706
1524.9100000000	0.0650194322
1524.9200000000	0.0653453984
1524.9300000000	0.0656913376
1524.9400000000	0.0660131336
1524.9500000000	0.0662706322
1524.9600000000	0.0663958344
1524.9700000000	0.0662188967
1524.9800000000	0.0658401116
1524.9900000000	0.0654041162
1525.0000000000	0.0649229030
1525.0100000000	0.0643493934
1525.0200000000	0.0640486872
1525.0300000000	0.0638631108
1525.0400000000	0.0636474415
1525.0500000000	0.0636360224
1525.0600000000	0.0638090954
1525.0700000000	0.0640189217
1525.0800000000	0.0642818090
1525.0900000000	0.0645214623
1525.1000000000	0.0648238641
1525.1100000000	0.0652284322
1525.1200000000	0.0655037168
1525.1300000000	0.0657553676
1525.1400000000	0.0659017693
1525.1500000000	0.0658536058
1525.1600000000	0.0656430493
1525.1700000000	0.0653379996
1525.1800000000	0.0650054139
1525.1900000000	0.0646702769
1525.2000000000	0.0644191887
1525.2100000000	0.0643266488
1525.2200000000	0.0642922969
1525.2300000000	0.0643954337
1525.2400000000	0.0646550959
1525.2500000000	0.0649633004
1525.2600000000	0.0653097717
1525.2700000000	0.0656109842
1525.2800000000	0.0658938764
1525.2900000000	0.0661611004
1525.3000000000	0.0662954670
1525.3100000000	0.0663541869
1525.3200000000	0.0662593214
1525.3300000000	0.0658828609
1525.3400000000	0.0653380777
1525.3500000000	0.0647492154
1525.3600000000	0.0641074430
1525.3700000000	0.0634988223
1525.3800000000	0.0630304080
1525.3900000000	0.0627046788
1525.4000000000	0.0624699335
1525.4100000000	0.0625070653
1525.4200000000	0.0626748079
1525.4300000000	0.0629148123
1525.4400000000	0.0633060582
1525.4500000000	0.0636807963
1525.4600000000	0.0639807165
1525.4700000000	0.0643490597
1525.4800000000	0.0647650642
1525.4900000000	0.0651155206
1525.5000000000	0.0653320880
1525.5100000000	0.0653215754
1525.5200000000	0.0649855719
1525.5300000000	0.0645111967
1525.5400000000	0.0638966325
1525.5500000000	0.0631814549
1525.5600000000	0.0625340865
1525.5700000000	0.0620551949
1525.5800000000	0.0618132763
1525.5900000000	0.0619314835
1525.6000000000	0.0621455867
1525.6100000000	0.0625482037
1525.6200000000	0.0631116759
1525.6300000000	0.0635506169
1525.6400000000	0.0639315874
1525.6500000000	0.0644467525
1525.6600000000	0.0647897063
1525.6700000000	0.0649323873
1525.6800000000	0.0649771108
1525.6900000000	0.0648153757
1525.7000000000	0.0645272932
1525.7100000000	0.0641112298
1525.7200000000	0.0633929396
1525.7300000000	0.0626486456
1525.7400000000	0.0619663089
1525.7500000000	0.0611925620
1525.7600000000	0.0604502833
1525.7700000000	0.0599225822
1525.7800000000	0.0594906152
1525.7900000000	0.0591423241
1525.8000000000	0.0589837259
1525.8100000000	0.0589015156
1525.8200000000	0.0588992334
1525.8300000000	0.0588975747
1525.8400000000	0.0588813564
1525.8500000000	0.0589832554
1525.8600000000	0.0590807123
1525.8700000000	0.0590539871
1525.8800000000	0.0590028472
1525.8900000000	0.0588343976
1525.9000000000	0.0584895066
1525.9100000000	0.0582104184
1525.9200000000	0.0579422688
1525.9300000000	0.0576386906
1525.9400000000	0.0574531743
1525.9500000000	0.0573404771
1525.9600000000	0.0573030174
1525.9700000000	0.0575080165
1525.9800000000	0.0577911619
1525.9900000000	0.0581013370
1526.0000000000	0.0584721598
1526.0100000000	0.0590334048
1526.0200000000	0.0595130294
1526.0300000000	0.0599450723
1526.0400000000	0.0604181164
1526.0500000000	0.0606676762
1526.0600000000	0.0607935415
1526.0700000000	0.0607953475
1526.0800000000	0.0605942075
1526.0900000000	0.0605019997
1526.1000000000	0.0604989888
1526.1100000000	0.0604696910
1526.1200000000	0.0606476568
1526.1300000000	0.0610503823
1526.1400000000	0.0616048218
1526.1500000000	0.0623492386
1526.1600000000	0.0631515417
1526.1700000000	0.0639512879
1526.1800000000	0.0647554113
1526.1900000000	0.0654890424
1526.2000000000	0.0661478191
1526.2100000000	0.0668162971
1526.2200000000	0.0673961336
1526.2300000000	0.0676378907
1526.2400000000	0.0677330987
1526.2500000000	0.0676796544
1526.2600000000	0.0672534802
1526.2700000000	0.0666330740
1526.2800000000	0.0658821374
1526.2900000000	0.0651554748
1526.3000000000	0.0646975192
1526.3100000000	0.0643351045
1526.3200000000	0.0641153016
1526.3300000000	0.0641847838
1526.3400000000	0.0643876483
1526.3500000000	0.0647260290
1526.3600000000	0.0650269886
1526.3700000000	0.0651969154
1526.3800000000	0.0653031156
1526.3900000000	0.0653909367
1526.4000000000	0.0653288392
1526.4100000000	0.0651287542
1526.4200000000	0.0647332846
1526.4300000000	0.0641219379
1526.4400000000	0.0633103120
1526.4500000000	0.0623746647
1526.4600000000	0.0613989193
1526.4700000000	0.0603709285
1526.4800000000	0.0594001410
1526.4900000000	0.0585880866
1526.5000000000	0.0580072231
1526.5100000000	0.0577336776
1526.5200000000	0.0574825707
1526.5300000000	0.0574746254
1526.5400000000	0.0576501453
1526.5500000000	0.0577997547
1526.5600000000	0.0579842255
1526.5700000000	0.0582062930
1526.5800000000	0.0584569881
1526.5900000000	0.0586854242
1526.6000000000	0.0587383256
1526.6100000000	0.0585320812
1526.6200000000	0.0582686258
1526.6300000000	0.0579443448
1526.6400000000	0.0574936924
1526.6500000000	0.0570004127
1526.6600000000	0.0564607285
1526.6700000000	0.0560595823
1526.6800000000	0.0559351933
1526.6900000000	0.0559580956
1526.7000000000	0.0561588531
1526.7100000000	0.0565432405
1526.7200000000	0.0570342214
1526.7300000000	0.0575739239
1526.7400000000	0.0581338692
1526.7500000000	0.0587286094
1526.7600000000	0.0593114947
1526.7700000000	0.0599420924
1526.7800000000	0.0603754896
1526.7900000000	0.0607655450
1526.8000000000	0.0609730268
1526.8100000000	0.0610447155
1526.8200000000	0.0610330937
1526.8300000000	0.0607999659
1526.8400000000	0.0606470418
1526.8500000000	0.0605177186
1526.8600000000	0.0603357828
1526.8700000000	0.0602758082
1526.8800000000	0.0604382945
1526.8900000000	0.0607746022
1526.9000000000	0.0611806552
1526.9100000000	0.0615413212
1526.9200000000	0.0617941352
1526.9300000000	0.0621212064
1526.9400000000	0.0625204342
1526.9500000000	0.0627071568
1526.9600000000	0.0627071568
1526.9700000000	0.0626483404
1526.9800000000	0.0624652176
1526.9900000000	0.0621465415
1527.0000000000	0.0616977598
1527.0100000000	0.0612233170
1527.0200000000	0.0607983798
1527.0300000000	0.0604921025
1527.0400000000	0.0602321072
1527.0500000000	0.0601904235
1527.0600000000	0.0603725970
1527.0700000000	0.0605748443
1527.0800000000	0.0608941151
1527.0900000000	0.0611825481
1527.1000000000	0.0614690863
1527.1100000000	0.0617651177
1527.1200000000	0.0621022912
1527.1300000000	0.0624121712
1527.1400000000	0.0625136939
1527.1500000000	0.0625400467
1527.1600000000	0.0624300483
1527.1700000000	0.0621761894
1527.1800000000	0.0617453385
1527.1900000000	0.0612322532
1527.2000000000	0.0606959278
1527.2100000000	0.0602481911
1527.2200000000	0.0599883310
1527.2300000000	0.0598703496
1527.2400000000	0.0599600786
1527.2500000000	0.0601281027
1527.2600000000	0.0604201761
1527.2700000000	0.0608176342
1527.2800000000	0.0611657027
1527.2900000000	0.0615564839
1527.3000000000	0.0618887585
1527.3100000000	0.0622741209
1527.3200000000	0.0625755690
1527.3300000000	0.0629471709
1527.3400000000	0.0631558847
1527.3500000000	0.0633068811
1527.3600000000	0.0632115295
1527.3700000000	0.0629981871
1527.3800000000	0.0628037688
1527.3900000000	0.0624646946
1527.4000000000	0.0620886979
1527.4100000000	0.0617955710
1527.4200000000	0.0616097114
1527.4300000000	0.0616121050
1527.4400000000	0.0617443220
1527.4500000000	0.0618942701
1527.4600000000	0.0620989497
1527.4700000000	0.0622497006
1527.4800000000	0.0623008157
1527.4900000000	0.0622567079
1527.5000000000	0.0622065854
1527.5100000000	0.0621807037
1527.5200000000	0.0620341101
1527.5300000000	0.0618023005
1527.5400000000	0.0614287303
1527.5500000000	0.0611608374
1527.5600000000	0.0606673104
1527.5700000000	0.0602014385
1527.5800000000	0.0597784859
1527.5900000000	0.0594315441
1527.6000000000	0.0592256274
1527.6100000000	0.0591204616
1527.6200000000	0.0590601267
1527.6300000000	0.0590357992
1527.6400000000	0.0589156169
1527.6500000000	0.0586922508
1527.6600000000	0.0583103779
1527.6700000000	0.0579287319
1527.6800000000	0.0574829264
1527.6900000000	0.0570599810
1527.7000000000	0.0565659321
1527.7100000000	0.0560835971
1527.7200000000	0.0556403740
1527.7300000000	0.0551093588
1527.7400000000	0.0546293196
1527.7500000000	0.0542197710
1527.7600000000	0.0538277273
1527.7700000000	0.0536422041
1527.7800000000	0.0537476490
1527.7900000000	0.0540328786
1527.8000000000	0.0544737135
1527.8100000000	0.0551671535
1527.8200000000	0.0559295618
1527.8300000000	0.0567145896
1527.8400000000	0.0574262200
1527.8500000000	0.0580842666
1527.8600000000	0.0585487228
1527.8700000000	0.0589558133
1527.8800000000	0.0591743842
1527.8900000000	0.0592131386
1527.9000000000	0.0592260721
1527.9100000000	0.0591267931
1527.9200000000	0.0589431134
1527.9300000000	0.0587293046
1527.9400000000	0.0585274128
1527.9500000000	0.0584698054
1527.9600000000	0.0584508034
1527.9700000000	0.0585757737
1527.9800000000	0.0589757116
1527.9900000000	0.0593373177
1528.0000000000	0.0596744381
1528.0100000000	0.0600835387
1528.0200000000	0.0604572769
1528.0300000000	0.0607488677
1528.0400000000	0.0609853498
1528.0500000000	0.0610613604
1528.0600000000	0.0609565383
1528.0700000000	0.0608305416
1528.0800000000	0.0606115491
1528.0900000000	0.0603104854
1528.1000000000	0.0599876117
1528.1100000000	0.0594855741
1528.1200000000	0.0590099928
1528.1300000000	0.0586901671
1528.1400000000	0.0585308046
1528.1500000000	0.0584865728
1528.1600000000	0.0587615535
1528.1700000000	0.0591197168
1528.1800000000	0.0595964520
1528.1900000000	0.0602218055
1528.2000000000	0.0606623846
1528.2100000000	0.0609447811
1528.2200000000	0.0611374677
1528.2300000000	0.0610938825
1528.2400000000	0.0607515920
1528.2500000000	0.0603094309
1528.2600000000	0.0598492158
1528.2700000000	0.0593269146
1528.2800000000	0.0587860062
1528.2900000000	0.0582297392
1528.3000000000	0.0576783685
1528.3100000000	0.0572806166
1528.3200000000	0.0570441176
1528.3300000000	0.0570368945
1528.3400000000	0.0573503776
1528.3500000000	0.0579381271
1528.3600000000	0.0587303867
1528.3700000000	0.0597165924
1528.3800000000	0.0608384899
1528.3900000000	0.0618910468
1528.4000000000	0.0629828174
1528.4100000000	0.0639793436
1528.4200000000	0.0646215702
1528.4300000000	0.0650990194
1528.4400000000	0.0653727018
1528.4500000000	0.0653866238
1528.4600000000	0.0651871308
1528.4700000000	0.0648416307
1528.4800000000	0.0642318543
1528.4900000000	0.0635424218
1528.5000000000	0.0629406586
1528.5100000000	0.0624522677
1528.5200000000	0.0621984902
1528.5300000000	0.0621350773
1528.5400000000	0.0622494903
1528.5500000000	0.0624888422
1528.5600000000	0.0627845660
1528.5700000000	0.0631289209
1528.5800000000	0.0634295467
1528.5900000000	0.0636620295
1528.6000000000	0.0636367913
1528.6100000000	0.0636263179
1528.6200000000	0.0635035218
1528.6300000000	0.0631560788
1528.6400000000	0.0626991256
1528.6500000000	0.0620005287
1528.6600000000	0.0610824816
1528.6700000000	0.0601091900
1528.6800000000	0.0591021488
1528.6900000000	0.0583103874
1528.7000000000	0.0577707326
1528.7100000000	0.0574256042
1528.7200000000	0.0572316556
1528.7300000000	0.0572598517
1528.7400000000	0.0574001675
1528.7500000000	0.0575431906
1528.7600000000	0.0577021369
1528.7700000000	0.0578083371
1528.7800000000	0.0577750610
1528.7900000000	0.0575529053
1528.8000000000	0.0572178992
1528.8100000000	0.0567637792
1528.8200000000	0.0561605837
1528.8300000000	0.0555176163
1528.8400000000	0.0547623553
1528.8500000000	0.0539955397
1528.8600000000	0.0532041497
1528.8700000000	0.0525905925
1528.8800000000	0.0521430916
1528.8900000000	0.0519377005
1528.9000000000	0.0519586573
1528.9100000000	0.0522294122
1528.9200000000	0.0526451825
1528.9300000000	0.0532493361
1528.9400000000	0.0539029304
1528.9500000000	0.0545639153
1528.9600000000	0.0552183955
1528.9700000000	0.0557409758
1528.9800000000	0.0561823611
1528.9900000000	0.0566161300
1529.0000000000	0.0569115002
1529.0100000000	0.0571315385
1529.0200000000	0.0573132801
1529.0300000000	0.0573601578
1529.0400000000	0.0573438738
1529.0500000000	0.0574582934
1529.0600000000	0.0576956947
1529.0700000000	0.0579843724
1529.0800000000	0.0584459785
1529.0900000000	0.0590898672
1529.1000000000	0.0597920563
1529.1100000000	0.0606977142
1529.1200000000	0.0618414398
1529.1300000000	0.0626768140
1529.1400000000	0.0634569318
1529.1500000000	0.0641884445
1529.1600000000	0.0646279818
1529.1700000000	0.0649892138
1529.1800000000	0.0653965301
1529.1900000000	0.0655675685
1529.2000000000	0.0655847007
1529.2100000000	0.0654357179
1529.2200000000	0.0650200618
1529.2300000000	0.0647743831
1529.2400000000	0.0645521155
1529.2500000000	0.0643171949
1529.2600000000	0.0644344874
1529.2700000000	0.0646708560
1529.2800000000	0.0649078503
1529.2900000000	0.0654475559
1529.3000000000	0.0660327296
1529.3100000000	0.0663380216
1529.3200000000	0.0667339148
1529.3300000000	0.0671598372
1529.3400000000	0.0672935018
1529.3500000000	0.0674096482
1529.3600000000	0.0674300236
1529.3700000000	0.0672806322
1529.3800000000	0.0670961866
1529.3900000000	0.0668413033
1529.4000000000	0.0664299402
1529.4100000000	0.0660631813
1529.4200000000	0.0656443842
1529.4300000000	0.0652764138
1529.4400000000	0.0650600771
1529.4500000000	0.0650312431
1529.4600000000	0.0651542678
1529.4700000000	0.0655630906
1529.4800000000	0.0659852954
1529.4900000000	0.0664490505
1529.5000000000	0.0670009577
1529.5100000000	0.0674495902
1529.5200000000	0.0678227186
1529.5300000000	0.0682149073
1529.5400000000	0.0684261373
1529.5500000000	0.0685504645
1529.5600000000	0.0686425046
1529.5700000000	0.0685107254
1529.5800000000	0.0682430755
1529.5900000000	0.0680030826
1529.6000000000	0.0677312883
1529.6100000000	0.0675542778
1529.6200000000	0.0673971016
1529.6300000000	0.0673485362
1529.6400000000	0.0674662401
1529.6500000000	0.0676660624
1529.6600000000	0.0679967281
1529.6700000000	0.0683623001
1529.6800000000	0.0687497723
1529.6900000000	0.0689580395
1529.7000000000	0.0689842100
1529.7100000000	0.0689129092
1529.7200000000	0.0686521950
1529.7300000000	0.0682424979
1529.7400000000	0.0678111995
1529.7500000000	0.0673699138
1529.7600000000	0.0668044809
1529.7700000000	0.0663209264
1529.7800000000	0.0659300706
1529.7900000000	0.0655845606
1529.8000000000	0.0653544241
1529.8100000000	0.0653016549
1529.8200000000	0.0653558339
1529.8300000000	0.0655512166
1529.8400000000	0.0658218261
1529.8500000000	0.0660009757
1529.8600000000	0.0661227641
1529.8700000000	0.0662898873
1529.8800000000	0.0664628650
1529.8900000000	0.0665758620
1529.9000000000	0.0663906460
1529.9100000000	0.0660500831
1529.9200000000	0.0657610611
1529.9300000000	0.0654287564
1529.9400000000	0.0649982913
1529.9500000000	0.0645226436
1529.9600000000	0.0641653419
1529.9700000000	0.0638889920
1529.9800000000	0.0637798075
1529.9900000000	0.0638200308
1530.0000000000	0.0640286757
1530.0100000000	0.0643826906
1530.0200000000	0.0647501576
1530.0300000000	0.0651709813
1530.0400000000	0.0656184351
1530.0500000000	0.0660256737
1530.0600000000	0.0662808212
1530.0700000000	0.0663008988
1530.0800000000	0.0662826642
1530.0900000000	0.0663126356
1530.1000000000	0.0662469192
1530.1100000000	0.0659117110
1530.1200000000	0.0654496819
1530.1300000000	0.0649115823
1530.1400000000	0.0642948887
1530.1500000000	0.0637482974
1530.1600000000	0.0633084895
1530.1700000000	0.0631308027
1530.1800000000	0.0632705686
1530.1900000000	0.0635645434
1530.2000000000	0.0641111872
1530.2100000000	0.0648473558
1530.2200000000	0.0656803562
1530.2300000000	0.0664300644
1530.2400000000	0.0669351966
1530.2500000000	0.0673630624
1530.2600000000	0.0676240378
1530.2700000000	0.0676581445
1530.2800000000	0.0676031299
1530.2900000000	0.0674009880
1530.3000000000	0.0669351088
1530.3100000000	0.0663005485
1530.3200000000	0.0655314645
1530.3300000000	0.0647704354
1530.3400000000	0.0640763640
1530.3500000000	0.0635185219
1530.3600000000	0.0633246806
1530.3700000000	0.0633433930
1530.3800000000	0.0636023627
1530.3900000000	0.0640514059
1530.4000000000	0.0646061546
1530.4100000000	0.0653952888
1530.4200000000	0.0661190647
1530.4300000000	0.0666477301
1530.4400000000	0.0670636185
1530.4500000000	0.0672571689
1530.4600000000	0.0674983457
1530.4700000000	0.0674888600
1530.4800000000	0.0674151787
1530.4900000000	0.0672934291
1530.5000000000	0.0670700598
1530.5100000000	0.0669137282
1530.5200000000	0.0666961514
1530.5300000000	0.0665827324
1530.5400000000	0.0666851774
1530.5500000000	0.0669512850
1530.5600000000	0.0673769895
1530.5700000000	0.0680317492
1530.5800000000	0.0689397445
1530.5900000000	0.0698557054
1530.6000000000	0.0706226676
1530.6100000000	0.0713599050
1530.6200000000	0.0720048671
1530.6300000000	0.0724414931
1530.6400000000	0.0727206607
1530.6500000000	0.0728991064
1530.6600000000	0.0730761531
1530.6700000000	0.0730549113
1530.6800000000	0.0728365478
1530.6900000000	0.0722997481
1530.7000000000	0.0718612063
1530.7100000000	0.0714613249
1530.7200000000	0.0712419487
1530.7300000000	0.0711264043
1530.7400000000	0.0714417329
1530.7500000000	0.0720956461
1530.7600000000	0.0730487623
1530.7700000000	0.0743275770
1530.7800000000	0.0755691191
1530.7900000000	0.0767290737
1530.8000000000	0.0777554783
1530.8100000000	0.0785682850
1530.8200000000	0.0793825079
1530.8300000000	0.0802193163
1530.8400000000	0.0808633431
1530.8500000000	0.0813249742
1530.8600000000	0.0816499544
1530.8700000000	0.0817806184
1530.8800000000	0.0817568926
1530.8900000000	0.0816182613
1530.9000000000	0.0813845065
1530.9100000000	0.0810873881
1530.9200000000	0.0808474060
1530.9300000000	0.0807559995
1530.9400000000	0.0808095310
1530.9500000000	0.0811997248
1530.9600000000	0.0815639322
1530.9700000000	0.0818453654
1530.9800000000	0.0821937138
1530.9900000000	0.0821686491
1531.0000000000	0.0819829499
1531.0100000000	0.0816052749
1531.0200000000	0.0810989972
1531.0300000000	0.0804361813
1531.0400000000	0.0794805692
1531.0500000000	0.0783495030
1531.0600000000	0.0770701018
1531.0700000000	0.0757248618
1531.0800000000	0.0743308324
1531.0900000000	0.0729035115
1531.1000000000	0.0716358327
1531.1100000000	0.0707121007
1531.1200000000	0.0701445686
1531.1300000000	0.0696746443
1531.1400000000	0.0694730494
1531.1500000000	0.0693782422
1531.1600000000	0.0693218608
1531.1700000000	0.0693114470
1531.1800000000	0.0692461463
1531.1900000000	0.0692110586
1531.2000000000	0.0691655737
1531.2100000000	0.0690136979
1531.2200000000	0.0688351533
1531.2300000000	0.0686952262
1531.2400000000	0.0685546092
1531.2500000000	0.0683122368
1531.2600000000	0.0680881179
1531.2700000000	0.0677776843
1531.2800000000	0.0675926756
1531.2900000000	0.0675096365
1531.3000000000	0.0674268376
1531.3100000000	0.0675927070
1531.3200000000	0.0679760276
1531.3300000000	0.0684216014
1531.3400000000	0.0687726570
1531.3500000000	0.0690952934
1531.3600000000	0.0694847084
1531.3700000000	0.0698897339
1531.3800000000	0.0703123758
1531.3900000000	0.0707152733
1531.4000000000	0.0711774168
1531.4100000000	0.0716010860
1531.4200000000	0.0718324797
1531.4300000000	0.0721795222
1531.4400000000	0.0724860081
1531.4500000000	0.0729037431
1531.4600000000	0.0733066102
1531.4700000000	0.0737668253
1531.4800000000	0.0742631509
1531.4900000000	0.0749414425
1531.5000000000	0.0756653902
1531.5100000000	0.0764688377
1531.5200000000	0.0771841875
1531.5300000000	0.0777403010
1531.5400000000	0.0781316983
1531.5500000000	0.0784552712
1531.5600000000	0.0786677573
1531.5700000000	0.0789346297
1531.5800000000	0.0790079609
1531.5900000000	0.0789659958
1531.6000000000	0.0789446878
1531.6100000000	0.0786247677
1531.6200000000	0.0780941542
1531.6300000000	0.0776808543
1531.6400000000	0.0774045486
1531.6500000000	0.0771569641
1531.6600000000	0.0770729695
1531.6700000000	0.0773244847
1531.6800000000	0.0776639136
1531.6900000000	0.0781401856
1531.7000000000	0.0785572011
1531.7100000000	0.0789589227
1531.7200000000	0.0791570345
1531.7300000000	0.0791977198
1531.7400000000	0.0792889670
1531.7500000000	0.0791610324
1531.7600000000	0.0792746948
1531.7700000000	0.0794589956
1531.7800000000	0.0796288348
1531.7900000000	0.0796629220
1531.8000000000	0.0794763182
1531.8100000000	0.0792707324
1531.8200000000	0.0790408672
1531.8300000000	0.0788557154
1531.8400000000	0.0787144945
1531.8500000000	0.0788695516
1531.8600000000	0.0791998438
1531.8700000000	0.0796236342
1531.8800000000	0.0801485944
1531.8900000000	0.0804856073
1531.9000000000	0.0806165976
1531.9100000000	0.0806718664
1531.9200000000	0.0804801703
1531.9300000000	0.0799674569
1531.9400000000	0.0795390672
1531.9500000000	0.0789504055
1531.9600000000	0.0781923920
1531.9700000000	0.0775340988
1531.9800000000	0.0767340160
1531.9900000000	0.0757365525
1532.0000000000	0.0749180744
1532.0100000000	0.0740365842
1532.0200000000	0.0732435953
1532.0300000000	0.0729623234
1532.0400000000	0.0727640678
1532.0500000000	0.0730180903
1532.0600000000	0.0736870653
1532.0700000000	0.0744013250
1532.0800000000	0.0751492474
1532.0900000000	0.0759847132
1532.1000000000	0.0765911306
1532.1100000000	0.0771554863
1532.1200000000	0.0777651774
1532.1300000000	0.0782307246
1532.1400000000	0.0786316956
1532.1500000000	0.0790258777
1532.1600000000	0.0791790488
1532.1700000000	0.0791545317
1532.1800000000	0.0791174254
1532.1900000000	0.0789267127
1532.2000000000	0.0786388321
1532.2100000000	0.0785229632
1532.2200000000	0.0786958437
1532.2300000000	0.0789001526
1532.2400000000	0.0795569535
1532.2500000000	0.0803116916
1532.2600000000	0.0810627830
1532.2700000000	0.0815407359
1532.2800000000	0.0820810342
1532.2900000000	0.0821984568
1532.3000000000	0.0826629091
1532.3100000000	0.0827997043
1532.3200000000	0.0827749231
1532.3300000000	0.0828572607
1532.3400000000	0.0827514916
1532.3500000000	0.0826235142
1532.3600000000	0.0823317846
1532.3700000000	0.0819734650
1532.3800000000	0.0814856944
1532.3900000000	0.0813355909
1532.4000000000	0.0814959641
1532.4100000000	0.0818103201
1532.4200000000	0.0825289589
1532.4300000000	0.0834930445
1532.4400000000	0.0844203130
1532.4500000000	0.0855758124
1532.4600000000	0.0865442642
1532.4700000000	0.0872938609
1532.4800000000	0.0880575681
1532.4900000000	0.0885938935
1532.5000000000	0.0890286775
1532.5100000000	0.0895978681
1532.5200000000	0.0898810686
1532.5300000000	0.0900226832
1532.5400000000	0.0902670166
1532.5500000000	0.0897592929
1532.5600000000	0.0891426236
1532.5700000000	0.0885912007
1532.5800000000	0.0878460702
1532.5900000000	0.0873648041
1532.6000000000	0.0873222798
1532.6100000000	0.0874079479
1532.6200000000	0.0876415941
1532.6300000000	0.0882038049
1532.6400000000	0.0886184546
1532.6500000000	0.0891168592
1532.6600000000	0.0895484475
1532.6700000000	0.0898361137
1532.6800000000	0.0900598534
1532.6900000000	0.0900489569
1532.7000000000	0.0899996903
1532.7100000000	0.0900956074
1532.7200000000	0.0900894779
1532.7300000000	0.0897830007
1532.7400000000	0.0894765370
1532.7500000000	0.0888826796
1532.7600000000	0.0880680734
1532.7700000000	0.0874843925
1532.7800000000	0.0870683306
1532.7900000000	0.0867346243
1532.8000000000	0.0866663998
1532.8100000000	0.0865635021
1532.8200000000	0.0865222524
1532.8300000000	0.0866229835
1532.8400000000	0.0866631162
1532.8500000000	0.0868030568
1532.8600000000	0.0867761452
1532.8700000000	0.0867897452
1532.8800000000	0.0867530324
1532.8900000000	0.0867884324
1532.9000000000	0.0867006368
1532.9100000000	0.0865422530
1532.9200000000	0.0863112784
1532.9300000000	0.0860499051
1532.9400000000	0.0859122520
1532.9500000000	0.0859041898
1532.9600000000	0.0859265536
1532.9700000000	0.0862139525
1532.9800000000	0.0867662937
1532.9900000000	0.0873630860
1533.0000000000	0.0877078013
1533.0100000000	0.0880975703
1533.0200000000	0.0885223853
1533.0300000000	0.0889471860
1533.0400000000	0.0893019088
1533.0500000000	0.0896243542
1533.0600000000	0.0900124169
1533.0700000000	0.0901975065
1533.0800000000	0.0904889166
1533.0900000000	0.0904078987
1533.1000000000	0.0901842302
1533.1100000000	0.0896798112
1533.1200000000	0.0891588192
1533.1300000000	0.0888370210
1533.1400000000	0.0888513256
1533.1500000000	0.0891457513
1533.1600000000	0.0898204012
1533.1700000000	0.0907333641
1533.1800000000	0.0916796712
1533.1900000000	0.0926051973
1533.2000000000	0.0933992524
1533.2100000000	0.0938999579
1533.2200000000	0.0943457038
1533.2300000000	0.0945703933
1533.2400000000	0.0946378801
1533.2500000000	0.0947059831
1533.2600000000	0.0946753078
1533.2700000000	0.0946722721
1533.2800000000	0.0945232847
1533.2900000000	0.0941637432
1533.3000000000	0.0935541038
1533.3100000000	0.0929654112
1533.3200000000	0.0923564941
1533.3300000000	0.0919033926
1533.3400000000	0.0917219207
1533.3500000000	0.0916416565
1533.3600000000	0.0919898921
1533.3700000000	0.0925511762
1533.3800000000	0.0930225302
1533.3900000000	0.0936036632
1533.4000000000	0.0939122038
1533.4100000000	0.0940842501
1533.4200000000	0.0942396689
1533.4300000000	0.0944789750
1533.4400000000	0.0946404120
1533.4500000000	0.0946722721
1533.4600000000	0.0946467828
1533.4700000000	0.0943525731
1533.4800000000	0.0939247800
1533.4900000000	0.0933850824
1533.5000000000	0.0928402449
1533.5100000000	0.0925245964
1533.5200000000	0.0921546201
1533.5300000000	0.0920076226
1533.5400000000	0.0920501027
1533.5500000000	0.0920327567
1533.5600000000	0.0920554127
1533.5700000000	0.0921490211
1533.5800000000	0.0922864261
1533.5900000000	0.0924297050
1533.6000000000	0.0925763482
1533.6100000000	0.0926631257
1533.6200000000	0.0929468901
1533.6300000000	0.0931336722
1533.6400000000	0.0930863951
1533.6500000000	0.0929000395
1533.6600000000	0.0926114643
1533.6700000000	0.0919242272
1533.6800000000	0.0909157872
1533.6900000000	0.0900555175
1533.7000000000	0.0895348357
1533.7100000000	0.0892197810
1533.7200000000	0.0893474957
1533.7300000000	0.0896211658
1533.7400000000	0.0901313626
1533.7500000000	0.0905865532
1533.7600000000	0.0912397663
1533.7700000000	0.0918586145
1533.7800000000	0.0921473984
1533.7900000000	0.0924826873
1533.8000000000	0.0927733529
1533.8100000000	0.0929372393
1533.8200000000	0.0928925375
1533.8300000000	0.0927880835
1533.8400000000	0.0925822136
1533.8500000000	0.0920095816
1533.8600000000	0.0913105693
1533.8700000000	0.0904674656
1533.8800000000	0.0897181501
1533.8900000000	0.0889829735
1533.9000000000	0.0885907844
1533.9100000000	0.0885758321
1533.9200000000	0.0887247629
1533.9300000000	0.0890427429
1533.9400000000	0.0893857570
1533.9500000000	0.0897128158
1533.9600000000	0.0901346132
1533.9700000000	0.0905571758
1533.9800000000	0.0908941438
1533.9900000000	0.0913255083
1534.0000000000	0.0917349421
1534.0100000000	0.0920701587
1534.0200000000	0.0923374924
1534.0300000000	0.0923481857
1534.0400000000	0.0922244091
1534.0500000000	0.0918669216
1534.0600000000	0.0913459489
1534.0700000000	0.0911199902
1534.0800000000	0.0910656441
1534.0900000000	0.0910921021
1534.1000000000	0.0911589622
1534.1100000000	0.0914482251
1534.1200000000	0.0917786850
1534.1300000000	0.0919167907
1534.1400000000	0.0921471034
1534.1500000000	0.0924336209
1534.1600000000	0.0928712441
1534.1700000000	0.0934241569
1534.1800000000	0.0940429055
1534.1900000000	0.0948565751
1534.2000000000	0.0955215418
1534.2100000000	0.0959200494
1534.2200000000	0.0960545602
1534.2300000000	0.0958765071
1534.2400000000	0.0954630917
1534.2500000000	0.0951259765
1534.2600000000	0.0949148388
1534.2700000000	0.0948656217
1534.2800000000	0.0950914494
1534.2900000000	0.0954374264
1534.3000000000	0.0956975935
1534.3100000000	0.0960806106
1534.3200000000	0.0965189009
1534.3300000000	0.0967980728
1534.3400000000	0.0970220017
1534.3500000000	0.0976156349
1534.3600000000	0.0980364412
1534.3700000000	0.0983939832
1534.3800000000	0.0987706542
1534.3900000000	0.0989898877
1534.4000000000	0.0988457366
1534.4100000000	0.0983527691
1534.4200000000	0.0976410959
1534.4300000000	0.0968774129
1534.4400000000	0.0962503972
1534.4500000000	0.0957011808
1534.4600000000	0.0952156044
1534.4700000000	0.0948630784
1534.4800000000	0.0946224297
1534.4900000000	0.0944148283
1534.5000000000	0.0942009506
1534.5100000000	0.0938356640
1534.5200000000	0.0934116426
1534.5300000000	0.0931961908
1534.5400000000	0.0929523089
1534.5500000000	0.0929391743
1534.5600000000	0.0933181765
1534.5700000000	0.0937783916
1534.5800000000	0.0940969921
1534.5900000000	0.0943805608
1534.6000000000	0.0942811082
1534.6100000000	0.0941019840
1534.6200000000	0.0937747799
1534.6300000000	0.0934178877
1534.6400000000	0.0932702122
1534.6500000000	0.0931554909
1534.6600000000	0.0933744348
1534.6700000000	0.0937704881
1534.6800000000	0.0942711354
1534.6900000000	0.0948465778
1534.7000000000	0.0953215104
1534.7100000000	0.0957998501
1534.7200000000	0.0961862653
1534.7300000000	0.0965792052
1534.7400000000	0.0969963505
1534.7500000000	0.0972766703
1534.7600000000	0.0974345275
1534.7700000000	0.0976105640
1534.7800000000	0.0976662358
1534.7900000000	0.0975337095
1534.8000000000	0.0973505260
1534.8100000000	0.0970958584
1534.8200000000	0.0967256790
1534.8300000000	0.0963867748
1534.8400000000	0.0961501479
1534.8500000000	0.0957470874
1534.8600000000	0.0953750886
1534.8700000000	0.0952202769
1534.8800000000	0.0946952797
1534.8900000000	0.0942563069
1534.9000000000	0.0941093945
1534.9100000000	0.0940082412
1534.9200000000	0.0943885343
1534.9300000000	0.0948764198
1534.9400000000	0.0954415802
1534.9500000000	0.0959716165
1534.9600000000	0.0963784494
1534.9700000000	0.0965704500
1534.9800000000	0.0966509528
1534.9900000000	0.0967088813
1535.0000000000	0.0967467952
1535.0100000000	0.0966377199
1535.0200000000	0.0964779049
1535.0300000000	0.0961873010
1535.0400000000	0.0958413914
1535.0500000000	0.0954845214
1535.0600000000	0.0950487098
1535.0700000000	0.0945081270
1535.0800000000	0.0939578544
1535.0900000000	0.0933806119
1535.1000000000	0.0929422670
1535.1100000000	0.0926685562
1535.1200000000	0.0925269560
1535.1300000000	0.0924547256
1535.1400000000	0.0923810503
1535.1500000000	0.0922342742
1535.1600000000	0.0920219615
1535.1700000000	0.0919749882
1535.1800000000	0.0921839279
1535.1900000000	0.0923589890
1535.2000000000	0.0928509949
1535.2100000000	0.0933631124
1535.2200000000	0.0938706039
1535.2300000000	0.0943434677
1535.2400000000	0.0946361478
1535.2500000000	0.0949388079
1535.2600000000	0.0951793442
1535.2700000000	0.0952443515
1535.2800000000	0.0953144575
1535.2900000000	0.0954903874
1535.3000000000	0.0956019067
1535.3100000000	0.0955898740
1535.3200000000	0.0954625619
1535.3300000000	0.0951043394
1535.3400000000	0.0946749682
1535.3500000000	0.0942617719
1535.3600000000	0.0937863359
1535.3700000000	0.0934236968
1535.3800000000	0.0934681474
1535.3900000000	0.0936187241
1535.4000000000	0.0938651229
1535.4100000000	0.0944899483
1535.4200000000	0.0949352954
1535.4300000000	0.0951389136
1535.4400000000	0.0951619607
1535.4500000000	0.0950182791
1535.4600000000	0.0949921398
1535.4700000000	0.0951547821
1535.4800000000	0.0954047184
1535.4900000000	0.0957603462
1535.5000000000	0.0960518455
1535.5100000000	0.0963012705
1535.5200000000	0.0963123073
1535.5300000000	0.0961991599
1535.5400000000	0.0961851818
1535.5500000000	0.0962437242
1535.5600000000	0.0963588278
1535.5700000000	0.0965706893
1535.5800000000	0.0970057911
1535.5900000000	0.0974158747
1535.6000000000	0.0978499590
1535.6100000000	0.0981803969
1535.6200000000	0.0982415913
1535.6300000000	0.0979321812
1535.6400000000	0.0975790584
1535.6500000000	0.0972531379
1535.6600000000	0.0967511218
1535.6700000000	0.0964600185
1535.6800000000	0.0959455831
1535.6900000000	0.0952479987
1535.7000000000	0.0944387599
1535.7100000000	0.0934993456
1535.7200000000	0.0922709688
1535.7300000000	0.0912713898
1535.7400000000	0.0904388576
1535.7500000000	0.0898272637
1535.7600000000	0.0896379410
1535.7700000000	0.0897488869
1535.7800000000	0.0898957322
1535.7900000000	0.0903555439
1535.8000000000	0.0908298236
1535.8100000000	0.0910705584
1535.8200000000	0.0914907715
1535.8300000000	0.0918957448
1535.8400000000	0.0921154358
1535.8500000000	0.0925046965
1535.8600000000	0.0929324080
1535.8700000000	0.0930296101
1535.8800000000	0.0930643540
1535.8900000000	0.0930849501
1535.9000000000	0.0926184858
1535.9100000000	0.0922266074
1535.9200000000	0.0918536312
1535.9300000000	0.0911153418
1535.9400000000	0.0905498043
1535.9500000000	0.0901947601
1535.9600000000	0.0897979015
1535.9700000000	0.0895850404
1535.9800000000	0.0894302534
1535.9900000000	0.0890110344
1536.0000000000	0.0887064656
1536.0100000000	0.0883110381
1536.0200000000	0.0879570217
1536.0300000000	0.0881099351
1536.0400000000	0.0882363383
1536.0500000000	0.0883172411
1536.0600000000	0.0885107105
1536.0700000000	0.0885209643
1536.0800000000	0.0883929752
1536.0900000000	0.0882122731
1536.1000000000	0.0879639230
1536.1100000000	0.0876302046
1536.1200000000	0.0874956916
1536.1300000000	0.0875974730
1536.1400000000	0.0880116815
1536.1500000000	0.0886525835
1536.1600000000	0.0896272837
1536.1700000000	0.0905421823
1536.1800000000	0.0914452761
1536.1900000000	0.0922466877
1536.2000000000	0.0928187814
1536.2100000000	0.0931119073
1536.2200000000	0.0935356833
1536.2300000000	0.0937813103
1536.2400000000	0.0938476175
1536.2500000000	0.0937780134
1536.2600000000	0.0934246375
1536.2700000000	0.0927525459
1536.2800000000	0.0918933758
1536.2900000000	0.0910974722
1536.3000000000	0.0903215801
1536.3100000000	0.0897244620
1536.3200000000	0.0892689408
1536.3300000000	0.0888962099
1536.3400000000	0.0886832786
1536.3500000000	0.0884876691
1536.3600000000	0.0883422513
1536.3700000000	0.0881952379
1536.3800000000	0.0881678660
1536.3900000000	0.0882067725
1536.4000000000	0.0884130459
1536.4100000000	0.0887336917
1536.4200000000	0.0889514340
1536.4300000000	0.0890587107
1536.4400000000	0.0892017270
1536.4500000000	0.0892374810
1536.4600000000	0.0889489312
1536.4700000000	0.0886989440
1536.4800000000	0.0884729376
1536.4900000000	0.0881343997
1536.5000000000	0.0878787832
1536.5100000000	0.0879387493
1536.5200000000	0.0881778317
1536.5300000000	0.0884089732
1536.5400000000	0.0887491888
1536.5500000000	0.0889952189
1536.5600000000	0.0891638060
1536.5700000000	0.0893571525
1536.5800000000	0.0895152215
1536.5900000000	0.0896945103
1536.6000000000	0.0897366638
1536.6100000000	0.0896500424
1536.6200000000	0.0897543673
1536.6300000000	0.0896767597
1536.6400000000	0.0895815440
1536.6500000000	0.0894814232
1536.6600000000	0.0891804759
1536.6700000000	0.0888795788
1536.6800000000	0.0888448661
1536.6900000000	0.0885938935
1536.7000000000	0.0884501330
1536.7100000000	0.0883793546
1536.7200000000	0.0883736339
1536.7300000000	0.0882292583
1536.7400000000	0.0880543498
1536.7500000000	0.0879414450
1536.7600000000	0.0876434975
1536.7700000000	0.0873124706
1536.7800000000	0.0871127159
1536.7900000000	0.0869983105
1536.8000000000	0.0867887864
1536.8100000000	0.0865809839
1536.8200000000	0.0862779450
1536.8300000000	0.0858474660
1536.8400000000	0.0851881198
1536.8500000000	0.0845145458
1536.8600000000	0.0839930275
1536.8700000000	0.0836393430
1536.8800000000	0.0836239196
1536.8900000000	0.0837819752
1536.9000000000	0.0840573284
1536.9100000000	0.0843850976
1536.9200000000	0.0845917864
1536.9300000000	0.0848396012
1536.9400000000	0.0850520015
1536.9500000000	0.0854396464
1536.9600000000	0.0857249852
1536.9700000000	0.0860837992
1536.9800000000	0.0861260612
1536.9900000000	0.0862683623
1537.0000000000	0.0862336727
1537.0100000000	0.0861745873
1537.0200000000	0.0858354169
1537.0300000000	0.0854809514
1537.0400000000	0.0850891499
1537.0500000000	0.0848130621
1537.0600000000	0.0847520402
1537.0700000000	0.0848250077
1537.0800000000	0.0849201381
1537.0900000000	0.0850884250
1537.1000000000	0.0851837887
1537.1100000000	0.0850773657
1537.1200000000	0.0851160807
1537.1300000000	0.0853171625
1537.1400000000	0.0854364607
1537.1500000000	0.0853841775
1537.1600000000	0.0855112573
1537.1700000000	0.0855693995
1537.1800000000	0.0854644763
1537.1900000000	0.0853183025
1537.2000000000	0.0850066967
1537.2100000000	0.0847106690
1537.2200000000	0.0843441365
1537.2300000000	0.0839229668
1537.2400000000	0.0836990032
1537.2500000000	0.0837418033
1537.2600000000	0.0838416764
1537.2700000000	0.0838675778
1537.2800000000	0.0837661878
1537.2900000000	0.0834892714
1537.3000000000	0.0833279941
1537.3100000000	0.0831063928
1537.3200000000	0.0828854599
1537.3300000000	0.0828939559
1537.3400000000	0.0830709562
1537.3500000000	0.0832484919
1537.3600000000	0.0833843675
1537.3700000000	0.0834202299
1537.3800000000	0.0833897261
1537.3900000000	0.0831157071
1537.4000000000	0.0826254464
1537.4100000000	0.0821452591
1537.4200000000	0.0817626267
1537.4300000000	0.0815116480
1537.4400000000	0.0814827836
1537.4500000000	0.0816216343
1537.4600000000	0.0818299104
1537.4700000000	0.0821392140
1537.4800000000	0.0823909056
1537.4900000000	0.0825426012
1537.5000000000	0.0827549586
1537.5100000000	0.0828687355
1537.5200000000	0.0830499972
1537.5300000000	0.0832395494
1537.5400000000	0.0835430036
1537.5500000000	0.0839054974
1537.5600000000	0.0841542884
1537.5700000000	0.0843330708
1537.5800000000	0.0844462920
1537.5900000000	0.0843849952
1537.6000000000	0.0841667458
1537.6100000000	0.0840283126
1537.6200000000	0.0840417871
1537.6300000000	0.0840057875
1537.6400000000	0.0840277022
1537.6500000000	0.0841716911
1537.6600000000	0.0843271118
1537.6700000000	0.0845171059
1537.6800000000	0.0846916087
1537.6900000000	0.0847833217
1537.7000000000	0.0848644304
1537.7100000000	0.0850232312
1537.7200000000	0.0850971032
1537.7300000000	0.0852614406
1537.7400000000	0.0851278005
1537.7500000000	0.0851588596
1537.7600000000	0.0851114736
1537.7700000000	0.0849344733
1537.7800000000	0.0847574722
1537.7900000000	0.0845893082
1537.8000000000	0.0845733330
1537.8100000000	0.0843601059
1537.8200000000	0.0842469794
1537.8300000000	0.0841248596
1537.8400000000	0.0839312028
1537.8500000000	0.0836309996
1537.8600000000	0.0833831957
1537.8700000000	0.0831438803
1537.8800000000	0.0829304897
1537.8900000000	0.0827143074
1537.9000000000	0.0824819241
1537.9100000000	0.0822305092
1537.9200000000	0.0820702580
1537.9300000000	0.0818071506
1537.9400000000	0.0813960803
1537.9500000000	0.0809257759
1537.9600000000	0.0803756995
1537.9700000000	0.0798936933
1537.9800000000	0.0795398435
1537.9900000000	0.0795759566
1538.0000000000	0.0796459893
1538.0100000000	0.0799693181
1538.0200000000	0.0802986906
1538.0300000000	0.0805915980
1538.0400000000	0.0808858826
1538.0500000000	0.0809408038
1538.0600000000	0.0808707700
1538.0700000000	0.0807992619
1538.0800000000	0.0808019245
1538.0900000000	0.0808545886
1538.1000000000	0.0809848212
1538.1100000000	0.0810222786
1538.1200000000	0.0810213812
1538.1300000000	0.0808264350
1538.1400000000	0.0804254656
1538.1500000000	0.0801004140
1538.1600000000	0.0798172603
1538.1700000000	0.0797018022
1538.1800000000	0.0798075092
1538.1900000000	0.0801157041
1538.2000000000	0.0805716996
1538.2100000000	0.0811304224
1538.2200000000	0.0817539600
1538.2300000000	0.0823236688
1538.2400000000	0.0829052494
1538.2500000000	0.0834287025
1538.2600000000	0.0837483446
1538.2700000000	0.0840279550
1538.2800000000	0.0842087440
1538.2900000000	0.0844176180
1538.3000000000	0.0845549702
1538.3100000000	0.0845893082
1538.3200000000	0.0845757593
1538.3300000000	0.0842505842
1538.3400000000	0.0840571228
1538.3500000000	0.0837901693
1538.3600000000	0.0834294176
1538.3700000000	0.0833418566
1538.3800000000	0.0831483761
1538.3900000000	0.0827908322
1538.4000000000	0.0825155148
1538.4100000000	0.0824125396
1538.4200000000	0.0820171069
1538.4300000000	0.0817127721
1538.4400000000	0.0813567106
1538.4500000000	0.0809938585
1538.4600000000	0.0806896142
1538.4700000000	0.0804045776
1538.4800000000	0.0799871181
1538.4900000000	0.0794763182
1538.5000000000	0.0789606207
1538.5100000000	0.0782535016
1538.5200000000	0.0775126218
1538.5300000000	0.0769128997
1538.5400000000	0.0760022966
1538.5500000000	0.0753597432
1538.5600000000	0.0747454428
1538.5700000000	0.0742008102
1538.5800000000	0.0737641626
1538.5900000000	0.0732599796
1538.6000000000	0.0728120194
1538.6100000000	0.0723621962
1538.6200000000	0.0720038800
1538.6300000000	0.0715630091
1538.6400000000	0.0711259021
1538.6500000000	0.0709046409
1538.6600000000	0.0707163126
1538.6700000000	0.0707163126
1538.6800000000	0.0706995301
1538.6900000000	0.0705815992
1538.7000000000	0.0704229689
1538.7100000000	0.0705115886
1538.7200000000	0.0705722829
1538.7300000000	0.0707503985
1538.7400000000	0.0711139657
1538.7500000000	0.0714518399
1538.7600000000	0.0718604715
1538.7700000000	0.0724213337
1538.7800000000	0.0729182538
1538.7900000000	0.0732391488
1538.8000000000	0.0736248676
1538.8100000000	0.0736821808
1538.8200000000	0.0736160539
1538.8300000000	0.0736124784
1538.8400000000	0.0735074053
1538.8500000000	0.0733264314
1538.8600000000	0.0733096717
1538.8700000000	0.0729615176
1538.8800000000	0.0725179356
1538.8900000000	0.0722691018
1538.9000000000	0.0716649163
1538.9100000000	0.0713891535
1538.9200000000	0.0713324526
1538.9300000000	0.0712241070
1538.9400000000	0.0713208988
1538.9500000000	0.0715901708
1538.9600000000	0.0716383104
1538.9700000000	0.0716563610
1538.9800000000	0.0718493635
1538.9900000000	0.0717668299
1539.0000000000	0.0716101931
1539.0100000000	0.0716061451
1539.0200000000	0.0714712104
1539.0300000000	0.0712381340
1539.0400000000	0.0711852954
1539.0500000000	0.0709268659
1539.0600000000	0.0707665128
1539.0700000000	0.0705245276
1539.0800000000	0.0700462538
1539.0900000000	0.0697112760
1539.1000000000	0.0694245225
1539.1100000000	0.0690782956
1539.1200000000	0.0687763204
1539.1300000000	0.0684728635
1539.1400000000	0.0682073556
1539.1500000000	0.0680592520
1539.1600000000	0.0679185569
1539.1700000000	0.0675953400
1539.1800000000	0.0672540708
1539.1900000000	0.0669898274
1539.2000000000	0.0666008151
1539.2100000000	0.0662775565
1539.2200000000	0.0659623347
1539.2300000000	0.0655212960
1539.2400000000	0.0650676760
1539.2500000000	0.0646069006
1539.2600000000	0.0640048014
1539.2700000000	0.0634988203
1539.2800000000	0.0630853392
1539.2900000000	0.0627620277
1539.3000000000	0.0626440614
1539.3100000000	0.0627659208
1539.3200000000	0.0628112011
1539.3300000000	0.0631132342
1539.3400000000	0.0635056922
1539.3500000000	0.0637352974
1539.3600000000	0.0639541998
1539.3700000000	0.0641738539
1539.3800000000	0.0642431504
1539.3900000000	0.0642010496
1539.4000000000	0.0640891871
1539.4100000000	0.0639883101
1539.4200000000	0.0639269637
1539.4300000000	0.0637101385
1539.4400000000	0.0633185657
1539.4500000000	0.0629195420
1539.4600000000	0.0624708079
1539.4700000000	0.0621593859
1539.4800000000	0.0619049624
1539.4900000000	0.0617477862
1539.5000000000	0.0616702600
1539.5100000000	0.0617145270
1539.5200000000	0.0618559825
1539.5300000000	0.0618976956
1539.5400000000	0.0619970124
1539.5500000000	0.0620963292
1539.5600000000	0.0621993649
1539.5700000000	0.0623053516
1539.5800000000	0.0623467413
1539.5900000000	0.0625450100
1539.6000000000	0.0628862796
1539.6100000000	0.0632084345
1539.6200000000	0.0634618623
1539.6300000000	0.0638017536
1539.6400000000	0.0641337125
1539.6500000000	0.0644074199
1539.6600000000	0.0647094421
1539.6700000000	0.0648067531
1539.6800000000	0.0651563823
1539.6900000000	0.0653389462
1539.7000000000	0.0655475463
1539.7100000000	0.0656867487
1539.7200000000	0.0657908490
1539.7300000000	0.0658536010
1539.7400000000	0.0658241131
1539.7500000000	0.0656142939
1539.7600000000	0.0653344650
1539.7700000000	0.0652265153
1539.7800000000	0.0650721035
1539.7900000000	0.0647635932
1539.8000000000	0.0644143695
1539.8100000000	0.0639630906
1539.8200000000	0.0634774461
1539.8300000000	0.0630247787
1539.8400000000	0.0626310466
1539.8500000000	0.0622343952
1539.8600000000	0.0619012028
1539.8700000000	0.0617475466
1539.8800000000	0.0616030716
1539.8900000000	0.0614936421
1539.9000000000	0.0613145107
1539.9100000000	0.0612769509
1539.9200000000	0.0613454161
1539.9300000000	0.0612807545
1539.9400000000	0.0613127049
1539.9500000000	0.0613208141
1539.9600000000	0.0613750090
1539.9700000000	0.0614900450
1539.9800000000	0.0616072334
1539.9900000000	0.0615851508
1540.0000000000	0.0614199671
1540.0100000000	0.0613885035
1540.0200000000	0.0611990676
1540.0300000000	0.0608902371
1540.0400000000	0.0607823942
1540.0500000000	0.0608121336
1540.0600000000	0.0608094352
1540.0700000000	0.0607419747
1540.0800000000	0.0607743168
1540.0900000000	0.0607431035
1540.1000000000	0.0607735475
1540.1100000000	0.0606460941
1540.1200000000	0.0604722785
1540.1300000000	0.0603271383
1540.1400000000	0.0602485502
1540.1500000000	0.0601154333
1540.1600000000	0.0600335417
1540.1700000000	0.0600255153
1540.1800000000	0.0597752369
1540.1900000000	0.0596944033
1540.2000000000	0.0594953908
1540.2100000000	0.0591747608
1540.2200000000	0.0589222161
1540.2300000000	0.0587094334
1540.2400000000	0.0585165757
1540.2500000000	0.0582577765
1540.2600000000	0.0579842229
1540.2700000000	0.0577347049
1540.2800000000	0.0573466628
1540.2900000000	0.0569335657
1540.3000000000	0.0563511421
1540.3100000000	0.0558404558
1540.3200000000	0.0554711126
1540.3300000000	0.0552012706
1540.3400000000	0.0547644504
1540.3500000000	0.0545455274
1540.3600000000	0.0543972316
1540.3700000000	0.0542227102
1540.3800000000	0.0541663705
1540.3900000000	0.0541302553
1540.4000000000	0.0541894842
1540.4100000000	0.0543247140
1540.4200000000	0.0545925070
1540.4300000000	0.0547838106
1540.4400000000	0.0550323329
1540.4500000000	0.0554092103
1540.4600000000	0.0558631468
1540.4700000000	0.0561952456
1540.4800000000	0.0564103478
1540.4900000000	0.0566054141
1540.5000000000	0.0568716248
1540.5100000000	0.0570383391
1540.5200000000	0.0571702112
1540.5300000000	0.0574327087
1540.5400000000	0.0577193090
1540.5500000000	0.0579965897
1540.5600000000	0.0583089280
1540.5700000000	0.0585024157
1540.5800000000	0.0588341206
1540.5900000000	0.0591370833
1540.6000000000	0.0594095090
1540.6100000000	0.0595893720
1540.6200000000	0.0597647201
1540.6300000000	0.0599083411
1540.6400000000	0.0599182531
1540.6500000000	0.0598853594
1540.6600000000	0.0598496053
1540.6700000000	0.0596493692
1540.6800000000	0.0594660761
1540.6900000000	0.0594187991
1540.7000000000	0.0592746510
1540.7100000000	0.0590925288
1540.7200000000	0.0589860384
1540.7300000000	0.0589379655
1540.7400000000	0.0588149962
1540.7500000000	0.0588456023
1540.7600000000	0.0588590543
1540.7700000000	0.0589235462
1540.7800000000	0.0589592365
1540.7900000000	0.0590068531
1540.8000000000	0.0591440272
1540.8100000000	0.0594159118
1540.8200000000	0.0596336243
1540.8300000000	0.0598563711
1540.8400000000	0.0599048871
1540.8500000000	0.0597692218
1540.8600000000	0.0595687181
1540.8700000000	0.0594644628
1540.8800000000	0.0592086456
1540.8900000000	0.0590138992
1540.9000000000	0.0588954413
1540.9100000000	0.0587242424
1540.9200000000	0.0585754460
1540.9300000000	0.0585280493
1540.9400000000	0.0583979470
1540.9500000000	0.0584119371
1540.9600000000	0.0584806752
1540.9700000000	0.0583831168
1540.9800000000	0.0584503500
1540.9900000000	0.0584213808
1541.0000000000	0.0584583713
1541.0100000000	0.0584699932
1541.0200000000	0.0583350175
1541.0300000000	0.0580774028
1541.0400000000	0.0579688692
1541.0500000000	0.0578115920
1541.0600000000	0.0574569849
1541.0700000000	0.0571541295
1541.0800000000	0.0569219730
1541.0900000000	0.0566045993
1541.1000000000	0.0562409680
1541.1100000000	0.0559611108
1541.1200000000	0.0556140971
1541.1300000000	0.0551628182
1541.1400000000	0.0548851026
1541.1500000000	0.0545737158
1541.1600000000	0.0541925221
1541.1700000000	0.0539314060
1541.1800000000	0.0536788006
1541.1900000000	0.0535613368
1541.2000000000	0.0533523046
1541.2100000000	0.0529319098
1541.2200000000	0.0524249922
1541.2300000000	0.0517790828
1541.2400000000	0.0512883308
1541.2500000000	0.0506447281
1541.2600000000	0.0500414580
1541.2700000000	0.0495186601
1541.2800000000	0.0491736443
1541.2900000000	0.0488075965
1541.3000000000	0.0485466951
1541.3100000000	0.0483980034
1541.3200000000	0.0483487436
1541.3300000000	0.0482476211
1541.3400000000	0.0481829748
1541.3500000000	0.0481548050
1541.3600000000	0.0481738515
1541.3700000000	0.0482901374
1541.3800000000	0.0485140466
1541.3900000000	0.0485477768
1541.4000000000	0.0486502195
1541.4100000000	0.0487233090
1541.4200000000	0.0486259943
1541.4300000000	0.0484515645
1541.4400000000	0.0482391845
1541.4500000000	0.0481930370
1541.4600000000	0.0479271692
1541.4700000000	0.0475788315
1541.4800000000	0.0473477568
1541.4900000000	0.0472624299
1541.5000000000	0.0469999814
1541.5100000000	0.0467529812
1541.5200000000	0.0466888450
1541.5300000000	0.0466989573
1541.5400000000	0.0467820223
1541.5500000000	0.0469322639
1541.5600000000	0.0471128521
1541.5700000000	0.0472804267
1541.5800000000	0.0473819104
1541.5900000000	0.0474826025
1541.6000000000	0.0476542336
1541.6100000000	0.0476721107
1541.6200000000	0.0477823234
1541.6300000000	0.0479003465
1541.6400000000	0.0478749462
1541.6500000000	0.0479471426
1541.6600000000	0.0480832969
1541.6700000000	0.0480832969
1541.6800000000	0.0481842495
1541.6900000000	0.0483263522
1541.7000000000	0.0484365036
1541.7100000000	0.0483714962
1541.7200000000	0.0484744388
1541.7300000000	0.0484766060
1541.7400000000	0.0486482963
1541.7500000000	0.0487913125
1541.7600000000	0.0489384742
1541.7700000000	0.0488310710
1541.7800000000	0.0487375346
1541.7900000000	0.0485105145
1541.8000000000	0.0482698552
1541.8100000000	0.0479651656
1541.8200000000	0.0477073313
1541.8300000000	0.0473882089
1541.8400000000	0.0470601216
1541.8500000000	0.0467231372
1541.8600000000	0.0465183667
1541.8700000000	0.0463817662
1541.8800000000	0.0462654624
1541.8900000000	0.0461204412
1541.9000000000	0.0461565673
1541.9100000000	0.0462577580
1541.9200000000	0.0462597818
1541.9300000000	0.0462597818
1541.9400000000	0.0462597818
1541.9500000000	0.0462597818
1541.9600000000	0.0461981857
1541.9700000000	0.0459730218
1541.9800000000	0.0455689864
1541.9900000000	0.0451399232
1542.0000000000	0.0446760737
1542.0100000000	0.0441660710
1542.0200000000	0.0436831919
1542.0300000000	0.0433103497
1542.0400000000	0.0429069082
1542.0500000000	0.0426459256
1542.0600000000	0.0423879060
1542.0700000000	0.0421351651
1542.0800000000	0.0419532328
1542.0900000000	0.0417875473
1542.1000000000	0.0417620593
1542.1100000000	0.0418660947
1542.1200000000	0.0419348261
1542.1300000000	0.0419734122
1542.1400000000	0.0421128884
1542.1500000000	0.0421461988
1542.1600000000	0.0419726354
1542.1700000000	0.0420352754
1542.1800000000	0.0420093449
1542.1900000000	0.0420049182
1542.2000000000	0.0420900970
1542.2100000000	0.0420833582
1542.2200000000	0.0421059781
1542.2300000000	0.0422938694
1542.2400000000	0.0425109048
1542.2500000000	0.0427239079
1542.2600000000	0.0428773441
1542.2700000000	0.0431395191
1542.2800000000	0.0434015797
1542.2900000000	0.0438322358
1542.3000000000	0.0442574965
1542.3100000000	0.0445993956
1542.3200000000	0.0449404150
1542.3300000000	0.0453051194
1542.3400000000	0.0454088062
1542.3500000000	0.0454659404
1542.3600000000	0.0453817920
1542.3700000000	0.0452012142
1542.3800000000	0.0450112354
1542.3900000000	0.0447594679
1542.4000000000	0.0445151955
1542.4100000000	0.0442770592
1542.4200000000	0.0440072035
1542.4300000000	0.0439060128
1542.4400000000	0.0437719078
1542.4500000000	0.0437260183
1542.4600000000	0.0435437614
1542.4700000000	0.0435066322
1542.4800000000	0.0435613149
1542.4900000000	0.0435512363
1542.5000000000	0.0435692018
1542.5100000000	0.0436046904
1542.5200000000	0.0436668104
1542.5300000000	0.0436324865
1542.5400000000	0.0433733671
1542.5500000000	0.0430239415
1542.5600000000	0.0427156392
1542.5700000000	0.0422427795
1542.5800000000	0.0416850009
1542.5900000000	0.0412841638
1542.6000000000	0.0410190987
1542.6100000000	0.0408373817
1542.6200000000	0.0406274584
1542.6300000000	0.0404150448
1542.6400000000	0.0402670713
1542.6500000000	0.0401241967
1542.6600000000	0.0399798671
1542.6700000000	0.0398367195
1542.6800000000	0.0398238481
1542.6900000000	0.0398238481
1542.7000000000	0.0397390599
1542.7100000000	0.0396103453
1542.7200000000	0.0393944384
1542.7300000000	0.0391181423
1542.7400000000	0.0387512012
1542.7500000000	0.0383275552
1542.7600000000	0.0378941580
1542.7700000000	0.0375149336
1542.7800000000	0.0372635682
1542.7900000000	0.0371581005
1542.8000000000	0.0370272038
1542.8100000000	0.0370906455
1542.8200000000	0.0372035662
1542.8300000000	0.0374170804
1542.8400000000	0.0375697800
1542.8500000000	0.0377890592
1542.8600000000	0.0381163658
1542.8700000000	0.0385482158
1542.8800000000	0.0388423709
1542.8900000000	0.0392304606
1542.9000000000	0.0395041931
1542.9100000000	0.0395336084
1542.9200000000	0.0394622068
1542.9300000000	0.0393600523
1542.9400000000	0.0391888552
1542.9500000000	0.0388244094
1542.9600000000	0.0385703517
1542.9700000000	0.0382465783
1542.9800000000	0.0379339361
1542.9900000000	0.0377040851
1543.0000000000	0.0375455871
1543.0100000000	0.0374513673
1543.0200000000	0.0373796280
1543.0300000000	0.0373076288
1543.0400000000	0.0373585155
1543.0500000000	0.0375128597
1543.0600000000	0.0376887069
1543.0700000000	0.0378190847
1543.0800000000	0.0379040160
1543.0900000000	0.0380827332
1543.1000000000	0.0382287122
1543.1100000000	0.0381876677
1543.1200000000	0.0380806887
1543.1300000000	0.0380067050
1543.1400000000	0.0377770454
1543.1500000000	0.0373719692
1543.1600000000	0.0370094582
1543.1700000000	0.0367120617
1543.1800000000	0.0365502638
1543.1900000000	0.0362772328
1543.2000000000	0.0360571674
1543.2100000000	0.0359731901
1543.2200000000	0.0359908969
1543.2300000000	0.0360249483
1543.2400000000	0.0359567396
1543.2500000000	0.0359014055
1543.2600000000	0.0358660055
1543.2700000000	0.0358550315
1543.2800000000	0.0357828153
1543.2900000000	0.0357238043
1543.3000000000	0.0356636063
1543.3100000000	0.0355189288
1543.3200000000	0.0353143622
1543.3300000000	0.0351186923
1543.3400000000	0.0349876901
1543.3500000000	0.0349051240
1543.3600000000	0.0348896428
1543.3700000000	0.0348896428
1543.3800000000	0.0347902707
1543.3900000000	0.0348862905
1543.4000000000	0.0349611510
1543.4100000000	0.0349969050
1543.4200000000	0.0351041672
1543.4300000000	0.0352471834
1543.4400000000	0.0352825979
1543.4500000000	0.0354231362
1543.4600000000	0.0354606603
1543.4700000000	0.0353930462
1543.4800000000	0.0352581858
1543.4900000000	0.0351540879
1543.5000000000	0.0349948812
1543.5100000000	0.0348532142
1543.5200000000	0.0346640000
1543.5300000000	0.0345523123
1543.5400000000	0.0344280759
1543.5500000000	0.0343627074
1543.5600000000	0.0343533175
1543.5700000000	0.0343533175
1543.5800000000	0.0344287196
1543.5900000000	0.0346078022
1543.6000000000	0.0347743498
1543.6100000000	0.0349541556
1543.6200000000	0.0350568796
1543.6300000000	0.0352971755
1543.6400000000	0.0354214990
1543.6500000000	0.0354599523
1543.6600000000	0.0354617223
1543.6700000000	0.0353618941
1543.6800000000	0.0351865107
1543.6900000000	0.0350738304
1543.7000000000	0.0349311753
1543.7100000000	0.0347520298
1543.7200000000	0.0346435979
1543.7300000000	0.0346063462
1543.7400000000	0.0344454529
1543.7500000000	0.0343648950
1543.7600000000	0.0342668712
1543.7700000000	0.0342460407
1543.7800000000	0.0342994983
1543.7900000000	0.0344203088
1543.8000000000	0.0345850178
1543.8100000000	0.0346891889
1543.8200000000	0.0347859517
1543.8300000000	0.0348181347
1543.8400000000	0.0347673536
1543.8500000000	0.0346696867
1543.8600000000	0.0344833322
1543.8700000000	0.0343193584
1543.8800000000	0.0340061906
1543.8900000000	0.0335943820
1543.9000000000	0.0332041474
1543.9100000000	0.0329258027
1543.9200000000	0.0328105248
1543.9300000000	0.0326356486
1543.9400000000	0.0325669725
1543.9500000000	0.0327085727
1543.9600000000	0.0328887877
1543.9700000000	0.0330332924
1543.9800000000	0.0331835028
1543.9900000000	0.0334396129
1544.0000000000	0.0337603113
1544.0100000000	0.0341313576
1544.0200000000	0.0343723853
1544.0300000000	0.0345145480
1544.0400000000	0.0346226878
1544.0500000000	0.0346096139
1544.0600000000	0.0343979215
1544.0700000000	0.0340630252
1544.0800000000	0.0337663583
1544.0900000000	0.0333341054
1544.1000000000	0.0328973569
1544.1100000000	0.0324062765
1544.1200000000	0.0320160848
1544.1300000000	0.0316448604
1544.1400000000	0.0313051836
1544.1500000000	0.0308974779
1544.1600000000	0.0306347793
1544.1700000000	0.0304545200
1544.1800000000	0.0304202404
1544.1900000000	0.0304202404
1544.2000000000	0.0304331118
1544.2100000000	0.0305403757
1544.2200000000	0.0306476507
1544.2300000000	0.0307292974
1544.2400000000	0.0306347793
1544.2500000000	0.0306253137
1544.2600000000	0.0305201414
1544.2700000000	0.0304116456
1544.2800000000	0.0302387458
1544.2900000000	0.0299663201
1544.3000000000	0.0296963748
1544.3100000000	0.0294242075
1544.3200000000	0.0290292623
1544.3300000000	0.0285731303
1544.3400000000	0.0281083130
1544.3500000000	0.0276728140
1544.3600000000	0.0273023875
1544.3700000000	0.0268896910
1544.3800000000	0.0265222268
1544.3900000000	0.0261682118
1544.4000000000	0.0258056355
1544.4100000000	0.0255494698
1544.4200000000	0.0253187847
1544.4300000000	0.0250174932
1544.4400000000	0.0248403090
1544.4500000000	0.0248048913
1544.4600000000	0.0247673849
1544.4700000000	0.0247037507
1544.4800000000	0.0248214237
1544.4900000000	0.0251163163
1544.5000000000	0.0254068525
1544.5100000000	0.0256662375
1544.5200000000	0.0259647375
1544.5300000000	0.0263462112
1544.5400000000	0.0267287789
1544.5500000000	0.0271769337
1544.5600000000	0.0275240745
1544.5700000000	0.0278395658
1544.5800000000	0.0280863391
1544.5900000000	0.0283653747
1544.6000000000	0.0285838539
1544.6100000000	0.0286996234
1544.6200000000	0.0287386726
1544.6300000000	0.0287043669
1544.6400000000	0.0285609713
1544.6500000000	0.0284894631
1544.6600000000	0.0283832630
1544.6700000000	0.0283114080
1544.6800000000	0.0282414669
1544.6900000000	0.0283586185
1544.7000000000	0.0285054384
1544.7100000000	0.0286332120
1544.7200000000	0.0288284537
1544.7300000000	0.0290445334
1544.7400000000	0.0291538804
1544.7500000000	0.0292929069
1544.7600000000	0.0294297177
1544.7700000000	0.0295327956
1544.7800000000	0.0296074273
1544.7900000000	0.0296996441
1544.8000000000	0.0296323118
1544.8100000000	0.0295991927
1544.8200000000	0.0295343052
1544.8300000000	0.0294098281
1544.8400000000	0.0293008343
1544.8500000000	0.0293029855
1544.8600000000	0.0293386511
1544.8700000000	0.0294803398
1544.8800000000	0.0296311547
1544.8900000000	0.0296952327
1544.9000000000	0.0298070969
1544.9100000000	0.0300241094
1544.9200000000	0.0303027628
1544.9300000000	0.0304392585
1544.9400000000	0.0305759557
1544.9500000000	0.0307930100
1544.9600000000	0.0309162954
1544.9700000000	0.0309208117
1544.9800000000	0.0309565658
1544.9900000000	0.0308850576
1545.0000000000	0.0308776857
1545.0100000000	0.0306933854
1545.0200000000	0.0305053866
1545.0300000000	0.0303082832
1545.0400000000	0.0302772241
1545.0500000000	0.0302772241
1545.0600000000	0.0302959690
1545.0700000000	0.0305021631
1545.0800000000	0.0306767215
1545.0900000000	0.0308829949
1545.1000000000	0.0310552470
1545.1100000000	0.0313577821
1545.1200000000	0.0316089295
1545.1300000000	0.0319252047
1545.1400000000	0.0321507934
1545.1500000000	0.0323672694
1545.1600000000	0.0325169296
1545.1700000000	0.0326264446
1545.1800000000	0.0326689246
1545.1900000000	0.0326413126
1545.2000000000	0.0326370646
1545.2100000000	0.0323222592
1545.2200000000	0.0320911271
1545.2300000000	0.0318998384
1545.2400000000	0.0317119427
1545.2500000000	0.0315119960
1545.2600000000	0.0313856290
1545.2700000000	0.0313807216
1545.2800000000	0.0313177324
1545.2900000000	0.0313877959
1545.3000000000	0.0314188550
1545.3100000000	0.0313996513
1545.3200000000	0.0315623707
1545.3300000000	0.0315293344
1545.3400000000	0.0315967948
1545.3500000000	0.0316642553
1545.3600000000	0.0316410787
1545.3700000000	0.0314869346
1545.3800000000	0.0313689909
1545.3900000000	0.0311486707
1545.4000000000	0.0309579848
1545.4100000000	0.0307809815
1545.4200000000	0.0306026006
1545.4300000000	0.0304528117
1545.4400000000	0.0304202404
1545.4500000000	0.0303627390
1545.4600000000	0.0303487323
1545.4700000000	0.0303796945
1545.4800000000	0.0304492905
1545.4900000000	0.0304898863
1545.5000000000	0.0305271301
1545.5100000000	0.0304169568
1545.5200000000	0.0303058274
1545.5300000000	0.0301628104
1545.5400000000	0.0300126296
1545.5500000000	0.0297267380
1545.5600000000	0.0294392752
1545.5700000000	0.0290477361
1545.5800000000	0.0285882290
1545.5900000000	0.0281645680
1545.6000000000	0.0278551579
1545.6100000000	0.0275186789
1545.6200000000	0.0273970975
1545.6300000000	0.0272677132
1545.6400000000	0.0271307654
1545.6500000000	0.0271479273
1545.6600000000	0.0271400614
1545.6700000000	0.0271307654
1545.6800000000	0.0272366081
1545.6900000000	0.0273523843
1545.7000000000	0.0274327424
1545.7100000000	0.0274780545
1545.7200000000	0.0275406615
1545.7300000000	0.0275313791
1545.7400000000	0.0275552152
1545.7500000000	0.0274928848
1545.7600000000	0.0272782654
1545.7700000000	0.0270968172
1545.7800000000	0.0269534253
1545.7900000000	0.0268089789
1545.8000000000	0.0265922510
1545.8100000000	0.0263766648
1545.8200000000	0.0262682609
1545.8300000000	0.0261632315
1545.8400000000	0.0261275600
1545.8500000000	0.0260952572
1545.8600000000	0.0261646825
1545.8700000000	0.0261310112
1545.8800000000	0.0261626265
1545.8900000000	0.0262286339
1545.9000000000	0.0262368849
1545.9100000000	0.0262654881
1545.9200000000	0.0262726389
1545.9300000000	0.0262175777
1545.9400000000	0.0261193567
1545.9500000000	0.0259851763
1545.9600000000	0.0258149760
1545.9700000000	0.0256644514
1545.9800000000	0.0254963012
1545.9900000000	0.0253716823
1546.0000000000	0.0252353736
1546.0100000000	0.0250855752
1546.0200000000	0.0249029127
1546.0300000000	0.0248120041
1546.0400000000	0.0248406089
1546.0500000000	0.0248424330
1546.0600000000	0.0248101843
1546.0700000000	0.0248379204
1546.0800000000	0.0248732311
1546.0900000000	0.0249092588
1546.1000000000	0.0248511025
1546.1100000000	0.0248742144
1546.1200000000	0.0248469899
1546.1300000000	0.0247842909
1546.1400000000	0.0247441929
1546.1500000000	0.0247351709
1546.1600000000	0.0246891032
1546.1700000000	0.0246861878
1546.1800000000	0.0246766642
1546.1900000000	0.0247094280
1546.2000000000	0.0248267013
1546.2100000000	0.0249244240
1546.2200000000	0.0250659104
1546.2300000000	0.0252693294
1546.2400000000	0.0255115690
1546.2500000000	0.0256450266
1546.2600000000	0.0258597705
1546.2700000000	0.0260934923
1546.2800000000	0.0262876933
1546.2900000000	0.0264423902
1546.3000000000	0.0264514238
1546.3100000000	0.0264503293
1546.3200000000	0.0264103059
1546.3300000000	0.0263065872
1546.3400000000	0.0262597675
1546.3500000000	0.0260602386
1546.3600000000	0.0260868581
1546.3700000000	0.0259476972
1546.3800000000	0.0258432252
1546.3900000000	0.0258081722
1546.4000000000	0.0257737865
1546.4100000000	0.0257400239
1546.4200000000	0.0256173561
1546.4300000000	0.0254826621
1546.4400000000	0.0253980145
1546.4500000000	0.0253277824
1546.4600000000	0.0251815801
1546.4700000000	0.0250541399
1546.4800000000	0.0249002752
1546.4900000000	0.0246545490
1546.5000000000	0.0243723110
1546.5100000000	0.0241581840
1546.5200000000	0.0239558546
1546.5300000000	0.0237294148
1546.5400000000	0.0235533357
1546.5500000000	0.0234304870
1546.5600000000	0.0234431894
1546.5700000000	0.0234479812
1546.5800000000	0.0235081736
1546.5900000000	0.0236372819
1546.6000000000	0.0237211568
1546.6100000000	0.0238549285
1546.6200000000	0.0239083753
1546.6300000000	0.0239776850
1546.6400000000	0.0241795383
1546.6500000000	0.0242918060
1546.6600000000	0.0242475391
1546.6700000000	0.0242345996
1546.6800000000	0.0241551843
1546.6900000000	0.0239993835
1546.7000000000	0.0238006766
1546.7100000000	0.0235433302
1546.7200000000	0.0232827975
1546.7300000000	0.0230785129
1546.7400000000	0.0228478093
1546.7500000000	0.0226689616
1546.7600000000	0.0226509040
1546.7700000000	0.0226870192
1546.7800000000	0.0227751403
1546.7900000000	0.0229625783
1546.8000000000	0.0231842917
1546.8100000000	0.0234433678
1546.8200000000	0.0237778545
1546.8300000000	0.0241592468
1546.8400000000	0.0246356207
1546.8500000000	0.0250212179
1546.8600000000	0.0254106329
1546.8700000000	0.0257615517
1546.8800000000	0.0260811241
1546.8900000000	0.0263317709
1546.9000000000	0.0265139934
1546.9100000000	0.0266574521
1546.9200000000	0.0267964810
1546.9300000000	0.0269624515
1546.9400000000	0.0271311027
1546.9500000000	0.0272721216
1546.9600000000	0.0274595090
1546.9700000000	0.0276706407
1546.9800000000	0.0277867575
1546.9900000000	0.0279287117
1547.0000000000	0.0280589839
1547.0100000000	0.0281891240
1547.0200000000	0.0282391848
1547.0300000000	0.0282624249
1547.0400000000	0.0282749388
1547.0500000000	0.0282497228
1547.0600000000	0.0281849781
1547.0700000000	0.0280242734
1547.0800000000	0.0278682219
1547.0900000000	0.0277205393
1547.1000000000	0.0276707391
1547.1100000000	0.0275012214
1547.1200000000	0.0273539719
1547.1300000000	0.0273792526
1547.1400000000	0.0274839867
1547.1500000000	0.0275923323
1547.1600000000	0.0275955827
1547.1700000000	0.0276629252
1547.1800000000	0.0276997207
1547.1900000000	0.0276390484
1547.2000000000	0.0275707251
1547.2100000000	0.0274485938
1547.2200000000	0.0273152308
1547.2300000000	0.0272276741
1547.2400000000	0.0270743840
1547.2500000000	0.0268830150
1547.2600000000	0.0266402111
1547.2700000000	0.0263098435
1547.2800000000	0.0259529678
1547.2900000000	0.0256216902
1547.3000000000	0.0253447807
1547.3100000000	0.0250590751
1547.3200000000	0.0247957404
1547.3300000000	0.0246123635
1547.3400000000	0.0244320285
1547.3500000000	0.0243216529
1547.3600000000	0.0242176440
1547.3700000000	0.0240813173
1547.3800000000	0.0240270858
1547.3900000000	0.0239351036
1547.4000000000	0.0238845528
1547.4100000000	0.0238770444
1547.4200000000	0.0238172111
1547.4300000000	0.0237745741
1547.4400000000	0.0237389842
1547.4500000000	0.0237044624
1547.4600000000	0.0236700835
1547.4700000000	0.0235828396
1547.4800000000	0.0234784815
1547.4900000000	0.0233977131
1547.5000000000	0.0232763618
1547.5100000000	0.0232830170
1547.5200000000	0.0233049650
1547.5300000000	0.0233543056
1547.5400000000	0.0234741872
1547.5500000000	0.0235924422
1547.5600000000	0.0237249994
1547.5700000000	0.0238956511
1547.5800000000	0.0241039838
1547.5900000000	0.0242429908
1547.6000000000	0.0244362342
1547.6100000000	0.0245738973
1547.6200000000	0.0247186111
1547.6300000000	0.0248705799
1547.6400000000	0.0251208180
1547.6500000000	0.0252968365
1547.6600000000	0.0254390630
1547.6700000000	0.0255780237
1547.6800000000	0.0257823336
1547.6900000000	0.0259651523
1547.7000000000	0.0261455134
1547.7100000000	0.0263563164
1547.7200000000	0.0266552906
1547.7300000000	0.0268690031
1547.7400000000	0.0271426834
1547.7500000000	0.0273941736
1547.7600000000	0.0275485916
1547.7700000000	0.0276911706
1547.7800000000	0.0277931295
1547.7900000000	0.0278469376
1547.8000000000	0.0278455216
1547.8100000000	0.0278101215
1547.8200000000	0.0278274676
1547.8300000000	0.0278118915
1547.8400000000	0.0278252899
1547.8500000000	0.0278093688
1547.8600000000	0.0277386134
1547.8700000000	0.0276521990
1547.8800000000	0.0276189169
1547.8900000000	0.0275819445
1547.9000000000	0.0276380406
1547.9100000000	0.0276946512
1547.9200000000	0.0276743875
1547.9300000000	0.0277248869
1547.9400000000	0.0277093482
1547.9500000000	0.0276732303
1547.9600000000	0.0276967666
1547.9700000000	0.0275853166
1547.9800000000	0.0274727445
1547.9900000000	0.0273378702
1548.0000000000	0.0271706882
1548.0100000000	0.0269719349
1548.0200000000	0.0267405546
1548.0300000000	0.0264998980
1548.0400000000	0.0262333849
1548.0500000000	0.0260613650
1548.0600000000	0.0259537128
1548.0700000000	0.0258457478
1548.0800000000	0.0257381012
1548.0900000000	0.0256540792
1548.1000000000	0.0256058112
1548.1100000000	0.0255468171
1548.1200000000	0.0254978303
1548.1300000000	0.0254860352
1548.1400000000	0.0255144846
1548.1500000000	0.0254909799
1548.1600000000	0.0254860352
1548.1700000000	0.0253282838
1548.1800000000	0.0251530171
1548.1900000000	0.0249777522
1548.2000000000	0.0247995305
1548.2100000000	0.0246176933
1548.2200000000	0.0244019449
1548.2300000000	0.0241178516
1548.2400000000	0.0240277869
1548.2500000000	0.0238713663
1548.2600000000	0.0238138901
1548.2700000000	0.0238055363
1548.2800000000	0.0237823813
1548.2900000000	0.0237918657
1548.3000000000	0.0238055363
1548.3100000000	0.0238665285
1548.3200000000	0.0239326225
1548.3300000000	0.0240272195
1548.3400000000	0.0241305234
1548.3500000000	0.0241823986
1548.3600000000	0.0242573521
1548.3700000000	0.0243259710
1548.3800000000	0.0243622926
1548.3900000000	0.0244614116
1548.4000000000	0.0245645942
1548.4100000000	0.0247119688
1548.4200000000	0.0248505065
1548.4300000000	0.0250805516
1548.4400000000	0.0252796054
1548.4500000000	0.0255178929
1548.4600000000	0.0257656956
1548.4700000000	0.0261016541
1548.4800000000	0.0263685849
1548.4900000000	0.0266789496
1548.5000000000	0.0270336130
1548.5100000000	0.0272449016
1548.5200000000	0.0273915742
1548.5300000000	0.0274444712
1548.5400000000	0.0275807413
1548.5500000000	0.0276785590
1548.5600000000	0.0277250700
1548.5700000000	0.0278047043
1548.5800000000	0.0278682670
1548.5900000000	0.0278816296
1548.6000000000	0.0279045122
1548.6100000000	0.0279173837
1548.6200000000	0.0279853518
1548.6300000000	0.0281147461
1548.6400000000	0.0283302235
1548.6500000000	0.0285434746
1548.6600000000	0.0288158251
1548.6700000000	0.0290607819
1548.6800000000	0.0293450074
1548.6900000000	0.0295090246
1548.7000000000	0.0295899226
1548.7100000000	0.0295978680
1548.7200000000	0.0295978680
1548.7300000000	0.0295643029
1548.7400000000	0.0292905276
1548.7500000000	0.0290334506
1548.7600000000	0.0287830185
1548.7700000000	0.0284753688
1548.7800000000	0.0281631509
1548.7900000000	0.0278819768
1548.8000000000	0.0275792404
1548.8100000000	0.0272474753
1548.8200000000	0.0270639795
1548.8300000000	0.0268818362
1548.8400000000	0.0268314128
1548.8500000000	0.0268671244
1548.8600000000	0.0268577344
1548.8700000000	0.0269381313
1548.8800000000	0.0270349445
1548.8900000000	0.0271055272
1548.9000000000	0.0272440548
1548.9100000000	0.0273316336
1548.9200000000	0.0273228198
1548.9300000000	0.0273344226
1548.9400000000	0.0272893414
1548.9500000000	0.0271805120
1548.9600000000	0.0269070261
1548.9700000000	0.0266593544
1548.9800000000	0.0262908685
1548.9900000000	0.0259383559
1549.0000000000	0.0256716012
1549.0100000000	0.0253565056
1549.0200000000	0.0251211833
1549.0300000000	0.0249657626
1549.0400000000	0.0248873027
1549.0500000000	0.0247901512
1549.0600000000	0.0247162819
1549.0700000000	0.0246235238
1549.0800000000	0.0246395975
1549.0900000000	0.0246866728
1549.1000000000	0.0246541048
1549.1100000000	0.0246279087
1549.1200000000	0.0246279087
1549.1300000000	0.0246499390
1549.1400000000	0.0247756199
1549.1500000000	0.0249107001
1549.1600000000	0.0249959372
1549.1700000000	0.0251170535
1549.1800000000	0.0253130877
1549.1900000000	0.0255077784
1549.2000000000	0.0257206711
1549.2100000000	0.0260649585
1549.2200000000	0.0263849120
1549.2300000000	0.0266895306
1549.2400000000	0.0270909566
1549.2500000000	0.0273053019
1549.2600000000	0.0276874215
1549.2700000000	0.0278727789
1549.2800000000	0.0280174951
1549.2900000000	0.0280589553
1549.3000000000	0.0280253755
1549.3100000000	0.0279538601
1549.3200000000	0.0278837328
1549.3300000000	0.0277843920
1549.3400000000	0.0276540612
1549.3500000000	0.0274371955
1549.3600000000	0.0272242799
1549.3700000000	0.0270900553
1549.3800000000	0.0269577157
1549.3900000000	0.0269162410
1549.4000000000	0.0268912132
1549.4100000000	0.0268557069
1549.4200000000	0.0268691590
1549.4300000000	0.0270008472
1549.4400000000	0.0271814778
1549.4500000000	0.0273143378
1549.4600000000	0.0273453043
1549.4700000000	0.0272612524
1549.4800000000	0.0271506697
1549.4900000000	0.0269191898
1549.5000000000	0.0266323850
1549.5100000000	0.0263378824
1549.5200000000	0.0259508524
1549.5300000000	0.0254270290
1549.5400000000	0.0250208603
1549.5500000000	0.0246275525
1549.5600000000	0.0241733589
1549.5700000000	0.0238461520
1549.5800000000	0.0235035238
1549.5900000000	0.0231535361
1549.6000000000	0.0228649036
1549.6100000000	0.0226981530
1549.6200000000	0.0226111842
1549.6300000000	0.0225193732
1549.6400000000	0.0224825926
1549.6500000000	0.0224602012
1549.6600000000	0.0223567383
1549.6700000000	0.0222810698
1549.6800000000	0.0222451857
1549.6900000000	0.0221398593
1549.7000000000	0.0220188638
1549.7100000000	0.0219105132
1549.7200000000	0.0218495431
1549.7300000000	0.0218110236
1549.7400000000	0.0217410700
1549.7500000000	0.0217659424
1549.7600000000	0.0218747591
1549.7700000000	0.0219799181
1549.7800000000	0.0221208036
1549.7900000000	0.0223970633
1549.8000000000	0.0227167955
1549.8100000000	0.0229780036
1549.8200000000	0.0233049650
1549.8300000000	0.0237087905
1549.8400000000	0.0240578724
1549.8500000000	0.0242621813
1549.8600000000	0.0243674967
1549.8700000000	0.0244686998
1549.8800000000	0.0245715273
1549.8900000000	0.0245366144
1549.9000000000	0.0244936557
1549.9100000000	0.0242505713
1549.9200000000	0.0240611393
1549.9300000000	0.0238405722
1549.9400000000	0.0236668106
1549.9500000000	0.0234967407
1549.9600000000	0.0233696798
1549.9700000000	0.0232624177
1549.9800000000	0.0232076148
1549.9900000000	0.0232749316
1550.0000000000	0.0234907494
1550.0100000000	0.0237570954
1550.0200000000	0.0240577498
1550.0300000000	0.0243310971
1550.0400000000	0.0245541889
1550.0500000000	0.0247993179
1550.0600000000	0.0250087205
1550.0700000000	0.0252189168
1550.0800000000	0.0253008783
1550.0900000000	0.0254058582
1550.1000000000	0.0253480615
1550.1100000000	0.0252758301
1550.1200000000	0.0251396970
1550.1300000000	0.0249733209
1550.1400000000	0.0248336659
1550.1500000000	0.0248066790
1550.1600000000	0.0247303578
1550.1700000000	0.0246746368
1550.1800000000	0.0247369409
1550.1900000000	0.0247709249
1550.2000000000	0.0248420790
1550.2100000000	0.0250197828
1550.2200000000	0.0250927260
1550.2300000000	0.0251871167
1550.2400000000	0.0252116630
1550.2500000000	0.0252258528
1550.2600000000	0.0252914433
1550.2700000000	0.0252471531
1550.2800000000	0.0251091133
1550.2900000000	0.0249953144
1550.3000000000	0.0247882614
1550.3100000000	0.0246030998
1550.3200000000	0.0244563615
1550.3300000000	0.0243461961
1550.3400000000	0.0243075378
1550.3500000000	0.0242367665
1550.3600000000	0.0242689376
1550.3700000000	0.0244386217
1550.3800000000	0.0245470282
1550.3900000000	0.0248115864
1550.4000000000	0.0250587056
1550.4100000000	0.0252718434
1550.4200000000	0.0254784689
1550.4300000000	0.0256575859
1550.4400000000	0.0258583087
1550.4500000000	0.0259941907
1550.4600000000	0.0260752765
1550.4700000000	0.0261473192
1550.4800000000	0.0261653768
1550.4900000000	0.0261919268
1550.5000000000	0.0262011308
1550.5100000000	0.0263045095
1550.5200000000	0.0262910726
1550.5300000000	0.0262155846
1550.5400000000	0.0262634121
1550.5500000000	0.0263061108
1550.5600000000	0.0264123519
1550.5700000000	0.0265530219
1550.5800000000	0.0266932894
1550.5900000000	0.0268348199
1550.6000000000	0.0270109893
1550.6100000000	0.0270574331
1550.6200000000	0.0271278762
1550.6300000000	0.0272708772
1550.6400000000	0.0273778723
1550.6500000000	0.0274137767
1550.6600000000	0.0275407598
1550.6700000000	0.0276178446
1550.6800000000	0.0276038336
1550.6900000000	0.0275955827
1550.7000000000	0.0276205758
1550.7100000000	0.0276552885
1550.7200000000	0.0277827751
1550.7300000000	0.0279152168
1550.7400000000	0.0280470373
1550.7500000000	0.0281438261
1550.7600000000	0.0282886579
1550.7700000000	0.0284704916
1550.7800000000	0.0286010591
1550.7900000000	0.0287102003
1550.8000000000	0.0287125681
1550.8100000000	0.0286743872
1550.8200000000	0.0286359394
1550.8300000000	0.0285632534
1550.8400000000	0.0285252172
1550.8500000000	0.0284200582
1550.8600000000	0.0283485709
1550.8700000000	0.0281764261
1550.8800000000	0.0281004020
1550.8900000000	0.0280282574
1550.9000000000	0.0280246459
1550.9100000000	0.0280939871
1550.9200000000	0.0281641568
1550.9300000000	0.0283278938
1550.9400000000	0.0284665266
1550.9500000000	0.0287134433
1550.9600000000	0.0289091539
1550.9700000000	0.0292162515
1550.9800000000	0.0293893617
1550.9900000000	0.0295465379
1551.0000000000	0.0296732803
1551.0100000000	0.0298052561
1551.0200000000	0.0298729410
1551.0300000000	0.0298345744
1551.0400000000	0.0297117118
1551.0500000000	0.0295646980
1551.0600000000	0.0294161182
1551.0700000000	0.0292683409
1551.0800000000	0.0291806145
1551.0900000000	0.0290449576
1551.1000000000	0.0289616524
1551.1100000000	0.0288886097
1551.1200000000	0.0288156422
1551.1300000000	0.0289131091
1551.1400000000	0.0289528358
1551.1500000000	0.0289542804
1551.1600000000	0.0290236433
1551.1700000000	0.0290594598
1551.1800000000	0.0288983930
1551.1900000000	0.0287880067
1551.2000000000	0.0286556367
1551.2100000000	0.0285759539
1551.2200000000	0.0284294233
1551.2300000000	0.0282364765
1551.2400000000	0.0280301999
1551.2500000000	0.0278630375
1551.2600000000	0.0277425372
1551.2700000000	0.0275451694
1551.2800000000	0.0274075163
1551.2900000000	0.0273364542
1551.3000000000	0.0272873827
1551.3100000000	0.0273835363
1551.3200000000	0.0275434413
1551.3300000000	0.0278229421
1551.3400000000	0.0280876041
1551.3500000000	0.0282578373
1551.3600000000	0.0284389652
1551.3700000000	0.0285839813
1551.3800000000	0.0286924330
1551.3900000000	0.0287040020
1551.4000000000	0.0286410621
1551.4100000000	0.0286003737
1551.4200000000	0.0283997132
1551.4300000000	0.0282143622
1551.4400000000	0.0281035880
1551.4500000000	0.0277794752
1551.4600000000	0.0275268271
1551.4700000000	0.0273453043
1551.4800000000	0.0271450010
1551.4900000000	0.0270417308
1551.5000000000	0.0269973072
1551.5100000000	0.0270133378
1551.5200000000	0.0271240394
1551.5300000000	0.0271918001
1551.5400000000	0.0273038253
1551.5500000000	0.0274478715
1551.5600000000	0.0275143234
1551.5700000000	0.0275507077
1551.5800000000	0.0276952716
1551.5900000000	0.0278772516
1551.6000000000	0.0278883335
1551.6100000000	0.0278185795
1551.6200000000	0.0277759053
1551.6300000000	0.0277020999
1551.6400000000	0.0276670908
1551.6500000000	0.0276688608
1551.6600000000	0.0277070934
1551.6700000000	0.0278090381
1551.6800000000	0.0277815905
1551.6900000000	0.0279604345
1551.7000000000	0.0281163795
1551.7100000000	0.0283990264
1551.7200000000	0.0286127653
1551.7300000000	0.0288800990
1551.7400000000	0.0291805135
1551.7500000000	0.0293287007
1551.7600000000	0.0294354424
1551.7700000000	0.0296798013
1551.7800000000	0.0298221264
1551.7900000000	0.0299002299
1551.8000000000	0.0299701453
1551.8100000000	0.0300412328
1551.8200000000	0.0301127511
1551.8300000000	0.0302343193
1551.8400000000	0.0303538400
1551.8500000000	0.0303576708
1551.8600000000	0.0303770375
1551.8700000000	0.0304748123
1551.8800000000	0.0305230793
1551.8900000000	0.0306572624
1551.9000000000	0.0307037335
1551.9100000000	0.0307405670
1551.9200000000	0.0308793370
1551.9300000000	0.0308850576
1551.9400000000	0.0308514276
1551.9500000000	0.0307494754
1551.9600000000	0.0306768428
1551.9700000000	0.0305110292
1551.9800000000	0.0303063828
1551.9900000000	0.0301867874
1552.0000000000	0.0300824742
1552.0100000000	0.0299783335
1552.0200000000	0.0299286075
1552.0300000000	0.0298433479
1552.0400000000	0.0297142585
1552.0500000000	0.0296693906
1552.0600000000	0.0295953697
1552.0700000000	0.0295870334
1552.0800000000	0.0296729617
1552.0900000000	0.0298821092
1552.1000000000	0.0299554231
1552.1100000000	0.0300594455
1552.1200000000	0.0302329923
1552.1300000000	0.0303350392
1552.1400000000	0.0304111117
1552.1500000000	0.0304537122
1552.1600000000	0.0304559944
1552.1700000000	0.0306311674
1552.1800000000	0.0305647013
1552.1900000000	0.0305278638
1552.2000000000	0.0306347793
1552.2100000000	0.0306712630
1552.2200000000	0.0307431249
1552.2300000000	0.0307848755
1552.2400000000	0.0309596308
1552.2500000000	0.0310617991
1552.2600000000	0.0312306947
1552.2700000000	0.0314642879
1552.2800000000	0.0316413163
1552.2900000000	0.0318112870
1552.3000000000	0.0320322628
1552.3100000000	0.0321725846
1552.3200000000	0.0322756911
1552.3300000000	0.0324039426
1552.3400000000	0.0324582943
1552.3500000000	0.0324801043
1552.3600000000	0.0324722384
1552.3700000000	0.0324142248
1552.3800000000	0.0323867716
1552.3900000000	0.0323185139
1552.4000000000	0.0322323289
1552.4100000000	0.0322334856
1552.4200000000	0.0322992883
1552.4300000000	0.0323456352
1552.4400000000	0.0324137696
1552.4500000000	0.0325459248
1552.4600000000	0.0325954094
1552.4700000000	0.0327176865
1552.4800000000	0.0328016748
1552.4900000000	0.0327869427
1552.5000000000	0.0327800808
1552.5100000000	0.0328385874
1552.5200000000	0.0327941020
1552.5300000000	0.0326451598
1552.5400000000	0.0325509143
1552.5500000000	0.0324123152
1552.5600000000	0.0322630076
1552.5700000000	0.0321238742
1552.5800000000	0.0318801885
1552.5900000000	0.0316832435
1552.6000000000	0.0315385638
1552.6100000000	0.0313986304
1552.6200000000	0.0313498749
1552.6300000000	0.0313700994
1552.6400000000	0.0314268003
1552.6500000000	0.0316264302
1552.6600000000	0.0318307450
1552.6700000000	0.0320445489
1552.6800000000	0.0322072642
1552.6900000000	0.0323194035
1552.7000000000	0.0324323220
1552.7100000000	0.0325742127
1552.7200000000	0.0325408604
1552.7300000000	0.0325298024
1552.7400000000	0.0325298024
1552.7500000000	0.0324990539
1552.7600000000	0.0324325389
1552.7700000000	0.0324225257
1552.7800000000	0.0323617438
1552.7900000000	0.0323811076
1552.8000000000	0.0324159303
1552.8100000000	0.0324493521
1552.8200000000	0.0325070802
1552.8300000000	0.0326180180
1552.8400000000	0.0327742364
1552.8500000000	0.0329294770
1552.8600000000	0.0330710838
1552.8700000000	0.0331939220
1552.8800000000	0.0333001222
1552.8900000000	0.0333160522
1552.9000000000	0.0332806521
1552.9100000000	0.0332466681
1552.9200000000	0.0332091440
1552.9300000000	0.0332091440
1552.9400000000	0.0332522027
1552.9500000000	0.0332566893
1552.9600000000	0.0332703314
1552.9700000000	0.0333316282
1552.9800000000	0.0333770580
1552.9900000000	0.0334856330
1553.0000000000	0.0336513053
1553.0100000000	0.0339732325
1553.0200000000	0.0343692034
1553.0300000000	0.0347637839
1553.0400000000	0.0351995210
1553.0500000000	0.0356466310
1553.0600000000	0.0360499684
1553.0700000000	0.0363484520
1553.0800000000	0.0364628650
1553.0900000000	0.0364460193
1553.1000000000	0.0363333867
1553.1100000000	0.0360667874
1553.1200000000	0.0356909779
1553.1300000000	0.0352672148
1553.1400000000	0.0348231854
1553.1500000000	0.0343418706
1553.1600000000	0.0338005397
1553.1700000000	0.0332040913
1553.1800000000	0.0326543941
1553.1900000000	0.0321921048
1553.2000000000	0.0318368081
1553.2100000000	0.0315712535
1553.2200000000	0.0314186919
1553.2300000000	0.0313856290
1553.2400000000	0.0313856290
1553.2500000000	0.0315042288
1553.2600000000	0.0316578699
1553.2700000000	0.0318224802
1553.2800000000	0.0320480058
1553.2900000000	0.0322303928
1553.3000000000	0.0324480741
1553.3100000000	0.0326034774
1553.3200000000	0.0326854377
1553.3300000000	0.0326859734
1553.3400000000	0.0327135849
1553.3500000000	0.0327989697
1553.3600000000	0.0328353984
1553.3700000000	0.0327436392
1553.3800000000	0.0326109366
1553.3900000000	0.0325304900
1553.4000000000	0.0323846787
1553.4100000000	0.0321776646
1553.4200000000	0.0320592603
1553.4300000000	0.0319471281
1553.4400000000	0.0319219544
1553.4500000000	0.0318629786
1553.4600000000	0.0316915803
1553.4700000000	0.0315721544
1553.4800000000	0.0314981136
1553.4900000000	0.0313900982
1553.5000000000	0.0312593725
1553.5100000000	0.0312068587
1553.5200000000	0.0312068587
1553.5300000000	0.0311865751
1553.5400000000	0.0310947290
1553.5500000000	0.0311002836
1553.5600000000	0.0312221323
1553.5700000000	0.0313435029
1553.5800000000	0.0315169697
1553.5900000000	0.0316670740
1553.6000000000	0.0318552653
1553.6100000000	0.0321313855
1553.6200000000	0.0323355063
1553.6300000000	0.0325959137
1553.6400000000	0.0328335414
1553.6500000000	0.0330976366
1553.6600000000	0.0334265432
1553.6700000000	0.0336279412
1553.6800000000	0.0337819410
1553.6900000000	0.0339903992
1553.7000000000	0.0341633369
1553.7100000000	0.0343268475
1553.7200000000	0.0345977611
1553.7300000000	0.0349200718
1553.7400000000	0.0351109456
1553.7500000000	0.0353653745
1553.7600000000	0.0355958055
1553.7700000000	0.0359492921
1553.7800000000	0.0362743350
1553.7900000000	0.0365690498
1553.8000000000	0.0368386619
1553.8100000000	0.0370821318
1553.8200000000	0.0372841315
1553.8300000000	0.0374676936
1553.8400000000	0.0375355157
1553.8500000000	0.0375922486
1553.8600000000	0.0376959028
1553.8700000000	0.0377500546
1553.8800000000	0.0377500546
1553.8900000000	0.0377500546
1553.9000000000	0.0377500546
1553.9100000000	0.0377402728
1553.9200000000	0.0377062384
1553.9300000000	0.0377012991
1553.9400000000	0.0378255354
1553.9500000000	0.0380144213
1553.9600000000	0.0382311237
1553.9700000000	0.0384472769
1553.9800000000	0.0386701312
1553.9900000000	0.0389099488
1554.0000000000	0.0390995374
1554.0100000000	0.0391802605
1554.0200000000	0.0391668047
1554.0300000000	0.0390139198
1554.0400000000	0.0387478799
1554.0500000000	0.0384967459
1554.0600000000	0.0382190303
1554.0700000000	0.0379729917
1554.0800000000	0.0377298701
1554.0900000000	0.0374910056
1554.1000000000	0.0373426605
1554.1100000000	0.0372509426
1554.1200000000	0.0371963832
1554.1300000000	0.0371941657
1554.1400000000	0.0372423325
1554.1500000000	0.0373734307
1554.1600000000	0.0376345314
1554.1700000000	0.0379554692
1554.1800000000	0.0382780490
1554.1900000000	0.0385296511
1554.2000000000	0.0387958013
1554.2100000000	0.0389801706
1554.2200000000	0.0390524127
1554.2300000000	0.0391008070
1554.2400000000	0.0390397690
1554.2500000000	0.0388866293
1554.2600000000	0.0386970208
1554.2700000000	0.0385272684
1554.2800000000	0.0384810000
1554.2900000000	0.0383951636
1554.3000000000	0.0382543895
1554.3100000000	0.0380653832
1554.3200000000	0.0379299307
1554.3300000000	0.0378573168
1554.3400000000	0.0377684626
1554.3500000000	0.0377143006
1554.3600000000	0.0376967811
1554.3700000000	0.0377486245
1554.3800000000	0.0378569556
1554.3900000000	0.0379288249
1554.4000000000	0.0379821054
1554.4100000000	0.0379512989
1554.4200000000	0.0378635050
1554.4300000000	0.0377817225
1554.4400000000	0.0377024983
1554.4500000000	0.0376565940
1554.4600000000	0.0375751638
1554.4700000000	0.0374997617
1554.4800000000	0.0374997617
1554.4900000000	0.0375199862
1554.5000000000	0.0376131677
1554.5100000000	0.0377793079
1554.5200000000	0.0380316685
1554.5300000000	0.0383799544
1554.5400000000	0.0387737788
1554.5500000000	0.0392385884
1554.5600000000	0.0397627688
1554.5700000000	0.0402414847
1554.5800000000	0.0406188516
1554.5900000000	0.0408839753
1554.6000000000	0.0409904129
1554.6100000000	0.0410260776
1554.6200000000	0.0409736855
1554.6300000000	0.0407811004
1554.6400000000	0.0404716480
1554.6500000000	0.0402430964
1554.6600000000	0.0400426269
1554.6700000000	0.0399118311
1554.6800000000	0.0398585607
1554.6900000000	0.0398238481
1554.7000000000	0.0398396623
1554.7100000000	0.0399597193
1554.7200000000	0.0402146792
1554.7300000000	0.0405141401
1554.7400000000	0.0409373146
1554.7500000000	0.0415174723
1554.7600000000	0.0420543875
1554.7700000000	0.0425694113
1554.7800000000	0.0430986701
1554.7900000000	0.0435189114
1554.8000000000	0.0438335330
1554.8100000000	0.0440764295
1554.8200000000	0.0441859738
1554.8300000000	0.0441859738
1554.8400000000	0.0441395304
1554.8500000000	0.0439728796
1554.8600000000	0.0438284333
1554.8700000000	0.0436728934
1554.8800000000	0.0436138944
1554.8900000000	0.0435642765
1554.9000000000	0.0436700793
1554.9100000000	0.0438525087
1554.9200000000	0.0440047255
1554.9300000000	0.0442203497
1554.9400000000	0.0444135767
1554.9500000000	0.0446308606
1554.9600000000	0.0448288883
1554.9700000000	0.0449405838
1554.9800000000	0.0450086867
1554.9900000000	0.0450441003
1555.0000000000	0.0449385907
1555.0100000000	0.0446729154
1555.0200000000	0.0444104649
1555.0300000000	0.0442246541
1555.0400000000	0.0439893265
1555.0500000000	0.0437372530
1555.0600000000	0.0435943922
1555.0700000000	0.0434494257
1555.0800000000	0.0433636160
1555.0900000000	0.0433636160
1555.1000000000	0.0433387436
1555.1100000000	0.0434397877
1555.1200000000	0.0437067932
1555.1300000000	0.0438442071
1555.1400000000	0.0440345449
1555.1500000000	0.0443279497
1555.1600000000	0.0444280433
1555.1700000000	0.0445196929
1555.1800000000	0.0445150716
1555.1900000000	0.0443922062
1555.2000000000	0.0441066806
1555.2100000000	0.0439067517
1555.2200000000	0.0436343294
1555.2300000000	0.0433516883
1555.2400000000	0.0430552227
1555.2500000000	0.0427833857
1555.2600000000	0.0425160054
1555.2700000000	0.0423160909
1555.2800000000	0.0422551966
1555.2900000000	0.0423383880
1555.3000000000	0.0426113071
1555.3100000000	0.0430403499
1555.3200000000	0.0435340743
1555.3300000000	0.0441307215
1555.3400000000	0.0447577015
1555.3500000000	0.0453012501
1555.3600000000	0.0457621244
1555.3700000000	0.0461048433
1555.3800000000	0.0462419048
1555.3900000000	0.0462883851
1555.4000000000	0.0462364322
1555.4100000000	0.0461358816
1555.4200000000	0.0459716135
1555.4300000000	0.0456799027
1555.4400000000	0.0453612993
1555.4500000000	0.0451265856
1555.4600000000	0.0448865700
1555.4700000000	0.0447205327
1555.4800000000	0.0445820333
1555.4900000000	0.0444949574
1555.5000000000	0.0445161286
1555.5100000000	0.0446231323
1555.5200000000	0.0446865452
1555.5300000000	0.0447396417
1555.5400000000	0.0448299371
1555.5500000000	0.0447732287
1555.5600000000	0.0445926456
1555.5700000000	0.0444130266
1555.5800000000	0.0442342486
1555.5900000000	0.0440175722
1555.6000000000	0.0438413342
1555.6100000000	0.0437496118
1555.6200000000	0.0436969361
1555.6300000000	0.0436854025
1555.6400000000	0.0438013327
1555.6500000000	0.0438882666
1555.6600000000	0.0440237905
1555.6700000000	0.0442968973
1555.6800000000	0.0444897173
1555.6900000000	0.0448263883
1555.7000000000	0.0450880777
1555.7100000000	0.0452101393
1555.7200000000	0.0454097974
1555.7300000000	0.0456186219
1555.7400000000	0.0456227778
1555.7500000000	0.0454474761
1555.7600000000	0.0452407621
1555.7700000000	0.0449624775
1555.7800000000	0.0445874605
1555.7900000000	0.0441573764
1555.8000000000	0.0437298411
1555.8100000000	0.0433636079
1555.8200000000	0.0431004516
1555.8300000000	0.0428240320
1555.8400000000	0.0426435002
1555.8500000000	0.0425516123
1555.8600000000	0.0425672466
1555.8700000000	0.0427993963
1555.8800000000	0.0431673276
1555.8900000000	0.0436701973
1555.9000000000	0.0443113113
1555.9100000000	0.0451223900
1555.9200000000	0.0458624149
1555.9300000000	0.0465129004
1555.9400000000	0.0469598721
1555.9500000000	0.0472120724
1555.9600000000	0.0473710470
1555.9700000000	0.0474039407
1555.9800000000	0.0472630914
1555.9900000000	0.0470539727
1556.0000000000	0.0467840712
1556.0100000000	0.0464824821
1556.0200000000	0.0462501557
1556.0300000000	0.0460929199
1556.0400000000	0.0459782041
1556.0500000000	0.0459379808
1556.0600000000	0.0459005241
1556.0700000000	0.0459856598
1556.0800000000	0.0462587302
1556.0900000000	0.0466249129
1556.1000000000	0.0471084145
1556.1100000000	0.0476697554
1556.1200000000	0.0482160970
1556.1300000000	0.0487066671
1556.1400000000	0.0490858841
1556.1500000000	0.0493932320
1556.1600000000	0.0496267239
1556.1700000000	0.0497140364
1556.1800000000	0.0496788172
1556.1900000000	0.0496019268
1556.2000000000	0.0494987588
1556.2100000000	0.0493933854
1556.2200000000	0.0493157893
1556.2300000000	0.0493517271
1556.2400000000	0.0495009849
1556.2500000000	0.0496557893
1556.2600000000	0.0499111865
1556.2700000000	0.0502873487
1556.2800000000	0.0506762397
1556.2900000000	0.0509746916
1556.3000000000	0.0512938384
1556.3100000000	0.0515198357
1556.3200000000	0.0516491782
1556.3300000000	0.0517342145
1556.3400000000	0.0517271330
1556.3500000000	0.0515798622
1556.3600000000	0.0513284291
1556.3700000000	0.0510779688
1556.3800000000	0.0508404111
1556.3900000000	0.0504635599
1556.4000000000	0.0500339374
1556.4100000000	0.0496792774
1556.4200000000	0.0493758950
1556.4300000000	0.0490869676
1556.4400000000	0.0487943432
1556.4500000000	0.0485216612
1556.4600000000	0.0482095534
1556.4700000000	0.0480918629
1556.4800000000	0.0479990080
1556.4900000000	0.0479760201
1556.5000000000	0.0478931840
1556.5100000000	0.0478414999
1556.5200000000	0.0478330039
1556.5300000000	0.0479367608
1556.5400000000	0.0480510097
1556.5500000000	0.0482042297
1556.5600000000	0.0483081349
1556.5700000000	0.0484170099
1556.5800000000	0.0485676464
1556.5900000000	0.0486864956
1556.6000000000	0.0488475598
1556.6100000000	0.0491237690
1556.6200000000	0.0493896182
1556.6300000000	0.0497366133
1556.6400000000	0.0500712806
1556.6500000000	0.0504674407
1556.6600000000	0.0509451295
1556.6700000000	0.0513813435
1556.6800000000	0.0516403744
1556.6900000000	0.0517603058
1556.7000000000	0.0517841503
1556.7100000000	0.0516652768
1556.7200000000	0.0514096550
1556.7300000000	0.0511394582
1556.7400000000	0.0508631622
1556.7500000000	0.0505980715
1556.7600000000	0.0504168690
1556.7700000000	0.0501971826
1556.7800000000	0.0500202137
1556.7900000000	0.0498501006
1556.8000000000	0.0497740472
1556.8100000000	0.0497637811
1556.8200000000	0.0498105364
1556.8300000000	0.0499673132
1556.8400000000	0.0502561099
1556.8500000000	0.0506406603
1556.8600000000	0.0510004338
1556.8700000000	0.0513940791
1556.8800000000	0.0518007753
1556.8900000000	0.0520427235
1556.9000000000	0.0521077309
1556.9100000000	0.0520228601
1556.9200000000	0.0518461634
1556.9300000000	0.0516645249
1556.9400000000	0.0514895920
1556.9500000000	0.0513084080
1556.9600000000	0.0511640704
1556.9700000000	0.0510159695
1556.9800000000	0.0509828499
1556.9900000000	0.0510152167
1557.0000000000	0.0510597269
1557.0100000000	0.0511529750
1557.0200000000	0.0512155811
1557.0300000000	0.0514190358
1557.0400000000	0.0517363388
1557.0500000000	0.0520174429
1557.0600000000	0.0523102662
1557.0700000000	0.0524454226
1557.0800000000	0.0524661039
1557.0900000000	0.0524423580
1557.1000000000	0.0522503004
1557.1100000000	0.0520232352
1557.1200000000	0.0518862827
1557.1300000000	0.0517358756
1557.1400000000	0.0515508546
1557.1500000000	0.0513870040
1557.1600000000	0.0513271058
1557.1700000000	0.0512915087
1557.1800000000	0.0512552797
1557.1900000000	0.0511972374
1557.2000000000	0.0511111690
1557.2100000000	0.0511232161
1557.2200000000	0.0513134183
1557.2300000000	0.0516164213
1557.2400000000	0.0518293092
1557.2500000000	0.0520342364
1557.2600000000	0.0522816397
1557.2700000000	0.0523739145
1557.2800000000	0.0522036121
1557.2900000000	0.0520259174
1557.3000000000	0.0517422353
1557.3100000000	0.0513660363
1557.3200000000	0.0509766307
1557.3300000000	0.0505618460
1557.3400000000	0.0503380326
1557.3500000000	0.0502768664
1557.3600000000	0.0502417892
1557.3700000000	0.0502495112
1557.3800000000	0.0503965827
1557.3900000000	0.0506664384
1557.4000000000	0.0510179671
1557.4100000000	0.0514920670
1557.4200000000	0.0521246787
1557.4300000000	0.0529028020
1557.4400000000	0.0537426193
1557.4500000000	0.0544899680
1557.4600000000	0.0551197638
1557.4700000000	0.0557034774
1557.4800000000	0.0561019299
1557.4900000000	0.0563171925
1557.5000000000	0.0563784852
1557.5100000000	0.0562945726
1557.5200000000	0.0560771224
1557.5300000000	0.0558388424
1557.5400000000	0.0556762905
1557.5500000000	0.0555863524
1557.5600000000	0.0555130678
1557.5700000000	0.0553744533
1557.5800000000	0.0553058344
1557.5900000000	0.0554195973
1557.6000000000	0.0556676748
1557.6100000000	0.0557933077
1557.6200000000	0.0560272486
1557.6300000000	0.0562935250
1557.6400000000	0.0564610029
1557.6500000000	0.0564459525
1557.6600000000	0.0563951927
1557.6700000000	0.0563272152
1557.6800000000	0.0560841165
1557.6900000000	0.0557305588
1557.7000000000	0.0552718810
1557.7100000000	0.0547922563
1557.7200000000	0.0543989524
1557.7300000000	0.0540898079
1557.7400000000	0.0538458925
1557.7500000000	0.0536943750
1557.7600000000	0.0535997970
1557.7700000000	0.0534975338
1557.7800000000	0.0534438741
1557.7900000000	0.0535203556
1557.8000000000	0.0536164055
1557.8100000000	0.0537248243
1557.8200000000	0.0539772352
1557.8300000000	0.0542080496
1557.8400000000	0.0543504569
1557.8500000000	0.0546178190
1557.8600000000	0.0547695090
1557.8700000000	0.0547482010
1557.8800000000	0.0547758185
1557.8900000000	0.0547855132
1557.9000000000	0.0546966257
1557.9100000000	0.0546765485
1557.9200000000	0.0547337550
1557.9300000000	0.0547764515
1557.9400000000	0.0549201674
1557.9500000000	0.0551046302
1557.9600000000	0.0552686643
1557.9700000000	0.0554831501
1557.9800000000	0.0557516801
1557.9900000000	0.0560913378
1558.0000000000	0.0564120780
1558.0100000000	0.0567732448
1558.0200000000	0.0570449699
1558.0300000000	0.0572033856
1558.0400000000	0.0573545694
1558.0500000000	0.0573811569
1558.0600000000	0.0573244753
1558.0700000000	0.0572204646
1558.0800000000	0.0571417539
1558.0900000000	0.0571059854
1558.1000000000	0.0571847332
1558.1100000000	0.0573035177
1558.1200000000	0.0574316748
1558.1300000000	0.0576851770
1558.1400000000	0.0579878316
1558.1500000000	0.0582767680
1558.1600000000	0.0587173029
1558.1700000000	0.0592549097
1558.1800000000	0.0598811173
1558.1900000000	0.0605471987
1558.2000000000	0.0610651690
1558.2100000000	0.0614282180
1558.2200000000	0.0617582611
1558.2300000000	0.0619934217
1558.2400000000	0.0620408986
1558.2500000000	0.0619360680
1558.2600000000	0.0617081984
1558.2700000000	0.0613809577
1558.2800000000	0.0611313662
1558.2900000000	0.0610490494
1558.3000000000	0.0610403817
1558.3100000000	0.0611469273
1558.3200000000	0.0614259261
1558.3300000000	0.0617835361
1558.3400000000	0.0622731419
1558.3500000000	0.0629197818
1558.3600000000	0.0636170846
1558.3700000000	0.0643463362
1558.3800000000	0.0650544946
1558.3900000000	0.0656127805
1558.4000000000	0.0660299254
1558.4100000000	0.0663049739
1558.4200000000	0.0663341570
1558.4300000000	0.0660065363
1558.4400000000	0.0653745588
1558.4500000000	0.0646032027
1558.4600000000	0.0638327668
1558.4700000000	0.0630994439
1558.4800000000	0.0623381421
1558.4900000000	0.0616919250
1558.5000000000	0.0612701534
1558.5100000000	0.0609280634
1558.5200000000	0.0607438714
1558.5300000000	0.0606577929
1558.5400000000	0.0606574329
1558.5500000000	0.0608325645
1558.5600000000	0.0612260753
1558.5700000000	0.0616702515
1558.5800000000	0.0621335797
1558.5900000000	0.0626713954
1558.6000000000	0.0631898444
1558.6100000000	0.0634897144
1558.6200000000	0.0636531786
1558.6300000000	0.0636379086
1558.6400000000	0.0634054745
1558.6500000000	0.0631156242
1558.6600000000	0.0626535155
1558.6700000000	0.0622903727
1558.6800000000	0.0621060390
1558.6900000000	0.0620149569
1558.7000000000	0.0618981045
1558.7100000000	0.0619392833
1558.7200000000	0.0620559913
1558.7300000000	0.0622349815
1558.7400000000	0.0626222750
1558.7500000000	0.0631591480
1558.7600000000	0.0636635976
1558.7700000000	0.0641673337
1558.7800000000	0.0647791676
1558.7900000000	0.0652753871
1558.8000000000	0.0655112824
1558.8100000000	0.0655665169
1558.8200000000	0.0653688133
1558.8300000000	0.0649614833
1558.8400000000	0.0644580649
1558.8500000000	0.0638178487
1558.8600000000	0.0632176118
1558.8700000000	0.0629083684
1558.8800000000	0.0627779277
1558.8900000000	0.0626885646
1558.9000000000	0.0628738985
1558.9100000000	0.0632105884
1558.9200000000	0.0635878011
1558.9300000000	0.0641839517
1558.9400000000	0.0649626173
1558.9500000000	0.0657550075
1558.9600000000	0.0666149820
1558.9700000000	0.0674804687
1558.9800000000	0.0681886953
1558.9900000000	0.0687599883
1559.0000000000	0.0691663390
1559.0100000000	0.0692847316
1559.0200000000	0.0691368377
1559.0300000000	0.0687931681
1559.0400000000	0.0681631804
1559.0500000000	0.0674323065
1559.0600000000	0.0668092491
1559.0700000000	0.0663848290
1559.0800000000	0.0659738748
1559.0900000000	0.0656412436
1559.1000000000	0.0655213411
1559.1100000000	0.0654722244
1559.1200000000	0.0656942026
1559.1300000000	0.0660407538
1559.1400000000	0.0664956739
1559.1500000000	0.0672183855
1559.1600000000	0.0679620595
1559.1700000000	0.0686251671
1559.1800000000	0.0692038663
1559.1900000000	0.0695317831
1559.2000000000	0.0696078932
1559.2100000000	0.0694432079
1559.2200000000	0.0690914372
1559.2300000000	0.0686302313
1559.2400000000	0.0681545584
1559.2500000000	0.0677479561
1559.2600000000	0.0674990268
1559.2700000000	0.0673308059
1559.2800000000	0.0671834205
1559.2900000000	0.0671407906
1559.3000000000	0.0672136922
1559.3100000000	0.0674219779
1559.3200000000	0.0676918424
1559.3300000000	0.0681630321
1559.3400000000	0.0687920295
1559.3500000000	0.0695363933
1559.3600000000	0.0704125733
1559.3700000000	0.0711716382
1559.3800000000	0.0716863962
1559.3900000000	0.0719670088
1559.4000000000	0.0719389924
1559.4100000000	0.0715861005
1559.4200000000	0.0711344550
1559.4300000000	0.0706828095
1559.4400000000	0.0702573250
1559.4500000000	0.0699414966
1559.4600000000	0.0697688010
1559.4700000000	0.0696641354
1559.4800000000	0.0697218880
1559.4900000000	0.0699537663
1559.5000000000	0.0701985712
1559.5100000000	0.0705924042
1559.5200000000	0.0711339122
1559.5300000000	0.0716965390
1559.5400000000	0.0722929124
1559.5500000000	0.0729338046
1559.5600000000	0.0735635367
1559.5700000000	0.0741230637
1559.5800000000	0.0745311390
1559.5900000000	0.0747730842
1559.6000000000	0.0746014621
1559.6100000000	0.0741162975
1559.6200000000	0.0735453014
1559.6300000000	0.0729818865
1559.6400000000	0.0723150702
1559.6500000000	0.0716161486
1559.6600000000	0.0710604559
1559.6700000000	0.0706596973
1559.6800000000	0.0704269137
1559.6900000000	0.0702868808
1559.7000000000	0.0701799872
1559.7100000000	0.0702308538
1559.7200000000	0.0704302656
1559.7300000000	0.0707390581
1559.7400000000	0.0711767892
1559.7500000000	0.0716993909
1559.7600000000	0.0721250594
1559.7700000000	0.0723851149
1559.7800000000	0.0725058367
1559.7900000000	0.0724845961
1559.8000000000	0.0723098183
1559.8100000000	0.0720712936
1559.8200000000	0.0718075150
1559.8300000000	0.0715511604
1559.8400000000	0.0714414750
1559.8500000000	0.0714859461
1559.8600000000	0.0715679383
1559.8700000000	0.0716459472
1559.8800000000	0.0716668940
1559.8900000000	0.0717493153
1559.9000000000	0.0719171158
1559.9100000000	0.0721762546
1559.9200000000	0.0722734819
1559.9300000000	0.0724235228
1559.9400000000	0.0726988191
1559.9500000000	0.0727748916
1559.9600000000	0.0726865299
1559.9700000000	0.0723858304
1559.9800000000	0.0717689417
1559.9900000000	0.0710200527
1560.0000000000	0.0703423115
1560.0100000000	0.0697126350
1560.0200000000	0.0691359327
1560.0300000000	0.0687010188
1560.0400000000	0.0684493626
1560.0500000000	0.0684044848
1560.0600000000	0.0685495441
1560.0700000000	0.0687790562
1560.0800000000	0.0691168608
1560.0900000000	0.0696598129
1560.1000000000	0.0703659803
1560.1100000000	0.0710518560
1560.1200000000	0.0718700338
1560.1300000000	0.0726510646
1560.1400000000	0.0734239469
1560.1500000000	0.0740451555
1560.1600000000	0.0744655488
1560.1700000000	0.0746201218
1560.1800000000	0.0746425133
1560.1900000000	0.0745775059
1560.2000000000	0.0743651826
1560.2100000000	0.0740664141
1560.2200000000	0.0738850646
1560.2300000000	0.0738662230
1560.2400000000	0.0740214300
1560.2500000000	0.0741834959
1560.2600000000	0.0743619051
1560.2700000000	0.0745389270
1560.2800000000	0.0748400705
1560.2900000000	0.0752214619
1560.3000000000	0.0754739145
1560.3100000000	0.0757329788
1560.3200000000	0.0760537390
1560.3300000000	0.0762048905
1560.3400000000	0.0762389486
1560.3500000000	0.0762290756
1560.3600000000	0.0761607153
1560.3700000000	0.0760914991
1560.3800000000	0.0759758589
1560.3900000000	0.0757858325
1560.4000000000	0.0756965379
1560.4100000000	0.0757220259
1560.4200000000	0.0757429770
1560.4300000000	0.0758152177
1560.4400000000	0.0759658181
1560.4500000000	0.0762919211
1560.4600000000	0.0765823243
1560.4700000000	0.0767487218
1560.4800000000	0.0767537713
1560.4900000000	0.0765961276
1560.5000000000	0.0762651333
1560.5100000000	0.0757942935
1560.5200000000	0.0752521072
1560.5300000000	0.0744173223
1560.5400000000	0.0733554644
1560.5500000000	0.0722446658
1560.5600000000	0.0711733412
1560.5700000000	0.0701835268
1560.5800000000	0.0693179666
1560.5900000000	0.0687869442
1560.6000000000	0.0685582763
1560.6100000000	0.0685396274
1560.6200000000	0.0688135223
1560.6300000000	0.0693388969
1560.6400000000	0.0700748006
1560.6500000000	0.0709361536
1560.6600000000	0.0719309240
1560.6700000000	0.0730934936
1560.6800000000	0.0743776385
1560.6900000000	0.0756433728
1560.7000000000	0.0766230631
1560.7100000000	0.0773095671
1560.7200000000	0.0776747079
1560.7300000000	0.0776772776
1560.7400000000	0.0772114599
1560.7500000000	0.0764664972
1560.7600000000	0.0755611363
1560.7700000000	0.0745480744
1560.7800000000	0.0736780288
1560.7900000000	0.0731476612
1560.8000000000	0.0728528649
1560.8100000000	0.0726405891
1560.8200000000	0.0726748985
1560.8300000000	0.0729566054
1560.8400000000	0.0734991318
1560.8500000000	0.0742508098
1560.8600000000	0.0750763363
1560.8700000000	0.0760848396
1560.8800000000	0.0772890068
1560.8900000000	0.0785217285
1560.9000000000	0.0796837034
1560.9100000000	0.0806572532
1560.9200000000	0.0813229727
1560.9300000000	0.0816216343
1560.9400000000	0.0815132843
1560.9500000000	0.0810961389
1560.9600000000	0.0805218058
1560.9700000000	0.0798462687
1560.9800000000	0.0791467392
1560.9900000000	0.0785980240
1561.0000000000	0.0782223390
1561.0100000000	0.0779507682
1561.0200000000	0.0777892982
1561.0300000000	0.0779342858
1561.0400000000	0.0781996744
1561.0500000000	0.0786557598
1561.0600000000	0.0792747976
1561.0700000000	0.0801553157
1561.0800000000	0.0811659409
1561.0900000000	0.0821669919
1561.1000000000	0.0830941652
1561.1100000000	0.0837329970
1561.1200000000	0.0839796870
1561.1300000000	0.0839278437
1561.1400000000	0.0834718754
1561.1500000000	0.0827921812
1561.1600000000	0.0820637607
1561.1700000000	0.0813662894
1561.1800000000	0.0807839471
1561.1900000000	0.0802867760
1561.2000000000	0.0798675446
1561.2100000000	0.0796319893
1561.2200000000	0.0796189914
1561.2300000000	0.0797623652
1561.2400000000	0.0800377825
1561.2500000000	0.0804375052
1561.2600000000	0.0809472431
1561.2700000000	0.0816742181
1561.2800000000	0.0824746468
1561.2900000000	0.0832836696
1561.3000000000	0.0838945798
1561.3100000000	0.0842805855
1561.3200000000	0.0842798045
1561.3300000000	0.0839403496
1561.3400000000	0.0834391234
1561.3500000000	0.0829245479
1561.3600000000	0.0824212462
1561.3700000000	0.0819354819
1561.3800000000	0.0816277739
1561.3900000000	0.0815912975
1561.4000000000	0.0817858989
1561.4100000000	0.0820047280
1561.4200000000	0.0822281130
1561.4300000000	0.0826605806
1561.4400000000	0.0832038008
1561.4500000000	0.0836940310
1561.4600000000	0.0843306129
1561.4700000000	0.0850422124
1561.4800000000	0.0856076175
1561.4900000000	0.0861231327
1561.5000000000	0.0865580114
1561.5100000000	0.0866733317
1561.5200000000	0.0865463628
1561.5300000000	0.0862847596
1561.5400000000	0.0858815995
1561.5500000000	0.0853865005
1561.5600000000	0.0849580365
1561.5700000000	0.0845257947
1561.5800000000	0.0841341082
1561.5900000000	0.0841115586
1561.6000000000	0.0843628616
1561.6100000000	0.0846756948
1561.6200000000	0.0851702479
1561.6300000000	0.0858357834
1561.6400000000	0.0866659390
1561.6500000000	0.0876368022
1561.6600000000	0.0887644413
1561.6700000000	0.0897033875
1561.6800000000	0.0905660386
1561.6900000000	0.0910758374
1561.7000000000	0.0911406765
1561.7100000000	0.0907891225
1561.7200000000	0.0902265985
1561.7300000000	0.0895049511
1561.7400000000	0.0886565531
1561.7500000000	0.0878921054
1561.7600000000	0.0872204674
1561.7700000000	0.0867144406
1561.7800000000	0.0864510554
1561.7900000000	0.0863009591
1561.8000000000	0.0862075950
1561.8100000000	0.0862716501
1561.8200000000	0.0865517909
1561.8300000000	0.0868714447
1561.8400000000	0.0873435820
1561.8500000000	0.0879387532
1561.8600000000	0.0885719131
1561.8700000000	0.0893375953
1561.8800000000	0.0899606123
1561.8900000000	0.0902238164
1561.9000000000	0.0903441076
1561.9100000000	0.0902407956
1561.9200000000	0.0899101016
1561.9300000000	0.0895915308
1561.9400000000	0.0893994314
1561.9500000000	0.0891736846
1561.9600000000	0.0891201522
1561.9700000000	0.0891659729
1561.9800000000	0.0891312404
1561.9900000000	0.0891727832
1562.0000000000	0.0892447707
1562.0100000000	0.0891742794
1562.0200000000	0.0891859952
1562.0300000000	0.0894000052
1562.0400000000	0.0896522426
1562.0500000000	0.0898938183
1562.0600000000	0.0902141976
1562.0700000000	0.0903324338
1562.0800000000	0.0902165934
1562.0900000000	0.0899597362
1562.1000000000	0.0896315363
1562.1100000000	0.0890910702
1562.1200000000	0.0885357851
1562.1300000000	0.0879233897
1562.1400000000	0.0873658131
1562.1500000000	0.0871308823
1562.1600000000	0.0870217452
1562.1700000000	0.0869613051
1562.1800000000	0.0871160106
1562.1900000000	0.0872952625
1562.2000000000	0.0875084938
1562.2100000000	0.0877989441
1562.2200000000	0.0879807964
1562.2300000000	0.0881065129
1562.2400000000	0.0882252303
1562.2500000000	0.0881051202
1562.2600000000	0.0877834391
1562.2700000000	0.0873380335
1562.2800000000	0.0867006004
1562.2900000000	0.0859251275
1562.3000000000	0.0851210358
1562.3100000000	0.0844105329
1562.3200000000	0.0837722554
1562.3300000000	0.0833608923
1562.3400000000	0.0832179914
1562.3500000000	0.0833431871
1562.3600000000	0.0836698936
1562.3700000000	0.0842878932
1562.3800000000	0.0851487069
1562.3900000000	0.0861511263
1562.4000000000	0.0873186230
1562.4100000000	0.0885438331
1562.4200000000	0.0899641437
1562.4300000000	0.0914063906
1562.4400000000	0.0926020415
1562.4500000000	0.0936191112
1562.4600000000	0.0943847830
1562.4700000000	0.0947217499
1562.4800000000	0.0947164389
1562.4900000000	0.0946135735
1562.5000000000	0.0942869755
1562.5100000000	0.0937652306
1562.5200000000	0.0933769101
1562.5300000000	0.0931602397
1562.5400000000	0.0930334285
1562.5500000000	0.0931726506
1562.5600000000	0.0933303998
1562.5700000000	0.0935581354
1562.5800000000	0.0938760991
1562.5900000000	0.0942861137
1562.6000000000	0.0947065878
1562.6100000000	0.0953516169
1562.6200000000	0.0959590930
1562.6300000000	0.0963834577
1562.6400000000	0.0966384348
1562.6500000000	0.0967045447
1562.6600000000	0.0964461875
1562.6700000000	0.0958620763
1562.6800000000	0.0950257585
1562.6900000000	0.0940339801
1562.7000000000	0.0930413338
1562.7100000000	0.0921718796
1562.7200000000	0.0914042427
1562.7300000000	0.0907851721
1562.7400000000	0.0903123060
1562.7500000000	0.0900408819
1562.7600000000	0.0898962976
1562.7700000000	0.0898095604
1562.7800000000	0.0898741994
1562.7900000000	0.0901004205
1562.8000000000	0.0905267499
1562.8100000000	0.0911196656
1562.8200000000	0.0918160616
1562.8300000000	0.0925203650
1562.8400000000	0.0930392134
1562.8500000000	0.0933971185
1562.8600000000	0.0935188026
1562.8700000000	0.0933726887
1562.8800000000	0.0928845075
1562.8900000000	0.0922748645
1562.9000000000	0.0915994845
1562.9100000000	0.0911162523
1562.9200000000	0.0907902826
1562.9300000000	0.0906060682
1562.9400000000	0.0907982888
1562.9500000000	0.0910926102
1562.9600000000	0.0915944019
1562.9700000000	0.0922577413
1562.9800000000	0.0929404419
1562.9900000000	0.0937279136
1563.0000000000	0.0945239895
1563.0100000000	0.0951882580
1563.0200000000	0.0956408378
1563.0300000000	0.0958563914
1563.0400000000	0.0958494347
1563.0500000000	0.0956336087
1563.0600000000	0.0953285538
1563.0700000000	0.0948135992
1563.0800000000	0.0942700226
1563.0900000000	0.0939348598
1563.1000000000	0.0937183248
1563.1100000000	0.0938782209
1563.1200000000	0.0942371919
1563.1300000000	0.0946747510
1563.1400000000	0.0953134067
1563.1500000000	0.0959828121
1563.1600000000	0.0967634014
1563.1700000000	0.0976315790
1563.1800000000	0.0985605507
1563.1900000000	0.0996467520
1563.2000000000	0.1007005863
1563.2100000000	0.1017403595
1563.2200000000	0.1025473398
1563.2300000000	0.1027643626
1563.2400000000	0.1027018538
1563.2500000000	0.1023303683
1563.2600000000	0.1016856971
1563.2700000000	0.1007900141
1563.2800000000	0.0996608267
1563.2900000000	0.0985937706
1563.3000000000	0.0976831380
1563.3100000000	0.0969627025
1563.3200000000	0.0964499616
1563.3300000000	0.0959717160
1563.3400000000	0.0956465956
1563.3500000000	0.0953066658
1563.3600000000	0.0951549664
1563.3700000000	0.0953080738
1563.3800000000	0.0957635170
1563.3900000000	0.0964062145
1563.4000000000	0.0970721590
1563.4100000000	0.0979245662
1563.4200000000	0.0987005625
1563.4300000000	0.0991767077
1563.4400000000	0.0994450297
1563.4500000000	0.0992259643
1563.4600000000	0.0987392311
1563.4700000000	0.0980743306
1563.4800000000	0.0973583278
1563.4900000000	0.0967460607
1563.5000000000	0.0963262984
1563.5100000000	0.0959807647
1563.5200000000	0.0957538614
1563.5300000000	0.0956376607
1563.5400000000	0.0957148895
1563.5500000000	0.0959301992
1563.5600000000	0.0962353341
1563.5700000000	0.0967460704
1563.5800000000	0.0973998769
1563.5900000000	0.0981336451
1563.6000000000	0.0987769570
1563.6100000000	0.0992210022
1563.6200000000	0.0994748061
1563.6300000000	0.0995635724
1563.6400000000	0.0994535488
1563.6500000000	0.0989560276
1563.6600000000	0.0982718585
1563.6700000000	0.0976912290
1563.6800000000	0.0972126705
1563.6900000000	0.0972554869
1563.7000000000	0.0974452323
1563.7100000000	0.0979482955
1563.7200000000	0.0986928962
1563.7300000000	0.0994992164
1563.7400000000	0.1004103997
1563.7500000000	0.1014432118
1563.7600000000	0.1024396209
1563.7700000000	0.1033972403
1563.7800000000	0.1043222684
1563.7900000000	0.1051818001
1563.8000000000	0.1060209519
1563.8100000000	0.1066697507
1563.8200000000	0.1070988141
1563.8300000000	0.1072877028
1563.8400000000	0.1071122298
1563.8500000000	0.1067782846
1563.8600000000	0.1062334365
1563.8700000000	0.1057338901
1563.8800000000	0.1054318253
1563.8900000000	0.1051703996
1563.9000000000	0.1050485581
1563.9100000000	0.1051610277
1563.9200000000	0.1054752392
1563.9300000000	0.1059659954
1563.9400000000	0.1063914699
1563.9500000000	0.1070306820
1563.9600000000	0.1077027169
1563.9700000000	0.1085987176
1563.9800000000	0.1094308414
1563.9900000000	0.1100867086
1564.0000000000	0.1104738103
1564.0100000000	0.1103459601
1564.0200000000	0.1099143438
1564.0300000000	0.1089929744
1564.0400000000	0.1075929176
1564.0500000000	0.1061997308
1564.0600000000	0.1048557638
1564.0700000000	0.1037397794
1564.0800000000	0.1026671182
1564.0900000000	0.1016745565
1564.1000000000	0.1008603828
1564.1100000000	0.1000308886
1564.1200000000	0.0994213936
1564.1300000000	0.0990047118
1564.1400000000	0.0986768428
1564.1500000000	0.0987004558
1564.1600000000	0.0988941331
1564.1700000000	0.0993811926
1564.1800000000	0.1000092511
1564.1900000000	0.1009557105
1564.2000000000	0.1019961695
1564.2100000000	0.1027781725
1564.2200000000	0.1035232684
1564.2300000000	0.1040691526
1564.2400000000	0.1042093380
1564.2500000000	0.1041863598
1564.2600000000	0.1042495423
1564.2700000000	0.1040867144
1564.2800000000	0.1040415851
1564.2900000000	0.1041108966
1564.3000000000	0.1041876112
1564.3100000000	0.1043574440
1564.3200000000	0.1047989224
1564.3300000000	0.1052165004
1564.3400000000	0.1058140693
1564.3500000000	0.1066459980
1564.3600000000	0.1073026834
1564.3700000000	0.1078015566
1564.3800000000	0.1083233094
1564.3900000000	0.1086575355
1564.4000000000	0.1087215843
1564.4100000000	0.1086781649
1564.4200000000	0.1084757834
1564.4300000000	0.1081366362
1564.4400000000	0.1077674209
1564.4500000000	0.1073868766
1564.4600000000	0.1069612131
1564.4700000000	0.1067141704
1564.4800000000	0.1065288975
1564.4900000000	0.1062555070
1564.5000000000	0.1062841085
1564.5100000000	0.1065787348
1564.5200000000	0.1068690723
1564.5300000000	0.1074582404
1564.5400000000	0.1081382652
1564.5500000000	0.1088993634
1564.5600000000	0.1097090006
1564.5700000000	0.1104930029
1564.5800000000	0.1109337859
1564.5900000000	0.1108965421
1564.6000000000	0.1106920392
1564.6100000000	0.1099665412
1564.6200000000	0.1091141354
1564.6300000000	0.1083114278
1564.6400000000	0.1074152605
1564.6500000000	0.1067001546
1564.6600000000	0.1062972915
1564.6700000000	0.1060218753
1564.6800000000	0.1057047957
1564.6900000000	0.1055203844
1564.7000000000	0.1054345630
1564.7100000000	0.1054480565
1564.7200000000	0.1055900903
1564.7300000000	0.1059044367
1564.7400000000	0.1064071892
1564.7500000000	0.1067737590
1564.7600000000	0.1073109946
1564.7700000000	0.1077384719
1564.7800000000	0.1081204525
1564.7900000000	0.1082570967
1564.8000000000	0.1081465411
1564.8100000000	0.1076027005
1564.8200000000	0.1069807006
1564.8300000000	0.1066513856
1564.8400000000	0.1064007005
1564.8500000000	0.1062966654
1564.8600000000	0.1064274137
1564.8700000000	0.1064519721
1564.8800000000	0.1066235193
1564.8900000000	0.1067065881
1564.9000000000	0.1069525434
1564.9100000000	0.1072978089
1564.9200000000	0.1077338735
1564.9300000000	0.1082911643
1564.9400000000	0.1089231099
1564.9500000000	0.1095412065
1564.9600000000	0.1099768513
1564.9700000000	0.1101688378
1564.9800000000	0.1102463923
1564.9900000000	0.1100917611
1565.0000000000	0.1097069671
1565.0100000000	0.1092444867
1565.0200000000	0.1084510061
1565.0300000000	0.1076997810
1565.0400000000	0.1071255345
1565.0500000000	0.1066242407
1565.0600000000	0.1061958997
1565.0700000000	0.1058405125
1565.0800000000	0.1055742764
1565.0900000000	0.1056117952
1565.1000000000	0.1062088820
1565.1100000000	0.1068329054
1565.1200000000	0.1075906812
1565.1300000000	0.1086854350
1565.1400000000	0.1096341818
1565.1500000000	0.1104259951
1565.1600000000	0.1109925128
1565.1700000000	0.1112121020
1565.1800000000	0.1110242967
1565.1900000000	0.1106270147
1565.2000000000	0.1101553141
1565.2100000000	0.1095367868
1565.2200000000	0.1089028174
1565.2300000000	0.1083069025
1565.2400000000	0.1075698185
1565.2500000000	0.1067582079
1565.2600000000	0.1060903112
1565.2700000000	0.1053725278
1565.2800000000	0.1046328837
1565.2900000000	0.1041944675
1565.3000000000	0.1038742124
1565.3100000000	0.1038107211
1565.3200000000	0.1041867195
1565.3300000000	0.1047205530
1565.3400000000	0.1055006609
1565.3500000000	0.1065657400
1565.3600000000	0.1074781486
1565.3700000000	0.1080930057
1565.3800000000	0.1085300532
1565.3900000000	0.1085182620
1565.4000000000	0.1084733948
1565.4100000000	0.1086960015
1565.4200000000	0.1088808748
1565.4300000000	0.1090093839
1565.4400000000	0.1092016045
1565.4500000000	0.1092751852
1565.4600000000	0.1094196460
1565.4700000000	0.1096576507
1565.4800000000	0.1099439259
1565.4900000000	0.1100725253
1565.5000000000	0.1103468624
1565.5100000000	0.1108443972
1565.5200000000	0.1113314237
1565.5300000000	0.1119105032
1565.5400000000	0.1126087440
1565.5500000000	0.1129916602
1565.5600000000	0.1131017543
1565.5700000000	0.1131827128
1565.5800000000	0.1127107447
1565.5900000000	0.1121815701
1565.6000000000	0.1117271179
1565.6100000000	0.1113610774
1565.6200000000	0.1110123703
1565.6300000000	0.1109828824
1565.6400000000	0.1108265237
1565.6500000000	0.1108065943
1565.6600000000	0.1108446306
1565.6700000000	0.1108289866
1565.6800000000	0.1109633530
1565.6900000000	0.1114021460
1565.7000000000	0.1118404698
1565.7100000000	0.1124478926
1565.7200000000	0.1132560080
1565.7300000000	0.1140576431
1565.7400000000	0.1147036567
1565.7500000000	0.1151728493
1565.7600000000	0.1152504170
1565.7700000000	0.1149880062
1565.7800000000	0.1147309085
1565.7900000000	0.1145356322
1565.8000000000	0.1140783788
1565.8100000000	0.1135453840
1565.8200000000	0.1131538652
1565.8300000000	0.1125856046
1565.8400000000	0.1120067994
1565.8500000000	0.1117186285
1565.8600000000	0.1114181934
1565.8700000000	0.1112994793
1565.8800000000	0.1115747004
1565.8900000000	0.1117967771
1565.9000000000	0.1120960839
1565.9100000000	0.1126180803
1565.9200000000	0.1131433142
1565.9300000000	0.1135944938
1565.9400000000	0.1139741612
1565.9500000000	0.1140405090
1565.9600000000	0.1139074513
1565.9700000000	0.1135938954
1565.9800000000	0.1133212347
1565.9900000000	0.1131212173
1566.0000000000	0.1130865323
1566.0100000000	0.1132149623
1566.0200000000	0.1133781162
1566.0300000000	0.1135362733
1566.0400000000	0.1137365762
1566.0500000000	0.1139000261
1566.0600000000	0.1140664082
1566.0700000000	0.1144128190
1566.0800000000	0.1148527509
1566.0900000000	0.1153387566
1566.1000000000	0.1158393279
1566.1100000000	0.1164057432
1566.1200000000	0.1166945795
1566.1300000000	0.1166266468
1566.1400000000	0.1159950884
1566.1500000000	0.1151063413
1566.1600000000	0.1139782897
1566.1700000000	0.1128358854
1566.1800000000	0.1119610221
1566.1900000000	0.1111127231
1566.2000000000	0.1105479255
1566.2100000000	0.1103962303
1566.2200000000	0.1104038072
1566.2300000000	0.1105399727
1566.2400000000	0.1106580801
1566.2500000000	0.1108429900
1566.2600000000	0.1112261809
1566.2700000000	0.1119268453
1566.2800000000	0.1129156259
1566.2900000000	0.1140666340
1566.3000000000	0.1150618171
1566.3100000000	0.1158046186
1566.3200000000	0.1163388579
1566.3300000000	0.1163722451
1566.3400000000	0.1159680402
1566.3500000000	0.1152149875
1566.3600000000	0.1141883326
1566.3700000000	0.1132288327
1566.3800000000	0.1125283996
1566.3900000000	0.1121792955
1566.4000000000	0.1119702506
1566.4100000000	0.1118605848
1566.4200000000	0.1117253565
1566.4300000000	0.1116899565
1566.4400000000	0.1116530537
1566.4500000000	0.1115935930
1566.4600000000	0.1117413208
1566.4700000000	0.1119359220
1566.4800000000	0.1125401626
1566.4900000000	0.1133477889
1566.5000000000	0.1141266086
1566.5100000000	0.1148098545
1566.5200000000	0.1150963295
1566.5300000000	0.1148948823
1566.5400000000	0.1143376060
1566.5500000000	0.1134520317
1566.5600000000	0.1123696583
1566.5700000000	0.1114387420
1566.5800000000	0.1106912618
1566.5900000000	0.1101253123
1566.6000000000	0.1099630972
1566.6100000000	0.1098765425
1566.6200000000	0.1099789449
1566.6300000000	0.1100497862
1566.6400000000	0.1101900125
1566.6500000000	0.1102601185
1566.6600000000	0.1103315986
1566.6700000000	0.1105453861
1566.6800000000	0.1109369291
1566.6900000000	0.1116202184
1566.7000000000	0.1123082279
1566.7100000000	0.1131677990
1566.7200000000	0.1136638443
1566.7300000000	0.1138235722
1566.7400000000	0.1135775206
1566.7500000000	0.1130180902
1566.7600000000	0.1124962178
1566.7700000000	0.1119313949
1566.7800000000	0.1114771978
1566.7900000000	0.1112269092
1566.8000000000	0.1113098586
1566.8100000000	0.1116176800
1566.8200000000	0.1120421206
1566.8300000000	0.1125292571
1566.8400000000	0.1128698912
1566.8500000000	0.1134149155
1566.8600000000	0.1141409557
1566.8700000000	0.1148051731
1566.8800000000	0.1155754996
1566.8900000000	0.1160805831
1566.9000000000	0.1164471614
1566.9100000000	0.1164376971
1566.9200000000	0.1163030926
1566.9300000000	0.1157517283
1566.9400000000	0.1147224111
1566.9500000000	0.1138370275
1566.9600000000	0.1129427998
1566.9700000000	0.1120561420
1566.9800000000	0.1114779164
1566.9900000000	0.1108946336
1567.0000000000	0.1103252062
1567.0100000000	0.1098693505
1567.0200000000	0.1095958575
1567.0300000000	0.1093105819
1567.0400000000	0.1091302481
1567.0500000000	0.1092139942
1567.0600000000	0.1096384553
1567.0700000000	0.1102246992
1567.0800000000	0.1109815767
1567.0900000000	0.1115313648
1567.1000000000	0.1116223807
1567.1100000000	0.1114202730
1567.1200000000	0.1109311476
1567.1300000000	0.1102250834
1567.1400000000	0.1093986651
1567.1500000000	0.1085408802
1567.1600000000	0.1077586603
1567.1700000000	0.1069663803
1567.1800000000	0.1065203252
1567.1900000000	0.1062420674
1567.2000000000	0.1060529270
1567.2100000000	0.1062282619
1567.2200000000	0.1064199468
1567.2300000000	0.1070892201
1567.2400000000	0.1080804504
1567.2500000000	0.1094033942
1567.2600000000	0.1109146931
1567.2700000000	0.1124414740
1567.2800000000	0.1142124643
1567.2900000000	0.1159546906
1567.3000000000	0.1172754831
1567.3100000000	0.1178711011
1567.3200000000	0.1179426732
1567.3300000000	0.1176908054
1567.3400000000	0.1171541227
1567.3500000000	0.1163752927
1567.3600000000	0.1156026183
1567.3700000000	0.1148517654
1567.3800000000	0.1141726319
1567.3900000000	0.1137844696
1567.4000000000	0.1135720274
1567.4100000000	0.1135021776
1567.4200000000	0.1134746744
1567.4300000000	0.1137069529
1567.4400000000	0.1141630363
1567.4500000000	0.1148424629
1567.4600000000	0.1158483579
1567.4700000000	0.1169620358
1567.4800000000	0.1179560277
1567.4900000000	0.1188091695
1567.5000000000	0.1195371151
1567.5100000000	0.1197680566
1567.5200000000	0.1196702350
1567.5300000000	0.1192307386
1567.5400000000	0.1187354914
1567.5500000000	0.1180429735
1567.5600000000	0.1174330303
1567.5700000000	0.1168247783
1567.5800000000	0.1163453672
1567.5900000000	0.1160892415
1567.6000000000	0.1159548966
1567.6100000000	0.1157743153
1567.6200000000	0.1156340851
1567.6300000000	0.1155489471
1567.6400000000	0.1155350534
1567.6500000000	0.1156124126
1567.6600000000	0.1155670325
1567.6700000000	0.1153731316
1567.6800000000	0.1148161760
1567.6900000000	0.1140906885
1567.7000000000	0.1131839022
1567.7100000000	0.1120789026
1567.7200000000	0.1108152006
1567.7300000000	0.1094627455
1567.7400000000	0.1082464764
1567.7500000000	0.1069720456
1567.7600000000	0.1059709030
1567.7700000000	0.1051127765
1567.7800000000	0.1043339465
1567.7900000000	0.1035551165
1567.8000000000	0.1031579273
1567.8100000000	0.1032878021
1567.8200000000	0.1037287065
1567.8300000000	0.1046821956
1567.8400000000	0.1058904500
1567.8500000000	0.1072273360
1567.8600000000	0.1084975908
1567.8700000000	0.1095045815
1567.8800000000	0.1101242716
1567.8900000000	0.1102441853
1567.9000000000	0.1100636056
1567.9100000000	0.1094922445
1567.9200000000	0.1087648082
1567.9300000000	0.1081151598
1567.9400000000	0.1074854571
1567.9500000000	0.1069559181
1567.9600000000	0.1064447427
1567.9700000000	0.1061094475
1567.9800000000	0.1056848541
1567.9900000000	0.1054098102
1568.0000000000	0.1051502832
1568.0100000000	0.1051983700
1568.0200000000	0.1056909967
1568.0300000000	0.1067600370
1568.0400000000	0.1082442075
1568.0500000000	0.1097892719
1568.0600000000	0.1114575258
1568.0700000000	0.1131891946
1568.0800000000	0.1145174912
1568.0900000000	0.1154207588
1568.1000000000	0.1160054113
1568.1100000000	0.1161339102
1568.1200000000	0.1161389985
1568.1300000000	0.1160662423
1568.1400000000	0.1160741830
1568.1500000000	0.1162181128
1568.1600000000	0.1162581209
1568.1700000000	0.1162123980
1568.1800000000	0.1161296942
1568.1900000000	0.1160538523
1568.2000000000	0.1160538523
1568.2100000000	0.1160234950
1568.2200000000	0.1159547624
1568.2300000000	0.1160146930
1568.2400000000	0.1161948077
1568.2500000000	0.1163975223
1568.2600000000	0.1162343707
1568.2700000000	0.1157455886
1568.2800000000	0.1151859107
1568.2900000000	0.1142043983
1568.3000000000	0.1131934405
1568.3100000000	0.1121103159
1568.3200000000	0.1110631405
1568.3300000000	0.1100347023
1568.3400000000	0.1094273489
1568.3500000000	0.1090285033
1568.3600000000	0.1084545919
1568.3700000000	0.1079739561
1568.3800000000	0.1074580056
1568.3900000000	0.1069001539
1568.4000000000	0.1067000054
1568.4100000000	0.1069435709
1568.4200000000	0.1073358996
1568.4300000000	0.1078162795
1568.4400000000	0.1084942948
1568.4500000000	0.1092560357
1568.4600000000	0.1101026056
1568.4700000000	0.1109556728
1568.4800000000	0.1115026791
1568.4900000000	0.1116232541
1568.5000000000	0.1117863896
1568.5100000000	0.1118939923
1568.5200000000	0.1118013952
1568.5300000000	0.1118389491
1568.5400000000	0.1119777589
1568.5500000000	0.1119777589
1568.5600000000	0.1121151807
1568.5700000000	0.1122567259
1568.5800000000	0.1122294965
1568.5900000000	0.1122973931
1568.6000000000	0.1128600823
1568.6100000000	0.1132609758
1568.6200000000	0.1139892741
1568.6300000000	0.1149031269
1568.6400000000	0.1156270246
1568.6500000000	0.1162539244
1568.6600000000	0.1168123117
1568.6700000000	0.1172149305
1568.6800000000	0.1172695338
1568.6900000000	0.1172242171
1568.7000000000	0.1170277369
1568.7100000000	0.1169002967
1568.7200000000	0.1172716687
1568.7300000000	0.1176167057
1568.7400000000	0.1176751118
1568.7500000000	0.1180704436
1568.7600000000	0.1185834419
1568.7700000000	0.1188265691
1568.7800000000	0.1192205520
1568.7900000000	0.1197619341
1568.8000000000	0.1199778920
1568.8100000000	0.1206921147
1568.8200000000	0.1216939644
1568.8300000000	0.1222207316
1568.8400000000	0.1226424563
1568.8500000000	0.1229417314
1568.8600000000	0.1225060370
1568.8700000000	0.1218576246
1568.8800000000	0.1212361602
1568.8900000000	0.1202640206
1568.9000000000	0.1189529946
1568.9100000000	0.1179414245
1568.9200000000	0.1171756767
1568.9300000000	0.1166878675
1568.9400000000	0.1163369160
1568.9500000000	0.1159417440
1568.9600000000	0.1155056088
1568.9700000000	0.1155660249
1568.9800000000	0.1158138301
1568.9900000000	0.1161522690
1569.0000000000	0.1167381588
1569.0100000000	0.1174143244
1569.0200000000	0.1180469377
1569.0300000000	0.1187053972
1569.0400000000	0.1190930489
1569.0500000000	0.1190282835
1569.0600000000	0.1187341421
1569.0700000000	0.1182888875
1569.0800000000	0.1175600780
1569.0900000000	0.1170399778
1569.1000000000	0.1165383338
1569.1100000000	0.1160020084
1569.1200000000	0.1154711524
1569.1300000000	0.1151150134
1569.1400000000	0.1146547983
1569.1500000000	0.1141945831
1569.1600000000	0.1138405682
1569.1700000000	0.1135513760
1569.1800000000	0.1136160386
1569.1900000000	0.1140400354
1569.2000000000	0.1145283053
1569.2100000000	0.1151125465
1569.2200000000	0.1156804513
1569.2300000000	0.1162417478
1569.2400000000	0.1165525994
1569.2500000000	0.1164233205
1569.2600000000	0.1158196217
1569.2700000000	0.1153159987
1569.2800000000	0.1149826263
1569.2900000000	0.1147253545
1569.3000000000	0.1146474824
1569.3100000000	0.1147777706
1569.3200000000	0.1148527541
1569.3300000000	0.1150697389
1569.3400000000	0.1153673598
1569.3500000000	0.1154707716
1569.3600000000	0.1154269268
1569.3700000000	0.1155661524
1569.3800000000	0.1157154145
1569.3900000000	0.1159508817
1569.4000000000	0.1164514531
1569.4100000000	0.1169402999
1569.4200000000	0.1172645272
1569.4300000000	0.1171980111
1569.4400000000	0.1171629859
1569.4500000000	0.1165528997
1569.4600000000	0.1156202684
1569.4700000000	0.1145878865
1569.4800000000	0.1137931648
1569.4900000000	0.1135509956
1569.5000000000	0.1136511069
1569.5100000000	0.1140501160
1569.5200000000	0.1146476058
1569.5300000000	0.1154933236
1569.5400000000	0.1164720796
1569.5500000000	0.1176166101
1569.5600000000	0.1186611483
1569.5700000000	0.1195915516
1569.5800000000	0.1206256502
1569.5900000000	0.1216587311
1569.6000000000	0.1226634053
1569.6100000000	0.1236738693
1569.6200000000	0.1246907853
1569.6300000000	0.1252924412
1569.6400000000	0.1254174995
1569.6500000000	0.1253328619
1569.6600000000	0.1248996814
1569.6700000000	0.1244595669
1569.6800000000	0.1238077224
1569.6900000000	0.1231412386
1569.7000000000	0.1226785665
1569.7100000000	0.1222602304
1569.7200000000	0.1219959177
1569.7300000000	0.1215174005
1569.7400000000	0.1211178719
1569.7500000000	0.1210175975
1569.7600000000	0.1213754128
1569.7700000000	0.1217215812
1569.7800000000	0.1223297739
1569.7900000000	0.1232247109
1569.8000000000	0.1241056198
1569.8100000000	0.1248886216
1569.8200000000	0.1253286633
1569.8300000000	0.1253599432
1569.8400000000	0.1248591787
1569.8500000000	0.1242289647
1569.8600000000	0.1235072688
1569.8700000000	0.1227110633
1569.8800000000	0.1220273493
1569.8900000000	0.1215667445
1569.9000000000	0.1212046591
1569.9100000000	0.1209672430
1569.9200000000	0.1207489950
1569.9300000000	0.1203925024
1569.9400000000	0.1199404345
1569.9500000000	0.1197745574
1569.9600000000	0.1198356762
1569.9700000000	0.1202469599
1569.9800000000	0.1209317213
1569.9900000000	0.1220152203
1570.0000000000	0.1230946430
1570.0100000000	0.1241260627
1570.0200000000	0.1250226332
1570.0300000000	0.1255147433
1570.0400000000	0.1253952575
1570.0500000000	0.1249186261
1570.0600000000	0.1244279916
1570.0700000000	0.1238813720
1570.0800000000	0.1233482680
1570.0900000000	0.1228342012
1570.1000000000	0.1222953216
1570.1100000000	0.1218523943
1570.1200000000	0.1215201429
1570.1300000000	0.1213813666
1570.1400000000	0.1213813666
1570.1500000000	0.1214631932
1570.1600000000	0.1217760551
1570.1700000000	0.1222766393
1570.1800000000	0.1228799630
1570.1900000000	0.1236020121
1570.2000000000	0.1240689093
1570.2100000000	0.1240690261
1570.2200000000	0.1238244099
1570.2300000000	0.1233217130
1570.2400000000	0.1224958008
1570.2500000000	0.1215771227
1570.2600000000	0.1207027385
1570.2700000000	0.1200941899
1570.2800000000	0.1197906323
1570.2900000000	0.1196544782
1570.3000000000	0.1195559813
1570.3100000000	0.1193863082
1570.3200000000	0.1192849533
1570.3300000000	0.1193412032
1570.3400000000	0.1196363749
1570.3500000000	0.1199886891
1570.3600000000	0.1206931688
1570.3700000000	0.1216917241
1570.3800000000	0.1227931620
1570.3900000000	0.1238320308
1570.4000000000	0.1246547214
1570.4100000000	0.1250825386
1570.4200000000	0.1250607456
1570.4300000000	0.1246854936
1570.4400000000	0.1241102157
1570.4500000000	0.1233231298
1570.4600000000	0.1226556837
1570.4700000000	0.1220568276
1570.4800000000	0.1215783850
1570.4900000000	0.1213481406
1570.5000000000	0.1213784774
1570.5100000000	0.1213358615
1570.5200000000	0.1212272924
1570.5300000000	0.1211261956
1570.5400000000	0.1211489653
1570.5500000000	0.1214476091
1570.5600000000	0.1218182551
1570.5700000000	0.1224346600
1570.5800000000	0.1232317025
1570.5900000000	0.1240705327
1570.6000000000	0.1246526063
1570.6100000000	0.1248659105
1570.6200000000	0.1246440341
1570.6300000000	0.1241419583
1570.6400000000	0.1235066622
1570.6500000000	0.1226678502
1570.6600000000	0.1218193704
1570.6700000000	0.1208227414
1570.6800000000	0.1196845641
1570.6900000000	0.1185607988
1570.7000000000	0.1175204920
1570.7100000000	0.1166326846
1570.7200000000	0.1158798889
1570.7300000000	0.1151999322
1570.7400000000	0.1151093520
1570.7500000000	0.1155364598
1570.7600000000	0.1164461135
1570.7700000000	0.1178419590
1570.7800000000	0.1194618106
1570.7900000000	0.1209969109
1570.8000000000	0.1224453528
1570.8100000000	0.1238044377
1570.8200000000	0.1245507853
1570.8300000000	0.1249479501
1570.8400000000	0.1251051223
1570.8500000000	0.1252716863
1570.8600000000	0.1253074360
1570.8700000000	0.1250656252
1570.8800000000	0.1245099525
1570.8900000000	0.1236530896
1570.9000000000	0.1226006631
1570.9100000000	0.1215514869
1570.9200000000	0.1206991386
1570.9300000000	0.1201133016
1570.9400000000	0.1199362927
1570.9500000000	0.1202849945
1570.9600000000	0.1212164830
1570.9700000000	0.1224897812
1570.9800000000	0.1236850200
1570.9900000000	0.1249875308
1571.0000000000	0.1260462071
1571.0100000000	0.1268365425
1571.0200000000	0.1275266224
1571.0300000000	0.1278713060
1571.0400000000	0.1279785778
1571.0500000000	0.1280736138
1571.0600000000	0.1280919206
1571.0700000000	0.1279638811
1571.0800000000	0.1274590181
1571.0900000000	0.1264129653
1571.1000000000	0.1249218950
1571.1100000000	0.1232748690
1571.1200000000	0.1216464019
1571.1300000000	0.1200540953
1571.1400000000	0.1186238860
1571.1500000000	0.1177477077
1571.1600000000	0.1173074270
1571.1700000000	0.1171319203
1571.1800000000	0.1170441604
1571.1900000000	0.1168245734
1571.2000000000	0.1163710448
1571.2100000000	0.1158552895
1571.2200000000	0.1154309401
1571.2300000000	0.1150332650
1571.2400000000	0.1146916832
1571.2500000000	0.1145407932
1571.2600000000	0.1145762035
1571.2700000000	0.1147652909
1571.2800000000	0.1149111094
1571.2900000000	0.1150599326
1571.3000000000	0.1150505427
1571.3100000000	0.1149653108
1571.3200000000	0.1151681952
1571.3300000000	0.1151875838
1571.3400000000	0.1152293798
1571.3500000000	0.1155808958
1571.3600000000	0.1161071213
1571.3700000000	0.1168136471
1571.3800000000	0.1176378436
1571.3900000000	0.1182222266
1571.4000000000	0.1187254299
1571.4100000000	0.1191379991
1571.4200000000	0.1194362945
1571.4300000000	0.1197433624
1571.4400000000	0.1200746814
1571.4500000000	0.1203917808
1571.4600000000	0.1206572345
1571.4700000000	0.1210184013
1571.4800000000	0.1212372884
1571.4900000000	0.1213394833
1571.5000000000	0.1214614755
1571.5100000000	0.1216439181
1571.5200000000	0.1220449035
1571.5300000000	0.1227094264
1571.5400000000	0.1235777669
1571.5500000000	0.1244835612
1571.5600000000	0.1253685873
1571.5700000000	0.1264152679
1571.5800000000	0.1271520456
1571.5900000000	0.1272502896
1571.6000000000	0.1272273417
1571.6100000000	0.1268697866
1571.6200000000	0.1265229599
1571.6300000000	0.1262637430
1571.6400000000	0.1261111156
1571.6500000000	0.1257275701
1571.6600000000	0.1254135404
1571.6700000000	0.1248881252
1571.6800000000	0.1241970937
1571.6900000000	0.1235426135
1571.7000000000	0.1229191999
1571.7100000000	0.1222975569
1571.7200000000	0.1218695412
1571.7300000000	0.1218985321
1571.7400000000	0.1222529086
1571.7500000000	0.1229046904
1571.7600000000	0.1236414559
1571.7700000000	0.1242242534
1571.7800000000	0.1245130425
1571.7900000000	0.1244583800
1571.8000000000	0.1240390576
1571.8100000000	0.1235016834
1571.8200000000	0.1232052288
1571.8300000000	0.1230052784
1571.8400000000	0.1228473266
1571.8500000000	0.1227996545
1571.8600000000	0.1225815136
1571.8700000000	0.1222961939
1571.8800000000	0.1220890376
1571.8900000000	0.1217084726
1571.9000000000	0.1211906735
1571.9100000000	0.1207073304
1571.9200000000	0.1204422463
1571.9300000000	0.1202810353
1571.9400000000	0.1202425901
1571.9500000000	0.1203444699
1571.9600000000	0.1203245656
1571.9700000000	0.1201888346
1571.9800000000	0.1198628339
1571.9900000000	0.1194050275
1572.0000000000	0.1190020634
1572.0100000000	0.1185567162
1572.0200000000	0.1180203908
1572.0300000000	0.1176449587
1572.0400000000	0.1173620666
1572.0500000000	0.1169389563
1572.0600000000	0.1163970999
1572.0700000000	0.1158167236
1572.0800000000	0.1151950507
1572.0900000000	0.1147125108
1572.1000000000	0.1145363240
1572.1100000000	0.1144674393
1572.1200000000	0.1144714261
1572.1300000000	0.1149118723
1572.1400000000	0.1156464632
1572.1500000000	0.1163406289
1572.1600000000	0.1167346562
1572.1700000000	0.1170112144
1572.1800000000	0.1168521418
1572.1900000000	0.1163807572
1572.2000000000	0.1160508685
1572.2100000000	0.1154724406
1572.2200000000	0.1148681663
1572.2300000000	0.1143496541
1572.2400000000	0.1138415035
1572.2500000000	0.1134076169
1572.2600000000	0.1129212057
1572.2700000000	0.1124305465
1572.2800000000	0.1121279405
1572.2900000000	0.1120286317
1572.3000000000	0.1120135130
1572.3100000000	0.1122158827
1572.3200000000	0.1128111092
1572.3300000000	0.1135111880
1572.3400000000	0.1142865234
1572.3500000000	0.1151512016
1572.3600000000	0.1157513098
1572.3700000000	0.1159399947
1572.3800000000	0.1159146544
1572.3900000000	0.1156268965
1572.4000000000	0.1151242128
1572.4100000000	0.1145008500
1572.4200000000	0.1136729219
1572.4300000000	0.1128001362
1572.4400000000	0.1120091887
1572.4500000000	0.1114873041
1572.4600000000	0.1107854362
1572.4700000000	0.1101683378
1572.4800000000	0.1096595788
1572.4900000000	0.1091203981
1572.5000000000	0.1089750837
1572.5100000000	0.1092852112
1572.5200000000	0.1097100768
1572.5300000000	0.1102353188
1572.5400000000	0.1107763877
1572.5500000000	0.1111890252
1572.5600000000	0.1116295085
1572.5700000000	0.1119613207
1572.5800000000	0.1119239569
1572.5900000000	0.1117725307
1572.6000000000	0.1118281473
1572.6100000000	0.1119062508
1572.6200000000	0.1118731952
1572.6300000000	0.1118347427
1572.6400000000	0.1117329760
1572.6500000000	0.1115139932
1572.6600000000	0.1114197007
1572.6700000000	0.1113089332
1572.6800000000	0.1111649591
1572.6900000000	0.1112655236
1572.7000000000	0.1116817084
1572.7100000000	0.1124962149
1572.7200000000	0.1134991857
1572.7300000000	0.1147368760
1572.7400000000	0.1156724660
1572.7500000000	0.1163130746
1572.7600000000	0.1167438892
1572.7700000000	0.1169600232
1572.7800000000	0.1169672685
1572.7900000000	0.1169488385
1572.8000000000	0.1170028232
1572.8100000000	0.1169608308
1572.8200000000	0.1167768205
1572.8300000000	0.1164514094
1572.8400000000	0.1158893827
1572.8500000000	0.1151363732
1572.8600000000	0.1143687122
1572.8700000000	0.1136178548
1572.8800000000	0.1131545623
1572.8900000000	0.1129482629
1572.9000000000	0.1129724990
1572.9100000000	0.1134602574
1572.9200000000	0.1142320775
1572.9300000000	0.1149508590
1572.9400000000	0.1154864678
1572.9500000000	0.1157551696
1572.9600000000	0.1157445749
1572.9700000000	0.1155421972
1572.9800000000	0.1152927318
1572.9900000000	0.1149754762
1573.0000000000	0.1146240150
1573.0100000000	0.1144599251
1573.0200000000	0.1142562018
1573.0300000000	0.1141070998
1573.0400000000	0.1138415040
1573.0500000000	0.1134284019
1573.0600000000	0.1129512626
1573.0700000000	0.1125640725
1573.0800000000	0.1122833081
1573.0900000000	0.1121007674
1573.1000000000	0.1121625618
1573.1100000000	0.1124983617
1573.1200000000	0.1130104583
1573.1300000000	0.1134808566
1573.1400000000	0.1137366417
1573.1500000000	0.1138012740
1573.1600000000	0.1137845888
1573.1700000000	0.1137067095
1573.1800000000	0.1135730495
1573.1900000000	0.1134086499
1573.2000000000	0.1131714380
1573.2100000000	0.1129718333
1573.2200000000	0.1129229695
1573.2300000000	0.1128167693
1573.2400000000	0.1127103886
1573.2500000000	0.1126093250
1573.2600000000	0.1125441889
1573.2700000000	0.1125353389
1573.2800000000	0.1127337330
1573.2900000000	0.1132837690
1573.3000000000	0.1138655585
1573.3100000000	0.1144608409
1573.3200000000	0.1148639775
1573.3300000000	0.1149616940
1573.3400000000	0.1144981442
1573.3500000000	0.1136459823
1573.3600000000	0.1125921055
1573.3700000000	0.1113578888
1573.3800000000	0.1103614884
1573.3900000000	0.1095117526
1573.4000000000	0.1086561067
1573.4100000000	0.1079110462
1573.4200000000	0.1072459372
1573.4300000000	0.1066597123
1573.4400000000	0.1061630758
1573.4500000000	0.1057047911
1573.4600000000	0.1053231754
1573.4700000000	0.1052372281
1573.4800000000	0.1054534976
1573.4900000000	0.1063046131
1573.5000000000	0.1074964473
1573.5100000000	0.1087262142
1573.5200000000	0.1099991980
1573.5300000000	0.1109567983
1573.5400000000	0.1119409458
1573.5500000000	0.1124181529
1573.5600000000	0.1125885230
1573.5700000000	0.1123349265
1573.5800000000	0.1118382028
1573.5900000000	0.1112707407
1573.6000000000	0.1102529504
1573.6100000000	0.1090125581
1573.6200000000	0.1076828951
1573.6300000000	0.1063730581
1573.6400000000	0.1050369306
1573.6500000000	0.1038663989
1573.6600000000	0.1030747307
1573.6700000000	0.1027009302
1573.6800000000	0.1028768429
1573.6900000000	0.1034322839
1573.7000000000	0.1042188927
1573.7100000000	0.1051219658
1573.7200000000	0.1060014943
1573.7300000000	0.1067166487
1573.7400000000	0.1071450271
1573.7500000000	0.1072349231
1573.7600000000	0.1070817360
1573.7700000000	0.1067835084
1573.7800000000	0.1062819618
1573.7900000000	0.1058094519
1573.8000000000	0.1052761709
1573.8100000000	0.1048152866
1573.8200000000	0.1043594326
1573.8300000000	0.1036682661
1573.8400000000	0.1028185451
1573.8500000000	0.1020592110
1573.8600000000	0.1014484428
1573.8700000000	0.1011548270
1573.8800000000	0.1014185621
1573.8900000000	0.1020718155
1573.9000000000	0.1029331102
1573.9100000000	0.1041771250
1573.9200000000	0.1053684282
1573.9300000000	0.1063361155
1573.9400000000	0.1070693612
1573.9500000000	0.1075178568
1573.9600000000	0.1077018635
1573.9700000000	0.1075458221
1573.9800000000	0.1070573783
1573.9900000000	0.1064741687
1574.0000000000	0.1058813412
1574.0100000000	0.1053595836
1574.0200000000	0.1049126871
1574.0300000000	0.1043008164
1574.0400000000	0.1037645935
1574.0500000000	0.1034593641
1574.0600000000	0.1033629375
1574.0700000000	0.1039017911
1574.0800000000	0.1044294900
1574.0900000000	0.1051907880
1574.1000000000	0.1060602910
1574.1100000000	0.1069153462
1574.1200000000	0.1073613002
1574.1300000000	0.1073023943
1574.1400000000	0.1070324012
1574.1500000000	0.1064699152
1574.1600000000	0.1058576762
1574.1700000000	0.1052422088
1574.1800000000	0.1045546352
1574.1900000000	0.1037744612
1574.2000000000	0.1030107314
1574.2100000000	0.1022841486
1574.2200000000	0.1013227262
1574.2300000000	0.1002551229
1574.2400000000	0.0995469989
1574.2500000000	0.0992114656
1574.2600000000	0.0991964882
1574.2700000000	0.0994809943
1574.2800000000	0.0999272503
1574.2900000000	0.1005430578
1574.3000000000	0.1011449797
1574.3100000000	0.1016431439
1574.3200000000	0.1020248581
1574.3300000000	0.1021375926
1574.3400000000	0.1017285517
1574.3500000000	0.1011843588
1574.3600000000	0.1005718643
1574.3700000000	0.0999087726
1574.3800000000	0.0991350910
1574.3900000000	0.0982662084
1574.4000000000	0.0974033010
1574.4100000000	0.0963974577
1574.4200000000	0.0954950099
1574.4300000000	0.0946018848
1574.4400000000	0.0939141801
1574.4500000000	0.0936227465
1574.4600000000	0.0938217868
1574.4700000000	0.0943680015
1574.4800000000	0.0951997442
1574.4900000000	0.0963372342
1574.5000000000	0.0972459256
1574.5100000000	0.0980328871
1574.5200000000	0.0985906124
1574.5300000000	0.0987736520
1574.5400000000	0.0988232760
1574.5500000000	0.0986060073
1574.5600000000	0.0980960840
1574.5700000000	0.0975471972
1574.5800000000	0.0971308781
1574.5900000000	0.0969131538
1574.6000000000	0.0965216289
1574.6100000000	0.0960280805
1574.6200000000	0.0957427560
1574.6300000000	0.0956289926
1574.6400000000	0.0953516137
1574.6500000000	0.0953594349
1574.6600000000	0.0954916521
1574.6700000000	0.0958454834
1574.6800000000	0.0965243817
1574.6900000000	0.0971943267
1574.7000000000	0.0976235905
1574.7100000000	0.0978004589
1574.7200000000	0.0978448868
1574.7300000000	0.0975784427
1574.7400000000	0.0969405693
1574.7500000000	0.0960352476
1574.7600000000	0.0951013225
1574.7700000000	0.0941716878
1574.7800000000	0.0931687573
1574.7900000000	0.0920783919
1574.8000000000	0.0909752573
1574.8100000000	0.0900190425
1574.8200000000	0.0892652199
1574.8300000000	0.0887328579
1574.8400000000	0.0884263456
1574.8500000000	0.0883769036
1574.8600000000	0.0886186759
1574.8700000000	0.0892290729
1574.8800000000	0.0900752807
1574.8900000000	0.0909314336
1574.9000000000	0.0916121911
1574.9100000000	0.0920653262
1574.9200000000	0.0924586996
1574.9300000000	0.0928338580
1574.9400000000	0.0926640132
1574.9500000000	0.0923392445
1574.9600000000	0.0918933173
1574.9700000000	0.0914601990
1574.9800000000	0.0910252378
1574.9900000000	0.0905239290
1575.0000000000	0.0900002584
1575.0100000000	0.0894626350
1575.0200000000	0.0891899281
1575.0300000000	0.0892827978
1575.0400000000	0.0896608282
1575.0500000000	0.0902244683
1575.0600000000	0.0910988898
1575.0700000000	0.0919817750
1575.0800000000	0.0927248267
1575.0900000000	0.0932706695
1575.1000000000	0.0934417492
1575.1100000000	0.0933473024
1575.1200000000	0.0930827191
1575.1300000000	0.0925681263
1575.1400000000	0.0921260615
1575.1500000000	0.0915810683
1575.1600000000	0.0909966373
1575.1700000000	0.0903494729
1575.1800000000	0.0896707908
1575.1900000000	0.0889911329
1575.2000000000	0.0882323225
1575.2100000000	0.0874059766
1575.2200000000	0.0867613432
1575.2300000000	0.0865558395
1575.2400000000	0.0866392699
1575.2500000000	0.0870659992
1575.2600000000	0.0878915536
1575.2700000000	0.0891036818
1575.2800000000	0.0904939699
1575.2900000000	0.0916395737
1575.3000000000	0.0923553281
1575.3100000000	0.0925475417
1575.3200000000	0.0923138415
1575.3300000000	0.0917172053
1575.3400000000	0.0909249847
1575.3500000000	0.0900219944
1575.3600000000	0.0891068362
1575.3700000000	0.0882093555
1575.3800000000	0.0872048313
1575.3900000000	0.0861591664
1575.4000000000	0.0852447087
1575.4100000000	0.0843015026
1575.4200000000	0.0833307335
1575.4300000000	0.0825802955
1575.4400000000	0.0821840602
1575.4500000000	0.0820928236
1575.4600000000	0.0821749529
1575.4700000000	0.0823972786
1575.4800000000	0.0827563083
1575.4900000000	0.0832169199
1575.5000000000	0.0838917092
1575.5100000000	0.0841421758
1575.5200000000	0.0838959558
1575.5300000000	0.0837127630
1575.5400000000	0.0834538125
1575.5500000000	0.0830088584
1575.5600000000	0.0825979680
1575.5700000000	0.0822677851
1575.5800000000	0.0819213996
1575.5900000000	0.0817507867
1575.6000000000	0.0817002932
1575.6100000000	0.0816157332
1575.6200000000	0.0816279438
1575.6300000000	0.0818618510
1575.6400000000	0.0821173459
1575.6500000000	0.0823738501
1575.6600000000	0.0827566026
1575.6700000000	0.0830875942
1575.6800000000	0.0831118931
1575.6900000000	0.0832506327
1575.7000000000	0.0830637566
1575.7100000000	0.0825012097
1575.7200000000	0.0817869508
1575.7300000000	0.0810633577
1575.7400000000	0.0802215711
1575.7500000000	0.0794497670
1575.7600000000	0.0786616199
1575.7700000000	0.0777536790
1575.7800000000	0.0769453126
1575.7900000000	0.0765421162
1575.8000000000	0.0764109657
1575.8100000000	0.0765603325
1575.8200000000	0.0770545317
1575.8300000000	0.0778036152
1575.8400000000	0.0788583694
1575.8500000000	0.0801983578
1575.8600000000	0.0815377201
1575.8700000000	0.0828964188
1575.8800000000	0.0841573943
1575.8900000000	0.0848230993
1575.9000000000	0.0850385048
1575.9100000000	0.0849905977
1575.9200000000	0.0845463314
1575.9300000000	0.0838919134
1575.9400000000	0.0832223696
1575.9500000000	0.0824953781
1575.9600000000	0.0817341531
1575.9700000000	0.0810015196
1575.9800000000	0.0803037455
1575.9900000000	0.0794893316
1576.0000000000	0.0788753466
1576.0100000000	0.0786182063
1576.0200000000	0.0786339381
1576.0300000000	0.0788044865
1576.0400000000	0.0792072429
1576.0500000000	0.0796900820
1576.0600000000	0.0801687457
1576.0700000000	0.0804640096
1576.0800000000	0.0803805286
1576.0900000000	0.0799642794
1576.1000000000	0.0793276419
1576.1100000000	0.0783826399
1576.1200000000	0.0773238656
1576.1300000000	0.0761861255
1576.1400000000	0.0749726199
1576.1500000000	0.0738530097
1576.1600000000	0.0727678079
1576.1700000000	0.0717675155
1576.1800000000	0.0709301619
1576.1900000000	0.0704034464
1576.2000000000	0.0700784993
1576.2100000000	0.0700175495
1576.2200000000	0.0703526299
1576.2300000000	0.0709152182
1576.2400000000	0.0717275231
1576.2500000000	0.0728728103
1576.2600000000	0.0739924256
1576.2700000000	0.0751066091
1576.2800000000	0.0760282980
1576.2900000000	0.0765228050
1576.3000000000	0.0767946913
1576.3100000000	0.0767904427
1576.3200000000	0.0766719330
1576.3300000000	0.0761457632
1576.3400000000	0.0754793529
1576.3500000000	0.0749388794
1576.3600000000	0.0743786622
1576.3700000000	0.0738719715
1576.3800000000	0.0734223764
1576.3900000000	0.0731745652
1576.4000000000	0.0731986372
1576.4100000000	0.0734286409
1576.4200000000	0.0737869184
1576.4300000000	0.0744008953
1576.4400000000	0.0751864232
1576.4500000000	0.0761510964
1576.4600000000	0.0770776058
1576.4700000000	0.0778430459
1576.4800000000	0.0784229219
1576.4900000000	0.0787377270
1576.5000000000	0.0788182915
1576.5100000000	0.0786069689
1576.5200000000	0.0782323888
1576.5300000000	0.0777738863
1576.5400000000	0.0771938380
1576.5500000000	0.0766874145
1576.5600000000	0.0761788979
1576.5700000000	0.0757805467
1576.5800000000	0.0753529279
1576.5900000000	0.0750748269
1576.6000000000	0.0750002955
1576.6100000000	0.0749100483
1576.6200000000	0.0750315352
1576.6300000000	0.0751849398
1576.6400000000	0.0753361699
1576.6500000000	0.0754359935
1576.6600000000	0.0753444585
1576.6700000000	0.0749686936
1576.6800000000	0.0742785966
1576.6900000000	0.0732467009
1576.7000000000	0.0720854747
1576.7100000000	0.0709122454
1576.7200000000	0.0696555707
1576.7300000000	0.0685250333
1576.7400000000	0.0675800769
1576.7500000000	0.0667887451
1576.7600000000	0.0661348785
1576.7700000000	0.0656723993
1576.7800000000	0.0653530296
1576.7900000000	0.0653667818
1576.8000000000	0.0657105847
1576.8100000000	0.0664116732
1576.8200000000	0.0674521180
1576.8300000000	0.0686425046
1576.8400000000	0.0698721307
1576.8500000000	0.0712631117
1576.8600000000	0.0723047037
1576.8700000000	0.0730479832
1576.8800000000	0.0732819213
1576.8900000000	0.0730603451
1576.9000000000	0.0727720392
1576.9100000000	0.0722656963
1576.9200000000	0.0716795092
1576.9300000000	0.0711280266
1576.9400000000	0.0705480522
1576.9500000000	0.0699495156
1576.9600000000	0.0695084191
1576.9700000000	0.0692085204
1576.9800000000	0.0691727025
1576.9900000000	0.0691752572
1577.0000000000	0.0694165064
1577.0100000000	0.0699617049
1577.0200000000	0.0706274268
1577.0300000000	0.0714467331
1577.0400000000	0.0722950355
1577.0500000000	0.0728451119
1577.0600000000	0.0733666973
1577.0700000000	0.0734632127
1577.0800000000	0.0734056528
1577.0900000000	0.0730198670
1577.1000000000	0.0724603629
1577.1100000000	0.0717473733
1577.1200000000	0.0710572425
1577.1300000000	0.0704652909
1577.1400000000	0.0698412311
1577.1500000000	0.0694291230
1577.1600000000	0.0690324266
1577.1700000000	0.0689376803
1577.1800000000	0.0690517890
1577.1900000000	0.0692276586
1577.2000000000	0.0696657673
1577.2100000000	0.0702348514
1577.2200000000	0.0710136814
1577.2300000000	0.0717627714
1577.2400000000	0.0723493647
1577.2500000000	0.0726857042
1577.2600000000	0.0728598084
1577.2700000000	0.0726288513
1577.2800000000	0.0720739614
1577.2900000000	0.0712138127
1577.3000000000	0.0701600812
1577.3100000000	0.0691275710
1577.3200000000	0.0681866385
1577.3300000000	0.0672977056
1577.3400000000	0.0665687112
1577.3500000000	0.0659377430
1577.3600000000	0.0654828703
1577.3700000000	0.0652585124
1577.3800000000	0.0654834194
1577.3900000000	0.0657338249
1577.4000000000	0.0662609945
1577.4100000000	0.0669414338
1577.4200000000	0.0678821688
1577.4300000000	0.0690890806
1577.4400000000	0.0699574231
1577.4500000000	0.0706291621
1577.4600000000	0.0709124070
1577.4700000000	0.0706993551
1577.4800000000	0.0702361674
1577.4900000000	0.0694613344
1577.5000000000	0.0686290623
1577.5100000000	0.0677086320
1577.5200000000	0.0668082736
1577.5300000000	0.0660323836
1577.5400000000	0.0653448979
1577.5500000000	0.0648581790
1577.5600000000	0.0646542489
1577.5700000000	0.0645494001
1577.5800000000	0.0647337287
1577.5900000000	0.0651385053
1577.6000000000	0.0657456634
1577.6100000000	0.0665900233
1577.6200000000	0.0677592539
1577.6300000000	0.0688998741
1577.6400000000	0.0699704006
1577.6500000000	0.0707552486
1577.6600000000	0.0713205687
1577.6700000000	0.0716751986
1577.6800000000	0.0716863493
1577.6900000000	0.0712055756
1577.7000000000	0.0705487031
1577.7100000000	0.0699475718
1577.7200000000	0.0693136669
1577.7300000000	0.0689039698
1577.7400000000	0.0684942728
1577.7500000000	0.0681262909
1577.7600000000	0.0680543723
1577.7700000000	0.0681773362
1577.7800000000	0.0683745262
1577.7900000000	0.0686959613
1577.8000000000	0.0692106561
1577.8100000000	0.0698306580
1577.8200000000	0.0704978433
1577.8300000000	0.0710570512
1577.8400000000	0.0713536519
1577.8500000000	0.0715123628
1577.8600000000	0.0715582474
1577.8700000000	0.0713465339
1577.8800000000	0.0706782202
1577.8900000000	0.0698203516
1577.9000000000	0.0688715601
1577.9100000000	0.0680445860
1577.9200000000	0.0672303559
1577.9300000000	0.0664088792
1577.9400000000	0.0657456253
1577.9500000000	0.0652293222
1577.9600000000	0.0648242142
1577.9700000000	0.0645861271
1577.9800000000	0.0645664259
1577.9900000000	0.0646736880
1578.0000000000	0.0649497698
1578.0100000000	0.0654683340
1578.0200000000	0.0660229015
1578.0300000000	0.0666212495
1578.0400000000	0.0670432816
1578.0500000000	0.0673304100
1578.0600000000	0.0673624780
1578.0700000000	0.0672007419
1578.0800000000	0.0670926466
1578.0900000000	0.0667754598
1578.1000000000	0.0663063946
1578.1100000000	0.0659877797
1578.1200000000	0.0656564311
1578.1300000000	0.0652612834
1578.1400000000	0.0650642731
1578.1500000000	0.0649961701
1578.1600000000	0.0649954891
1578.1700000000	0.0651247537
1578.1800000000	0.0653933987
1578.1900000000	0.0658971559
1578.2000000000	0.0664281711
1578.2100000000	0.0668975902
1578.2200000000	0.0673578054
1578.2300000000	0.0676091833
1578.2400000000	0.0675210018
1578.2500000000	0.0670999309
1578.2600000000	0.0662157229
1578.2700000000	0.0651701203
1578.2800000000	0.0639608115
1578.2900000000	0.0628407810
1578.3000000000	0.0617284032
1578.3100000000	0.0611014151
1578.3200000000	0.0603935423
1578.3300000000	0.0601567327
1578.3400000000	0.0600495873
1578.3500000000	0.0599540072
1578.3600000000	0.0599861873
1578.3700000000	0.0603253697
1578.3800000000	0.0608273569
1578.3900000000	0.0613852762
1578.4000000000	0.0618421555
1578.4100000000	0.0622505118
1578.4200000000	0.0625229237
1578.4300000000	0.0628258861
1578.4400000000	0.0629122366
1578.4500000000	0.0626231399
1578.4600000000	0.0621144794
1578.4700000000	0.0614871870
1578.4800000000	0.0607167793
1578.4900000000	0.0598681872
1578.5000000000	0.0589105993
1578.5100000000	0.0581218264
1578.5200000000	0.0575519137
1578.5300000000	0.0571979403
1578.5400000000	0.0570281731
1578.5500000000	0.0569167125
1578.5600000000	0.0571274883
1578.5700000000	0.0576219770
1578.5800000000	0.0582224347
1578.5900000000	0.0589925933
1578.6000000000	0.0598250679
1578.6100000000	0.0608307280
1578.6200000000	0.0616217520
1578.6300000000	0.0623996595
1578.6400000000	0.0629177892
1578.6500000000	0.0631150452
1578.6600000000	0.0632077281
1578.6700000000	0.0632021196
1578.6800000000	0.0631321338
1578.6900000000	0.0630620633
1578.7000000000	0.0627972050
1578.7100000000	0.0626854370
1578.7200000000	0.0627863503
1578.7300000000	0.0629773749
1578.7400000000	0.0632434785
1578.7500000000	0.0637708654
1578.7600000000	0.0644055253
1578.7700000000	0.0651295632
1578.7800000000	0.0660075983
1578.7900000000	0.0671638036
1578.8000000000	0.0682219439
1578.8100000000	0.0691364482
1578.8200000000	0.0700208184
1578.8300000000	0.0706528763
1578.8400000000	0.0709194261
1578.8500000000	0.0707893105
1578.8600000000	0.0706108382
1578.8700000000	0.0700426774
1578.8800000000	0.0697183878
1578.8900000000	0.0692145986
1578.9000000000	0.0687089193
1578.9100000000	0.0684593563
1578.9200000000	0.0683521817
1578.9300000000	0.0682996863
1578.9400000000	0.0685478621
1578.9500000000	0.0688626520
1578.9600000000	0.0691430760
1578.9700000000	0.0696290675
1578.9800000000	0.0702105825
1578.9900000000	0.0708909559
1579.0000000000	0.0713605790
1579.0100000000	0.0719072092
1579.0200000000	0.0720634535
1579.0300000000	0.0717991809
1579.0400000000	0.0713494287
1579.0500000000	0.0705028607
1579.0600000000	0.0695135060
1579.0700000000	0.0685522382
1579.0800000000	0.0674947741
1579.0900000000	0.0664253163
1579.1000000000	0.0655310544
1579.1100000000	0.0648409244
1579.1200000000	0.0642931482
1579.1300000000	0.0640541709
1579.1400000000	0.0639408778
1579.1500000000	0.0637957376
1579.1600000000	0.0639900425
1579.1700000000	0.0643836695
1579.1800000000	0.0648108695
1579.1900000000	0.0655357888
1579.2000000000	0.0661991218
1579.2100000000	0.0666884551
1579.2200000000	0.0671288733
1579.2300000000	0.0676056079
1579.2400000000	0.0674353505
1579.2500000000	0.0671033354
1579.2600000000	0.0666402214
1579.2700000000	0.0659842461
1579.2800000000	0.0653571191
1579.2900000000	0.0648103984
1579.3000000000	0.0641180485
1579.3100000000	0.0634730270
1579.3200000000	0.0630503995
1579.3300000000	0.0627722291
1579.3400000000	0.0625748560
1579.3500000000	0.0625807747
1579.3600000000	0.0626520955
1579.3700000000	0.0628059412
1579.3800000000	0.0632300237
1579.3900000000	0.0638893748
1579.4000000000	0.0643009178
1579.4100000000	0.0646346164
1579.4200000000	0.0649533627
1579.4300000000	0.0648556447
1579.4400000000	0.0647837822
1579.4500000000	0.0645750068
1579.4600000000	0.0641811434
1579.4700000000	0.0639228238
1579.4800000000	0.0638134376
1579.4900000000	0.0637069243
1579.5000000000	0.0635694087
1579.5100000000	0.0637653684
1579.5200000000	0.0640675719
1579.5300000000	0.0644993849
1579.5400000000	0.0651860591
1579.5500000000	0.0658247311
1579.5600000000	0.0665836341
1579.5700000000	0.0675193805
1579.5800000000	0.0686544296
1579.5900000000	0.0696859093
1579.6000000000	0.0705797901
1579.6100000000	0.0711682549
1579.6200000000	0.0714786147
1579.6300000000	0.0715658581
1579.6400000000	0.0712755241
1579.6500000000	0.0706768643
1579.6600000000	0.0698313727
1579.6700000000	0.0690461959
1579.6800000000	0.0682433121
1579.6900000000	0.0676572914
1579.7000000000	0.0671649768
1579.7100000000	0.0667821735
1579.7200000000	0.0666759734
1579.7300000000	0.0668189896
1579.7400000000	0.0670375013
1579.7500000000	0.0674362279
1579.7600000000	0.0679097094
1579.7700000000	0.0685110662
1579.7800000000	0.0690899552
1579.7900000000	0.0696027844
1579.8000000000	0.0698629516
1579.8100000000	0.0699828146
1579.8200000000	0.0698320582
1579.8300000000	0.0695453273
1579.8400000000	0.0689560589
1579.8500000000	0.0681363339
1579.8600000000	0.0670700039
1579.8700000000	0.0660209390
1579.8800000000	0.0651124966
1579.8900000000	0.0642517698
1579.9000000000	0.0635187927
1579.9100000000	0.0629610509
1579.9200000000	0.0625605548
1579.9300000000	0.0623260113
1579.9400000000	0.0623906808
1579.9500000000	0.0627558410
1579.9600000000	0.0634032331
1579.9700000000	0.0644314334
1579.9800000000	0.0655930545
1579.9900000000	0.0668158455
1580.0000000000	0.0680215702
1580.0100000000	0.0690977737
1580.0200000000	0.0698896049
1580.0300000000	0.0703555058
1580.0400000000	0.0704931061
1580.0500000000	0.0703405300
1580.0600000000	0.0700445218
1580.0700000000	0.0696759660
1580.0800000000	0.0693007489
1580.0900000000	0.0690274864
1580.1000000000	0.0688101814
1580.1100000000	0.0686511873
1580.1200000000	0.0683943090
1580.1300000000	0.0681699045
1580.1400000000	0.0681292930
1580.1500000000	0.0682827922
1580.1600000000	0.0687378585
1580.1700000000	0.0693196672
1580.1800000000	0.0700544746
1580.1900000000	0.0709795988
1580.2000000000	0.0717517461
1580.2100000000	0.0722627159
1580.2200000000	0.0724797280
1580.2300000000	0.0725040736
1580.2400000000	0.0720248032
1580.2500000000	0.0714373062
1580.2600000000	0.0706954269
1580.2700000000	0.0698746336
1580.2800000000	0.0691643169
1580.2900000000	0.0685187960
1580.3000000000	0.0678405270
1580.3100000000	0.0671194832
1580.3200000000	0.0666495156
1580.3300000000	0.0663000212
1580.3400000000	0.0660562218
1580.3500000000	0.0660627430
1580.3600000000	0.0662381403
1580.3700000000	0.0664971994
1580.3800000000	0.0668255954
1580.3900000000	0.0672000403
1580.4000000000	0.0674393342
1580.4100000000	0.0675217098
1580.4200000000	0.0674420597
1580.4300000000	0.0672080135
1580.4400000000	0.0667651868
1580.4500000000	0.0661591555
1580.4600000000	0.0655240693
1580.4700000000	0.0651461669
1580.4800000000	0.0649652537
1580.4900000000	0.0648443491
1580.5000000000	0.0647320236
1580.5100000000	0.0646492247
1580.5200000000	0.0647978863
1580.5300000000	0.0651450712
1580.5400000000	0.0657225013
1580.5500000000	0.0663555997
1580.5600000000	0.0670184538
1580.5700000000	0.0679366089
1580.5800000000	0.0690022228
1580.5900000000	0.0700451888
1580.6000000000	0.0709655186
1580.6100000000	0.0716908130
1580.6200000000	0.0721696709
1580.6300000000	0.0724468638
1580.6400000000	0.0725040736
1580.6500000000	0.0722599735
1580.6600000000	0.0718177118
1580.6700000000	0.0712813867
1580.6800000000	0.0708309415
1580.6900000000	0.0703566393
1580.7000000000	0.0697975095
1580.7100000000	0.0693958970
1580.7200000000	0.0690845748
1580.7300000000	0.0688723667
1580.7400000000	0.0687973306
1580.7500000000	0.0687602096
1580.7600000000	0.0689911212
1580.7700000000	0.0693546323
1580.7800000000	0.0697942831
1580.7900000000	0.0701495008
1580.8000000000	0.0701799872
1580.8100000000	0.0700727105
1580.8200000000	0.0697541100
1580.8300000000	0.0693654031
1580.8400000000	0.0686290535
1580.8500000000	0.0679131078
1580.8600000000	0.0673661644
1580.8700000000	0.0670013861
1580.8800000000	0.0667474815
1580.8900000000	0.0665392054
1580.9000000000	0.0664338673
1580.9100000000	0.0663015550
1580.9200000000	0.0663697000
1580.9300000000	0.0663066192
1580.9400000000	0.0663101948
1580.9500000000	0.0664547196
1580.9600000000	0.0667689450
1580.9700000000	0.0671264890
1580.9800000000	0.0674867855
1580.9900000000	0.0678176407
1581.0000000000	0.0680028897
1581.0100000000	0.0679501615
1581.0200000000	0.0676625935
1581.0300000000	0.0670855030
1581.0400000000	0.0663637592
1581.0500000000	0.0656860049
1581.0600000000	0.0652540477
1581.0700000000	0.0649484438
1581.0800000000	0.0645934238
1581.0900000000	0.0644914110
1581.1000000000	0.0644648143
1581.1100000000	0.0645527552
1581.1200000000	0.0648613090
1581.1300000000	0.0650426844
1581.1400000000	0.0653401593
1581.1500000000	0.0659151131
1581.1600000000	0.0665607278
1581.1700000000	0.0672547991
1581.1800000000	0.0679294314
1581.1900000000	0.0685720069
1581.2000000000	0.0688804316
1581.2100000000	0.0690413144
1581.2200000000	0.0690174161
1581.2300000000	0.0687657386
1581.2400000000	0.0684283274
1581.2500000000	0.0680304695
1581.2600000000	0.0676041826
1581.2700000000	0.0672709402
1581.2800000000	0.0670807238
1581.2900000000	0.0670335285
1581.3000000000	0.0669821320
1581.3100000000	0.0671251482
1581.3200000000	0.0673504341
1581.3300000000	0.0677881150
1581.3400000000	0.0684061501
1581.3500000000	0.0691829833
1581.3600000000	0.0700012024
1581.3700000000	0.0707751810
1581.3800000000	0.0713476217
1581.3900000000	0.0718041327
1581.4000000000	0.0720494718
1581.4100000000	0.0721660207
1581.4200000000	0.0719529381
1581.4300000000	0.0714512700
1581.4400000000	0.0709786253
1581.4500000000	0.0704925783
1581.4600000000	0.0700819036
1581.4700000000	0.0696399016
1581.4800000000	0.0692653353
1581.4900000000	0.0688837733
1581.5000000000	0.0687572897
1581.5100000000	0.0688156255
1581.5200000000	0.0688541832
1581.5300000000	0.0687912561
1581.5400000000	0.0688832396
1581.5500000000	0.0690880147
1581.5600000000	0.0692039772
1581.5700000000	0.0692796060
1581.5800000000	0.0693196492
1581.5900000000	0.0692525643
1581.6000000000	0.0688927976
1581.6100000000	0.0684751600
1581.6200000000	0.0676620026
1581.6300000000	0.0668142097
1581.6400000000	0.0659944631
1581.6500000000	0.0654010649
1581.6600000000	0.0649682295
1581.6700000000	0.0647206590
1581.6800000000	0.0644920846
1581.6900000000	0.0644766696
1581.7000000000	0.0647342231
1581.7100000000	0.0650948862
1581.7200000000	0.0655549503
1581.7300000000	0.0659440131
1581.7400000000	0.0664162502
1581.7500000000	0.0668261540
1581.7600000000	0.0673253078
1581.7700000000	0.0676303607
1581.7800000000	0.0676771160
1581.7900000000	0.0675029478
1581.8000000000	0.0671471655
1581.8100000000	0.0665878302
1581.8200000000	0.0656340264
1581.8300000000	0.0646733325
1581.8400000000	0.0636172825
1581.8500000000	0.0627572884
1581.8600000000	0.0622517500
1581.8700000000	0.0618339767
1581.8800000000	0.0615629833
1581.8900000000	0.0616476647
1581.9000000000	0.0619299489
1581.9100000000	0.0624144081
1581.9200000000	0.0631255218
1581.9300000000	0.0640672797
1581.9400000000	0.0652323218
1581.9500000000	0.0665114993
1581.9600000000	0.0679041634
1581.9700000000	0.0691279137
1581.9800000000	0.0702057220
1581.9900000000	0.0710023483
1582.0000000000	0.0712127184
1582.0100000000	0.0709936690
1582.0200000000	0.0705535780
1582.0300000000	0.0698458210
1582.0400000000	0.0690438337
1582.0500000000	0.0682870275
1582.0600000000	0.0674339899
1582.0700000000	0.0664830448
1582.0800000000	0.0658207090
1582.0900000000	0.0653115558
1582.1000000000	0.0650153131
1582.1100000000	0.0649296316
1582.1200000000	0.0649565477
1582.1300000000	0.0651897889
1582.1400000000	0.0656211990
1582.1500000000	0.0662826642
1582.1600000000	0.0669797137
1582.1700000000	0.0674194667
1582.1800000000	0.0678028227
1582.1900000000	0.0679392041
1582.2000000000	0.0677552034
1582.2100000000	0.0674704550
1582.2200000000	0.0667273128
1582.2300000000	0.0660545508
1582.2400000000	0.0655357449
1582.2500000000	0.0649157526
1582.2600000000	0.0642667899
1582.2700000000	0.0638087683
1582.2800000000	0.0635533628
1582.2900000000	0.0632945594
1582.3000000000	0.0631685361
1582.3100000000	0.0631443923
1582.3200000000	0.0632834019
1582.3300000000	0.0636999681
1582.3400000000	0.0641892405
1582.3500000000	0.0647753952
1582.3600000000	0.0652079090
1582.3700000000	0.0657289913
1582.3800000000	0.0660096319
1582.3900000000	0.0661967100
1582.4000000000	0.0661114781
1582.4100000000	0.0659342446
1582.4200000000	0.0653887837
1582.4300000000	0.0648319735
1582.4400000000	0.0644021648
1582.4500000000	0.0637938123
1582.4600000000	0.0633632767
1582.4700000000	0.0630366955
1582.4800000000	0.0628895754
1582.4900000000	0.0627872458
1582.5000000000	0.0628315809
1582.5100000000	0.0628945080
1582.5200000000	0.0630066447
1582.5300000000	0.0633921101
1582.5400000000	0.0638681441
1582.5500000000	0.0643087745
1582.5600000000	0.0648211759
1582.5700000000	0.0652538645
1582.5800000000	0.0655722908
1582.5900000000	0.0656377400
1582.6000000000	0.0655040800
1582.6100000000	0.0650436209
1582.6200000000	0.0645175624
1582.6300000000	0.0638605214
1582.6400000000	0.0630632851
1582.6500000000	0.0623106636
1582.6600000000	0.0616223391
1582.6700000000	0.0610044925
1582.6800000000	0.0604889044
1582.6900000000	0.0601969152
1582.7000000000	0.0599992703
1582.7100000000	0.0598121320
1582.7200000000	0.0599391096
1582.7300000000	0.0602404061
1582.7400000000	0.0605545458
1582.7500000000	0.0608008236
1582.7600000000	0.0611525293
1582.7700000000	0.0612619925
1582.7800000000	0.0613560432
1582.7900000000	0.0613280248
1582.8000000000	0.0610223640
1582.8100000000	0.0605597341
1582.8200000000	0.0601186174
1582.8300000000	0.0597300155
1582.8400000000	0.0593649158
1582.8500000000	0.0590989453
1582.8600000000	0.0589019822
1582.8700000000	0.0587740797
1582.8800000000	0.0587789397
1582.8900000000	0.0590219426
1582.9000000000	0.0591996029
1582.9100000000	0.0596497320
1582.9200000000	0.0604156370
1582.9300000000	0.0610263031
1582.9400000000	0.0616614080
1582.9500000000	0.0623644685
1582.9600000000	0.0628770757
1582.9700000000	0.0632503429
1582.9800000000	0.0634891962
1582.9900000000	0.0630835289
1583.0000000000	0.0625139954
1583.0100000000	0.0618847828
1583.0200000000	0.0612483459
1583.0300000000	0.0607113704
1583.0400000000	0.0601703300
1583.0500000000	0.0596711780
1583.0600000000	0.0594252641
1583.0700000000	0.0592238802
1583.0800000000	0.0591267274
1583.0900000000	0.0590958807
1583.1000000000	0.0591206348
1583.1100000000	0.0594027560
1583.1200000000	0.0598226800
1583.1300000000	0.0604071353
1583.1400000000	0.0610195062
1583.1500000000	0.0616641274
1583.1600000000	0.0623165957
1583.1700000000	0.0628293427
1583.1800000000	0.0630972129
1583.1900000000	0.0629881356
1583.2000000000	0.0626576789
1583.2100000000	0.0621493690
1583.2200000000	0.0617331872
1583.2300000000	0.0611296343
1583.2400000000	0.0605160778
1583.2500000000	0.0600163023
1583.2600000000	0.0595238039
1583.2700000000	0.0591316348
1583.2800000000	0.0586754728
1583.2900000000	0.0582337816
1583.3000000000	0.0578984538
1583.3100000000	0.0577628247
1583.3200000000	0.0576905943
1583.3300000000	0.0576299208
1583.3400000000	0.0576237812
1583.3500000000	0.0576071682
1583.3600000000	0.0576320448
1583.3700000000	0.0573849472
1583.3800000000	0.0568075460
1583.3900000000	0.0561278485
1583.4000000000	0.0551710652
1583.4100000000	0.0542059397
1583.4200000000	0.0532205713
1583.4300000000	0.0522760971
1583.4400000000	0.0515319805
1583.4500000000	0.0510324077
1583.4600000000	0.0506958954
1583.4700000000	0.0507199657
1583.4800000000	0.0508831725
1583.4900000000	0.0512697138
1583.5000000000	0.0519317508
1583.5100000000	0.0525467231
1583.5200000000	0.0533768214
1583.5300000000	0.0543050473
1583.5400000000	0.0553461488
1583.5500000000	0.0563359542
1583.5600000000	0.0571491277
1583.5700000000	0.0577042894
1583.5800000000	0.0579878370
1583.5900000000	0.0580153638
1583.6000000000	0.0576213395
1583.6100000000	0.0571915612
1583.6200000000	0.0567253138
1583.6300000000	0.0561904185
1583.6400000000	0.0557271093
1583.6500000000	0.0553391586
1583.6600000000	0.0550961698
1583.6700000000	0.0548851845
1583.6800000000	0.0549100953
1583.6900000000	0.0551708007
1583.7000000000	0.0554744017
1583.7100000000	0.0559879382
1583.7200000000	0.0565337712
1583.7300000000	0.0571707083
1583.7400000000	0.0578784006
1583.7500000000	0.0586278095
1583.7600000000	0.0593588072
1583.7700000000	0.0600533207
1583.7800000000	0.0604831785
1583.7900000000	0.0605897288
1583.8000000000	0.0605418184
1583.8100000000	0.0602098174
1583.8200000000	0.0598213711
1583.8300000000	0.0592000688
1583.8400000000	0.0586623481
1583.8500000000	0.0582216649
1583.8600000000	0.0578961037
1583.8700000000	0.0575033505
1583.8800000000	0.0571987123
1583.8900000000	0.0571564358
1583.9000000000	0.0570372557
1583.9100000000	0.0572568373
1583.9200000000	0.0575058332
1583.9300000000	0.0577160092
1583.9400000000	0.0579200932
1583.9500000000	0.0580232299
1583.9600000000	0.0579885173
1583.9700000000	0.0577206820
1583.9800000000	0.0573530693
1583.9900000000	0.0568586280
1584.0000000000	0.0560934658
1584.0100000000	0.0553992150
1584.0200000000	0.0545971037
1584.0300000000	0.0537998656
1584.0400000000	0.0531502563
1584.0500000000	0.0527013692
1584.0600000000	0.0523599704
1584.0700000000	0.0522153583
1584.0800000000	0.0521179009
1584.0900000000	0.0521144066
1584.1000000000	0.0523543046
1584.1100000000	0.0527564573
1584.1200000000	0.0532820191
1584.1300000000	0.0537683663
1584.1400000000	0.0542639815
1584.1500000000	0.0548352963
1584.1600000000	0.0552615840
1584.1700000000	0.0553751973
1584.1800000000	0.0553419496
1584.1900000000	0.0549482793
1584.2000000000	0.0544417488
1584.2100000000	0.0538458336
1584.2200000000	0.0532612637
1584.2300000000	0.0526114752
1584.2400000000	0.0521772545
1584.2500000000	0.0517946033
1584.2600000000	0.0514476851
1584.2700000000	0.0511850521
1584.2800000000	0.0511224789
1584.2900000000	0.0512192252
1584.3000000000	0.0515074769
1584.3100000000	0.0519148132
1584.3200000000	0.0524450569
1584.3300000000	0.0530682784
1584.3400000000	0.0537074736
1584.3500000000	0.0543490221
1584.3600000000	0.0549882864
1584.3700000000	0.0555443277
1584.3800000000	0.0558895728
1584.3900000000	0.0560100607
1584.4000000000	0.0559875087
1584.4100000000	0.0557751209
1584.4200000000	0.0554237170
1584.4300000000	0.0548928609
1584.4400000000	0.0545677147
1584.4500000000	0.0542429347
1584.4600000000	0.0538756285
1584.4700000000	0.0535775419
1584.4800000000	0.0531854516
1584.4900000000	0.0529734170
1584.5000000000	0.0528408146
1584.5100000000	0.0529102399
1584.5200000000	0.0529796653
1584.5300000000	0.0532818894
1584.5400000000	0.0534953833
1584.5500000000	0.0537322664
1584.5600000000	0.0538841414
1584.5700000000	0.0539674674
1584.5800000000	0.0540657268
1584.5900000000	0.0540350916
1584.6000000000	0.0538550965
1584.6100000000	0.0536138978
1584.6200000000	0.0533116911
1584.6300000000	0.0529930798
1584.6400000000	0.0527268570
1584.6500000000	0.0523639624
1584.6600000000	0.0519486577
1584.6700000000	0.0516211297
1584.6800000000	0.0514857395
1584.6900000000	0.0513738892
1584.7000000000	0.0513727718
1584.7100000000	0.0514421560
1584.7200000000	0.0516846463
1584.7300000000	0.0518305084
1584.7400000000	0.0519405175
1584.7500000000	0.0520141925
1584.7600000000	0.0519462959
1584.7700000000	0.0518060831
1584.7800000000	0.0516334649
1584.7900000000	0.0512935387
1584.8000000000	0.0509461385
1584.8100000000	0.0506298935
1584.8200000000	0.0503496147
1584.8300000000	0.0501309623
1584.8400000000	0.0499793416
1584.8500000000	0.0498133452
1584.8600000000	0.0496597693
1584.8700000000	0.0495674987
1584.8800000000	0.0496305160
1584.8900000000	0.0497388616
1584.9000000000	0.0499000824
1584.9100000000	0.0501871237
1584.9200000000	0.0505603079
1584.9300000000	0.0509617667
1584.9400000000	0.0513238021
1584.9500000000	0.0515711492
1584.9600000000	0.0516588043
1584.9700000000	0.0516573883
1584.9800000000	0.0516219882
1584.9900000000	0.0515830482
1585.0000000000	0.0513717097
1585.0100000000	0.0512654951
1585.0200000000	0.0511932647
1585.0300000000	0.0511232012
1585.0400000000	0.0511582330
1585.0500000000	0.0511571916
1585.0600000000	0.0511224789
1585.0700000000	0.0511575319
1585.0800000000	0.0513283389
1585.0900000000	0.0514676576
1585.1000000000	0.0516659551
1585.1100000000	0.0519556422
1585.1200000000	0.0521512804
1585.1300000000	0.0524285932
1585.1400000000	0.0526989620
1585.1500000000	0.0528199519
1585.1600000000	0.0528387318
1585.1700000000	0.0526220295
1585.1800000000	0.0522029213
1585.1900000000	0.0516630560
1585.2000000000	0.0511228368
1585.2100000000	0.0506565594
1585.2200000000	0.0501368840
1585.2300000000	0.0497268751
1585.2400000000	0.0494447151
1585.2500000000	0.0492589618
1585.2600000000	0.0491180483
1585.2700000000	0.0490108071
1585.2800000000	0.0489052935
1585.2900000000	0.0488691783
1585.3000000000	0.0488352411
1585.3100000000	0.0488626776
1585.3200000000	0.0487268844
1585.3300000000	0.0487268844
1585.3400000000	0.0487251655
1585.3500000000	0.0485532710
1585.3600000000	0.0484134153
1585.3700000000	0.0482111864
1585.3800000000	0.0478534369
1585.3900000000	0.0473341379
1585.4000000000	0.0470051343
1585.4100000000	0.0466489147
1585.4200000000	0.0463631110
1585.4300000000	0.0461921677
1585.4400000000	0.0461267767
1585.4500000000	0.0460912672
1585.4600000000	0.0461312753
1585.4700000000	0.0462268598
1585.4800000000	0.0464063380
1585.4900000000	0.0466479788
1585.5000000000	0.0470174889
1585.5100000000	0.0474977589
1585.5200000000	0.0480562894
1585.5300000000	0.0487095591
1585.5400000000	0.0491458794
1585.5500000000	0.0494412917
1585.5600000000	0.0496589489
1585.5700000000	0.0496922730
1585.5800000000	0.0495696877
1585.5900000000	0.0494224589
1585.6000000000	0.0492114042
1585.6100000000	0.0489313989
1585.6200000000	0.0487805155
1585.6300000000	0.0486720384
1585.6400000000	0.0484804126
1585.6500000000	0.0484686957
1585.6600000000	0.0485033348
1585.6700000000	0.0485378005
1585.6800000000	0.0487182062
1585.6900000000	0.0488695466
1585.7000000000	0.0490742193
1585.7100000000	0.0493544292
1585.7200000000	0.0496718421
1585.7300000000	0.0499198094
1585.7400000000	0.0500046841
1585.7500000000	0.0500140741
1585.7600000000	0.0498244582
1585.7700000000	0.0495373388
1585.7800000000	0.0490735598
1585.7900000000	0.0485392725
1585.8000000000	0.0481102043
1585.8100000000	0.0476758270
1585.8200000000	0.0473926127
1585.8300000000	0.0471094118
1585.8400000000	0.0468269052
1585.8500000000	0.0465797950
1585.8600000000	0.0464013679
1585.8700000000	0.0462594243
1585.8800000000	0.0462229762
1585.8900000000	0.0461178172
1585.9000000000	0.0460499661
1585.9100000000	0.0462035952
1585.9200000000	0.0462240278
1585.9300000000	0.0461961055
1585.9400000000	0.0461623014
1585.9500000000	0.0460799801
1585.9600000000	0.0458205031
1585.9700000000	0.0454971212
1585.9800000000	0.0450755699
1585.9900000000	0.0444463765
1586.0000000000	0.0438548827
1586.0100000000	0.0433754062
1586.0200000000	0.0429133042
1586.0300000000	0.0426163271
1586.0400000000	0.0425001795
1586.0500000000	0.0424697355
1586.0600000000	0.0425163712
1586.0700000000	0.0426458146
1586.0800000000	0.0427419277
1586.0900000000	0.0428766805
1586.1000000000	0.0431395191
1586.1100000000	0.0433615102
1586.1200000000	0.0435735383
1586.1300000000	0.0438745532
1586.1400000000	0.0442016739
1586.1500000000	0.0443786225
1586.1600000000	0.0443384904
1586.1700000000	0.0442045678
1586.1800000000	0.0438839735
1586.1900000000	0.0436534695
1586.2000000000	0.0435014253
1586.2100000000	0.0432295274
1586.2200000000	0.0430463276
1586.2300000000	0.0431036970
1586.2400000000	0.0432181787
1586.2500000000	0.0433455565
1586.2600000000	0.0434898497
1586.2700000000	0.0436579549
1586.2800000000	0.0438871672
1586.2900000000	0.0442618256
1586.3000000000	0.0446461061
1586.3100000000	0.0449554302
1586.3200000000	0.0452434664
1586.3300000000	0.0456655824
1586.3400000000	0.0459914196
1586.3500000000	0.0463528172
1586.3600000000	0.0463024560
1586.3700000000	0.0460854665
1586.3800000000	0.0458381526
1586.3900000000	0.0455560002
1586.4000000000	0.0452048311
1586.4100000000	0.0448508168
1586.4200000000	0.0446279094
1586.4300000000	0.0445131922
1586.4400000000	0.0444398422
1586.4500000000	0.0444695671
1586.4600000000	0.0445359656
1586.4700000000	0.0446353206
1586.4800000000	0.0448261354
1586.4900000000	0.0450881053
1586.5000000000	0.0453366755
1586.5100000000	0.0455522350
1586.5200000000	0.0457336669
1586.5300000000	0.0459309007
1586.5400000000	0.0459867363
1586.5500000000	0.0458812799
1586.5600000000	0.0455490104
1586.5700000000	0.0451632853
1586.5800000000	0.0447566279
1586.5900000000	0.0442355388
1586.6000000000	0.0436653852
1586.6100000000	0.0430329732
1586.6200000000	0.0423714046
1586.6300000000	0.0419234023
1586.6400000000	0.0415354374
1586.6500000000	0.0413008667
1586.6600000000	0.0412238539
1586.6700000000	0.0413795568
1586.6800000000	0.0415532918
1586.6900000000	0.0416069610
1586.7000000000	0.0418629837
1586.7100000000	0.0420581845
1586.7200000000	0.0424014764
1586.7300000000	0.0427883491
1586.7400000000	0.0430397911
1586.7500000000	0.0433064066
1586.7600000000	0.0434443180
1586.7700000000	0.0435217589
1586.7800000000	0.0434694896
1586.7900000000	0.0433886091
1586.8000000000	0.0432747425
1586.8100000000	0.0431992029
1586.8200000000	0.0431635232
1586.8300000000	0.0431490771
1586.8400000000	0.0431931377
1586.8500000000	0.0432877686
1586.8600000000	0.0434643774
1586.8700000000	0.0437291925
1586.8800000000	0.0440667936
1586.8900000000	0.0443357041
1586.9000000000	0.0446212551
1586.9100000000	0.0450510182
1586.9200000000	0.0453801250
1586.9300000000	0.0456787634
1586.9400000000	0.0457223838
1586.9500000000	0.0457577945
1586.9600000000	0.0458278583
1586.9700000000	0.0457267068
1586.9800000000	0.0455464959
1586.9900000000	0.0451513624
1587.0000000000	0.0448947117
1587.0100000000	0.0445768994
1587.0200000000	0.0443385390
1587.0300000000	0.0441982336
1587.0400000000	0.0440310396
1587.0500000000	0.0439480718
1587.0600000000	0.0438793140
1587.0700000000	0.0439183391
1587.0800000000	0.0439356954
1587.0900000000	0.0439861717
1587.1000000000	0.0442302340
1587.1100000000	0.0446221270
1587.1200000000	0.0449747162
1587.1300000000	0.0452221722
1587.1400000000	0.0454345774
1587.1500000000	0.0454624373
1587.1600000000	0.0453453693
1587.1700000000	0.0451056612
1587.1800000000	0.0447507527
1587.1900000000	0.0443378470
1587.2000000000	0.0440418185
1587.2100000000	0.0437506459
1587.2200000000	0.0434372273
1587.2300000000	0.0431549804
1587.2400000000	0.0429941429
1587.2500000000	0.0428219154
1587.2600000000	0.0427309590
1587.2700000000	0.0426260213
1587.2800000000	0.0427732801
1587.2900000000	0.0429508352
1587.3000000000	0.0432456943
1587.3100000000	0.0435258844
1587.3200000000	0.0437988051
1587.3300000000	0.0439697139
1587.3400000000	0.0442352761
1587.3500000000	0.0443533035
1587.3600000000	0.0443647587
1587.3700000000	0.0442508271
1587.3800000000	0.0440282984
1587.3900000000	0.0437554858
1587.4000000000	0.0435595482
1587.4100000000	0.0433489477
1587.4200000000	0.0430970712
1587.4300000000	0.0427980279
1587.4400000000	0.0426373101
1587.4500000000	0.0424898471
1587.4600000000	0.0423274692
1587.4700000000	0.0422042281
1587.4800000000	0.0421521634
1587.4900000000	0.0421807397
1587.5000000000	0.0421836885
1587.5100000000	0.0421836885
1587.5200000000	0.0422474086
1587.5300000000	0.0423497276
1587.5400000000	0.0422988976
1587.5500000000	0.0423230932
1587.5600000000	0.0421316826
1587.5700000000	0.0419845875
1587.5800000000	0.0418161656
1587.5900000000	0.0415858249
1587.6000000000	0.0413470178
1587.6100000000	0.0410546563
1587.6200000000	0.0408180526
1587.6300000000	0.0406585968
1587.6400000000	0.0406104664
1587.6500000000	0.0405226742
1587.6600000000	0.0404233806
1587.6700000000	0.0403511446
1587.6800000000	0.0403244194
1587.6900000000	0.0403475331
1587.7000000000	0.0403369333
1587.7100000000	0.0403011793
1587.7200000000	0.0403583857
1587.7300000000	0.0405396907
1587.7400000000	0.0406104664
1587.7500000000	0.0405218585
1587.7600000000	0.0403399659
1587.7700000000	0.0401887751
1587.7800000000	0.0400468830
1587.7900000000	0.0397418252
1587.8000000000	0.0395537456
1587.8100000000	0.0395052662
1587.8200000000	0.0395684609
1587.8300000000	0.0397415054
1587.8400000000	0.0397866347
1587.8500000000	0.0398900462
1587.8600000000	0.0400247650
1587.8700000000	0.0401916186
1587.8800000000	0.0403908198
1587.8900000000	0.0405134162
1587.9000000000	0.0405900355
1587.9100000000	0.0406581385
1587.9200000000	0.0407483749
1587.9300000000	0.0408100643
1587.9400000000	0.0407434715
1587.9500000000	0.0404761094
1587.9600000000	0.0401792579
1587.9700000000	0.0398874964
1587.9800000000	0.0395242206
1587.9900000000	0.0391076604
1588.0000000000	0.0387612084
1588.0100000000	0.0385569370
1588.0200000000	0.0385724222
1588.0300000000	0.0386612355
1588.0400000000	0.0388820419
1588.0500000000	0.0391437594
1588.0600000000	0.0394238129
1588.0700000000	0.0398273858
1588.0800000000	0.0402819369
1588.0900000000	0.0407162959
1588.1000000000	0.0412737529
1588.1100000000	0.0419505536
1588.1200000000	0.0424533162
1588.1300000000	0.0429191769
1588.1400000000	0.0431538901
1588.1500000000	0.0432733605
1588.1600000000	0.0432351675
1588.1700000000	0.0431931622
1588.1800000000	0.0430265414
1588.1900000000	0.0427422342
1588.2000000000	0.0424767461
1588.2100000000	0.0422778574
1588.2200000000	0.0420742594
1588.2300000000	0.0420049182
1588.2400000000	0.0420796767
1588.2500000000	0.0421627417
1588.2600000000	0.0423596370
1588.2700000000	0.0426091763
1588.2800000000	0.0427833901
1588.2900000000	0.0430053237
1588.3000000000	0.0432144994
1588.3100000000	0.0435262369
1588.3200000000	0.0436751327
1588.3300000000	0.0438195860
1588.3400000000	0.0439263230
1588.3500000000	0.0439356954
1588.3600000000	0.0438121183
1588.3700000000	0.0435491144
1588.3800000000	0.0430768487
1588.3900000000	0.0426022802
1588.4000000000	0.0422898690
1588.4100000000	0.0419748282
1588.4200000000	0.0416692904
1588.4300000000	0.0413909442
1588.4400000000	0.0411973871
1588.4500000000	0.0410991197
1588.4600000000	0.0410310167
1588.4700000000	0.0410244029
1588.4800000000	0.0410776673
1588.4900000000	0.0411825458
1588.5000000000	0.0414664186
1588.5100000000	0.0418456429
1588.5200000000	0.0421338495
1588.5300000000	0.0423866636
1588.5400000000	0.0426969079
1588.5500000000	0.0429595806
1588.5600000000	0.0430808194
1588.5700000000	0.0431538689
1588.5800000000	0.0430946688
1588.5900000000	0.0429910672
1588.6000000000	0.0429419368
1588.6100000000	0.0427535356
1588.6200000000	0.0425695636
1588.6300000000	0.0424817715
1588.6400000000	0.0424109714
1588.6500000000	0.0424275457
1588.6600000000	0.0424339814
1588.6700000000	0.0424959060
1588.6800000000	0.0426641938
1588.6900000000	0.0427787780
1588.7000000000	0.0430335618
1588.7100000000	0.0433374852
1588.7200000000	0.0437019156
1588.7300000000	0.0440564955
1588.7400000000	0.0443022716
1588.7500000000	0.0444874441
1588.7600000000	0.0445671335
1588.7700000000	0.0445792830
1588.7800000000	0.0444868281
1588.7900000000	0.0442954175
1588.8000000000	0.0441025525
1588.8100000000	0.0439471367
1588.8200000000	0.0438050692
1588.8300000000	0.0436861225
1588.8400000000	0.0435561923
1588.8500000000	0.0433868377
1588.8600000000	0.0432755658
1588.8700000000	0.0432563393
1588.8800000000	0.0432248142
1588.8900000000	0.0433190144
1588.9000000000	0.0433923594
1588.9100000000	0.0433675100
1588.9200000000	0.0433948132
1588.9300000000	0.0435549002
1588.9400000000	0.0436416220
1588.9500000000	0.0435847074
1588.9600000000	0.0435449401
1588.9700000000	0.0435094642
1588.9800000000	0.0434746965
1588.9900000000	0.0432566852
1589.0000000000	0.0431621411
1589.0100000000	0.0430933833
1589.0200000000	0.0430775690
1589.0300000000	0.0430775690
1589.0400000000	0.0430538475
1589.0500000000	0.0430873838
1589.0600000000	0.0430450653
1589.0700000000	0.0430060609
1589.0800000000	0.0430291746
1589.0900000000	0.0429953347
1589.1000000000	0.0429703068
1589.1100000000	0.0430160720
1589.1200000000	0.0430191589
1589.1300000000	0.0430060609
1589.1400000000	0.0429299393
1589.1500000000	0.0427865272
1589.1600000000	0.0426644810
1589.1700000000	0.0425217079
1589.1800000000	0.0424424774
1589.1900000000	0.0423105823
1589.2000000000	0.0422909507
1589.2100000000	0.0423812330
1589.2200000000	0.0424285642
1589.2300000000	0.0425874711
1589.2400000000	0.0428922961
1589.2500000000	0.0432767317
1589.2600000000	0.0435694622
1589.2700000000	0.0439054927
1589.2800000000	0.0441401531
1589.2900000000	0.0443736935
1589.3000000000	0.0447959005
1589.3100000000	0.0450832922
1589.3200000000	0.0451974395
1589.3300000000	0.0452674892
1589.3400000000	0.0453622529
1589.3500000000	0.0452849074
1589.3600000000	0.0450302412
1589.3700000000	0.0446421280
1589.3800000000	0.0442635046
1589.3900000000	0.0438613455
1589.4000000000	0.0435314122
1589.4100000000	0.0432384668
1589.4200000000	0.0430402604
1589.4300000000	0.0429151212
1589.4400000000	0.0428987987
1589.4500000000	0.0429680952
1589.4600000000	0.0430733210
1589.4700000000	0.0432814871
1589.4800000000	0.0434938882
1589.4900000000	0.0438091252
1589.5000000000	0.0441679162
1589.5100000000	0.0445325834
1589.5200000000	0.0448237972
1589.5300000000	0.0452500579
1589.5400000000	0.0456292574
1589.5500000000	0.0458150979
1589.5600000000	0.0459886613
1589.5700000000	0.0459792354
1589.5800000000	0.0458879251
1589.5900000000	0.0457306760
1589.6000000000	0.0454833831
1589.6100000000	0.0452053486
1589.6200000000	0.0449940446
1589.6300000000	0.0448877214
1589.6400000000	0.0446679576
1589.6500000000	0.0445052721
1589.6600000000	0.0444226802
1589.6700000000	0.0442295205
1589.6800000000	0.0440043432
1589.6900000000	0.0439858248
1589.7000000000	0.0439799074
1589.7100000000	0.0439114749
1589.7200000000	0.0439979767
1589.7300000000	0.0440411146
1589.7400000000	0.0440429576
1589.7500000000	0.0440096815
1589.7600000000	0.0438755153
1589.7700000000	0.0437013338
1589.7800000000	0.0436854025
1589.7900000000	0.0437182962
1589.8000000000	0.0436214786
1589.8100000000	0.0436138944
1589.8200000000	0.0437402614
1589.8300000000	0.0439081923
1589.8400000000	0.0439940127
1589.8500000000	0.0441464381
1589.8600000000	0.0443977586
1589.8700000000	0.0447229970
1589.8800000000	0.0451350273
1589.8900000000	0.0455889309
1589.9000000000	0.0459890673
1589.9100000000	0.0463984642
1589.9200000000	0.0468620817
1589.9300000000	0.0471850781
1589.9400000000	0.0474631799
1589.9500000000	0.0476992838
1589.9600000000	0.0477614958
1589.9700000000	0.0477084176
1589.9800000000	0.0475442392
1589.9900000000	0.0473821774
1590.0000000000	0.0472620904
1590.0100000000	0.0471494139
1590.0200000000	0.0470113398
1590.0300000000	0.0470456920
1590.0400000000	0.0469748775
1590.0500000000	0.0470113614
1590.0600000000	0.0470886549
1590.0700000000	0.0473010566
1590.0800000000	0.0474103127
1590.0900000000	0.0475233530
1590.1000000000	0.0477656213
1590.1100000000	0.0479718947
1590.1200000000	0.0480440708
1590.1300000000	0.0480475428
1590.1400000000	0.0480475428
1590.1500000000	0.0479877113
1590.1600000000	0.0478629692
1590.1700000000	0.0476689559
1590.1800000000	0.0473714404
1590.1900000000	0.0470764223
1590.2000000000	0.0467325444
1590.2100000000	0.0464020862
1590.2200000000	0.0461918491
1590.2300000000	0.0460972843
1590.2400000000	0.0460534664
1590.2500000000	0.0461020186
1590.2600000000	0.0460859969
1590.2700000000	0.0462816946
1590.2800000000	0.0464385521
1590.2900000000	0.0465543107
1590.3000000000	0.0468332773
1590.3100000000	0.0469069095
1590.3200000000	0.0472609245
1590.3300000000	0.0476149394
1590.3400000000	0.0478308587
1590.3500000000	0.0479045120
1590.3600000000	0.0477257418
1590.3700000000	0.0474102505
1590.3800000000	0.0470637565
1590.3900000000	0.0466544674
1590.4000000000	0.0461793370
1590.4100000000	0.0456980062
1590.4200000000	0.0452204900
1590.4300000000	0.0447171952
1590.4400000000	0.0443555648
1590.4500000000	0.0440191264
1590.4600000000	0.0435900632
1590.4700000000	0.0432151173
1590.4800000000	0.0430136451
1590.4900000000	0.0428944649
1590.5000000000	0.0427624983
1590.5100000000	0.0427943641
1590.5200000000	0.0429249948
1590.5300000000	0.0431457597
1590.5400000000	0.0435241173
1590.5500000000	0.0438595217
1590.5600000000	0.0441704286
1590.5700000000	0.0444336595
1590.5800000000	0.0445778528
1590.5900000000	0.0448653300
1590.6000000000	0.0450441003
1590.6100000000	0.0451896849
1590.6200000000	0.0454417433
1590.6300000000	0.0455921010
1590.6400000000	0.0458750536
1590.6500000000	0.0460179024
1590.6600000000	0.0461650162
1590.6700000000	0.0464760589
1590.6800000000	0.0466513382
1590.6900000000	0.0469280154
1590.7000000000	0.0472953279
1590.7100000000	0.0476389084
1590.7200000000	0.0479480357
1590.7300000000	0.0480940578
1590.7400000000	0.0482013936
1590.7500000000	0.0482541218
1590.7600000000	0.0483184069
1590.7700000000	0.0482770838
1590.7800000000	0.0481222369
1590.7900000000	0.0480280728
1590.8000000000	0.0480390468
1590.8100000000	0.0480475428
1590.8200000000	0.0481376887
1590.8300000000	0.0481224742
1590.8400000000	0.0482939767
1590.8500000000	0.0484808965
1590.8600000000	0.0489092664
1590.8700000000	0.0492689307
1590.8800000000	0.0495571230
1590.8900000000	0.0499475220
1590.9000000000	0.0501974465
1590.9100000000	0.0506576616
1590.9200000000	0.0509762765
1590.9300000000	0.0512247851
1590.9400000000	0.0513671628
1590.9500000000	0.0516083280
1590.9600000000	0.0517218997
1590.9700000000	0.0516983767
1590.9800000000	0.0516036409
1590.9900000000	0.0514156767
1591.0000000000	0.0512382575
1591.0100000000	0.0511680478
1591.0200000000	0.0511322300
1591.0300000000	0.0510961148
1591.0400000000	0.0510599996
1591.0500000000	0.0510509708
1591.0600000000	0.0511324900
1591.0700000000	0.0512669364
1591.0800000000	0.0514099561
1591.0900000000	0.0515283204
1591.1000000000	0.0514907987
1591.1100000000	0.0516784114
1591.1200000000	0.0519090972
1591.1300000000	0.0520217767
1591.1400000000	0.0521214547
1591.1500000000	0.0520929236
1591.1600000000	0.0521564864
1591.1700000000	0.0521106201
1591.1800000000	0.0519625477
1591.1900000000	0.0517740247
1591.2000000000	0.0515515421
1591.2100000000	0.0515557901
1591.2200000000	0.0515950842
1591.2300000000	0.0516694258
1591.2400000000	0.0517691751
1591.2500000000	0.0518018351
1591.2600000000	0.0518018351
1591.2700000000	0.0519030258
1591.2800000000	0.0520042165
1591.2900000000	0.0520774537
1591.3000000000	0.0521185654
1591.3100000000	0.0522478705
1591.3200000000	0.0524551737
1591.3300000000	0.0526384945
1591.3400000000	0.0526911117
1591.3500000000	0.0525090667
1591.3600000000	0.0522039817
1591.3700000000	0.0518106814
1591.3800000000	0.0514275448
1591.3900000000	0.0509345796
1591.4000000000	0.0504935681
1591.4100000000	0.0502361826
1591.4200000000	0.0500345050
1591.4300000000	0.0499136714
1591.4400000000	0.0497637811
1591.4500000000	0.0497962875
1591.4600000000	0.0499631516
1591.4700000000	0.0501076125
1591.4800000000	0.0504250717
1591.4900000000	0.0508560644
1591.5000000000	0.0513444424
1591.5100000000	0.0519806078
1591.5200000000	0.0526002433
1591.5300000000	0.0531497263
1591.5400000000	0.0536539405
1591.5500000000	0.0541286199
1591.5600000000	0.0543984618
1591.5700000000	0.0543459998
1591.5800000000	0.0542746583
1591.5900000000	0.0543018314
1591.6000000000	0.0541731168
1591.6100000000	0.0542593797
1591.6200000000	0.0543333658
1591.6300000000	0.0543085857
1591.6400000000	0.0544937280
1591.6500000000	0.0547760746
1591.6600000000	0.0551512841
1591.6700000000	0.0555355878
1591.6800000000	0.0559188835
1591.6900000000	0.0563420109
1591.7000000000	0.0568368039
1591.7100000000	0.0572470874
1591.7200000000	0.0575303202
1591.7300000000	0.0577852190
1591.7400000000	0.0580020694
1591.7500000000	0.0580589840
1591.7600000000	0.0580008351
1591.7700000000	0.0577492190
1591.7800000000	0.0574688472
1591.7900000000	0.0570794322
1591.8000000000	0.0566988947
1591.8100000000	0.0563468173
1591.8200000000	0.0559896580
1591.8300000000	0.0557614578
1591.8400000000	0.0556591831
1591.8500000000	0.0555568424
1591.8600000000	0.0555918814
1591.8700000000	0.0555918814
1591.8800000000	0.0555950993
1591.8900000000	0.0557023614
1591.9000000000	0.0558074783
1591.9100000000	0.0558485959
1591.9200000000	0.0560644392
1591.9300000000	0.0563182687
1591.9400000000	0.0564690242
1591.9500000000	0.0563168665
1591.9600000000	0.0561311828
1591.9700000000	0.0558240985
1591.9800000000	0.0554481235
1591.9900000000	0.0549585044
1592.0000000000	0.0544349428
1592.0100000000	0.0539578628
1592.0200000000	0.0536791563
1592.0300000000	0.0534944757
1592.0400000000	0.0532585855
1592.0500000000	0.0531247642
1592.0600000000	0.0531619393
1592.0700000000	0.0533154671
1592.0800000000	0.0535263243
1592.0900000000	0.0537197841
1592.1000000000	0.0540793622
1592.1100000000	0.0545286627
1592.1200000000	0.0550326325
1592.1300000000	0.0555192977
1592.1400000000	0.0560021689
1592.1500000000	0.0562818437
1592.1600000000	0.0564857619
1592.1700000000	0.0564836375
1592.1800000000	0.0564135241
1592.1900000000	0.0563749452
1592.2000000000	0.0561982555
1592.2100000000	0.0560555696
1592.2200000000	0.0560149217
1592.2300000000	0.0559639490
1592.2400000000	0.0560693616
1592.2500000000	0.0561514285
1592.2600000000	0.0562797008
1592.2700000000	0.0565436214
1592.2800000000	0.0569775670
1592.2900000000	0.0573857721
1592.3000000000	0.0579617280
1592.3100000000	0.0585238061
1592.3200000000	0.0590758634
1592.3300000000	0.0596236301
1592.3400000000	0.0600864083
1592.3500000000	0.0603591152
1592.3600000000	0.0603368004
1592.3700000000	0.0602189379
1592.3800000000	0.0601238389
1592.3900000000	0.0599672872
1592.4000000000	0.0598229065
1592.4100000000	0.0594981284
1592.4200000000	0.0593249315
1592.4300000000	0.0591781150
1592.4400000000	0.0590243726
1592.4500000000	0.0590406244
1592.4600000000	0.0591489701
1592.4700000000	0.0592757369
1592.4800000000	0.0595065140
1592.4900000000	0.0597936554
1592.5000000000	0.0600612730
1592.5100000000	0.0603790158
1592.5200000000	0.0607719004
1592.5300000000	0.0611414526
1592.5400000000	0.0612918484
1592.5500000000	0.0613458245
1592.5600000000	0.0613305820
1592.5700000000	0.0611144573
1592.5800000000	0.0607942493
1592.5900000000	0.0605094486
1592.6000000000	0.0602096030
1592.6100000000	0.0599915312
1592.6200000000	0.0599540072
1592.6300000000	0.0598888711
1592.6400000000	0.0598109909
1592.6500000000	0.0598663085
1592.6600000000	0.0600130351
1592.6700000000	0.0602012538
1592.6800000000	0.0604384204
1592.6900000000	0.0606666518
1592.7000000000	0.0608416394
1592.7100000000	0.0610399801
1592.7200000000	0.0613909408
1592.7300000000	0.0617178129
1592.7400000000	0.0618172092
1592.7500000000	0.0618450974
1592.7600000000	0.0617656026
1592.7700000000	0.0613267099
1592.7800000000	0.0608208875
1592.7900000000	0.0601504796
1592.8000000000	0.0594501154
1592.8100000000	0.0588958780
1592.8200000000	0.0583673732
1592.8300000000	0.0579539752
1592.8400000000	0.0577371829
1592.8500000000	0.0576968269
1592.8600000000	0.0576561168
1592.8700000000	0.0577524050
1592.8800000000	0.0578816202
1592.8900000000	0.0580489729
1592.9000000000	0.0583973885
1592.9100000000	0.0589027994
1592.9200000000	0.0594464207
1592.9300000000	0.0599088086
1592.9400000000	0.0603238100
1592.9500000000	0.0606765972
1592.9600000000	0.0607225749
1592.9700000000	0.0608071776
1592.9800000000	0.0607671755
1592.9900000000	0.0606793817
1593.0000000000	0.0604825445
1593.0100000000	0.0603935423
1593.0200000000	0.0601526408
1593.0300000000	0.0600341829
1593.0400000000	0.0601111083
1593.0500000000	0.0601939648
1593.0600000000	0.0601829094
1593.0700000000	0.0604851752
1593.0800000000	0.0608177202
1593.0900000000	0.0612148413
1593.1000000000	0.0618251894
1593.1100000000	0.0624271370
1593.1200000000	0.0628658671
1593.1300000000	0.0633645565
1593.1400000000	0.0637766215
1593.1500000000	0.0639663717
1593.1600000000	0.0640730053
1593.1700000000	0.0640948826
1593.1800000000	0.0639610647
1593.1900000000	0.0637571515
1593.2000000000	0.0634340641
1593.2100000000	0.0630320177
1593.2200000000	0.0627459426
1593.2300000000	0.0624943044
1593.2400000000	0.0621892267
1593.2500000000	0.0618957584
1593.2600000000	0.0617233582
1593.2700000000	0.0615732493
1593.2800000000	0.0613763471
1593.2900000000	0.0613087720
1593.3000000000	0.0612690850
1593.3100000000	0.0612133087
1593.3200000000	0.0612928416
1593.3300000000	0.0614155439
1593.3400000000	0.0613842130
1593.3500000000	0.0613579448
1593.3600000000	0.0611816037
1593.3700000000	0.0609009542
1593.3800000000	0.0606758169
1593.3900000000	0.0604764073
1593.4000000000	0.0603553427
1593.4100000000	0.0603823624
1593.4200000000	0.0605731743
1593.4300000000	0.0607855836
1593.4400000000	0.0610896754
1593.4500000000	0.0615515473
1593.4600000000	0.0620292360
1593.4700000000	0.0625040644
1593.4800000000	0.0629286287
1593.4900000000	0.0633635663
1593.5000000000	0.0638175891
1593.5100000000	0.0642215713
1593.5200000000	0.0645953041
1593.5300000000	0.0647879608
1593.5400000000	0.0648467943
1593.5500000000	0.0647711354
1593.5600000000	0.0646184632
1593.5700000000	0.0642219682
1593.5800000000	0.0636534285
1593.5900000000	0.0630197390
1593.6000000000	0.0625612368
1593.6100000000	0.0622751447
1593.6200000000	0.0621277798
1593.6300000000	0.0619920465
1593.6400000000	0.0620252219
1593.6500000000	0.0623583520
1593.6600000000	0.0627572153
1593.6700000000	0.0633518771
1593.6800000000	0.0638115114
1593.6900000000	0.0643639276
1593.7000000000	0.0650963100
1593.7100000000	0.0658366134
1593.7200000000	0.0664542924
1593.7300000000	0.0669631038
1593.7400000000	0.0672794776
1593.7500000000	0.0674268376
1593.7600000000	0.0673567408
1593.7700000000	0.0670706401
1593.7800000000	0.0666647364
1593.7900000000	0.0663198049
1593.8000000000	0.0658501417
1593.8100000000	0.0654376482
1593.8200000000	0.0650576991
1593.8300000000	0.0647462581
1593.8400000000	0.0644981337
1593.8500000000	0.0642709889
1593.8600000000	0.0642088708
1593.8700000000	0.0642240391
1593.8800000000	0.0643540561
1593.8900000000	0.0646068749
1593.9000000000	0.0648474047
1593.9100000000	0.0650735006
1593.9200000000	0.0654945860
1593.9300000000	0.0658323041
1593.9400000000	0.0659966317
1593.9500000000	0.0659213149
1593.9600000000	0.0656540350
1593.9700000000	0.0652752820
1593.9800000000	0.0647712345
1593.9900000000	0.0641668022
1594.0000000000	0.0635705364
1594.0100000000	0.0631190535
1594.0200000000	0.0628229149
1594.0300000000	0.0625355329
1594.0400000000	0.0623437005
1594.0500000000	0.0622059071
1594.0600000000	0.0621063949
1594.0700000000	0.0621501141
1594.0800000000	0.0622450898
1594.0900000000	0.0622808706
1594.1000000000	0.0623530731
1594.1100000000	0.0627002139
1594.1200000000	0.0630473548
1594.1300000000	0.0633311146
1594.1400000000	0.0637202166
1594.1500000000	0.0638798467
1594.1600000000	0.0638870697
1594.1700000000	0.0637137167
1594.1800000000	0.0634280312
1594.1900000000	0.0631004659
1594.2000000000	0.0627399312
1594.2100000000	0.0624452049
1594.2200000000	0.0622423395
1594.2300000000	0.0622586620
1594.2400000000	0.0623786518
1594.2500000000	0.0626101508
1594.2600000000	0.0629146057
1594.2700000000	0.0633394208
1594.2800000000	0.0637668105
1594.2900000000	0.0643146782
1594.3000000000	0.0650789104
1594.3100000000	0.0657550999
1594.3200000000	0.0663920556
1594.3300000000	0.0669654870
1594.3400000000	0.0674075854
1594.3500000000	0.0675959818
1594.3600000000	0.0675531918
1594.3700000000	0.0674254462
1594.3800000000	0.0670533121
1594.3900000000	0.0665569068
1594.4000000000	0.0660171621
1594.4100000000	0.0655953756
1594.4200000000	0.0652282553
1594.4300000000	0.0650875829
1594.4400000000	0.0650063236
1594.4500000000	0.0651009812
1594.4600000000	0.0653186937
1594.4700000000	0.0656018945
1594.4800000000	0.0661097936
1594.4900000000	0.0666851047
1594.5000000000	0.0673785242
1594.5100000000	0.0681233000
1594.5200000000	0.0688723625
1594.5300000000	0.0695301421
1594.5400000000	0.0700598716
1594.5500000000	0.0702514953
1594.5600000000	0.0702122320
1594.5700000000	0.0699488315
1594.5800000000	0.0693268624
1594.5900000000	0.0686327601
1594.6000000000	0.0678187367
1594.6100000000	0.0670975416
1594.6200000000	0.0665401050
1594.6300000000	0.0661011436
1594.6400000000	0.0658439878
1594.6500000000	0.0654821742
1594.6600000000	0.0653068618
1594.6700000000	0.0651020502
1594.6800000000	0.0650669972
1594.6900000000	0.0649607970
1594.7000000000	0.0649239664
1594.7100000000	0.0652479345
1594.7200000000	0.0654712518
1594.7300000000	0.0660110784
1594.7400000000	0.0663779013
1594.7500000000	0.0668442713
1594.7600000000	0.0671944229
1594.7700000000	0.0674004107
1594.7800000000	0.0674395246
1594.7900000000	0.0672923670
1594.8000000000	0.0671277553
1594.8100000000	0.0671468688
1594.8200000000	0.0672261048
1594.8300000000	0.0672480528
1594.8400000000	0.0673159910
1594.8500000000	0.0675091803
1594.8600000000	0.0677808085
1594.8700000000	0.0680834267
1594.8800000000	0.0682695319
1594.8900000000	0.0684599887
1594.9000000000	0.0687332695
1594.9100000000	0.0690174300
1594.9200000000	0.0693170010
1594.9300000000	0.0695509645
1594.9400000000	0.0696266406
1594.9500000000	0.0697047540
1594.9600000000	0.0696099964
1594.9700000000	0.0693070521
1594.9800000000	0.0688014245
1594.9900000000	0.0683044645
1595.0000000000	0.0678855748
1595.0100000000	0.0675633512
1595.0200000000	0.0672737957
1595.0300000000	0.0671920742
1595.0400000000	0.0670858695
1595.0500000000	0.0671833912
1595.0600000000	0.0672305561
1595.0700000000	0.0673414794
1595.0800000000	0.0675853405
1595.0900000000	0.0678845041
1595.1000000000	0.0681776932
1595.1100000000	0.0685066392
1595.1200000000	0.0687640742
1595.1300000000	0.0689357024
1595.1400000000	0.0690000597
1595.1500000000	0.0689142500
1595.1600000000	0.0686172753
1595.1700000000	0.0681213099
1595.1800000000	0.0675609106
1595.1900000000	0.0670624025
1595.2000000000	0.0664451007
1595.2100000000	0.0658822159
1595.2200000000	0.0655351853
1595.2300000000	0.0653564027
1595.2400000000	0.0653957268
1595.2500000000	0.0655704289
1595.2600000000	0.0658579349
1595.2700000000	0.0662891002
1595.2800000000	0.0666122535
1595.2900000000	0.0670023766
1595.3000000000	0.0674625917
1595.3100000000	0.0678520067
1595.3200000000	0.0683115138
1595.3300000000	0.0686782587
1595.3400000000	0.0688631948
1595.3500000000	0.0688939509
1595.3600000000	0.0686484749
1595.3700000000	0.0682807123
1595.3800000000	0.0676965934
1595.3900000000	0.0670763591
1595.4000000000	0.0665099438
1595.4100000000	0.0659569018
1595.4200000000	0.0655260327
1595.4300000000	0.0653367778
1595.4400000000	0.0651831094
1595.4500000000	0.0652512681
1595.4600000000	0.0654300412
1595.4700000000	0.0656196673
1595.4800000000	0.0657373151
1595.4900000000	0.0659858708
1595.5000000000	0.0662914282
1595.5100000000	0.0664656145
1595.5200000000	0.0666044652
1595.5300000000	0.0667460655
1595.5400000000	0.0668536854
1595.5500000000	0.0671025338
1595.5600000000	0.0671404331
1595.5700000000	0.0669992046
1595.5800000000	0.0665730018
1595.5900000000	0.0661754020
1595.6000000000	0.0657105847
1595.6100000000	0.0652688341
1595.6200000000	0.0648536117
1595.6300000000	0.0645599597
1595.6400000000	0.0645478040
1595.6500000000	0.0646601015
1595.6600000000	0.0648453783
1595.6700000000	0.0649890426
1595.6800000000	0.0652486316
1595.6900000000	0.0655354260
1595.7000000000	0.0658536049
1595.7100000000	0.0662812237
1595.7200000000	0.0667736817
1595.7300000000	0.0672013014
1595.7400000000	0.0675038464
1595.7500000000	0.0676413620
1595.7600000000	0.0676083582
1595.7700000000	0.0674064051
1595.7800000000	0.0672288006
1595.7900000000	0.0669487399
1595.8000000000	0.0665060567
1595.8100000000	0.0660849659
1595.8200000000	0.0658278586
1595.8300000000	0.0655751527
1595.8400000000	0.0655675685
1595.8500000000	0.0657062943
1595.8600000000	0.0658479370
1595.8700000000	0.0660575191
1595.8800000000	0.0664044541
1595.8900000000	0.0668414882
1595.9000000000	0.0671638585
1595.9100000000	0.0676436706
1595.9200000000	0.0682197757
1595.9300000000	0.0686092567
1595.9400000000	0.0688733275
1595.9500000000	0.0688656213
1595.9600000000	0.0685795775
1595.9700000000	0.0682699442
1595.9800000000	0.0678519249
1595.9900000000	0.0673474603
1596.0000000000	0.0668561709
1596.0100000000	0.0664366931
1596.0200000000	0.0661799147
1596.0300000000	0.0660219720
1596.0400000000	0.0659772224
1596.0500000000	0.0661253473
1596.0600000000	0.0664331156
1596.0700000000	0.0668041483
1596.0800000000	0.0672723504
1596.0900000000	0.0678819335
1596.1000000000	0.0684658995
1596.1100000000	0.0691016123
1596.1200000000	0.0694330956
1596.1300000000	0.0696876377
1596.1400000000	0.0697781821
1596.1500000000	0.0694751449
1596.1600000000	0.0689979378
1596.1700000000	0.0682068779
1596.1800000000	0.0671926932
1596.1900000000	0.0662286521
1596.2000000000	0.0653255542
1596.2100000000	0.0645581175
1596.2200000000	0.0640045598
1596.2300000000	0.0638628725
1596.2400000000	0.0639473846
1596.2500000000	0.0641438660
1596.2600000000	0.0645909870
1596.2700000000	0.0650821685
1596.2800000000	0.0655521973
1596.2900000000	0.0661959371
1596.3000000000	0.0669381755
1596.3100000000	0.0675415364
1596.3200000000	0.0681873182
1596.3300000000	0.0688513112
1596.3400000000	0.0693383886
1596.3500000000	0.0695738101
1596.3600000000	0.0697408987
1596.3700000000	0.0693593518
1596.3800000000	0.0687742088
1596.3900000000	0.0680704281
1596.4000000000	0.0671705298
1596.4100000000	0.0661555815
1596.4200000000	0.0654771212
1596.4300000000	0.0650305489
1596.4400000000	0.0645815014
1596.4500000000	0.0642584912
1596.4600000000	0.0641463952
1596.4700000000	0.0640034615
1596.4800000000	0.0637440535
1596.4900000000	0.0637093720
1596.5000000000	0.0637494708
1596.5100000000	0.0639414164
1596.5200000000	0.0644090940
1596.5300000000	0.0649466236
1596.5400000000	0.0655098669
1596.5500000000	0.0659686660
1596.5600000000	0.0663541869
1596.5700000000	0.0663541869
1596.5800000000	0.0660764713
1596.5900000000	0.0657650845
1596.6000000000	0.0651202789
1596.6100000000	0.0645925555
1596.6200000000	0.0642310066
1596.6300000000	0.0639752661
1596.6400000000	0.0637887460
1596.6500000000	0.0636669913
1596.6600000000	0.0636875621
1596.6700000000	0.0638606117
1596.6800000000	0.0640751464
1596.6900000000	0.0644419975
1596.7000000000	0.0647715602
1596.7100000000	0.0651645043
1596.7200000000	0.0658088250
1596.7300000000	0.0664057872
1596.7400000000	0.0669429996
1596.7500000000	0.0675386624
1596.7600000000	0.0678109193
1596.7700000000	0.0677486241
1596.7800000000	0.0674419496
1596.7900000000	0.0669052541
1596.8000000000	0.0661060815
1596.8100000000	0.0654050466
1596.8200000000	0.0646606846
1596.8300000000	0.0640763259
1596.8400000000	0.0639228238
1596.8500000000	0.0639130089
1596.8600000000	0.0638598117
1596.8700000000	0.0639575278
1596.8800000000	0.0642631894
1596.8900000000	0.0644727704
1596.9000000000	0.0647451961
1596.9100000000	0.0650825123
1596.9200000000	0.0653881220
1596.9300000000	0.0656060729
1596.9400000000	0.0659924228
1596.9500000000	0.0663874602
1596.9600000000	0.0664898419
1596.9700000000	0.0665248949
1596.9800000000	0.0663966669
1596.9900000000	0.0661389436
1597.0000000000	0.0657760786
1597.0100000000	0.0653541168
1597.0200000000	0.0649917140
1597.0300000000	0.0647749912
1597.0400000000	0.0647451961
1597.0500000000	0.0648764172
1597.0600000000	0.0651231812
1597.0700000000	0.0655542985
1597.0800000000	0.0660984212
1597.0900000000	0.0667117274
1597.1000000000	0.0673135572
1597.1100000000	0.0678803266
1597.1200000000	0.0684814339
1597.1300000000	0.0692625082
1597.1400000000	0.0699042057
1597.1500000000	0.0705414211
1597.1600000000	0.0711113901
1597.1700000000	0.0714716750
1597.1800000000	0.0716268764
1597.1900000000	0.0715580944
1597.2000000000	0.0712323577
1597.2100000000	0.0708277040
1597.2200000000	0.0703803556
1597.2300000000	0.0699711165
1597.2400000000	0.0695817015
1597.2500000000	0.0692914167
1597.2600000000	0.0691405777
1597.2700000000	0.0690340438
1597.2800000000	0.0689028087
1597.2900000000	0.0688322346
1597.3000000000	0.0688470914
1597.3100000000	0.0690201714
1597.3200000000	0.0693870346
1597.3300000000	0.0697062292
1597.3400000000	0.0700329019
1597.3500000000	0.0702038221
1597.3600000000	0.0703527985
1597.3700000000	0.0702887087
1597.3800000000	0.0699056227
1597.3900000000	0.0693788555
1597.4000000000	0.0687458881
1597.4100000000	0.0681365716
1597.4200000000	0.0674608047
1597.4300000000	0.0669808009
1597.4400000000	0.0664814719
1597.4500000000	0.0662258792
1597.4600000000	0.0661160368
1597.4700000000	0.0659540674
1597.4800000000	0.0658120612
1597.4900000000	0.0658091687
1597.5000000000	0.0659771580
1597.5100000000	0.0661646758
1597.5200000000	0.0664207351
1597.5300000000	0.0667060068
1597.5400000000	0.0671450346
1597.5500000000	0.0676661482
1597.5600000000	0.0681720336
1597.5700000000	0.0685229633
1597.5800000000	0.0687114432
1597.5900000000	0.0687497813
1597.6000000000	0.0685510952
1597.6100000000	0.0682909231
1597.6200000000	0.0679962843
1597.6300000000	0.0677956835
1597.6400000000	0.0676428676
1597.6500000000	0.0674979952
1597.6600000000	0.0674629422
1597.6700000000	0.0675313228
1597.6800000000	0.0676350524
1597.6900000000	0.0677744797
1597.7000000000	0.0678515670
1597.7100000000	0.0679237974
1597.7200000000	0.0679960279
1597.7300000000	0.0680322412
1597.7400000000	0.0679719329
1597.7500000000	0.0678178077
1597.7600000000	0.0675685082
1597.7700000000	0.0671959583
1597.7800000000	0.0667306607
1597.7900000000	0.0660706131
1597.8000000000	0.0654245429
1597.8100000000	0.0647568835
1597.8200000000	0.0641380670
1597.8300000000	0.0636789811
1597.8400000000	0.0633758840
1597.8500000000	0.0633012665
1597.8600000000	0.0634054699
1597.8700000000	0.0636198120
1597.8800000000	0.0638980148
1597.8900000000	0.0641672146
1597.9000000000	0.0645108893
1597.9100000000	0.0650026370
1597.9200000000	0.0654380991
1597.9300000000	0.0659980893
1597.9400000000	0.0666233919
1597.9500000000	0.0672845179
1597.9600000000	0.0679799859
1597.9700000000	0.0685166477
1597.9800000000	0.0688732929
1597.9900000000	0.0689891146
1598.0000000000	0.0690614556
1598.0100000000	0.0691020119
1598.0200000000	0.0689336593
1598.0300000000	0.0688652945
1598.0400000000	0.0689088018
1598.0500000000	0.0691525504
1598.0600000000	0.0693480568
1598.0700000000	0.0695618732
1598.0800000000	0.0698334012
1598.0900000000	0.0701184853
1598.1000000000	0.0703809250
1598.1100000000	0.0703716290
1598.1200000000	0.0703230035
1598.1300000000	0.0704660197
1598.1400000000	0.0706842023
1598.1500000000	0.0708268252
1598.1600000000	0.0708848675
1598.1700000000	0.0707623874
1598.1800000000	0.0705451380
1598.1900000000	0.0702578934
1598.2000000000	0.0697904829
1598.2100000000	0.0690531512
1598.2200000000	0.0683866736
1598.2300000000	0.0678875314
1598.2400000000	0.0675514585
1598.2500000000	0.0673237700
1598.2600000000	0.0672258853
1598.2700000000	0.0672696468
1598.2800000000	0.0672838069
1598.2900000000	0.0673393584
1598.3000000000	0.0674592187
1598.3100000000	0.0674504488
1598.3200000000	0.0674485574
1598.3300000000	0.0675224110
1598.3400000000	0.0676069831
1598.3500000000	0.0676934310
1598.3600000000	0.0677975756
1598.3700000000	0.0679649330
1598.3800000000	0.0681527679
1598.3900000000	0.0681657693
1598.4000000000	0.0679599127
1598.4100000000	0.0676348690
1598.4200000000	0.0672758692
1598.4300000000	0.0668804941
1598.4400000000	0.0664852780
1598.4500000000	0.0661381736
1598.4600000000	0.0659360053
1598.4700000000	0.0658660422
1598.4800000000	0.0658536010
1598.4900000000	0.0659656663
1598.5000000000	0.0661073992
1598.5100000000	0.0663304654
1598.5200000000	0.0664165812
1598.5300000000	0.0665315270
1598.5400000000	0.0666767030
1598.5500000000	0.0668503769
1598.5600000000	0.0669189696
1598.5700000000	0.0669545863
1598.5800000000	0.0669348610
1598.5900000000	0.0669520505
1598.6000000000	0.0668411278
1598.6100000000	0.0665790249
1598.6200000000	0.0663323091
1598.6300000000	0.0661657759
1598.6400000000	0.0660466180
1598.6500000000	0.0659419491
1598.6600000000	0.0659074272
1598.6700000000	0.0659803799
1598.6800000000	0.0662389724
1598.6900000000	0.0665393929
1598.7000000000	0.0667918242
1598.7100000000	0.0670399642
1598.7200000000	0.0673302948
1598.7300000000	0.0676546395
1598.7400000000	0.0679149728
1598.7500000000	0.0679989171
1598.7600000000	0.0679170288
1598.7700000000	0.0677191391
1598.7800000000	0.0675337458
1598.7900000000	0.0672459528
1598.8000000000	0.0668175769
1598.8100000000	0.0663301037
1598.8200000000	0.0660464707
1598.8300000000	0.0658853856
1598.8400000000	0.0656845818
1598.8500000000	0.0655836929
1598.8600000000	0.0656477548
1598.8700000000	0.0657765922
1598.8800000000	0.0659393512
1598.8900000000	0.0661129192
1598.9000000000	0.0662634120
1598.9100000000	0.0665891856
1598.9200000000	0.0669217472
1598.9300000000	0.0671864645
1598.9400000000	0.0675492682
1598.9500000000	0.0679456443
1598.9600000000	0.0682882081
1598.9700000000	0.0684897373
1598.9800000000	0.0685145051
1598.9900000000	0.0685405525
1599.0000000000	0.0685709965
1599.0100000000	0.0685289763
1599.0200000000	0.0684072199
1599.0300000000	0.0683049556
1599.0400000000	0.0682280536
1599.0500000000	0.0682731665
1599.0600000000	0.0682849641
1599.0700000000	0.0681976703
1599.0800000000	0.0682063614
1599.0900000000	0.0681284813
1599.1000000000	0.0678494001
1599.1100000000	0.0675821358
1599.1200000000	0.0673293147
1599.1300000000	0.0671400896
1599.1400000000	0.0669675210
1599.1500000000	0.0668740104
1599.1600000000	0.0667309841
1599.1700000000	0.0666058404
1599.1800000000	0.0665467087
1599.1900000000	0.0664298204
1599.2000000000	0.0662001615
1599.2100000000	0.0659405395
1599.2200000000	0.0656927077
1599.2300000000	0.0654592156
1599.2400000000	0.0654259753
1599.2500000000	0.0654960604
1599.2600000000	0.0655513167
1599.2700000000	0.0657148752
1599.2800000000	0.0659493139
1599.2900000000	0.0660878791
1599.3000000000	0.0660152860
1599.3100000000	0.0658345623
1599.3200000000	0.0657253527
1599.3300000000	0.0655276745
1599.3400000000	0.0653730539
1599.3500000000	0.0652300357
1599.3600000000	0.0651177680
1599.3700000000	0.0648232069
1599.3800000000	0.0644667351
1599.3900000000	0.0640420056
1599.4000000000	0.0635443233
1599.4100000000	0.0632041527
1599.4200000000	0.0630457704
1599.4300000000	0.0629373018
1599.4400000000	0.0630110662
1599.4500000000	0.0633458817
1599.4600000000	0.0638270263
1599.4700000000	0.0644373622
1599.4800000000	0.0650843585
1599.4900000000	0.0656949676
1599.5000000000	0.0661868522
1599.5100000000	0.0664837511
1599.5200000000	0.0665687112
1599.5300000000	0.0666111913
1599.5400000000	0.0665984472
1599.5500000000	0.0664873882
1599.5600000000	0.0663463908
1599.5700000000	0.0661422018
1599.5800000000	0.0658178527
1599.5900000000	0.0652267543
1599.6000000000	0.0645299046
1599.6100000000	0.0638063501
1599.6200000000	0.0630643502
1599.6300000000	0.0624554514
1599.6400000000	0.0620748864
1599.6500000000	0.0619391305
1599.6600000000	0.0620528284
1599.6700000000	0.0624734840
1599.6800000000	0.0629485075
1599.6900000000	0.0634629733
1599.7000000000	0.0640634205
1599.7100000000	0.0645432865
1599.7200000000	0.0649132152
1599.7300000000	0.0651457950
1599.7400000000	0.0653162637
1599.7500000000	0.0653305557
1599.7600000000	0.0652461080
1599.7700000000	0.0652263284
1599.7800000000	0.0652616582
1599.7900000000	0.0651352549
1599.8000000000	0.0648600503
1599.8100000000	0.0645603408
1599.8200000000	0.0640998140
1599.8300000000	0.0635992605
1599.8400000000	0.0631698221
1599.8500000000	0.0627200508
1599.8600000000	0.0623997351
1599.8700000000	0.0623715154
1599.8800000000	0.0624591705
1599.8900000000	0.0625995146
1599.9000000000	0.0630238468
1599.9100000000	0.0633638785
1599.9200000000	0.0637141341
1599.9300000000	0.0639574944
1599.9400000000	0.0640536957
1599.9500000000	0.0640952366
1599.9600000000	0.0641895636
1599.9700000000	0.0641795524
1599.9800000000	0.0639118525
1599.9900000000	0.0634785414
1600.0000000000	0.0629900062
1600.0100000000	0.0624242074
1600.0200000000	0.0618480227
1600.0300000000	0.0613211331
1600.0400000000	0.0609001695
1600.0500000000	0.0606219001
1600.0600000000	0.0605840082
1600.0700000000	0.0606907046
1600.0800000000	0.0609111723
1600.0900000000	0.0613250880
1600.1000000000	0.0618759348
1600.1100000000	0.0623874871
1600.1200000000	0.0629008023
1600.1300000000	0.0635970572
1600.1400000000	0.0643330698
1600.1500000000	0.0650105373
1600.1600000000	0.0655976718
1600.1700000000	0.0662662821
1600.1800000000	0.0668055923
1600.1900000000	0.0672760772
1600.2000000000	0.0675591645
1600.2100000000	0.0676056079
1600.2200000000	0.0676629560
1600.2300000000	0.0675913063
1600.2400000000	0.0674848937
1600.2500000000	0.0674625917
1600.2600000000	0.0675190831
1600.2700000000	0.0676179979
1600.2800000000	0.0676971383
1600.2900000000	0.0677949052
1600.3000000000	0.0678457818
1600.3100000000	0.0678797369
1600.3200000000	0.0679793535
1600.3300000000	0.0680955218
1600.3400000000	0.0681029932
1600.3500000000	0.0681272110
1600.3600000000	0.0682513270
1600.3700000000	0.0683026641
1600.3800000000	0.0682318568
1600.3900000000	0.0680562652
1600.4000000000	0.0677744738
1600.4100000000	0.0674341274
1600.4200000000	0.0670655581
1600.4300000000	0.0665944159
1600.4400000000	0.0660782016
1600.4500000000	0.0657757667
1600.4600000000	0.0656616581
1600.4700000000	0.0656390766
1600.4800000000	0.0656949424
1600.4900000000	0.0658835294
1600.5000000000	0.0662118641
1600.5100000000	0.0665941962
1600.5200000000	0.0669556452
1600.5300000000	0.0672287456
1600.5400000000	0.0674830196
1600.5500000000	0.0677652489
1600.5600000000	0.0680270095
1600.5700000000	0.0681291893
1600.5800000000	0.0682536335
1600.5900000000	0.0683374034
1600.6000000000	0.0682574509
1600.6100000000	0.0680482091
1600.6200000000	0.0677100433
1600.6300000000	0.0672494882
1600.6400000000	0.0667974009
1600.6500000000	0.0664149596
1600.6600000000	0.0661689013
1600.6700000000	0.0660807802
1600.6800000000	0.0661150896
1600.6900000000	0.0662841333
1600.7000000000	0.0664293810
1600.7100000000	0.0666168697
1600.7200000000	0.0668643381
1600.7300000000	0.0670111822
1600.7400000000	0.0671856734
1600.7500000000	0.0674085790
1600.7600000000	0.0677451641
1600.7700000000	0.0681468409
1600.7800000000	0.0686375971
1600.7900000000	0.0692671773
1600.8000000000	0.0697621403
1600.8100000000	0.0701902524
1600.8200000000	0.0704533794
1600.8300000000	0.0707061998
1600.8400000000	0.0708203244
1600.8500000000	0.0710256026
1600.8600000000	0.0711332313
1600.8700000000	0.0712937889
1600.8800000000	0.0713794637
1600.8900000000	0.0715001767
1600.9000000000	0.0715386850
1600.9100000000	0.0715150708
1600.9200000000	0.0714126634
1600.9300000000	0.0710773642
1600.9400000000	0.0706805498
1600.9500000000	0.0703444559
1600.9600000000	0.0700226607
1600.9700000000	0.0696339019
1600.9800000000	0.0691500847
1600.9900000000	0.0686841011
1601.0000000000	0.0680973375
1601.0100000000	0.0674547641
1601.0200000000	0.0667731341
1601.0300000000	0.0661730972
1601.0400000000	0.0655964032
1601.0500000000	0.0652137379
1601.0600000000	0.0650347831
1601.0700000000	0.0649611652
1601.0800000000	0.0652372715
1601.0900000000	0.0653858945
1601.1000000000	0.0656033226
1601.1100000000	0.0657835524
1601.1200000000	0.0659294141
1601.1300000000	0.0660691812
1601.1400000000	0.0661038939
1601.1500000000	0.0659997559
1601.1600000000	0.0660976456
1601.1700000000	0.0660392616
1601.1800000000	0.0660011444
1601.1900000000	0.0659667221
1601.2000000000	0.0659323432
1601.2100000000	0.0659805074
1601.2200000000	0.0659688230
1601.2300000000	0.0656791676
1601.2400000000	0.0653750629
1601.2500000000	0.0650884496
1601.2600000000	0.0648024055
1601.2700000000	0.0646035959
1601.2800000000	0.0645099345
1601.2900000000	0.0644949178
1601.3000000000	0.0644949178
1601.3100000000	0.0646288053
1601.3200000000	0.0648178100
1601.3300000000	0.0649282150
1601.3400000000	0.0650354911
1601.3500000000	0.0651756754
1601.3600000000	0.0652450452
1601.3700000000	0.0651785932
1601.3800000000	0.0653909510
1601.3900000000	0.0654689740
1601.4000000000	0.0656801938
1601.4100000000	0.0657855308
1601.4200000000	0.0658553367
1601.4300000000	0.0660289143
1601.4400000000	0.0659643490
1601.4500000000	0.0659935376
1601.4600000000	0.0659966317
1601.4700000000	0.0662059992
1601.4800000000	0.0665037321
1601.4900000000	0.0669287167
1601.5000000000	0.0672813153
1601.5100000000	0.0675733939
1601.5200000000	0.0677772384
1601.5300000000	0.0678473199
1601.5400000000	0.0677735470
1601.5500000000	0.0676373893
1601.5600000000	0.0676056079
1601.5700000000	0.0676056079
1601.5800000000	0.0676056079
1601.5900000000	0.0675713917
1601.6000000000	0.0676111949
1601.6100000000	0.0677893487
1601.6200000000	0.0678474040
1601.6300000000	0.0677111001
1601.6400000000	0.0676771160
1601.6500000000	0.0676803668
1601.6600000000	0.0677959496
1601.6700000000	0.0680884835
1601.6800000000	0.0684537241
1601.6900000000	0.0688906952
1601.7000000000	0.0694459490
1601.7100000000	0.0698658981
1601.7200000000	0.0702514953
1601.7300000000	0.0704250587
1601.7400000000	0.0706284587
1601.7500000000	0.0707080617
1601.7600000000	0.0705964392
1601.7700000000	0.0706023877
1601.7800000000	0.0705212786
1601.7900000000	0.0705017737
1601.8000000000	0.0704418225
1601.8100000000	0.0704002322
1601.8200000000	0.0703647755
1601.8300000000	0.0703293755
1601.8400000000	0.0703230035
1601.8500000000	0.0702334340
1601.8600000000	0.0702157413
1601.8700000000	0.0702849427
1601.8800000000	0.0704705364
1601.8900000000	0.0706061601
1601.9000000000	0.0705667148
1601.9100000000	0.0705097191
1601.9200000000	0.0705689480
1601.9300000000	0.0704952730
1601.9400000000	0.0701807003
1601.9500000000	0.0699249993
1601.9600000000	0.0696581737
1601.9700000000	0.0695020332
1601.9800000000	0.0692648650
1601.9900000000	0.0690918986
1602.0000000000	0.0689550234
1602.0100000000	0.0688570435
1602.0200000000	0.0688570435
1602.0300000000	0.0686883786
1602.0400000000	0.0686782587
1602.0500000000	0.0686171644
1602.0600000000	0.0687271230
1602.0700000000	0.0689876697
1602.0800000000	0.0691827360
1602.0900000000	0.0695339071
1602.1000000000	0.0700953753
1602.1100000000	0.0705522615
1602.1200000000	0.0708104768
1602.1300000000	0.0708593288
1602.1400000000	0.0707992316
1602.1500000000	0.0704610231
1602.1600000000	0.0701153114
1602.1700000000	0.0695233832
1602.1800000000	0.0690914312
1602.1900000000	0.0687013862
1602.2000000000	0.0684333967
1602.2100000000	0.0679356314
1602.2200000000	0.0675398194
1602.2300000000	0.0671132590
1602.2400000000	0.0667099387
1602.2500000000	0.0661934596
1602.2600000000	0.0659579885
1602.2700000000	0.0659381251
1602.2800000000	0.0661347420
1602.2900000000	0.0668014521
1602.3000000000	0.0674802990
1602.3100000000	0.0683656653
1602.3200000000	0.0692840614
1602.3300000000	0.0701879680
1602.3400000000	0.0709873397
1602.3500000000	0.0713284366
1602.3600000000	0.0715826609
1602.3700000000	0.0716420142
1602.3800000000	0.0714868287
1602.3900000000	0.0712444146
1602.4000000000	0.0708031966
1602.4100000000	0.0703948777
1602.4200000000	0.0700162574
1602.4300000000	0.0693576148
1602.4400000000	0.0685393385
1602.4500000000	0.0679123532
1602.4600000000	0.0673799083
1602.4700000000	0.0670372893
1602.4800000000	0.0667308685
1602.4900000000	0.0667432785
1602.5000000000	0.0670243245
1602.5100000000	0.0673216671
1602.5200000000	0.0676392407
1602.5300000000	0.0678423143
1602.5400000000	0.0681641034
1602.5500000000	0.0684794688
1602.5600000000	0.0687140273
1602.5700000000	0.0687292059
1602.5800000000	0.0688212895
1602.5900000000	0.0688222919
1602.6000000000	0.0688557069
1602.6100000000	0.0687250285
1602.6200000000	0.0684560241
1602.6300000000	0.0682368070
1602.6400000000	0.0679326669
1602.6500000000	0.0675528638
1602.6600000000	0.0671938929
1602.6700000000	0.0669903404
1602.6800000000	0.0670512285
1602.6900000000	0.0673067015
1602.7000000000	0.0678190275
1602.7100000000	0.0683726890
1602.7200000000	0.0690914711
1602.7300000000	0.0698704757
1602.7400000000	0.0706515790
1602.7500000000	0.0709797646
1602.7600000000	0.0711891563
1602.7700000000	0.0715126379
1602.7800000000	0.0715705832
1602.7900000000	0.0715293113
1602.8000000000	0.0714121011
1602.8100000000	0.0711009533
1602.8200000000	0.0709589294
1602.8300000000	0.0708235735
1602.8400000000	0.0704022981
1602.8500000000	0.0697795260
1602.8600000000	0.0693082396
1602.8700000000	0.0689677110
1602.8800000000	0.0687600950
1602.8900000000	0.0686517882
1602.9000000000	0.0686744029
1602.9100000000	0.0689254255
1602.9200000000	0.0693562104
1602.9300000000	0.0698751758
1602.9400000000	0.0702052655
1602.9500000000	0.0705548754
1602.9600000000	0.0708239359
1602.9700000000	0.0707670834
1602.9800000000	0.0705346405
1602.9900000000	0.0703151376
1603.0000000000	0.0701929887
1603.0100000000	0.0701151007
1603.0200000000	0.0699335388
1603.0300000000	0.0697752664
1603.0400000000	0.0695437571
1603.0500000000	0.0692878404
1603.0600000000	0.0690257456
1603.0700000000	0.0686200707
1603.0800000000	0.0683522242
1603.0900000000	0.0682903814
1603.1000000000	0.0683987933
1603.1100000000	0.0685168249
1603.1200000000	0.0687554467
1603.1300000000	0.0692058288
1603.1400000000	0.0695418336
1603.1500000000	0.0698142594
1603.1600000000	0.0698884920
1603.1700000000	0.0698939402
1603.1800000000	0.0698939402
1603.1900000000	0.0698045551
1603.2000000000	0.0697002435
1603.2100000000	0.0695378042
1603.2200000000	0.0694726650
1603.2300000000	0.0693544288
1603.2400000000	0.0690765273
1603.2500000000	0.0687283179
1603.2600000000	0.0683929559
1603.2700000000	0.0681798574
1603.2800000000	0.0679401783
1603.2900000000	0.0678313199
1603.3000000000	0.0678201468
1603.3100000000	0.0679616252
1603.3200000000	0.0684567319
1603.3300000000	0.0689117262
1603.3400000000	0.0691321030
1603.3500000000	0.0694817033
1603.3600000000	0.0697480637
1603.3700000000	0.0696794159
1603.3800000000	0.0696739426
1603.3900000000	0.0695670831
1603.4000000000	0.0694977991
1603.4100000000	0.0694553426
1603.4200000000	0.0693164123
1603.4300000000	0.0690439866
1603.4400000000	0.0687356860
1603.4500000000	0.0686823465
1603.4600000000	0.0685583975
1603.4700000000	0.0684211045
1603.4800000000	0.0683384249
1603.4900000000	0.0684244750
1603.5000000000	0.0687441132
1603.5100000000	0.0693848686
1603.5200000000	0.0701035142
1603.5300000000	0.0708164195
1603.5400000000	0.0716860262
1603.5500000000	0.0725934500
1603.5600000000	0.0732155535
1603.5700000000	0.0736762421
1603.5800000000	0.0740697653
1603.5900000000	0.0741187552
1603.6000000000	0.0739823360
1603.6100000000	0.0737665534
1603.6200000000	0.0734837638
1603.6300000000	0.0731606632
1603.6400000000	0.0727700844
1603.6500000000	0.0722051557
1603.6600000000	0.0713584712
1603.6700000000	0.0706376543
1603.6800000000	0.0701284880
1603.6900000000	0.0695307218
1603.7000000000	0.0692066915
1603.7100000000	0.0690208890
1603.7200000000	0.0688778711
1603.7300000000	0.0688278215
1603.7400000000	0.0689605240
1603.7500000000	0.0691324293
1603.7600000000	0.0691788446
1603.7700000000	0.0692997774
1603.7800000000	0.0693576148
1603.7900000000	0.0691688238
1603.8000000000	0.0691650335
1603.8100000000	0.0694493475
1603.8200000000	0.0695959752
1603.8300000000	0.0695834491
1603.8400000000	0.0696469078
1603.8500000000	0.0696794159
1603.8600000000	0.0695940559
1603.8700000000	0.0695098579
1603.8800000000	0.0691993841
1603.8900000000	0.0690037844
1603.9000000000	0.0690000597
1603.9100000000	0.0690354563
1603.9200000000	0.0691788446
1603.9300000000	0.0693218608
1603.9400000000	0.0696758758
1603.9500000000	0.0700298764
1603.9600000000	0.0701757388
1603.9700000000	0.0701799872
1603.9800000000	0.0701799872
1603.9900000000	0.0700832278
1604.0000000000	0.0700727105
1604.0100000000	0.0698932527
1604.0200000000	0.0697741979
1604.0300000000	0.0696470243
1604.0400000000	0.0696318417
1604.0500000000	0.0695533943
1604.0600000000	0.0695006311
1604.0700000000	0.0695222251
1604.0800000000	0.0695363851
1604.0900000000	0.0695363851
1604.1000000000	0.0695565632
1604.1100000000	0.0696506659
1604.1200000000	0.0698107501
1604.1300000000	0.0700853586
1604.1400000000	0.0704547372
1604.1500000000	0.0707866917
1604.1600000000	0.0710877882
1604.1700000000	0.0713096210
1604.1800000000	0.0714653566
1604.1900000000	0.0714761911
1604.2000000000	0.0713588167
1604.2100000000	0.0711869083
1604.2200000000	0.0710341297
1604.2300000000	0.0707792398
1604.2400000000	0.0705754518
1604.2500000000	0.0703962993
1604.2600000000	0.0702189273
1604.2700000000	0.0700405351
1604.2800000000	0.0700012024
1604.2900000000	0.0699466863
1604.3000000000	0.0699829748
1604.3100000000	0.0701039624
1604.3200000000	0.0701940084
1604.3300000000	0.0702890194
1604.3400000000	0.0704674357
1604.3500000000	0.0706561276
1604.3600000000	0.0707396767
1604.3700000000	0.0706346827
1604.3800000000	0.0705017737
1604.3900000000	0.0703692309
1604.4000000000	0.0701510851
1604.4100000000	0.0699201107
1604.4200000000	0.0697226971
1604.4300000000	0.0696214449
1604.4400000000	0.0694551936
1604.4500000000	0.0693650636
1604.4600000000	0.0691917455
1604.4700000000	0.0692131242
1604.4800000000	0.0691438133
1604.4900000000	0.0692861067
1604.5000000000	0.0694613717
1604.5100000000	0.0699458181
1604.5200000000	0.0704029234
1604.5300000000	0.0710292616
1604.5400000000	0.0715677119
1604.5500000000	0.0719684549
1604.5600000000	0.0722612147
1604.5700000000	0.0722276527
1604.5800000000	0.0718666034
1604.5900000000	0.0714610943
1604.6000000000	0.0710816154
1604.6100000000	0.0707056455
1604.6200000000	0.0702770748
1604.6300000000	0.0699335127
1604.6400000000	0.0696752010
1604.6500000000	0.0694078829
1604.6600000000	0.0691230599
1604.6700000000	0.0688370212
1604.6800000000	0.0685306007
1604.6900000000	0.0683510549
1604.7000000000	0.0683423195
1604.7100000000	0.0684021784
1604.7200000000	0.0685956926
1604.7300000000	0.0690075043
1604.7400000000	0.0695812756
1604.7500000000	0.0702435892
1604.7600000000	0.0707960988
1604.7700000000	0.0712161454
1604.7800000000	0.0715425776
1604.7900000000	0.0715744391
1604.8000000000	0.0714168960
1604.8100000000	0.0711152858
1604.8200000000	0.0708539133
1604.8300000000	0.0704421853
1604.8400000000	0.0701052157
1604.8500000000	0.0695947968
1604.8600000000	0.0690774144
1604.8700000000	0.0685617169
1604.8800000000	0.0681327427
1604.8900000000	0.0676916992
1604.9000000000	0.0674419104
1604.9100000000	0.0674157296
1604.9200000000	0.0675221818
1604.9300000000	0.0678268678
1604.9400000000	0.0682683461
1604.9500000000	0.0688055527
1604.9600000000	0.0693814460
1604.9700000000	0.0697657265
1604.9800000000	0.0700566678
1604.9900000000	0.0700926189
1605.0000000000	0.0699395449
1605.0100000000	0.0696425332
1605.0200000000	0.0692416043
1605.0300000000	0.0687585311
1605.0400000000	0.0683678835
1605.0500000000	0.0681087333
1605.0600000000	0.0676594131
1605.0700000000	0.0672711886
1605.0800000000	0.0669543836
1605.0900000000	0.0666363267
1605.1000000000	0.0663444225
1605.1100000000	0.0661882735
1605.1200000000	0.0660768075
1605.1300000000	0.0664551381
1605.1400000000	0.0670132881
1605.1500000000	0.0675340969
1605.1600000000	0.0680410762
1605.1700000000	0.0685290499
1605.1800000000	0.0689629256
1605.1900000000	0.0692201473
1605.2000000000	0.0692861067
1605.2100000000	0.0691620107
1605.2200000000	0.0689480538
1605.2300000000	0.0687740941
1605.2400000000	0.0685883378
1605.2500000000	0.0683518242
1605.2600000000	0.0681000455
1605.2700000000	0.0678905715
1605.2800000000	0.0677099864
1605.2900000000	0.0674813902
1605.3000000000	0.0672911158
1605.3100000000	0.0672757334
1605.3200000000	0.0674340622
1605.3300000000	0.0677759132
1605.3400000000	0.0683497443
1605.3500000000	0.0690379148
1605.3600000000	0.0698953516
1605.3700000000	0.0707878161
1605.3800000000	0.0714769236
1605.3900000000	0.0720042225
1605.4000000000	0.0723856012
1605.4100000000	0.0725557557
1605.4200000000	0.0726352875
1605.4300000000	0.0725329519
1605.4400000000	0.0723139472
1605.4500000000	0.0721764281
1605.4600000000	0.0719756454
1605.4700000000	0.0717349885
1605.4800000000	0.0713860339
1605.4900000000	0.0711341589
1605.5000000000	0.0710133254
1605.5100000000	0.0708264351
1605.5200000000	0.0706766646
1605.5300000000	0.0706644692
1605.5400000000	0.0708394655
1605.5500000000	0.0711283954
1605.5600000000	0.0714790887
1605.5700000000	0.0719051729
1605.5800000000	0.0722677714
1605.5900000000	0.0726330956
1605.6000000000	0.0727185979
1605.6100000000	0.0726545386
1605.6200000000	0.0725515097
1605.6300000000	0.0723807092
1605.6400000000	0.0721089944
1605.6500000000	0.0716618395
1605.6600000000	0.0712887547
1605.6700000000	0.0708625805
1605.6800000000	0.0703305888
1605.6900000000	0.0698267238
1605.7000000000	0.0694964261
1605.7100000000	0.0694961184
1605.7200000000	0.0695006311
1605.7300000000	0.0697661950
1605.7400000000	0.0702373253
1605.7500000000	0.0709022402
1605.7600000000	0.0717140553
1605.7700000000	0.0725075397
1605.7800000000	0.0731730412
1605.7900000000	0.0737392468
1605.8000000000	0.0740258099
1605.8100000000	0.0740772957
1605.8200000000	0.0738542663
1605.8300000000	0.0735676106
1605.8400000000	0.0732782933
1605.8500000000	0.0729969746
1605.8600000000	0.0726885493
1605.8700000000	0.0723207286
1605.8800000000	0.0719403508
1605.8900000000	0.0716566365
1605.9000000000	0.0713463163
1605.9100000000	0.0709400437
1605.9200000000	0.0705697092
1605.9300000000	0.0703569698
1605.9400000000	0.0703516775
1605.9500000000	0.0704153976
1605.9600000000	0.0707379035
1605.9700000000	0.0711790233
1605.9800000000	0.0717412876
1605.9900000000	0.0722105887
1606.0000000000	0.0725300087
1606.0100000000	0.0726113358
1606.0200000000	0.0725885213
1606.0300000000	0.0725128350
1606.0400000000	0.0723360825
1606.0500000000	0.0720097435
1606.0600000000	0.0715704993
1606.0700000000	0.0711411211
1606.0800000000	0.0706512335
1606.0900000000	0.0700104996
1606.1000000000	0.0692982564
1606.1100000000	0.0686810986
1606.1200000000	0.0682349018
1606.1300000000	0.0678330410
1606.1400000000	0.0675318176
1606.1500000000	0.0674679168
1606.1600000000	0.0676124544
1606.1700000000	0.0678491924
1606.1800000000	0.0680577623
1606.1900000000	0.0682152955
1606.2000000000	0.0682775921
1606.2100000000	0.0682557771
1606.2200000000	0.0680439698
1606.2300000000	0.0679408610
1606.2400000000	0.0679274090
1606.2500000000	0.0678981556
1606.2600000000	0.0679212694
1606.2700000000	0.0678974333
1606.2800000000	0.0679523285
1606.2900000000	0.0681136133
1606.3000000000	0.0682269450
1606.3100000000	0.0682226391
1606.3200000000	0.0682383091
1606.3300000000	0.0683908377
1606.3400000000	0.0686031752
1606.3500000000	0.0688425924
1606.3600000000	0.0693297217
1606.3700000000	0.0699375648
1606.3800000000	0.0705414313
1606.3900000000	0.0710512065
1606.4000000000	0.0713528202
1606.4100000000	0.0715215177
1606.4200000000	0.0715744391
1606.4300000000	0.0715744391
1606.4400000000	0.0714314131
1606.4500000000	0.0712117236
1606.4600000000	0.0711453758
1606.4700000000	0.0711453758
1606.4800000000	0.0711166981
1606.4900000000	0.0711096218
1606.5000000000	0.0711950150
1606.5100000000	0.0713265760
1606.5200000000	0.0715730332
1606.5300000000	0.0718015825
1606.5400000000	0.0719891966
1606.5500000000	0.0724553141
1606.5600000000	0.0731333556
1606.5700000000	0.0738585974
1606.5800000000	0.0745023064
1606.5900000000	0.0753253468
1606.6000000000	0.0760546220
1606.6100000000	0.0764192591
1606.6200000000	0.0766096037
1606.6300000000	0.0766254724
1606.6400000000	0.0763193517
1606.6500000000	0.0759578049
1606.6600000000	0.0755853842
1606.6700000000	0.0751317119
1606.6800000000	0.0747690360
1606.6900000000	0.0745200827
1606.7000000000	0.0743139444
1606.7100000000	0.0739703956
1606.7200000000	0.0735840142
1606.7300000000	0.0732872902
1606.7400000000	0.0730396299
1606.7500000000	0.0728874788
1606.7600000000	0.0728867181
1606.7700000000	0.0730566136
1606.7800000000	0.0733508683
1606.7900000000	0.0736170805
1606.8000000000	0.0737615127
1606.8100000000	0.0738169916
1606.8200000000	0.0738532711
1606.8300000000	0.0736990991
1606.8400000000	0.0733672963
1606.8500000000	0.0731228811
1606.8600000000	0.0728595349
1606.8700000000	0.0724806855
1606.8800000000	0.0720925337
1606.8900000000	0.0718281887
1606.9000000000	0.0715961628
1606.9100000000	0.0714168290
1606.9200000000	0.0712564938
1606.9300000000	0.0709793414
1606.9400000000	0.0707831258
1606.9500000000	0.0708138237
1606.9600000000	0.0709640629
1606.9700000000	0.0710592026
1606.9800000000	0.0712827281
1606.9900000000	0.0716983331
1607.0000000000	0.0720173020
1607.0100000000	0.0720694814
1607.0200000000	0.0720616977
1607.0300000000	0.0719750426
1607.0400000000	0.0717950492
1607.0500000000	0.0716669573
1607.0600000000	0.0714491149
1607.0700000000	0.0712602748
1607.0800000000	0.0711648149
1607.0900000000	0.0711201377
1607.1000000000	0.0709594446
1607.1100000000	0.0708199994
1607.1200000000	0.0709129599
1607.1300000000	0.0710647494
1607.1400000000	0.0712243046
1607.1500000000	0.0715417437
1607.1600000000	0.0720280127
1607.1700000000	0.0725576974
1607.1800000000	0.0732257637
1607.1900000000	0.0739964134
1607.2000000000	0.0745303107
1607.2100000000	0.0749669664
1607.2200000000	0.0755216670
1607.2300000000	0.0758062926
1607.2400000000	0.0757549575
1607.2500000000	0.0756147638
1607.2600000000	0.0755764559
1607.2700000000	0.0753995043
1607.2800000000	0.0751360827
1607.2900000000	0.0749305805
1607.3000000000	0.0747756877
1607.3100000000	0.0746393794
1607.3200000000	0.0745547999
1607.3300000000	0.0743674294
1607.3400000000	0.0743426011
1607.3500000000	0.0745141470
1607.3600000000	0.0746529506
1607.3700000000	0.0748115427
1607.3800000000	0.0752265729
1607.3900000000	0.0757863217
1607.4000000000	0.0761525485
1607.4100000000	0.0762497814
1607.4200000000	0.0761528286
1607.4300000000	0.0758365820
1607.4400000000	0.0753784966
1607.4500000000	0.0747729572
1607.4600000000	0.0740728228
1607.4700000000	0.0734100949
1607.4800000000	0.0729261861
1607.4900000000	0.0725229944
1607.5000000000	0.0722115909
1607.5100000000	0.0720160085
1607.5200000000	0.0718372314
1607.5300000000	0.0717532093
1607.5400000000	0.0717156853
1607.5500000000	0.0716817012
1607.5600000000	0.0717921494
1607.5700000000	0.0721753337
1607.5800000000	0.0728357514
1607.5900000000	0.0736806029
1607.6000000000	0.0747043286
1607.6100000000	0.0758311373
1607.6200000000	0.0766917114
1607.6300000000	0.0772078203
1607.6400000000	0.0774579436
1607.6500000000	0.0775605577
1607.6600000000	0.0775305243
1607.6700000000	0.0772333023
1607.6800000000	0.0768411715
1607.6900000000	0.0765249328
1607.7000000000	0.0762920069
1607.7100000000	0.0760816842
1607.7200000000	0.0757574347
1607.7300000000	0.0753741960
1607.7400000000	0.0750564359
1607.7500000000	0.0747428925
1607.7600000000	0.0744893332
1607.7700000000	0.0743331904
1607.7800000000	0.0742401360
1607.7900000000	0.0742514640
1607.8000000000	0.0744136024
1607.8100000000	0.0746379339
1607.8200000000	0.0747659395
1607.8300000000	0.0747984179
1607.8400000000	0.0746833415
1607.8500000000	0.0744581943
1607.8600000000	0.0741282643
1607.8700000000	0.0737314148
1607.8800000000	0.0733377285
1607.8900000000	0.0729197201
1607.9000000000	0.0725934588
1607.9100000000	0.0724803495
1607.9200000000	0.0723705286
1607.9300000000	0.0722505303
1607.9400000000	0.0721436865
1607.9500000000	0.0722328946
1607.9600000000	0.0724339768
1607.9700000000	0.0726463818
1607.9800000000	0.0730223399
1607.9900000000	0.0736206153
1608.0000000000	0.0742705839
1608.0100000000	0.0747687957
1608.0200000000	0.0751193002
1608.0300000000	0.0754070428
1608.0400000000	0.0755432557
1608.0500000000	0.0754339044
1608.0600000000	0.0750402003
1608.0700000000	0.0745399831
1608.0800000000	0.0741151680
1608.0900000000	0.0735979588
1608.1000000000	0.0731955716
1608.1100000000	0.0729717745
1608.1200000000	0.0728895023
1608.1300000000	0.0730185000
1608.1400000000	0.0732987927
1608.1500000000	0.0736363145
1608.1600000000	0.0739719081
1608.1700000000	0.0744449001
1608.1800000000	0.0750460304
1608.1900000000	0.0757062230
1608.2000000000	0.0764036122
1608.2100000000	0.0772543925
1608.2200000000	0.0779176059
1608.2300000000	0.0783058651
1608.2400000000	0.0785013716
1608.2500000000	0.0785226116
1608.2600000000	0.0782931549
1608.2700000000	0.0778244418
1608.2800000000	0.0773581076
1608.2900000000	0.0769335058
1608.3000000000	0.0766349805
1608.3100000000	0.0764810626
1608.3200000000	0.0764371362
1608.3300000000	0.0764735778
1608.3400000000	0.0766117071
1608.3500000000	0.0768063733
1608.3600000000	0.0769664509
1608.3700000000	0.0771228561
1608.3800000000	0.0773607527
1608.3900000000	0.0777685674
1608.4000000000	0.0782705546
1608.4100000000	0.0787489347
1608.4200000000	0.0792118027
1608.4300000000	0.0795337477
1608.4400000000	0.0797193144
1608.4500000000	0.0796963861
1608.4600000000	0.0793972098
1608.4700000000	0.0788534281
1608.4800000000	0.0782211244
1608.4900000000	0.0776783467
1608.5000000000	0.0772044658
1608.5100000000	0.0767967648
1608.5200000000	0.0766299276
1608.5300000000	0.0766583865
1608.5400000000	0.0766874145
1608.5500000000	0.0766445097
1608.5600000000	0.0765725682
1608.5700000000	0.0766727010
1608.5800000000	0.0768794795
1608.5900000000	0.0771573470
1608.6000000000	0.0775163258
1608.6100000000	0.0780646832
1608.6200000000	0.0787408889
1608.6300000000	0.0792454789
1608.6400000000	0.0796004109
1608.6500000000	0.0797866780
1608.6600000000	0.0798093150
1608.6700000000	0.0795980359
1608.6800000000	0.0790765176
1608.6900000000	0.0784467218
1608.7000000000	0.0777899907
1608.7100000000	0.0772080604
1608.7200000000	0.0766866930
1608.7300000000	0.0761623876
1608.7400000000	0.0757422414
1608.7500000000	0.0754437661
1608.7600000000	0.0750310295
1608.7700000000	0.0745964923
1608.7800000000	0.0744511349
1608.7900000000	0.0743803347
1608.8000000000	0.0743633427
1608.8100000000	0.0743365163
1608.8200000000	0.0743817579
1608.8300000000	0.0745654626
1608.8400000000	0.0747544704
1608.8500000000	0.0746794086
1608.8600000000	0.0744864192
1608.8700000000	0.0742005297
1608.8800000000	0.0737881290
1608.8900000000	0.0733161227
1608.9000000000	0.0729241892
1608.9100000000	0.0726433082
1608.9200000000	0.0725202317
1608.9300000000	0.0726155421
1608.9400000000	0.0728630375
1608.9500000000	0.0732549306
1608.9600000000	0.0737707239
1608.9700000000	0.0743043411
1608.9800000000	0.0749107444
1608.9900000000	0.0756388354
1609.0000000000	0.0764214038
1609.0100000000	0.0771312289
1609.0200000000	0.0776710684
1609.0300000000	0.0780841574
1609.0400000000	0.0784671020
1609.0500000000	0.0786340520
1609.0600000000	0.0784988976
1609.0700000000	0.0782355172
1609.0800000000	0.0779020384
1609.0900000000	0.0775728035
1609.1000000000	0.0774000220
1609.1100000000	0.0773174301
1609.1200000000	0.0774186141
1609.1300000000	0.0779137115
1609.1400000000	0.0785618148
1609.1500000000	0.0793301814
1609.1600000000	0.0801633138
1609.1700000000	0.0810316795
1609.1800000000	0.0819864798
1609.1900000000	0.0829356392
1609.2000000000	0.0837972024
1609.2100000000	0.0846292748
1609.2200000000	0.0854481471
1609.2300000000	0.0862084087
1609.2400000000	0.0868225854
1609.2500000000	0.0871071962
1609.2600000000	0.0870228105
1609.2700000000	0.0866501086
1609.2800000000	0.0859723208
1609.2900000000	0.0850710827
1609.3000000000	0.0841467894
1609.3100000000	0.0832829022
1609.3200000000	0.0826908302
1609.3300000000	0.0823495305
1609.3400000000	0.0823440374
1609.3500000000	0.0825361563
1609.3600000000	0.0826993928
1609.3700000000	0.0831294849
1609.3800000000	0.0835166546
1609.3900000000	0.0841949246
1609.4000000000	0.0847155318
1609.4100000000	0.0851513883
1609.4200000000	0.0856630327
1609.4300000000	0.0860838831
1609.4400000000	0.0863891053
1609.4500000000	0.0863931936
1609.4600000000	0.0860886425
1609.4700000000	0.0856405112
1609.4800000000	0.0850225021
1609.4900000000	0.0842049491
1609.5000000000	0.0832327381
1609.5100000000	0.0822471657
1609.5200000000	0.0815334800
1609.5300000000	0.0812016849
1609.5400000000	0.0810637149
1609.5500000000	0.0811263730
1609.5600000000	0.0813387808
1609.5700000000	0.0816638891
1609.5800000000	0.0821210931
1609.5900000000	0.0826440081
1609.6000000000	0.0831807127
1609.6100000000	0.0839133136
1609.6200000000	0.0847200398
1609.6300000000	0.0854228500
1609.6400000000	0.0861211979
1609.6500000000	0.0865836598
1609.6600000000	0.0868047165
1609.6700000000	0.0865926484
1609.6800000000	0.0858931394
1609.6900000000	0.0850251047
1609.7000000000	0.0839457171
1609.7100000000	0.0829012323
1609.7200000000	0.0818976626
1609.7300000000	0.0812844136
1609.7400000000	0.0812067378
1609.7500000000	0.0815061947
1609.7600000000	0.0819548977
1609.7700000000	0.0826282790
1609.7800000000	0.0835496349
1609.7900000000	0.0845736871
1609.8000000000	0.0856034261
1609.8100000000	0.0866199993
1609.8200000000	0.0876963995
1609.8300000000	0.0887841033
1609.8400000000	0.0897579141
1609.8500000000	0.0905506723
1609.8600000000	0.0910500509
1609.8700000000	0.0913459299
1609.8800000000	0.0913426574
1609.8900000000	0.0908844524
1609.9000000000	0.0899759056
1609.9100000000	0.0889702809
1609.9200000000	0.0879260774
1609.9300000000	0.0870011265
1609.9400000000	0.0863532361
1609.9500000000	0.0860118806
1609.9600000000	0.0859210152
1609.9700000000	0.0858854364
1609.9800000000	0.0859038607
1609.9900000000	0.0860234868
1610.0000000000	0.0863113956
1610.0100000000	0.0867775263
1610.0200000000	0.0871801861
1610.0300000000	0.0877722115
1610.0400000000	0.0885584780
1610.0500000000	0.0894888060
1610.0600000000	0.0902747292
1610.0700000000	0.0908579214
1610.0800000000	0.0913175927
1610.0900000000	0.0913452820
1610.1000000000	0.0908321618
1610.1100000000	0.0900762982
1610.1200000000	0.0891877808
1610.1300000000	0.0882835317
1610.1400000000	0.0876057439
1610.1500000000	0.0871500926
1610.1600000000	0.0867963814
1610.1700000000	0.0867501055
1610.1800000000	0.0869989033
1610.1900000000	0.0873343843
1610.2000000000	0.0876508006
1610.2100000000	0.0881025351
1610.2200000000	0.0885612920
1610.2300000000	0.0889305602
1610.2400000000	0.0893699933
1610.2500000000	0.0900325926
1610.2600000000	0.0906644339
1610.2700000000	0.0911267809
1610.2800000000	0.0914409401
1610.2900000000	0.0914312952
1610.3000000000	0.0909631093
1610.3100000000	0.0903528352
1610.3200000000	0.0895433073
1610.3300000000	0.0887317572
1610.3400000000	0.0879978611
1610.3500000000	0.0874354242
1610.3600000000	0.0870771888
1610.3700000000	0.0869859441
1610.3800000000	0.0872012402
1610.3900000000	0.0875255694
1610.4000000000	0.0878896254
1610.4100000000	0.0884344235
1610.4200000000	0.0890022125
1610.4300000000	0.0895217335
1610.4400000000	0.0901338652
1610.4500000000	0.0908084765
1610.4600000000	0.0915176465
1610.4700000000	0.0923318547
1610.4800000000	0.0929315325
1610.4900000000	0.0931481973
1610.5000000000	0.0931404535
1610.5100000000	0.0930158453
1610.5200000000	0.0926979409
1610.5300000000	0.0920771580
1610.5400000000	0.0914857714
1610.5500000000	0.0910896019
1610.5600000000	0.0910252420
1610.5700000000	0.0912011520
1610.5800000000	0.0913849184
1610.5900000000	0.0916766176
1610.6000000000	0.0921651614
1610.6100000000	0.0927154570
1610.6200000000	0.0931917290
1610.6300000000	0.0936147437
1610.6400000000	0.0941019235
1610.6500000000	0.0946028620
1610.6600000000	0.0951685477
1610.6700000000	0.0958496612
1610.6800000000	0.0964975698
1610.6900000000	0.0969659624
1610.7000000000	0.0972914197
1610.7100000000	0.0971536763
1610.7200000000	0.0967222344
1610.7300000000	0.0961517257
1610.7400000000	0.0955920065
1610.7500000000	0.0948378729
1610.7600000000	0.0943983989
1610.7700000000	0.0941238901
1610.7800000000	0.0938318384
1610.7900000000	0.0938841640
1610.8000000000	0.0940688024
1610.8100000000	0.0942888749
1610.8200000000	0.0945441098
1610.8300000000	0.0950383090
1610.8400000000	0.0954631240
1610.8500000000	0.0958879391
1610.8600000000	0.0967818196
1610.8700000000	0.0975684379
1610.8800000000	0.0982477795
1610.8900000000	0.0989839210
1610.9000000000	0.0996267144
1610.9100000000	0.1001165813
1610.9200000000	0.1002674432
1610.9300000000	0.1003985963
1610.9400000000	0.1004012376
1610.9500000000	0.1003391140
1610.9600000000	0.1005339879
1610.9700000000	0.1005290318
1610.9800000000	0.1004745158
1610.9900000000	0.1006448042
1611.0000000000	0.1008933088
1611.0100000000	0.1010164587
1611.0200000000	0.1011163005
1611.0300000000	0.1012545362
1611.0400000000	0.1012007124
1611.0500000000	0.1013003816
1611.0600000000	0.1017706098
1611.0700000000	0.1020942796
1611.0800000000	0.1022508748
1611.0900000000	0.1022134864
1611.1000000000	0.1019010582
1611.1100000000	0.1013795166
1611.1200000000	0.1006919737
1611.1300000000	0.1000507637
1611.1400000000	0.0992023356
1611.1500000000	0.0987386006
1611.1600000000	0.0988484038
1611.1700000000	0.0989565177
1611.1800000000	0.0992214191
1611.1900000000	0.0997175687
1611.2000000000	0.1006006875
1611.2100000000	0.1012217750
1611.2200000000	0.1016420505
1611.2300000000	0.1019741058
1611.2400000000	0.1020944659
1611.2500000000	0.1020237409
1611.2600000000	0.1017393889
1611.2700000000	0.1015895978
1611.2800000000	0.1015419974
1611.2900000000	0.1013785503
1611.3000000000	0.1008714132
1611.3100000000	0.1001913281
1611.3200000000	0.0992945283
1611.3300000000	0.0982582081
1611.3400000000	0.0970577600
1611.3500000000	0.0959501299
1611.3600000000	0.0952659495
1611.3700000000	0.0950131746
1611.3800000000	0.0951023865
1611.3900000000	0.0953148013
1611.4000000000	0.0957835407
1611.4100000000	0.0964015154
1611.4200000000	0.0969522870
1611.4300000000	0.0971863245
1611.4400000000	0.0974885102
1611.4500000000	0.0981006013
1611.4600000000	0.0986775334
1611.4700000000	0.0993131457
1611.4800000000	0.0999193419
1611.4900000000	0.1008272566
1611.5000000000	0.1018324963
1611.5100000000	0.1025826644
1611.5200000000	0.1034339791
1611.5300000000	0.1037679628
1611.5400000000	0.1040203006
1611.5500000000	0.1041052618
1611.5600000000	0.1041438479
1611.5700000000	0.1040508520
1611.5800000000	0.1041366617
1611.5900000000	0.1043424100
1611.6000000000	0.1046222150
1611.6100000000	0.1050169400
1611.6200000000	0.1053661308
1611.6300000000	0.1055095834
1611.6400000000	0.1055293074
1611.6500000000	0.1054633863
1611.6600000000	0.1054584015
1611.6700000000	0.1055984214
1611.6800000000	0.1057460998
1611.6900000000	0.1059629576
1611.7000000000	0.1062070964
1611.7100000000	0.1063454177
1611.7200000000	0.1061301690
1611.7300000000	0.1054607693
1611.7400000000	0.1046621152
1611.7500000000	0.1037692989
1611.7600000000	0.1030242557
1611.7700000000	0.1020503210
1611.7800000000	0.1014965930
1611.7900000000	0.1014282567
1611.8000000000	0.1014048586
1611.8100000000	0.1019359811
1611.8200000000	0.1024776156
1611.8300000000	0.1030154942
1611.8400000000	0.1036196435
1611.8500000000	0.1039025127
1611.8600000000	0.1040758798
1611.8700000000	0.1040802136
1611.8800000000	0.1041868279
1611.8900000000	0.1042335728
1611.9000000000	0.1039845783
1611.9100000000	0.1038324334
1611.9200000000	0.1035972785
1611.9300000000	0.1030545041
1611.9400000000	0.1023442993
1611.9500000000	0.1016846144
1611.9600000000	0.1012988893
1611.9700000000	0.1010230966
1611.9800000000	0.1008947504
1611.9900000000	0.1011403750
1612.0000000000	0.1017878970
1612.0100000000	0.1027767673
1612.0200000000	0.1038454102
1612.0300000000	0.1047548753
1612.0400000000	0.1054984425
1612.0500000000	0.1060245340
1612.0600000000	0.1063153826
1612.0700000000	0.1064367418
1612.0800000000	0.1066235158
1612.0900000000	0.1067072401
1612.1000000000	0.1069320852
1612.1100000000	0.1072630351
1612.1200000000	0.1073359727
1612.1300000000	0.1074296391
1612.1400000000	0.1072766702
1612.1500000000	0.1069666266
1612.1600000000	0.1062926884
1612.1700000000	0.1057973871
1612.1800000000	0.1054852270
1612.1900000000	0.1053766038
1612.2000000000	0.1055202273
1612.2100000000	0.1060508824
1612.2200000000	0.1070122635
1612.2300000000	0.1079679699
1612.2400000000	0.1087785775
1612.2500000000	0.1093718430
1612.2600000000	0.1098548913
1612.2700000000	0.1101931577
1612.2800000000	0.1104392393
1612.2900000000	0.1105556995
1612.3000000000	0.1107397899
1612.3100000000	0.1109305962
1612.3200000000	0.1108176283
1612.3300000000	0.1104811527
1612.3400000000	0.1100511161
1612.3500000000	0.1094926068
1612.3600000000	0.1086875943
1612.3700000000	0.1077115793
1612.3800000000	0.1068223011
1612.3900000000	0.1063309215
1612.4000000000	0.1063705704
1612.4100000000	0.1064929274
1612.4200000000	0.1069348477
1612.4300000000	0.1076292215
1612.4400000000	0.1084547899
1612.4500000000	0.1093016622
1612.4600000000	0.1098428873
1612.4700000000	0.1105202790
1612.4800000000	0.1108023152
1612.4900000000	0.1109933522
1612.5000000000	0.1110692047
1612.5100000000	0.1111698549
1612.5200000000	0.1113201646
1612.5300000000	0.1113456127
1612.5400000000	0.1111585811
1612.5500000000	0.1107778178
1612.5600000000	0.1102057383
1612.5700000000	0.1095896754
1612.5800000000	0.1088927045
1612.5900000000	0.1082785364
1612.6000000000	0.1078899921
1612.6100000000	0.1076801987
1612.6200000000	0.1076156332
1612.6300000000	0.1077249830
1612.6400000000	0.1080474512
1612.6500000000	0.1083144284
1612.6600000000	0.1083836869
1612.6700000000	0.1084525849
1612.6800000000	0.1085536830
1612.6900000000	0.1087426423
1612.7000000000	0.1086351946
1612.7100000000	0.1085145698
1612.7200000000	0.1083214447
1612.7300000000	0.1080641986
1612.7400000000	0.1076654811
1612.7500000000	0.1067986867
1612.7600000000	0.1059262040
1612.7700000000	0.1049837431
1612.7800000000	0.1040516541
1612.7900000000	0.1034338404
1612.8000000000	0.1031805399
1612.8100000000	0.1035113561
1612.8200000000	0.1041061315
1612.8300000000	0.1049054001
1612.8400000000	0.1058692453
1612.8500000000	0.1068232467
1612.8600000000	0.1077391578
1612.8700000000	0.1085178256
1612.8800000000	0.1089911618
1612.8900000000	0.1094336526
1612.9000000000	0.1099919800
1612.9100000000	0.1107139548
1612.9200000000	0.1113864307
1612.9300000000	0.1118677493
1612.9400000000	0.1122170529
1612.9500000000	0.1125746057
1612.9600000000	0.1127363337
1612.9700000000	0.1123682069
1612.9800000000	0.1117271257
1612.9900000000	0.1111321602
1613.0000000000	0.1106923715
1613.0100000000	0.1107245679
1613.0200000000	0.1106990798
1613.0300000000	0.1109199766
1613.0400000000	0.1114137890
1613.0500000000	0.1118123021
1613.0600000000	0.1120112191
1613.0700000000	0.1116863986
1613.0800000000	0.1114146180
1613.0900000000	0.1109679549
1613.1000000000	0.1105210950
1613.1100000000	0.1103478360
1613.1200000000	0.1103509057
1613.1300000000	0.1105952295
1613.1400000000	0.1108917455
1613.1500000000	0.1109755328
1613.1600000000	0.1109891302
1613.1700000000	0.1106824371
1613.1800000000	0.1100480491
1613.1900000000	0.1091924009
1613.2000000000	0.1082949851
1613.2100000000	0.1077590071
1613.2200000000	0.1074640222
1613.2300000000	0.1075090615
1613.2400000000	0.1079016826
1613.2500000000	0.1085774507
1613.2600000000	0.1094976593
1613.2700000000	0.1103630645
1613.2800000000	0.1111868548
1613.2900000000	0.1117904100
1613.3000000000	0.1121322310
1613.3100000000	0.1122437860
1613.3200000000	0.1125376892
1613.3300000000	0.1126857183
1613.3400000000	0.1128457785
1613.3500000000	0.1128990354
1613.3600000000	0.1128358908
1613.3700000000	0.1131168247
1613.3800000000	0.1131256121
1613.3900000000	0.1127789708
1613.4000000000	0.1124847737
1613.4100000000	0.1124376270
1613.4200000000	0.1124979679
1613.4300000000	0.1125094887
1613.4400000000	0.1128211693
1613.4500000000	0.1134808809
1613.4600000000	0.1141546193
1613.4700000000	0.1146818396
1613.4800000000	0.1148615580
1613.4900000000	0.1147877745
1613.5000000000	0.1148820236
1613.5100000000	0.1150102095
1613.5200000000	0.1149475082
1613.5300000000	0.1147309085
1613.5400000000	0.1147475715
1613.5500000000	0.1150242452
1613.5600000000	0.1152672339
1613.5700000000	0.1150919689
1613.5800000000	0.1148803113
1613.5900000000	0.1146658366
1613.6000000000	0.1143846820
1613.6100000000	0.1139919768
1613.6200000000	0.1135133984
1613.6300000000	0.1133600476
1613.6400000000	0.1139320008
1613.6500000000	0.1143014667
1613.6600000000	0.1150173252
1613.6700000000	0.1160380486
1613.6800000000	0.1168467303
1613.6900000000	0.1172659584
1613.7000000000	0.1173195895
1613.7100000000	0.1171944459
1613.7200000000	0.1169650680
1613.7300000000	0.1167499863
1613.7400000000	0.1163979035
1613.7500000000	0.1158725229
1613.7600000000	0.1152965614
1613.7700000000	0.1147243172
1613.7800000000	0.1139710239
1613.7900000000	0.1130896748
1613.8000000000	0.1121707678
1613.8100000000	0.1111855393
1613.8200000000	0.1101164148
1613.8300000000	0.1093592244
1613.8400000000	0.1091888553
1613.8500000000	0.1091824833
1613.8600000000	0.1092554123
1613.8700000000	0.1098629037
1613.8800000000	0.1104803810
1613.8900000000	0.1109751593
1613.9000000000	0.1114195460
1613.9100000000	0.1118646623
1613.9200000000	0.1121863388
1613.9300000000	0.1124760521
1613.9400000000	0.1126202077
1613.9500000000	0.1124756762
1613.9600000000	0.1124039035
1613.9700000000	0.1123936313
1613.9800000000	0.1121235339
1613.9900000000	0.1115872090
1614.0000000000	0.1110775783
1614.0100000000	0.1106991598
1614.0200000000	0.1101742758
1614.0300000000	0.1096994473
1614.0400000000	0.1095702513
1614.0500000000	0.1098324619
1614.0600000000	0.1103852886
1614.0700000000	0.1111839964
1614.0800000000	0.1118742811
1614.0900000000	0.1124804173
1614.1000000000	0.1132085689
1614.1100000000	0.1139085373
1614.1200000000	0.1143488169
1614.1300000000	0.1146379486
1614.1400000000	0.1153530585
1614.1500000000	0.1160660089
1614.1600000000	0.1166745578
1614.1700000000	0.1173161227
1614.1800000000	0.1178546152
1614.1900000000	0.1182851231
1614.2000000000	0.1186392895
1614.2100000000	0.1188335291
1614.2200000000	0.1187643277
1614.2300000000	0.1189728432
1614.2400000000	0.1192271266
1614.2500000000	0.1195163815
1614.2600000000	0.1200369798
1614.2700000000	0.1207406441
1614.2800000000	0.1213412834
1614.2900000000	0.1217270086
1614.3000000000	0.1219673244
1614.3100000000	0.1220477213
1614.3200000000	0.1218926733
1614.3300000000	0.1216545699
1614.3400000000	0.1215136317
1614.3500000000	0.1212310607
1614.3600000000	0.1210829539
1614.3700000000	0.1209273103
1614.3800000000	0.1208089434
1614.3900000000	0.1206370465
1614.4000000000	0.1204692586
1614.4100000000	0.1202510106
1614.4200000000	0.1194367819
1614.4300000000	0.1189602841
1614.4400000000	0.1186685865
1614.4500000000	0.1182912611
1614.4600000000	0.1180976134
1614.4700000000	0.1181691927
1614.4800000000	0.1182217869
1614.4900000000	0.1180626037
1614.5000000000	0.1177712316
1614.5100000000	0.1173158225
1614.5200000000	0.1167153273
1614.5300000000	0.1161571112
1614.5400000000	0.1155595517
1614.5500000000	0.1147542620
1614.5600000000	0.1141234306
1614.5700000000	0.1135747080
1614.5800000000	0.1128617310
1614.5900000000	0.1120698030
1614.6000000000	0.1113065541
1614.6100000000	0.1105595935
1614.6200000000	0.1096986354
1614.6300000000	0.1089545022
1614.6400000000	0.1084443105
1614.6500000000	0.1082336821
1614.6600000000	0.1083698915
1614.6700000000	0.1088806804
1614.6800000000	0.1096753355
1614.6900000000	0.1105337502
1614.7000000000	0.1113720315
1614.7100000000	0.1120860988
1614.7200000000	0.1125339229
1614.7300000000	0.1128065670
1614.7400000000	0.1128988975
1614.7500000000	0.1127554387
1614.7600000000	0.1125801890
1614.7700000000	0.1124738610
1614.7800000000	0.1123883922
1614.7900000000	0.1121753403
1614.8000000000	0.1117691912
1614.8100000000	0.1113296991
1614.8200000000	0.1108246579
1614.8300000000	0.1105624506
1614.8400000000	0.1106042586
1614.8500000000	0.1109944980
1614.8600000000	0.1117316812
1614.8700000000	0.1128544613
1614.8800000000	0.1141358162
1614.8900000000	0.1153873789
1614.9000000000	0.1166028256
1614.9100000000	0.1175148106
1614.9200000000	0.1180792764
1614.9300000000	0.1183421846
1614.9400000000	0.1183421846
1614.9500000000	0.1183091270
1614.9600000000	0.1180698891
1614.9700000000	0.1177890332
1614.9800000000	0.1173697851
1614.9900000000	0.1170192409
1615.0000000000	0.1167037496
1615.0100000000	0.1159342005
1615.0200000000	0.1148463144
1615.0300000000	0.1134090290
1615.0400000000	0.1121930076
1615.0500000000	0.1111262013
1615.0600000000	0.1102972747
1615.0700000000	0.1099546177
1615.0800000000	0.1103695379
1615.0900000000	0.1112903479
1615.1000000000	0.1123591563
1615.1100000000	0.1135509895
1615.1200000000	0.1147261175
1615.1300000000	0.1156948865
1615.1400000000	0.1161763416
1615.1500000000	0.1162931712
1615.1600000000	0.1163520556
1615.1700000000	0.1163508444
1615.1800000000	0.1162001281
1615.1900000000	0.1159641023
1615.2000000000	0.1158060462
1615.2100000000	0.1155643890
1615.2200000000	0.1151943603
1615.2300000000	0.1147178504
1615.2400000000	0.1140804414
1615.2500000000	0.1134072786
1615.2600000000	0.1128180055
1615.2700000000	0.1124150731
1615.2800000000	0.1122887991
1615.2900000000	0.1125098792
1615.3000000000	0.1128796253
1615.3100000000	0.1135019220
1615.3200000000	0.1140628952
1615.3300000000	0.1146293105
1615.3400000000	0.1151957258
1615.3500000000	0.1154081406
1615.3600000000	0.1152700662
1615.3700000000	0.1149486978
1615.3800000000	0.1147233814
1615.3900000000	0.1145916959
1615.4000000000	0.1146118512
1615.4100000000	0.1145252342
1615.4200000000	0.1143645154
1615.4300000000	0.1141046646
1615.4400000000	0.1137569366
1615.4500000000	0.1132964122
1615.4600000000	0.1130690164
1615.4700000000	0.1130075194
1615.4800000000	0.1132313208
1615.4900000000	0.1137318508
1615.5000000000	0.1144953430
1615.5100000000	0.1154935779
1615.5200000000	0.1163169899
1615.5300000000	0.1170068650
1615.5400000000	0.1175913203
1615.5500000000	0.1182445474
1615.5600000000	0.1185975840
1615.5700000000	0.1186282316
1615.5800000000	0.1184706885
1615.5900000000	0.1185429029
1615.6000000000	0.1186491156
1615.6100000000	0.1186639856
1615.6200000000	0.1185409792
1615.6300000000	0.1186452038
1615.6400000000	0.1187573037
1615.6500000000	0.1186429755
1615.6600000000	0.1179707901
1615.6700000000	0.1178012948
1615.6800000000	0.1176985970
1615.6900000000	0.1177040696
1615.7000000000	0.1177777667
1615.7100000000	0.1180608833
1615.7200000000	0.1184765362
1615.7300000000	0.1188742195
1615.7400000000	0.1189701961
1615.7500000000	0.1188617056
1615.7600000000	0.1185970765
1615.7700000000	0.1182572216
1615.7800000000	0.1178531780
1615.7900000000	0.1175251198
1615.8000000000	0.1171869031
1615.8100000000	0.1170866628
1615.8200000000	0.1167747501
1615.8300000000	0.1164010933
1615.8400000000	0.1160572903
1615.8500000000	0.1156454171
1615.8600000000	0.1153250724
1615.8700000000	0.1150124429
1615.8800000000	0.1149181061
1615.8900000000	0.1149096934
1615.9000000000	0.1153716766
1615.9100000000	0.1159331359
1615.9200000000	0.1166801037
1615.9300000000	0.1174418011
1615.9400000000	0.1183388636
1615.9500000000	0.1190333332
1615.9600000000	0.1195291009
1615.9700000000	0.1195925139
1615.9800000000	0.1194502208
1615.9900000000	0.1194030402
1616.0000000000	0.1191237457
1616.0100000000	0.1190517262
1616.0200000000	0.1189718871
1616.0300000000	0.1186913267
1616.0400000000	0.1182706765
1616.0500000000	0.1179201322
1616.0600000000	0.1176702629
1616.0700000000	0.1173506955
1616.0800000000	0.1172380278
1616.0900000000	0.1171671178
1616.1000000000	0.1174156130
1616.1100000000	0.1180419805
1616.1200000000	0.1187166015
1616.1300000000	0.1194794744
1616.1400000000	0.1202056558
1616.1500000000	0.1209505730
1616.1600000000	0.1215314030
1616.1700000000	0.1216111275
1616.1800000000	0.1214695181
1616.1900000000	0.1213948186
1616.2000000000	0.1212716265
1616.2100000000	0.1208972478
1616.2200000000	0.1202703508
1616.2300000000	0.1196872345
1616.2400000000	0.1191210521
1616.2500000000	0.1183621353
1616.2600000000	0.1174696099
1616.2700000000	0.1166190889
1616.2800000000	0.1162480014
1616.2900000000	0.1160939844
1616.3000000000	0.1160216035
1616.3100000000	0.1163207824
1616.3200000000	0.1169989090
1616.3300000000	0.1176800026
1616.3400000000	0.1182714053
1616.3500000000	0.1186836863
1616.3600000000	0.1189799347
1616.3700000000	0.1191245545
1616.3800000000	0.1188620091
1616.3900000000	0.1183631572
1616.4000000000	0.1179124425
1616.4100000000	0.1176374908
1616.4200000000	0.1174493557
1616.4300000000	0.1171910038
1616.4400000000	0.1169105766
1616.4500000000	0.1166546095
1616.4600000000	0.1163020105
1616.4700000000	0.1158609114
1616.4800000000	0.1154516828
1616.4900000000	0.1152382102
1616.5000000000	0.1150956145
1616.5100000000	0.1152013898
1616.5200000000	0.1155879578
1616.5300000000	0.1160118278
1616.5400000000	0.1165087767
1616.5500000000	0.1168958294
1616.5600000000	0.1169800635
1616.5700000000	0.1167822320
1616.5800000000	0.1165053505
1616.5900000000	0.1159024247
1616.6000000000	0.1152714437
1616.6100000000	0.1147595845
1616.6200000000	0.1143180989
1616.6300000000	0.1138255885
1616.6400000000	0.1133205676
1616.6500000000	0.1128238511
1616.6600000000	0.1122450632
1616.6700000000	0.1115959100
1616.6800000000	0.1108448199
1616.6900000000	0.1102780258
1616.7000000000	0.1099452241
1616.7100000000	0.1098929642
1616.7200000000	0.1100909962
1616.7300000000	0.1106387000
1616.7400000000	0.1116588307
1616.7500000000	0.1129268994
1616.7600000000	0.1140612189
1616.7700000000	0.1148052861
1616.7800000000	0.1153548405
1616.7900000000	0.1157334905
1616.8000000000	0.1157266935
1616.8100000000	0.1154515477
1616.8200000000	0.1152132268
1616.8300000000	0.1150230413
1616.8400000000	0.1149218650
1616.8500000000	0.1147845414
1616.8600000000	0.1146382399
1616.8700000000	0.1147211574
1616.8800000000	0.1145981078
1616.8900000000	0.1142184201
1616.9000000000	0.1140947550
1616.9100000000	0.1141860871
1616.9200000000	0.1145202769
1616.9300000000	0.1148449772
1616.9400000000	0.1152318374
1616.9500000000	0.1158793271
1616.9600000000	0.1166223548
1616.9700000000	0.1171075727
1616.9800000000	0.1174019917
1616.9900000000	0.1175613550
1617.0000000000	0.1176449514
1617.0100000000	0.1173802672
1617.0200000000	0.1169902843
1617.0300000000	0.1166248740
1617.0400000000	0.1161932974
1617.0500000000	0.1157284802
1617.0600000000	0.1151925443
1617.0700000000	0.1145235295
1617.0800000000	0.1141552891
1617.0900000000	0.1138640305
1617.1000000000	0.1135525170
1617.1100000000	0.1134222694
1617.1200000000	0.1136823426
1617.1300000000	0.1142476483
1617.1400000000	0.1148049959
1617.1500000000	0.1155733920
1617.1600000000	0.1164616078
1617.1700000000	0.1171739395
1617.1800000000	0.1175591065
1617.1900000000	0.1177325809
1617.2000000000	0.1175555662
1617.2100000000	0.1173077659
1617.2200000000	0.1166681218
1617.2300000000	0.1159465901
1617.2400000000	0.1152672339
1617.2500000000	0.1147414247
1617.2600000000	0.1141028380
1617.2700000000	0.1131743753
1617.2800000000	0.1122209061
1617.2900000000	0.1113232813
1617.3000000000	0.1104781350
1617.3100000000	0.1097781326
1617.3200000000	0.1094363712
1617.3300000000	0.1094374126
1617.3400000000	0.1096335037
1617.3500000000	0.1102552055
1617.3600000000	0.1110583934
1617.3700000000	0.1119920635
1617.3800000000	0.1129268988
1617.3900000000	0.1136174420
1617.4000000000	0.1139266029
1617.4100000000	0.1138407191
1617.4200000000	0.1136148965
1617.4300000000	0.1132529086
1617.4400000000	0.1126650214
1617.4500000000	0.1122207575
1617.4600000000	0.1121273851
1617.4700000000	0.1118368489
1617.4800000000	0.1113793012
1617.4900000000	0.1109637483
1617.5000000000	0.1105366112
1617.5100000000	0.1100418770
1617.5200000000	0.1097062118
1617.5300000000	0.1095657176
1617.5400000000	0.1096602795
1617.5500000000	0.1100217436
1617.5600000000	0.1105194430
1617.5700000000	0.1110739771
1617.5800000000	0.1115887083
1617.5900000000	0.1120364061
1617.6000000000	0.1122330079
1617.6100000000	0.1119817357
1617.6200000000	0.1115584508
1617.6300000000	0.1110152927
1617.6400000000	0.1103547014
1617.6500000000	0.1094763536
1617.6600000000	0.1088710447
1617.6700000000	0.1084780965
1617.6800000000	0.1077745460
1617.6900000000	0.1072027908
1617.7000000000	0.1065666903
1617.7100000000	0.1062973032
1617.7200000000	0.1058599402
1617.7300000000	0.1058117489
1617.7400000000	0.1060636520
1617.7500000000	0.1064455365
1617.7600000000	0.1073529652
1617.7700000000	0.1081367371
1617.7800000000	0.1091644297
1617.7900000000	0.1102972747
1617.8000000000	0.1110052902
1617.8100000000	0.1113560398
1617.8200000000	0.1116009651
1617.8300000000	0.1113671768
1617.8400000000	0.1109745755
1617.8500000000	0.1106790063
1617.8600000000	0.1101981009
1617.8700000000	0.1096098279
1617.8800000000	0.1090026698
1617.8900000000	0.1083472430
1617.9000000000	0.1074499593
1617.9100000000	0.1064268689
1617.9200000000	0.1056267989
1617.9300000000	0.1049895767
1617.9400000000	0.1045180335
1617.9500000000	0.1043258042
1617.9600000000	0.1044851116
1617.9700000000	0.1049546405
1617.9800000000	0.1058134200
1617.9900000000	0.1069324858
1618.0000000000	0.1081572889
1618.0100000000	0.1093534796
1618.0200000000	0.1103356020
1618.0300000000	0.1111435999
1618.0400000000	0.1115611121
1618.0500000000	0.1119193850
1618.0600000000	0.1119480229
1618.0700000000	0.1117657126
1618.0800000000	0.1115823285
1618.0900000000	0.1114609358
1618.1000000000	0.1110860478
1618.1100000000	0.1106826385
1618.1200000000	0.1101943362
1618.1300000000	0.1097273070
1618.1400000000	0.1094553387
1618.1500000000	0.1091377818
1618.1600000000	0.1087749752
1618.1700000000	0.1086292724
1618.1800000000	0.1088433454
1618.1900000000	0.1089520289
1618.2000000000	0.1088946808
1618.2100000000	0.1087143901
1618.2200000000	0.1083986672
1618.2300000000	0.1080000923
1618.2400000000	0.1075298293
1618.2500000000	0.1070262153
1618.2600000000	0.1063568310
1618.2700000000	0.1058894331
1618.2800000000	0.1056933337
1618.2900000000	0.1053329501
1618.3000000000	0.1048813046
1618.3100000000	0.1043345283
1618.3200000000	0.1037639694
1618.3300000000	0.1031141268
1618.3400000000	0.1028136833
1618.3500000000	0.1025991461
1618.3600000000	0.1022965315
1618.3700000000	0.1024654731
1618.3800000000	0.1030979552
1618.3900000000	0.1037658725
1618.4000000000	0.1044896178
1618.4100000000	0.1053387411
1618.4200000000	0.1059688565
1618.4300000000	0.1064054646
1618.4400000000	0.1065000775
1618.4500000000	0.1063701021
1618.4600000000	0.1061437721
1618.4700000000	0.1060269877
1618.4800000000	0.1058587710
1618.4900000000	0.1055995418
1618.5000000000	0.1054342103
1618.5100000000	0.1053504146
1618.5200000000	0.1052543626
1618.5300000000	0.1050498494
1618.5400000000	0.1047978419
1618.5500000000	0.1045961159
1618.5600000000	0.1043164115
1618.5700000000	0.1041156884
1618.5800000000	0.1041314127
1618.5900000000	0.1045726044
1618.6000000000	0.1049096485
1618.6100000000	0.1051374719
1618.6200000000	0.1052791704
1618.6300000000	0.1054810909
1618.6400000000	0.1055060857
1618.6500000000	0.1052081231
1618.6600000000	0.1049986525
1618.6700000000	0.1046093472
1618.6800000000	0.1042676537
1618.6900000000	0.1040997158
1618.7000000000	0.1038475923
1618.7100000000	0.1035725471
1618.7200000000	0.1032994769
1618.7300000000	0.1030492869
1618.7400000000	0.1027383567
1618.7500000000	0.1025449349
1618.7600000000	0.1024412017
1618.7700000000	0.1024542700
1618.7800000000	0.1024051321
1618.7900000000	0.1024025318
1618.8000000000	0.1025463506
1618.8100000000	0.1027500757
1618.8200000000	0.1028601982
1618.8300000000	0.1028601982
1618.8400000000	0.1026507215
1618.8500000000	0.1022389480
1618.8600000000	0.1016083786
1618.8700000000	0.1008362952
1618.8800000000	0.1002749391
1618.8900000000	0.0997837432
1618.9000000000	0.0995479707
1618.9100000000	0.0993312794
1618.9200000000	0.0991831931
1618.9300000000	0.0992124385
1618.9400000000	0.0990008107
1618.9500000000	0.0987841049
1618.9600000000	0.0987122393
1618.9700000000	0.0986764888
1618.9800000000	0.0986410887
1618.9900000000	0.0987462477
1619.0000000000	0.0991299776
1619.0100000000	0.0995084965
1619.0200000000	0.0998516609
1619.0300000000	0.1000706200
1619.0400000000	0.1002730127
1619.0500000000	0.1002954596
1619.0600000000	0.1000054547
1619.0700000000	0.0994943121
1619.0800000000	0.0989540344
1619.0900000000	0.0983788826
1619.1000000000	0.0979426215
1619.1100000000	0.0974997248
1619.1200000000	0.0970728135
1619.1300000000	0.0968576615
1619.1400000000	0.0967464419
1619.1500000000	0.0965311544
1619.1600000000	0.0962153267
1619.1700000000	0.0961382320
1619.1800000000	0.0961086802
1619.1900000000	0.0963447300
1619.2000000000	0.0967606571
1619.2100000000	0.0972530707
1619.2200000000	0.0979033330
1619.2300000000	0.0986908617
1619.2400000000	0.0992064397
1619.2500000000	0.0995491266
1619.2600000000	0.0999322485
1619.2700000000	0.1001778417
1619.2800000000	0.1000644327
1619.2900000000	0.1000944296
1619.3000000000	0.1002176838
1619.3100000000	0.1002759545
1619.3200000000	0.1003576789
1619.3300000000	0.1003479692
1619.3400000000	0.1003880901
1619.3500000000	0.1004946938
1619.3600000000	0.1004924919
1619.3700000000	0.1003773639
1619.3800000000	0.1002125288
1619.3900000000	0.1000987421
1619.4000000000	0.1000047920
1619.4100000000	0.0999416410
1619.4200000000	0.1001121564
1619.4300000000	0.1004059918
1619.4400000000	0.1005499757
1619.4500000000	0.1004415126
1619.4600000000	0.1001679097
1619.4700000000	0.0997379620
1619.4800000000	0.0990161416
1619.4900000000	0.0982772686
1619.5000000000	0.0975680846
1619.5100000000	0.0971627396
1619.5200000000	0.0967400485
1619.5300000000	0.0963777852
1619.5400000000	0.0962156377
1619.5500000000	0.0961743547
1619.5600000000	0.0961711258
1619.5700000000	0.0960302753
1619.5800000000	0.0959955485
1619.5900000000	0.0960292502
1619.6000000000	0.0960636298
1619.6100000000	0.0961299010
1619.6200000000	0.0962298735
1619.6300000000	0.0966626370
1619.6400000000	0.0971206270
1619.6500000000	0.0974657747
1619.6600000000	0.0979321297
1619.6700000000	0.0982906844
1619.6800000000	0.0984706221
1619.6900000000	0.0984111901
1619.7000000000	0.0981327322
1619.7100000000	0.0977857973
1619.7200000000	0.0974597484
1619.7300000000	0.0969871318
1619.7400000000	0.0963224449
1619.7500000000	0.0955883050
1619.7600000000	0.0949269729
1619.7700000000	0.0943023258
1619.7800000000	0.0937129005
1619.7900000000	0.0933072023
1619.8000000000	0.0931956914
1619.8100000000	0.0929888841
1619.8200000000	0.0929256824
1619.8300000000	0.0930405297
1619.8400000000	0.0932519782
1619.8500000000	0.0933725850
1619.8600000000	0.0931684608
1619.8700000000	0.0930990354
1619.8800000000	0.0929601847
1619.8900000000	0.0926892254
1619.9000000000	0.0923562810
1619.9100000000	0.0919272973
1619.9200000000	0.0915710151
1619.9300000000	0.0914109144
1619.9400000000	0.0912000833
1619.9500000000	0.0910032940
1619.9600000000	0.0909022480
1619.9700000000	0.0909332019
1619.9800000000	0.0910040020
1619.9900000000	0.0909013418
1620.0000000000	0.0908464717
1620.0100000000	0.0910201343
1620.0200000000	0.0912298769
1620.0300000000	0.0914508425
1620.0400000000	0.0918373429
1620.0500000000	0.0925198043
1620.0600000000	0.0930131515
1620.0700000000	0.0933493284
1620.0800000000	0.0935693257
1620.0900000000	0.0937462130
1620.1000000000	0.0938123399
1620.1100000000	0.0937676645
1620.1200000000	0.0935909391
1620.1300000000	0.0934540367
1620.1400000000	0.0933810265
1620.1500000000	0.0929786391
1620.1600000000	0.0928399050
1620.1700000000	0.0925180157
1620.1800000000	0.0921742139
1620.1900000000	0.0918269863
1620.2000000000	0.0914174996
1620.2100000000	0.0913123406
1620.2200000000	0.0911360445
1620.2300000000	0.0909590439
1620.2400000000	0.0910224100
1620.2500000000	0.0914330645
1620.2600000000	0.0918660326
1620.2700000000	0.0922994297
1620.2800000000	0.0926977809
1620.2900000000	0.0929534910
1620.3000000000	0.0929509112
1620.3100000000	0.0926939311
1620.3200000000	0.0924014433
1620.3300000000	0.0921526649
1620.3400000000	0.0919940539
1620.3500000000	0.0917863725
1620.3600000000	0.0915867412
1620.3700000000	0.0915615674
1620.3800000000	0.0915615674
1620.3900000000	0.0914977709
1620.4000000000	0.0912597997
1620.4100000000	0.0910529696
1620.4200000000	0.0908515756
1620.4300000000	0.0906063942
1620.4400000000	0.0904531626
1620.4500000000	0.0904432876
1620.4600000000	0.0903520263
1620.4700000000	0.0901184219
1620.4800000000	0.0900020949
1620.4900000000	0.0895922304
1620.5000000000	0.0892010247
1620.5100000000	0.0887390120
1620.5200000000	0.0881835917
1620.5300000000	0.0877597218
1620.5400000000	0.0873684604
1620.5500000000	0.0870449696
1620.5600000000	0.0867575064
1620.5700000000	0.0864471472
1620.5800000000	0.0864113787
1620.5900000000	0.0863627669
1620.6000000000	0.0860854357
1620.6100000000	0.0859697694
1620.6200000000	0.0858209237
1620.6300000000	0.0856848988
1620.6400000000	0.0854938781
1620.6500000000	0.0854011647
1620.6600000000	0.0855182533
1620.6700000000	0.0856837064
1620.6800000000	0.0858060624
1620.6900000000	0.0860479006
1620.7000000000	0.0861982990
1620.7100000000	0.0861857666
1620.7200000000	0.0860567075
1620.7300000000	0.0858635283
1620.7400000000	0.0858285944
1620.7500000000	0.0856703817
1620.7600000000	0.0853548948
1620.7700000000	0.0852466580
1620.7800000000	0.0850898796
1620.7900000000	0.0850461416
1620.8000000000	0.0848116325
1620.8100000000	0.0845116605
1620.8200000000	0.0844235368
1620.8300000000	0.0841190737
1620.8400000000	0.0838951565
1620.8500000000	0.0837029361
1620.8600000000	0.0837160134
1620.8700000000	0.0836518078
1620.8800000000	0.0836806871
1620.8900000000	0.0839030465
1620.9000000000	0.0840306846
1620.9100000000	0.0841986677
1620.9200000000	0.0843540842
1620.9300000000	0.0844470217
1620.9400000000	0.0844820461
1620.9500000000	0.0844218479
1620.9600000000	0.0842512615
1620.9700000000	0.0842021387
1620.9800000000	0.0843794260
1620.9900000000	0.0844820461
1621.0000000000	0.0844605936
1621.0100000000	0.0845312522
1621.0200000000	0.0846736964
1621.0300000000	0.0846696724
1621.0400000000	0.0844438621
1621.0500000000	0.0843032758
1621.0600000000	0.0842867480
1621.0700000000	0.0842965298
1621.0800000000	0.0843135895
1621.0900000000	0.0841623788
1621.1000000000	0.0839120698
1621.1100000000	0.0837534941
1621.1200000000	0.0834304230
1621.1300000000	0.0829624512
1621.1400000000	0.0824358611
1621.1500000000	0.0821516502
1621.1600000000	0.0819205496
1621.1700000000	0.0815056128
1621.1800000000	0.0812371715
1621.1900000000	0.0812443780
1621.2000000000	0.0811818817
1621.2100000000	0.0811568170
1621.2200000000	0.0811300015
1621.2300000000	0.0810250854
1621.2400000000	0.0809422781
1621.2500000000	0.0808934261
1621.2600000000	0.0807719206
1621.2700000000	0.0807376658
1621.2800000000	0.0807842452
1621.2900000000	0.0807015833
1621.3000000000	0.0805209633
1621.3100000000	0.0804059528
1621.3200000000	0.0802965453
1621.3300000000	0.0799135613
1621.3400000000	0.0795410242
1621.3500000000	0.0793009531
1621.3600000000	0.0789580529
1621.3700000000	0.0785502335
1621.3800000000	0.0781438264
1621.3900000000	0.0779802682
1621.4000000000	0.0776921428
1621.4100000000	0.0773776053
1621.4200000000	0.0772916827
1621.4300000000	0.0769665997
1621.4400000000	0.0767946913
1621.4500000000	0.0766906748
1621.4600000000	0.0764013821
1621.4700000000	0.0762092442
1621.4800000000	0.0761544411
1621.4900000000	0.0761929290
1621.5000000000	0.0760826239
1621.5100000000	0.0760274714
1621.5200000000	0.0760438270
1621.5300000000	0.0758976248
1621.5400000000	0.0757325481
1621.5500000000	0.0756664479
1621.5600000000	0.0755921077
1621.5700000000	0.0755237534
1621.5800000000	0.0755472283
1621.5900000000	0.0755992342
1621.6000000000	0.0756752979
1621.6100000000	0.0759675898
1621.6200000000	0.0763060303
1621.6300000000	0.0764984288
1621.6400000000	0.0767163639
1621.6500000000	0.0770700712
1621.6600000000	0.0773203592
1621.6700000000	0.0773045449
1621.6800000000	0.0773955142
1621.6900000000	0.0776095407
1621.7000000000	0.0776482042
1621.7100000000	0.0779173977
1621.7200000000	0.0779746042
1621.7300000000	0.0779817550
1621.7400000000	0.0779960566
1621.7500000000	0.0779173977
1621.7600000000	0.0777504933
1621.7700000000	0.0773690253
1621.7800000000	0.0770883310
1621.7900000000	0.0768213114
1621.8000000000	0.0765569307
1621.8100000000	0.0764573607
1621.8200000000	0.0763576827
1621.8300000000	0.0760777647
1621.8400000000	0.0757462308
1621.8500000000	0.0755298036
1621.8600000000	0.0752696065
1621.8700000000	0.0748667394
1621.8800000000	0.0745817611
1621.8900000000	0.0744486505
1621.9000000000	0.0742971301
1621.9100000000	0.0742411980
1621.9200000000	0.0741776154
1621.9300000000	0.0740745973
1621.9400000000	0.0740381686
1621.9500000000	0.0741130498
1621.9600000000	0.0740644492
1621.9700000000	0.0738507208
1621.9800000000	0.0737629287
1621.9900000000	0.0735965484
1622.0000000000	0.0734601641
1622.0100000000	0.0731834152
1622.0200000000	0.0732159533
1622.0300000000	0.0734152983
1622.0400000000	0.0732862993
1622.0500000000	0.0732549233
1622.0600000000	0.0732616272
1622.0700000000	0.0732824838
1622.0800000000	0.0731774562
1622.0900000000	0.0729577132
1622.1000000000	0.0729204594
1622.1100000000	0.0728690629
1622.1200000000	0.0727492443
1622.1300000000	0.0725369609
1622.1400000000	0.0722709426
1622.1500000000	0.0719691720
1622.1600000000	0.0716001756
1622.1700000000	0.0712804467
1622.1800000000	0.0711323744
1622.1900000000	0.0709741830
1622.2000000000	0.0707761387
1622.2100000000	0.0706486229
1622.2200000000	0.0706238334
1622.2300000000	0.0706448045
1622.2400000000	0.0706202624
1622.2500000000	0.0705966506
1622.2600000000	0.0707354287
1622.2700000000	0.0709198629
1622.2800000000	0.0708950829
1622.2900000000	0.0709365576
1622.3000000000	0.0710799970
1622.3100000000	0.0712347610
1622.3200000000	0.0713277215
1622.3300000000	0.0713068108
1622.3400000000	0.0714650000
1622.3500000000	0.0715733556
1622.3600000000	0.0716579868
1622.3700000000	0.0716421836
1622.3800000000	0.0716045477
1622.3900000000	0.0716120749
1622.4000000000	0.0714649804
1622.4100000000	0.0712876978
1622.4200000000	0.0711998747
1622.4300000000	0.0711972543
1622.4400000000	0.0711397611
1622.4500000000	0.0709780323
1622.4600000000	0.0708800662
1622.4700000000	0.0707542119
1622.4800000000	0.0705207109
1622.4900000000	0.0703532569
1622.5000000000	0.0702377438
1622.5100000000	0.0701551297
1622.5200000000	0.0701614188
1622.5300000000	0.0700689288
1622.5400000000	0.0698905023
1622.5500000000	0.0697049524
1622.5600000000	0.0696331314
1622.5700000000	0.0695278042
1622.5800000000	0.0694091007
1622.5900000000	0.0691473798
1622.6000000000	0.0687712326
1622.6100000000	0.0685807476
1622.6200000000	0.0682752116
1622.6300000000	0.0681596297
1622.6400000000	0.0679743362
1622.6500000000	0.0677330415
1622.6600000000	0.0673495595
1622.6700000000	0.0668768149
1622.6800000000	0.0665352101
1622.6900000000	0.0660407713
1622.7000000000	0.0654803663
1622.7100000000	0.0651315734
1622.7200000000	0.0649819834
1622.7300000000	0.0648553770
1622.7400000000	0.0647632537
1622.7500000000	0.0647816799
1622.7600000000	0.0648167043
1622.7700000000	0.0648354663
1622.7800000000	0.0648708663
1622.7900000000	0.0648882124
1622.8000000000	0.0648882124
1622.8100000000	0.0649209084
1622.8200000000	0.0649450869
1622.8300000000	0.0649631637
1622.8400000000	0.0651256616
1622.8500000000	0.0654050722
1622.8600000000	0.0656670427
1622.8700000000	0.0658486491
1622.8800000000	0.0659351348
1622.8900000000	0.0659608777
1622.9000000000	0.0659608777
1622.9100000000	0.0659516737
1622.9200000000	0.0659070624
1622.9300000000	0.0658631884
1622.9400000000	0.0658893696
1622.9500000000	0.0658528734
1622.9600000000	0.0658223216
1622.9700000000	0.0659041135
1622.9800000000	0.0659091088
1622.9900000000	0.0658720384
1623.0000000000	0.0659258387
1623.0100000000	0.0660320387
1623.0200000000	0.0660681399
1623.0300000000	0.0661312353
1623.0400000000	0.0662413017
1623.0500000000	0.0663270919
1623.0600000000	0.0664349910
1623.0700000000	0.0665578766
1623.0800000000	0.0666551458
1623.0900000000	0.0667289423
1623.1000000000	0.0668189896
1623.1100000000	0.0668106358
1623.1200000000	0.0667709770
1623.1300000000	0.0667390706
1623.1400000000	0.0669262663
1623.1500000000	0.0669094397
1623.1600000000	0.0667138514
1623.1700000000	0.0667528453
1623.1800000000	0.0668636082
1623.1900000000	0.0670306681
1623.2000000000	0.0669591311
1623.2100000000	0.0668886881
1623.2200000000	0.0668495968
1623.2300000000	0.0667722904
1623.2400000000	0.0666446886
1623.2500000000	0.0664074351
1623.2600000000	0.0662682104
1623.2700000000	0.0660177722
1623.2800000000	0.0657275403
1623.2900000000	0.0654724572
1623.3000000000	0.0652349329
1623.3100000000	0.0649493607
1623.3200000000	0.0645826720
1623.3300000000	0.0642576263
1623.3400000000	0.0639770051
1623.3500000000	0.0637148002
1623.3600000000	0.0633316366
1623.3700000000	0.0629772300
1623.3800000000	0.0627965419
1623.3900000000	0.0625978069
1623.4000000000	0.0623520315
1623.4100000000	0.0622282401
1623.4200000000	0.0620559179
1623.4300000000	0.0618976281
1623.4400000000	0.0617733131
1623.4500000000	0.0616048156
1623.4600000000	0.0616590523
1623.4700000000	0.0617839579
1623.4800000000	0.0618068405
1623.4900000000	0.0617710865
1623.5000000000	0.0617226495
1623.5100000000	0.0616223351
1623.5200000000	0.0615316524
1623.5300000000	0.0613531226
1623.5400000000	0.0612088985
1623.5500000000	0.0610931138
1623.5600000000	0.0609465837
1623.5700000000	0.0608146116
1623.5800000000	0.0607600955
1623.5900000000	0.0607565555
1623.6000000000	0.0607296451
1623.6100000000	0.0606691028
1623.6200000000	0.0606691028
1623.6300000000	0.0606203473
1623.6400000000	0.0605940894
1623.6500000000	0.0606333488
1623.6600000000	0.0606756406
1623.6700000000	0.0607791566
1623.6800000000	0.0608712653
1623.6900000000	0.0609193958
1623.7000000000	0.0609275681
1623.7100000000	0.0609357405
1623.7200000000	0.0608478877
1623.7300000000	0.0608408076
1623.7400000000	0.0607953082
1623.7500000000	0.0610132069
1623.7600000000	0.0613190769
1623.7700000000	0.0614341278
1623.7800000000	0.0617187581
1623.7900000000	0.0620352350
1623.8000000000	0.0622861203
1623.8100000000	0.0626864570
1623.8200000000	0.0630492680
1623.8300000000	0.0632799811
1623.8400000000	0.0635339866
1623.8500000000	0.0637404051
1623.8600000000	0.0638600717
1623.8700000000	0.0638965555
1623.8800000000	0.0639329360
1623.8900000000	0.0639274718
1623.9000000000	0.0638303688
1623.9100000000	0.0636939934
1623.9200000000	0.0633864984
1623.9300000000	0.0629860486
1623.9400000000	0.0624763398
1623.9500000000	0.0620370966
1623.9600000000	0.0618129181
1623.9700000000	0.0615863610
1623.9800000000	0.0614057349
1623.9900000000	0.0612484865
1624.0000000000	0.0612956957
1624.0100000000	0.0614107631
1624.0200000000	0.0616071521
1624.0300000000	0.0619145221
1624.0400000000	0.0621822727
1624.0500000000	0.0625760456
1624.0600000000	0.0626930718
1624.0700000000	0.0628924297
1624.0800000000	0.0631924049
1624.0900000000	0.0633033155
1624.1000000000	0.0632169431
1624.1100000000	0.0630928043
1624.1200000000	0.0630475762
1624.1300000000	0.0629220575
1624.1400000000	0.0626820479
1624.1500000000	0.0624918571
1624.1600000000	0.0622569264
1624.1700000000	0.0620186868
1624.1800000000	0.0618742685
1624.1900000000	0.0618132763
1624.2000000000	0.0617989746
1624.2100000000	0.0618067092
1624.2200000000	0.0618945355
1624.2300000000	0.0620033565
1624.2400000000	0.0620635547
1624.2500000000	0.0621384740
1624.2600000000	0.0623353000
1624.2700000000	0.0625159955
1624.2800000000	0.0626254228
1624.2900000000	0.0628552842
1624.3000000000	0.0631210933
1624.3100000000	0.0632349693
1624.3200000000	0.0634019233
1624.3300000000	0.0635295291
1624.3400000000	0.0635152264
1624.3500000000	0.0633479123
1624.3600000000	0.0633224243
1624.3700000000	0.0634180044
1624.3800000000	0.0633507443
1624.3900000000	0.0633549923
1624.4000000000	0.0635003279
1624.4100000000	0.0638307767
1624.4200000000	0.0641997421
1624.4300000000	0.0644910612
1624.4400000000	0.0648760521
1624.4500000000	0.0651590411
1624.4600000000	0.0654953524
1624.4700000000	0.0657360728
1624.4800000000	0.0658671909
1624.4900000000	0.0660988378
1624.5000000000	0.0663270027
1624.5100000000	0.0663801898
1624.5200000000	0.0664437490
1624.5300000000	0.0663899409
1624.5400000000	0.0663432097
1624.5500000000	0.0661017877
1624.5600000000	0.0657452974
1624.5700000000	0.0653579017
1624.5800000000	0.0649686717
1624.5900000000	0.0647561974
1624.6000000000	0.0644914117
1624.6100000000	0.0644223225
1624.6200000000	0.0643908918
1624.6300000000	0.0644977781
1624.6400000000	0.0645621348
1624.6500000000	0.0644634836
1624.6600000000	0.0645700374
1624.6700000000	0.0646292663
1624.6800000000	0.0644949178
1624.6900000000	0.0645086108
1624.7000000000	0.0646153525
1624.7100000000	0.0644568784
1624.7200000000	0.0643451831
1624.7300000000	0.0643681053
1624.7400000000	0.0641594736
1624.7500000000	0.0639014450
1624.7600000000	0.0636871389
1624.7700000000	0.0634849192
1624.7800000000	0.0631862698
1624.7900000000	0.0628940690
1624.8000000000	0.0627010786
1624.8100000000	0.0626356486
1624.8200000000	0.0626638185
1624.8300000000	0.0628072681
1624.8400000000	0.0630976528
1624.8500000000	0.0634325714
1624.8600000000	0.0637770620
1624.8700000000	0.0641277366
1624.8800000000	0.0642982559
1624.8900000000	0.0644123969
1624.9000000000	0.0646874396
1624.9100000000	0.0649335945
1624.9200000000	0.0650060050
1624.9300000000	0.0651141925
1624.9400000000	0.0652599286
1624.9500000000	0.0654145401
1624.9600000000	0.0652690076
1624.9700000000	0.0650952429
1624.9800000000	0.0649904825
1624.9900000000	0.0649214636
1625.0000000000	0.0649009827
1625.0100000000	0.0650839333
1625.0200000000	0.0652931908
1625.0300000000	0.0656595636
1625.0400000000	0.0661498668
1625.0500000000	0.0666644094
1625.0600000000	0.0672484134
1625.0700000000	0.0679870022
1625.0800000000	0.0685628574
1625.0900000000	0.0690390344
1625.1000000000	0.0694527234
1625.1100000000	0.0698989458
1625.1200000000	0.0700861653
1625.1300000000	0.0701627978
1625.1400000000	0.0702563551
1625.1500000000	0.0702796126
1625.1600000000	0.0701964880
1625.1700000000	0.0699487857
1625.1800000000	0.0695332910
1625.1900000000	0.0692238809
1625.2000000000	0.0686758305
1625.2100000000	0.0682431785
1625.2200000000	0.0679783314
1625.2300000000	0.0678259842
1625.2400000000	0.0679588292
1625.2500000000	0.0680332265
1625.2600000000	0.0681408498
1625.2700000000	0.0684637344
1625.2800000000	0.0687859040
1625.2900000000	0.0688259530
1625.3000000000	0.0689472059
1625.3100000000	0.0690560226
1625.3200000000	0.0690000597
1625.3300000000	0.0689771771
1625.3400000000	0.0688832396
1625.3500000000	0.0687301121
1625.3600000000	0.0685283806
1625.3700000000	0.0682503110
1625.3800000000	0.0679056564
1625.3900000000	0.0675800693
1625.4000000000	0.0672823709
1625.4100000000	0.0669543028
1625.4200000000	0.0667155458
1625.4300000000	0.0666297034
1625.4400000000	0.0666995780
1625.4500000000	0.0668415931
1625.4600000000	0.0671714404
1625.4700000000	0.0675793011
1625.4800000000	0.0679755414
1625.4900000000	0.0683239041
1625.5000000000	0.0687003434
1625.5100000000	0.0689458987
1625.5200000000	0.0691893605
1625.5300000000	0.0693603919
1625.5400000000	0.0694301643
1625.5500000000	0.0695343024
1625.5600000000	0.0696044220
1625.5700000000	0.0696418596
1625.5800000000	0.0693959760
1625.5900000000	0.0691386067
1625.6000000000	0.0689770739
1625.6100000000	0.0686490054
1625.6200000000	0.0683420246
1625.6300000000	0.0682094687
1625.6400000000	0.0681950244
1625.6500000000	0.0683575342
1625.6600000000	0.0686754019
1625.6700000000	0.0692255726
1625.6800000000	0.0696383405
1625.6900000000	0.0702395788
1625.7000000000	0.0708359660
1625.7100000000	0.0714324609
1625.7200000000	0.0719632224
1625.7300000000	0.0725811358
1625.7400000000	0.0728588372
1625.7500000000	0.0731679440
1625.7600000000	0.0735100281
1625.7700000000	0.0738884571
1625.7800000000	0.0741211918
1625.7900000000	0.0742719960
1625.8000000000	0.0744136086
1625.8100000000	0.0745251210
1625.8200000000	0.0744207659
1625.8300000000	0.0743069905
1625.8400000000	0.0741365247
1625.8500000000	0.0739860864
1625.8600000000	0.0739700336
1625.8700000000	0.0740039446
1625.8800000000	0.0741808719
1625.8900000000	0.0744002259
1625.9000000000	0.0744348508
1625.9100000000	0.0744295258
1625.9200000000	0.0743990968
1625.9300000000	0.0743761833
1625.9400000000	0.0742390568
1625.9500000000	0.0740057876
1625.9600000000	0.0739760495
1625.9700000000	0.0737675343
1625.9800000000	0.0735637207
1625.9900000000	0.0732614904
1626.0000000000	0.0730991631
1626.0100000000	0.0730108908
1626.0200000000	0.0728134837
1626.0300000000	0.0724765691
1626.0400000000	0.0722138611
1626.0500000000	0.0721423530
1626.0600000000	0.0720035023
1626.0700000000	0.0721437143
1626.0800000000	0.0726227903
1626.0900000000	0.0732188144
1626.1000000000	0.0738262868
1626.1100000000	0.0742660763
1626.1200000000	0.0749304148
1626.1300000000	0.0756433661
1626.1400000000	0.0760559825
1626.1500000000	0.0762140163
1626.1600000000	0.0762898286
1626.1700000000	0.0763284146
1626.1800000000	0.0762546020
1626.1900000000	0.0760529546
1626.2000000000	0.0756932753
1626.2100000000	0.0754621872
1626.2200000000	0.0751630445
1626.2300000000	0.0747587719
1626.2400000000	0.0743045641
1626.2500000000	0.0741488038
1626.2600000000	0.0741530943
1626.2700000000	0.0742188835
1626.2800000000	0.0745130867
1626.2900000000	0.0748777991
1626.3000000000	0.0753207340
1626.3100000000	0.0756733030
1626.3200000000	0.0761277119
1626.3300000000	0.0765402727
1626.3400000000	0.0769868686
1626.3500000000	0.0772378486
1626.3600000000	0.0774144428
1626.3700000000	0.0775287156
1626.3800000000	0.0776050131
1626.3900000000	0.0775873732
1626.4000000000	0.0773438881
1626.4100000000	0.0771171953
1626.4200000000	0.0768750494
1626.4300000000	0.0765958868
1626.4400000000	0.0761960500
1626.4500000000	0.0760562315
1626.4600000000	0.0759813515
1626.4700000000	0.0757735881
1626.4800000000	0.0758627983
1626.4900000000	0.0761255508
1626.5000000000	0.0766335998
1626.5100000000	0.0770730632
1626.5200000000	0.0774837853
1626.5300000000	0.0779894129
1626.5400000000	0.0784748196
1626.5500000000	0.0787731406
1626.5600000000	0.0788901538
1626.5700000000	0.0790519998
1626.5800000000	0.0790721868
1626.5900000000	0.0789764765
1626.6000000000	0.0787261809
1626.6100000000	0.0782964027
1626.6200000000	0.0777125212
1626.6300000000	0.0771911533
1626.6400000000	0.0766653426
1626.6500000000	0.0761493523
1626.6600000000	0.0757369524
1626.6700000000	0.0753991981
1626.6800000000	0.0753644854
1626.6900000000	0.0757150153
1626.7000000000	0.0762476391
1626.7100000000	0.0768540427
1626.7200000000	0.0774969152
1626.7300000000	0.0782176738
1626.7400000000	0.0787969766
1626.7500000000	0.0791920915
1626.7600000000	0.0793705304
1626.7700000000	0.0794443678
1626.7800000000	0.0795203538
1626.7900000000	0.0795835949
1626.8000000000	0.0795675388
1626.8100000000	0.0795460598
1626.8200000000	0.0796792896
1626.8300000000	0.0797400632
1626.8400000000	0.0796409430
1626.8500000000	0.0795630065
1626.8600000000	0.0794040878
1626.8700000000	0.0790505168
1626.8800000000	0.0787814006
1626.8900000000	0.0787898258
1626.9000000000	0.0791180843
1626.9100000000	0.0795990540
1626.9200000000	0.0804035711
1626.9300000000	0.0813917731
1626.9400000000	0.0824133591
1626.9500000000	0.0834444598
1626.9600000000	0.0842767123
1626.9700000000	0.0849300359
1626.9800000000	0.0854446005
1626.9900000000	0.0859444284
1627.0000000000	0.0861398866
1627.0100000000	0.0863727788
1627.0200000000	0.0864728901
1627.0300000000	0.0865146682
1627.0400000000	0.0865200855
1627.0500000000	0.0863947620
1627.0600000000	0.0862417421
1627.0700000000	0.0859753918
1627.0800000000	0.0855695944
1627.0900000000	0.0853401725
1627.1000000000	0.0853702059
1627.1100000000	0.0855947414
1627.1200000000	0.0856608773
1627.1300000000	0.0859873735
1627.1400000000	0.0865354107
1627.1500000000	0.0868476649
1627.1600000000	0.0868533278
1627.1700000000	0.0867107859
1627.1800000000	0.0865705618
1627.1900000000	0.0863847790
1627.2000000000	0.0858901670
1627.2100000000	0.0853710655
1627.2200000000	0.0849239521
1627.2300000000	0.0845441813
1627.2400000000	0.0842317531
1627.2500000000	0.0837409969
1627.2600000000	0.0832756609
1627.2700000000	0.0827459696
1627.2800000000	0.0820017149
1627.2900000000	0.0811814882
1627.3000000000	0.0807406257
1627.3100000000	0.0805876268
1627.3200000000	0.0804095285
1627.3300000000	0.0807635079
1627.3400000000	0.0813540307
1627.3500000000	0.0822416428
1627.3600000000	0.0830250272
1627.3700000000	0.0839501849
1627.3800000000	0.0848982121
1627.3900000000	0.0854584968
1627.4000000000	0.0856843650
1627.4100000000	0.0856886093
1627.4200000000	0.0855798309
1627.4300000000	0.0854937046
1627.4400000000	0.0853023153
1627.4500000000	0.0851794527
1627.4600000000	0.0851424625
1627.4700000000	0.0852205203
1627.4800000000	0.0852899793
1627.4900000000	0.0852386445
1627.5000000000	0.0852983470
1627.5100000000	0.0855597571
1627.5200000000	0.0856609615
1627.5300000000	0.0857300438
1627.5400000000	0.0859947613
1627.5500000000	0.0863985894
1627.5600000000	0.0867540613
1627.5700000000	0.0871973153
1627.5800000000	0.0877563505
1627.5900000000	0.0881807189
1627.6000000000	0.0885469418
1627.6100000000	0.0886881541
1627.6200000000	0.0887329370
1627.6300000000	0.0884476138
1627.6400000000	0.0881225754
1627.6500000000	0.0877578838
1627.6600000000	0.0873782119
1627.6700000000	0.0868974194
1627.6800000000	0.0866061998
1627.6900000000	0.0861405404
1627.7000000000	0.0857449355
1627.7100000000	0.0855165129
1627.7200000000	0.0854803567
1627.7300000000	0.0854194216
1627.7400000000	0.0856885127
1627.7500000000	0.0861441031
1627.7600000000	0.0867317658
1627.7700000000	0.0872935147
1627.7800000000	0.0877945562
1627.7900000000	0.0884324657
1627.8000000000	0.0887761350
1627.8100000000	0.0889496984
1627.8200000000	0.0892668628
1627.8300000000	0.0893762909
1627.8400000000	0.0892785451
1627.8500000000	0.0892059750
1627.8600000000	0.0892353358
1627.8700000000	0.0892042050
1627.8800000000	0.0890354706
1627.8900000000	0.0888234355
1627.9000000000	0.0884093890
1627.9100000000	0.0881798469
1627.9200000000	0.0880318251
1627.9300000000	0.0879532407
1627.9400000000	0.0879221448
1627.9500000000	0.0883207800
1627.9600000000	0.0889067436
1627.9700000000	0.0893642480
1627.9800000000	0.0898569921
1627.9900000000	0.0902483779
1628.0000000000	0.0903538425
1628.0100000000	0.0900326770
1628.0200000000	0.0896109234
1628.0300000000	0.0891716901
1628.0400000000	0.0885924740
1628.0500000000	0.0880150847
1628.0600000000	0.0875895616
1628.0700000000	0.0874422860
1628.0800000000	0.0873861958
1628.0900000000	0.0872477947
1628.1000000000	0.0871073045
1628.1100000000	0.0869437004
1628.1200000000	0.0868724337
1628.1300000000	0.0866988703
1628.1400000000	0.0864184321
1628.1500000000	0.0866189489
1628.1600000000	0.0869638709
1628.1700000000	0.0872844007
1628.1800000000	0.0878993141
1628.1900000000	0.0886668150
1628.2000000000	0.0894778591
1628.2100000000	0.0902994172
1628.2200000000	0.0910855761
1628.2300000000	0.0917215387
1628.2400000000	0.0920263847
1628.2500000000	0.0921291776
1628.2600000000	0.0920353232
1628.2700000000	0.0921110653
1628.2800000000	0.0919180365
1628.2900000000	0.0916778549
1628.3000000000	0.0913354734
1628.3100000000	0.0910519708
1628.3200000000	0.0909680341
1628.3300000000	0.0907311671
1628.3400000000	0.0903239956
1628.3500000000	0.0902028717
1628.3600000000	0.0904457285
1628.3700000000	0.0906265360
1628.3800000000	0.0908444153
1628.3900000000	0.0912258058
1628.4000000000	0.0917706433
1628.4100000000	0.0920824216
1628.4200000000	0.0921968239
1628.4300000000	0.0922690393
1628.4400000000	0.0920912993
1628.4500000000	0.0916400884
1628.4600000000	0.0910810207
1628.4700000000	0.0906891417
1628.4800000000	0.0903015531
1628.4900000000	0.0900283898
1628.5000000000	0.0898063123
1628.5100000000	0.0896510147
1628.5200000000	0.0896618492
1628.5300000000	0.0898957599
1628.5400000000	0.0898449216
1628.5500000000	0.0898488522
1628.5600000000	0.0902028696
1628.5700000000	0.0903887942
1628.5800000000	0.0906521143
1628.5900000000	0.0912501417
1628.6000000000	0.0920328888
1628.6100000000	0.0927215832
1628.6200000000	0.0935922429
1628.6300000000	0.0945027067
1628.6400000000	0.0950287448
1628.6500000000	0.0952556966
1628.6600000000	0.0952601658
1628.6700000000	0.0951319782
1628.6800000000	0.0948042843
1628.6900000000	0.0944188550
1628.7000000000	0.0941359431
1628.7100000000	0.0935884974
1628.7200000000	0.0930802906
1628.7300000000	0.0927583195
1628.7400000000	0.0921262856
1628.7500000000	0.0913901584
1628.7600000000	0.0911745682
1628.7700000000	0.0907561876
1628.7800000000	0.0903313725
1628.7900000000	0.0903774056
1628.8000000000	0.0907144150
1628.8100000000	0.0908420479
1628.8200000000	0.0912215096
1628.8300000000	0.0920842010
1628.8400000000	0.0927366906
1628.8500000000	0.0929632423
1628.8600000000	0.0932284677
1628.8700000000	0.0934923446
1628.8800000000	0.0934923446
1628.8900000000	0.0935127244
1628.9000000000	0.0935860202
1628.9100000000	0.0935416852
1628.9200000000	0.0936539557
1628.9300000000	0.0939058318
1628.9400000000	0.0939737999
1628.9500000000	0.0939097258
1628.9600000000	0.0940903655
1628.9700000000	0.0944172119
1628.9800000000	0.0944171674
1628.9900000000	0.0947744272
1629.0000000000	0.0953873678
1629.0100000000	0.0959427847
1629.0200000000	0.0964058559
1629.0300000000	0.0971379573
1629.0400000000	0.0978477435
1629.0500000000	0.0979900661
1629.0600000000	0.0980982626
1629.0700000000	0.0982728074
1629.0800000000	0.0981816887
1629.0900000000	0.0980029737
1629.1000000000	0.0976399460
1629.1100000000	0.0970842533
1629.1200000000	0.0966060276
1629.1300000000	0.0961907202
1629.1400000000	0.0956809392
1629.1500000000	0.0949701032
1629.1600000000	0.0944687912
1629.1700000000	0.0940619560
1629.1800000000	0.0936272289
1629.1900000000	0.0935705830
1629.2000000000	0.0937022355
1629.2100000000	0.0938098118
1629.2200000000	0.0940481766
1629.2300000000	0.0945675280
1629.2400000000	0.0949547691
1629.2500000000	0.0951766618
1629.2600000000	0.0953807724
1629.2700000000	0.0954851692
1629.2800000000	0.0954863102
1629.2900000000	0.0951461118
1629.3000000000	0.0948450834
1629.3100000000	0.0946000676
1629.3200000000	0.0943862251
1629.3300000000	0.0943703344
1629.3400000000	0.0942648780
1629.3500000000	0.0944266741
1629.3600000000	0.0944527276
1629.3700000000	0.0944120671
1629.3800000000	0.0943688791
1629.3900000000	0.0945104810
1629.4000000000	0.0946365180
1629.4100000000	0.0946205407
1629.4200000000	0.0945676897
1629.4300000000	0.0947388355
1629.4400000000	0.0948152883
1629.4500000000	0.0947269496
1629.4600000000	0.0944577332
1629.4700000000	0.0940861669
1629.4800000000	0.0935924661
1629.4900000000	0.0930122098
1629.5000000000	0.0923178442
1629.5100000000	0.0918465150
1629.5200000000	0.0915705059
1629.5300000000	0.0914300063
1629.5400000000	0.0914605535
1629.5500000000	0.0917144026
1629.5600000000	0.0920212316
1629.5700000000	0.0923829182
1629.5800000000	0.0927517990
1629.5900000000	0.0933755500
1629.6000000000	0.0938127584
1629.6100000000	0.0941908168
1629.6200000000	0.0945111880
1629.6300000000	0.0948736990
1629.6400000000	0.0954367929
1629.6500000000	0.0958904172
1629.6600000000	0.0961382320
1629.6700000000	0.0963152323
1629.6800000000	0.0963520484
1629.6900000000	0.0962454942
1629.7000000000	0.0955608257
1629.7100000000	0.0948944018
1629.7200000000	0.0943628881
1629.7300000000	0.0938792522
1629.7400000000	0.0935623630
1629.7500000000	0.0933850824
1629.7600000000	0.0934396350
1629.7700000000	0.0935425447
1629.7800000000	0.0936378949
1629.7900000000	0.0938033111
1629.8000000000	0.0940739162
1629.8100000000	0.0944474125
1629.8200000000	0.0949723111
1629.8300000000	0.0956865419
1629.8400000000	0.0962794614
1629.8500000000	0.0969688482
1629.8600000000	0.0977265800
1629.8700000000	0.0983522977
1629.8800000000	0.0987055862
1629.8900000000	0.0987207388
1629.9000000000	0.0985681504
1629.9100000000	0.0981352110
1629.9200000000	0.0975935666
1629.9300000000	0.0971602555
1629.9400000000	0.0966601857
1629.9500000000	0.0964724184
1629.9600000000	0.0963556167
1629.9700000000	0.0962790813
1629.9800000000	0.0964844675
1629.9900000000	0.0967547383
1630.0000000000	0.0971515385
1630.0100000000	0.0974280757
1630.0200000000	0.0976851091
1630.0300000000	0.0981743904
1630.0400000000	0.0986853288
1630.0500000000	0.0991841485
1630.0600000000	0.0997537923
1630.0700000000	0.1003024652
1630.0800000000	0.1006372344
1630.0900000000	0.1007354762
1630.1000000000	0.1005411740
1630.1100000000	0.0999882268
1630.1200000000	0.0990765212
1630.1300000000	0.0979780900
1630.1400000000	0.0969830780
1630.1500000000	0.0960766946
1630.1600000000	0.0952257889
1630.1700000000	0.0945375811
1630.1800000000	0.0940793597
1630.1900000000	0.0938728101
1630.2000000000	0.0937228468
1630.2100000000	0.0936098728
1630.2200000000	0.0935961015
1630.2300000000	0.0935935925
1630.2400000000	0.0939571655
1630.2500000000	0.0942529600
1630.2600000000	0.0946737246
1630.2700000000	0.0953852050
1630.2800000000	0.0961937196
1630.2900000000	0.0970686230
1630.3000000000	0.0978442066
1630.3100000000	0.0984392438
1630.3200000000	0.0985666011
1630.3300000000	0.0983461092
1630.3400000000	0.0978581619
1630.3500000000	0.0970593845
1630.3600000000	0.0960718266
1630.3700000000	0.0950708862
1630.3800000000	0.0943642820
1630.3900000000	0.0938679588
1630.4000000000	0.0934744727
1630.4100000000	0.0931882488
1630.4200000000	0.0931448006
1630.4300000000	0.0932611769
1630.4400000000	0.0933135743
1630.4500000000	0.0935288017
1630.4600000000	0.0938554537
1630.4700000000	0.0943233885
1630.4800000000	0.0948422721
1630.4900000000	0.0954120384
1630.5000000000	0.0961685693
1630.5100000000	0.0967160321
1630.5200000000	0.0971350340
1630.5300000000	0.0973896531
1630.5400000000	0.0974093543
1630.5500000000	0.0972433865
1630.5600000000	0.0968304806
1630.5700000000	0.0965717645
1630.5800000000	0.0961739812
1630.5900000000	0.0957904622
1630.6000000000	0.0955188419
1630.6100000000	0.0954875536
1630.6200000000	0.0955549772
1630.6300000000	0.0955661526
1630.6400000000	0.0956974940
1630.6500000000	0.0959697132
1630.6600000000	0.0961904317
1630.6700000000	0.0965641078
1630.6800000000	0.0969892062
1630.6900000000	0.0975148054
1630.7000000000	0.0981476667
1630.7100000000	0.0984694678
1630.7200000000	0.0986558110
1630.7300000000	0.0986462956
1630.7400000000	0.0986703108
1630.7500000000	0.0982831896
1630.7600000000	0.0977971980
1630.7700000000	0.0972070684
1630.7800000000	0.0966787681
1630.7900000000	0.0960941417
1630.8000000000	0.0955321589
1630.8100000000	0.0952336253
1630.8200000000	0.0948152932
1630.8300000000	0.0944927770
1630.8400000000	0.0943261583
1630.8500000000	0.0943738351
1630.8600000000	0.0945154353
1630.8700000000	0.0946570449
1630.8800000000	0.0951240828
1630.8900000000	0.0957919631
1630.9000000000	0.0967592411
1630.9100000000	0.0977863224
1630.9200000000	0.0986381372
1630.9300000000	0.0993171895
1630.9400000000	0.0998773536
1630.9500000000	0.1001479104
1630.9600000000	0.0999940658
1630.9700000000	0.0997509117
1630.9800000000	0.0996234693
1630.9900000000	0.0992198966
1631.0000000000	0.0987302994
1631.0100000000	0.0984065302
1631.0200000000	0.0982099015
1631.0300000000	0.0979445734
1631.0400000000	0.0976608321
1631.0500000000	0.0975764218
1631.0600000000	0.0974064821
1631.0700000000	0.0973018300
1631.0800000000	0.0973081338
1631.0900000000	0.0975001762
1631.1000000000	0.0977529866
1631.1100000000	0.0980325292
1631.1200000000	0.0986246676
1631.1300000000	0.0990343946
1631.1400000000	0.0992185854
1631.1500000000	0.0988780074
1631.1600000000	0.0983417747
1631.1700000000	0.0978768186
1631.1800000000	0.0969114308
1631.1900000000	0.0961397225
1631.2000000000	0.0952179087
1631.2100000000	0.0945744036
1631.2200000000	0.0940888873
1631.2300000000	0.0940093336
1631.2400000000	0.0941418936
1631.2500000000	0.0943662449
1631.2600000000	0.0944896333
1631.2700000000	0.0947508618
1631.2800000000	0.0951374505
1631.2900000000	0.0954986042
1631.3000000000	0.0958597710
1631.3100000000	0.0962614261
1631.3200000000	0.0968938056
1631.3300000000	0.0972333576
1631.3400000000	0.0976079378
1631.3500000000	0.0979825179
1631.3600000000	0.0984878558
1631.3700000000	0.0985963961
1631.3800000000	0.0984557864
1631.3900000000	0.0982838803
1631.4000000000	0.0981093202
1631.4100000000	0.0979313449
1631.4200000000	0.0976449020
1631.4300000000	0.0975412648
1631.4400000000	0.0975055108
1631.4500000000	0.0977121621
1631.4600000000	0.0980243130
1631.4700000000	0.0981578634
1631.4800000000	0.0984763217
1631.4900000000	0.0988038957
1631.5000000000	0.0992344684
1631.5100000000	0.0995242039
1631.5200000000	0.1001011509
1631.5300000000	0.1008504043
1631.5400000000	0.1011410850
1631.5500000000	0.1013917354
1631.5600000000	0.1015358244
1631.5700000000	0.1013602719
1631.5800000000	0.1008983151
1631.5900000000	0.1002565009
1631.6000000000	0.0996192216
1631.6100000000	0.0987132990
1631.6200000000	0.0977345908
1631.6300000000	0.0970496402
1631.6400000000	0.0964481034
1631.6500000000	0.0960760963
1631.6600000000	0.0956955003
1631.6700000000	0.0951950621
1631.6800000000	0.0948400711
1631.6900000000	0.0946917743
1631.7000000000	0.0945538022
1631.7100000000	0.0944692901
1631.7200000000	0.0948217869
1631.7300000000	0.0954700820
1631.7400000000	0.0962426318
1631.7500000000	0.0969429042
1631.7600000000	0.0978659085
1631.7700000000	0.0989651955
1631.7800000000	0.0993015928
1631.7900000000	0.0997030910
1631.8000000000	0.0998423924
1631.8100000000	0.0994947429
1631.8200000000	0.0989286065
1631.8300000000	0.0984192636
1631.8400000000	0.0980374990
1631.8500000000	0.0975140877
1631.8600000000	0.0973220390
1631.8700000000	0.0973867928
1631.8800000000	0.0972441589
1631.8900000000	0.0971301707
1631.9000000000	0.0971390207
1631.9100000000	0.0972971166
1631.9200000000	0.0974982790
1631.9300000000	0.0977216718
1631.9400000000	0.0982096659
1631.9500000000	0.0985204195
1631.9600000000	0.0989660445
1631.9700000000	0.0992815215
1631.9800000000	0.0992499738
1631.9900000000	0.0992149208
1632.0000000000	0.0989777578
1632.0100000000	0.0984587439
1632.0200000000	0.0975280839
1632.0300000000	0.0967961233
1632.0400000000	0.0962086576
1632.0500000000	0.0954880640
1632.0600000000	0.0950342360
1632.0700000000	0.0946365180
1632.0800000000	0.0946270082
1632.0900000000	0.0944786548
1632.1000000000	0.0946626608
1632.1100000000	0.0948058026
1632.1200000000	0.0949228976
1632.1300000000	0.0951104378
1632.1400000000	0.0955040053
1632.1500000000	0.0960919527
1632.1600000000	0.0968235940
1632.1700000000	0.0975263016
1632.1800000000	0.0981394554
1632.1900000000	0.0984046827
1632.2000000000	0.0987347303
1632.2100000000	0.0985814979
1632.2200000000	0.0981047633
1632.2300000000	0.0975203080
1632.2400000000	0.0969028356
1632.2500000000	0.0964062154
1632.2600000000	0.0957966467
1632.2700000000	0.0956494630
1632.2800000000	0.0958122246
1632.2900000000	0.0960549223
1632.3000000000	0.0963365045
1632.3100000000	0.0966523873
1632.3200000000	0.0971207800
1632.3300000000	0.0975070396
1632.3400000000	0.0978382185
1632.3500000000	0.0983453007
1632.3600000000	0.0987085422
1632.3700000000	0.0991543462
1632.3800000000	0.0996910574
1632.3900000000	0.1002824449
1632.4000000000	0.1002500649
1632.4100000000	0.1002283957
1632.4200000000	0.0999741400
1632.4300000000	0.0991668313
1632.4400000000	0.0984131962
1632.4500000000	0.0974308331
1632.4600000000	0.0965867913
1632.4700000000	0.0959316385
1632.4800000000	0.0957338391
1632.4900000000	0.0957499756
1632.5000000000	0.0956333592
1632.5100000000	0.0960688160
1632.5200000000	0.0964617242
1632.5300000000	0.0966377818
1632.5400000000	0.0968712064
1632.5500000000	0.0973296013
1632.5600000000	0.0979116776
1632.5700000000	0.0983427633
1632.5800000000	0.0988355925
1632.5900000000	0.0996634723
1632.6000000000	0.1000204145
1632.6100000000	0.1004326682
1632.6200000000	0.1008145218
1632.6300000000	0.1008901957
1632.6400000000	0.1005879560
1632.6500000000	0.0998014808
1632.6600000000	0.0990882126
1632.6700000000	0.0982072329
1632.6800000000	0.0973963000
1632.6900000000	0.0966218462
1632.7000000000	0.0961839383
1632.7100000000	0.0960309699
1632.7200000000	0.0960247190
1632.7300000000	0.0960056172
1632.7400000000	0.0961129939
1632.7500000000	0.0964985783
1632.7600000000	0.0968762115
1632.7700000000	0.0971794204
1632.7800000000	0.0976971537
1632.7900000000	0.0984167373
1632.8000000000	0.0991886527
1632.8100000000	0.0999705023
1632.8200000000	0.1006174943
1632.8300000000	0.1012704720
1632.8400000000	0.1018288005
1632.8500000000	0.1022374948
1632.8600000000	0.1020746336
1632.8700000000	0.1017068231
1632.8800000000	0.1013500715
1632.8900000000	0.1008270574
1632.9000000000	0.1004064158
1632.9100000000	0.1001028457
1632.9200000000	0.0998741163
1632.9300000000	0.0996043139
1632.9400000000	0.0995624168
1632.9500000000	0.0997653955
1632.9600000000	0.0999953172
1632.9700000000	0.1001931659
1632.9800000000	0.1004196222
1632.9900000000	0.1008668514
1633.0000000000	0.1011614659
1633.0100000000	0.1014043506
1633.0200000000	0.1015515573
1633.0300000000	0.1017247070
1633.0400000000	0.1017901263
1633.0500000000	0.1014436305
1633.0600000000	0.1012095682
1633.0700000000	0.1006747592
1633.0800000000	0.1000498392
1633.0900000000	0.0994004461
1633.1000000000	0.0988012787
1633.1100000000	0.0985096373
1633.1200000000	0.0982360907
1633.1300000000	0.0981762714
1633.1400000000	0.0981886478
1633.1500000000	0.0983297022
1633.1600000000	0.0985359297
1633.1700000000	0.0986410887
1633.1800000000	0.0989243035
1633.1900000000	0.0993782819
1633.2000000000	0.0996979656
1633.2100000000	0.0999801558
1633.2200000000	0.1002631763
1633.2300000000	0.1003825797
1633.2400000000	0.1000030382
1633.2500000000	0.0993475433
1633.2600000000	0.0984153908
1633.2700000000	0.0972812713
1633.2800000000	0.0958116841
1633.2900000000	0.0942166648
1633.3000000000	0.0930275232
1633.3100000000	0.0920422730
1633.3200000000	0.0912744680
1633.3300000000	0.0906712246
1633.3400000000	0.0902995118
1633.3500000000	0.0902336677
1633.3600000000	0.0902074716
1633.3700000000	0.0902512427
1633.3800000000	0.0903671273
1633.3900000000	0.0905882729
1633.4000000000	0.0909092107
1633.4100000000	0.0914489082
1633.4200000000	0.0921889635
1633.4300000000	0.0931192828
1633.4400000000	0.0941991991
1633.4500000000	0.0952217827
1633.4600000000	0.0962924704
1633.4700000000	0.0972355363
1633.4800000000	0.0977797763
1633.4900000000	0.0977579344
1633.5000000000	0.0974709160
1633.5100000000	0.0971751288
1633.5200000000	0.0967243999
1633.5300000000	0.0961039293
1633.5400000000	0.0957622582
1633.5500000000	0.0956803467
1633.5600000000	0.0956432473
1633.5700000000	0.0956706943
1633.5800000000	0.0959236932
1633.5900000000	0.0963151412
1633.6000000000	0.0967932625
1633.6100000000	0.0972144598
1633.6200000000	0.0975916797
1633.6300000000	0.0981166829
1633.6400000000	0.0985287188
1633.6500000000	0.0988102775
1633.6600000000	0.0992146300
1633.6700000000	0.0994055395
1633.6800000000	0.0994502703
1633.6900000000	0.0993641806
1633.7000000000	0.0992086555
1633.7100000000	0.0991458664
1633.7200000000	0.0988386344
1633.7300000000	0.0986286987
1633.7400000000	0.0984623184
1633.7500000000	0.0984534677
1633.7600000000	0.0982877822
1633.7700000000	0.0984003683
1633.7800000000	0.0987203851
1633.7900000000	0.0991080514
1633.8000000000	0.0993240203
1633.8100000000	0.0996844214
1633.8200000000	0.1003269508
1633.8300000000	0.1008604931
1633.8400000000	0.1011220322
1633.8500000000	0.1014595969
1633.8600000000	0.1017010457
1633.8700000000	0.1017502999
1633.8800000000	0.1015304613
1633.8900000000	0.1010766914
1633.9000000000	0.1004431472
1633.9100000000	0.0996903819
1633.9200000000	0.0988639510
1633.9300000000	0.0981668956
1633.9400000000	0.0977019868
1633.9500000000	0.0973302944
1633.9600000000	0.0970623126
1633.9700000000	0.0970366252
1633.9800000000	0.0970818878
1633.9900000000	0.0971998816
1634.0000000000	0.0970774010
1634.0100000000	0.0973157614
1634.0200000000	0.0977901122
1634.0300000000	0.0981708217
1634.0400000000	0.0985792046
1634.0500000000	0.0991774117
1634.0600000000	0.0998665797
1634.0700000000	0.1005676566
1634.0800000000	0.1009691050
1634.0900000000	0.1012960942
1634.1000000000	0.1015357952
1634.1100000000	0.1013913196
1634.1200000000	0.1009863376
1634.1300000000	0.1003785719
1634.1400000000	0.0996842534
1634.1500000000	0.0991917899
1634.1600000000	0.0986004928
1634.1700000000	0.0981274813
1634.1800000000	0.0978936130
1634.1900000000	0.0978956542
1634.2000000000	0.0976904223
1634.2100000000	0.0975729948
1634.2200000000	0.0975849113
1634.2300000000	0.0974286263
1634.2400000000	0.0974808770
1634.2500000000	0.0977194011
1634.2600000000	0.0981171696
1634.2700000000	0.0985168365
1634.2800000000	0.0988827035
1634.2900000000	0.0991010943
1634.3000000000	0.0993671993
1634.3100000000	0.0989510869
1634.3200000000	0.0983609431
1634.3300000000	0.0977592445
1634.3400000000	0.0969145707
1634.3500000000	0.0958932503
1634.3600000000	0.0948567642
1634.3700000000	0.0940797478
1634.3800000000	0.0937104950
1634.3900000000	0.0933482449
1634.4000000000	0.0932399419
1634.4100000000	0.0931351435
1634.4200000000	0.0931705436
1634.4300000000	0.0933829583
1634.4400000000	0.0936756938
1634.4500000000	0.0941396979
1634.4600000000	0.0947049851
1634.4700000000	0.0952989068
1634.4800000000	0.0960677774
1634.4900000000	0.0971107656
1634.5000000000	0.0982099072
1634.5100000000	0.0991992268
1634.5200000000	0.0999176493
1634.5300000000	0.1007141697
1634.5400000000	0.1010048231
1634.5500000000	0.1007977304
1634.5600000000	0.1004610962
1634.5700000000	0.1002009907
1634.5800000000	0.0998378399
1634.5900000000	0.0993891473
1634.6000000000	0.0990119628
1634.6100000000	0.0987336286
1634.6200000000	0.0984812465
1634.6300000000	0.0980626994
1634.6400000000	0.0977472082
1634.6500000000	0.0974640078
1634.6600000000	0.0972859312
1634.6700000000	0.0970742386
1634.6800000000	0.0971018680
1634.6900000000	0.0973390310
1634.7000000000	0.0976866731
1634.7100000000	0.0980077660
1634.7200000000	0.0982937996
1634.7300000000	0.0986479494
1634.7400000000	0.0987432947
1634.7500000000	0.0985132409
1634.7600000000	0.0981208167
1634.7700000000	0.0978245540
1634.7800000000	0.0974611758
1634.7900000000	0.0971336538
1634.8000000000	0.0968540220
1634.8100000000	0.0968887346
1634.8200000000	0.0970279057
1634.8300000000	0.0970994551
1634.8400000000	0.0972034488
1634.8500000000	0.0972780571
1634.8600000000	0.0972823909
1634.8700000000	0.0971805460
1634.8800000000	0.0970069785
1634.8900000000	0.0970293083
1634.9000000000	0.0971279195
1634.9100000000	0.0971081775
1634.9200000000	0.0971341168
1634.9300000000	0.0971095797
1634.9400000000	0.0971036206
1634.9500000000	0.0969332515
1634.9600000000	0.0963297495
1634.9700000000	0.0958077664
1634.9800000000	0.0952526610
1634.9900000000	0.0945592225
1635.0000000000	0.0940082416
1635.0100000000	0.0938002818
1635.0200000000	0.0937157299
1635.0300000000	0.0937068835
1635.0400000000	0.0939750389
1635.0500000000	0.0947172533
1635.0600000000	0.0951685685
1635.0700000000	0.0955466049
1635.0800000000	0.0960373302
1635.0900000000	0.0963863892
1635.1000000000	0.0965825173
1635.1100000000	0.0968844362
1635.1200000000	0.0972610148
1635.1300000000	0.0975116738
1635.1400000000	0.0975852204
1635.1500000000	0.0976667616
1635.1600000000	0.0976870451
1635.1700000000	0.0973958529
1635.1800000000	0.0969145343
1635.1900000000	0.0964382383
1635.2000000000	0.0959965390
1635.2100000000	0.0955661526
1635.2200000000	0.0952654039
1635.2300000000	0.0949980333
1635.2400000000	0.0948706383
1635.2500000000	0.0950230866
1635.2600000000	0.0953204586
1635.2700000000	0.0955272094
1635.2800000000	0.0959251204
1635.2900000000	0.0963008779
1635.3000000000	0.0964926591
1635.3100000000	0.0965820175
1635.3200000000	0.0967800138
1635.3300000000	0.0971205531
1635.3400000000	0.0972391881
1635.3500000000	0.0972466369
1635.3600000000	0.0972776480
1635.3700000000	0.0971567100
1635.3800000000	0.0968851107
1635.3900000000	0.0966604725
1635.4000000000	0.0965422674
1635.4100000000	0.0963062776
1635.4200000000	0.0962490696
1635.4300000000	0.0962454942
1635.4400000000	0.0965322476
1635.4500000000	0.0970040683
1635.4600000000	0.0975812794
1635.4700000000	0.0981173798
1635.4800000000	0.0985785160
1635.4900000000	0.0991767463
1635.5000000000	0.0995990567
1635.5100000000	0.0998695822
1635.5200000000	0.1001112550
1635.5300000000	0.1003180060
1635.5400000000	0.1004978297
1635.5500000000	0.1005296761
1635.5600000000	0.1003948833
1635.5700000000	0.1001962628
1635.5800000000	0.0996553356
1635.5900000000	0.0987150793
1635.6000000000	0.0977017011
1635.6100000000	0.0965958956
1635.6200000000	0.0954848547
1635.6300000000	0.0945318844
1635.6400000000	0.0939777048
1635.6500000000	0.0935889591
1635.6600000000	0.0934312167
1635.6700000000	0.0936977543
1635.6800000000	0.0942074548
1635.6900000000	0.0948033700
1635.7000000000	0.0953356833
1635.7100000000	0.0960316695
1635.7200000000	0.0966048185
1635.7300000000	0.0973376140
1635.7400000000	0.0979549518
1635.7500000000	0.0984913453
1635.7600000000	0.0990820685
1635.7700000000	0.0995094285
1635.7800000000	0.0997443976
1635.7900000000	0.0997307687
1635.8000000000	0.0997137395
1635.8100000000	0.0994490219
1635.8200000000	0.0989346951
1635.8300000000	0.0983959094
1635.8400000000	0.0979165206
1635.8500000000	0.0974951341
1635.8600000000	0.0970428307
1635.8700000000	0.0968962406
1635.8800000000	0.0969208696
1635.8900000000	0.0970508861
1635.9000000000	0.0973809938
1635.9100000000	0.0976164711
1635.9200000000	0.0978061840
1635.9300000000	0.0979135681
1635.9400000000	0.0980520731
1635.9500000000	0.0979975011
1635.9600000000	0.0979617471
1635.9700000000	0.0979075843
1635.9800000000	0.0976010372
1635.9900000000	0.0971928365
1636.0000000000	0.0967952761
1636.0100000000	0.0962104428
1636.0200000000	0.0954359979
1636.0300000000	0.0947154551
1636.0400000000	0.0941851431
1636.0500000000	0.0937308259
1636.0600000000	0.0932988431
1636.0700000000	0.0931347895
1636.0800000000	0.0931146561
1636.0900000000	0.0932488696
1636.1000000000	0.0935553468
1636.1100000000	0.0939571681
1636.1200000000	0.0943542894
1636.1300000000	0.0947697795
1636.1400000000	0.0953494740
1636.1500000000	0.0956239369
1636.1600000000	0.0957145861
1636.1700000000	0.0959755060
1636.1800000000	0.0961024780
1636.1900000000	0.0959419430
1636.2000000000	0.0957110118
1636.2100000000	0.0953598931
1636.2200000000	0.0943948794
1636.2300000000	0.0934901156
1636.2400000000	0.0928152564
1636.2500000000	0.0919467615
1636.2600000000	0.0910077304
1636.2700000000	0.0906643695
1636.2800000000	0.0905465609
1636.2900000000	0.0903816428
1636.3000000000	0.0906605332
1636.3100000000	0.0912540767
1636.3200000000	0.0916139344
1636.3300000000	0.0920783879
1636.3400000000	0.0929097868
1636.3500000000	0.0935129279
1636.3600000000	0.0939564514
1636.3700000000	0.0947069985
1636.3800000000	0.0955773821
1636.3900000000	0.0961395897
1636.4000000000	0.0967297552
1636.4100000000	0.0973517844
1636.4200000000	0.0977057335
1636.4300000000	0.0978509304
1636.4400000000	0.0979803338
1636.4500000000	0.0980560078
1636.4600000000	0.0978840900
1636.4700000000	0.0978064371
1636.4800000000	0.0977479233
1636.4900000000	0.0975712699
1636.5000000000	0.0976131305
1636.5100000000	0.0979748399
1636.5200000000	0.0981872165
1636.5300000000	0.0980878272
1636.5400000000	0.0983241401
1636.5500000000	0.0985394719
1636.5600000000	0.0985695806
1636.5700000000	0.0986831523
1636.5800000000	0.0988497230
1636.5900000000	0.0989180219
1636.6000000000	0.0987175567
1636.6100000000	0.0985356323
1636.6200000000	0.0981805657
1636.6300000000	0.0976146691
1636.6400000000	0.0968564902
1636.6500000000	0.0960559569
1636.6600000000	0.0953110416
1636.6700000000	0.0947677226
1636.6800000000	0.0943601906
1636.6900000000	0.0940630550
1636.7000000000	0.0940154792
1636.7100000000	0.0942852042
1636.7200000000	0.0947538394
1636.7300000000	0.0953263744
1636.7400000000	0.0960557483
1636.7500000000	0.0969017071
1636.7600000000	0.0977018937
1636.7700000000	0.0983457516
1636.7800000000	0.0988903004
1636.7900000000	0.0994248381
1636.8000000000	0.0997677415
1636.8100000000	0.0998761687
1636.8200000000	0.0997276718
1636.8300000000	0.0992983755
1636.8400000000	0.0984220915
1636.8500000000	0.0972547463
1636.8600000000	0.0960466525
1636.8700000000	0.0947323517
1636.8800000000	0.0933522441
1636.8900000000	0.0921008186
1636.9000000000	0.0912295574
1636.9100000000	0.0904633694
1636.9200000000	0.0901058229
1636.9300000000	0.0900894679
1636.9400000000	0.0902754612
1636.9500000000	0.0906135119
1636.9600000000	0.0909084195
1636.9700000000	0.0913619668
1636.9800000000	0.0917884795
1636.9900000000	0.0920971985
1637.0000000000	0.0924776599
1637.0100000000	0.0929890183
1637.0200000000	0.0935891973
1637.0300000000	0.0941473964
1637.0400000000	0.0945232321
1637.0500000000	0.0947231945
1637.0600000000	0.0947795343
1637.0700000000	0.0946451766
1637.0800000000	0.0942692026
1637.0900000000	0.0936882821
1637.1000000000	0.0930867614
1637.1100000000	0.0926056200
1637.1200000000	0.0922420084
1637.1300000000	0.0923606013
1637.1400000000	0.0927806326
1637.1500000000	0.0931713001
1637.1600000000	0.0936899256
1637.1700000000	0.0941055002
1637.1800000000	0.0944684594
1637.1900000000	0.0945586234
1637.2000000000	0.0945353809
1637.2100000000	0.0948290097
1637.2200000000	0.0949778068
1637.2300000000	0.0951782587
1637.2400000000	0.0954825939
1637.2500000000	0.0958226165
1637.2600000000	0.0959157860
1637.2700000000	0.0958188146
1637.2800000000	0.0954864621
1637.2900000000	0.0949448178
1637.3000000000	0.0941936232
1637.3100000000	0.0933317881
1637.3200000000	0.0925273038
1637.3300000000	0.0920196587
1637.3400000000	0.0918674384
1637.3500000000	0.0918943425
1637.3600000000	0.0922136572
1637.3700000000	0.0928749506
1637.3800000000	0.0936585075
1637.3900000000	0.0944202148
1637.4000000000	0.0950925703
1637.4100000000	0.0957890427
1637.4200000000	0.0964356825
1637.4300000000	0.0970259549
1637.4400000000	0.0974858662
1637.4500000000	0.0979758266
1637.4600000000	0.0984265591
1637.4700000000	0.0987544999
1637.4800000000	0.0989504853
1637.4900000000	0.0990485505
1637.5000000000	0.0988869478
1637.5100000000	0.0984652561
1637.5200000000	0.0980179320
1637.5300000000	0.0975064796
1637.5400000000	0.0969202371
1637.5500000000	0.0964547120
1637.5600000000	0.0962182362
1637.5700000000	0.0961219171
1637.5800000000	0.0959775022
1637.5900000000	0.0960195099
1637.6000000000	0.0962055338
1637.6100000000	0.0964185531
1637.6200000000	0.0967017305
1637.6300000000	0.0968862214
1637.6400000000	0.0970635276
1637.6500000000	0.0972579468
1637.6600000000	0.0971729618
1637.6700000000	0.0971284296
1637.6800000000	0.0969861326
1637.6900000000	0.0966884212
1637.7000000000	0.0963870546
1637.7100000000	0.0959010765
1637.7200000000	0.0953739627
1637.7300000000	0.0945939066
1637.7400000000	0.0937905641
1637.7500000000	0.0933850824
1637.7600000000	0.0933149628
1637.7700000000	0.0933843882
1637.7800000000	0.0938015262
1637.7900000000	0.0943192288
1637.8000000000	0.0947830733
1637.8100000000	0.0954078986
1637.8200000000	0.0957878266
1637.8300000000	0.0960444206
1637.8400000000	0.0960989380
1637.8500000000	0.0961953010
1637.8600000000	0.0960903285
1637.8700000000	0.0960090892
1637.8800000000	0.0959126919
1637.8900000000	0.0957326643
1637.9000000000	0.0955041691
1637.9100000000	0.0950410550
1637.9200000000	0.0944129598
1637.9300000000	0.0935284633
1637.9400000000	0.0925083613
1637.9500000000	0.0915225602
1637.9600000000	0.0906390807
1637.9700000000	0.0898596219
1637.9800000000	0.0894091063
1637.9900000000	0.0894806173
1638.0000000000	0.0898825520
