1460.0000000000	0.0488418578
1460.0100000000	0.0488126166
1460.0200000000	0.0490418397
1460.0300000000	0.0494505586
1460.0400000000	0.0498744363
1460.0500000000	0.0502930403
1460.0600000000	0.0507042234
1460.0700000000	0.0509285456
1460.0800000000	0.0509111391
1460.0900000000	0.0504939913
1460.1000000000	0.0498849680
1460.1100000000	0.0492640073
1460.1200000000	0.0484902610
1460.1300000000	0.0480128760
1460.1400000000	0.0477806819
1460.1500000000	0.0477649502
1460.1600000000	0.0479545179
1460.1700000000	0.0484431000
1460.1800000000	0.0492823581
1460.1900000000	0.0501667450
1460.2000000000	0.0512806263
1460.2100000000	0.0523446595
1460.2200000000	0.0533222840
1460.2300000000	0.0540619879
1460.2400000000	0.0542797173
1460.2500000000	0.0539406725
1460.2600000000	0.0530441447
1460.2700000000	0.0517681862
1460.2800000000	0.0504068725
1460.2900000000	0.0492073067
1460.3000000000	0.0482433903
1460.3100000000	0.0476068756
1460.3200000000	0.0470907018
1460.3300000000	0.0468785072
1460.3400000000	0.0473111812
1460.3500000000	0.0483272852
1460.3600000000	0.0497797213
1460.3700000000	0.0512985297
1460.3800000000	0.0529668310
1460.3900000000	0.0546371611
1460.4000000000	0.0559409776
1460.4100000000	0.0570372274
1460.4200000000	0.0572282253
1460.4300000000	0.0567582626
1460.4400000000	0.0562279510
1460.4500000000	0.0552021733
1460.4600000000	0.0539286720
1460.4700000000	0.0529891113
1460.4800000000	0.0521264136
1460.4900000000	0.0514085086
1460.5000000000	0.0512018217
1460.5100000000	0.0513623545
1460.5200000000	0.0519290906
1460.5300000000	0.0526748070
1460.5400000000	0.0535858828
1460.5500000000	0.0549376694
1460.5600000000	0.0564085589
1460.5700000000	0.0575769022
1460.5800000000	0.0585669218
1460.5900000000	0.0590604556
1460.6000000000	0.0589951517
1460.6100000000	0.0583583301
1460.6200000000	0.0575951375
1460.6300000000	0.0568535623
1460.6400000000	0.0561239313
1460.6500000000	0.0556054069
1460.6600000000	0.0554618523
1460.6700000000	0.0556998129
1460.6800000000	0.0561809860
1460.6900000000	0.0570033552
1460.7000000000	0.0579894368
1460.7100000000	0.0591284341
1460.7200000000	0.0603313861
1460.7300000000	0.0612495403
1460.7400000000	0.0617880205
1460.7500000000	0.0616883556
1460.7600000000	0.0608708572
1460.7700000000	0.0595715721
1460.7800000000	0.0581519116
1460.7900000000	0.0566255271
1460.8000000000	0.0552045217
1460.8100000000	0.0540323081
1460.8200000000	0.0533055619
1460.8300000000	0.0528938984
1460.8400000000	0.0527924567
1460.8500000000	0.0533938180
1460.8600000000	0.0543873661
1460.8700000000	0.0556584417
1460.8800000000	0.0572804835
1460.8900000000	0.0590692825
1460.9000000000	0.0612247034
1460.9100000000	0.0629008694
1460.9200000000	0.0639557598
1460.9300000000	0.0644920806
1460.9400000000	0.0642023453
1460.9500000000	0.0634899840
1460.9600000000	0.0625590291
1460.9700000000	0.0614168280
1460.9800000000	0.0604195088
1460.9900000000	0.0596883755
1461.0000000000	0.0591505907
1461.0100000000	0.0590054269
1461.0200000000	0.0591425592
1461.0300000000	0.0592924309
1461.0400000000	0.0595505534
1461.0500000000	0.0598695671
1461.0600000000	0.0603941875
1461.0700000000	0.0608689035
1461.0800000000	0.0612123383
1461.0900000000	0.0616345560
1461.1000000000	0.0612984226
1461.1100000000	0.0605837825
1461.1200000000	0.0597277519
1461.1300000000	0.0586476092
1461.1400000000	0.0577096255
1461.1500000000	0.0570358839
1461.1600000000	0.0566415989
1461.1700000000	0.0569093270
1461.1800000000	0.0572329300
1461.1900000000	0.0577449870
1461.2000000000	0.0586454359
1461.2100000000	0.0597223131
1461.2200000000	0.0608553368
1461.2300000000	0.0620858683
1461.2400000000	0.0629122125
1461.2500000000	0.0632548781
1461.2600000000	0.0631009275
1461.2700000000	0.0621789687
1461.2800000000	0.0610467796
1461.2900000000	0.0597645009
1461.3000000000	0.0581196807
1461.3100000000	0.0566973054
1461.3200000000	0.0555583809
1461.3300000000	0.0547594323
1461.3400000000	0.0546311890
1461.3500000000	0.0547500914
1461.3600000000	0.0553684658
1461.3700000000	0.0565854636
1461.3800000000	0.0580002045
1461.3900000000	0.0600378342
1461.4000000000	0.0618987267
1461.4100000000	0.0635972502
1461.4200000000	0.0651771252
1461.4300000000	0.0656705711
1461.4400000000	0.0658334494
1461.4500000000	0.0654419340
1461.4600000000	0.0640414242
1461.4700000000	0.0631768400
1461.4800000000	0.0621286476
1461.4900000000	0.0611902457
1461.5000000000	0.0608996817
1461.5100000000	0.0606480485
1461.5200000000	0.0606401594
1461.5300000000	0.0611125089
1461.5400000000	0.0615649065
1461.5500000000	0.0622769968
1461.5600000000	0.0634501367
1461.5700000000	0.0643106510
1461.5800000000	0.0652555818
1461.5900000000	0.0658578769
1461.6000000000	0.0656841301
1461.6100000000	0.0652077557
1461.6200000000	0.0639672299
1461.6300000000	0.0625113064
1461.6400000000	0.0611574265
1461.6500000000	0.0598981130
1461.6600000000	0.0590326382
1461.6700000000	0.0585726318
1461.6800000000	0.0585134448
1461.6900000000	0.0588204060
1461.7000000000	0.0593311286
1461.7100000000	0.0600386845
1461.7200000000	0.0608729947
1461.7300000000	0.0616892193
1461.7400000000	0.0624041942
1461.7500000000	0.0628541968
1461.7600000000	0.0627246895
1461.7700000000	0.0619645625
1461.7800000000	0.0606932168
1461.7900000000	0.0591261286
1461.8000000000	0.0573467251
1461.8100000000	0.0555653505
1461.8200000000	0.0540097924
1461.8300000000	0.0528658170
1461.8400000000	0.0521618480
1461.8500000000	0.0519134091
1461.8600000000	0.0521543375
1461.8700000000	0.0528530233
1461.8800000000	0.0540256469
1461.8900000000	0.0554567294
1461.9000000000	0.0571301607
1461.9100000000	0.0589439948
1461.9200000000	0.0604673132
1461.9300000000	0.0615412480
1461.9400000000	0.0621312065
1461.9500000000	0.0620835334
1461.9600000000	0.0617041913
1461.9700000000	0.0609164545
1461.9800000000	0.0598047989
1461.9900000000	0.0589403035
1462.0000000000	0.0581398459
1462.0100000000	0.0574418764
1462.0200000000	0.0571612766
1462.0300000000	0.0571216909
1462.0400000000	0.0573024921
1462.0500000000	0.0576314489
1462.0600000000	0.0583234832
1462.0700000000	0.0592489075
1462.0800000000	0.0600252120
1462.0900000000	0.0606404271
1462.1000000000	0.0610520528
1462.1100000000	0.0611310004
1462.1200000000	0.0606750508
1462.1300000000	0.0597888138
1462.1400000000	0.0586669243
1462.1500000000	0.0575235885
1462.1600000000	0.0564812315
1462.1700000000	0.0557376188
1462.1800000000	0.0553577935
1462.1900000000	0.0552115388
1462.2000000000	0.0553407464
1462.2100000000	0.0557077437
1462.2200000000	0.0562568457
1462.2300000000	0.0570504626
1462.2400000000	0.0579101930
1462.2500000000	0.0587024271
1462.2600000000	0.0592803490
1462.2700000000	0.0595664863
1462.2800000000	0.0594146179
1462.2900000000	0.0587341614
1462.3000000000	0.0576910710
1462.3100000000	0.0565521750
1462.3200000000	0.0554541901
1462.3300000000	0.0545976477
1462.3400000000	0.0541388976
1462.3500000000	0.0540123693
1462.3600000000	0.0541845765
1462.3700000000	0.0547210528
1462.3800000000	0.0556296530
1462.3900000000	0.0567578582
1462.4000000000	0.0581697856
1462.4100000000	0.0597749151
1462.4200000000	0.0611162373
1462.4300000000	0.0622886729
1462.4400000000	0.0631249708
1462.4500000000	0.0636128366
1462.4600000000	0.0638272600
1462.4700000000	0.0636008317
1462.4800000000	0.0632201628
1462.4900000000	0.0628958871
1462.5000000000	0.0625039335
1462.5100000000	0.0623291326
1462.5200000000	0.0623671968
1462.5300000000	0.0624434434
1462.5400000000	0.0628182170
1462.5500000000	0.0634209714
1462.5600000000	0.0642156904
1462.5700000000	0.0650528071
1462.5800000000	0.0656619731
1462.5900000000	0.0660501693
1462.6000000000	0.0662778220
1462.6100000000	0.0659885150
1462.6200000000	0.0652158617
1462.6300000000	0.0640484207
1462.6400000000	0.0625369691
1462.6500000000	0.0610661434
1462.6600000000	0.0598470948
1462.6700000000	0.0589640429
1462.6800000000	0.0583895534
1462.6900000000	0.0580820856
1462.7000000000	0.0580856588
1462.7100000000	0.0584075266
1462.7200000000	0.0589527964
1462.7300000000	0.0598033407
1462.7400000000	0.0607533751
1462.7500000000	0.0615968338
1462.7600000000	0.0623066315
1462.7700000000	0.0627040577
1462.7800000000	0.0626783542
1462.7900000000	0.0622091759
1462.8000000000	0.0612035117
1462.8100000000	0.0599376917
1462.8200000000	0.0586886694
1462.8300000000	0.0576118692
1462.8400000000	0.0567984727
1462.8500000000	0.0561748999
1462.8600000000	0.0558746305
1462.8700000000	0.0560027249
1462.8800000000	0.0562600156
1462.8900000000	0.0568206015
1462.9000000000	0.0575109067
1462.9100000000	0.0583989764
1462.9200000000	0.0594131963
1462.9300000000	0.0603360226
1462.9400000000	0.0611749488
1462.9500000000	0.0617307976
1462.9600000000	0.0618725995
1462.9700000000	0.0617397219
1462.9800000000	0.0615274548
1462.9900000000	0.0613636307
1463.0000000000	0.0612431304
1463.0100000000	0.0613901776
1463.0200000000	0.0617678263
1463.0300000000	0.0621653868
1463.0400000000	0.0626517160
1463.0500000000	0.0633230970
1463.0600000000	0.0641681526
1463.0700000000	0.0649563455
1463.0800000000	0.0656079596
1463.0900000000	0.0660504916
1463.1000000000	0.0660902600
1463.1100000000	0.0657233839
1463.1200000000	0.0648921695
1463.1300000000	0.0636747361
1463.1400000000	0.0623214182
1463.1500000000	0.0609271631
1463.1600000000	0.0596074358
1463.1700000000	0.0585375864
1463.1800000000	0.0578090618
1463.1900000000	0.0574130060
1463.2000000000	0.0573382199
1463.2100000000	0.0575531012
1463.2200000000	0.0579980598
1463.2300000000	0.0587335232
1463.2400000000	0.0597613267
1463.2500000000	0.0610421597
1463.2600000000	0.0623504325
1463.2700000000	0.0632542024
1463.2800000000	0.0636659962
1463.2900000000	0.0635666923
1463.3000000000	0.0630810883
1463.3100000000	0.0621480207
1463.3200000000	0.0609616662
1463.3300000000	0.0598005134
1463.3400000000	0.0587201170
1463.3500000000	0.0578453296
1463.3600000000	0.0573513915
1463.3700000000	0.0570925239
1463.3800000000	0.0570258442
1463.3900000000	0.0571115251
1463.4000000000	0.0572755385
1463.4100000000	0.0575990271
1463.4200000000	0.0580753265
1463.4300000000	0.0585329749
1463.4400000000	0.0590344513
1463.4500000000	0.0594349088
1463.4600000000	0.0593980552
1463.4700000000	0.0591781975
1463.4800000000	0.0587773543
1463.4900000000	0.0581903132
1463.5000000000	0.0578560648
1463.5100000000	0.0577381461
1463.5200000000	0.0579200898
1463.5300000000	0.0583235351
1463.5400000000	0.0587138341
1463.5500000000	0.0593043084
1463.5600000000	0.0600053273
1463.5700000000	0.0606183715
1463.5800000000	0.0612211056
1463.5900000000	0.0617459599
1463.6000000000	0.0620015708
1463.6100000000	0.0620345505
1463.6200000000	0.0617569123
1463.6300000000	0.0610956760
1463.6400000000	0.0602125141
1463.6500000000	0.0591009031
1463.6600000000	0.0578190566
1463.6700000000	0.0568200267
1463.6800000000	0.0559960500
1463.6900000000	0.0555618634
1463.7000000000	0.0555183863
1463.7100000000	0.0556509263
1463.7200000000	0.0561156411
1463.7300000000	0.0566980825
1463.7400000000	0.0574825796
1463.7500000000	0.0585558528
1463.7600000000	0.0595120534
1463.7700000000	0.0601952153
1463.7800000000	0.0605234437
1463.7900000000	0.0604949101
1463.8000000000	0.0601651128
1463.8100000000	0.0595052353
1463.8200000000	0.0585361313
1463.8300000000	0.0575459858
1463.8400000000	0.0566177530
1463.8500000000	0.0558571727
1463.8600000000	0.0554610195
1463.8700000000	0.0552443371
1463.8800000000	0.0552238125
1463.8900000000	0.0555491858
1463.9000000000	0.0559271710
1463.9100000000	0.0564516752
1463.9200000000	0.0570372556
1463.9300000000	0.0574406324
1463.9400000000	0.0579922472
1463.9500000000	0.0583742688
1463.9600000000	0.0583455242
1463.9700000000	0.0582291072
1463.9800000000	0.0578685052
1463.9900000000	0.0571485740
1464.0000000000	0.0566783801
1464.0100000000	0.0562451691
1464.0200000000	0.0560327740
1464.0300000000	0.0561067582
1464.0400000000	0.0562358209
1464.0500000000	0.0567661105
1464.0600000000	0.0574608284
1464.0700000000	0.0580478382
1464.0800000000	0.0589217431
1464.0900000000	0.0595561953
1464.1000000000	0.0599416782
1464.1100000000	0.0603753792
1464.1200000000	0.0605616609
1464.1300000000	0.0605124059
1464.1400000000	0.0601122636
1464.1500000000	0.0592166107
1464.1600000000	0.0581143659
1464.1700000000	0.0570481687
1464.1800000000	0.0559503381
1464.1900000000	0.0552676394
1464.2000000000	0.0547996099
1464.2100000000	0.0545396459
1464.2200000000	0.0546384829
1464.2300000000	0.0549170040
1464.2400000000	0.0555849401
1464.2500000000	0.0564556385
1464.2600000000	0.0572739471
1464.2700000000	0.0581588199
1464.2800000000	0.0587217437
1464.2900000000	0.0591189841
1464.3000000000	0.0594096731
1464.3100000000	0.0592652206
1464.3200000000	0.0588701289
1464.3300000000	0.0583374606
1464.3400000000	0.0575933702
1464.3500000000	0.0569980135
1464.3600000000	0.0563200109
1464.3700000000	0.0557326805
1464.3800000000	0.0553339679
1464.3900000000	0.0549892150
1464.4000000000	0.0547441413
1464.4100000000	0.0546360267
1464.4200000000	0.0545136715
1464.4300000000	0.0547635969
1464.4400000000	0.0549685718
1464.4500000000	0.0550714243
1464.4600000000	0.0553864258
1464.4700000000	0.0553571469
1464.4800000000	0.0551801211
1464.4900000000	0.0550135555
1464.5000000000	0.0546119745
1464.5100000000	0.0546446470
1464.5200000000	0.0546963206
1464.5300000000	0.0548577895
1464.5400000000	0.0553602002
1464.5500000000	0.0557698225
1464.5600000000	0.0564482000
1464.5700000000	0.0572401320
1464.5800000000	0.0578299852
1464.5900000000	0.0585216547
1464.6000000000	0.0591498032
1464.6100000000	0.0596654844
1464.6200000000	0.0601818231
1464.6300000000	0.0604461165
1464.6400000000	0.0603543613
1464.6500000000	0.0599500003
1464.6600000000	0.0592341732
1464.6700000000	0.0582975539
1464.6800000000	0.0573662007
1464.6900000000	0.0564934860
1464.7000000000	0.0557860465
1464.7100000000	0.0550785108
1464.7200000000	0.0544995621
1464.7300000000	0.0542294391
1464.7400000000	0.0539214305
1464.7500000000	0.0539397020
1464.7600000000	0.0541224067
1464.7700000000	0.0543573938
1464.7800000000	0.0547300300
1464.7900000000	0.0550364157
1464.8000000000	0.0553374861
1464.8100000000	0.0554324550
1464.8200000000	0.0554122660
1464.8300000000	0.0554834117
1464.8400000000	0.0554525431
1464.8500000000	0.0552660439
1464.8600000000	0.0551121755
1464.8700000000	0.0549714844
1464.8800000000	0.0547979197
1464.8900000000	0.0546779623
1464.9000000000	0.0544502202
1464.9100000000	0.0542106850
1464.9200000000	0.0539585090
1464.9300000000	0.0535711332
1464.9400000000	0.0532599838
1464.9500000000	0.0530010317
1464.9600000000	0.0527602779
1464.9700000000	0.0525448504
1464.9800000000	0.0521209268
1464.9900000000	0.0518062140
1465.0000000000	0.0516546301
1465.0100000000	0.0516315465
1465.0200000000	0.0518174615
1465.0300000000	0.0521939602
1465.0400000000	0.0529037844
1465.0500000000	0.0537006428
1465.0600000000	0.0546613438
1465.0700000000	0.0559243747
1465.0800000000	0.0571802327
1465.0900000000	0.0583000323
1465.1000000000	0.0592423873
1465.1100000000	0.0600864480
1465.1200000000	0.0608694126
1465.1300000000	0.0614215025
1465.1400000000	0.0616633236
1465.1500000000	0.0614702487
1465.1600000000	0.0608385746
1465.1700000000	0.0599649166
1465.1800000000	0.0589844216
1465.1900000000	0.0580202062
1465.2000000000	0.0573322759
1465.2100000000	0.0568529823
1465.2200000000	0.0563999745
1465.2300000000	0.0560637052
1465.2400000000	0.0556878078
1465.2500000000	0.0555407086
1465.2600000000	0.0555686923
1465.2700000000	0.0555742154
1465.2800000000	0.0558313743
1465.2900000000	0.0561869091
1465.3000000000	0.0563349058
1465.3100000000	0.0563572539
1465.3200000000	0.0562315264
1465.3300000000	0.0559818242
1465.3400000000	0.0556465649
1465.3500000000	0.0551914857
1465.3600000000	0.0547675320
1465.3700000000	0.0544108576
1465.3800000000	0.0540014553
1465.3900000000	0.0536764881
1465.4000000000	0.0534309082
1465.4100000000	0.0530980921
1465.4200000000	0.0526290407
1465.4300000000	0.0521046285
1465.4400000000	0.0516998401
1465.4500000000	0.0514381102
1465.4600000000	0.0510706451
1465.4700000000	0.0508973982
1465.4800000000	0.0507507297
1465.4900000000	0.0503960675
1465.5000000000	0.0500834635
1465.5100000000	0.0498214054
1465.5200000000	0.0497137983
1465.5300000000	0.0497053939
1465.5400000000	0.0498428629
1465.5500000000	0.0503711379
1465.5600000000	0.0511476854
1465.5700000000	0.0521932304
1465.5800000000	0.0534503561
1465.5900000000	0.0547906644
1465.6000000000	0.0562233680
1465.6100000000	0.0575911296
1465.6200000000	0.0588219791
1465.6300000000	0.0599602842
1465.6400000000	0.0609683003
1465.6500000000	0.0616181776
1465.6600000000	0.0618813230
1465.6700000000	0.0618129074
1465.6800000000	0.0613573065
1465.6900000000	0.0605688849
1465.7000000000	0.0596667985
1465.7100000000	0.0588345896
1465.7200000000	0.0581457210
1465.7300000000	0.0575108604
1465.7400000000	0.0569735759
1465.7500000000	0.0565492326
1465.7600000000	0.0561848037
1465.7700000000	0.0558385257
1465.7800000000	0.0556630509
1465.7900000000	0.0557236977
1465.8000000000	0.0558834116
1465.8100000000	0.0560728946
1465.8200000000	0.0563434750
1465.8300000000	0.0566412676
1465.8400000000	0.0568718309
1465.8500000000	0.0569353081
1465.8600000000	0.0569398371
1465.8700000000	0.0569225143
1465.8800000000	0.0568263111
1465.8900000000	0.0568152187
1465.9000000000	0.0568759995
1465.9100000000	0.0569019212
1465.9200000000	0.0568640544
1465.9300000000	0.0567670941
1465.9400000000	0.0566973330
1465.9500000000	0.0566487635
1465.9600000000	0.0564717442
1465.9700000000	0.0563608264
1465.9800000000	0.0562249552
1465.9900000000	0.0560874396
1466.0000000000	0.0559086452
1466.0100000000	0.0556434183
1466.0200000000	0.0554085331
1466.0300000000	0.0553447589
1466.0400000000	0.0551470250
1466.0500000000	0.0550816858
1466.0600000000	0.0554188681
1466.0700000000	0.0559322718
1466.0800000000	0.0566225560
1466.0900000000	0.0572488590
1466.1000000000	0.0578851439
1466.1100000000	0.0586300809
1466.1200000000	0.0592469261
1466.1300000000	0.0598673909
1466.1400000000	0.0605825412
1466.1500000000	0.0609707328
1466.1600000000	0.0610151798
1466.1700000000	0.0608200789
1466.1800000000	0.0603275226
1466.1900000000	0.0595404636
1466.2000000000	0.0585152397
1466.2100000000	0.0574472502
1466.2200000000	0.0566098379
1466.2300000000	0.0559160326
1466.2400000000	0.0552955952
1466.2500000000	0.0548834909
1466.2600000000	0.0544855163
1466.2700000000	0.0540980065
1466.2800000000	0.0538655652
1466.2900000000	0.0538043314
1466.3000000000	0.0539114205
1466.3100000000	0.0541270754
1466.3200000000	0.0544217885
1466.3300000000	0.0546764288
1466.3400000000	0.0548890012
1466.3500000000	0.0549746661
1466.3600000000	0.0548648093
1466.3700000000	0.0545885111
1466.3800000000	0.0542708606
1466.3900000000	0.0541300698
1466.4000000000	0.0540616973
1466.4100000000	0.0540479815
1466.4200000000	0.0541164933
1466.4300000000	0.0540522834
1466.4400000000	0.0542844288
1466.4500000000	0.0545574907
1466.4600000000	0.0547894560
1466.4700000000	0.0550429960
1466.4800000000	0.0552564360
1466.4900000000	0.0555457132
1466.5000000000	0.0557606165
1466.5100000000	0.0558256121
1466.5200000000	0.0558538317
1466.5300000000	0.0558825335
1466.5400000000	0.0556972561
1466.5500000000	0.0554514891
1466.5600000000	0.0554376919
1466.5700000000	0.0554168917
1466.5800000000	0.0555234002
1466.5900000000	0.0558719654
1466.6000000000	0.0563062101
1466.6100000000	0.0569415216
1466.6200000000	0.0575741226
1466.6300000000	0.0583754710
1466.6400000000	0.0594069888
1466.6500000000	0.0603008344
1466.6600000000	0.0612184804
1466.6700000000	0.0621317213
1466.6800000000	0.0628428604
1466.6900000000	0.0633975945
1466.7000000000	0.0635411059
1466.7100000000	0.0633788998
1466.7200000000	0.0631250355
1466.7300000000	0.0627776044
1466.7400000000	0.0623142710
1466.7500000000	0.0618016694
1466.7600000000	0.0612158306
1466.7700000000	0.0605628550
1466.7800000000	0.0599213168
1466.7900000000	0.0591928608
1466.8000000000	0.0585051649
1466.8100000000	0.0579804997
1466.8200000000	0.0574751113
1466.8300000000	0.0570586121
1466.8400000000	0.0566306683
1466.8500000000	0.0562598583
1466.8600000000	0.0558620620
1466.8700000000	0.0553713278
1466.8800000000	0.0549883614
1466.8900000000	0.0546887214
1466.9000000000	0.0545103341
1466.9100000000	0.0545552288
1466.9200000000	0.0546257894
1466.9300000000	0.0546453449
1466.9400000000	0.0546989255
1466.9500000000	0.0547494492
1466.9600000000	0.0549150136
1466.9700000000	0.0551189074
1466.9800000000	0.0552624289
1466.9900000000	0.0555759642
1467.0000000000	0.0560109855
1467.0100000000	0.0561434574
1467.0200000000	0.0561595394
1467.0300000000	0.0560307137
1467.0400000000	0.0557260462
1467.0500000000	0.0553904011
1467.0600000000	0.0551505135
1467.0700000000	0.0553578591
1467.0800000000	0.0556154417
1467.0900000000	0.0558920710
1467.1000000000	0.0563534967
1467.1100000000	0.0567603719
1467.1200000000	0.0573405178
1467.1300000000	0.0580710482
1467.1400000000	0.0586602070
1467.1500000000	0.0593820689
1467.1600000000	0.0602041153
1467.1700000000	0.0609598063
1467.1800000000	0.0617986335
1467.1900000000	0.0623521645
1467.2000000000	0.0625515303
1467.2100000000	0.0627314938
1467.2200000000	0.0625932577
1467.2300000000	0.0620867298
1467.2400000000	0.0618005632
1467.2500000000	0.0610950273
1467.2600000000	0.0605971865
1467.2700000000	0.0603553140
1467.2800000000	0.0597437997
1467.2900000000	0.0593439891
1467.3000000000	0.0589852570
1467.3100000000	0.0584878653
1467.3200000000	0.0582635683
1467.3300000000	0.0578100415
1467.3400000000	0.0575785191
1467.3500000000	0.0576246690
1467.3600000000	0.0573944392
1467.3700000000	0.0571874098
1467.3800000000	0.0570166858
1467.3900000000	0.0565988156
1467.4000000000	0.0564337252
1467.4100000000	0.0563907093
1467.4200000000	0.0563817432
1467.4300000000	0.0565833109
1467.4400000000	0.0564772345
1467.4500000000	0.0565765513
1467.4600000000	0.0568840575
1467.4700000000	0.0567937010
1467.4800000000	0.0569589047
1467.4900000000	0.0572158397
1467.5000000000	0.0573407333
1467.5100000000	0.0576595970
1467.5200000000	0.0577478045
1467.5300000000	0.0578612805
1467.5400000000	0.0579938052
1467.5500000000	0.0575045177
1467.5600000000	0.0569796501
1467.5700000000	0.0566006875
1467.5800000000	0.0560427550
1467.5900000000	0.0557783128
1467.6000000000	0.0555284284
1467.6100000000	0.0552980640
1467.6200000000	0.0554088474
1467.6300000000	0.0555587576
1467.6400000000	0.0557910676
1467.6500000000	0.0563486485
1467.6600000000	0.0569151761
1467.6700000000	0.0577509099
1467.6800000000	0.0586569636
1467.6900000000	0.0595040975
1467.7000000000	0.0604040926
1467.7100000000	0.0612146649
1467.7200000000	0.0617703806
1467.7300000000	0.0621279312
1467.7400000000	0.0623731013
1467.7500000000	0.0625027608
1467.7600000000	0.0625084478
1467.7700000000	0.0623748905
1467.7800000000	0.0621543636
1467.7900000000	0.0617977654
1467.8000000000	0.0612638063
1467.8100000000	0.0606313169
1467.8200000000	0.0599583982
1467.8300000000	0.0592796702
1467.8400000000	0.0587847166
1467.8500000000	0.0584325812
1467.8600000000	0.0581126589
1467.8700000000	0.0577130037
1467.8800000000	0.0570717067
1467.8900000000	0.0564374675
1467.9000000000	0.0558717403
1467.9100000000	0.0553544781
1467.9200000000	0.0550597990
1467.9300000000	0.0548630498
1467.9400000000	0.0547629656
1467.9500000000	0.0548360695
1467.9600000000	0.0548786133
1467.9700000000	0.0549756711
1467.9800000000	0.0550625902
1467.9900000000	0.0550950602
1468.0000000000	0.0551351012
1468.0100000000	0.0552404955
1468.0200000000	0.0553496697
1468.0300000000	0.0553668318
1468.0400000000	0.0552181317
1468.0500000000	0.0548718458
1468.0600000000	0.0544766438
1468.0700000000	0.0539199158
1468.0800000000	0.0534432039
1468.0900000000	0.0530882559
1468.1000000000	0.0527811806
1468.1100000000	0.0526133694
1468.1200000000	0.0524785232
1468.1300000000	0.0526177886
1468.1400000000	0.0528472974
1468.1500000000	0.0530974758
1468.1600000000	0.0537098454
1468.1700000000	0.0544059678
1468.1800000000	0.0551716793
1468.1900000000	0.0560299480
1468.2000000000	0.0569541993
1468.2100000000	0.0578387549
1468.2200000000	0.0585440415
1468.2300000000	0.0589776521
1468.2400000000	0.0591694891
1468.2500000000	0.0591307347
1468.2600000000	0.0588868994
1468.2700000000	0.0585095049
1468.2800000000	0.0580224155
1468.2900000000	0.0574469733
1468.3000000000	0.0568265311
1468.3100000000	0.0561505451
1468.3200000000	0.0554294400
1468.3300000000	0.0546581421
1468.3400000000	0.0539757461
1468.3500000000	0.0534319878
1468.3600000000	0.0530020335
1468.3700000000	0.0527470255
1468.3800000000	0.0525022098
1468.3900000000	0.0521850408
1468.4000000000	0.0518966533
1468.4100000000	0.0515926366
1468.4200000000	0.0512897275
1468.4300000000	0.0510694608
1468.4400000000	0.0508693122
1468.4500000000	0.0507447426
1468.4600000000	0.0507943274
1468.4700000000	0.0509103501
1468.4800000000	0.0510894896
1468.4900000000	0.0512263796
1468.5000000000	0.0512464381
1468.5100000000	0.0513555981
1468.5200000000	0.0515350645
1468.5300000000	0.0516148695
1468.5400000000	0.0516350953
1468.5500000000	0.0516071915
1468.5600000000	0.0514481702
1468.5700000000	0.0511668558
1468.5800000000	0.0507543759
1468.5900000000	0.0504286922
1468.6000000000	0.0501048104
1468.6100000000	0.0498261518
1468.6200000000	0.0496977242
1468.6300000000	0.0495446449
1468.6400000000	0.0495664170
1468.6500000000	0.0495072769
1468.6600000000	0.0494705367
1468.6700000000	0.0496083126
1468.6800000000	0.0498468508
1468.6900000000	0.0502708776
1468.7000000000	0.0509100697
1468.7100000000	0.0515904348
1468.7200000000	0.0522931732
1468.7300000000	0.0529596070
1468.7400000000	0.0535076000
1468.7500000000	0.0539266961
1468.7600000000	0.0543566761
1468.7700000000	0.0545526171
1468.7800000000	0.0545674463
1468.7900000000	0.0545472802
1468.8000000000	0.0545318930
1468.8100000000	0.0544348150
1468.8200000000	0.0541524046
1468.8300000000	0.0537557505
1468.8400000000	0.0533287886
1468.8500000000	0.0528748728
1468.8600000000	0.0524513385
1468.8700000000	0.0520698939
1468.8800000000	0.0517703419
1468.8900000000	0.0514116563
1468.9000000000	0.0509958956
1468.9100000000	0.0506172258
1468.9200000000	0.0502218936
1468.9300000000	0.0498545964
1468.9400000000	0.0495099132
1468.9500000000	0.0492238679
1468.9600000000	0.0491030280
1468.9700000000	0.0490741662
1468.9800000000	0.0491711756
1468.9900000000	0.0493134756
1469.0000000000	0.0494297510
1469.0100000000	0.0496087645
1469.0200000000	0.0499074490
1469.0300000000	0.0502814708
1469.0400000000	0.0506964873
1469.0500000000	0.0510312430
1469.0600000000	0.0512646388
1469.0700000000	0.0513395207
1469.0800000000	0.0512675688
1469.0900000000	0.0511312233
1469.1000000000	0.0508764546
1469.1100000000	0.0506488841
1469.1200000000	0.0505720600
1469.1300000000	0.0506488133
1469.1400000000	0.0509063015
1469.1500000000	0.0512741430
1469.1600000000	0.0516369912
1469.1700000000	0.0521266871
1469.1800000000	0.0527715523
1469.1900000000	0.0534843202
1469.2000000000	0.0545641628
1469.2100000000	0.0557453644
1469.2200000000	0.0569403554
1469.2300000000	0.0581843073
1469.2400000000	0.0592666950
1469.2500000000	0.0602596795
1469.2600000000	0.0611021114
1469.2700000000	0.0616976371
1469.2800000000	0.0620998975
1469.2900000000	0.0623960908
1469.3000000000	0.0626359384
1469.3100000000	0.0628686023
1469.3200000000	0.0629991409
1469.3300000000	0.0630376710
1469.3400000000	0.0630164215
1469.3500000000	0.0629135529
1469.3600000000	0.0627690391
1469.3700000000	0.0625862135
1469.3800000000	0.0623718688
1469.3900000000	0.0621245336
1469.4000000000	0.0617081767
1469.4100000000	0.0613731159
1469.4200000000	0.0609082404
1469.4300000000	0.0601302124
1469.4400000000	0.0594544511
1469.4500000000	0.0587769063
1469.4600000000	0.0580339547
1469.4700000000	0.0574095516
1469.4800000000	0.0568978876
1469.4900000000	0.0564471474
1469.5000000000	0.0558897918
1469.5100000000	0.0554283691
1469.5200000000	0.0551302063
1469.5300000000	0.0550077074
1469.5400000000	0.0550188132
1469.5500000000	0.0552584818
1469.5600000000	0.0556388961
1469.5700000000	0.0558311517
1469.5800000000	0.0560158230
1469.5900000000	0.0562188283
1469.6000000000	0.0559575101
1469.6100000000	0.0555046129
1469.6200000000	0.0549515976
1469.6300000000	0.0542444688
1469.6400000000	0.0537289693
1469.6500000000	0.0538563118
1469.6600000000	0.0540537394
1469.6700000000	0.0541927637
1469.6800000000	0.0541592477
1469.6900000000	0.0540377740
1469.7000000000	0.0544089550
1469.7100000000	0.0548519178
1469.7200000000	0.0553605082
1469.7300000000	0.0564423937
1469.7400000000	0.0571317805
1469.7500000000	0.0579496491
1469.7600000000	0.0588435262
1469.7700000000	0.0594064571
1469.7800000000	0.0600477752
1469.7900000000	0.0606306874
1469.8000000000	0.0609680501
1469.8100000000	0.0614389155
1469.8200000000	0.0616345833
1469.8300000000	0.0615544528
1469.8400000000	0.0615009915
1469.8500000000	0.0612486297
1469.8600000000	0.0609287578
1469.8700000000	0.0608097487
1469.8800000000	0.0605139874
1469.8900000000	0.0602851022
1469.9000000000	0.0600744641
1469.9100000000	0.0596902209
1469.9200000000	0.0593281466
1469.9300000000	0.0588391350
1469.9400000000	0.0582403469
1469.9500000000	0.0576642725
1469.9600000000	0.0569499055
1469.9700000000	0.0564727502
1469.9800000000	0.0562529771
1469.9900000000	0.0559878203
1470.0000000000	0.0559246142
1470.0100000000	0.0559080213
1470.0200000000	0.0557706091
1470.0300000000	0.0559365815
1470.0400000000	0.0560861423
1470.0500000000	0.0562535643
1470.0600000000	0.0566372882
1470.0700000000	0.0567519738
1470.0800000000	0.0570844426
1470.0900000000	0.0574315261
1470.1000000000	0.0575015547
1470.1100000000	0.0575863178
1470.1200000000	0.0575203226
1470.1300000000	0.0570308645
1470.1400000000	0.0568380009
1470.1500000000	0.0568603813
1470.1600000000	0.0566468702
1470.1700000000	0.0565512038
1470.1800000000	0.0564906411
1470.1900000000	0.0562843888
1470.2000000000	0.0562077211
1470.2100000000	0.0560407598
1470.2200000000	0.0561704200
1470.2300000000	0.0567901774
1470.2400000000	0.0571703251
1470.2500000000	0.0578270084
1470.2600000000	0.0588934503
1470.2700000000	0.0596365472
1470.2800000000	0.0603659151
1470.2900000000	0.0611419038
1470.3000000000	0.0618151515
1470.3100000000	0.0626348225
1470.3200000000	0.0631839998
1470.3300000000	0.0637147602
1470.3400000000	0.0642032602
1470.3500000000	0.0644368794
1470.3600000000	0.0645696671
1470.3700000000	0.0645196808
1470.3800000000	0.0644352674
1470.3900000000	0.0643846940
1470.4000000000	0.0641525390
1470.4100000000	0.0638660594
1470.4200000000	0.0635910040
1470.4300000000	0.0630644827
1470.4400000000	0.0624124720
1470.4500000000	0.0615578468
1470.4600000000	0.0604763632
1470.4700000000	0.0595871856
1470.4800000000	0.0585079101
1470.4900000000	0.0576065326
1470.5000000000	0.0570145629
1470.5100000000	0.0561620575
1470.5200000000	0.0556694406
1470.5300000000	0.0552476884
1470.5400000000	0.0548783274
1470.5500000000	0.0548326736
1470.5600000000	0.0546917159
1470.5700000000	0.0546908192
1470.5800000000	0.0548201974
1470.5900000000	0.0548719416
1470.6000000000	0.0550234053
1470.6100000000	0.0551897933
1470.6200000000	0.0550578194
1470.6300000000	0.0547452358
1470.6400000000	0.0544745789
1470.6500000000	0.0542145406
1470.6600000000	0.0541416000
1470.6700000000	0.0537405366
1470.6800000000	0.0535933723
1470.6900000000	0.0535975446
1470.7000000000	0.0531896290
1470.7100000000	0.0528759946
1470.7200000000	0.0525990217
1470.7300000000	0.0526304895
1470.7400000000	0.0532877023
1470.7500000000	0.0538710764
1470.7600000000	0.0546581500
1470.7700000000	0.0553520354
1470.7800000000	0.0557967736
1470.7900000000	0.0562108230
1470.8000000000	0.0566149549
1470.8100000000	0.0569992411
1470.8200000000	0.0575676695
1470.8300000000	0.0581505009
1470.8400000000	0.0586392680
1470.8500000000	0.0591555804
1470.8600000000	0.0595419911
1470.8700000000	0.0598778036
1470.8800000000	0.0600181900
1470.8900000000	0.0600141505
1470.9000000000	0.0599993205
1470.9100000000	0.0598437876
1470.9200000000	0.0597122811
1470.9300000000	0.0594819236
1470.9400000000	0.0590757136
1470.9500000000	0.0585879734
1470.9600000000	0.0578736043
1470.9700000000	0.0571758629
1470.9800000000	0.0564517652
1470.9900000000	0.0555439483
1471.0000000000	0.0548876024
1471.0100000000	0.0543650721
1471.0200000000	0.0537717413
1471.0300000000	0.0533514544
1471.0400000000	0.0530188145
1471.0500000000	0.0528675446
1471.0600000000	0.0528744885
1471.0700000000	0.0527648067
1471.0800000000	0.0527772741
1471.0900000000	0.0530261193
1471.1000000000	0.0536142616
1471.1100000000	0.0542541881
1471.1200000000	0.0546092582
1471.1300000000	0.0547398777
1471.1400000000	0.0548439970
1471.1500000000	0.0547576556
1471.1600000000	0.0545478914
1471.1700000000	0.0543599762
1471.1800000000	0.0541405030
1471.1900000000	0.0540763956
1471.2000000000	0.0539460656
1471.2100000000	0.0538951272
1471.2200000000	0.0539252557
1471.2300000000	0.0537589194
1471.2400000000	0.0537547734
1471.2500000000	0.0539050428
1471.2600000000	0.0541115862
1471.2700000000	0.0546360904
1471.2800000000	0.0551766266
1471.2900000000	0.0556778721
1471.3000000000	0.0560522201
1471.3100000000	0.0562008000
1471.3200000000	0.0565016460
1471.3300000000	0.0568257828
1471.3400000000	0.0570608686
1471.3500000000	0.0574241867
1471.3600000000	0.0578611592
1471.3700000000	0.0582072977
1471.3800000000	0.0584097116
1471.3900000000	0.0585954181
1471.4000000000	0.0587714067
1471.4100000000	0.0587823512
1471.4200000000	0.0587746032
1471.4300000000	0.0589739527
1471.4400000000	0.0591480955
1471.4500000000	0.0589814277
1471.4600000000	0.0587214092
1471.4700000000	0.0582350672
1471.4800000000	0.0575094655
1471.4900000000	0.0566465800
1471.5000000000	0.0557892658
1471.5100000000	0.0550852709
1471.5200000000	0.0541913872
1471.5300000000	0.0534505984
1471.5400000000	0.0526920996
1471.5500000000	0.0519087468
1471.5600000000	0.0515234248
1471.5700000000	0.0510178164
1471.5800000000	0.0506206454
1471.5900000000	0.0505525006
1471.6000000000	0.0505576095
1471.6100000000	0.0506757497
1471.6200000000	0.0508987195
1471.6300000000	0.0511421329
1471.6400000000	0.0513704679
1471.6500000000	0.0514212452
1471.6600000000	0.0514798036
1471.6700000000	0.0515756867
1471.6800000000	0.0514903145
1471.6900000000	0.0513519206
1471.7000000000	0.0512830381
1471.7100000000	0.0511952826
1471.7200000000	0.0512817637
1471.7300000000	0.0513638207
1471.7400000000	0.0513996706
1471.7500000000	0.0514763919
1471.7600000000	0.0513706261
1471.7700000000	0.0515493029
1471.7800000000	0.0520575480
1471.7900000000	0.0523110911
1471.8000000000	0.0527912350
1471.8100000000	0.0533406121
1471.8200000000	0.0538759785
1471.8300000000	0.0545434134
1471.8400000000	0.0548898776
1471.8500000000	0.0555040616
1471.8600000000	0.0562245222
1471.8700000000	0.0567194014
1471.8800000000	0.0575279226
1471.8900000000	0.0583809224
1471.9000000000	0.0590004354
1471.9100000000	0.0595455217
1471.9200000000	0.0600231126
1471.9300000000	0.0605044204
1471.9400000000	0.0610115562
1471.9500000000	0.0613777240
1471.9600000000	0.0617868100
1471.9700000000	0.0619255322
1471.9800000000	0.0616895228
1471.9900000000	0.0612944604
1472.0000000000	0.0606443336
1472.0100000000	0.0599536774
1472.0200000000	0.0592511479
1472.0300000000	0.0583585040
1472.0400000000	0.0576222180
1472.0500000000	0.0568685500
1472.0600000000	0.0562525718
1472.0700000000	0.0557276658
1472.0800000000	0.0549944345
1472.0900000000	0.0546236057
1472.1000000000	0.0543543795
1472.1100000000	0.0541891206
1472.1200000000	0.0542126343
1472.1300000000	0.0542543693
1472.1400000000	0.0543226330
1472.1500000000	0.0542632240
1472.1600000000	0.0541755947
1472.1700000000	0.0542037543
1472.1800000000	0.0541060472
1472.1900000000	0.0538406644
1472.2000000000	0.0535766885
1472.2100000000	0.0531071764
1472.2200000000	0.0526469715
1472.2300000000	0.0521996123
1472.2400000000	0.0515404712
1472.2500000000	0.0510090954
1472.2600000000	0.0504945884
1472.2700000000	0.0499560504
1472.2800000000	0.0498577108
1472.2900000000	0.0495845943
1472.3000000000	0.0494060819
1472.3100000000	0.0497327086
1472.3200000000	0.0496467564
1472.3300000000	0.0496773836
1472.3400000000	0.0498341858
1472.3500000000	0.0500000516
1472.3600000000	0.0508091382
1472.3700000000	0.0515194281
1472.3800000000	0.0521560183
1472.3900000000	0.0529979437
1472.4000000000	0.0535598799
1472.4100000000	0.0541173726
1472.4200000000	0.0547325062
1472.4300000000	0.0551353026
1472.4400000000	0.0554983994
1472.4500000000	0.0558468117
1472.4600000000	0.0561547078
1472.4700000000	0.0564411003
1472.4800000000	0.0565309798
1472.4900000000	0.0564241375
1472.5000000000	0.0561790260
1472.5100000000	0.0557549958
1472.5200000000	0.0553205916
1472.5300000000	0.0547016485
1472.5400000000	0.0540486479
1472.5500000000	0.0536446490
1472.5600000000	0.0532575722
1472.5700000000	0.0528630840
1472.5800000000	0.0524414011
1472.5900000000	0.0520964123
1472.6000000000	0.0517586152
1472.6100000000	0.0513179036
1472.6200000000	0.0512540128
1472.6300000000	0.0514406863
1472.6400000000	0.0515416583
1472.6500000000	0.0515343547
1472.6600000000	0.0514694444
1472.6700000000	0.0514689743
1472.6800000000	0.0512312201
1472.6900000000	0.0509669908
1472.7000000000	0.0508876865
1472.7100000000	0.0508167528
1472.7200000000	0.0508296356
1472.7300000000	0.0509219058
1472.7400000000	0.0509265105
1472.7500000000	0.0509396716
1472.7600000000	0.0509627344
1472.7700000000	0.0508425594
1472.7800000000	0.0509328253
1472.7900000000	0.0510118880
1472.8000000000	0.0508800642
1472.8100000000	0.0510305670
1472.8200000000	0.0509549956
1472.8300000000	0.0508166948
1472.8400000000	0.0508701495
1472.8500000000	0.0506364211
1472.8600000000	0.0504515150
1472.8700000000	0.0502693957
1472.8800000000	0.0501281427
1472.8900000000	0.0502249410
1472.9000000000	0.0503927750
1472.9100000000	0.0508025913
1472.9200000000	0.0513124434
1472.9300000000	0.0516909818
1472.9400000000	0.0521293045
1472.9500000000	0.0525981653
1472.9600000000	0.0530442170
1472.9700000000	0.0535062758
1472.9800000000	0.0538097088
1472.9900000000	0.0540598267
1473.0000000000	0.0542950615
1473.0100000000	0.0541267537
1473.0200000000	0.0537264069
1473.0300000000	0.0530858352
1473.0400000000	0.0520539670
1473.0500000000	0.0510751876
1473.0600000000	0.0499683050
1473.0700000000	0.0487707892
1473.0800000000	0.0477713037
1473.0900000000	0.0467905412
1473.1000000000	0.0459269992
1473.1100000000	0.0451737821
1473.1200000000	0.0446056535
1473.1300000000	0.0442737755
1473.1400000000	0.0440751202
1473.1500000000	0.0441026393
1473.1600000000	0.0443048832
1473.1700000000	0.0444334231
1473.1800000000	0.0444641726
1473.1900000000	0.0444523539
1473.2000000000	0.0442682704
1473.2100000000	0.0439358895
1473.2200000000	0.0436202315
1473.2300000000	0.0433904541
1473.2400000000	0.0432334682
1473.2500000000	0.0430217813
1473.2600000000	0.0426835456
1473.2700000000	0.0423888814
1473.2800000000	0.0420713653
1473.2900000000	0.0417749751
1473.3000000000	0.0417550760
1473.3100000000	0.0418744604
1473.3200000000	0.0419807664
1473.3300000000	0.0422726225
1473.3400000000	0.0427054009
1473.3500000000	0.0431443355
1473.3600000000	0.0436686836
1473.3700000000	0.0441287484
1473.3800000000	0.0445473033
1473.3900000000	0.0448734914
1473.4000000000	0.0451444878
1473.4100000000	0.0455842404
1473.4200000000	0.0459590036
1473.4300000000	0.0462485086
1473.4400000000	0.0465836678
1473.4500000000	0.0468511184
1473.4600000000	0.0471984509
1473.4700000000	0.0476296710
1473.4800000000	0.0479415098
1473.4900000000	0.0482760909
1473.5000000000	0.0487231417
1473.5100000000	0.0490587164
1473.5200000000	0.0494566054
1473.5300000000	0.0496733888
1473.5400000000	0.0496927743
1473.5500000000	0.0497555284
1473.5600000000	0.0495081607
1473.5700000000	0.0491769408
1473.5800000000	0.0488516602
1473.5900000000	0.0482282263
1473.6000000000	0.0476313805
1473.6100000000	0.0469868146
1473.6200000000	0.0463629831
1473.6300000000	0.0458229063
1473.6400000000	0.0452670676
1473.6500000000	0.0449820156
1473.6600000000	0.0447299810
1473.6700000000	0.0444891557
1473.6800000000	0.0445987913
1473.6900000000	0.0447997501
1473.7000000000	0.0449643164
1473.7100000000	0.0451391189
1473.7200000000	0.0453164381
1473.7300000000	0.0454979888
1473.7400000000	0.0456618451
1473.7500000000	0.0458286403
1473.7600000000	0.0461951077
1473.7700000000	0.0466179628
1473.7800000000	0.0468896943
1473.7900000000	0.0471700370
1473.8000000000	0.0474405735
1473.8100000000	0.0476442773
1473.8200000000	0.0478539541
1473.8300000000	0.0480045013
1473.8400000000	0.0481772028
1473.8500000000	0.0482642617
1473.8600000000	0.0483392162
1473.8700000000	0.0484284778
1473.8800000000	0.0483189066
1473.8900000000	0.0482100685
1473.9000000000	0.0481609872
1473.9100000000	0.0481932375
1473.9200000000	0.0483844043
1473.9300000000	0.0485872248
1473.9400000000	0.0487913794
1473.9500000000	0.0490561372
1473.9600000000	0.0493577316
1473.9700000000	0.0497317112
1473.9800000000	0.0501576991
1473.9900000000	0.0505795065
1474.0000000000	0.0511155387
1474.0100000000	0.0516766769
1474.0200000000	0.0521035280
1474.0300000000	0.0522883129
1474.0400000000	0.0522316765
1474.0500000000	0.0519974894
1474.0600000000	0.0515110750
1474.0700000000	0.0508308829
1474.0800000000	0.0501646415
1474.0900000000	0.0493917967
1474.1000000000	0.0486704753
1474.1100000000	0.0479610061
1474.1200000000	0.0472060891
1474.1300000000	0.0465670440
1474.1400000000	0.0460745630
1474.1500000000	0.0456687047
1474.1600000000	0.0453009370
1474.1700000000	0.0450536697
1474.1800000000	0.0450074303
1474.1900000000	0.0450544310
1474.2000000000	0.0451403475
1474.2100000000	0.0452924290
1474.2200000000	0.0454608864
1474.2300000000	0.0455183852
1474.2400000000	0.0455870515
1474.2500000000	0.0457145493
1474.2600000000	0.0458393412
1474.2700000000	0.0458891847
1474.2800000000	0.0458176754
1474.2900000000	0.0457522547
1474.3000000000	0.0457018163
1474.3100000000	0.0456067859
1474.3200000000	0.0456272985
1474.3300000000	0.0456630149
1474.3400000000	0.0456967282
1474.3500000000	0.0457728662
1474.3600000000	0.0459393733
1474.3700000000	0.0461210980
1474.3800000000	0.0461814966
1474.3900000000	0.0462401509
1474.4000000000	0.0462451407
1474.4100000000	0.0460807063
1474.4200000000	0.0459676373
1474.4300000000	0.0459340472
1474.4400000000	0.0458851432
1474.4500000000	0.0458677502
1474.4600000000	0.0458437576
1474.4700000000	0.0459621140
1474.4800000000	0.0462401306
1474.4900000000	0.0464868256
1474.5000000000	0.0468767192
1474.5100000000	0.0474628199
1474.5200000000	0.0481068070
1474.5300000000	0.0489104158
1474.5400000000	0.0496877669
1474.5500000000	0.0502959910
1474.5600000000	0.0506867807
1474.5700000000	0.0508579869
1474.5800000000	0.0508773453
1474.5900000000	0.0507347276
1474.6000000000	0.0505129044
1474.6100000000	0.0503018601
1474.6200000000	0.0499344885
1474.6300000000	0.0494534681
1474.6400000000	0.0489957621
1474.6500000000	0.0484832384
1474.6600000000	0.0479917561
1474.6700000000	0.0475937469
1474.6800000000	0.0472459607
1474.6900000000	0.0470189411
1474.7000000000	0.0468729255
1474.7100000000	0.0468554120
1474.7200000000	0.0469368474
1474.7300000000	0.0468524324
1474.7400000000	0.0466713769
1474.7500000000	0.0465702707
1474.7600000000	0.0464090884
1474.7700000000	0.0462017684
1474.7800000000	0.0459351375
1474.7900000000	0.0456652383
1474.8000000000	0.0454322446
1474.8100000000	0.0452433005
1474.8200000000	0.0450626022
1474.8300000000	0.0449287865
1474.8400000000	0.0448706590
1474.8500000000	0.0449244687
1474.8600000000	0.0450462519
1474.8700000000	0.0452087748
1474.8800000000	0.0453651585
1474.8900000000	0.0455180929
1474.9000000000	0.0456173680
1474.9100000000	0.0455746702
1474.9200000000	0.0455837126
1474.9300000000	0.0456662724
1474.9400000000	0.0455599714
1474.9500000000	0.0455268893
1474.9600000000	0.0455608024
1474.9700000000	0.0455196271
1474.9800000000	0.0456586183
1474.9900000000	0.0457899565
1475.0000000000	0.0459945768
1475.0100000000	0.0462608817
1475.0200000000	0.0465210677
1475.0300000000	0.0470576656
1475.0400000000	0.0477079126
1475.0500000000	0.0483895202
1475.0600000000	0.0490992596
1475.0700000000	0.0497208780
1475.0800000000	0.0501629430
1475.0900000000	0.0504739098
1475.1000000000	0.0506983070
1475.1100000000	0.0508501757
1475.1200000000	0.0507937418
1475.1300000000	0.0505932957
1475.1400000000	0.0504003657
1475.1500000000	0.0500758996
1475.1600000000	0.0497079984
1475.1700000000	0.0494068496
1475.1800000000	0.0489385540
1475.1900000000	0.0485279646
1475.2000000000	0.0482011215
1475.2100000000	0.0478288657
1475.2200000000	0.0475988329
1475.2300000000	0.0472710639
1475.2400000000	0.0468618097
1475.2500000000	0.0464123767
1475.2600000000	0.0458322853
1475.2700000000	0.0452403067
1475.2800000000	0.0446910465
1475.2900000000	0.0440852330
1475.3000000000	0.0436521135
1475.3100000000	0.0434018274
1475.3200000000	0.0431311484
1475.3300000000	0.0429461777
1475.3400000000	0.0429105904
1475.3500000000	0.0429204410
1475.3600000000	0.0429782341
1475.3700000000	0.0432136706
1475.3800000000	0.0435405341
1475.3900000000	0.0438259990
1475.4000000000	0.0440473807
1475.4100000000	0.0441419662
1475.4200000000	0.0440689782
1475.4300000000	0.0438772020
1475.4400000000	0.0434632062
1475.4500000000	0.0429326858
1475.4600000000	0.0423679191
1475.4700000000	0.0416514512
1475.4800000000	0.0408854738
1475.4900000000	0.0402867993
1475.5000000000	0.0397698763
1475.5100000000	0.0393372357
1475.5200000000	0.0390966502
1475.5300000000	0.0390164637
1475.5400000000	0.0392088411
1475.5500000000	0.0396533358
1475.5600000000	0.0403255691
1475.5700000000	0.0411002143
1475.5800000000	0.0419562421
1475.5900000000	0.0428356248
1475.6000000000	0.0435837003
1475.6100000000	0.0441832563
1475.6200000000	0.0445784706
1475.6300000000	0.0447988042
1475.6400000000	0.0449387902
1475.6500000000	0.0448966276
1475.6600000000	0.0447067414
1475.6700000000	0.0445813066
1475.6800000000	0.0442387869
1475.6900000000	0.0438389118
1475.7000000000	0.0435452190
1475.7100000000	0.0431388704
1475.7200000000	0.0427833790
1475.7300000000	0.0426014893
1475.7400000000	0.0423712562
1475.7500000000	0.0421676042
1475.7600000000	0.0419433354
1475.7700000000	0.0416774029
1475.7800000000	0.0413636241
1475.7900000000	0.0408704162
1475.8000000000	0.0403943724
1475.8100000000	0.0400206956
1475.8200000000	0.0395146134
1475.8300000000	0.0390588788
1475.8400000000	0.0386900170
1475.8500000000	0.0382420680
1475.8600000000	0.0379145817
1475.8700000000	0.0376876669
1475.8800000000	0.0375180923
1475.8900000000	0.0375222830
1475.9000000000	0.0377029158
1475.9100000000	0.0378655132
1475.9200000000	0.0380939119
1475.9300000000	0.0383466774
1475.9400000000	0.0384841503
1475.9500000000	0.0386406837
1475.9600000000	0.0387755540
1475.9700000000	0.0386848210
1475.9800000000	0.0385931204
1475.9900000000	0.0384510410
1476.0000000000	0.0382165614
1476.0100000000	0.0381132094
1476.0200000000	0.0379205526
1476.0300000000	0.0377229921
1476.0400000000	0.0376110765
1476.0500000000	0.0376036422
1476.0600000000	0.0377798278
1476.0700000000	0.0380028847
1476.0800000000	0.0383306520
1476.0900000000	0.0388620084
1476.1000000000	0.0393165185
1476.1100000000	0.0397304971
1476.1200000000	0.0402422068
1476.1300000000	0.0407276499
1476.1400000000	0.0411687591
1476.1500000000	0.0415710274
1476.1600000000	0.0417870027
1476.1700000000	0.0420688954
1476.1800000000	0.0422734880
1476.1900000000	0.0423233287
1476.2000000000	0.0424787934
1476.2100000000	0.0424984585
1476.2200000000	0.0424716204
1476.2300000000	0.0425286789
1476.2400000000	0.0424406825
1476.2500000000	0.0423751751
1476.2600000000	0.0422967136
1476.2700000000	0.0420943533
1476.2800000000	0.0419610822
1476.2900000000	0.0417570977
1476.3000000000	0.0414900144
1476.3100000000	0.0412054332
1476.3200000000	0.0408147531
1476.3300000000	0.0405642455
1476.3400000000	0.0403687121
1476.3500000000	0.0400817786
1476.3600000000	0.0398856185
1476.3700000000	0.0398125712
1476.3800000000	0.0396834027
1476.3900000000	0.0396466093
1476.4000000000	0.0398749836
1476.4100000000	0.0401440315
1476.4200000000	0.0403983420
1476.4300000000	0.0406558992
1476.4400000000	0.0408497865
1476.4500000000	0.0409702299
1476.4600000000	0.0409120540
1476.4700000000	0.0407052763
1476.4800000000	0.0405076439
1476.4900000000	0.0401690798
1476.5000000000	0.0397418035
1476.5100000000	0.0394333079
1476.5200000000	0.0391108882
1476.5300000000	0.0387495966
1476.5400000000	0.0384410423
1476.5500000000	0.0382646019
1476.5600000000	0.0382884640
1476.5700000000	0.0384787867
1476.5800000000	0.0388669937
1476.5900000000	0.0393859713
1476.6000000000	0.0399075368
1476.6100000000	0.0404269283
1476.6200000000	0.0409592522
1476.6300000000	0.0414091416
1476.6400000000	0.0417208716
1476.6500000000	0.0419069217
1476.6600000000	0.0419628523
1476.6700000000	0.0419310249
1476.6800000000	0.0418186764
1476.6900000000	0.0416129571
1476.7000000000	0.0413096707
1476.7100000000	0.0409036264
1476.7200000000	0.0405023087
1476.7300000000	0.0401374695
1476.7400000000	0.0397842722
1476.7500000000	0.0396146023
1476.7600000000	0.0394784559
1476.7700000000	0.0392760116
1476.7800000000	0.0391655614
1476.7900000000	0.0391128756
1476.8000000000	0.0390339221
1476.8100000000	0.0388351938
1476.8200000000	0.0385344691
1476.8300000000	0.0382266006
1476.8400000000	0.0378597057
1476.8500000000	0.0374491799
1476.8600000000	0.0371075912
1476.8700000000	0.0367523220
1476.8800000000	0.0363537536
1476.8900000000	0.0360274759
1476.9000000000	0.0358279959
1476.9100000000	0.0357076219
1476.9200000000	0.0356954088
1476.9300000000	0.0357623970
1476.9400000000	0.0359791506
1476.9500000000	0.0362110312
1476.9600000000	0.0365026767
1476.9700000000	0.0368280835
1476.9800000000	0.0370279831
1476.9900000000	0.0371553151
1477.0000000000	0.0372067589
1477.0100000000	0.0372325824
1477.0200000000	0.0371925657
1477.0300000000	0.0371072522
1477.0400000000	0.0370636291
1477.0500000000	0.0368805378
1477.0600000000	0.0365081039
1477.0700000000	0.0361711185
1477.0800000000	0.0359239300
1477.0900000000	0.0357550984
1477.1000000000	0.0357613308
1477.1100000000	0.0359044450
1477.1200000000	0.0360947726
1477.1300000000	0.0363425237
1477.1400000000	0.0365657648
1477.1500000000	0.0368122606
1477.1600000000	0.0371221387
1477.1700000000	0.0374170949
1477.1800000000	0.0377581994
1477.1900000000	0.0380809552
1477.2000000000	0.0383666670
1477.2100000000	0.0386869881
1477.2200000000	0.0389181679
1477.2300000000	0.0390124727
1477.2400000000	0.0390746706
1477.2500000000	0.0391957187
1477.2600000000	0.0392472889
1477.2700000000	0.0392213109
1477.2800000000	0.0392280955
1477.2900000000	0.0391747264
1477.3000000000	0.0390158350
1477.3100000000	0.0387813777
1477.3200000000	0.0384578452
1477.3300000000	0.0380067384
1477.3400000000	0.0375057480
1477.3500000000	0.0370492631
1477.3600000000	0.0366367399
1477.3700000000	0.0362437523
1477.3800000000	0.0358165390
1477.3900000000	0.0354554774
1477.4000000000	0.0352400056
1477.4100000000	0.0350623127
1477.4200000000	0.0350136150
1477.4300000000	0.0351351823
1477.4400000000	0.0353066610
1477.4500000000	0.0354952888
1477.4600000000	0.0357694007
1477.4700000000	0.0361461196
1477.4800000000	0.0364880062
1477.4900000000	0.0367562430
1477.5000000000	0.0368980714
1477.5100000000	0.0369105521
1477.5200000000	0.0367781174
1477.5300000000	0.0365337194
1477.5400000000	0.0363111269
1477.5500000000	0.0360800494
1477.5600000000	0.0357961104
1477.5700000000	0.0355301875
1477.5800000000	0.0353005054
1477.5900000000	0.0351187868
1477.6000000000	0.0350204794
1477.6100000000	0.0350178259
1477.6200000000	0.0351038413
1477.6300000000	0.0352877259
1477.6400000000	0.0355320302
1477.6500000000	0.0358393569
1477.6600000000	0.0361254211
1477.6700000000	0.0363877828
1477.6800000000	0.0366787505
1477.6900000000	0.0369109132
1477.7000000000	0.0371872849
1477.7100000000	0.0375670490
1477.7200000000	0.0378810863
1477.7300000000	0.0380970632
1477.7400000000	0.0383192566
1477.7500000000	0.0385411573
1477.7600000000	0.0386957087
1477.7700000000	0.0387938942
1477.7800000000	0.0389319495
1477.7900000000	0.0390854101
1477.8000000000	0.0391896354
1477.8100000000	0.0392776586
1477.8200000000	0.0392556679
1477.8300000000	0.0391160206
1477.8400000000	0.0388493417
1477.8500000000	0.0384366008
1477.8600000000	0.0380153432
1477.8700000000	0.0377101341
1477.8800000000	0.0374224706
1477.8900000000	0.0370121490
1477.9000000000	0.0364896371
1477.9100000000	0.0359325156
1477.9200000000	0.0355009176
1477.9300000000	0.0352024452
1477.9400000000	0.0349197438
1477.9500000000	0.0347526111
1477.9600000000	0.0347772123
1477.9700000000	0.0349352356
1477.9800000000	0.0351567935
1477.9900000000	0.0354973093
1478.0000000000	0.0358415405
1478.0100000000	0.0360743457
1478.0200000000	0.0362427847
1478.0300000000	0.0363049492
1478.0400000000	0.0362635302
1478.0500000000	0.0361329924
1478.0600000000	0.0359060652
1478.0700000000	0.0356487692
1478.0800000000	0.0353582157
1478.0900000000	0.0350095695
1478.1000000000	0.0347119957
1478.1100000000	0.0344141319
1478.1200000000	0.0341331980
1478.1300000000	0.0340180099
1478.1400000000	0.0339862687
1478.1500000000	0.0340387790
1478.1600000000	0.0343214217
1478.1700000000	0.0346814672
1478.1800000000	0.0350068826
1478.1900000000	0.0353425923
1478.2000000000	0.0357207407
1478.2100000000	0.0361245172
1478.2200000000	0.0364487486
1478.2300000000	0.0367366319
1478.2400000000	0.0370077109
1478.2500000000	0.0371892037
1478.2600000000	0.0373634324
1478.2700000000	0.0375420636
1478.2800000000	0.0376690115
1478.2900000000	0.0377194041
1478.3000000000	0.0377033195
1478.3100000000	0.0376769403
1478.3200000000	0.0375950733
1478.3300000000	0.0374147240
1478.3400000000	0.0371932235
1478.3500000000	0.0368836841
1478.3600000000	0.0363627529
1478.3700000000	0.0357420719
1478.3800000000	0.0351704827
1478.3900000000	0.0346016353
1478.4000000000	0.0340469548
1478.4100000000	0.0335389619
1478.4200000000	0.0330214984
1478.4300000000	0.0325935773
1478.4400000000	0.0323362912
1478.4500000000	0.0322285278
1478.4600000000	0.0322459347
1478.4700000000	0.0323288123
1478.4800000000	0.0324342813
1478.4900000000	0.0326568045
1478.5000000000	0.0329184088
1478.5100000000	0.0330677137
1478.5200000000	0.0331936159
1478.5300000000	0.0332516324
1478.5400000000	0.0331972893
1478.5500000000	0.0331294069
1478.5600000000	0.0330294356
1478.5700000000	0.0328010441
1478.5800000000	0.0324413922
1478.5900000000	0.0319789149
1478.6000000000	0.0314445161
1478.6100000000	0.0309904473
1478.6200000000	0.0305711244
1478.6300000000	0.0302267053
1478.6400000000	0.0299967222
1478.6500000000	0.0298298102
1478.6600000000	0.0298049764
1478.6700000000	0.0299410335
1478.6800000000	0.0300917018
1478.6900000000	0.0302751411
1478.7000000000	0.0304281082
1478.7100000000	0.0305539679
1478.7200000000	0.0307275594
1478.7300000000	0.0309113402
1478.7400000000	0.0310495673
1478.7500000000	0.0311392826
1478.7600000000	0.0312365875
1478.7700000000	0.0313857761
1478.7800000000	0.0315058763
1478.7900000000	0.0315835583
1478.8000000000	0.0316699154
1478.8100000000	0.0317776208
1478.8200000000	0.0318846886
1478.8300000000	0.0320277109
1478.8400000000	0.0322170653
1478.8500000000	0.0323399649
1478.8600000000	0.0323402275
1478.8700000000	0.0322142342
1478.8800000000	0.0320223251
1478.8900000000	0.0317502977
1478.9000000000	0.0313855831
1478.9100000000	0.0309665146
1478.9200000000	0.0305554455
1478.9300000000	0.0300883503
1478.9400000000	0.0297112759
1478.9500000000	0.0293679785
1478.9600000000	0.0290754655
1478.9700000000	0.0288916361
1478.9800000000	0.0287940688
1478.9900000000	0.0289013350
1479.0000000000	0.0291716521
1479.0100000000	0.0294702977
1479.0200000000	0.0297838796
1479.0300000000	0.0300171756
1479.0400000000	0.0301521256
1479.0500000000	0.0302459628
1479.0600000000	0.0302929169
1479.0700000000	0.0302389713
1479.0800000000	0.0301201128
1479.0900000000	0.0299121603
1479.1000000000	0.0295832227
1479.1100000000	0.0292426233
1479.1200000000	0.0289069246
1479.1300000000	0.0285416848
1479.1400000000	0.0282530854
1479.1500000000	0.0279356239
1479.1600000000	0.0277352046
1479.1700000000	0.0277301244
1479.1800000000	0.0278177972
1479.1900000000	0.0280157771
1479.2000000000	0.0282480261
1479.2100000000	0.0284872070
1479.2200000000	0.0287782355
1479.2300000000	0.0290342871
1479.2400000000	0.0293137611
1479.2500000000	0.0296366674
1479.2600000000	0.0298886124
1479.2700000000	0.0301446288
1479.2800000000	0.0303913452
1479.2900000000	0.0305676371
1479.3000000000	0.0307510494
1479.3100000000	0.0309323698
1479.3200000000	0.0310550055
1479.3300000000	0.0312363554
1479.3400000000	0.0314511911
1479.3500000000	0.0316680574
1479.3600000000	0.0318651489
1479.3700000000	0.0320162460
1479.3800000000	0.0320639443
1479.3900000000	0.0319467882
1479.4000000000	0.0317450364
1479.4100000000	0.0314764425
1479.4200000000	0.0311196493
1479.4300000000	0.0306004120
1479.4400000000	0.0301192181
1479.4500000000	0.0296813726
1479.4600000000	0.0293048592
1479.4700000000	0.0289731839
1479.4800000000	0.0286189173
1479.4900000000	0.0284249236
1479.5000000000	0.0282310902
1479.5100000000	0.0281576187
1479.5200000000	0.0282751094
1479.5300000000	0.0284909677
1479.5400000000	0.0287622203
1479.5500000000	0.0291187214
1479.5600000000	0.0294164356
1479.5700000000	0.0295605956
1479.5800000000	0.0296849362
1479.5900000000	0.0297082423
1479.6000000000	0.0295892914
1479.6100000000	0.0294311944
1479.6200000000	0.0292186778
1479.6300000000	0.0290046646
1479.6400000000	0.0287611583
1479.6500000000	0.0284713571
1479.6600000000	0.0282242925
1479.6700000000	0.0279927863
1479.6800000000	0.0277913660
1479.6900000000	0.0277543831
1479.7000000000	0.0277470519
1479.7100000000	0.0277289943
1479.7200000000	0.0277028091
1479.7300000000	0.0276415255
1479.7400000000	0.0275423297
1479.7500000000	0.0274131396
1479.7600000000	0.0272942697
1479.7700000000	0.0271679574
1479.7800000000	0.0270688965
1479.7900000000	0.0270722828
1479.8000000000	0.0271572459
1479.8100000000	0.0272928678
1479.8200000000	0.0275020666
1479.8300000000	0.0277556356
1479.8400000000	0.0280262075
1479.8500000000	0.0283955087
1479.8600000000	0.0288525562
1479.8700000000	0.0293821799
1479.8800000000	0.0298757514
1479.8900000000	0.0302706970
1479.9000000000	0.0307189588
1479.9100000000	0.0310212195
1479.9200000000	0.0310950782
1479.9300000000	0.0310878021
1479.9400000000	0.0308249665
1479.9500000000	0.0304426775
1479.9600000000	0.0299940589
1479.9700000000	0.0295526435
1479.9800000000	0.0291363872
1479.9900000000	0.0287232272
1480.0000000000	0.0283691475
1480.0100000000	0.0280966460
1480.0200000000	0.0279593058
1480.0300000000	0.0279016205
1480.0400000000	0.0279530018
1480.0500000000	0.0280905210
1480.0600000000	0.0282614919
1480.0700000000	0.0284384630
1480.0800000000	0.0286053073
1480.0900000000	0.0287475871
1480.1000000000	0.0287603584
1480.1100000000	0.0287410583
1480.1200000000	0.0286090199
1480.1300000000	0.0283367789
1480.1400000000	0.0280790402
1480.1500000000	0.0277747191
1480.1600000000	0.0275250150
1480.1700000000	0.0272803826
1480.1800000000	0.0270067292
1480.1900000000	0.0268933677
1480.2000000000	0.0268265924
1480.2100000000	0.0267865588
1480.2200000000	0.0267776868
1480.2300000000	0.0267823459
1480.2400000000	0.0267917480
1480.2500000000	0.0268044697
1480.2600000000	0.0268271245
1480.2700000000	0.0268251649
1480.2800000000	0.0267522428
1480.2900000000	0.0266326828
1480.3000000000	0.0265002633
1480.3100000000	0.0264030463
1480.3200000000	0.0264025940
1480.3300000000	0.0264396272
1480.3400000000	0.0263977791
1480.3500000000	0.0264133940
1480.3600000000	0.0265915491
1480.3700000000	0.0268155664
1480.3800000000	0.0271450187
1480.3900000000	0.0276225774
1480.4000000000	0.0282093184
1480.4100000000	0.0285699982
1480.4200000000	0.0288276897
1480.4300000000	0.0291137300
1480.4400000000	0.0292008116
1480.4500000000	0.0291275631
1480.4600000000	0.0289767612
1480.4700000000	0.0287545873
1480.4800000000	0.0285241575
1480.4900000000	0.0281767813
1480.5000000000	0.0278063478
1480.5100000000	0.0274968584
1480.5200000000	0.0271855178
1480.5300000000	0.0268831310
1480.5400000000	0.0266502181
1480.5500000000	0.0265247104
1480.5600000000	0.0264501350
1480.5700000000	0.0264145258
1480.5800000000	0.0263624922
1480.5900000000	0.0263726802
1480.6000000000	0.0263798327
1480.6100000000	0.0263391276
1480.6200000000	0.0263388515
1480.6300000000	0.0262871195
1480.6400000000	0.0262270865
1480.6500000000	0.0260814529
1480.6600000000	0.0258755779
1480.6700000000	0.0257611617
1480.6800000000	0.0255641480
1480.6900000000	0.0253310234
1480.7000000000	0.0252064710
1480.7100000000	0.0252670450
1480.7200000000	0.0253421295
1480.7300000000	0.0253597975
1480.7400000000	0.0254080808
1480.7500000000	0.0254761897
1480.7600000000	0.0255380308
1480.7700000000	0.0256257868
1480.7800000000	0.0257260547
1480.7900000000	0.0257314682
1480.8000000000	0.0256012019
1480.8100000000	0.0254732359
1480.8200000000	0.0254347598
1480.8300000000	0.0254350974
1480.8400000000	0.0253325275
1480.8500000000	0.0253703623
1480.8600000000	0.0255793929
1480.8700000000	0.0257658842
1480.8800000000	0.0260616342
1480.8900000000	0.0265152087
1480.9000000000	0.0270109467
1480.9100000000	0.0274998223
1480.9200000000	0.0279182734
1480.9300000000	0.0283975711
1480.9400000000	0.0287093892
1480.9500000000	0.0288494191
1480.9600000000	0.0288847176
1480.9700000000	0.0287041694
1480.9800000000	0.0284836263
1480.9900000000	0.0282588202
1481.0000000000	0.0279182911
1481.0100000000	0.0275812543
1481.0200000000	0.0272923147
1481.0300000000	0.0269253300
1481.0400000000	0.0266077367
1481.0500000000	0.0263714356
1481.0600000000	0.0261941197
1481.0700000000	0.0261214783
1481.0800000000	0.0260620750
1481.0900000000	0.0260511333
1481.1000000000	0.0260319624
1481.1100000000	0.0258739735
1481.1200000000	0.0256746145
1481.1300000000	0.0254025846
1481.1400000000	0.0251559077
1481.1500000000	0.0248274486
1481.1600000000	0.0244638853
1481.1700000000	0.0242258510
1481.1800000000	0.0239026817
1481.1900000000	0.0235637285
1481.2000000000	0.0233759385
1481.2100000000	0.0231979700
1481.2200000000	0.0231483082
1481.2300000000	0.0232231951
1481.2400000000	0.0232993400
1481.2500000000	0.0234214745
1481.2600000000	0.0234990079
1481.2700000000	0.0235885751
1481.2800000000	0.0237163910
1481.2900000000	0.0237163930
1481.3000000000	0.0236553595
1481.3100000000	0.0235713163
1481.3200000000	0.0234402900
1481.3300000000	0.0232398007
1481.3400000000	0.0229659178
1481.3500000000	0.0227264779
1481.3600000000	0.0224945565
1481.3700000000	0.0222436989
1481.3800000000	0.0221435140
1481.3900000000	0.0221647211
1481.4000000000	0.0221847113
1481.4100000000	0.0224141307
1481.4200000000	0.0227029742
1481.4300000000	0.0230377156
1481.4400000000	0.0235470174
1481.4500000000	0.0239660325
1481.4600000000	0.0244424847
1481.4700000000	0.0248067212
1481.4800000000	0.0250817639
1481.4900000000	0.0253323198
1481.5000000000	0.0254463290
1481.5100000000	0.0253844980
1481.5200000000	0.0253785433
1481.5300000000	0.0252053611
1481.5400000000	0.0249648279
1481.5500000000	0.0247897968
1481.5600000000	0.0245347534
1481.5700000000	0.0242777497
1481.5800000000	0.0240475505
1481.5900000000	0.0238574371
1481.6000000000	0.0237267468
1481.6100000000	0.0236537663
1481.6200000000	0.0235872828
1481.6300000000	0.0234794775
1481.6400000000	0.0232019408
1481.6500000000	0.0229091281
1481.6600000000	0.0226272666
1481.6700000000	0.0223636165
1481.6800000000	0.0221044694
1481.6900000000	0.0218812842
1481.7000000000	0.0217210798
1481.7100000000	0.0215406326
1481.7200000000	0.0213290650
1481.7300000000	0.0212792980
1481.7400000000	0.0213308510
1481.7500000000	0.0214391391
1481.7600000000	0.0215578979
1481.7700000000	0.0216525375
1481.7800000000	0.0217852502
1481.7900000000	0.0218398854
1481.8000000000	0.0218203187
1481.8100000000	0.0217556335
1481.8200000000	0.0214926471
1481.8300000000	0.0212002705
1481.8400000000	0.0208487521
1481.8500000000	0.0204381206
1481.8600000000	0.0201189531
1481.8700000000	0.0198190028
1481.8800000000	0.0195758657
1481.8900000000	0.0194568799
1481.9000000000	0.0193639881
1481.9100000000	0.0194378209
1481.9200000000	0.0196119781
1481.9300000000	0.0198135381
1481.9400000000	0.0201882159
1481.9500000000	0.0205691599
1481.9600000000	0.0208194407
1481.9700000000	0.0211793677
1481.9800000000	0.0214079152
1481.9900000000	0.0215845930
1482.0000000000	0.0216976029
1482.0100000000	0.0216299311
1482.0200000000	0.0215380674
1482.0300000000	0.0213802390
1482.0400000000	0.0210738299
1482.0500000000	0.0208596982
1482.0600000000	0.0205761554
1482.0700000000	0.0202334280
1482.0800000000	0.0200675928
1482.0900000000	0.0198937240
1482.1000000000	0.0196280923
1482.1100000000	0.0195480555
1482.1200000000	0.0195083281
1482.1300000000	0.0194770519
1482.1400000000	0.0195218377
1482.1500000000	0.0194833308
1482.1600000000	0.0194602117
1482.1700000000	0.0194607760
1482.1800000000	0.0192731836
1482.1900000000	0.0190359296
1482.2000000000	0.0188116399
1482.2100000000	0.0184947755
1482.2200000000	0.0182547097
1482.2300000000	0.0181294800
1482.2400000000	0.0179660214
1482.2500000000	0.0178712097
1482.2600000000	0.0178950126
1482.2700000000	0.0179233606
1482.2800000000	0.0179935541
1482.2900000000	0.0181000048
1482.3000000000	0.0182056659
1482.3100000000	0.0183779913
1482.3200000000	0.0184382222
1482.3300000000	0.0184036106
1482.3400000000	0.0182764189
1482.3500000000	0.0179552783
1482.3600000000	0.0176146546
1482.3700000000	0.0172264225
1482.3800000000	0.0167328141
1482.3900000000	0.0163379020
1482.4000000000	0.0159823572
1482.4100000000	0.0156561278
1482.4200000000	0.0155049441
1482.4300000000	0.0153983032
1482.4400000000	0.0154363149
1482.4500000000	0.0155830840
1482.4600000000	0.0157811259
1482.4700000000	0.0161309192
1482.4800000000	0.0165127198
1482.4900000000	0.0168553138
1482.5000000000	0.0172452451
1482.5100000000	0.0175343878
1482.5200000000	0.0176982061
1482.5300000000	0.0177561435
1482.5400000000	0.0177335236
1482.5500000000	0.0176606993
1482.5600000000	0.0173974602
1482.5700000000	0.0170892363
1482.5800000000	0.0168910916
1482.5900000000	0.0166694821
1482.6000000000	0.0164813260
1482.6100000000	0.0163320732
1482.6200000000	0.0162522748
1482.6300000000	0.0161564384
1482.6400000000	0.0160943341
1482.6500000000	0.0160085709
1482.6600000000	0.0158836011
1482.6700000000	0.0157155748
1482.6800000000	0.0155092828
1482.6900000000	0.0152712136
1482.7000000000	0.0149781493
1482.7100000000	0.0146558129
1482.7200000000	0.0142952925
1482.7300000000	0.0139264032
1482.7400000000	0.0135727481
1482.7500000000	0.0132262185
1482.7600000000	0.0129381133
1482.7700000000	0.0126884264
1482.7800000000	0.0125626797
1482.7900000000	0.0125118271
1482.8000000000	0.0124526400
1482.8100000000	0.0124218306
1482.8200000000	0.0124297392
1482.8300000000	0.0124351737
1482.8400000000	0.0124154378
1482.8500000000	0.0123101487
1482.8600000000	0.0120987355
1482.8700000000	0.0118656607
1482.8800000000	0.0115542555
1482.8900000000	0.0111542383
1482.9000000000	0.0107377726
1482.9100000000	0.0102921121
1482.9200000000	0.0098939863
1482.9300000000	0.0095475018
1482.9400000000	0.0092670982
1482.9500000000	0.0090292246
1482.9600000000	0.0088687992
1482.9700000000	0.0087759014
1482.9800000000	0.0087353967
1482.9900000000	0.0087443360
1483.0000000000	0.0088138757
1483.0100000000	0.0088845153
1483.0200000000	0.0089412437
1483.0300000000	0.0089825717
1483.0400000000	0.0089870507
1483.0500000000	0.0089689735
1483.0600000000	0.0088856667
1483.0700000000	0.0087807651
1483.0800000000	0.0086479316
1483.0900000000	0.0084686215
1483.1000000000	0.0083475378
1483.1100000000	0.0082575531
1483.1200000000	0.0081460448
1483.1300000000	0.0080705900
1483.1400000000	0.0080238215
1483.1500000000	0.0079947531
1483.1600000000	0.0079911770
1483.1700000000	0.0079666402
1483.1800000000	0.0079496200
1483.1900000000	0.0078898603
1483.2000000000	0.0077771188
1483.2100000000	0.0076305608
1483.2200000000	0.0074503246
1483.2300000000	0.0072744673
1483.2400000000	0.0071200636
1483.2500000000	0.0069514589
1483.2600000000	0.0068095562
1483.2700000000	0.0067146809
1483.2800000000	0.0066770670
1483.2900000000	0.0067254789
1483.3000000000	0.0068328994
1483.3100000000	0.0069785521
1483.3200000000	0.0071799111
1483.3300000000	0.0074003679
1483.3400000000	0.0076280875
1483.3500000000	0.0078391120
1483.3600000000	0.0080033063
1483.3700000000	0.0080936059
1483.3800000000	0.0081309807
1483.3900000000	0.0081278253
1483.4000000000	0.0080602214
1483.4100000000	0.0079614862
1483.4200000000	0.0079083171
1483.4300000000	0.0078854211
1483.4400000000	0.0078803369
1483.4500000000	0.0078983816
1483.4600000000	0.0079821299
1483.4700000000	0.0081395619
1483.4800000000	0.0083308159
1483.4900000000	0.0085814277
1483.5000000000	0.0089188432
1483.5100000000	0.0092819404
1483.5200000000	0.0096622462
1483.5300000000	0.0100724958
1483.5400000000	0.0104687093
1483.5500000000	0.0108693198
1483.5600000000	0.0112674199
1483.5700000000	0.0115962817
1483.5800000000	0.0118908309
1483.5900000000	0.0121635930
1483.6000000000	0.0124477575
1483.6100000000	0.0128206119
1483.6200000000	0.0132312496
1483.6300000000	0.0137107697
1483.6400000000	0.0142142287
1483.6500000000	0.0147356128
1483.6600000000	0.0151934133
1483.6700000000	0.0156512122
1483.6800000000	0.0160857554
1483.6900000000	0.0164634591
1483.7000000000	0.0167468693
1483.7100000000	0.0169182060
1483.7200000000	0.0169651986
1483.7300000000	0.0168997857
1483.7400000000	0.0167832766
1483.7500000000	0.0165923430
1483.7600000000	0.0163502850
1483.7700000000	0.0161664432
1483.7800000000	0.0160675560
1483.7900000000	0.0160789672
1483.8000000000	0.0161819423
1483.8100000000	0.0164058153
1483.8200000000	0.0167280680
1483.8300000000	0.0170244161
1483.8400000000	0.0174188447
1483.8500000000	0.0178446755
1483.8600000000	0.0182359925
1483.8700000000	0.0186323240
1483.8800000000	0.0189259242
1483.8900000000	0.0191559721
1483.9000000000	0.0192419969
1483.9100000000	0.0192320266
1483.9200000000	0.0191984045
1483.9300000000	0.0191287935
1483.9400000000	0.0190420306
1483.9500000000	0.0190137936
1483.9600000000	0.0190375875
1483.9700000000	0.0191091529
1483.9800000000	0.0192701770
1483.9900000000	0.0194711763
1484.0000000000	0.0197107250
1484.0100000000	0.0199714712
1484.0200000000	0.0202129554
1484.0300000000	0.0204767826
1484.0400000000	0.0206486390
1484.0500000000	0.0207275617
1484.0600000000	0.0207375550
1484.0700000000	0.0206735520
1484.0800000000	0.0206374374
1484.0900000000	0.0205432069
1484.1000000000	0.0204934341
1484.1100000000	0.0204982772
1484.1200000000	0.0204974384
1484.1300000000	0.0207105226
1484.1400000000	0.0210208490
1484.1500000000	0.0213812995
1484.1600000000	0.0218246672
1484.1700000000	0.0222808843
1484.1800000000	0.0227810051
1484.1900000000	0.0232720447
1484.2000000000	0.0236947964
1484.2100000000	0.0240189649
1484.2200000000	0.0242342594
1484.2300000000	0.0242912199
1484.2400000000	0.0242400962
1484.2500000000	0.0240780319
1484.2600000000	0.0237301106
1484.2700000000	0.0232617117
1484.2800000000	0.0227657105
1484.2900000000	0.0222928987
1484.3000000000	0.0218647016
1484.3100000000	0.0215743667
1484.3200000000	0.0213836514
1484.3300000000	0.0212792438
1484.3400000000	0.0213428603
1484.3500000000	0.0214046911
1484.3600000000	0.0215466636
1484.3700000000	0.0218305698
1484.3800000000	0.0220628250
1484.3900000000	0.0223204632
1484.4000000000	0.0225378867
1484.4100000000	0.0226785739
1484.4200000000	0.0227463110
1484.4300000000	0.0226860491
1484.4400000000	0.0225180401
1484.4500000000	0.0223556240
1484.4600000000	0.0221765928
1484.4700000000	0.0219829494
1484.4800000000	0.0218988099
1484.4900000000	0.0218446245
1484.5000000000	0.0217951844
1484.5100000000	0.0218021361
1484.5200000000	0.0218485582
1484.5300000000	0.0219553767
1484.5400000000	0.0221050017
1484.5500000000	0.0222419636
1484.5600000000	0.0223528796
1484.5700000000	0.0224414448
1484.5800000000	0.0224696674
1484.5900000000	0.0223982803
1484.6000000000	0.0223334054
1484.6100000000	0.0222181759
1484.6200000000	0.0220429761
1484.6300000000	0.0219095009
1484.6400000000	0.0218569107
1484.6500000000	0.0219469167
1484.6600000000	0.0221250389
1484.6700000000	0.0223833369
1484.6800000000	0.0227387448
1484.6900000000	0.0231599955
1484.7000000000	0.0236530532
1484.7100000000	0.0242789887
1484.7200000000	0.0248339249
1484.7300000000	0.0252791463
1484.7400000000	0.0256116384
1484.7500000000	0.0257487336
1484.7600000000	0.0257270755
1484.7700000000	0.0255129817
1484.7800000000	0.0251308987
1484.7900000000	0.0245864979
1484.8000000000	0.0239651922
1484.8100000000	0.0233013393
1484.8200000000	0.0227939796
1484.8300000000	0.0223180783
1484.8400000000	0.0219597719
1484.8500000000	0.0216611724
1484.8600000000	0.0214505842
1484.8700000000	0.0214123307
1484.8800000000	0.0214158860
1484.8900000000	0.0214750186
1484.9000000000	0.0215589998
1484.9100000000	0.0216461264
1484.9200000000	0.0217709021
1484.9300000000	0.0219156881
1484.9400000000	0.0220304260
1484.9500000000	0.0220505255
1484.9600000000	0.0219514715
1484.9700000000	0.0217744143
1484.9800000000	0.0215455038
1484.9900000000	0.0213421366
1485.0000000000	0.0211702226
1485.0100000000	0.0210336215
1485.0200000000	0.0209260725
1485.0300000000	0.0208406886
1485.0400000000	0.0208119910
1485.0500000000	0.0208519967
1485.0600000000	0.0209116821
1485.0700000000	0.0209585105
1485.0800000000	0.0210362533
1485.0900000000	0.0211336497
1485.1000000000	0.0213119615
1485.1100000000	0.0214754940
1485.1200000000	0.0215295309
1485.1300000000	0.0216053609
1485.1400000000	0.0216402795
1485.1500000000	0.0216625484
1485.1600000000	0.0217553312
1485.1700000000	0.0218999548
1485.1800000000	0.0221276195
1485.1900000000	0.0224345311
1485.2000000000	0.0227703762
1485.2100000000	0.0232344996
1485.2200000000	0.0237753147
1485.2300000000	0.0242999236
1485.2400000000	0.0248776487
1485.2500000000	0.0254002825
1485.2600000000	0.0258367183
1485.2700000000	0.0261576106
1485.2800000000	0.0262903930
1485.2900000000	0.0263372519
1485.3000000000	0.0261665429
1485.3100000000	0.0257629678
1485.3200000000	0.0253663137
1485.3300000000	0.0249587594
1485.3400000000	0.0244939248
1485.3500000000	0.0241152046
1485.3600000000	0.0237173936
1485.3700000000	0.0234492064
1485.3800000000	0.0233114907
1485.3900000000	0.0232540187
1485.4000000000	0.0232844767
1485.4100000000	0.0233773190
1485.4200000000	0.0234922530
1485.4300000000	0.0236250177
1485.4400000000	0.0237775334
1485.4500000000	0.0239009482
1485.4600000000	0.0239644265
1485.4700000000	0.0239775450
1485.4800000000	0.0239049639
1485.4900000000	0.0238100419
1485.5000000000	0.0236836069
1485.5100000000	0.0234614692
1485.5200000000	0.0232975661
1485.5300000000	0.0231401082
1485.5400000000	0.0229643378
1485.5500000000	0.0228415083
1485.5600000000	0.0227572393
1485.5700000000	0.0226928618
1485.5800000000	0.0226138919
1485.5900000000	0.0225154549
1485.6000000000	0.0224455502
1485.6100000000	0.0223640571
1485.6200000000	0.0222309080
1485.6300000000	0.0221502420
1485.6400000000	0.0220717132
1485.6500000000	0.0219440869
1485.6600000000	0.0218088526
1485.6700000000	0.0216862344
1485.6800000000	0.0216525877
1485.6900000000	0.0217255570
1485.7000000000	0.0218494603
1485.7100000000	0.0220868586
1485.7200000000	0.0224003467
1485.7300000000	0.0227963051
1485.7400000000	0.0233060571
1485.7500000000	0.0238429626
1485.7600000000	0.0243432806
1485.7700000000	0.0247678231
1485.7800000000	0.0251104520
1485.7900000000	0.0253815915
1485.8000000000	0.0255474149
1485.8100000000	0.0255187439
1485.8200000000	0.0254191808
1485.8300000000	0.0251746174
1485.8400000000	0.0248857733
1485.8500000000	0.0246266471
1485.8600000000	0.0243375924
1485.8700000000	0.0241086252
1485.8800000000	0.0239621359
1485.8900000000	0.0238804907
1485.9000000000	0.0238616887
1485.9100000000	0.0239039279
1485.9200000000	0.0240288625
1485.9300000000	0.0241943893
1485.9400000000	0.0243594543
1485.9500000000	0.0245522773
1485.9600000000	0.0247286181
1485.9700000000	0.0248481349
1485.9800000000	0.0249371144
1485.9900000000	0.0249137828
1486.0000000000	0.0247770810
1486.0100000000	0.0245645651
1486.0200000000	0.0243657898
1486.0300000000	0.0241362496
1486.0400000000	0.0239163000
1486.0500000000	0.0237549349
1486.0600000000	0.0236867195
1486.0700000000	0.0237134076
1486.0800000000	0.0237700622
1486.0900000000	0.0239139492
1486.1000000000	0.0240479654
1486.1100000000	0.0241823300
1486.1200000000	0.0242350416
1486.1300000000	0.0242373839
1486.1400000000	0.0241999975
1486.1500000000	0.0240925989
1486.1600000000	0.0239021759
1486.1700000000	0.0236283980
1486.1800000000	0.0232991525
1486.1900000000	0.0229171355
1486.2000000000	0.0225354024
1486.2100000000	0.0222735041
1486.2200000000	0.0220513320
1486.2300000000	0.0218914645
1486.2400000000	0.0218084605
1486.2500000000	0.0218756705
1486.2600000000	0.0220806280
1486.2700000000	0.0223473757
1486.2800000000	0.0226275749
1486.2900000000	0.0229831900
1486.3000000000	0.0234004341
1486.3100000000	0.0238700668
1486.3200000000	0.0242592208
1486.3300000000	0.0245865214
1486.3400000000	0.0248698651
1486.3500000000	0.0250831557
1486.3600000000	0.0252692191
1486.3700000000	0.0254412540
1486.3800000000	0.0255536569
1486.3900000000	0.0256287116
1486.4000000000	0.0257374502
1486.4100000000	0.0258428871
1486.4200000000	0.0259490888
1486.4300000000	0.0260177621
1486.4400000000	0.0260691916
1486.4500000000	0.0261231868
1486.4600000000	0.0260437652
1486.4700000000	0.0259546334
1486.4800000000	0.0259207385
1486.4900000000	0.0257908581
1486.5000000000	0.0255750795
1486.5100000000	0.0253890065
1486.5200000000	0.0252138787
1486.5300000000	0.0250172972
1486.5400000000	0.0248432216
1486.5500000000	0.0247048984
1486.5600000000	0.0246221183
1486.5700000000	0.0246392340
1486.5800000000	0.0247016578
1486.5900000000	0.0247978987
1486.6000000000	0.0249423063
1486.6100000000	0.0251203527
1486.6200000000	0.0252423919
1486.6300000000	0.0252741231
1486.6400000000	0.0252318976
1486.6500000000	0.0251255270
1486.6600000000	0.0249767281
1486.6700000000	0.0247409832
1486.6800000000	0.0244500748
1486.6900000000	0.0240909744
1486.7000000000	0.0236570678
1486.7100000000	0.0232493126
1486.7200000000	0.0229750197
1486.7300000000	0.0229106591
1486.7400000000	0.0229170593
1486.7500000000	0.0229689601
1486.7600000000	0.0232318365
1486.7700000000	0.0235874530
1486.7800000000	0.0238862115
1486.7900000000	0.0242870090
1486.8000000000	0.0246599699
1486.8100000000	0.0249967862
1486.8200000000	0.0252645906
1486.8300000000	0.0255267352
1486.8400000000	0.0256003697
1486.8500000000	0.0255944054
1486.8600000000	0.0255235288
1486.8700000000	0.0253849174
1486.8800000000	0.0252422635
1486.8900000000	0.0250762084
1486.9000000000	0.0249193728
1486.9100000000	0.0248591145
1486.9200000000	0.0248756636
1486.9300000000	0.0249815846
1486.9400000000	0.0252419104
1486.9500000000	0.0255707151
1486.9600000000	0.0259198059
1486.9700000000	0.0263216710
1486.9800000000	0.0266576419
1486.9900000000	0.0268838552
1487.0000000000	0.0271555937
1487.0100000000	0.0273064033
1487.0200000000	0.0272666705
1487.0300000000	0.0271644656
1487.0400000000	0.0269475278
1487.0500000000	0.0267370680
1487.0600000000	0.0265146538
1487.0700000000	0.0263203087
1487.0800000000	0.0262063106
1487.0900000000	0.0261423623
1487.1000000000	0.0261727668
1487.1100000000	0.0263318793
1487.1200000000	0.0265548574
1487.1300000000	0.0268234483
1487.1400000000	0.0271589637
1487.1500000000	0.0274686467
1487.1600000000	0.0277025869
1487.1700000000	0.0278937199
1487.1800000000	0.0280355848
1487.1900000000	0.0280994374
1487.2000000000	0.0280785628
1487.2100000000	0.0279827641
1487.2200000000	0.0278484038
1487.2300000000	0.0276097573
1487.2400000000	0.0273115423
1487.2500000000	0.0270473873
1487.2600000000	0.0268729729
1487.2700000000	0.0267696023
1487.2800000000	0.0268225181
1487.2900000000	0.0270531373
1487.3000000000	0.0272974951
1487.3100000000	0.0276320605
1487.3200000000	0.0280386148
1487.3300000000	0.0284214561
1487.3400000000	0.0287661466
1487.3500000000	0.0290210132
1487.3600000000	0.0292987666
1487.3700000000	0.0295000945
1487.3800000000	0.0296256550
1487.3900000000	0.0296956744
1487.4000000000	0.0298062191
1487.4100000000	0.0298236664
1487.4200000000	0.0298687629
1487.4300000000	0.0299550005
1487.4400000000	0.0300269007
1487.4500000000	0.0301524004
1487.4600000000	0.0303464756
1487.4700000000	0.0305704398
1487.4800000000	0.0307927301
1487.4900000000	0.0309250154
1487.5000000000	0.0309450412
1487.5100000000	0.0308646255
1487.5200000000	0.0307110884
1487.5300000000	0.0305670888
1487.5400000000	0.0303116234
1487.5500000000	0.0299415607
1487.5600000000	0.0295611284
1487.5700000000	0.0293030008
1487.5800000000	0.0290788402
1487.5900000000	0.0288704323
1487.6000000000	0.0287521764
1487.6100000000	0.0287220500
1487.6200000000	0.0287613440
1487.6300000000	0.0288828055
1487.6400000000	0.0291229670
1487.6500000000	0.0294647661
1487.6600000000	0.0298186397
1487.6700000000	0.0301422880
1487.6800000000	0.0304375309
1487.6900000000	0.0306431235
1487.7000000000	0.0307214489
1487.7100000000	0.0307037531
1487.7200000000	0.0305946057
1487.7300000000	0.0303913699
1487.7400000000	0.0302185840
1487.7500000000	0.0300287234
1487.7600000000	0.0298581359
1487.7700000000	0.0297010920
1487.7800000000	0.0296005951
1487.7900000000	0.0296311909
1487.8000000000	0.0297324326
1487.8100000000	0.0299470793
1487.8200000000	0.0302733201
1487.8300000000	0.0305448507
1487.8400000000	0.0308461460
1487.8500000000	0.0311062053
1487.8600000000	0.0313515276
1487.8700000000	0.0316244002
1487.8800000000	0.0318811439
1487.8900000000	0.0320718211
1487.9000000000	0.0322360987
1487.9100000000	0.0324011887
1487.9200000000	0.0325394057
1487.9300000000	0.0327107420
1487.9400000000	0.0328649985
1487.9500000000	0.0330133454
1487.9600000000	0.0332594967
1487.9700000000	0.0335167497
1487.9800000000	0.0339020396
1487.9900000000	0.0342888085
1488.0000000000	0.0345969551
1488.0100000000	0.0347950695
1488.0200000000	0.0348808092
1488.0300000000	0.0349723512
1488.0400000000	0.0349990213
1488.0500000000	0.0349382172
1488.0600000000	0.0347899773
1488.0700000000	0.0345837587
1488.0800000000	0.0343572046
1488.0900000000	0.0341619478
1488.1000000000	0.0340138201
1488.1100000000	0.0338801842
1488.1200000000	0.0338341241
1488.1300000000	0.0339027701
1488.1400000000	0.0340350911
1488.1500000000	0.0343040863
1488.1600000000	0.0346897712
1488.1700000000	0.0350509756
1488.1800000000	0.0354225008
1488.1900000000	0.0357414578
1488.2000000000	0.0359743728
1488.2100000000	0.0361934122
1488.2200000000	0.0363256686
1488.2300000000	0.0363289874
1488.2400000000	0.0363684661
1488.2500000000	0.0362623834
1488.2600000000	0.0361103873
1488.2700000000	0.0360279314
1488.2800000000	0.0357857447
1488.2900000000	0.0355305553
1488.3000000000	0.0353403390
1488.3100000000	0.0350896999
1488.3200000000	0.0350111795
1488.3300000000	0.0349741632
1488.3400000000	0.0349204904
1488.3500000000	0.0349783866
1488.3600000000	0.0349482685
1488.3700000000	0.0348340856
1488.3800000000	0.0348155387
1488.3900000000	0.0347905832
1488.4000000000	0.0346960142
1488.4100000000	0.0347552666
1488.4200000000	0.0348351678
1488.4300000000	0.0349274564
1488.4400000000	0.0351836405
1488.4500000000	0.0353717057
1488.4600000000	0.0355718439
1488.4700000000	0.0357839253
1488.4800000000	0.0358559666
1488.4900000000	0.0361879579
1488.5000000000	0.0363995773
1488.5100000000	0.0364539193
1488.5200000000	0.0365966340
1488.5300000000	0.0365209334
1488.5400000000	0.0362879920
1488.5500000000	0.0362500206
1488.5600000000	0.0360222363
1488.5700000000	0.0357413207
1488.5800000000	0.0356625231
1488.5900000000	0.0355902950
1488.6000000000	0.0356112962
1488.6100000000	0.0357412624
1488.6200000000	0.0358989132
1488.6300000000	0.0361161900
1488.6400000000	0.0363865578
1488.6500000000	0.0365846927
1488.6600000000	0.0368459148
1488.6700000000	0.0371118475
1488.6800000000	0.0372745141
1488.6900000000	0.0373996590
1488.7000000000	0.0373862594
1488.7100000000	0.0372217008
1488.7200000000	0.0370231896
1488.7300000000	0.0366813813
1488.7400000000	0.0363052979
1488.7500000000	0.0360171121
1488.7600000000	0.0358166700
1488.7700000000	0.0357458726
1488.7800000000	0.0357998293
1488.7900000000	0.0359545703
1488.8000000000	0.0362039884
1488.8100000000	0.0364309434
1488.8200000000	0.0365780743
1488.8300000000	0.0366225860
1488.8400000000	0.0366396142
1488.8500000000	0.0365954828
1488.8600000000	0.0363948238
1488.8700000000	0.0360939062
1488.8800000000	0.0356898643
1488.8900000000	0.0351534009
1488.9000000000	0.0344650216
1488.9100000000	0.0337819530
1488.9200000000	0.0331342417
1488.9300000000	0.0325334812
1488.9400000000	0.0321068883
1488.9500000000	0.0318836165
1488.9600000000	0.0319735039
1488.9700000000	0.0322594438
1488.9800000000	0.0326535799
1488.9900000000	0.0330867083
1489.0000000000	0.0336828391
1489.0100000000	0.0344418794
1489.0200000000	0.0352870381
1489.0300000000	0.0360579869
1489.0400000000	0.0366580234
1489.0500000000	0.0372025297
1489.0600000000	0.0374944758
1489.0700000000	0.0375268836
1489.0800000000	0.0374577665
1489.0900000000	0.0372699162
1489.1000000000	0.0369232670
1489.1100000000	0.0365208257
1489.1200000000	0.0361576087
1489.1300000000	0.0358980464
1489.1400000000	0.0357698996
1489.1500000000	0.0357250268
1489.1600000000	0.0357473029
1489.1700000000	0.0358477366
1489.1800000000	0.0360600837
1489.1900000000	0.0363352741
1489.2000000000	0.0365695638
1489.2100000000	0.0367890188
1489.2200000000	0.0368925728
1489.2300000000	0.0368740938
1489.2400000000	0.0368061249
1489.2500000000	0.0366327100
1489.2600000000	0.0363825653
1489.2700000000	0.0361206857
1489.2800000000	0.0357765500
1489.2900000000	0.0355540021
1489.3000000000	0.0353998386
1489.3100000000	0.0353074414
1489.3200000000	0.0353409102
1489.3300000000	0.0354079322
1489.3400000000	0.0354297263
1489.3500000000	0.0354806242
1489.3600000000	0.0355375521
1489.3700000000	0.0355570428
1489.3800000000	0.0355234182
1489.3900000000	0.0353646439
1489.4000000000	0.0351750987
1489.4100000000	0.0349941322
1489.4200000000	0.0347524419
1489.4300000000	0.0345257154
1489.4400000000	0.0343460120
1489.4500000000	0.0341650971
1489.4600000000	0.0341223971
1489.4700000000	0.0343313528
1489.4800000000	0.0346387417
1489.4900000000	0.0350297783
1489.5000000000	0.0354567241
1489.5100000000	0.0358749329
1489.5200000000	0.0363473573
1489.5300000000	0.0366999021
1489.5400000000	0.0369868314
1489.5500000000	0.0372126161
1489.5600000000	0.0373196583
1489.5700000000	0.0373521638
1489.5800000000	0.0372331644
1489.5900000000	0.0369841140
1489.6000000000	0.0366987588
1489.6100000000	0.0364596494
1489.6200000000	0.0362182749
1489.6300000000	0.0360122065
1489.6400000000	0.0360371995
1489.6500000000	0.0361969308
1489.6600000000	0.0364121917
1489.6700000000	0.0366945484
1489.6800000000	0.0369520587
1489.6900000000	0.0372746955
1489.7000000000	0.0375340481
1489.7100000000	0.0377645781
1489.7200000000	0.0379909032
1489.7300000000	0.0380261019
1489.7400000000	0.0379313395
1489.7500000000	0.0377704285
1489.7600000000	0.0375191164
1489.7700000000	0.0371928461
1489.7800000000	0.0369636230
1489.7900000000	0.0367319447
1489.8000000000	0.0366566891
1489.8100000000	0.0367437478
1489.8200000000	0.0369784372
1489.8300000000	0.0373628912
1489.8400000000	0.0377712445
1489.8500000000	0.0381647202
1489.8600000000	0.0385178069
1489.8700000000	0.0387877969
1489.8800000000	0.0389715338
1489.8900000000	0.0390243647
1489.9000000000	0.0389412514
1489.9100000000	0.0386236863
1489.9200000000	0.0381333287
1489.9300000000	0.0376079478
1489.9400000000	0.0369728082
1489.9500000000	0.0363615428
1489.9600000000	0.0357858472
1489.9700000000	0.0353649186
1489.9800000000	0.0351553846
1489.9900000000	0.0351705720
1490.0000000000	0.0354778334
1490.0100000000	0.0359662312
1490.0200000000	0.0365606359
1490.0300000000	0.0372537830
1490.0400000000	0.0379232599
1490.0500000000	0.0384343653
1490.0600000000	0.0388010441
1490.0700000000	0.0390175476
1490.0800000000	0.0390484185
1490.0900000000	0.0389744645
1490.1000000000	0.0388180791
1490.1100000000	0.0385699816
1490.1200000000	0.0381547839
1490.1300000000	0.0375851146
1490.1400000000	0.0370924135
1490.1500000000	0.0367282179
1490.1600000000	0.0364963037
1490.1700000000	0.0364906075
1490.1800000000	0.0365829842
1490.1900000000	0.0368189484
1490.2000000000	0.0370918880
1490.2100000000	0.0373707868
1490.2200000000	0.0375636812
1490.2300000000	0.0377214561
1490.2400000000	0.0376932390
1490.2500000000	0.0375992519
1490.2600000000	0.0374252246
1490.2700000000	0.0372152119
1490.2800000000	0.0369162123
1490.2900000000	0.0366939513
1490.3000000000	0.0365038858
1490.3100000000	0.0363551176
1490.3200000000	0.0362778200
1490.3300000000	0.0363527895
1490.3400000000	0.0366953864
1490.3500000000	0.0372448990
1490.3600000000	0.0378993167
1490.3700000000	0.0386289864
1490.3800000000	0.0393994115
1490.3900000000	0.0401056401
1490.4000000000	0.0406987571
1490.4100000000	0.0411158614
1490.4200000000	0.0413076160
1490.4300000000	0.0413452721
1490.4400000000	0.0410599170
1490.4500000000	0.0406098264
1490.4600000000	0.0402157045
1490.4700000000	0.0396966577
1490.4800000000	0.0393136355
1490.4900000000	0.0390855688
1490.5000000000	0.0389918284
1490.5100000000	0.0390872618
1490.5200000000	0.0394417844
1490.5300000000	0.0398706559
1490.5400000000	0.0403837271
1490.5500000000	0.0409317496
1490.5600000000	0.0415258521
1490.5700000000	0.0421099229
1490.5800000000	0.0425464140
1490.5900000000	0.0427756500
1490.6000000000	0.0427848552
1490.6100000000	0.0426515683
1490.6200000000	0.0424268766
1490.6300000000	0.0421497235
1490.6400000000	0.0417451319
1490.6500000000	0.0412323979
1490.6600000000	0.0408039562
1490.6700000000	0.0404266857
1490.6800000000	0.0402000287
1490.6900000000	0.0401483921
1490.7000000000	0.0402436395
1490.7100000000	0.0403360401
1490.7200000000	0.0403803861
1490.7300000000	0.0404402909
1490.7400000000	0.0404159867
1490.7500000000	0.0402395968
1490.7600000000	0.0397361691
1490.7700000000	0.0391500363
1490.7800000000	0.0384684828
1490.7900000000	0.0377679835
1490.8000000000	0.0370998949
1490.8100000000	0.0364927240
1490.8200000000	0.0359476144
1490.8300000000	0.0355404977
1490.8400000000	0.0353149632
1490.8500000000	0.0353191651
1490.8600000000	0.0356357180
1490.8700000000	0.0361884643
1490.8800000000	0.0368926242
1490.8900000000	0.0377464783
1490.9000000000	0.0386076925
1490.9100000000	0.0393550153
1490.9200000000	0.0399256088
1490.9300000000	0.0402305327
1490.9400000000	0.0404207108
1490.9500000000	0.0404472509
1490.9600000000	0.0402387655
1490.9700000000	0.0399263290
1490.9800000000	0.0396990815
1490.9900000000	0.0393559808
1491.0000000000	0.0389913168
1491.0100000000	0.0387912210
1491.0200000000	0.0387901665
1491.0300000000	0.0390717589
1491.0400000000	0.0394725409
1491.0500000000	0.0399493914
1491.0600000000	0.0406074596
1491.0700000000	0.0412180132
1491.0800000000	0.0417823957
1491.0900000000	0.0423766158
1491.1000000000	0.0428275511
1491.1100000000	0.0430510752
1491.1200000000	0.0430866317
1491.1300000000	0.0429146647
1491.1400000000	0.0427438544
1491.1500000000	0.0425749535
1491.1600000000	0.0422488648
1491.1700000000	0.0420332030
1491.1800000000	0.0417558445
1491.1900000000	0.0415304115
1491.2000000000	0.0415464185
1491.2100000000	0.0415294915
1491.2200000000	0.0415857726
1491.2300000000	0.0417750832
1491.2400000000	0.0417340826
1491.2500000000	0.0416569017
1491.2600000000	0.0414367750
1491.2700000000	0.0410025034
1491.2800000000	0.0404086219
1491.2900000000	0.0397131992
1491.3000000000	0.0389852778
1491.3100000000	0.0383052551
1491.3200000000	0.0376582885
1491.3300000000	0.0370800361
1491.3400000000	0.0366536485
1491.3500000000	0.0363751954
1491.3600000000	0.0362242207
1491.3700000000	0.0362787489
1491.3800000000	0.0365426621
1491.3900000000	0.0369057664
1491.4000000000	0.0373995455
1491.4100000000	0.0379071967
1491.4200000000	0.0383530722
1491.4300000000	0.0388755498
1491.4400000000	0.0392006575
1491.4500000000	0.0392417137
1491.4600000000	0.0389898611
1491.4700000000	0.0385524413
1491.4800000000	0.0380779958
1491.4900000000	0.0376086850
1491.5000000000	0.0371167946
1491.5100000000	0.0367552692
1491.5200000000	0.0364019470
1491.5300000000	0.0361993462
1491.5400000000	0.0362828387
1491.5500000000	0.0364297355
1491.5600000000	0.0367129708
1491.5700000000	0.0371189047
1491.5800000000	0.0375631437
1491.5900000000	0.0380467875
1491.6000000000	0.0385031411
1491.6100000000	0.0387876098
1491.6200000000	0.0389428905
1491.6300000000	0.0389084178
1491.6400000000	0.0387127676
1491.6500000000	0.0384743166
1491.6600000000	0.0381217888
1491.6700000000	0.0378578085
1491.6800000000	0.0377860697
1491.6900000000	0.0376266021
1491.7000000000	0.0377039353
1491.7100000000	0.0379214389
1491.7200000000	0.0382352709
1491.7300000000	0.0387502170
1491.7400000000	0.0391603794
1491.7500000000	0.0396470692
1491.7600000000	0.0402201217
1491.7700000000	0.0405091944
1491.7800000000	0.0404917619
1491.7900000000	0.0403326993
1491.8000000000	0.0399267029
1491.8100000000	0.0392642167
1491.8200000000	0.0384789309
1491.8300000000	0.0376358221
1491.8400000000	0.0368452744
1491.8500000000	0.0360761791
1491.8600000000	0.0353864612
1491.8700000000	0.0348463378
1491.8800000000	0.0345134994
1491.8900000000	0.0343793166
1491.9000000000	0.0344952731
1491.9100000000	0.0348379195
1491.9200000000	0.0352497589
1491.9300000000	0.0357726029
1491.9400000000	0.0362256356
1491.9500000000	0.0365592641
1491.9600000000	0.0368289704
1491.9700000000	0.0369086551
1491.9800000000	0.0367236573
1491.9900000000	0.0363911725
1492.0000000000	0.0359005486
1492.0100000000	0.0354290185
1492.0200000000	0.0350006293
1492.0300000000	0.0345442994
1492.0400000000	0.0341570737
1492.0500000000	0.0337957131
1492.0600000000	0.0335367337
1492.0700000000	0.0335036883
1492.0800000000	0.0336243713
1492.0900000000	0.0339064105
1492.1000000000	0.0343410152
1492.1100000000	0.0347991192
1492.1200000000	0.0351738925
1492.1300000000	0.0355125893
1492.1400000000	0.0357409470
1492.1500000000	0.0357596887
1492.1600000000	0.0356833239
1492.1700000000	0.0355477168
1492.1800000000	0.0353103242
1492.1900000000	0.0350617029
1492.2000000000	0.0348314204
1492.2100000000	0.0346014468
1492.2200000000	0.0345114003
1492.2300000000	0.0345172389
1492.2400000000	0.0345272857
1492.2500000000	0.0346621816
1492.2600000000	0.0347800818
1492.2700000000	0.0348850895
1492.2800000000	0.0350349188
1492.2900000000	0.0350738599
1492.3000000000	0.0350595732
1492.3100000000	0.0348474664
1492.3200000000	0.0344135292
1492.3300000000	0.0337653372
1492.3400000000	0.0329815890
1492.3500000000	0.0321336786
1492.3600000000	0.0313780034
1492.3700000000	0.0306753037
1492.3800000000	0.0300683590
1492.3900000000	0.0295263249
1492.4000000000	0.0291475343
1492.4100000000	0.0288744109
1492.4200000000	0.0287355305
1492.4300000000	0.0287747227
1492.4400000000	0.0289374289
1492.4500000000	0.0291627059
1492.4600000000	0.0294617466
1492.4700000000	0.0296903659
1492.4800000000	0.0298743689
1492.4900000000	0.0299176483
1492.5000000000	0.0297927970
1492.5100000000	0.0294764838
1492.5200000000	0.0291189299
1492.5300000000	0.0287246965
1492.5400000000	0.0283898314
1492.5500000000	0.0280595202
1492.5600000000	0.0278293035
1492.5700000000	0.0277227951
1492.5800000000	0.0275826254
1492.5900000000	0.0275429209
1492.6000000000	0.0276012863
1492.6100000000	0.0277382712
1492.6200000000	0.0280274500
1492.6300000000	0.0283879775
1492.6400000000	0.0287470760
1492.6500000000	0.0290397523
1492.6600000000	0.0292556754
1492.6700000000	0.0292971006
1492.6800000000	0.0292598670
1492.6900000000	0.0291471061
1492.7000000000	0.0290542521
1492.7100000000	0.0289526702
1492.7200000000	0.0287817589
1492.7300000000	0.0286906187
1492.7400000000	0.0287423083
1492.7500000000	0.0289092616
1492.7600000000	0.0291950682
1492.7700000000	0.0295389886
1492.7800000000	0.0299484515
1492.7900000000	0.0303060042
1492.8000000000	0.0307475802
1492.8100000000	0.0311089448
1492.8200000000	0.0314294491
1492.8300000000	0.0316414989
1492.8400000000	0.0316595932
1492.8500000000	0.0314661522
1492.8600000000	0.0310970347
1492.8700000000	0.0305067290
1492.8800000000	0.0298595954
1492.8900000000	0.0292507959
1492.9000000000	0.0285923412
1492.9100000000	0.0280782664
1492.9200000000	0.0276022025
1492.9300000000	0.0271851373
1492.9400000000	0.0269840968
1492.9500000000	0.0268587056
1492.9600000000	0.0268346711
1492.9700000000	0.0268842305
1492.9800000000	0.0269024686
1492.9900000000	0.0269207430
1493.0000000000	0.0269427482
1493.0100000000	0.0268855432
1493.0200000000	0.0268100969
1493.0300000000	0.0265804754
1493.0400000000	0.0262936131
1493.0500000000	0.0259103858
1493.0600000000	0.0254431144
1493.0700000000	0.0249823081
1493.0800000000	0.0245626956
1493.0900000000	0.0242533329
1493.1000000000	0.0239943156
1493.1100000000	0.0238333358
1493.1200000000	0.0237450672
1493.1300000000	0.0237270469
1493.1400000000	0.0238219866
1493.1500000000	0.0240029379
1493.1600000000	0.0242756398
1493.1700000000	0.0246032658
1493.1800000000	0.0248463994
1493.1900000000	0.0250258547
1493.2000000000	0.0251084025
1493.2100000000	0.0250658239
1493.2200000000	0.0250840860
1493.2300000000	0.0250521062
1493.2400000000	0.0249260022
1493.2500000000	0.0248430896
1493.2600000000	0.0248209850
1493.2700000000	0.0247908330
1493.2800000000	0.0248236299
1493.2900000000	0.0249473981
1493.3000000000	0.0251353802
1493.3100000000	0.0253515956
1493.3200000000	0.0256315367
1493.3300000000	0.0259606247
1493.3400000000	0.0262730367
1493.3500000000	0.0265104989
1493.3600000000	0.0267349275
1493.3700000000	0.0268512505
1493.3800000000	0.0267610579
1493.3900000000	0.0264839944
1493.4000000000	0.0261456300
1493.4100000000	0.0257320465
1493.4200000000	0.0252438980
1493.4300000000	0.0247977891
1493.4400000000	0.0243690159
1493.4500000000	0.0239237002
1493.4600000000	0.0235644132
1493.4700000000	0.0232126057
1493.4800000000	0.0230034466
1493.4900000000	0.0228389692
1493.5000000000	0.0226706960
1493.5100000000	0.0225971817
1493.5200000000	0.0225162263
1493.5300000000	0.0223623443
1493.5400000000	0.0222014216
1493.5500000000	0.0220624151
1493.5600000000	0.0218665245
1493.5700000000	0.0217144174
1493.5800000000	0.0215586014
1493.5900000000	0.0214098895
1493.6000000000	0.0213093731
1493.6100000000	0.0212392936
1493.6200000000	0.0212410646
1493.6300000000	0.0212957287
1493.6400000000	0.0213937970
1493.6500000000	0.0215508565
1493.6600000000	0.0216804092
1493.6700000000	0.0217938805
1493.6800000000	0.0219090953
1493.6900000000	0.0221003316
1493.7000000000	0.0222445416
1493.7100000000	0.0222695457
1493.7200000000	0.0222508253
1493.7300000000	0.0221177467
1493.7400000000	0.0219566375
1493.7500000000	0.0218463235
1493.7600000000	0.0217590385
1493.7700000000	0.0216675471
1493.7800000000	0.0216720334
1493.7900000000	0.0217372705
1493.8000000000	0.0219160463
1493.8100000000	0.0221327458
1493.8200000000	0.0224249286
1493.8300000000	0.0228644511
1493.8400000000	0.0232915711
1493.8500000000	0.0236875042
1493.8600000000	0.0241117706
1493.8700000000	0.0245175546
1493.8800000000	0.0247912513
1493.8900000000	0.0249828912
1493.9000000000	0.0250798863
1493.9100000000	0.0250199391
1493.9200000000	0.0247531452
1493.9300000000	0.0244268208
1493.9400000000	0.0240345407
1493.9500000000	0.0236037796
1493.9600000000	0.0232038774
1493.9700000000	0.0228033592
1493.9800000000	0.0224779143
1493.9900000000	0.0221785638
1494.0000000000	0.0218932217
1494.0100000000	0.0216514569
1494.0200000000	0.0214721078
1494.0300000000	0.0213778945
1494.0400000000	0.0213745867
1494.0500000000	0.0213367109
1494.0600000000	0.0212362230
1494.0700000000	0.0210506074
1494.0800000000	0.0208750816
1494.0900000000	0.0207181551
1494.1000000000	0.0205050719
1494.1100000000	0.0203312913
1494.1200000000	0.0201728361
1494.1300000000	0.0199627900
1494.1400000000	0.0198592839
1494.1500000000	0.0198447619
1494.1600000000	0.0199213748
1494.1700000000	0.0200895041
1494.1800000000	0.0202568094
1494.1900000000	0.0204605584
1494.2000000000	0.0207223587
1494.2100000000	0.0208819534
1494.2200000000	0.0210515986
1494.2300000000	0.0212636233
1494.2400000000	0.0213538402
1494.2500000000	0.0213549243
1494.2600000000	0.0212939887
1494.2700000000	0.0211773626
1494.2800000000	0.0210575760
1494.2900000000	0.0209504753
1494.3000000000	0.0207729088
1494.3100000000	0.0206877831
1494.3200000000	0.0206312902
1494.3300000000	0.0206496902
1494.3400000000	0.0207882220
1494.3500000000	0.0209309880
1494.3600000000	0.0211422365
1494.3700000000	0.0214735742
1494.3800000000	0.0218516675
1494.3900000000	0.0222202990
1494.4000000000	0.0225618678
1494.4100000000	0.0227792804
1494.4200000000	0.0229085014
1494.4300000000	0.0229930884
1494.4400000000	0.0228862262
1494.4500000000	0.0227141515
1494.4600000000	0.0224726871
1494.4700000000	0.0221281744
1494.4800000000	0.0218535445
1494.4900000000	0.0215810434
1494.5000000000	0.0213782588
1494.5100000000	0.0212823732
1494.5200000000	0.0211838145
1494.5300000000	0.0210200748
1494.5400000000	0.0208931289
1494.5500000000	0.0208207793
1494.5600000000	0.0208363435
1494.5700000000	0.0208836207
1494.5800000000	0.0208718130
1494.5900000000	0.0208311593
1494.6000000000	0.0208012701
1494.6100000000	0.0206573718
1494.6200000000	0.0205410692
1494.6300000000	0.0204197628
1494.6400000000	0.0202487340
1494.6500000000	0.0201391202
1494.6600000000	0.0200155100
1494.6700000000	0.0199058346
1494.6800000000	0.0198544642
1494.6900000000	0.0197816424
1494.7000000000	0.0198108287
1494.7100000000	0.0199097749
1494.7200000000	0.0200023274
1494.7300000000	0.0201139638
1494.7400000000	0.0202293526
1494.7500000000	0.0203263795
1494.7600000000	0.0204241343
1494.7700000000	0.0204352060
1494.7800000000	0.0203366193
1494.7900000000	0.0202562919
1494.8000000000	0.0201641987
1494.8100000000	0.0199468101
1494.8200000000	0.0197978791
1494.8300000000	0.0196659190
1494.8400000000	0.0196057828
1494.8500000000	0.0197152377
1494.8600000000	0.0198274289
1494.8700000000	0.0199762144
1494.8800000000	0.0202293485
1494.8900000000	0.0205154006
1494.9000000000	0.0209329991
1494.9100000000	0.0214080388
1494.9200000000	0.0218256426
1494.9300000000	0.0222494906
1494.9400000000	0.0226038330
1494.9500000000	0.0228483345
1494.9600000000	0.0230299967
1494.9700000000	0.0231350726
1494.9800000000	0.0231603443
1494.9900000000	0.0230568971
1495.0000000000	0.0228094429
1495.0100000000	0.0225708496
1495.0200000000	0.0223861260
1495.0300000000	0.0221979602
1495.0400000000	0.0220163952
1495.0500000000	0.0218882148
1495.0600000000	0.0217334596
1495.0700000000	0.0215781583
1495.0800000000	0.0214637403
1495.0900000000	0.0213450703
1495.1000000000	0.0212769202
1495.1100000000	0.0211877102
1495.1200000000	0.0211163032
1495.1300000000	0.0210529387
1495.1400000000	0.0208843565
1495.1500000000	0.0206153554
1495.1600000000	0.0203599476
1495.1700000000	0.0201495220
1495.1800000000	0.0200002213
1495.1900000000	0.0198965911
1495.2000000000	0.0198550776
1495.2100000000	0.0198124276
1495.2200000000	0.0198322191
1495.2300000000	0.0198645894
1495.2400000000	0.0199361011
1495.2500000000	0.0200518831
1495.2600000000	0.0201475057
1495.2700000000	0.0202644576
1495.2800000000	0.0203036411
1495.2900000000	0.0203259967
1495.3000000000	0.0203116592
1495.3100000000	0.0202938163
1495.3200000000	0.0201982260
1495.3300000000	0.0200343928
1495.3400000000	0.0198344360
1495.3500000000	0.0195514094
1495.3600000000	0.0193637439
1495.3700000000	0.0193019970
1495.3800000000	0.0192989550
1495.3900000000	0.0193732802
1495.4000000000	0.0195552042
1495.4100000000	0.0198028239
1495.4200000000	0.0201052925
1495.4300000000	0.0205035358
1495.4400000000	0.0209610105
1495.4500000000	0.0214444790
1495.4600000000	0.0219136081
1495.4700000000	0.0222985709
1495.4800000000	0.0226924098
1495.4900000000	0.0230141266
1495.5000000000	0.0232196828
1495.5100000000	0.0233647266
1495.5200000000	0.0233844719
1495.5300000000	0.0233320553
1495.5400000000	0.0233008878
1495.5500000000	0.0231939791
1495.5600000000	0.0230645130
1495.5700000000	0.0229583093
1495.5800000000	0.0228117133
1495.5900000000	0.0227019688
1495.6000000000	0.0226371555
1495.6100000000	0.0224791911
1495.6200000000	0.0222584846
1495.6300000000	0.0220374218
1495.6400000000	0.0218093388
1495.6500000000	0.0215131899
1495.6600000000	0.0212198469
1495.6700000000	0.0208500389
1495.6800000000	0.0204399512
1495.6900000000	0.0200047473
1495.7000000000	0.0196097778
1495.7100000000	0.0192696254
1495.7200000000	0.0190072148
1495.7300000000	0.0187960644
1495.7400000000	0.0186438121
1495.7500000000	0.0185475448
1495.7600000000	0.0185021080
1495.7700000000	0.0185547374
1495.7800000000	0.0187152862
1495.7900000000	0.0188692453
1495.8000000000	0.0190147583
1495.8100000000	0.0190776660
1495.8200000000	0.0191240990
1495.8300000000	0.0191524805
1495.8400000000	0.0191368081
1495.8500000000	0.0191050661
1495.8600000000	0.0190063378
1495.8700000000	0.0188482480
1495.8800000000	0.0186809627
1495.8900000000	0.0185577452
1495.9000000000	0.0184480866
1495.9100000000	0.0183995939
1495.9200000000	0.0184260955
1495.9300000000	0.0184777824
1495.9400000000	0.0185891638
1495.9500000000	0.0187915630
1495.9600000000	0.0190803922
1495.9700000000	0.0194093306
1495.9800000000	0.0197312457
1495.9900000000	0.0200395155
1496.0000000000	0.0203956929
1496.0100000000	0.0207215849
1496.0200000000	0.0209428632
1496.0300000000	0.0211405288
1496.0400000000	0.0212973414
1496.0500000000	0.0213229230
1496.0600000000	0.0214645016
1496.0700000000	0.0215455435
1496.0800000000	0.0215378167
1496.0900000000	0.0215265462
1496.1000000000	0.0215547539
1496.1100000000	0.0216089091
1496.1200000000	0.0216318653
1496.1300000000	0.0216617128
1496.1400000000	0.0216288182
1496.1500000000	0.0215266102
1496.1600000000	0.0214087678
1496.1700000000	0.0212642205
1496.1800000000	0.0211200996
1496.1900000000	0.0208912704
1496.2000000000	0.0206059043
1496.2100000000	0.0202717134
1496.2200000000	0.0198916796
1496.2300000000	0.0195291013
1496.2400000000	0.0192957133
1496.2500000000	0.0191751716
1496.2600000000	0.0190046011
1496.2700000000	0.0188510479
1496.2800000000	0.0187718241
1496.2900000000	0.0187235045
1496.3000000000	0.0187972036
1496.3100000000	0.0188898773
1496.3200000000	0.0190504120
1496.3300000000	0.0192046908
1496.3400000000	0.0193080988
1496.3500000000	0.0193970918
1496.3600000000	0.0193843951
1496.3700000000	0.0192794074
1496.3800000000	0.0191718720
1496.3900000000	0.0190139720
1496.4000000000	0.0188115414
1496.4100000000	0.0186298538
1496.4200000000	0.0184721126
1496.4300000000	0.0183590443
1496.4400000000	0.0183270430
1496.4500000000	0.0184028025
1496.4600000000	0.0185465531
1496.4700000000	0.0187486792
1496.4800000000	0.0190189341
1496.4900000000	0.0192993595
1496.5000000000	0.0195801044
1496.5100000000	0.0198988551
1496.5200000000	0.0202450952
1496.5300000000	0.0206453121
1496.5400000000	0.0209900404
1496.5500000000	0.0211837674
1496.5600000000	0.0213310494
1496.5700000000	0.0214732281
1496.5800000000	0.0216080500
1496.5900000000	0.0217334996
1496.6000000000	0.0218383037
1496.6100000000	0.0219946692
1496.6200000000	0.0221195824
1496.6300000000	0.0222772855
1496.6400000000	0.0225063028
1496.6500000000	0.0227692351
1496.6600000000	0.0230271021
1496.6700000000	0.0232227541
1496.6800000000	0.0233175761
1496.6900000000	0.0233484376
1496.7000000000	0.0233493411
1496.7100000000	0.0233286098
1496.7200000000	0.0232081353
1496.7300000000	0.0229745672
1496.7400000000	0.0226749075
1496.7500000000	0.0223141429
1496.7600000000	0.0218861626
1496.7700000000	0.0214957095
1496.7800000000	0.0211832218
1496.7900000000	0.0209539128
1496.8000000000	0.0208515829
1496.8100000000	0.0207667351
1496.8200000000	0.0207148332
1496.8300000000	0.0207366462
1496.8400000000	0.0208229208
1496.8500000000	0.0209858649
1496.8600000000	0.0211697677
1496.8700000000	0.0213551960
1496.8800000000	0.0215303362
1496.8900000000	0.0216514005
1496.9000000000	0.0216965561
1496.9100000000	0.0216703036
1496.9200000000	0.0215981739
1496.9300000000	0.0214989860
1496.9400000000	0.0213597576
1496.9500000000	0.0211752318
1496.9600000000	0.0209888843
1496.9700000000	0.0208858272
1496.9800000000	0.0208387143
1496.9900000000	0.0208449679
1497.0000000000	0.0209560167
1497.0100000000	0.0211031637
1497.0200000000	0.0212310567
1497.0300000000	0.0214180845
1497.0400000000	0.0216774319
1497.0500000000	0.0219616871
1497.0600000000	0.0222916407
1497.0700000000	0.0225809454
1497.0800000000	0.0228267090
1497.0900000000	0.0229957094
1497.1000000000	0.0230436213
1497.1100000000	0.0230922846
1497.1200000000	0.0232150607
1497.1300000000	0.0233625682
1497.1400000000	0.0235093529
1497.1500000000	0.0236541048
1497.1600000000	0.0238094314
1497.1700000000	0.0240239549
1497.1800000000	0.0243384586
1497.1900000000	0.0246109497
1497.2000000000	0.0248666107
1497.2100000000	0.0251214986
1497.2200000000	0.0252805752
1497.2300000000	0.0253822333
1497.2400000000	0.0254327431
1497.2500000000	0.0253982979
1497.2600000000	0.0253210536
1497.2700000000	0.0252006326
1497.2800000000	0.0249651386
1497.2900000000	0.0246152349
1497.3000000000	0.0242537909
1497.3100000000	0.0238999113
1497.3200000000	0.0236129936
1497.3300000000	0.0234430218
1497.3400000000	0.0232940494
1497.3500000000	0.0232212330
1497.3600000000	0.0232095437
1497.3700000000	0.0232035591
1497.3800000000	0.0232259297
1497.3900000000	0.0233105932
1497.4000000000	0.0234213758
1497.4100000000	0.0234871988
1497.4200000000	0.0234597302
1497.4300000000	0.0233700292
1497.4400000000	0.0231873211
1497.4500000000	0.0229614462
1497.4600000000	0.0227851659
1497.4700000000	0.0225555161
1497.4800000000	0.0222996711
1497.4900000000	0.0221456634
1497.5000000000	0.0220374628
1497.5100000000	0.0219802386
1497.5200000000	0.0219906696
1497.5300000000	0.0220356072
1497.5400000000	0.0221358666
1497.5500000000	0.0223178932
1497.5600000000	0.0224990181
1497.5700000000	0.0227177491
1497.5800000000	0.0230242627
1497.5900000000	0.0233365996
1497.6000000000	0.0236919408
1497.6100000000	0.0240898473
1497.6200000000	0.0243381547
1497.6300000000	0.0245148009
1497.6400000000	0.0246634183
1497.6500000000	0.0247593966
1497.6600000000	0.0249580971
1497.6700000000	0.0251281806
1497.6800000000	0.0252796815
1497.6900000000	0.0255278805
1497.7000000000	0.0258001984
1497.7100000000	0.0260806433
1497.7200000000	0.0263876640
1497.7300000000	0.0266616728
1497.7400000000	0.0268778225
1497.7500000000	0.0270483673
1497.7600000000	0.0271223069
1497.7700000000	0.0270940657
1497.7800000000	0.0269894488
1497.7900000000	0.0268193466
1497.8000000000	0.0265758257
1497.8100000000	0.0262543247
1497.8200000000	0.0259070290
1497.8300000000	0.0255390759
1497.8400000000	0.0251492271
1497.8500000000	0.0248123455
1497.8600000000	0.0245753299
1497.8700000000	0.0244617968
1497.8800000000	0.0244284373
1497.8900000000	0.0244397429
1497.9000000000	0.0244838401
1497.9100000000	0.0245470564
1497.9200000000	0.0246816364
1497.9300000000	0.0248593916
1497.9400000000	0.0249975471
1497.9500000000	0.0250761469
1497.9600000000	0.0251007251
1497.9700000000	0.0250563903
1497.9800000000	0.0249476957
1497.9900000000	0.0247893543
1498.0000000000	0.0246029468
1498.0100000000	0.0243679066
1498.0200000000	0.0241289776
1498.0300000000	0.0239449423
1498.0400000000	0.0237737370
1498.0500000000	0.0236617841
1498.0600000000	0.0236903976
1498.0700000000	0.0237768133
1498.0800000000	0.0238806853
1498.0900000000	0.0240005738
1498.1000000000	0.0240973524
1498.1100000000	0.0242272555
1498.1200000000	0.0243832097
1498.1300000000	0.0245864879
1498.1400000000	0.0247865913
1498.1500000000	0.0249065912
1498.1600000000	0.0250396300
1498.1700000000	0.0251864293
1498.1800000000	0.0253466146
1498.1900000000	0.0254947841
1498.2000000000	0.0257282064
1498.2100000000	0.0260487160
1498.2200000000	0.0263785063
1498.2300000000	0.0267293971
1498.2400000000	0.0270524517
1498.2500000000	0.0273787987
1498.2600000000	0.0277398820
1498.2700000000	0.0281105338
1498.2800000000	0.0284549060
1498.2900000000	0.0287403632
1498.3000000000	0.0289091673
1498.3100000000	0.0288954439
1498.3200000000	0.0287423095
1498.3300000000	0.0285593438
1498.3400000000	0.0283225804
1498.3500000000	0.0279818433
1498.3600000000	0.0275538283
1498.3700000000	0.0271182385
1498.3800000000	0.0267186813
1498.3900000000	0.0263674161
1498.4000000000	0.0261600554
1498.4100000000	0.0260793847
1498.4200000000	0.0260690473
1498.4300000000	0.0260725865
1498.4400000000	0.0260725865
1498.4500000000	0.0260985468
1498.4600000000	0.0261189286
1498.4700000000	0.0261389141
1498.4800000000	0.0260998242
1498.4900000000	0.0259812100
1498.5000000000	0.0257721787
1498.5100000000	0.0254914832
1498.5200000000	0.0252010118
1498.5300000000	0.0249350604
1498.5400000000	0.0246621541
1498.5500000000	0.0243767692
1498.5600000000	0.0241338603
1498.5700000000	0.0239458685
1498.5800000000	0.0238255525
1498.5900000000	0.0237810356
1498.6000000000	0.0238050143
1498.6100000000	0.0239254878
1498.6200000000	0.0241027446
1498.6300000000	0.0242765227
1498.6400000000	0.0245139234
1498.6500000000	0.0247936455
1498.6600000000	0.0249959225
1498.6700000000	0.0251421950
1498.6800000000	0.0252904171
1498.6900000000	0.0253899200
1498.7000000000	0.0254277188
1498.7100000000	0.0254354944
1498.7200000000	0.0254801244
1498.7300000000	0.0256750993
1498.7400000000	0.0258908441
1498.7500000000	0.0261954380
1498.7600000000	0.0266388026
1498.7700000000	0.0271107508
1498.7800000000	0.0275531331
1498.7900000000	0.0280218765
1498.8000000000	0.0285305817
1498.8100000000	0.0290643415
1498.8200000000	0.0295766333
1498.8300000000	0.0299777726
1498.8400000000	0.0302000262
1498.8500000000	0.0302453683
1498.8600000000	0.0301425642
1498.8700000000	0.0298916872
1498.8800000000	0.0295141371
1498.8900000000	0.0290693863
1498.9000000000	0.0286036966
1498.9100000000	0.0281162697
1498.9200000000	0.0277157028
1498.9300000000	0.0274165152
1498.9400000000	0.0272148042
1498.9500000000	0.0270675126
1498.9600000000	0.0269611051
1498.9700000000	0.0268966755
1498.9800000000	0.0268876363
1498.9900000000	0.0269459088
1499.0000000000	0.0270662726
1499.0100000000	0.0272029036
1499.0200000000	0.0273087115
1499.0300000000	0.0273502297
1499.0400000000	0.0273433140
1499.0500000000	0.0272664058
1499.0600000000	0.0270497370
1499.0700000000	0.0268395369
1499.0800000000	0.0266977882
1499.0900000000	0.0265666669
1499.1000000000	0.0264327952
1499.1100000000	0.0263649413
1499.1200000000	0.0263449543
1499.1300000000	0.0263336766
1499.1400000000	0.0263662370
1499.1500000000	0.0264926731
1499.1600000000	0.0266887067
1499.1700000000	0.0268139731
1499.1800000000	0.0270051266
1499.1900000000	0.0271671273
1499.2000000000	0.0273404102
1499.2100000000	0.0275217967
1499.2200000000	0.0276267239
1499.2300000000	0.0277297544
1499.2400000000	0.0278243507
1499.2500000000	0.0278544784
1499.2600000000	0.0279369171
1499.2700000000	0.0281008527
1499.2800000000	0.0283566303
1499.2900000000	0.0287124185
1499.3000000000	0.0291159928
1499.3100000000	0.0295567535
1499.3200000000	0.0300438582
1499.3300000000	0.0305913032
1499.3400000000	0.0311671043
1499.3500000000	0.0316747576
1499.3600000000	0.0321273169
1499.3700000000	0.0325192505
1499.3800000000	0.0327893162
1499.3900000000	0.0328717819
1499.4000000000	0.0328335585
1499.4100000000	0.0326856182
1499.4200000000	0.0324145699
1499.4300000000	0.0320564510
1499.4400000000	0.0316607381
1499.4500000000	0.0312856970
1499.4600000000	0.0309550152
1499.4700000000	0.0307238766
1499.4800000000	0.0305437768
1499.4900000000	0.0303864025
1499.5000000000	0.0303040658
1499.5100000000	0.0302221637
1499.5200000000	0.0300870723
1499.5300000000	0.0299728232
1499.5400000000	0.0298899302
1499.5500000000	0.0298176911
1499.5600000000	0.0297349418
1499.5700000000	0.0296075846
1499.5800000000	0.0293935961
1499.5900000000	0.0291097784
1499.6000000000	0.0287487365
1499.6100000000	0.0283498909
1499.6200000000	0.0280552714
1499.6300000000	0.0278520549
1499.6400000000	0.0276670071
1499.6500000000	0.0275433903
1499.6600000000	0.0274747636
1499.6700000000	0.0274866149
1499.6800000000	0.0275412340
1499.6900000000	0.0275810567
1499.7000000000	0.0277276579
1499.7100000000	0.0278869110
1499.7200000000	0.0279883584
1499.7300000000	0.0281028755
1499.7400000000	0.0282283596
1499.7500000000	0.0282759453
1499.7600000000	0.0283148478
1499.7700000000	0.0283335775
1499.7800000000	0.0282923540
1499.7900000000	0.0282713215
1499.8000000000	0.0283570265
1499.8100000000	0.0285404127
1499.8200000000	0.0287755764
1499.8300000000	0.0290582202
1499.8400000000	0.0294089455
1499.8500000000	0.0298170048
1499.8600000000	0.0302759246
1499.8700000000	0.0307723482
1499.8800000000	0.0312702638
1499.8900000000	0.0317571916
1499.9000000000	0.0321973095
1499.9100000000	0.0325511761
1499.9200000000	0.0327467846
1499.9300000000	0.0328100614
1499.9400000000	0.0328123359
1499.9500000000	0.0327474698
1499.9600000000	0.0326120028
1499.9700000000	0.0324887583
1499.9800000000	0.0323159868
1499.9900000000	0.0321242590
1500.0000000000	0.0319803703
1500.0100000000	0.0318732625
1500.0200000000	0.0318090427
1500.0300000000	0.0317885051
1500.0400000000	0.0317585773
1500.0500000000	0.0317648179
1500.0600000000	0.0318100118
1500.0700000000	0.0317649626
1500.0800000000	0.0316324150
1500.0900000000	0.0314711864
1500.1000000000	0.0313349070
1500.1100000000	0.0311304009
1500.1200000000	0.0308374291
1500.1300000000	0.0304778174
1500.1400000000	0.0301176944
1500.1500000000	0.0298259452
1500.1600000000	0.0296489938
1500.1700000000	0.0295266136
1500.1800000000	0.0294348283
1500.1900000000	0.0294132435
1500.2000000000	0.0294086191
1500.2100000000	0.0293934039
1500.2200000000	0.0293826090
1500.2300000000	0.0293908122
1500.2400000000	0.0293809961
1500.2500000000	0.0293652686
1500.2600000000	0.0293493134
1500.2700000000	0.0293019984
1500.2800000000	0.0292222400
1500.2900000000	0.0290897087
1500.3000000000	0.0289127084
1500.3100000000	0.0287856060
1500.3200000000	0.0286898335
1500.3300000000	0.0287051375
1500.3400000000	0.0289126144
1500.3500000000	0.0291982378
1500.3600000000	0.0295951333
1500.3700000000	0.0301492911
1500.3800000000	0.0307769361
1500.3900000000	0.0314518058
1500.4000000000	0.0321429925
1500.4100000000	0.0327482949
1500.4200000000	0.0333632874
1500.4300000000	0.0339951017
1500.4400000000	0.0345211545
1500.4500000000	0.0349207630
1500.4600000000	0.0351345850
1500.4700000000	0.0351029217
1500.4800000000	0.0349734477
1500.4900000000	0.0347887150
1500.5000000000	0.0345434567
1500.5100000000	0.0343403848
1500.5200000000	0.0342288916
1500.5300000000	0.0340991222
1500.5400000000	0.0339370716
1500.5500000000	0.0338657998
1500.5600000000	0.0337954609
1500.5700000000	0.0338053071
1500.5800000000	0.0339288583
1500.5900000000	0.0339964436
1500.6000000000	0.0340951171
1500.6100000000	0.0341795994
1500.6200000000	0.0342059739
1500.6300000000	0.0342739106
1500.6400000000	0.0341732135
1500.6500000000	0.0339977479
1500.6600000000	0.0338168076
1500.6700000000	0.0335450283
1500.6800000000	0.0332727124
1500.6900000000	0.0330979035
1500.7000000000	0.0329206322
1500.7100000000	0.0328287172
1500.7200000000	0.0327775551
1500.7300000000	0.0326888320
1500.7400000000	0.0326939078
1500.7500000000	0.0327329579
1500.7600000000	0.0327245689
1500.7700000000	0.0326972846
1500.7800000000	0.0326535286
1500.7900000000	0.0325934887
1500.8000000000	0.0325567077
1500.8100000000	0.0324774297
1500.8200000000	0.0323008230
1500.8300000000	0.0320832541
1500.8400000000	0.0318180163
1500.8500000000	0.0316004181
1500.8600000000	0.0315416606
1500.8700000000	0.0315252569
1500.8800000000	0.0316277671
1500.8900000000	0.0318597137
1500.9000000000	0.0322093850
1500.9100000000	0.0327629721
1500.9200000000	0.0333100917
1500.9300000000	0.0338263188
1500.9400000000	0.0343851311
1500.9500000000	0.0349014426
1500.9600000000	0.0353894398
1500.9700000000	0.0358300503
1500.9800000000	0.0361721415
1500.9900000000	0.0364202808
1501.0000000000	0.0365596931
1501.0100000000	0.0364785110
1501.0200000000	0.0362565564
1501.0300000000	0.0360503536
1501.0400000000	0.0358914482
1501.0500000000	0.0358289434
1501.0600000000	0.0358136065
1501.0700000000	0.0358070532
1501.0800000000	0.0358892531
1501.0900000000	0.0359851715
1501.1000000000	0.0360065151
1501.1100000000	0.0360191025
1501.1200000000	0.0360545576
1501.1300000000	0.0360878102
1501.1400000000	0.0360891277
1501.1500000000	0.0360018086
1501.1600000000	0.0358670186
1501.1700000000	0.0357205216
1501.1800000000	0.0354460867
1501.1900000000	0.0351222316
1501.2000000000	0.0347879202
1501.2100000000	0.0344778585
1501.2200000000	0.0342293425
1501.2300000000	0.0340255478
1501.2400000000	0.0339089383
1501.2500000000	0.0339349567
1501.2600000000	0.0340633669
1501.2700000000	0.0342477617
1501.2800000000	0.0344401750
1501.2900000000	0.0346387334
1501.3000000000	0.0348057984
1501.3100000000	0.0349244836
1501.3200000000	0.0350291949
1501.3300000000	0.0350685987
1501.3400000000	0.0349844846
1501.3500000000	0.0347653573
1501.3600000000	0.0344407139
1501.3700000000	0.0340553413
1501.3800000000	0.0337215997
1501.3900000000	0.0334190148
1501.4000000000	0.0331515096
1501.4100000000	0.0330998893
1501.4200000000	0.0331607929
1501.4300000000	0.0333617301
1501.4400000000	0.0337334415
1501.4500000000	0.0342172275
1501.4600000000	0.0348109475
1501.4700000000	0.0354484716
1501.4800000000	0.0360265585
1501.4900000000	0.0365608820
1501.5000000000	0.0371337393
1501.5100000000	0.0377168661
1501.5200000000	0.0382845423
1501.5300000000	0.0387779660
1501.5400000000	0.0390636345
1501.5500000000	0.0391697920
1501.5600000000	0.0391797324
1501.5700000000	0.0390957678
1501.5800000000	0.0389639680
1501.5900000000	0.0388934487
1501.6000000000	0.0389278850
1501.6100000000	0.0389691881
1501.6200000000	0.0390253311
1501.6300000000	0.0391052079
1501.6400000000	0.0391649519
1501.6500000000	0.0392047613
1501.6600000000	0.0392474964
1501.6700000000	0.0392890362
1501.6800000000	0.0391966090
1501.6900000000	0.0390175792
1501.7000000000	0.0388167186
1501.7100000000	0.0384408247
1501.7200000000	0.0379702059
1501.7300000000	0.0375467399
1501.7400000000	0.0371517646
1501.7500000000	0.0367601600
1501.7600000000	0.0364408757
1501.7700000000	0.0362414045
1501.7800000000	0.0361918427
1501.7900000000	0.0362474835
1501.8000000000	0.0363438560
1501.8100000000	0.0364934802
1501.8200000000	0.0366411412
1501.8300000000	0.0367263997
1501.8400000000	0.0368650423
1501.8500000000	0.0370369397
1501.8600000000	0.0371316737
1501.8700000000	0.0371059448
1501.8800000000	0.0369942768
1501.8900000000	0.0367978092
1501.9000000000	0.0365072976
1501.9100000000	0.0361002855
1501.9200000000	0.0356902957
1501.9300000000	0.0354347457
1501.9400000000	0.0353324285
1501.9500000000	0.0352811427
1501.9600000000	0.0353428062
1501.9700000000	0.0355346523
1501.9800000000	0.0359158257
1501.9900000000	0.0363942916
1502.0000000000	0.0368841379
1502.0100000000	0.0374774191
1502.0200000000	0.0381717401
1502.0300000000	0.0388638249
1502.0400000000	0.0395055439
1502.0500000000	0.0400777596
1502.0600000000	0.0405853009
1502.0700000000	0.0410115425
1502.0800000000	0.0412696948
1502.0900000000	0.0412996099
1502.1000000000	0.0412106929
1502.1100000000	0.0410937086
1502.1200000000	0.0409442722
1502.1300000000	0.0408023021
1502.1400000000	0.0406820900
1502.1500000000	0.0405534077
1502.1600000000	0.0404356030
1502.1700000000	0.0403679409
1502.1800000000	0.0402674058
1502.1900000000	0.0401825742
1502.2000000000	0.0401192157
1502.2100000000	0.0400969835
1502.2200000000	0.0400745423
1502.2300000000	0.0400028524
1502.2400000000	0.0398118634
1502.2500000000	0.0396008741
1502.2600000000	0.0393538264
1502.2700000000	0.0390986833
1502.2800000000	0.0388488953
1502.2900000000	0.0385495323
1502.3000000000	0.0382536860
1502.3100000000	0.0380733262
1502.3200000000	0.0380426291
1502.3300000000	0.0381195188
1502.3400000000	0.0382248079
1502.3500000000	0.0383335853
1502.3600000000	0.0384769820
1502.3700000000	0.0386251138
1502.3800000000	0.0387110330
1502.3900000000	0.0388040068
1502.4000000000	0.0388790379
1502.4100000000	0.0388173337
1502.4200000000	0.0386653922
1502.4300000000	0.0385030485
1502.4400000000	0.0382551021
1502.4500000000	0.0379498193
1502.4600000000	0.0377706798
1502.4700000000	0.0375248001
1502.4800000000	0.0374083336
1502.4900000000	0.0374122494
1502.5000000000	0.0374716149
1502.5100000000	0.0375922402
1502.5200000000	0.0376926928
1502.5300000000	0.0378649016
1502.5400000000	0.0382177206
1502.5500000000	0.0386586320
1502.5600000000	0.0391051859
1502.5700000000	0.0395508848
1502.5800000000	0.0399661405
1502.5900000000	0.0403308438
1502.6000000000	0.0406561352
1502.6100000000	0.0408499140
1502.6200000000	0.0408780677
1502.6300000000	0.0408864187
1502.6400000000	0.0409817652
1502.6500000000	0.0410993589
1502.6600000000	0.0412799219
1502.6700000000	0.0415287048
1502.6800000000	0.0418038767
1502.6900000000	0.0420046740
1502.7000000000	0.0421265665
1502.7100000000	0.0422148344
1502.7200000000	0.0423413144
1502.7300000000	0.0423363247
1502.7400000000	0.0423358770
1502.7500000000	0.0423530688
1502.7600000000	0.0422339422
1502.7700000000	0.0419942065
1502.7800000000	0.0416664409
1502.7900000000	0.0412595951
1502.8000000000	0.0408344974
1502.8100000000	0.0404061211
1502.8200000000	0.0399920532
1502.8300000000	0.0396664607
1502.8400000000	0.0394541400
1502.8500000000	0.0393844359
1502.8600000000	0.0393685130
1502.8700000000	0.0393704287
1502.8800000000	0.0394531445
1502.8900000000	0.0396106374
1502.9000000000	0.0396693521
1502.9100000000	0.0397218577
1502.9200000000	0.0397811352
1502.9300000000	0.0398560028
1502.9400000000	0.0398803813
1502.9500000000	0.0398194630
1502.9600000000	0.0396418326
1502.9700000000	0.0393855125
1502.9800000000	0.0390403756
1502.9900000000	0.0386579305
1503.0000000000	0.0382942351
1503.0100000000	0.0381406713
1503.0200000000	0.0380940904
1503.0300000000	0.0381709593
1503.0400000000	0.0382837061
1503.0500000000	0.0384384004
1503.0600000000	0.0387135715
1503.0700000000	0.0389909449
1503.0800000000	0.0392491402
1503.0900000000	0.0395498474
1503.1000000000	0.0398176338
1503.1100000000	0.0400826112
1503.1200000000	0.0403161622
1503.1300000000	0.0404701819
1503.1400000000	0.0405957063
1503.1500000000	0.0405915974
1503.1600000000	0.0404393701
1503.1700000000	0.0403004975
1503.1800000000	0.0402296860
1503.1900000000	0.0402829678
1503.2000000000	0.0405668285
1503.2100000000	0.0409136002
1503.2200000000	0.0413234490
1503.2300000000	0.0418270120
1503.2400000000	0.0422859104
1503.2500000000	0.0426553863
1503.2600000000	0.0430005194
1503.2700000000	0.0433488692
1503.2800000000	0.0436577143
1503.2900000000	0.0439082345
1503.3000000000	0.0440435568
1503.3100000000	0.0439598230
1503.3200000000	0.0437783493
1503.3300000000	0.0434237041
1503.3400000000	0.0429069179
1503.3500000000	0.0423688212
1503.3600000000	0.0418724174
1503.3700000000	0.0415177723
1503.3800000000	0.0413126484
1503.3900000000	0.0411818147
1503.4000000000	0.0412971553
1503.4100000000	0.0414893043
1503.4200000000	0.0416091463
1503.4300000000	0.0418070260
1503.4400000000	0.0419858021
1503.4500000000	0.0420544375
1503.4600000000	0.0421541237
1503.4700000000	0.0421247055
1503.4800000000	0.0419715122
1503.4900000000	0.0418180125
1503.5000000000	0.0414592238
1503.5100000000	0.0409539718
1503.5200000000	0.0404640588
1503.5300000000	0.0399294131
1503.5400000000	0.0394284326
1503.5500000000	0.0390997320
1503.5600000000	0.0388516395
1503.5700000000	0.0386509513
1503.5800000000	0.0386524150
1503.5900000000	0.0387338262
1503.6000000000	0.0388215956
1503.6100000000	0.0391278039
1503.6200000000	0.0394861925
1503.6300000000	0.0399056688
1503.6400000000	0.0404230885
1503.6500000000	0.0408305848
1503.6600000000	0.0412869390
1503.6700000000	0.0417750360
1503.6800000000	0.0420245924
1503.6900000000	0.0422068175
1503.7000000000	0.0423324830
1503.7100000000	0.0423639237
1503.7200000000	0.0424970790
1503.7300000000	0.0426791469
1503.7400000000	0.0428596580
1503.7500000000	0.0432006861
1503.7600000000	0.0435324750
1503.7700000000	0.0438063110
1503.7800000000	0.0440514968
1503.7900000000	0.0442582351
1503.8000000000	0.0444380746
1503.8100000000	0.0445640137
1503.8200000000	0.0446009362
1503.8300000000	0.0446728839
1503.8400000000	0.0448070165
1503.8500000000	0.0448379589
1503.8600000000	0.0447135658
1503.8700000000	0.0444911683
1503.8800000000	0.0441291846
1503.8900000000	0.0437946942
1503.9000000000	0.0435518627
1503.9100000000	0.0433095641
1503.9200000000	0.0432872158
1503.9300000000	0.0433645156
1503.9400000000	0.0433929777
1503.9500000000	0.0434790810
1503.9600000000	0.0434872868
1503.9700000000	0.0435202103
1503.9800000000	0.0435827619
1503.9900000000	0.0434732181
1504.0000000000	0.0433583391
1504.0100000000	0.0432931048
1504.0200000000	0.0430569865
1504.0300000000	0.0427945577
1504.0400000000	0.0425007316
1504.0500000000	0.0420265621
1504.0600000000	0.0415428454
1504.0700000000	0.0411385917
1504.0800000000	0.0407800774
1504.0900000000	0.0405638497
1504.1000000000	0.0404945233
1504.1100000000	0.0404924459
1504.1200000000	0.0405152105
1504.1300000000	0.0406803027
1504.1400000000	0.0409843160
1504.1500000000	0.0413057279
1504.1600000000	0.0416157138
1504.1700000000	0.0418564782
1504.1800000000	0.0421507847
1504.1900000000	0.0424771472
1504.2000000000	0.0426893788
1504.2100000000	0.0427354641
1504.2200000000	0.0428270808
1504.2300000000	0.0428382045
1504.2400000000	0.0428732512
1504.2500000000	0.0429158397
1504.2600000000	0.0430661439
1504.2700000000	0.0432512754
1504.2800000000	0.0434729949
1504.2900000000	0.0437946759
1504.3000000000	0.0442358058
1504.3100000000	0.0447685623
1504.3200000000	0.0453137532
1504.3300000000	0.0457550943
1504.3400000000	0.0460935416
1504.3500000000	0.0463351338
1504.3600000000	0.0464025691
1504.3700000000	0.0463233476
1504.3800000000	0.0461198164
1504.3900000000	0.0457438227
1504.4000000000	0.0452566343
1504.4100000000	0.0446796345
1504.4200000000	0.0440864229
1504.4300000000	0.0435637482
1504.4400000000	0.0430847731
1504.4500000000	0.0427818734
1504.4600000000	0.0426743136
1504.4700000000	0.0427121117
1504.4800000000	0.0428946973
1504.4900000000	0.0431208064
1504.5000000000	0.0432953605
1504.5100000000	0.0435056342
1504.5200000000	0.0437418921
1504.5300000000	0.0439827925
1504.5400000000	0.0442108198
1504.5500000000	0.0443782038
1504.5600000000	0.0444132220
1504.5700000000	0.0442326582
1504.5800000000	0.0438910341
1504.5900000000	0.0434637752
1504.6000000000	0.0429664134
1504.6100000000	0.0424308946
1504.6200000000	0.0419176017
1504.6300000000	0.0415249456
1504.6400000000	0.0411360325
1504.6500000000	0.0408323735
1504.6600000000	0.0408005350
1504.6700000000	0.0407798217
1504.6800000000	0.0407561083
1504.6900000000	0.0409159702
1504.7000000000	0.0411250718
1504.7100000000	0.0414966696
1504.7200000000	0.0419395112
1504.7300000000	0.0423334252
1504.7400000000	0.0426832667
1504.7500000000	0.0428958700
1504.7600000000	0.0430035720
1504.7700000000	0.0431244807
1504.7800000000	0.0433039259
1504.7900000000	0.0435407962
1504.8000000000	0.0438255594
1504.8100000000	0.0441721661
1504.8200000000	0.0445549976
1504.8300000000	0.0449265623
1504.8400000000	0.0452912990
1504.8500000000	0.0456407836
1504.8600000000	0.0459627206
1504.8700000000	0.0463167655
1504.8800000000	0.0466412706
1504.8900000000	0.0468754238
1504.9000000000	0.0470977902
1504.9100000000	0.0472088607
1504.9200000000	0.0471373350
1504.9300000000	0.0468639569
1504.9400000000	0.0465163178
1504.9500000000	0.0461329942
1504.9600000000	0.0456835394
1504.9700000000	0.0452371287
1504.9800000000	0.0448862552
1504.9900000000	0.0447017653
1505.0000000000	0.0446736376
1505.0100000000	0.0447820066
1505.0200000000	0.0449776496
1505.0300000000	0.0451747752
1505.0400000000	0.0453109725
1505.0500000000	0.0454106251
1505.0600000000	0.0455617553
1505.0700000000	0.0456991802
1505.0800000000	0.0457444107
1505.0900000000	0.0457646065
1505.1000000000	0.0457239365
1505.1100000000	0.0454616618
1505.1200000000	0.0450477307
1505.1300000000	0.0446071930
1505.1400000000	0.0441052066
1505.1500000000	0.0436479816
1505.1600000000	0.0432684098
1505.1700000000	0.0429354590
1505.1800000000	0.0428800377
1505.1900000000	0.0429708554
1505.2000000000	0.0430745451
1505.2100000000	0.0433294823
1505.2200000000	0.0435143345
1505.2300000000	0.0438150382
1505.2400000000	0.0441588343
1505.2500000000	0.0444974806
1505.2600000000	0.0449270101
1505.2700000000	0.0453456366
1505.2800000000	0.0457356566
1505.2900000000	0.0460510841
1505.3000000000	0.0462514514
1505.3100000000	0.0463869092
1505.3200000000	0.0465896899
1505.3300000000	0.0468765758
1505.3400000000	0.0471642587
1505.3500000000	0.0474548451
1505.3600000000	0.0477812349
1505.3700000000	0.0481809628
1505.3800000000	0.0485786104
1505.3900000000	0.0489022884
1505.4000000000	0.0492067298
1505.4100000000	0.0495277866
1505.4200000000	0.0498678285
1505.4300000000	0.0500964436
1505.4400000000	0.0501724791
1505.4500000000	0.0500112157
1505.4600000000	0.0496748214
1505.4700000000	0.0492432772
1505.4800000000	0.0486708183
1505.4900000000	0.0481266383
1505.5000000000	0.0475850659
1505.5100000000	0.0470540194
1505.5200000000	0.0465882113
1505.5300000000	0.0462470521
1505.5400000000	0.0459986873
1505.5500000000	0.0458074672
1505.5600000000	0.0456485984
1505.5700000000	0.0454933576
1505.5800000000	0.0453991532
1505.5900000000	0.0454032386
1505.6000000000	0.0454919268
1505.6100000000	0.0456429083
1505.6200000000	0.0457316753
1505.6300000000	0.0457776464
1505.6400000000	0.0456987316
1505.6500000000	0.0453930287
1505.6600000000	0.0449711920
1505.6700000000	0.0445162652
1505.6800000000	0.0441303077
1505.6900000000	0.0437340487
1505.7000000000	0.0434013682
1505.7100000000	0.0431869788
1505.7200000000	0.0430628621
1505.7300000000	0.0430139008
1505.7400000000	0.0430250876
1505.7500000000	0.0430902783
1505.7600000000	0.0431828442
1505.7700000000	0.0432605845
1505.7800000000	0.0433959182
1505.7900000000	0.0436479940
1505.8000000000	0.0439449149
1505.8100000000	0.0442546958
1505.8200000000	0.0445417053
1505.8300000000	0.0447188188
1505.8400000000	0.0448664639
1505.8500000000	0.0450056716
1505.8600000000	0.0451029596
1505.8700000000	0.0452328477
1505.8800000000	0.0454748808
1505.8900000000	0.0458470058
1505.9000000000	0.0463236067
1505.9100000000	0.0467634337
1505.9200000000	0.0471450126
1505.9300000000	0.0474823456
1505.9400000000	0.0477793611
1505.9500000000	0.0481057605
1505.9600000000	0.0484931217
1505.9700000000	0.0488296955
1505.9800000000	0.0490495643
1505.9900000000	0.0491634091
1506.0000000000	0.0490533703
1506.0100000000	0.0488656058
1506.0200000000	0.0486531038
1506.0300000000	0.0483517234
1506.0400000000	0.0479586538
1506.0500000000	0.0475703176
1506.0600000000	0.0473167593
1506.0700000000	0.0472580791
1506.0800000000	0.0473507271
1506.0900000000	0.0474821704
1506.1000000000	0.0476103812
1506.1100000000	0.0477241004
1506.1200000000	0.0477724243
1506.1300000000	0.0478019787
1506.1400000000	0.0478180675
1506.1500000000	0.0477253697
1506.1600000000	0.0476536778
1506.1700000000	0.0474868931
1506.1800000000	0.0472129449
1506.1900000000	0.0469139724
1506.2000000000	0.0465630665
1506.2100000000	0.0461522433
1506.2200000000	0.0457319923
1506.2300000000	0.0453384322
1506.2400000000	0.0449849470
1506.2500000000	0.0448131306
1506.2600000000	0.0447643111
1506.2700000000	0.0447670613
1506.2800000000	0.0448492971
1506.2900000000	0.0448655246
1506.3000000000	0.0448108716
1506.3100000000	0.0448484729
1506.3200000000	0.0449453668
1506.3300000000	0.0450323355
1506.3400000000	0.0451281279
1506.3500000000	0.0451385656
1506.3600000000	0.0450843913
1506.3700000000	0.0450952244
1506.3800000000	0.0450579579
1506.3900000000	0.0449765825
1506.4000000000	0.0449819286
1506.4100000000	0.0451362221
1506.4200000000	0.0455189045
1506.4300000000	0.0460922627
1506.4400000000	0.0466674752
1506.4500000000	0.0472743993
1506.4600000000	0.0478888239
1506.4700000000	0.0483942792
1506.4800000000	0.0488813966
1506.4900000000	0.0494427446
1506.5000000000	0.0499284652
1506.5100000000	0.0502541118
1506.5200000000	0.0504170759
1506.5300000000	0.0503898445
1506.5400000000	0.0502294836
1506.5500000000	0.0499519426
1506.5600000000	0.0495382495
1506.5700000000	0.0490805521
1506.5800000000	0.0486159921
1506.5900000000	0.0481501512
1506.6000000000	0.0478040599
1506.6100000000	0.0476600488
1506.6200000000	0.0476072281
1506.6300000000	0.0475767457
1506.6400000000	0.0476316871
1506.6500000000	0.0477438201
1506.6600000000	0.0479264032
1506.6700000000	0.0481041775
1506.6800000000	0.0482409685
1506.6900000000	0.0482759584
1506.7000000000	0.0481650153
1506.7100000000	0.0478810963
1506.7200000000	0.0474274029
1506.7300000000	0.0469407135
1506.7400000000	0.0463859979
1506.7500000000	0.0457454681
1506.7600000000	0.0451597186
1506.7700000000	0.0446279886
1506.7800000000	0.0441682641
1506.7900000000	0.0438464667
1506.8000000000	0.0436069403
1506.8100000000	0.0433111744
1506.8200000000	0.0430402038
1506.8300000000	0.0429287368
1506.8400000000	0.0428107454
1506.8500000000	0.0427400019
1506.8600000000	0.0427854925
1506.8700000000	0.0427480386
1506.8800000000	0.0426680455
1506.8900000000	0.0426670358
1506.9000000000	0.0425568664
1506.9100000000	0.0423662720
1506.9200000000	0.0421518156
1506.9300000000	0.0419155439
1506.9400000000	0.0419035649
1506.9500000000	0.0420166503
1506.9600000000	0.0422486026
1506.9700000000	0.0427577023
1506.9800000000	0.0432799441
1506.9900000000	0.0437395965
1507.0000000000	0.0443130892
1507.0100000000	0.0449052273
1507.0200000000	0.0455371827
1507.0300000000	0.0462715801
1507.0400000000	0.0470075674
1507.0500000000	0.0476427234
1507.0600000000	0.0482052721
1507.0700000000	0.0486436572
1507.0800000000	0.0488367360
1507.0900000000	0.0489070320
1507.1000000000	0.0487790234
1507.1100000000	0.0485071195
1507.1200000000	0.0482936822
1507.1300000000	0.0480690777
1507.1400000000	0.0479480707
1507.1500000000	0.0479284669
1507.1600000000	0.0478909739
1507.1700000000	0.0478827799
1507.1800000000	0.0478991156
1507.1900000000	0.0478931715
1507.2000000000	0.0481033604
1507.2100000000	0.0483586257
1507.2200000000	0.0485180461
1507.2300000000	0.0487708692
1507.2400000000	0.0489555586
1507.2500000000	0.0489443516
1507.2600000000	0.0488403116
1507.2700000000	0.0486489524
1507.2800000000	0.0484160171
1507.2900000000	0.0481316945
1507.3000000000	0.0478084163
1507.3100000000	0.0475586072
1507.3200000000	0.0473852951
1507.3300000000	0.0471708596
1507.3400000000	0.0469197530
1507.3500000000	0.0467061882
1507.3600000000	0.0464790703
1507.3700000000	0.0462609250
1507.3800000000	0.0460651291
1507.3900000000	0.0458229148
1507.4000000000	0.0455689631
1507.4100000000	0.0452863483
1507.4200000000	0.0449647062
1507.4300000000	0.0446596202
1507.4400000000	0.0442733589
1507.4500000000	0.0439072870
1507.4600000000	0.0434703992
1507.4700000000	0.0431044366
1507.4800000000	0.0428736404
1507.4900000000	0.0428230447
1507.5000000000	0.0428905379
1507.5100000000	0.0430703264
1507.5200000000	0.0433621922
1507.5300000000	0.0436242792
1507.5400000000	0.0439339841
1507.5500000000	0.0443233936
1507.5600000000	0.0447669427
1507.5700000000	0.0452134947
1507.5800000000	0.0456256811
1507.5900000000	0.0460169856
1507.6000000000	0.0463606646
1507.6100000000	0.0465646689
1507.6200000000	0.0465427278
1507.6300000000	0.0463112737
1507.6400000000	0.0459587309
1507.6500000000	0.0455499341
1507.6600000000	0.0451363801
1507.6700000000	0.0448296181
1507.6800000000	0.0446986416
1507.6900000000	0.0446715005
1507.7000000000	0.0446583565
1507.7100000000	0.0446494522
1507.7200000000	0.0446876337
1507.7300000000	0.0447855276
1507.7400000000	0.0448857132
1507.7500000000	0.0451356391
1507.7600000000	0.0455037721
1507.7700000000	0.0457463840
1507.7800000000	0.0459630757
1507.7900000000	0.0461168895
1507.8000000000	0.0460687555
1507.8100000000	0.0458324019
1507.8200000000	0.0454862709
1507.8300000000	0.0450410081
1507.8400000000	0.0446185278
1507.8500000000	0.0443227034
1507.8600000000	0.0440709571
1507.8700000000	0.0439029809
1507.8800000000	0.0438265603
1507.8900000000	0.0437187041
1507.9000000000	0.0437592514
1507.9100000000	0.0438624804
1507.9200000000	0.0439698020
1507.9300000000	0.0441312257
1507.9400000000	0.0443052963
1507.9500000000	0.0444620855
1507.9600000000	0.0445960213
1507.9700000000	0.0446784062
1507.9800000000	0.0446963936
1507.9900000000	0.0445977195
1508.0000000000	0.0444192985
1508.0100000000	0.0442243374
1508.0200000000	0.0441700353
1508.0300000000	0.0441247738
1508.0400000000	0.0441744174
1508.0500000000	0.0442622841
1508.0600000000	0.0444114339
1508.0700000000	0.0446404365
1508.0800000000	0.0449667389
1508.0900000000	0.0453383524
1508.1000000000	0.0456625481
1508.1100000000	0.0459725072
1508.1200000000	0.0463014549
1508.1300000000	0.0465989369
1508.1400000000	0.0468125933
1508.1500000000	0.0469798020
1508.1600000000	0.0470982400
1508.1700000000	0.0469676278
1508.1800000000	0.0467160269
1508.1900000000	0.0465235785
1508.2000000000	0.0463044481
1508.2100000000	0.0461407232
1508.2200000000	0.0461035391
1508.2300000000	0.0461451372
1508.2400000000	0.0461808205
1508.2500000000	0.0462432807
1508.2600000000	0.0463663765
1508.2700000000	0.0465247082
1508.2800000000	0.0466971725
1508.2900000000	0.0468593285
1508.3000000000	0.0470272437
1508.3100000000	0.0471835642
1508.3200000000	0.0472855332
1508.3300000000	0.0472857504
1508.3400000000	0.0471341918
1508.3500000000	0.0468486624
1508.3600000000	0.0464663733
1508.3700000000	0.0460363295
1508.3800000000	0.0456191669
1508.3900000000	0.0452629797
1508.4000000000	0.0449758554
1508.4100000000	0.0446960526
1508.4200000000	0.0444638356
1508.4300000000	0.0443323068
1508.4400000000	0.0441818482
1508.4500000000	0.0441330119
1508.4600000000	0.0441507093
1508.4700000000	0.0441913245
1508.4800000000	0.0442943089
1508.4900000000	0.0444367487
1508.5000000000	0.0444543402
1508.5100000000	0.0442856832
1508.5200000000	0.0440152511
1508.5300000000	0.0435805081
1508.5400000000	0.0431499369
1508.5500000000	0.0427810621
1508.5600000000	0.0425008692
1508.5700000000	0.0422357644
1508.5800000000	0.0420456307
1508.5900000000	0.0419832354
1508.6000000000	0.0420621777
1508.6100000000	0.0422602336
1508.6200000000	0.0425453663
1508.6300000000	0.0429794381
1508.6400000000	0.0435205942
1508.6500000000	0.0440730911
1508.6600000000	0.0446964209
1508.6700000000	0.0452992156
1508.6800000000	0.0457639598
1508.6900000000	0.0460456666
1508.7000000000	0.0461456354
1508.7100000000	0.0461266630
1508.7200000000	0.0459105524
1508.7300000000	0.0455523862
1508.7400000000	0.0452354299
1508.7500000000	0.0449611698
1508.7600000000	0.0447045179
1508.7700000000	0.0445266205
1508.7800000000	0.0444190757
1508.7900000000	0.0443859839
1508.8000000000	0.0444071298
1508.8100000000	0.0444969032
1508.8200000000	0.0446388367
1508.8300000000	0.0448462027
1508.8400000000	0.0451196995
1508.8500000000	0.0454371704
1508.8600000000	0.0457097805
1508.8700000000	0.0458665970
1508.8800000000	0.0459313553
1508.8900000000	0.0458403416
1508.9000000000	0.0455079024
1508.9100000000	0.0450550645
1508.9200000000	0.0446545696
1508.9300000000	0.0441786837
1508.9400000000	0.0436526246
1508.9500000000	0.0431807686
1508.9600000000	0.0427608233
1508.9700000000	0.0424186286
1508.9800000000	0.0421193095
1508.9900000000	0.0419078626
1509.0000000000	0.0417526042
1509.0100000000	0.0416130046
1509.0200000000	0.0416211826
1509.0300000000	0.0417212133
1509.0400000000	0.0417163240
1509.0500000000	0.0416543067
1509.0600000000	0.0414999234
1509.0700000000	0.0412438191
1509.0800000000	0.0409595233
1509.0900000000	0.0406428341
1509.1000000000	0.0402796485
1509.1100000000	0.0399440770
1509.1200000000	0.0396412927
1509.1300000000	0.0394102715
1509.1400000000	0.0392799957
1509.1500000000	0.0392453029
1509.1600000000	0.0393266095
1509.1700000000	0.0395592965
1509.1800000000	0.0400123764
1509.1900000000	0.0406042815
1509.2000000000	0.0412763857
1509.2100000000	0.0419391743
1509.2200000000	0.0425389443
1509.2300000000	0.0430405789
1509.2400000000	0.0433019508
1509.2500000000	0.0433781798
1509.2600000000	0.0433698841
1509.2700000000	0.0431592779
1509.2800000000	0.0429491867
1509.2900000000	0.0427376859
1509.3000000000	0.0425251771
1509.3100000000	0.0423426237
1509.3200000000	0.0421463239
1509.3300000000	0.0419513703
1509.3400000000	0.0418055729
1509.3500000000	0.0417389915
1509.3600000000	0.0417924703
1509.3700000000	0.0419396310
1509.3800000000	0.0421112921
1509.3900000000	0.0422963507
1509.4000000000	0.0425205665
1509.4100000000	0.0426860787
1509.4200000000	0.0426831308
1509.4300000000	0.0425056808
1509.4400000000	0.0422442627
1509.4500000000	0.0419668938
1509.4600000000	0.0416542269
1509.4700000000	0.0412928342
1509.4800000000	0.0409384232
1509.4900000000	0.0406157638
1509.5000000000	0.0403011006
1509.5100000000	0.0401377113
1509.5200000000	0.0399320212
1509.5300000000	0.0396995974
1509.5400000000	0.0396458213
1509.5500000000	0.0396445696
1509.5600000000	0.0396119380
1509.5700000000	0.0396155956
1509.5800000000	0.0395431761
1509.5900000000	0.0392966515
1509.6000000000	0.0389596322
1509.6100000000	0.0385408990
1509.6200000000	0.0379506826
1509.6300000000	0.0372957856
1509.6400000000	0.0366376088
1509.6500000000	0.0360229381
1509.6600000000	0.0355441779
1509.6700000000	0.0351465451
1509.6800000000	0.0347979544
1509.6900000000	0.0345621675
1509.7000000000	0.0344778464
1509.7100000000	0.0345628528
1509.7200000000	0.0347856858
1509.7300000000	0.0352072660
1509.7400000000	0.0357980739
1509.7500000000	0.0364622706
1509.7600000000	0.0371108225
1509.7700000000	0.0377283617
1509.7800000000	0.0382984011
1509.7900000000	0.0386494653
1509.8000000000	0.0388946172
1509.8100000000	0.0390012458
1509.8200000000	0.0389196991
1509.8300000000	0.0388513344
1509.8400000000	0.0387478763
1509.8500000000	0.0385457386
1509.8600000000	0.0383198306
1509.8700000000	0.0381077916
1509.8800000000	0.0379463150
1509.8900000000	0.0378861077
1509.9000000000	0.0378599825
1509.9100000000	0.0378646567
1509.9200000000	0.0380297435
1509.9300000000	0.0382768386
1509.9400000000	0.0385265880
1509.9500000000	0.0387424839
1509.9600000000	0.0387137855
1509.9700000000	0.0386331785
1509.9800000000	0.0385005923
1509.9900000000	0.0381775135
1510.0000000000	0.0378796088
1510.0100000000	0.0375594958
1510.0200000000	0.0371469970
1510.0300000000	0.0369113057
1510.0400000000	0.0367429420
1510.0500000000	0.0364620305
1510.0600000000	0.0362777095
1510.0700000000	0.0361309025
1510.0800000000	0.0358999236
1510.0900000000	0.0358097126
1510.1000000000	0.0357944640
1510.1100000000	0.0356663402
1510.1200000000	0.0355587631
1510.1300000000	0.0354389728
1510.1400000000	0.0351815863
1510.1500000000	0.0348202633
1510.1600000000	0.0342825976
1510.1700000000	0.0336287697
1510.1800000000	0.0330732717
1510.1900000000	0.0324568101
1510.2000000000	0.0318559942
1510.2100000000	0.0313911376
1510.2200000000	0.0309833830
1510.2300000000	0.0307279887
1510.2400000000	0.0305582759
1510.2500000000	0.0304401756
1510.2600000000	0.0305249268
1510.2700000000	0.0307383963
1510.2800000000	0.0310066661
1510.2900000000	0.0313191393
1510.3000000000	0.0316577250
1510.3100000000	0.0319937893
1510.3200000000	0.0323027409
1510.3300000000	0.0325368582
1510.3400000000	0.0326822611
1510.3500000000	0.0327736535
1510.3600000000	0.0328193864
1510.3700000000	0.0327821617
1510.3800000000	0.0327570251
1510.3900000000	0.0327281645
1510.4000000000	0.0326434085
1510.4100000000	0.0326180557
1510.4200000000	0.0326229419
1510.4300000000	0.0326764680
1510.4400000000	0.0328178073
1510.4500000000	0.0330195959
1510.4600000000	0.0332416593
1510.4700000000	0.0334228189
1510.4800000000	0.0335591643
1510.4900000000	0.0335990597
1510.5000000000	0.0335601521
1510.5100000000	0.0333399770
1510.5200000000	0.0331064584
1510.5300000000	0.0327538621
1510.5400000000	0.0323590677
1510.5500000000	0.0319271969
1510.5600000000	0.0315765779
1510.5700000000	0.0312835397
1510.5800000000	0.0310167655
1510.5900000000	0.0308502267
1510.6000000000	0.0307498802
1510.6100000000	0.0306962720
1510.6200000000	0.0307558043
1510.6300000000	0.0308904238
1510.6400000000	0.0310397016
1510.6500000000	0.0312011107
1510.6600000000	0.0313329565
1510.6700000000	0.0313694766
1510.6800000000	0.0313030344
1510.6900000000	0.0310947495
1510.7000000000	0.0307096930
1510.7100000000	0.0302292670
1510.7200000000	0.0296086642
1510.7300000000	0.0290402690
1510.7400000000	0.0284973921
1510.7500000000	0.0279561158
1510.7600000000	0.0275054872
1510.7700000000	0.0271207266
1510.7800000000	0.0268405216
1510.7900000000	0.0266959680
1510.8000000000	0.0267046758
1510.8100000000	0.0268047258
1510.8200000000	0.0269911951
1510.8300000000	0.0272311889
1510.8400000000	0.0274690827
1510.8500000000	0.0277058984
1510.8600000000	0.0279043045
1510.8700000000	0.0280109390
1510.8800000000	0.0280649655
1510.8900000000	0.0280798619
1510.9000000000	0.0280740844
1510.9100000000	0.0280755943
1510.9200000000	0.0280283231
1510.9300000000	0.0279904896
1510.9400000000	0.0280052125
1510.9500000000	0.0279836841
1510.9600000000	0.0279604610
1510.9700000000	0.0280070173
1510.9800000000	0.0280850950
1510.9900000000	0.0281707614
1511.0000000000	0.0282590729
1511.0100000000	0.0283222774
1511.0200000000	0.0283227831
1511.0300000000	0.0282200665
1511.0400000000	0.0280826027
1511.0500000000	0.0279011926
1511.0600000000	0.0276659861
1511.0700000000	0.0273595353
1511.0800000000	0.0270642444
1511.0900000000	0.0268252334
1511.1000000000	0.0266186635
1511.1100000000	0.0264595880
1511.1200000000	0.0263559490
1511.1300000000	0.0262784355
1511.1400000000	0.0262899643
1511.1500000000	0.0264222225
1511.1600000000	0.0265635529
1511.1700000000	0.0267693442
1511.1800000000	0.0270376532
1511.1900000000	0.0272926351
1511.2000000000	0.0274340130
1511.2100000000	0.0274436103
1511.2200000000	0.0273054891
1511.2300000000	0.0269927909
1511.2400000000	0.0264892671
1511.2500000000	0.0259045385
1511.2600000000	0.0252837433
1511.2700000000	0.0246212092
1511.2800000000	0.0240288764
1511.2900000000	0.0235145581
1511.3000000000	0.0230615298
1511.3100000000	0.0226794194
1511.3200000000	0.0224452049
1511.3300000000	0.0223774868
1511.3400000000	0.0223700048
1511.3500000000	0.0224180093
1511.3600000000	0.0225407835
1511.3700000000	0.0227311010
1511.3800000000	0.0229972788
1511.3900000000	0.0232307646
1511.4000000000	0.0233523751
1511.4100000000	0.0234421609
1511.4200000000	0.0234732533
1511.4300000000	0.0233838654
1511.4400000000	0.0232650523
1511.4500000000	0.0231441239
1511.4600000000	0.0230319645
1511.4700000000	0.0229066870
1511.4800000000	0.0228177088
1511.4900000000	0.0227741693
1511.5000000000	0.0227668085
1511.5100000000	0.0227756771
1511.5200000000	0.0228209517
1511.5300000000	0.0228981815
1511.5400000000	0.0229479785
1511.5500000000	0.0229486661
1511.5600000000	0.0228785509
1511.5700000000	0.0227741865
1511.5800000000	0.0226371816
1511.5900000000	0.0224336111
1511.6000000000	0.0221661788
1511.6100000000	0.0218783962
1511.6200000000	0.0216233671
1511.6300000000	0.0213796648
1511.6400000000	0.0211828316
1511.6500000000	0.0210528484
1511.6600000000	0.0209902404
1511.6700000000	0.0210529955
1511.6800000000	0.0211720825
1511.6900000000	0.0213490622
1511.7000000000	0.0215968633
1511.7100000000	0.0218467740
1511.7200000000	0.0221185871
1511.7300000000	0.0223862244
1511.7400000000	0.0226035212
1511.7500000000	0.0226829943
1511.7600000000	0.0226383931
1511.7700000000	0.0224985268
1511.7800000000	0.0222521990
1511.7900000000	0.0218729409
1511.8000000000	0.0214652428
1511.8100000000	0.0211171967
1511.8200000000	0.0207442204
1511.8300000000	0.0203823212
1511.8400000000	0.0201187547
1511.8500000000	0.0199678695
1511.8600000000	0.0198972653
1511.8700000000	0.0198599362
1511.8800000000	0.0198567478
1511.8900000000	0.0199418346
1511.9000000000	0.0200730089
1511.9100000000	0.0201453496
1511.9200000000	0.0202028474
1511.9300000000	0.0202685024
1511.9400000000	0.0202372680
1511.9500000000	0.0201006895
1511.9600000000	0.0198735279
1511.9700000000	0.0196204675
1511.9800000000	0.0193517381
1511.9900000000	0.0191521664
1512.0000000000	0.0189980848
1512.0100000000	0.0189277070
1512.0200000000	0.0189453353
1512.0300000000	0.0190397143
1512.0400000000	0.0192138885
1512.0500000000	0.0194466473
1512.0600000000	0.0197074540
1512.0700000000	0.0199741803
1512.0800000000	0.0202407731
1512.0900000000	0.0204615166
1512.1000000000	0.0206064854
1512.1100000000	0.0206201531
1512.1200000000	0.0205734362
1512.1300000000	0.0204269871
1512.1400000000	0.0201858807
1512.1500000000	0.0199104548
1512.1600000000	0.0196035233
1512.1700000000	0.0193827893
1512.1800000000	0.0192420193
1512.1900000000	0.0191872172
1512.2000000000	0.0192096313
1512.2100000000	0.0193840960
1512.2200000000	0.0197004666
1512.2300000000	0.0200710575
1512.2400000000	0.0204954614
1512.2500000000	0.0209391150
1512.2600000000	0.0213640241
1512.2700000000	0.0216809908
1512.2800000000	0.0219140412
1512.2900000000	0.0221299202
1512.3000000000	0.0221729711
1512.3100000000	0.0220963530
1512.3200000000	0.0220409739
1512.3300000000	0.0219521586
1512.3400000000	0.0217751538
1512.3500000000	0.0216097592
1512.3600000000	0.0215119591
1512.3700000000	0.0214835779
1512.3800000000	0.0215482123
1512.3900000000	0.0216920937
1512.4000000000	0.0219360241
1512.4100000000	0.0222590816
1512.4200000000	0.0226135061
1512.4300000000	0.0229886294
1512.4400000000	0.0233693869
1512.4500000000	0.0236806026
1512.4600000000	0.0239522694
1512.4700000000	0.0242133176
1512.4800000000	0.0243521830
1512.4900000000	0.0243818764
1512.5000000000	0.0243108410
1512.5100000000	0.0241728172
1512.5200000000	0.0240444636
1512.5300000000	0.0239157086
1512.5400000000	0.0238317099
1512.5500000000	0.0239113831
1512.5600000000	0.0241595054
1512.5700000000	0.0245149931
1512.5800000000	0.0249680675
1512.5900000000	0.0255115465
1512.6000000000	0.0261128558
1512.6100000000	0.0267409724
1512.6200000000	0.0273443493
1512.6300000000	0.0277814467
1512.6400000000	0.0281125423
1512.6500000000	0.0283707706
1512.6600000000	0.0284464755
1512.6700000000	0.0282638352
1512.6800000000	0.0279559021
1512.6900000000	0.0275926182
1512.7000000000	0.0272415661
1512.7100000000	0.0269518790
1512.7200000000	0.0267281247
1512.7300000000	0.0266179687
1512.7400000000	0.0267108384
1512.7500000000	0.0269807715
1512.7600000000	0.0274320770
1512.7700000000	0.0279945728
1512.7800000000	0.0286233145
1512.7900000000	0.0292850152
1512.8000000000	0.0299077637
1512.8100000000	0.0304832487
1512.8200000000	0.0309310278
1512.8300000000	0.0311815698
1512.8400000000	0.0313333469
1512.8500000000	0.0313690815
1512.8600000000	0.0312665391
1512.8700000000	0.0310759571
1512.8800000000	0.0308587805
1512.8900000000	0.0306490378
1512.9000000000	0.0305090951
1512.9100000000	0.0304999864
1512.9200000000	0.0305482106
1512.9300000000	0.0306851509
1512.9400000000	0.0310082367
1512.9500000000	0.0314199379
1512.9600000000	0.0318274430
1512.9700000000	0.0322379144
1512.9800000000	0.0326197419
1512.9900000000	0.0329434205
1513.0000000000	0.0331523055
1513.0100000000	0.0331911324
1513.0200000000	0.0331973132
1513.0300000000	0.0331621010
1513.0400000000	0.0330365108
1513.0500000000	0.0328957045
1513.0600000000	0.0328048158
1513.0700000000	0.0328078490
1513.0800000000	0.0329546349
1513.0900000000	0.0332950056
1513.1000000000	0.0337620019
1513.1100000000	0.0343521323
1513.1200000000	0.0350893705
1513.1300000000	0.0359175778
1513.1400000000	0.0367435907
1513.1500000000	0.0375335747
1513.1600000000	0.0382672305
1513.1700000000	0.0389140343
1513.1800000000	0.0395471198
1513.1900000000	0.0400511953
1513.2000000000	0.0402619336
1513.2100000000	0.0402016592
1513.2200000000	0.0399754527
1513.2300000000	0.0396238122
1513.2400000000	0.0391774682
1513.2500000000	0.0387510809
1513.2600000000	0.0384103405
1513.2700000000	0.0382673199
1513.2800000000	0.0383207571
1513.2900000000	0.0384335210
1513.3000000000	0.0387369023
1513.3100000000	0.0392084076
1513.3200000000	0.0396602823
1513.3300000000	0.0402129428
1513.3400000000	0.0407499589
1513.3500000000	0.0411219556
1513.3600000000	0.0414997925
1513.3700000000	0.0418425241
1513.3800000000	0.0419110218
1513.3900000000	0.0418192145
1513.4000000000	0.0416689050
1513.4100000000	0.0414451604
1513.4200000000	0.0412758450
1513.4300000000	0.0412438832
1513.4400000000	0.0412506743
1513.4500000000	0.0413624807
1513.4600000000	0.0416681882
1513.4700000000	0.0420503399
1513.4800000000	0.0425598570
1513.4900000000	0.0431816831
1513.5000000000	0.0437066001
1513.5100000000	0.0442434599
1513.5200000000	0.0447050789
1513.5300000000	0.0448507238
1513.5400000000	0.0449445770
1513.5500000000	0.0448387809
1513.5600000000	0.0444905250
1513.5700000000	0.0441024054
1513.5800000000	0.0436321879
1513.5900000000	0.0430888874
1513.6000000000	0.0427057695
1513.6100000000	0.0425171501
1513.6200000000	0.0424770769
1513.6300000000	0.0426017489
1513.6400000000	0.0429120767
1513.6500000000	0.0434460438
1513.6600000000	0.0442564956
1513.6700000000	0.0452169773
1513.6800000000	0.0461329925
1513.6900000000	0.0469888822
1513.7000000000	0.0477929722
1513.7100000000	0.0484719373
1513.7200000000	0.0490044614
1513.7300000000	0.0494044658
1513.7400000000	0.0497005191
1513.7500000000	0.0497765056
1513.7600000000	0.0495970860
1513.7700000000	0.0492799958
1513.7800000000	0.0489329877
1513.7900000000	0.0486438759
1513.8000000000	0.0484553481
1513.8100000000	0.0483857340
1513.8200000000	0.0485959834
1513.8300000000	0.0489542589
1513.8400000000	0.0493703630
1513.8500000000	0.0499039987
1513.8600000000	0.0505133595
1513.8700000000	0.0510351075
1513.8800000000	0.0514687497
1513.8900000000	0.0518877140
1513.9000000000	0.0522778957
1513.9100000000	0.0525384933
1513.9200000000	0.0525988939
1513.9300000000	0.0524683974
1513.9400000000	0.0521477682
1513.9500000000	0.0516935332
1513.9600000000	0.0511986543
1513.9700000000	0.0507566868
1513.9800000000	0.0504496954
1513.9900000000	0.0503111898
1514.0000000000	0.0503840919
1514.0100000000	0.0506672297
1514.0200000000	0.0511795153
1514.0300000000	0.0517953454
1514.0400000000	0.0523712646
1514.0500000000	0.0529280105
1514.0600000000	0.0534243317
1514.0700000000	0.0537463764
1514.0800000000	0.0539100752
1514.0900000000	0.0539016575
1514.1000000000	0.0536802505
1514.1100000000	0.0532506965
1514.1200000000	0.0525575959
1514.1300000000	0.0518875152
1514.1400000000	0.0513343469
1514.1500000000	0.0508331055
1514.1600000000	0.0504111616
1514.1700000000	0.0501853629
1514.1800000000	0.0502078196
1514.1900000000	0.0504522600
1514.2000000000	0.0508992198
1514.2100000000	0.0515302298
1514.2200000000	0.0523016103
1514.2300000000	0.0530712398
1514.2400000000	0.0537345514
1514.2500000000	0.0543515751
1514.2600000000	0.0549177615
1514.2700000000	0.0553555332
1514.2800000000	0.0555696664
1514.2900000000	0.0555058535
1514.3000000000	0.0553132013
1514.3100000000	0.0550084694
1514.3200000000	0.0544833571
1514.3300000000	0.0538748188
1514.3400000000	0.0533830826
1514.3500000000	0.0530389892
1514.3600000000	0.0527674323
1514.3700000000	0.0527102238
1514.3800000000	0.0527226526
1514.3900000000	0.0528356409
1514.4000000000	0.0530663999
1514.4100000000	0.0532991304
1514.4200000000	0.0535543606
1514.4300000000	0.0538809735
1514.4400000000	0.0541893899
1514.4500000000	0.0544846296
1514.4600000000	0.0547101301
1514.4700000000	0.0547345511
1514.4800000000	0.0546834739
1514.4900000000	0.0545972209
1514.5000000000	0.0543711802
1514.5100000000	0.0540861349
1514.5200000000	0.0538100446
1514.5300000000	0.0536249217
1514.5400000000	0.0535614177
1514.5500000000	0.0537566569
1514.5600000000	0.0539458031
1514.5700000000	0.0541510469
1514.5800000000	0.0544399809
1514.5900000000	0.0547243449
1514.6000000000	0.0548986169
1514.6100000000	0.0550785489
1514.6200000000	0.0552260696
1514.6300000000	0.0553713093
1514.6400000000	0.0552764816
1514.6500000000	0.0550358479
1514.6600000000	0.0547427886
1514.6700000000	0.0542997590
1514.6800000000	0.0537523689
1514.6900000000	0.0533153617
1514.7000000000	0.0530325303
1514.7100000000	0.0529055611
1514.7200000000	0.0529908430
1514.7300000000	0.0532368953
1514.7400000000	0.0536869055
1514.7500000000	0.0542744037
1514.7600000000	0.0548617357
1514.7700000000	0.0554149314
1514.7800000000	0.0561092724
1514.7900000000	0.0567973881
1514.8000000000	0.0572636272
1514.8100000000	0.0576150620
1514.8200000000	0.0578270715
1514.8300000000	0.0579177380
1514.8400000000	0.0579070239
1514.8500000000	0.0577762231
1514.8600000000	0.0576597605
1514.8700000000	0.0575471732
1514.8800000000	0.0573983032
1514.8900000000	0.0573917228
1514.9000000000	0.0575684112
1514.9100000000	0.0578168099
1514.9200000000	0.0581926894
1514.9300000000	0.0586019647
1514.9400000000	0.0590000967
1514.9500000000	0.0593714161
1514.9600000000	0.0596406549
1514.9700000000	0.0599250881
1514.9800000000	0.0601045447
1514.9900000000	0.0601425131
1515.0000000000	0.0600364607
1515.0100000000	0.0597004017
1515.0200000000	0.0592680296
1515.0300000000	0.0587676793
1515.0400000000	0.0581519392
1515.0500000000	0.0576015334
1515.0600000000	0.0572514244
1515.0700000000	0.0571270085
1515.0800000000	0.0572882991
1515.0900000000	0.0576706584
1515.1000000000	0.0583191670
1515.1100000000	0.0591072231
1515.1200000000	0.0598049126
1515.1300000000	0.0604069400
1515.1400000000	0.0610935295
1515.1500000000	0.0617053698
1515.1600000000	0.0622105839
1515.1700000000	0.0626315768
1515.1800000000	0.0628996372
1515.1900000000	0.0629599302
1515.2000000000	0.0628747360
1515.2100000000	0.0625692056
1515.2200000000	0.0620516457
1515.2300000000	0.0615265042
1515.2400000000	0.0609993729
1515.2500000000	0.0605206899
1515.2600000000	0.0604255364
1515.2700000000	0.0605071177
1515.2800000000	0.0607960242
1515.2900000000	0.0612204150
1515.3000000000	0.0616825464
1515.3100000000	0.0622285954
1515.3200000000	0.0628366476
1515.3300000000	0.0634197456
1515.3400000000	0.0640004030
1515.3500000000	0.0644756293
1515.3600000000	0.0647931089
1515.3700000000	0.0649429282
1515.3800000000	0.0649435067
1515.3900000000	0.0646457726
1515.4000000000	0.0642008584
1515.4100000000	0.0637603204
1515.4200000000	0.0632824695
1515.4300000000	0.0628702139
1515.4400000000	0.0625934712
1515.4500000000	0.0625313840
1515.4600000000	0.0626875514
1515.4700000000	0.0629677116
1515.4800000000	0.0632147758
1515.4900000000	0.0635373269
1515.5000000000	0.0639278328
1515.5100000000	0.0642624420
1515.5200000000	0.0646080194
1515.5300000000	0.0648957118
1515.5400000000	0.0650687181
1515.5500000000	0.0651700163
1515.5600000000	0.0650604861
1515.5700000000	0.0648400098
1515.5800000000	0.0645647167
1515.5900000000	0.0642529783
1515.6000000000	0.0639854108
1515.6100000000	0.0639283804
1515.6200000000	0.0640445119
1515.6300000000	0.0642782329
1515.6400000000	0.0647478543
1515.6500000000	0.0651232465
1515.6600000000	0.0654380656
1515.6700000000	0.0657748061
1515.6800000000	0.0661013054
1515.6900000000	0.0663564799
1515.7000000000	0.0665624216
1515.7100000000	0.0665693590
1515.7200000000	0.0663776328
1515.7300000000	0.0661581445
1515.7400000000	0.0657702058
1515.7500000000	0.0651682221
1515.7600000000	0.0644774782
1515.7700000000	0.0637657322
1515.7800000000	0.0631715163
1515.7900000000	0.0627339705
1515.8000000000	0.0625158109
1515.8100000000	0.0625905791
1515.8200000000	0.0628961196
1515.8300000000	0.0632975157
1515.8400000000	0.0637468814
1515.8500000000	0.0642168167
1515.8600000000	0.0646510278
1515.8700000000	0.0651178486
1515.8800000000	0.0655015941
1515.8900000000	0.0657145985
1515.9000000000	0.0658757739
1515.9100000000	0.0658668898
1515.9200000000	0.0656215667
1515.9300000000	0.0652140852
1515.9400000000	0.0646762977
1515.9500000000	0.0640702577
1515.9600000000	0.0634962808
1515.9700000000	0.0629719642
1515.9800000000	0.0625860262
1515.9900000000	0.0625356765
1516.0000000000	0.0626346392
1516.0100000000	0.0627977391
1516.0200000000	0.0631098382
1516.0300000000	0.0633685237
1516.0400000000	0.0636027883
1516.0500000000	0.0638250753
1516.0600000000	0.0639082913
1516.0700000000	0.0638967798
1516.0800000000	0.0638567944
1516.0900000000	0.0636388749
1516.1000000000	0.0630894946
1516.1100000000	0.0625654306
1516.1200000000	0.0617886482
1516.1300000000	0.0609746796
1516.1400000000	0.0603746550
1516.1500000000	0.0599563683
1516.1600000000	0.0597918543
1516.1700000000	0.0600967140
1516.1800000000	0.0604310636
1516.1900000000	0.0608814249
1516.2000000000	0.0614484593
1516.2100000000	0.0620089339
1516.2200000000	0.0625881900
1516.2300000000	0.0632076648
1516.2400000000	0.0636524965
1516.2500000000	0.0640966259
1516.2600000000	0.0644893690
1516.2700000000	0.0645235636
1516.2800000000	0.0644326548
1516.2900000000	0.0640904925
1516.3000000000	0.0633877625
1516.3100000000	0.0626573197
1516.3200000000	0.0618334456
1516.3300000000	0.0611374050
1516.3400000000	0.0608653389
1516.3500000000	0.0608252006
1516.3600000000	0.0608954480
1516.3700000000	0.0613227037
1516.3800000000	0.0619227100
1516.3900000000	0.0625324324
1516.4000000000	0.0633864376
1516.4100000000	0.0640741893
1516.4200000000	0.0646990816
1516.4300000000	0.0654932611
1516.4400000000	0.0661819249
1516.4500000000	0.0667776961
1516.4600000000	0.0672791766
1516.4700000000	0.0675007759
1516.4800000000	0.0674268200
1516.4900000000	0.0672864286
1516.5000000000	0.0670261756
1516.5100000000	0.0666771798
1516.5200000000	0.0664100631
1516.5300000000	0.0661029199
1516.5400000000	0.0659054630
1516.5500000000	0.0657976477
1516.5600000000	0.0656384986
1516.5700000000	0.0655233034
1516.5800000000	0.0654153631
1516.5900000000	0.0652508731
1516.6000000000	0.0652054398
1516.6100000000	0.0650729426
1516.6200000000	0.0647215506
1516.6300000000	0.0643661333
1516.6400000000	0.0640153823
1516.6500000000	0.0635532009
1516.6600000000	0.0631454827
1516.6700000000	0.0626787750
1516.6800000000	0.0622887304
1516.6900000000	0.0620344678
1516.7000000000	0.0618977705
1516.7100000000	0.0619476308
1516.7200000000	0.0621489445
1516.7300000000	0.0624565080
1516.7400000000	0.0628328144
1516.7500000000	0.0632722378
1516.7600000000	0.0635524441
1516.7700000000	0.0637545110
1516.7800000000	0.0639083277
1516.7900000000	0.0638578369
1516.8000000000	0.0637426544
1516.8100000000	0.0634356967
1516.8200000000	0.0628312132
1516.8300000000	0.0620779281
1516.8400000000	0.0611637295
1516.8500000000	0.0601888423
1516.8600000000	0.0592826501
1516.8700000000	0.0585670668
1516.8800000000	0.0581267142
1516.8900000000	0.0579585747
1516.9000000000	0.0580824065
1516.9100000000	0.0583589606
1516.9200000000	0.0589457186
1516.9300000000	0.0594718667
1516.9400000000	0.0598850863
1516.9500000000	0.0603963532
1516.9600000000	0.0608750046
1516.9700000000	0.0613605263
1516.9800000000	0.0618980613
1516.9900000000	0.0624476504
1517.0000000000	0.0629434689
1517.0100000000	0.0632769830
1517.0200000000	0.0634380554
1517.0300000000	0.0634297025
1517.0400000000	0.0633172182
1517.0500000000	0.0632687710
1517.0600000000	0.0633236339
1517.0700000000	0.0635368982
1517.0800000000	0.0638867095
1517.0900000000	0.0642377725
1517.1000000000	0.0645758791
1517.1100000000	0.0649076349
1517.1200000000	0.0652126860
1517.1300000000	0.0654922330
1517.1400000000	0.0656290544
1517.1500000000	0.0656949799
1517.1600000000	0.0656844142
1517.1700000000	0.0654118490
1517.1800000000	0.0650073038
1517.1900000000	0.0644929695
1517.2000000000	0.0638016246
1517.2100000000	0.0630653767
1517.2200000000	0.0623229574
1517.2300000000	0.0616955058
1517.2400000000	0.0612065012
1517.2500000000	0.0608469396
1517.2600000000	0.0607016543
1517.2700000000	0.0607811900
1517.2800000000	0.0609836511
1517.2900000000	0.0612965064
1517.3000000000	0.0616068737
1517.3100000000	0.0618643121
1517.3200000000	0.0620424393
1517.3300000000	0.0620913230
1517.3400000000	0.0620403535
1517.3500000000	0.0618434737
1517.3600000000	0.0614215287
1517.3700000000	0.0608606544
1517.3800000000	0.0599916422
1517.3900000000	0.0590115625
1517.4000000000	0.0580619589
1517.4100000000	0.0571184108
1517.4200000000	0.0562265104
1517.4300000000	0.0555839401
1517.4400000000	0.0551998357
1517.4500000000	0.0549805452
1517.4600000000	0.0548966358
1517.4700000000	0.0549946143
1517.4800000000	0.0551508192
1517.4900000000	0.0553628683
1517.5000000000	0.0555841259
1517.5100000000	0.0557530272
1517.5200000000	0.0559013560
1517.5300000000	0.0560177868
1517.5400000000	0.0560912613
1517.5500000000	0.0561470676
1517.5600000000	0.0561503714
1517.5700000000	0.0559430696
1517.5800000000	0.0556143143
1517.5900000000	0.0553521100
1517.6000000000	0.0552501605
1517.6100000000	0.0553256460
1517.6200000000	0.0555313779
1517.6300000000	0.0558753080
1517.6400000000	0.0563848836
1517.6500000000	0.0568782551
1517.6600000000	0.0572654326
1517.6700000000	0.0576580827
1517.6800000000	0.0581302823
1517.6900000000	0.0584117473
1517.7000000000	0.0585740409
1517.7100000000	0.0586821570
1517.7200000000	0.0586977229
1517.7300000000	0.0585628916
1517.7400000000	0.0582277799
1517.7500000000	0.0577502890
1517.7600000000	0.0572194491
1517.7700000000	0.0566751095
1517.7800000000	0.0562619769
1517.7900000000	0.0560743464
1517.8000000000	0.0560225394
1517.8100000000	0.0561480457
1517.8200000000	0.0565154667
1517.8300000000	0.0569161518
1517.8400000000	0.0573368318
1517.8500000000	0.0577492715
1517.8600000000	0.0580161446
1517.8700000000	0.0583034412
1517.8800000000	0.0584801639
1517.8900000000	0.0585147220
1517.9000000000	0.0584916977
1517.9100000000	0.0583529670
1517.9200000000	0.0579537914
1517.9300000000	0.0573898038
1517.9400000000	0.0568802573
1517.9500000000	0.0563765990
1517.9600000000	0.0560489344
1517.9700000000	0.0557768813
1517.9800000000	0.0555570018
1517.9900000000	0.0555208427
1518.0000000000	0.0555913730
1518.0100000000	0.0557198320
1518.0200000000	0.0559889729
1518.0300000000	0.0563352594
1518.0400000000	0.0566617824
1518.0500000000	0.0569520655
1518.0600000000	0.0571549843
1518.0700000000	0.0572586016
1518.0800000000	0.0572796279
1518.0900000000	0.0571758517
1518.1000000000	0.0568945389
1518.1100000000	0.0564806089
1518.1200000000	0.0559478174
1518.1300000000	0.0554160788
1518.1400000000	0.0548597545
1518.1500000000	0.0543915313
1518.1600000000	0.0541519449
1518.1700000000	0.0540273126
1518.1800000000	0.0539646127
1518.1900000000	0.0540374516
1518.2000000000	0.0542026310
1518.2100000000	0.0542352164
1518.2200000000	0.0542285150
1518.2300000000	0.0542462799
1518.2400000000	0.0542441215
1518.2500000000	0.0542115425
1518.2600000000	0.0541480104
1518.2700000000	0.0540026098
1518.2800000000	0.0538148063
1518.2900000000	0.0536087596
1518.3000000000	0.0534006523
1518.3100000000	0.0531860889
1518.3200000000	0.0530651015
1518.3300000000	0.0531010962
1518.3400000000	0.0532613020
1518.3500000000	0.0535238190
1518.3600000000	0.0538736085
1518.3700000000	0.0542565081
1518.3800000000	0.0546543058
1518.3900000000	0.0549380956
1518.4000000000	0.0551484378
1518.4100000000	0.0553621715
1518.4200000000	0.0554821076
1518.4300000000	0.0555470921
1518.4400000000	0.0555384931
1518.4500000000	0.0552235688
1518.4600000000	0.0547192848
1518.4700000000	0.0540876362
1518.4800000000	0.0533991858
1518.4900000000	0.0527921878
1518.5000000000	0.0522561639
1518.5100000000	0.0518691639
1518.5200000000	0.0516359147
1518.5300000000	0.0515972864
1518.5400000000	0.0517565317
1518.5500000000	0.0519986910
1518.5600000000	0.0523315400
1518.5700000000	0.0526867640
1518.5800000000	0.0531053870
1518.5900000000	0.0535407074
1518.6000000000	0.0539463658
1518.6100000000	0.0543779746
1518.6200000000	0.0548036335
1518.6300000000	0.0550666072
1518.6400000000	0.0552491412
1518.6500000000	0.0552209427
1518.6600000000	0.0549715098
1518.6700000000	0.0546970670
1518.6800000000	0.0544797859
1518.6900000000	0.0541909058
1518.7000000000	0.0539918836
1518.7100000000	0.0538965168
1518.7200000000	0.0539302061
1518.7300000000	0.0540022687
1518.7400000000	0.0540623690
1518.7500000000	0.0541036020
1518.7600000000	0.0541465584
1518.7700000000	0.0541529444
1518.7800000000	0.0540774573
1518.7900000000	0.0539447978
1518.8000000000	0.0537626135
1518.8100000000	0.0534519795
1518.8200000000	0.0531237278
1518.8300000000	0.0527973422
1518.8400000000	0.0523304849
1518.8500000000	0.0518038818
1518.8600000000	0.0513569438
1518.8700000000	0.0509941252
1518.8800000000	0.0508719159
1518.8900000000	0.0508379340
1518.9000000000	0.0509447270
1518.9100000000	0.0512416128
1518.9200000000	0.0516686953
1518.9300000000	0.0520658217
1518.9400000000	0.0524590869
1518.9500000000	0.0527343712
1518.9600000000	0.0530333154
1518.9700000000	0.0533672219
1518.9800000000	0.0535952522
1518.9900000000	0.0536666742
1519.0000000000	0.0536811142
1519.0100000000	0.0534946370
1519.0200000000	0.0531104002
1519.0300000000	0.0528182423
1519.0400000000	0.0524906208
1519.0500000000	0.0520409857
1519.0600000000	0.0517568584
1519.0700000000	0.0515816451
1519.0800000000	0.0514559005
1519.0900000000	0.0515155224
1519.1000000000	0.0516011963
1519.1100000000	0.0516442471
1519.1200000000	0.0517737657
1519.1300000000	0.0519099150
1519.1400000000	0.0519263158
1519.1500000000	0.0520378002
1519.1600000000	0.0521984762
1519.1700000000	0.0522873160
1519.1800000000	0.0523751145
1519.1900000000	0.0522210111
1519.2000000000	0.0519860699
1519.2100000000	0.0518298067
1519.2200000000	0.0514713883
1519.2300000000	0.0511603559
1519.2400000000	0.0509987866
1519.2500000000	0.0509407461
1519.2600000000	0.0510258828
1519.2700000000	0.0512638053
1519.2800000000	0.0515098343
1519.2900000000	0.0517386285
1519.3000000000	0.0519940221
1519.3100000000	0.0521491553
1519.3200000000	0.0522519702
1519.3300000000	0.0522917407
1519.3400000000	0.0522775808
1519.3500000000	0.0522976031
1519.3600000000	0.0522213959
1519.3700000000	0.0519833826
1519.3800000000	0.0516379190
1519.3900000000	0.0512560340
1519.4000000000	0.0508054565
1519.4100000000	0.0504866022
1519.4200000000	0.0501736024
1519.4300000000	0.0499333498
1519.4400000000	0.0499254313
1519.4500000000	0.0499830461
1519.4600000000	0.0499826124
1519.4700000000	0.0501347876
1519.4800000000	0.0503042596
1519.4900000000	0.0503855246
1519.5000000000	0.0504752482
1519.5100000000	0.0506059903
1519.5200000000	0.0505653789
1519.5300000000	0.0505878330
1519.5400000000	0.0505317460
1519.5500000000	0.0503444195
1519.5600000000	0.0501362682
1519.5700000000	0.0498649550
1519.5800000000	0.0495712668
1519.5900000000	0.0492641312
1519.6000000000	0.0490199232
1519.6100000000	0.0488309257
1519.6200000000	0.0487496461
1519.6300000000	0.0487895101
1519.6400000000	0.0488650573
1519.6500000000	0.0490020734
1519.6600000000	0.0491119540
1519.6700000000	0.0490485512
1519.6800000000	0.0490734015
1519.6900000000	0.0490749226
1519.7000000000	0.0489714144
1519.7100000000	0.0488470464
1519.7200000000	0.0487250148
1519.7300000000	0.0485249842
1519.7400000000	0.0482571829
1519.7500000000	0.0479598777
1519.7600000000	0.0476892236
1519.7700000000	0.0474670392
1519.7800000000	0.0472801590
1519.7900000000	0.0472596927
1519.8000000000	0.0474004639
1519.8100000000	0.0476268474
1519.8200000000	0.0479217545
1519.8300000000	0.0482636917
1519.8400000000	0.0485819857
1519.8500000000	0.0488385289
1519.8600000000	0.0490315057
1519.8700000000	0.0491326792
1519.8800000000	0.0491472475
1519.8900000000	0.0490740280
1519.9000000000	0.0488183594
1519.9100000000	0.0484487032
1519.9200000000	0.0479431070
1519.9300000000	0.0474077203
1519.9400000000	0.0468511441
1519.9500000000	0.0462111834
1519.9600000000	0.0456830805
1519.9700000000	0.0453293214
1519.9800000000	0.0451378792
1519.9900000000	0.0451316825
1520.0000000000	0.0452754696
1520.0100000000	0.0453828046
1520.0200000000	0.0455236550
1520.0300000000	0.0456803475
1520.0400000000	0.0457568516
1520.0500000000	0.0458246588
1520.0600000000	0.0459113479
1520.0700000000	0.0459710769
1520.0800000000	0.0459796567
1520.0900000000	0.0458932215
1520.1000000000	0.0456608642
1520.1100000000	0.0453622744
1520.1200000000	0.0450194172
1520.1300000000	0.0446180528
1520.1400000000	0.0442699352
1520.1500000000	0.0440593585
1520.1600000000	0.0439084029
1520.1700000000	0.0439480750
1520.1800000000	0.0440375365
1520.1900000000	0.0441601255
1520.2000000000	0.0443852134
1520.2100000000	0.0445445670
1520.2200000000	0.0447157865
1520.2300000000	0.0448692091
1520.2400000000	0.0449563073
1520.2500000000	0.0450100257
1520.2600000000	0.0449459902
1520.2700000000	0.0448352699
1520.2800000000	0.0446688716
1520.2900000000	0.0444241015
1520.3000000000	0.0440714524
1520.3100000000	0.0437776462
1520.3200000000	0.0435645856
1520.3300000000	0.0434200403
1520.3400000000	0.0433724385
1520.3500000000	0.0433986591
1520.3600000000	0.0435322898
1520.3700000000	0.0437748843
1520.3800000000	0.0440783329
1520.3900000000	0.0443689565
1520.4000000000	0.0446020912
1520.4100000000	0.0447839275
1520.4200000000	0.0449009046
1520.4300000000	0.0449070767
1520.4400000000	0.0448606079
1520.4500000000	0.0447002719
1520.4600000000	0.0444789086
1520.4700000000	0.0441496780
1520.4800000000	0.0438040553
1520.4900000000	0.0434775069
1520.5000000000	0.0430943544
1520.5100000000	0.0427134195
1520.5200000000	0.0424230249
1520.5300000000	0.0422642333
1520.5400000000	0.0422057379
1520.5500000000	0.0422519879
1520.5600000000	0.0423687901
1520.5700000000	0.0425176489
1520.5800000000	0.0426781819
1520.5900000000	0.0427692487
1520.6000000000	0.0428809314
1520.6100000000	0.0430228807
1520.6200000000	0.0431572921
1520.6300000000	0.0432415225
1520.6400000000	0.0432688734
1520.6500000000	0.0432527324
1520.6600000000	0.0431318974
1520.6700000000	0.0428801781
1520.6800000000	0.0426086487
1520.6900000000	0.0424314180
1520.7000000000	0.0422519627
1520.7100000000	0.0421848854
1520.7200000000	0.0423020203
1520.7300000000	0.0424703643
1520.7400000000	0.0426266363
1520.7500000000	0.0427834395
1520.7600000000	0.0428053185
1520.7700000000	0.0429452670
1520.7800000000	0.0429958607
1520.7900000000	0.0430220928
1520.8000000000	0.0430251428
1520.8100000000	0.0429760003
1520.8200000000	0.0428663966
1520.8300000000	0.0426782001
1520.8400000000	0.0423970972
1520.8500000000	0.0420355005
1520.8600000000	0.0416988524
1520.8700000000	0.0414745729
1520.8800000000	0.0413296931
1520.8900000000	0.0413272920
1520.9000000000	0.0414764410
1520.9100000000	0.0416815587
1520.9200000000	0.0419372107
1520.9300000000	0.0422103873
1520.9400000000	0.0424794727
1520.9500000000	0.0427479231
1520.9600000000	0.0429561597
1520.9700000000	0.0431743047
1520.9800000000	0.0433994533
1520.9900000000	0.0434531939
1521.0000000000	0.0433716719
1521.0100000000	0.0432073949
1521.0200000000	0.0430002002
1521.0300000000	0.0427635794
1521.0400000000	0.0424756040
1521.0500000000	0.0421975795
1521.0600000000	0.0419742791
1521.0700000000	0.0418163483
1521.0800000000	0.0416976127
1521.0900000000	0.0416244806
1521.1000000000	0.0415988265
1521.1100000000	0.0416241869
1521.1200000000	0.0417093614
1521.1300000000	0.0417804877
1521.1400000000	0.0418279971
1521.1500000000	0.0418559381
1521.1600000000	0.0418415019
1521.1700000000	0.0417830338
1521.1800000000	0.0417610308
1521.1900000000	0.0416783596
1521.2000000000	0.0415409453
1521.2100000000	0.0414448844
1521.2200000000	0.0412381224
1521.2300000000	0.0409672146
1521.2400000000	0.0407915759
1521.2500000000	0.0406437838
1521.2600000000	0.0406188190
1521.2700000000	0.0406480356
1521.2800000000	0.0407165412
1521.2900000000	0.0407805443
1521.3000000000	0.0407262078
1521.3100000000	0.0406606110
1521.3200000000	0.0405894038
1521.3300000000	0.0404693169
1521.3400000000	0.0403480292
1521.3500000000	0.0401937212
1521.3600000000	0.0400682274
1521.3700000000	0.0400026758
1521.3800000000	0.0399309181
1521.3900000000	0.0398279024
1521.4000000000	0.0397054758
1521.4100000000	0.0395559505
1521.4200000000	0.0394483883
1521.4300000000	0.0394328713
1521.4400000000	0.0395952063
1521.4500000000	0.0399527604
1521.4600000000	0.0404360816
1521.4700000000	0.0409801027
1521.4800000000	0.0414335362
1521.4900000000	0.0417934664
1521.5000000000	0.0421221258
1521.5100000000	0.0423681856
1521.5200000000	0.0425310632
1521.5300000000	0.0425705626
1521.5400000000	0.0425032174
1521.5500000000	0.0423713044
1521.5600000000	0.0420780422
1521.5700000000	0.0417085454
1521.5800000000	0.0412710276
1521.5900000000	0.0408067977
1521.6000000000	0.0404013652
1521.6100000000	0.0401009608
1521.6200000000	0.0399037955
1521.6300000000	0.0398061628
1521.6400000000	0.0398245113
1521.6500000000	0.0398779610
1521.6600000000	0.0399147294
1521.6700000000	0.0400414319
1521.6800000000	0.0401785269
1521.6900000000	0.0403055431
1521.7000000000	0.0403682116
1521.7100000000	0.0403953472
1521.7200000000	0.0405198356
1521.7300000000	0.0406395428
1521.7400000000	0.0407625972
1521.7500000000	0.0408906902
1521.7600000000	0.0410306190
1521.7700000000	0.0411622600
1521.7800000000	0.0412382665
1521.7900000000	0.0413696396
1521.8000000000	0.0415191874
1521.8100000000	0.0417040975
1521.8200000000	0.0418628900
1521.8300000000	0.0420527831
1521.8400000000	0.0422291077
1521.8500000000	0.0423116019
1521.8600000000	0.0423275067
1521.8700000000	0.0422682668
1521.8800000000	0.0421381895
1521.8900000000	0.0419891937
1521.9000000000	0.0418129423
1521.9100000000	0.0416147461
1521.9200000000	0.0414010222
1521.9300000000	0.0412036282
1521.9400000000	0.0410363690
1521.9500000000	0.0409006110
1521.9600000000	0.0407601565
1521.9700000000	0.0406511410
1521.9800000000	0.0406480362
1521.9900000000	0.0407549627
1522.0000000000	0.0410270401
1522.0100000000	0.0413864701
1522.0200000000	0.0417287111
1522.0300000000	0.0421162422
1522.0400000000	0.0424368172
1522.0500000000	0.0426683664
1522.0600000000	0.0427867843
1522.0700000000	0.0428819694
1522.0800000000	0.0429615598
1522.0900000000	0.0430764584
1522.1000000000	0.0431579581
1522.1100000000	0.0432046945
1522.1200000000	0.0432300882
1522.1300000000	0.0431586890
1522.1400000000	0.0429727022
1522.1500000000	0.0427281650
1522.1600000000	0.0424830717
1522.1700000000	0.0423084079
1522.1800000000	0.0421427118
1522.1900000000	0.0419602518
1522.2000000000	0.0418509967
1522.2100000000	0.0417620502
1522.2200000000	0.0416387690
1522.2300000000	0.0415056372
1522.2400000000	0.0413354812
1522.2500000000	0.0412580020
1522.2600000000	0.0411891095
1522.2700000000	0.0411747639
1522.2800000000	0.0412573633
1522.2900000000	0.0414415910
1522.3000000000	0.0415867355
1522.3100000000	0.0417724139
1522.3200000000	0.0419727552
1522.3300000000	0.0421786231
1522.3400000000	0.0424579186
1522.3500000000	0.0428167846
1522.3600000000	0.0431831900
1522.3700000000	0.0435649020
1522.3800000000	0.0439413792
1522.3900000000	0.0441634943
1522.4000000000	0.0442607197
1522.4100000000	0.0442969476
1522.4200000000	0.0441943192
1522.4300000000	0.0440567839
1522.4400000000	0.0439168661
1522.4500000000	0.0436428491
1522.4600000000	0.0433703493
1522.4700000000	0.0432326534
1522.4800000000	0.0430538653
1522.4900000000	0.0429807595
1522.5000000000	0.0429801873
1522.5100000000	0.0429380682
1522.5200000000	0.0431184537
1522.5300000000	0.0434298802
1522.5400000000	0.0437173073
1522.5500000000	0.0441633355
1522.5600000000	0.0446662152
1522.5700000000	0.0450432201
1522.5800000000	0.0454672138
1522.5900000000	0.0458907204
1522.6000000000	0.0461383095
1522.6100000000	0.0463550248
1522.6200000000	0.0465769140
1522.6300000000	0.0466251656
1522.6400000000	0.0466728448
1522.6500000000	0.0468360709
1522.6600000000	0.0468925933
1522.6700000000	0.0468912213
1522.6800000000	0.0468439561
1522.6900000000	0.0466880819
1522.7000000000	0.0465376895
1522.7100000000	0.0464386068
1522.7200000000	0.0462775977
1522.7300000000	0.0460833471
1522.7400000000	0.0458290710
1522.7500000000	0.0455076293
1522.7600000000	0.0452459817
1522.7700000000	0.0449489527
1522.7800000000	0.0446444134
1522.7900000000	0.0444460687
1522.8000000000	0.0442151378
1522.8100000000	0.0440049210
1522.8200000000	0.0438658655
1522.8300000000	0.0438118802
1522.8400000000	0.0437387461
1522.8500000000	0.0437711410
1522.8600000000	0.0437223452
1522.8700000000	0.0436408753
1522.8800000000	0.0435977088
1522.8900000000	0.0435201073
1522.9000000000	0.0434414466
1522.9100000000	0.0434560408
1522.9200000000	0.0434334381
1522.9300000000	0.0433531848
1522.9400000000	0.0432857815
1522.9500000000	0.0431254859
1522.9600000000	0.0429091747
1522.9700000000	0.0428321188
1522.9800000000	0.0426852261
1522.9900000000	0.0425737678
1523.0000000000	0.0426616854
1523.0100000000	0.0427109733
1523.0200000000	0.0428445077
1523.0300000000	0.0430128321
1523.0400000000	0.0430919614
1523.0500000000	0.0432703317
1523.0600000000	0.0434820143
1523.0700000000	0.0436122150
1523.0800000000	0.0437806187
1523.0900000000	0.0439094227
1523.1000000000	0.0438603014
1523.1100000000	0.0437800034
1523.1200000000	0.0437252060
1523.1300000000	0.0436181229
1523.1400000000	0.0434813763
1523.1500000000	0.0433378304
1523.1600000000	0.0431867650
1523.1700000000	0.0431001922
1523.1800000000	0.0431285013
1523.1900000000	0.0432226648
1523.2000000000	0.0432825456
1523.2100000000	0.0432410847
1523.2200000000	0.0431062193
1523.2300000000	0.0429822312
1523.2400000000	0.0428592114
1523.2500000000	0.0427409955
1523.2600000000	0.0426227316
1523.2700000000	0.0424973380
1523.2800000000	0.0423779932
1523.2900000000	0.0421658611
1523.3000000000	0.0418774020
1523.3100000000	0.0416080798
1523.3200000000	0.0413762467
1523.3300000000	0.0411354145
1523.3400000000	0.0409030050
1523.3500000000	0.0407641936
1523.3600000000	0.0405596169
1523.3700000000	0.0403703802
1523.3800000000	0.0402053275
1523.3900000000	0.0400251207
1523.4000000000	0.0397986332
1523.4100000000	0.0395377078
1523.4200000000	0.0392550275
1523.4300000000	0.0389119907
1523.4400000000	0.0386143600
1523.4500000000	0.0383810177
1523.4600000000	0.0381119686
1523.4700000000	0.0378591495
1523.4800000000	0.0375741709
1523.4900000000	0.0373010170
1523.5000000000	0.0370636243
1523.5100000000	0.0367563596
1523.5200000000	0.0365208241
1523.5300000000	0.0364960816
1523.5400000000	0.0365052135
1523.5500000000	0.0366123656
1523.5600000000	0.0366796366
1523.5700000000	0.0367585788
1523.5800000000	0.0367050923
1523.5900000000	0.0366115437
1523.6000000000	0.0364778146
1523.6100000000	0.0363052257
1523.6200000000	0.0360803364
1523.6300000000	0.0358469927
1523.6400000000	0.0355734618
1523.6500000000	0.0352743487
1523.6600000000	0.0350442419
1523.6700000000	0.0348240118
1523.6800000000	0.0346733434
1523.6900000000	0.0345149709
1523.7000000000	0.0343404802
1523.7100000000	0.0342609993
1523.7200000000	0.0343046288
1523.7300000000	0.0345076174
1523.7400000000	0.0347168547
1523.7500000000	0.0349507952
1523.7600000000	0.0351338522
1523.7700000000	0.0351833058
1523.7800000000	0.0351700023
1523.7900000000	0.0349820910
1523.8000000000	0.0347190373
1523.8100000000	0.0344370540
1523.8200000000	0.0340362122
1523.8300000000	0.0336987458
1523.8400000000	0.0333138671
1523.8500000000	0.0329121132
1523.8600000000	0.0325450384
1523.8700000000	0.0322479260
1523.8800000000	0.0319474422
1523.8900000000	0.0317588135
1523.9000000000	0.0316876893
1523.9100000000	0.0316182219
1523.9200000000	0.0315963858
1523.9300000000	0.0316274873
1523.9400000000	0.0316409134
1523.9500000000	0.0315794721
1523.9600000000	0.0313939836
1523.9700000000	0.0311923759
1523.9800000000	0.0310140985
1523.9900000000	0.0307037457
1524.0000000000	0.0302863759
1524.0100000000	0.0299000868
1524.0200000000	0.0295288468
1524.0300000000	0.0291425606
1524.0400000000	0.0288738399
1524.0500000000	0.0286188548
1524.0600000000	0.0284360763
1524.0700000000	0.0283533405
1524.0800000000	0.0283467610
1524.0900000000	0.0284446919
1524.1000000000	0.0285754541
1524.1100000000	0.0286722060
1524.1200000000	0.0286835182
1524.1300000000	0.0287236176
1524.1400000000	0.0287129255
1524.1500000000	0.0286443141
1524.1600000000	0.0285473588
1524.1700000000	0.0283745909
1524.1800000000	0.0280502393
1524.1900000000	0.0276810772
1524.2000000000	0.0273556329
1524.2100000000	0.0270278172
1524.2200000000	0.0267330311
1524.2300000000	0.0265218992
1524.2400000000	0.0263473306
1524.2500000000	0.0261898276
1524.2600000000	0.0260961863
1524.2700000000	0.0261227583
1524.2800000000	0.0262238759
1524.2900000000	0.0263480846
1524.3000000000	0.0264030543
1524.3100000000	0.0264677892
1524.3200000000	0.0265206113
1524.3300000000	0.0264790069
1524.3400000000	0.0263476861
1524.3500000000	0.0261743265
1524.3600000000	0.0258850859
1524.3700000000	0.0255574749
1524.3800000000	0.0252564485
1524.3900000000	0.0249739825
1524.4000000000	0.0247051031
1524.4100000000	0.0244513683
1524.4200000000	0.0242400816
1524.4300000000	0.0240536820
1524.4400000000	0.0238974323
1524.4500000000	0.0238013646
1524.4600000000	0.0238226258
1524.4700000000	0.0239026878
1524.4800000000	0.0239713136
1524.4900000000	0.0240386634
1524.5000000000	0.0240614114
1524.5100000000	0.0239855062
1524.5200000000	0.0238537744
1524.5300000000	0.0236558807
1524.5400000000	0.0233496930
1524.5500000000	0.0230203365
1524.5600000000	0.0227080235
1524.5700000000	0.0224448843
1524.5800000000	0.0222361608
1524.5900000000	0.0219833000
1524.6000000000	0.0217491318
1524.6100000000	0.0215916024
1524.6200000000	0.0214977644
1524.6300000000	0.0214843543
1524.6400000000	0.0215513900
1524.6500000000	0.0215776335
1524.6600000000	0.0216070889
1524.6700000000	0.0215779253
1524.6800000000	0.0215601802
1524.6900000000	0.0214711042
1524.7000000000	0.0213418559
1524.7100000000	0.0211560018
1524.7200000000	0.0209782076
1524.7300000000	0.0207570864
1524.7400000000	0.0204671889
1524.7500000000	0.0201706665
1524.7600000000	0.0198987617
1524.7700000000	0.0196410623
1524.7800000000	0.0193962538
1524.7900000000	0.0192031769
1524.8000000000	0.0191298218
1524.8100000000	0.0191247063
1524.8200000000	0.0191756982
1524.8300000000	0.0192632942
1524.8400000000	0.0193420501
1524.8500000000	0.0193756361
1524.8600000000	0.0194105904
1524.8700000000	0.0194599161
1524.8800000000	0.0194390222
1524.8900000000	0.0193589517
1524.9000000000	0.0192317240
1524.9100000000	0.0190958950
1524.9200000000	0.0189309195
1524.9300000000	0.0187560894
1524.9400000000	0.0185732464
1524.9500000000	0.0183874598
1524.9600000000	0.0182374285
1524.9700000000	0.0181391621
1524.9800000000	0.0180440099
1524.9900000000	0.0179520682
1525.0000000000	0.0179170422
1525.0100000000	0.0178781486
1525.0200000000	0.0178310830
1525.0300000000	0.0178035987
1525.0400000000	0.0177305315
1525.0500000000	0.0176369431
1525.0600000000	0.0175418503
1525.0700000000	0.0173627692
1525.0800000000	0.0171511300
1525.0900000000	0.0169451755
1525.1000000000	0.0166776748
1525.1100000000	0.0164758876
1525.1200000000	0.0163221412
1525.1300000000	0.0161862718
1525.1400000000	0.0160633445
1525.1500000000	0.0159279224
1525.1600000000	0.0158367821
1525.1700000000	0.0157663986
1525.1800000000	0.0157516472
1525.1900000000	0.0157079537
1525.2000000000	0.0157042171
1525.2100000000	0.0157373136
1525.2200000000	0.0157475548
1525.2300000000	0.0156845293
1525.2400000000	0.0155806135
1525.2500000000	0.0154377005
1525.2600000000	0.0152912226
1525.2700000000	0.0151146155
1525.2800000000	0.0148965300
1525.2900000000	0.0147290564
1525.3000000000	0.0145767545
1525.3100000000	0.0144363961
1525.3200000000	0.0143904658
1525.3300000000	0.0143318635
1525.3400000000	0.0142937731
1525.3500000000	0.0143111964
1525.3600000000	0.0143731570
1525.3700000000	0.0144559375
1525.3800000000	0.0145398541
1525.3900000000	0.0146237689
1525.4000000000	0.0146487964
1525.4100000000	0.0146859021
1525.4200000000	0.0146691039
1525.4300000000	0.0145716867
1525.4400000000	0.0144824502
1525.4500000000	0.0143425867
1525.4600000000	0.0141992194
1525.4700000000	0.0140332528
1525.4800000000	0.0138741010
1525.4900000000	0.0136869815
1525.5000000000	0.0135319337
1525.5100000000	0.0134003681
1525.5200000000	0.0132966359
1525.5300000000	0.0132387411
1525.5400000000	0.0132206833
1525.5500000000	0.0132314096
1525.5600000000	0.0132469739
1525.5700000000	0.0132893539
1525.5800000000	0.0133331189
1525.5900000000	0.0133216092
1525.6000000000	0.0132962551
1525.6100000000	0.0132522548
1525.6200000000	0.0131810274
1525.6300000000	0.0130588352
1525.6400000000	0.0128876225
1525.6500000000	0.0127619598
1525.6600000000	0.0126357443
1525.6700000000	0.0125225780
1525.6800000000	0.0124096364
1525.6900000000	0.0123295657
1525.7000000000	0.0122979930
1525.7100000000	0.0122777541
1525.7200000000	0.0122641649
1525.7300000000	0.0122741401
1525.7400000000	0.0123193634
1525.7500000000	0.0123317869
1525.7600000000	0.0123086374
1525.7700000000	0.0122825815
1525.7800000000	0.0122333188
1525.7900000000	0.0121368342
1525.8000000000	0.0120456720
1525.8100000000	0.0118775379
1525.8200000000	0.0116640833
1525.8300000000	0.0114436147
1525.8400000000	0.0112729788
1525.8500000000	0.0110658426
1525.8600000000	0.0109309632
1525.8700000000	0.0108232726
1525.8800000000	0.0107532854
1525.8900000000	0.0107411902
1525.9000000000	0.0107407523
1525.9100000000	0.0107546171
1525.9200000000	0.0108134311
1525.9300000000	0.0109088699
1525.9400000000	0.0110087494
1525.9500000000	0.0111136668
1525.9600000000	0.0111911339
1525.9700000000	0.0112457690
1525.9800000000	0.0113146754
1525.9900000000	0.0113321026
1526.0000000000	0.0113173591
1526.0100000000	0.0113332170
1526.0200000000	0.0113385022
1526.0300000000	0.0113166978
1526.0400000000	0.0113016806
1526.0500000000	0.0112944485
1526.0600000000	0.0113213149
1526.0700000000	0.0113503423
1526.0800000000	0.0113441308
1526.0900000000	0.0113938194
1526.1000000000	0.0114735129
1526.1100000000	0.0114978417
1526.1200000000	0.0115179184
1526.1300000000	0.0115322207
1526.1400000000	0.0115402251
1526.1500000000	0.0115185556
1526.1600000000	0.0114545564
1526.1700000000	0.0113602740
1526.1800000000	0.0112582837
1526.1900000000	0.0111261947
1526.2000000000	0.0109861317
1526.2100000000	0.0108828795
1526.2200000000	0.0108033078
1526.2300000000	0.0107065449
1526.2400000000	0.0106376531
1526.2500000000	0.0106010894
1526.2600000000	0.0105905820
1526.2700000000	0.0106285255
1526.2800000000	0.0106647282
1526.2900000000	0.0107415833
1526.3000000000	0.0108272089
1526.3100000000	0.0108441181
1526.3200000000	0.0108715150
1526.3300000000	0.0108837739
1526.3400000000	0.0108392700
1526.3500000000	0.0107598472
1526.3600000000	0.0106532465
1526.3700000000	0.0105312346
1526.3800000000	0.0104052849
1526.3900000000	0.0102727105
1526.4000000000	0.0101257281
1526.4100000000	0.0100019335
1526.4200000000	0.0099378852
1526.4300000000	0.0098965324
1526.4400000000	0.0098445005
1526.4500000000	0.0098367373
1526.4600000000	0.0098361470
1526.4700000000	0.0098458559
1526.4800000000	0.0098547927
1526.4900000000	0.0098555667
1526.5000000000	0.0098716913
1526.5100000000	0.0098843105
1526.5200000000	0.0098735139
1526.5300000000	0.0098450855
1526.5400000000	0.0097986040
1526.5500000000	0.0097431830
1526.5600000000	0.0096513750
1526.5700000000	0.0095349184
1526.5800000000	0.0094439455
1526.5900000000	0.0093644357
1526.6000000000	0.0092833407
1526.6100000000	0.0092303508
1526.6200000000	0.0092175815
1526.6300000000	0.0092125675
1526.6400000000	0.0092259718
1526.6500000000	0.0092425364
1526.6600000000	0.0092242946
1526.6700000000	0.0091951072
1526.6800000000	0.0091718587
1526.6900000000	0.0091476995
1526.7000000000	0.0090921548
1526.7100000000	0.0090008191
1526.7200000000	0.0088916475
1526.7300000000	0.0087972021
1526.7400000000	0.0087008501
1526.7500000000	0.0085927849
1526.7600000000	0.0085129602
1526.7700000000	0.0084500848
1526.7800000000	0.0084019250
1526.7900000000	0.0083767505
1526.8000000000	0.0083701834
1526.8100000000	0.0083980725
1526.8200000000	0.0084456266
1526.8300000000	0.0085142758
1526.8400000000	0.0086034673
1526.8500000000	0.0086965938
1526.8600000000	0.0087917096
1526.8700000000	0.0088566839
1526.8800000000	0.0088934129
1526.8900000000	0.0089088248
1526.9000000000	0.0088939781
1526.9100000000	0.0088606602
1526.9200000000	0.0088034941
1526.9300000000	0.0087108330
1526.9400000000	0.0086133186
1526.9500000000	0.0084943961
1526.9600000000	0.0083959543
1526.9700000000	0.0083174768
1526.9800000000	0.0082360339
1526.9900000000	0.0081842548
1527.0000000000	0.0081483654
1527.0100000000	0.0081199663
1527.0200000000	0.0081150585
1527.0300000000	0.0081350390
1527.0400000000	0.0081577045
1527.0500000000	0.0081829558
1527.0600000000	0.0081892611
1527.0700000000	0.0081825577
1527.0800000000	0.0081746849
1527.0900000000	0.0081484639
1527.1000000000	0.0081236936
1527.1100000000	0.0080986275
1527.1200000000	0.0080784280
1527.1300000000	0.0080469264
1527.1400000000	0.0080266404
1527.1500000000	0.0080131418
1527.1600000000	0.0079804507
1527.1700000000	0.0079855428
1527.1800000000	0.0080045410
1527.1900000000	0.0080225990
1527.2000000000	0.0080160628
1527.2100000000	0.0080046378
1527.2200000000	0.0079556647
1527.2300000000	0.0079055040
1527.2400000000	0.0078603760
1527.2500000000	0.0077848186
1527.2600000000	0.0076949200
1527.2700000000	0.0075857812
1527.2800000000	0.0074574617
1527.2900000000	0.0073315300
1527.3000000000	0.0072216372
1527.3100000000	0.0071213042
1527.3200000000	0.0070234399
1527.3300000000	0.0069433000
1527.3400000000	0.0068944839
1527.3500000000	0.0068717531
1527.3600000000	0.0068648878
1527.3700000000	0.0068856493
1527.3800000000	0.0069240965
1527.3900000000	0.0069651571
1527.4000000000	0.0070039581
1527.4100000000	0.0070423329
1527.4200000000	0.0070590997
1527.4300000000	0.0070507453
1527.4400000000	0.0070498953
1527.4500000000	0.0070187444
1527.4600000000	0.0069618615
1527.4700000000	0.0069114427
1527.4800000000	0.0068461262
1527.4900000000	0.0067681827
1527.5000000000	0.0067156526
1527.5100000000	0.0066962705
1527.5200000000	0.0066838984
1527.5300000000	0.0066664470
1527.5400000000	0.0066433483
1527.5500000000	0.0066324086
1527.5600000000	0.0066378076
1527.5700000000	0.0066378965
1527.5800000000	0.0066412041
1527.5900000000	0.0066535792
1527.6000000000	0.0066593869
1527.6100000000	0.0066429024
1527.6200000000	0.0066083643
1527.6300000000	0.0065429391
1527.6400000000	0.0064523864
1527.6500000000	0.0063686856
1527.6600000000	0.0063178339
1527.6700000000	0.0062701969
1527.6800000000	0.0062223062
1527.6900000000	0.0061859409
1527.7000000000	0.0061895128
1527.7100000000	0.0062152274
1527.7200000000	0.0062438917
1527.7300000000	0.0062933553
1527.7400000000	0.0063800057
1527.7500000000	0.0064517776
1527.7600000000	0.0065136617
1527.7700000000	0.0065751686
1527.7800000000	0.0066344549
1527.7900000000	0.0066868281
1527.8000000000	0.0067043372
1527.8100000000	0.0066699863
1527.8200000000	0.0065993515
1527.8300000000	0.0065136112
1527.8400000000	0.0064133614
1527.8500000000	0.0062956582
1527.8600000000	0.0061870407
1527.8700000000	0.0060860746
1527.8800000000	0.0059968028
1527.8900000000	0.0059173362
1527.9000000000	0.0058708941
1527.9100000000	0.0058551155
1527.9200000000	0.0058717312
1527.9300000000	0.0059279593
1527.9400000000	0.0059944431
1527.9500000000	0.0060685120
1527.9600000000	0.0061411168
1527.9700000000	0.0062139979
1527.9800000000	0.0062677393
1527.9900000000	0.0063120688
1528.0000000000	0.0063414313
1528.0100000000	0.0063300447
1528.0200000000	0.0063045444
1528.0300000000	0.0062551613
1528.0400000000	0.0062034172
1528.0500000000	0.0061100990
1528.0600000000	0.0060280038
1528.0700000000	0.0059819832
1528.0800000000	0.0059441388
1528.0900000000	0.0059221432
1528.1000000000	0.0059056930
1528.1100000000	0.0058902939
1528.1200000000	0.0058874841
1528.1300000000	0.0058839024
1528.1400000000	0.0058789853
1528.1500000000	0.0059006275
1528.1600000000	0.0059424049
1528.1700000000	0.0059495560
1528.1800000000	0.0059464495
1528.1900000000	0.0059491546
1528.2000000000	0.0059656273
1528.2100000000	0.0059446791
1528.2200000000	0.0059424037
1528.2300000000	0.0059358311
1528.2400000000	0.0059287400
1528.2500000000	0.0059281028
1528.2600000000	0.0059522632
1528.2700000000	0.0059913616
1528.2800000000	0.0060573713
1528.2900000000	0.0061264584
1528.3000000000	0.0061945631
1528.3100000000	0.0062631011
1528.3200000000	0.0063318614
1528.3300000000	0.0063942557
1528.3400000000	0.0064413879
1528.3500000000	0.0065006189
1528.3600000000	0.0065398047
1528.3700000000	0.0065377104
1528.3800000000	0.0065209882
1528.3900000000	0.0065053342
1528.4000000000	0.0064577219
1528.4100000000	0.0063997627
1528.4200000000	0.0063630080
1528.4300000000	0.0063447070
1528.4400000000	0.0063263018
1528.4500000000	0.0063151075
1528.4600000000	0.0062846526
1528.4700000000	0.0062788224
1528.4800000000	0.0063077874
1528.4900000000	0.0063571649
1528.5000000000	0.0064245570
1528.5100000000	0.0064492517
1528.5200000000	0.0064909096
1528.5300000000	0.0065186706
1528.5400000000	0.0065335342
1528.5500000000	0.0065470043
1528.5600000000	0.0065631823
1528.5700000000	0.0065832007
1528.5800000000	0.0065970071
1528.5900000000	0.0065953656
1528.6000000000	0.0065784929
1528.6100000000	0.0065692882
1528.6200000000	0.0065704920
1528.6300000000	0.0065763684
1528.6400000000	0.0065881431
1528.6500000000	0.0065931490
1528.6600000000	0.0065931490
1528.6700000000	0.0065902881
1528.6800000000	0.0065925902
1528.6900000000	0.0065900786
1528.7000000000	0.0065554073
1528.7100000000	0.0064999681
1528.7200000000	0.0064485387
1528.7300000000	0.0063786902
1528.7400000000	0.0063162094
1528.7500000000	0.0062651303
1528.7600000000	0.0062150734
1528.7700000000	0.0061761543
1528.7800000000	0.0061349968
1528.7900000000	0.0061023404
1528.8000000000	0.0061181548
1528.8100000000	0.0061375731
1528.8200000000	0.0061569347
1528.8300000000	0.0062194217
1528.8400000000	0.0063050440
1528.8500000000	0.0063974696
1528.8600000000	0.0064826321
1528.8700000000	0.0065663323
1528.8800000000	0.0066499605
1528.8900000000	0.0067141801
1528.9000000000	0.0067633220
1528.9100000000	0.0068075370
1528.9200000000	0.0068340225
1528.9300000000	0.0068421664
1528.9400000000	0.0068199994
1528.9500000000	0.0067478191
1528.9600000000	0.0066858084
1528.9700000000	0.0066573678
1528.9800000000	0.0066478439
1528.9900000000	0.0066588188
1529.0000000000	0.0066670315
1529.0100000000	0.0066712638
1529.0200000000	0.0066966205
1529.0300000000	0.0067575503
1529.0400000000	0.0067838676
1529.0500000000	0.0068252537
1529.0600000000	0.0068999010
1529.0700000000	0.0069341046
1529.0800000000	0.0069497383
1529.0900000000	0.0069590674
1529.1000000000	0.0069518455
1529.1100000000	0.0069351473
1529.1200000000	0.0069484130
1529.1300000000	0.0069434791
1529.1400000000	0.0069124432
1529.1500000000	0.0069078305
1529.1600000000	0.0069016907
1529.1700000000	0.0069203465
1529.1800000000	0.0069598849
1529.1900000000	0.0069595644
1529.2000000000	0.0069768477
1529.2100000000	0.0070474947
1529.2200000000	0.0071041921
1529.2300000000	0.0071690989
1529.2400000000	0.0072169869
1529.2500000000	0.0072396681
1529.2600000000	0.0072858616
1529.2700000000	0.0073148321
1529.2800000000	0.0072698514
1529.2900000000	0.0072555743
1529.3000000000	0.0072322389
1529.3100000000	0.0071720081
1529.3200000000	0.0071501052
1529.3300000000	0.0071500527
1529.3400000000	0.0071234725
1529.3500000000	0.0070955427
1529.3600000000	0.0070950153
1529.3700000000	0.0071194003
1529.3800000000	0.0071600122
1529.3900000000	0.0072130501
1529.4000000000	0.0072662766
1529.4100000000	0.0073364373
1529.4200000000	0.0073867377
1529.4300000000	0.0074094189
1529.4400000000	0.0074151936
1529.4500000000	0.0074055998
1529.4600000000	0.0073797637
1529.4700000000	0.0073663550
1529.4800000000	0.0073480726
1529.4900000000	0.0073152644
1529.5000000000	0.0072657723
1529.5100000000	0.0072070760
1529.5200000000	0.0071827914
1529.5300000000	0.0071991992
1529.5400000000	0.0071987981
1529.5500000000	0.0072180993
1529.5600000000	0.0072610201
1529.5700000000	0.0073141441
1529.5800000000	0.0073659724
1529.5900000000	0.0074294801
1529.6000000000	0.0075167337
1529.6100000000	0.0076063091
1529.6200000000	0.0076829680
1529.6300000000	0.0077453242
1529.6400000000	0.0077704962
1529.6500000000	0.0078010915
1529.6600000000	0.0078135933
1529.6700000000	0.0078075620
1529.6800000000	0.0077953265
1529.6900000000	0.0077563348
1529.7000000000	0.0077301644
1529.7100000000	0.0077050224
1529.7200000000	0.0076950794
1529.7300000000	0.0077508522
1529.7400000000	0.0078264474
1529.7500000000	0.0078892027
1529.7600000000	0.0079716386
1529.7700000000	0.0080398768
1529.7800000000	0.0081078107
1529.7900000000	0.0081722417
1529.8000000000	0.0082290386
1529.8100000000	0.0082571622
1529.8200000000	0.0082593415
1529.8300000000	0.0082297152
1529.8400000000	0.0081737981
1529.8500000000	0.0080925733
1529.8600000000	0.0080190395
1529.8700000000	0.0079494181
1529.8800000000	0.0078999162
1529.8900000000	0.0078801214
1529.9000000000	0.0078862355
1529.9100000000	0.0078927434
1529.9200000000	0.0079100131
1529.9300000000	0.0079605903
1529.9400000000	0.0080298351
1529.9500000000	0.0081264392
1529.9600000000	0.0082560910
1529.9700000000	0.0084067749
1529.9800000000	0.0085207010
1529.9900000000	0.0085864445
1530.0000000000	0.0086242706
1530.0100000000	0.0086587277
1530.0200000000	0.0086560475
1530.0300000000	0.0086118878
1530.0400000000	0.0085276503
1530.0500000000	0.0084189627
1530.0600000000	0.0082962030
1530.0700000000	0.0081719236
1530.0800000000	0.0080731979
1530.0900000000	0.0079989021
1530.1000000000	0.0079651950
1530.1100000000	0.0079363182
1530.1200000000	0.0079315627
1530.1300000000	0.0079525621
1530.1400000000	0.0080024816
1530.1500000000	0.0080705545
1530.1600000000	0.0081515036
1530.1700000000	0.0082325963
1530.1800000000	0.0082780330
1530.1900000000	0.0082972419
1530.2000000000	0.0083257239
1530.2100000000	0.0083404869
1530.2200000000	0.0083308900
1530.2300000000	0.0083101146
1530.2400000000	0.0082786723
1530.2500000000	0.0082364295
1530.2600000000	0.0082055998
1530.2700000000	0.0081735282
1530.2800000000	0.0081570963
1530.2900000000	0.0081749597
1530.3000000000	0.0082121517
1530.3100000000	0.0083055378
1530.3200000000	0.0083764130
1530.3300000000	0.0084238156
1530.3400000000	0.0085053372
1530.3500000000	0.0085891145
1530.3600000000	0.0086870977
1530.3700000000	0.0087649065
1530.3800000000	0.0088372139
1530.3900000000	0.0088855689
1530.4000000000	0.0088955777
1530.4100000000	0.0088438292
1530.4200000000	0.0087609617
1530.4300000000	0.0086965300
1530.4400000000	0.0086427165
1530.4500000000	0.0085924373
1530.4600000000	0.0085743769
1530.4700000000	0.0085657635
1530.4800000000	0.0085641366
1530.4900000000	0.0086137747
1530.5000000000	0.0087170087
1530.5100000000	0.0088496481
1530.5200000000	0.0090118940
1530.5300000000	0.0091631067
1530.5400000000	0.0093001715
1530.5500000000	0.0094447314
1530.5600000000	0.0095739996
1530.5700000000	0.0096852586
1530.5800000000	0.0097466858
1530.5900000000	0.0098015358
1530.6000000000	0.0098419519
1530.6100000000	0.0098325037
1530.6200000000	0.0097989470
1530.6300000000	0.0097638265
1530.6400000000	0.0097441459
1530.6500000000	0.0097316776
1530.6600000000	0.0097291989
1530.6700000000	0.0097248095
1530.6800000000	0.0097144014
1530.6900000000	0.0097185149
1530.7000000000	0.0097406181
1530.7100000000	0.0097812134
1530.7200000000	0.0098160073
1530.7300000000	0.0098211291
1530.7400000000	0.0098067226
1530.7500000000	0.0097606459
1530.7600000000	0.0097193825
1530.7700000000	0.0096805924
1530.7800000000	0.0096457957
1530.7900000000	0.0095821717
1530.8000000000	0.0095281402
1530.8100000000	0.0094712270
1530.8200000000	0.0094197963
1530.8300000000	0.0093887770
1530.8400000000	0.0093729012
1530.8500000000	0.0093898651
1530.8600000000	0.0094644305
1530.8700000000	0.0095470788
1530.8800000000	0.0096439353
1530.8900000000	0.0096965649
1530.9000000000	0.0097509473
1530.9100000000	0.0098032518
1530.9200000000	0.0098553996
1530.9300000000	0.0098953574
1530.9400000000	0.0099364775
1530.9500000000	0.0099639351
1530.9600000000	0.0099622189
1530.9700000000	0.0099412879
1530.9800000000	0.0099149846
1530.9900000000	0.0099000765
1531.0000000000	0.0098608890
1531.0100000000	0.0098240501
1531.0200000000	0.0098465681
1531.0300000000	0.0098792808
1531.0400000000	0.0099530473
1531.0500000000	0.0100440172
1531.0600000000	0.0101385787
1531.0700000000	0.0102760749
1531.0800000000	0.0104148144
1531.0900000000	0.0105529317
1531.1000000000	0.0106767151
1531.1100000000	0.0107633853
1531.1200000000	0.0108172548
1531.1300000000	0.0108617140
1531.1400000000	0.0108990975
1531.1500000000	0.0109082235
1531.1600000000	0.0108994512
1531.1700000000	0.0108816142
1531.1800000000	0.0108658245
1531.1900000000	0.0108641265
1531.2000000000	0.0108748354
1531.2100000000	0.0109090551
1531.2200000000	0.0109430410
1531.2300000000	0.0109892703
1531.2400000000	0.0110560921
1531.2500000000	0.0111446723
1531.2600000000	0.0112573012
1531.2700000000	0.0113586716
1531.2800000000	0.0114420448
1531.2900000000	0.0114821993
1531.3000000000	0.0114791901
1531.3100000000	0.0114436565
1531.3200000000	0.0113846379
1531.3300000000	0.0113104533
1531.3400000000	0.0112249659
1531.3500000000	0.0111350354
1531.3600000000	0.0110813575
1531.3700000000	0.0110455660
1531.3800000000	0.0110022122
1531.3900000000	0.0109832008
1531.4000000000	0.0110020409
1531.4100000000	0.0110443343
1531.4200000000	0.0111148327
1531.4300000000	0.0112085385
1531.4400000000	0.0113186809
1531.4500000000	0.0114387017
1531.4600000000	0.0115517462
1531.4700000000	0.0116441088
1531.4800000000	0.0117089245
1531.4900000000	0.0117036898
1531.5000000000	0.0116524402
1531.5100000000	0.0115977560
1531.5200000000	0.0115094893
1531.5300000000	0.0113943039
1531.5400000000	0.0112683366
1531.5500000000	0.0111564750
1531.5600000000	0.0110998477
1531.5700000000	0.0110606917
1531.5800000000	0.0110464252
1531.5900000000	0.0110578175
1531.6000000000	0.0110855803
1531.6100000000	0.0111568998
1531.6200000000	0.0112596370
1531.6300000000	0.0113920399
1531.6400000000	0.0115228368
1531.6500000000	0.0116658013
1531.6600000000	0.0118132757
1531.6700000000	0.0119405768
1531.6800000000	0.0120521184
1531.6900000000	0.0121469143
1531.7000000000	0.0122275383
1531.7100000000	0.0122759128
1531.7200000000	0.0122787174
1531.7300000000	0.0122881669
1531.7400000000	0.0123128383
1531.7500000000	0.0123316454
1531.7600000000	0.0123658812
1531.7700000000	0.0124246743
1531.7800000000	0.0124871504
1531.7900000000	0.0125687385
1531.8000000000	0.0126596162
1531.8100000000	0.0127419503
1531.8200000000	0.0128460709
1531.8300000000	0.0129627366
1531.8400000000	0.0130327347
1531.8500000000	0.0131101676
1531.8600000000	0.0131465058
1531.8700000000	0.0131250113
1531.8800000000	0.0130639217
1531.8900000000	0.0129768427
1531.9000000000	0.0128500669
1531.9100000000	0.0127443852
1531.9200000000	0.0126346335
1531.9300000000	0.0125406700
1531.9400000000	0.0124890119
1531.9500000000	0.0124614971
1531.9600000000	0.0124794184
1531.9700000000	0.0125697414
1531.9800000000	0.0126962374
1531.9900000000	0.0128268137
1532.0000000000	0.0129671106
1532.0100000000	0.0131110754
1532.0200000000	0.0132273127
1532.0300000000	0.0133261017
1532.0400000000	0.0134415475
1532.0500000000	0.0135342722
1532.0600000000	0.0135643260
1532.0700000000	0.0135436154
1532.0800000000	0.0134786897
1532.0900000000	0.0134018522
1532.1000000000	0.0132990562
1532.1100000000	0.0132184487
1532.1200000000	0.0131489903
1532.1300000000	0.0130865133
1532.1400000000	0.0130534644
1532.1500000000	0.0131101676
1532.1600000000	0.0131564597
1532.1700000000	0.0132027354
1532.1800000000	0.0132841848
1532.1900000000	0.0133546949
1532.2000000000	0.0133966907
1532.2100000000	0.0134294402
1532.2200000000	0.0134459155
1532.2300000000	0.0134352236
1532.2400000000	0.0134292291
1532.2500000000	0.0134296874
1532.2600000000	0.0133946389
1532.2700000000	0.0133561748
1532.2800000000	0.0133089526
1532.2900000000	0.0132336736
1532.3000000000	0.0131946032
1532.3100000000	0.0131947888
1532.3200000000	0.0132334865
1532.3300000000	0.0133272413
1532.3400000000	0.0134702394
1532.3500000000	0.0136522590
1532.3600000000	0.0138567467
1532.3700000000	0.0140497356
1532.3800000000	0.0142098668
1532.3900000000	0.0143735910
1532.4000000000	0.0144848896
1532.4100000000	0.0145420925
1532.4200000000	0.0145963562
1532.4300000000	0.0145949538
1532.4400000000	0.0145209119
1532.4500000000	0.0144359689
1532.4600000000	0.0143304052
1532.4700000000	0.0142003246
1532.4800000000	0.0140855159
1532.4900000000	0.0139778996
1532.5000000000	0.0138663353
1532.5100000000	0.0137823768
1532.5200000000	0.0137485970
1532.5300000000	0.0137759459
1532.5400000000	0.0138735111
1532.5500000000	0.0139843169
1532.5600000000	0.0141085688
1532.5700000000	0.0143071066
1532.5800000000	0.0145017776
1532.5900000000	0.0146757270
1532.6000000000	0.0148635539
1532.6100000000	0.0150132544
1532.6200000000	0.0151387492
1532.6300000000	0.0152066492
1532.6400000000	0.0152112516
1532.6500000000	0.0152085812
1532.6600000000	0.0151798169
1532.6700000000	0.0150933419
1532.6800000000	0.0149811084
1532.6900000000	0.0149010400
1532.7000000000	0.0148369507
1532.7100000000	0.0147760996
1532.7200000000	0.0147501938
1532.7300000000	0.0147715572
1532.7400000000	0.0148330583
1532.7500000000	0.0148982427
1532.7600000000	0.0149683501
1532.7700000000	0.0150525096
1532.7800000000	0.0151132930
1532.7900000000	0.0151691425
1532.8000000000	0.0152168720
1532.8100000000	0.0152880618
1532.8200000000	0.0153281453
1532.8300000000	0.0153268794
1532.8400000000	0.0153488843
1532.8500000000	0.0154059600
1532.8600000000	0.0154369766
1532.8700000000	0.0154665225
1532.8800000000	0.0155300704
1532.8900000000	0.0155988634
1532.9000000000	0.0156647141
1532.9100000000	0.0157595804
1532.9200000000	0.0158516738
1532.9300000000	0.0158823514
1532.9400000000	0.0158904053
1532.9500000000	0.0158813803
1532.9600000000	0.0158518044
1532.9700000000	0.0157937549
1532.9800000000	0.0157188993
1532.9900000000	0.0156532432
1533.0000000000	0.0155670463
1533.0100000000	0.0154727602
1533.0200000000	0.0154249718
1533.0300000000	0.0153967896
1533.0400000000	0.0153652601
1533.0500000000	0.0153691927
1533.0600000000	0.0154042944
1533.0700000000	0.0154722398
1533.0800000000	0.0155870435
1533.0900000000	0.0157329101
1533.1000000000	0.0159386368
1533.1100000000	0.0161566283
1533.1200000000	0.0163659122
1533.1300000000	0.0165509390
1533.1400000000	0.0167031996
1533.1500000000	0.0168249794
1533.1600000000	0.0169058709
1533.1700000000	0.0169355051
1533.1800000000	0.0169351438
1533.1900000000	0.0169235433
1533.2000000000	0.0169037826
1533.2100000000	0.0168608302
1533.2200000000	0.0168102161
1533.2300000000	0.0167727910
1533.2400000000	0.0167682036
1533.2500000000	0.0168105438
1533.2600000000	0.0168532969
1533.2700000000	0.0169366144
1533.2800000000	0.0170486662
1533.2900000000	0.0171889703
1533.3000000000	0.0173505675
1533.3100000000	0.0174834989
1533.3200000000	0.0175859256
1533.3300000000	0.0176953994
1533.3400000000	0.0177999367
1533.3500000000	0.0178496996
1533.3600000000	0.0178386413
1533.3700000000	0.0178229287
1533.3800000000	0.0177822704
1533.3900000000	0.0177192752
1533.4000000000	0.0176604176
1533.4100000000	0.0176089039
1533.4200000000	0.0175845858
1533.4300000000	0.0175562967
1533.4400000000	0.0175302773
1533.4500000000	0.0175573787
1533.4600000000	0.0176099600
1533.4700000000	0.0176793673
1533.4800000000	0.0177828978
1533.4900000000	0.0178785044
1533.5000000000	0.0179444741
1533.5100000000	0.0180323189
1533.5200000000	0.0180898235
1533.5300000000	0.0181044661
1533.5400000000	0.0180310963
1533.5500000000	0.0179073832
1533.5600000000	0.0178129184
1533.5700000000	0.0177014976
1533.5800000000	0.0175420441
1533.5900000000	0.0173866452
1533.6000000000	0.0172680689
1533.6100000000	0.0171435215
1533.6200000000	0.0170158302
1533.6300000000	0.0169515087
1533.6400000000	0.0169643048
1533.6500000000	0.0170020980
1533.6600000000	0.0170777197
1533.6700000000	0.0171481573
1533.6800000000	0.0172201741
1533.6900000000	0.0173233596
1533.7000000000	0.0174123828
1533.7100000000	0.0174852071
1533.7200000000	0.0175860878
1533.7300000000	0.0176722709
1533.7400000000	0.0177180106
1533.7500000000	0.0177823702
1533.7600000000	0.0178697914
1533.7700000000	0.0179433247
1533.7800000000	0.0180361478
1533.7900000000	0.0181220997
1533.8000000000	0.0182088935
1533.8100000000	0.0183247216
1533.8200000000	0.0184718878
1533.8300000000	0.0186439550
1533.8400000000	0.0188623364
1533.8500000000	0.0190458869
1533.8600000000	0.0192253928
1533.8700000000	0.0194064304
1533.8800000000	0.0195290520
1533.8900000000	0.0195923364
1533.9000000000	0.0196428234
1533.9100000000	0.0196391331
1533.9200000000	0.0195906899
1533.9300000000	0.0195293851
1533.9400000000	0.0194609935
1533.9500000000	0.0194223996
1533.9600000000	0.0193898700
1533.9700000000	0.0193432816
1533.9800000000	0.0193367672
1533.9900000000	0.0193559543
1534.0000000000	0.0194225711
1534.0100000000	0.0195671644
1534.0200000000	0.0197238108
1534.0300000000	0.0198454463
1534.0400000000	0.0199446961
1534.0500000000	0.0201428214
1534.0600000000	0.0203188883
1534.0700000000	0.0204102620
1534.0800000000	0.0204496657
1534.0900000000	0.0204532780
1534.1000000000	0.0204303071
1534.1100000000	0.0203445330
1534.1200000000	0.0201961265
1534.1300000000	0.0200392092
1534.1400000000	0.0199016283
1534.1500000000	0.0197731034
1534.1600000000	0.0196182036
1534.1700000000	0.0195293857
1534.1800000000	0.0194825778
1534.1900000000	0.0194583071
1534.2000000000	0.0194613032
1534.2100000000	0.0194951399
1534.2200000000	0.0195865931
1534.2300000000	0.0196876671
1534.2400000000	0.0197561754
1534.2500000000	0.0198411696
1534.2600000000	0.0199365182
1534.2700000000	0.0200086422
1534.2800000000	0.0200141231
1534.2900000000	0.0199851424
1534.3000000000	0.0199489368
1534.3100000000	0.0199067246
1534.3200000000	0.0198733717
1534.3300000000	0.0198236613
1534.3400000000	0.0197631524
1534.3500000000	0.0197479245
1534.3600000000	0.0197474568
1534.3700000000	0.0197454889
1534.3800000000	0.0197695583
1534.3900000000	0.0198095627
1534.4000000000	0.0198793876
1534.4100000000	0.0199396566
1534.4200000000	0.0199965735
1534.4300000000	0.0200625935
1534.4400000000	0.0201031636
1534.4500000000	0.0201099380
1534.4600000000	0.0200957051
1534.4700000000	0.0200605396
1534.4800000000	0.0200073118
1534.4900000000	0.0199702461
1534.5000000000	0.0199737244
1534.5100000000	0.0199579104
1534.5200000000	0.0198965067
1534.5300000000	0.0198833623
1534.5400000000	0.0199613555
1534.5500000000	0.0201097225
1534.5600000000	0.0203025140
1534.5700000000	0.0204973032
1534.5800000000	0.0207039628
1534.5900000000	0.0209654449
1534.6000000000	0.0212393156
1534.6100000000	0.0214749386
1534.6200000000	0.0216460940
1534.6300000000	0.0217859359
1534.6400000000	0.0219034187
1534.6500000000	0.0219212530
1534.6600000000	0.0218691583
1534.6700000000	0.0217763651
1534.6800000000	0.0217006657
1534.6900000000	0.0215478401
1534.7000000000	0.0213461113
1534.7100000000	0.0211871122
1534.7200000000	0.0211021023
1534.7300000000	0.0210295717
1534.7400000000	0.0209687342
1534.7500000000	0.0209616942
1534.7600000000	0.0210036203
1534.7700000000	0.0210624079
1534.7800000000	0.0211184493
1534.7900000000	0.0211633984
1534.8000000000	0.0211865535
1534.8100000000	0.0212291319
1534.8200000000	0.0212813899
1534.8300000000	0.0213153580
1534.8400000000	0.0213145420
1534.8500000000	0.0212830154
1534.8600000000	0.0212848951
1534.8700000000	0.0213000275
1534.8800000000	0.0212717364
1534.8900000000	0.0212292590
1534.9000000000	0.0212111320
1534.9100000000	0.0212609388
1534.9200000000	0.0213715805
1534.9300000000	0.0215149778
1534.9400000000	0.0216444964
1534.9500000000	0.0218235762
1534.9600000000	0.0220502030
1534.9700000000	0.0221977748
1534.9800000000	0.0223159061
1534.9900000000	0.0224350915
1535.0000000000	0.0225149454
1535.0100000000	0.0225043608
1535.0200000000	0.0224424218
1535.0300000000	0.0223905150
1535.0400000000	0.0223754978
1535.0500000000	0.0223499969
1535.0600000000	0.0223135449
1535.0700000000	0.0222884837
1535.0800000000	0.0223053171
1535.0900000000	0.0223806171
1535.1000000000	0.0224905881
1535.1100000000	0.0226186697
1535.1200000000	0.0227791437
1535.1300000000	0.0230479142
1535.1400000000	0.0233766453
1535.1500000000	0.0236715547
1535.1600000000	0.0239270557
1535.1700000000	0.0242018304
1535.1800000000	0.0244584306
1535.1900000000	0.0245692878
1535.2000000000	0.0245767773
1535.2100000000	0.0245355519
1535.2200000000	0.0244495237
1535.2300000000	0.0242513706
1535.2400000000	0.0240138540
1535.2500000000	0.0237888879
1535.2600000000	0.0235411552
1535.2700000000	0.0232717517
1535.2800000000	0.0230517018
1535.2900000000	0.0228746615
1535.3000000000	0.0227425514
1535.3100000000	0.0227272752
1535.3200000000	0.0228118512
1535.3300000000	0.0229259958
1535.3400000000	0.0230344175
1535.3500000000	0.0231534312
1535.3600000000	0.0232564537
1535.3700000000	0.0233067612
1535.3800000000	0.0233301991
1535.3900000000	0.0232660893
1535.4000000000	0.0231605250
1535.4100000000	0.0230827733
1535.4200000000	0.0229693597
1535.4300000000	0.0227637996
1535.4400000000	0.0225370540
1535.4500000000	0.0223572408
1535.4600000000	0.0222036421
1535.4700000000	0.0221054320
1535.4800000000	0.0220993936
1535.4900000000	0.0221363602
1535.5000000000	0.0222431339
1535.5100000000	0.0223807579
1535.5200000000	0.0225665947
1535.5300000000	0.0228190813
1535.5400000000	0.0230853477
1535.5500000000	0.0233413582
1535.5600000000	0.0235287085
1535.5700000000	0.0236260537
1535.5800000000	0.0237114741
1535.5900000000	0.0237993581
1535.6000000000	0.0238101332
1535.6100000000	0.0237418791
1535.6200000000	0.0237127802
1535.6300000000	0.0237210631
1535.6400000000	0.0237268687
1535.6500000000	0.0237386748
1535.6600000000	0.0237669913
1535.6700000000	0.0238481846
1535.6800000000	0.0239657308
1535.6900000000	0.0240616401
1535.7000000000	0.0241948431
1535.7100000000	0.0244001483
1535.7200000000	0.0245993622
1535.7300000000	0.0247941568
1535.7400000000	0.0249717323
1535.7500000000	0.0250680838
1535.7600000000	0.0251607557
1535.7700000000	0.0252218326
1535.7800000000	0.0251930464
1535.7900000000	0.0251549563
1535.8000000000	0.0250794520
1535.8100000000	0.0249905946
1535.8200000000	0.0249561578
1535.8300000000	0.0249157003
1535.8400000000	0.0248416016
1535.8500000000	0.0247904053
1535.8600000000	0.0247932663
1535.8700000000	0.0248149671
1535.8800000000	0.0248885397
1535.8900000000	0.0250580883
1535.9000000000	0.0252261649
1535.9100000000	0.0254027742
1535.9200000000	0.0255725193
1535.9300000000	0.0256632263
1535.9400000000	0.0257130871
1535.9500000000	0.0257868325
1535.9600000000	0.0258320054
1535.9700000000	0.0258681684
1535.9800000000	0.0258995789
1535.9900000000	0.0258077659
1536.0000000000	0.0257317089
1536.0100000000	0.0256713226
1536.0200000000	0.0256067072
1536.0300000000	0.0255959468
1536.0400000000	0.0256101073
1536.0500000000	0.0256847533
1536.0600000000	0.0258266723
1536.0700000000	0.0259980431
1536.0800000000	0.0261725600
1536.0900000000	0.0263217604
1536.1000000000	0.0264318782
1536.1100000000	0.0265051599
1536.1200000000	0.0265894872
1536.1300000000	0.0266716784
1536.1400000000	0.0267011513
1536.1500000000	0.0266896270
1536.1600000000	0.0266527346
1536.1700000000	0.0265898464
1536.1800000000	0.0264493753
1536.1900000000	0.0263086076
1536.2000000000	0.0261968290
1536.2100000000	0.0261192892
1536.2200000000	0.0261165996
1536.2300000000	0.0261843497
1536.2400000000	0.0263155754
1536.2500000000	0.0264864276
1536.2600000000	0.0266977837
1536.2700000000	0.0269425080
1536.2800000000	0.0271495555
1536.2900000000	0.0272810059
1536.3000000000	0.0273975542
1536.3100000000	0.0274993300
1536.3200000000	0.0275223896
1536.3300000000	0.0274795542
1536.3400000000	0.0273536749
1536.3500000000	0.0271771427
1536.3600000000	0.0270057640
1536.3700000000	0.0268869970
1536.3800000000	0.0267979465
1536.3900000000	0.0267114588
1536.4000000000	0.0266327059
1536.4100000000	0.0265474023
1536.4200000000	0.0265053342
1536.4300000000	0.0265250184
1536.4400000000	0.0265858375
1536.4500000000	0.0266919111
1536.4600000000	0.0268134352
1536.4700000000	0.0269611220
1536.4800000000	0.0270814682
1536.4900000000	0.0271312497
1536.5000000000	0.0271803081
1536.5100000000	0.0272470124
1536.5200000000	0.0272727213
1536.5300000000	0.0272619859
1536.5400000000	0.0272703178
1536.5500000000	0.0272775396
1536.5600000000	0.0272610203
1536.5700000000	0.0272404707
1536.5800000000	0.0272198978
1536.5900000000	0.0272106623
1536.6000000000	0.0271969113
1536.6100000000	0.0272618410
1536.6200000000	0.0274280172
1536.6300000000	0.0276580089
1536.6400000000	0.0279065918
1536.6500000000	0.0281412808
1536.6600000000	0.0283547905
1536.6700000000	0.0285246720
1536.6800000000	0.0286271937
1536.6900000000	0.0286779748
1536.7000000000	0.0286789246
1536.7100000000	0.0286220796
1536.7200000000	0.0284702439
1536.7300000000	0.0283067450
1536.7400000000	0.0281326644
1536.7500000000	0.0279654823
1536.7600000000	0.0278562625
1536.7700000000	0.0277168721
1536.7800000000	0.0276219178
1536.7900000000	0.0276581789
1536.8000000000	0.0278263429
1536.8100000000	0.0280942432
1536.8200000000	0.0284175272
1536.8300000000	0.0287054584
1536.8400000000	0.0289501395
1536.8500000000	0.0291434302
1536.8600000000	0.0293119754
1536.8700000000	0.0294415436
1536.8800000000	0.0294754416
1536.8900000000	0.0294221086
1536.9000000000	0.0293081008
1536.9100000000	0.0291159638
1536.9200000000	0.0288536625
1536.9300000000	0.0285631526
1536.9400000000	0.0282387817
1536.9500000000	0.0279504497
1536.9600000000	0.0277386361
1536.9700000000	0.0275792900
1536.9800000000	0.0274825587
1536.9900000000	0.0274968370
1537.0000000000	0.0275833560
1537.0100000000	0.0277394726
1537.0200000000	0.0279119049
1537.0300000000	0.0280868369
1537.0400000000	0.0282793997
1537.0500000000	0.0284545339
1537.0600000000	0.0285465225
1537.0700000000	0.0285601020
1537.0800000000	0.0284555999
1537.0900000000	0.0282669363
1537.1000000000	0.0280475145
1537.1100000000	0.0278109482
1537.1200000000	0.0276483821
1537.1300000000	0.0275678437
1537.1400000000	0.0274253277
1537.1500000000	0.0273410037
1537.1600000000	0.0273779270
1537.1700000000	0.0274522279
1537.1800000000	0.0275671555
1537.1900000000	0.0277441940
1537.2000000000	0.0279672313
1537.2100000000	0.0282191415
1537.2200000000	0.0284605261
1537.2300000000	0.0286864402
1537.2400000000	0.0288970685
1537.2500000000	0.0290702685
1537.2600000000	0.0291302000
1537.2700000000	0.0291069176
1537.2800000000	0.0290835009
1537.2900000000	0.0290631304
1537.3000000000	0.0290022703
1537.3100000000	0.0289141379
1537.3200000000	0.0288341180
1537.3300000000	0.0287259774
1537.3400000000	0.0286725215
1537.3500000000	0.0287112507
1537.3600000000	0.0288386962
1537.3700000000	0.0290513857
1537.3800000000	0.0293361803
1537.3900000000	0.0296440019
1537.4000000000	0.0299318018
1537.4100000000	0.0301740092
1537.4200000000	0.0303602067
1537.4300000000	0.0304974945
1537.4400000000	0.0305764633
1537.4500000000	0.0305908437
1537.4600000000	0.0305695918
1537.4700000000	0.0305032228
1537.4800000000	0.0303733659
1537.4900000000	0.0301531598
1537.5000000000	0.0299341506
1537.5100000000	0.0297075343
1537.5200000000	0.0295109994
1537.5300000000	0.0293778145
1537.5400000000	0.0293753032
1537.5500000000	0.0294907856
1537.5600000000	0.0297091936
1537.5700000000	0.0299675696
1537.5800000000	0.0302656424
1537.5900000000	0.0305375376
1537.6000000000	0.0307627214
1537.6100000000	0.0309680590
1537.6200000000	0.0311293846
1537.6300000000	0.0311557367
1537.6400000000	0.0310417301
1537.6500000000	0.0309020650
1537.6600000000	0.0307022576
1537.6700000000	0.0303944813
1537.6800000000	0.0300998609
1537.6900000000	0.0298250622
1537.7000000000	0.0295915066
1537.7100000000	0.0294136753
1537.7200000000	0.0293330507
1537.7300000000	0.0293492974
1537.7400000000	0.0294419191
1537.7500000000	0.0296266550
1537.7600000000	0.0298120046
1537.7700000000	0.0300532151
1537.7800000000	0.0303435655
1537.7900000000	0.0305585082
1537.8000000000	0.0306858040
1537.8100000000	0.0307618830
1537.8200000000	0.0307619401
1537.8300000000	0.0306887366
1537.8400000000	0.0305360287
1537.8500000000	0.0303596365
1537.8600000000	0.0302066327
1537.8700000000	0.0300441841
1537.8800000000	0.0298824999
1537.8900000000	0.0297257688
1537.9000000000	0.0295719383
1537.9100000000	0.0295000449
1537.9200000000	0.0295923726
1537.9300000000	0.0297836779
1537.9400000000	0.0300074480
1537.9500000000	0.0303065383
1537.9600000000	0.0307032242
1537.9700000000	0.0311128105
1537.9800000000	0.0314664201
1537.9900000000	0.0317616669
1538.0000000000	0.0319509197
1538.0100000000	0.0320521442
1538.0200000000	0.0320607894
1538.0300000000	0.0319836380
1538.0400000000	0.0318867808
1538.0500000000	0.0317241927
1538.0600000000	0.0315252189
1538.0700000000	0.0312937903
1538.0800000000	0.0310937101
1538.0900000000	0.0309198750
1538.1000000000	0.0308433375
1538.1100000000	0.0308958918
1538.1200000000	0.0309990668
1538.1300000000	0.0311188402
1538.1400000000	0.0313009021
1538.1500000000	0.0315300244
1538.1600000000	0.0317459633
1538.1700000000	0.0318527735
1538.1800000000	0.0318646483
1538.1900000000	0.0317947432
1538.2000000000	0.0316680668
1538.2100000000	0.0314695532
1538.2200000000	0.0312102449
1538.2300000000	0.0308958331
1538.2400000000	0.0305379025
1538.2500000000	0.0301321915
1538.2600000000	0.0296889718
1538.2700000000	0.0293194518
1538.2800000000	0.0291169806
1538.2900000000	0.0290438803
1538.3000000000	0.0290331549
1538.3100000000	0.0291491292
1538.3200000000	0.0294253432
1538.3300000000	0.0297784996
1538.3400000000	0.0302197342
1538.3500000000	0.0307195473
1538.3600000000	0.0311341321
1538.3700000000	0.0315251144
1538.3800000000	0.0318013148
1538.3900000000	0.0318503459
1538.4000000000	0.0318431254
1538.4100000000	0.0317924476
1538.4200000000	0.0317080777
1538.4300000000	0.0316085758
1538.4400000000	0.0314876260
1538.4500000000	0.0314013631
1538.4600000000	0.0314109088
1538.4700000000	0.0314680492
1538.4800000000	0.0314934815
1538.4900000000	0.0315627996
1538.5000000000	0.0317503765
1538.5100000000	0.0319417189
1538.5200000000	0.0321374508
1538.5300000000	0.0324097232
1538.5400000000	0.0327180204
1538.5500000000	0.0329070131
1538.5600000000	0.0329992465
1538.5700000000	0.0330977555
1538.5800000000	0.0331222240
1538.5900000000	0.0330647731
1538.6000000000	0.0329528110
1538.6100000000	0.0328054466
1538.6200000000	0.0326709285
1538.6300000000	0.0324859429
1538.6400000000	0.0323196925
1538.6500000000	0.0322141651
1538.6600000000	0.0321452024
1538.6700000000	0.0321040621
1538.6800000000	0.0321467246
1538.6900000000	0.0322059648
1538.7000000000	0.0322781392
1538.7100000000	0.0323922496
1538.7200000000	0.0324453576
1538.7300000000	0.0324998361
1538.7400000000	0.0325339208
1538.7500000000	0.0324441656
1538.7600000000	0.0322541519
1538.7700000000	0.0320974470
1538.7800000000	0.0319331916
1538.7900000000	0.0316332378
1538.8000000000	0.0313336088
1538.8100000000	0.0309939358
1538.8200000000	0.0306182790
1538.8300000000	0.0303859175
1538.8400000000	0.0302673241
1538.8500000000	0.0302099218
1538.8600000000	0.0302744333
1538.8700000000	0.0303982831
1538.8800000000	0.0305994955
1538.8900000000	0.0308331790
1538.9000000000	0.0309644422
1538.9100000000	0.0310668394
1538.9200000000	0.0312073573
1538.9300000000	0.0312251692
1538.9400000000	0.0310813881
1538.9500000000	0.0309380692
1538.9600000000	0.0307026017
1538.9700000000	0.0304061544
1538.9800000000	0.0300936183
1538.9900000000	0.0297438984
1539.0000000000	0.0293799442
1539.0100000000	0.0290784995
1539.0200000000	0.0288613227
1539.0300000000	0.0287443950
1539.0400000000	0.0287946008
1539.0500000000	0.0289551429
1539.0600000000	0.0291785230
1539.0700000000	0.0295464048
1539.0800000000	0.0299745631
1539.0900000000	0.0303809473
1539.1000000000	0.0307935764
1539.1100000000	0.0312061061
1539.1200000000	0.0315387649
1539.1300000000	0.0317979100
1539.1400000000	0.0319753970
1539.1500000000	0.0320919956
1539.1600000000	0.0321695215
1539.1700000000	0.0321620908
1539.1800000000	0.0321135547
1539.1900000000	0.0320681641
1539.2000000000	0.0320012968
1539.2100000000	0.0319313710
1539.2200000000	0.0319181318
1539.2300000000	0.0319362963
1539.2400000000	0.0320200598
1539.2500000000	0.0321638583
1539.2600000000	0.0322881454
1539.2700000000	0.0324204072
1539.2800000000	0.0325609330
1539.2900000000	0.0326363857
1539.3000000000	0.0326718795
1539.3100000000	0.0326152538
1539.3200000000	0.0324262892
1539.3300000000	0.0322140555
1539.3400000000	0.0320041948
1539.3500000000	0.0317375846
1539.3600000000	0.0313964662
1539.3700000000	0.0310974755
1539.3800000000	0.0308371772
1539.3900000000	0.0306598691
1539.4000000000	0.0305608084
1539.4100000000	0.0305307876
1539.4200000000	0.0306927504
1539.4300000000	0.0309044802
1539.4400000000	0.0311527083
1539.4500000000	0.0314192545
1539.4600000000	0.0317144742
1539.4700000000	0.0319617952
1539.4800000000	0.0321049516
1539.4900000000	0.0321441684
1539.5000000000	0.0320467955
1539.5100000000	0.0318429279
1539.5200000000	0.0316027501
1539.5300000000	0.0313413024
1539.5400000000	0.0310195718
1539.5500000000	0.0306314098
1539.5600000000	0.0302292500
1539.5700000000	0.0298462434
1539.5800000000	0.0294705133
1539.5900000000	0.0291511121
1539.6000000000	0.0289525980
1539.6100000000	0.0288936741
1539.6200000000	0.0289396954
1539.6300000000	0.0290486952
1539.6400000000	0.0292183964
1539.6500000000	0.0294909769
1539.6600000000	0.0297816205
1539.6700000000	0.0300653022
1539.6800000000	0.0302996062
1539.6900000000	0.0304501580
1539.7000000000	0.0305550755
1539.7100000000	0.0305676558
1539.7200000000	0.0304685652
1539.7300000000	0.0303138855
1539.7400000000	0.0301159497
1539.7500000000	0.0299395509
1539.7600000000	0.0298277509
1539.7700000000	0.0297205039
1539.7800000000	0.0296466783
1539.7900000000	0.0296665988
1539.8000000000	0.0297449192
1539.8100000000	0.0298414308
1539.8200000000	0.0299641213
1539.8300000000	0.0301075642
1539.8400000000	0.0302568933
1539.8500000000	0.0303106739
1539.8600000000	0.0302411394
1539.8700000000	0.0300948282
1539.8800000000	0.0299410819
1539.8900000000	0.0297528202
1539.9000000000	0.0295045762
1539.9100000000	0.0292229127
1539.9200000000	0.0289466048
1539.9300000000	0.0287055108
1539.9400000000	0.0285027378
1539.9500000000	0.0283151099
1539.9600000000	0.0282109344
1539.9700000000	0.0282021689
1539.9800000000	0.0282815436
1539.9900000000	0.0283843403
1540.0000000000	0.0284825592
1540.0100000000	0.0286057396
1540.0200000000	0.0287315840
1540.0300000000	0.0288065999
1540.0400000000	0.0288077923
1540.0500000000	0.0287553077
1540.0600000000	0.0286358987
1540.0700000000	0.0284582019
1540.0800000000	0.0282231263
1540.0900000000	0.0278752208
1540.1000000000	0.0275010787
1540.1100000000	0.0271828574
1540.1200000000	0.0268920962
1540.1300000000	0.0266694870
1540.1400000000	0.0264947855
1540.1500000000	0.0264048630
1540.1600000000	0.0263954071
1540.1700000000	0.0264836976
1540.1800000000	0.0266741879
1540.1900000000	0.0269643384
1540.2000000000	0.0273257344
1540.2100000000	0.0276367163
1540.2200000000	0.0278674997
1540.2300000000	0.0280273976
1540.2400000000	0.0281503268
1540.2500000000	0.0282062619
1540.2600000000	0.0281596094
1540.2700000000	0.0280295896
1540.2800000000	0.0278520169
1540.2900000000	0.0276971008
1540.3000000000	0.0275597309
1540.3100000000	0.0274159292
1540.3200000000	0.0273157003
1540.3300000000	0.0273060045
1540.3400000000	0.0273821224
1540.3500000000	0.0275260027
1540.3600000000	0.0277143406
1540.3700000000	0.0279667465
1540.3800000000	0.0283004983
1540.3900000000	0.0286762821
1540.4000000000	0.0289504490
1540.4100000000	0.0291540306
1540.4200000000	0.0292953252
1540.4300000000	0.0293123752
1540.4400000000	0.0292036751
1540.4500000000	0.0289843919
1540.4600000000	0.0286808545
1540.4700000000	0.0283756037
1540.4800000000	0.0280734486
1540.4900000000	0.0277555145
1540.5000000000	0.0274960005
1540.5100000000	0.0272950228
1540.5200000000	0.0271890085
1540.5300000000	0.0271799163
1540.5400000000	0.0272866750
1540.5500000000	0.0274896384
1540.5600000000	0.0277460389
1540.5700000000	0.0280650296
1540.5800000000	0.0284125152
1540.5900000000	0.0287120638
1540.6000000000	0.0289392698
1540.6100000000	0.0291255832
1540.6200000000	0.0292460780
1540.6300000000	0.0292332779
1540.6400000000	0.0291064892
1540.6500000000	0.0289197637
1540.6600000000	0.0287072155
1540.6700000000	0.0285002230
1540.6800000000	0.0282919851
1540.6900000000	0.0281260017
1540.7000000000	0.0280115844
1540.7100000000	0.0279910447
1540.7200000000	0.0280500740
1540.7300000000	0.0281562128
1540.7400000000	0.0283506270
1540.7500000000	0.0286090617
1540.7600000000	0.0288514168
1540.7700000000	0.0290781411
1540.7800000000	0.0292892576
1540.7900000000	0.0294429692
1540.8000000000	0.0294941827
1540.8100000000	0.0294302443
1540.8200000000	0.0293139342
1540.8300000000	0.0291874553
1540.8400000000	0.0290143130
1540.8500000000	0.0287934572
1540.8600000000	0.0285869619
1540.8700000000	0.0284280383
1540.8800000000	0.0283244772
1540.8900000000	0.0282964158
1540.9000000000	0.0283378785
1540.9100000000	0.0284388238
1540.9200000000	0.0286199846
1540.9300000000	0.0288866642
1540.9400000000	0.0291715626
1540.9500000000	0.0294446216
1540.9600000000	0.0297012302
1540.9700000000	0.0299346182
1540.9800000000	0.0300819015
1540.9900000000	0.0300617813
1541.0000000000	0.0298549563
1541.0100000000	0.0295427539
1541.0200000000	0.0292067978
1541.0300000000	0.0288337485
1541.0400000000	0.0284623452
1541.0500000000	0.0281057809
1541.0600000000	0.0278105437
1541.0700000000	0.0276077278
1541.0800000000	0.0275115219
1541.0900000000	0.0275402385
1541.1000000000	0.0277064989
1541.1100000000	0.0280242498
1541.1200000000	0.0284177177
1541.1300000000	0.0288696258
1541.1400000000	0.0293861477
1541.1500000000	0.0298933816
1541.1600000000	0.0303564872
1541.1700000000	0.0307808346
1541.1800000000	0.0311233685
1541.1900000000	0.0313178760
1541.2000000000	0.0314325815
1541.2100000000	0.0314645101
1541.2200000000	0.0313781009
1541.2300000000	0.0312197736
1541.2400000000	0.0310554488
1541.2500000000	0.0308767242
1541.2600000000	0.0307123251
1541.2700000000	0.0306165156
1541.2800000000	0.0306127319
1541.2900000000	0.0306897302
1541.3000000000	0.0307780829
1541.3100000000	0.0308705792
1541.3200000000	0.0309796331
1541.3300000000	0.0310605810
1541.3400000000	0.0311541102
1541.3500000000	0.0311986454
1541.3600000000	0.0311599293
1541.3700000000	0.0310866488
1541.3800000000	0.0310151937
1541.3900000000	0.0309412993
1541.4000000000	0.0308255437
1541.4100000000	0.0306786165
1541.4200000000	0.0305955493
1541.4300000000	0.0305493567
1541.4400000000	0.0304945767
1541.4500000000	0.0305281064
1541.4600000000	0.0306367757
1541.4700000000	0.0308051063
1541.4800000000	0.0310519893
1541.4900000000	0.0313387147
1541.5000000000	0.0316665671
1541.5100000000	0.0319782715
1541.5200000000	0.0321709807
1541.5300000000	0.0323109505
1541.5400000000	0.0323825241
1541.5500000000	0.0323306689
1541.5600000000	0.0322264171
1541.5700000000	0.0321269669
1541.5800000000	0.0319669965
1541.5900000000	0.0318380777
1541.6000000000	0.0318125854
1541.6100000000	0.0318289012
1541.6200000000	0.0319126048
1541.6300000000	0.0320710050
1541.6400000000	0.0322396382
1541.6500000000	0.0324623889
1541.6600000000	0.0328071674
1541.6700000000	0.0331636018
1541.6800000000	0.0334673948
1541.6900000000	0.0337822134
1541.7000000000	0.0340280503
1541.7100000000	0.0341230362
1541.7200000000	0.0340763732
1541.7300000000	0.0339137041
1541.7400000000	0.0336666688
1541.7500000000	0.0333710213
1541.7600000000	0.0330795878
1541.7700000000	0.0327739035
1541.7800000000	0.0325483078
1541.7900000000	0.0324571287
1541.8000000000	0.0324523237
1541.8100000000	0.0325438568
1541.8200000000	0.0327193378
1541.8300000000	0.0329743344
1541.8400000000	0.0333848851
1541.8500000000	0.0339253517
1541.8600000000	0.0345093863
1541.8700000000	0.0351681106
1541.8800000000	0.0358236646
1541.8900000000	0.0363804430
1541.9000000000	0.0368044462
1541.9100000000	0.0370578024
1541.9200000000	0.0371321493
1541.9300000000	0.0370380007
1541.9400000000	0.0367649512
1541.9500000000	0.0363709446
1541.9600000000	0.0359767803
1541.9700000000	0.0356265894
1541.9800000000	0.0353170075
1541.9900000000	0.0351010578
1542.0000000000	0.0349927977
1542.0100000000	0.0349885677
1542.0200000000	0.0351301733
1542.0300000000	0.0353795170
1542.0400000000	0.0357206081
1542.0500000000	0.0361399541
1542.0600000000	0.0365598770
1542.0700000000	0.0369461809
1542.0800000000	0.0373361935
1542.0900000000	0.0376432985
1542.1000000000	0.0377980928
1542.1100000000	0.0378261114
1542.1200000000	0.0377528139
1542.1300000000	0.0375652141
1542.1400000000	0.0373099640
1542.1500000000	0.0370512768
1542.1600000000	0.0368287609
1542.1700000000	0.0366782973
1542.1800000000	0.0365731082
1542.1900000000	0.0365235590
1542.2000000000	0.0365835763
1542.2100000000	0.0366729129
1542.2200000000	0.0368342131
1542.2300000000	0.0370874530
1542.2400000000	0.0374169490
1542.2500000000	0.0377113738
1542.2600000000	0.0379483599
1542.2700000000	0.0381811976
1542.2800000000	0.0382818241
1542.2900000000	0.0382502343
1542.3000000000	0.0380947579
1542.3100000000	0.0377850327
1542.3200000000	0.0373747335
1542.3300000000	0.0370093350
1542.3400000000	0.0366904341
1542.3500000000	0.0364979934
1542.3600000000	0.0363574861
1542.3700000000	0.0362842766
1542.3800000000	0.0364476652
1542.3900000000	0.0367293719
1542.4000000000	0.0371033175
1542.4100000000	0.0376221617
1542.4200000000	0.0382102786
1542.4300000000	0.0388437810
1542.4400000000	0.0395462645
1542.4500000000	0.0402458477
1542.4600000000	0.0408138688
1542.4700000000	0.0412565406
1542.4800000000	0.0415213281
1542.4900000000	0.0415241485
1542.5000000000	0.0414062796
1542.5100000000	0.0412281232
1542.5200000000	0.0408553075
1542.5300000000	0.0405250607
1542.5400000000	0.0402625158
1542.5500000000	0.0400116461
1542.5600000000	0.0399001474
1542.5700000000	0.0400077796
1542.5800000000	0.0401975167
1542.5900000000	0.0405034627
1542.6000000000	0.0409833118
1542.6100000000	0.0414980983
1542.6200000000	0.0420490410
1542.6300000000	0.0426413363
1542.6400000000	0.0431494167
1542.6500000000	0.0435882219
1542.6600000000	0.0438729112
1542.6700000000	0.0439540511
1542.6800000000	0.0438808900
1542.6900000000	0.0436926516
1542.7000000000	0.0433547306
1542.7100000000	0.0429166618
1542.7200000000	0.0425342846
1542.7300000000	0.0421720616
1542.7400000000	0.0418109349
1542.7500000000	0.0415679477
1542.7600000000	0.0413543651
1542.7700000000	0.0412542504
1542.7800000000	0.0412741867
1542.7900000000	0.0413743878
1542.8000000000	0.0415426258
1542.8100000000	0.0417895114
1542.8200000000	0.0420054941
1542.8300000000	0.0421706210
1542.8400000000	0.0422938218
1542.8500000000	0.0423576328
1542.8600000000	0.0423555084
1542.8700000000	0.0422790414
1542.8800000000	0.0421849558
1542.8900000000	0.0421072456
1542.9000000000	0.0420476544
1542.9100000000	0.0420651414
1542.9200000000	0.0422296926
1542.9300000000	0.0424289084
1542.9400000000	0.0426607118
1542.9500000000	0.0430142835
1542.9600000000	0.0434431148
1542.9700000000	0.0438698449
1542.9800000000	0.0443394132
1542.9900000000	0.0448529430
1543.0000000000	0.0453612038
1543.0100000000	0.0457478855
1543.0200000000	0.0460132665
1543.0300000000	0.0461150988
1543.0400000000	0.0460693185
1543.0500000000	0.0457962321
1543.0600000000	0.0454177446
1543.0700000000	0.0450060446
1543.0800000000	0.0445269823
1543.0900000000	0.0441496976
1543.1000000000	0.0438816473
1543.1100000000	0.0436811154
1543.1200000000	0.0435977209
1543.1300000000	0.0436506193
1543.1400000000	0.0438822217
1543.1500000000	0.0442756343
1543.1600000000	0.0447490189
1543.1700000000	0.0452137228
1543.1800000000	0.0458318913
1543.1900000000	0.0465661495
1543.2000000000	0.0472525415
1543.2100000000	0.0478714241
1543.2200000000	0.0484043118
1543.2300000000	0.0487905373
1543.2400000000	0.0489812601
1543.2500000000	0.0489366144
1543.2600000000	0.0487212816
1543.2700000000	0.0484204497
1543.2800000000	0.0481241103
1543.2900000000	0.0478618824
1543.3000000000	0.0476567796
1543.3100000000	0.0474466944
1543.3200000000	0.0472636167
1543.3300000000	0.0471399714
1543.3400000000	0.0470632298
1543.3500000000	0.0471344176
1543.3600000000	0.0473049714
1543.3700000000	0.0475448679
1543.3800000000	0.0478008064
1543.3900000000	0.0480314654
1543.4000000000	0.0481922912
1543.4100000000	0.0482836498
1543.4200000000	0.0483546203
1543.4300000000	0.0483332746
1543.4400000000	0.0482230815
1543.4500000000	0.0481295586
1543.4600000000	0.0480319567
1543.4700000000	0.0479463034
1543.4800000000	0.0479615133
1543.4900000000	0.0480755262
1543.5000000000	0.0481552771
1543.5100000000	0.0482666703
1543.5200000000	0.0484702005
1543.5300000000	0.0485897746
1543.5400000000	0.0487736426
1543.5500000000	0.0490311503
1543.5600000000	0.0493176994
1543.5700000000	0.0496157302
1543.5800000000	0.0497789397
1543.5900000000	0.0497723112
1543.6000000000	0.0497108708
1543.6100000000	0.0495450088
1543.6200000000	0.0490842942
1543.6300000000	0.0485967921
1543.6400000000	0.0481967046
1543.6500000000	0.0478257720
1543.6600000000	0.0475000813
1543.6700000000	0.0472130487
1543.6800000000	0.0470214944
1543.6900000000	0.0469183444
1543.7000000000	0.0469043308
1543.7100000000	0.0470153420
1543.7200000000	0.0472694186
1543.7300000000	0.0476615816
1543.7400000000	0.0481326307
1543.7500000000	0.0486189968
1543.7600000000	0.0490698617
1543.7700000000	0.0494755991
1543.7800000000	0.0499487383
1543.7900000000	0.0503423880
1543.8000000000	0.0505888854
1543.8100000000	0.0506858959
1543.8200000000	0.0507138900
1543.8300000000	0.0506311291
1543.8400000000	0.0505411933
1543.8500000000	0.0505125903
1543.8600000000	0.0505125301
1543.8700000000	0.0505250652
1543.8800000000	0.0506722480
1543.8900000000	0.0507619738
1543.9000000000	0.0508016074
1543.9100000000	0.0509832447
1543.9200000000	0.0512059710
1543.9300000000	0.0514346562
1543.9400000000	0.0516922094
1543.9500000000	0.0519314720
1543.9600000000	0.0521587327
1543.9700000000	0.0523045933
1543.9800000000	0.0523366851
1543.9900000000	0.0522632455
1544.0000000000	0.0520898509
1544.0100000000	0.0519049202
1544.0200000000	0.0517157156
1544.0300000000	0.0515186882
1544.0400000000	0.0514212811
1544.0500000000	0.0514860191
1544.0600000000	0.0516573038
1544.0700000000	0.0518549849
1544.0800000000	0.0520661993
1544.0900000000	0.0522508185
1544.1000000000	0.0525099185
1544.1100000000	0.0527536955
1544.1200000000	0.0529635745
1544.1300000000	0.0532393614
1544.1400000000	0.0536029225
1544.1500000000	0.0539511551
1544.1600000000	0.0540741863
1544.1700000000	0.0539857786
1544.1800000000	0.0537702016
1544.1900000000	0.0534925464
1544.2000000000	0.0531588597
1544.2100000000	0.0528704320
1544.2200000000	0.0526679637
1544.2300000000	0.0524788862
1544.2400000000	0.0523703689
1544.2500000000	0.0523335767
1544.2600000000	0.0522865230
1544.2700000000	0.0523077858
1544.2800000000	0.0524458747
1544.2900000000	0.0526461319
1544.3000000000	0.0528874490
1544.3100000000	0.0531651285
1544.3200000000	0.0535048839
1544.3300000000	0.0538440606
1544.3400000000	0.0541729321
1544.3500000000	0.0545352527
1544.3600000000	0.0547763313
1544.3700000000	0.0549146172
1544.3800000000	0.0550155099
1544.3900000000	0.0550150045
1544.4000000000	0.0549999650
1544.4100000000	0.0550571073
1544.4200000000	0.0551610690
1544.4300000000	0.0553217105
1544.4400000000	0.0555034548
1544.4500000000	0.0556593248
1544.4600000000	0.0557525999
1544.4700000000	0.0558929293
1544.4800000000	0.0561318500
1544.4900000000	0.0564147914
1544.5000000000	0.0566458387
1544.5100000000	0.0568628752
1544.5200000000	0.0571369334
1544.5300000000	0.0573530892
1544.5400000000	0.0574732269
1544.5500000000	0.0575751300
1544.5600000000	0.0576247722
1544.5700000000	0.0575398997
1544.5800000000	0.0573858209
1544.5900000000	0.0572363671
1544.6000000000	0.0571495158
1544.6100000000	0.0571693678
1544.6200000000	0.0572980498
1544.6300000000	0.0574858533
1544.6400000000	0.0577579888
1544.6500000000	0.0581307114
1544.6600000000	0.0585265007
1544.6700000000	0.0588807681
1544.6800000000	0.0592264990
1544.6900000000	0.0595709022
1544.7000000000	0.0599033577
1544.7100000000	0.0602163566
1544.7200000000	0.0604735603
1544.7300000000	0.0605764372
1544.7400000000	0.0604936407
1544.7500000000	0.0602798074
1544.7600000000	0.0599206585
1544.7700000000	0.0595210274
1544.7800000000	0.0591955189
1544.7900000000	0.0589094711
1544.8000000000	0.0586708892
1544.8100000000	0.0584318652
1544.8200000000	0.0581628235
1544.8300000000	0.0579711824
1544.8400000000	0.0578371114
1544.8500000000	0.0577854221
1544.8600000000	0.0577679901
1544.8700000000	0.0577456952
1544.8800000000	0.0578353701
1544.8900000000	0.0579600163
1544.9000000000	0.0581558119
1544.9100000000	0.0583099134
1544.9200000000	0.0584409406
1544.9300000000	0.0585562011
1544.9400000000	0.0585542016
1544.9500000000	0.0585033744
1544.9600000000	0.0583375279
1544.9700000000	0.0581229099
1544.9800000000	0.0579455059
1544.9900000000	0.0577955505
1545.0000000000	0.0575545398
1545.0100000000	0.0572557012
1545.0200000000	0.0569977134
1545.0300000000	0.0568637861
1545.0400000000	0.0568724519
1545.0500000000	0.0569334262
1545.0600000000	0.0570255689
1545.0700000000	0.0572296813
1545.0800000000	0.0575399256
1545.0900000000	0.0578198471
1545.1000000000	0.0580828392
1545.1100000000	0.0583905447
1545.1200000000	0.0586002618
1545.1300000000	0.0587190637
1545.1400000000	0.0588458133
1545.1500000000	0.0589036668
1545.1600000000	0.0588664105
1545.1700000000	0.0589541506
1545.1800000000	0.0590185948
1545.1900000000	0.0589087438
1545.2000000000	0.0589142603
1545.2100000000	0.0590133327
1545.2200000000	0.0590614114
1545.2300000000	0.0592191507
1545.2400000000	0.0592272036
1545.2500000000	0.0592259052
1545.2600000000	0.0594404020
1545.2700000000	0.0596594936
1545.2800000000	0.0598238635
1545.2900000000	0.0601100132
1545.3000000000	0.0603430624
1545.3100000000	0.0604032737
1545.3200000000	0.0604136803
1545.3300000000	0.0603802200
1545.3400000000	0.0603895974
1545.3500000000	0.0605061381
1545.3600000000	0.0606011554
1545.3700000000	0.0605835157
1545.3800000000	0.0606109519
1545.3900000000	0.0606952168
1545.4000000000	0.0606996353
1545.4100000000	0.0607303237
1545.4200000000	0.0608143509
1545.4300000000	0.0608095519
1545.4400000000	0.0608624085
1545.4500000000	0.0610756580
1545.4600000000	0.0611673320
1545.4700000000	0.0611804011
1545.4800000000	0.0611622726
1545.4900000000	0.0609767161
1545.5000000000	0.0607008152
1545.5100000000	0.0604479755
1545.5200000000	0.0602113386
1545.5300000000	0.0601312332
1545.5400000000	0.0601936801
1545.5500000000	0.0602279688
1545.5600000000	0.0603253633
1545.5700000000	0.0604735770
1545.5800000000	0.0605046450
1545.5900000000	0.0604876373
1545.6000000000	0.0604644516
1545.6100000000	0.0604297049
1545.6200000000	0.0604726790
1545.6300000000	0.0606079397
1545.6400000000	0.0606498719
1545.6500000000	0.0607227476
1545.6600000000	0.0608874354
1545.6700000000	0.0607973272
1545.6800000000	0.0606987206
1545.6900000000	0.0605570949
1545.7000000000	0.0603317796
1545.7100000000	0.0602003658
1545.7200000000	0.0601926892
1545.7300000000	0.0601463716
1545.7400000000	0.0600803328
1545.7500000000	0.0601331986
1545.7600000000	0.0601516418
1545.7700000000	0.0603012658
1545.7800000000	0.0604701999
1545.7900000000	0.0605490153
1545.8000000000	0.0606466270
1545.8100000000	0.0608588706
1545.8200000000	0.0610437010
1545.8300000000	0.0612342628
1545.8400000000	0.0614664541
1545.8500000000	0.0617072413
1545.8600000000	0.0618738733
1545.8700000000	0.0618597775
1545.8800000000	0.0617653822
1545.8900000000	0.0617109276
1545.9000000000	0.0616400659
1545.9100000000	0.0615552153
1545.9200000000	0.0613953697
1545.9300000000	0.0612790119
1545.9400000000	0.0612312886
1545.9500000000	0.0612383672
1545.9600000000	0.0613290662
1545.9700000000	0.0613974222
1545.9800000000	0.0614320350
1545.9900000000	0.0616358075
1546.0000000000	0.0618305010
1546.0100000000	0.0619878047
1546.0200000000	0.0622250887
1546.0300000000	0.0625572059
1546.0400000000	0.0628799244
1546.0500000000	0.0630785303
1546.0600000000	0.0631448514
1546.0700000000	0.0631674266
1546.0800000000	0.0632147495
1546.0900000000	0.0632458642
1546.1000000000	0.0633334501
1546.1100000000	0.0635031260
1546.1200000000	0.0636622180
1546.1300000000	0.0637995992
1546.1400000000	0.0639553018
1546.1500000000	0.0640585191
1546.1600000000	0.0641868849
1546.1700000000	0.0642756206
1546.1800000000	0.0642011522
1546.1900000000	0.0642440545
1546.2000000000	0.0643244851
1546.2100000000	0.0644185202
1546.2200000000	0.0645421586
1546.2300000000	0.0646191600
1546.2400000000	0.0645748202
1546.2500000000	0.0644701835
1546.2600000000	0.0643318041
1546.2700000000	0.0642621209
1546.2800000000	0.0641804154
1546.2900000000	0.0641011737
1546.3000000000	0.0641626875
1546.3100000000	0.0642935195
1546.3200000000	0.0644107103
1546.3300000000	0.0645550201
1546.3400000000	0.0646796227
1546.3500000000	0.0647734207
1546.3600000000	0.0649005287
1546.3700000000	0.0650197089
1546.3800000000	0.0651249501
1546.3900000000	0.0652578204
1546.4000000000	0.0653870918
1546.4100000000	0.0654318578
1546.4200000000	0.0653849295
1546.4300000000	0.0652440066
1546.4400000000	0.0650859591
1546.4500000000	0.0649504778
1546.4600000000	0.0647774258
1546.4700000000	0.0646618998
1546.4800000000	0.0645585677
1546.4900000000	0.0643589905
1546.5000000000	0.0642329553
1546.5100000000	0.0641289238
1546.5200000000	0.0639844855
1546.5300000000	0.0638314366
1546.5400000000	0.0636857243
1546.5500000000	0.0636532770
1546.5600000000	0.0637026743
1546.5700000000	0.0638244117
1546.5800000000	0.0639762684
1546.5900000000	0.0641038293
1546.6000000000	0.0641873599
1546.6100000000	0.0642979321
1546.6200000000	0.0642089102
1546.6300000000	0.0640285112
1546.6400000000	0.0639625285
1546.6500000000	0.0638306297
1546.6600000000	0.0637282191
1546.6700000000	0.0637678869
1546.6800000000	0.0638821889
1546.6900000000	0.0640655440
1546.7000000000	0.0644355714
1546.7100000000	0.0648606896
1546.7200000000	0.0650239224
1546.7300000000	0.0652174294
1546.7400000000	0.0654289195
1546.7500000000	0.0655879856
1546.7600000000	0.0657609796
1546.7700000000	0.0659494895
1546.7800000000	0.0661276410
1546.7900000000	0.0663001047
1546.8000000000	0.0663503184
1546.8100000000	0.0662824494
1546.8200000000	0.0661270073
1546.8300000000	0.0659340786
1546.8400000000	0.0656479460
1546.8500000000	0.0653679864
1546.8600000000	0.0651323612
1546.8700000000	0.0649536485
1546.8800000000	0.0648472733
1546.8900000000	0.0647664543
1546.9000000000	0.0646700202
1546.9100000000	0.0646026519
1546.9200000000	0.0645916734
1546.9300000000	0.0645799782
1546.9400000000	0.0645568561
1546.9500000000	0.0645714286
1546.9600000000	0.0646217125
1546.9700000000	0.0646440094
1546.9800000000	0.0647811816
1546.9900000000	0.0648347036
1547.0000000000	0.0647351232
1547.0100000000	0.0647057736
1547.0200000000	0.0646760593
1547.0300000000	0.0647031585
1547.0400000000	0.0647812547
1547.0500000000	0.0648751054
1547.0600000000	0.0650932607
1547.0700000000	0.0653821732
1547.0800000000	0.0656886002
1547.0900000000	0.0659589403
1547.1000000000	0.0661908621
1547.1100000000	0.0664584152
1547.1200000000	0.0667152095
1547.1300000000	0.0669526871
1547.1400000000	0.0671497599
1547.1500000000	0.0673311844
1547.1600000000	0.0674738734
1547.1700000000	0.0676072580
1547.1800000000	0.0677337077
1547.1900000000	0.0678188555
1547.2000000000	0.0679179328
1547.2100000000	0.0679688561
1547.2200000000	0.0678763687
1547.2300000000	0.0678724548
1547.2400000000	0.0678950505
1547.2500000000	0.0680078039
1547.2600000000	0.0681575542
1547.2700000000	0.0682673155
1547.2800000000	0.0684463720
1547.2900000000	0.0686401946
1547.3000000000	0.0688697004
1547.3100000000	0.0690396264
1547.3200000000	0.0692184040
1547.3300000000	0.0694958953
1547.3400000000	0.0697070948
1547.3500000000	0.0698068087
1547.3600000000	0.0696628280
1547.3700000000	0.0694985519
1547.3800000000	0.0692951007
1547.3900000000	0.0690673843
1547.4000000000	0.0687331197
1547.4100000000	0.0684540072
1547.4200000000	0.0682524279
1547.4300000000	0.0681346888
1547.4400000000	0.0680376865
1547.4500000000	0.0680098747
1547.4600000000	0.0680217934
1547.4700000000	0.0680530575
1547.4800000000	0.0680329798
1547.4900000000	0.0680895351
1547.5000000000	0.0681731078
1547.5100000000	0.0683633116
1547.5200000000	0.0684986834
1547.5300000000	0.0687163945
1547.5400000000	0.0689144076
1547.5500000000	0.0689685446
1547.5600000000	0.0689414996
1547.5700000000	0.0689059907
1547.5800000000	0.0687124666
1547.5900000000	0.0685366689
1547.6000000000	0.0684889965
1547.6100000000	0.0683842830
1547.6200000000	0.0683057948
1547.6300000000	0.0682658153
1547.6400000000	0.0682116380
1547.6500000000	0.0682313117
1547.6600000000	0.0682172543
1547.6700000000	0.0681664178
1547.6800000000	0.0682373990
1547.6900000000	0.0684317832
1547.7000000000	0.0686673534
1547.7100000000	0.0688749059
1547.7200000000	0.0690355668
1547.7300000000	0.0691719528
1547.7400000000	0.0693152438
1547.7500000000	0.0693791689
1547.7600000000	0.0693328184
1547.7700000000	0.0693564309
1547.7800000000	0.0694476944
1547.7900000000	0.0694011790
1547.8000000000	0.0694465640
1547.8100000000	0.0695659406
1547.8200000000	0.0695825319
1547.8300000000	0.0696580159
1547.8400000000	0.0698898466
1547.8500000000	0.0700282575
1547.8600000000	0.0699876705
1547.8700000000	0.0699409592
1547.8800000000	0.0700163801
1547.8900000000	0.0701705096
1547.9000000000	0.0703323763
1547.9100000000	0.0704696185
1547.9200000000	0.0703809853
1547.9300000000	0.0703303850
1547.9400000000	0.0700903173
1547.9500000000	0.0696751201
1547.9600000000	0.0693209437
1547.9700000000	0.0689287823
1547.9800000000	0.0684526107
1547.9900000000	0.0681829748
1548.0000000000	0.0680283145
1548.0100000000	0.0679009597
1548.0200000000	0.0678451235
1548.0300000000	0.0678218821
1548.0400000000	0.0678002363
1548.0500000000	0.0677318993
1548.0600000000	0.0677524032
1548.0700000000	0.0678113397
1548.0800000000	0.0679767175
1548.0900000000	0.0682555125
1548.1000000000	0.0686402418
1548.1100000000	0.0690589353
1548.1200000000	0.0695771223
1548.1300000000	0.0697916989
1548.1400000000	0.0698956978
1548.1500000000	0.0698450277
1548.1600000000	0.0696420984
1548.1700000000	0.0694436579
1548.1800000000	0.0693973871
1548.1900000000	0.0693847640
1548.2000000000	0.0693880054
1548.2100000000	0.0694145799
1548.2200000000	0.0693359240
1548.2300000000	0.0692529881
1548.2400000000	0.0692680338
1548.2500000000	0.0692248852
1548.2600000000	0.0692266200
1548.2700000000	0.0693641333
1548.2800000000	0.0695631816
1548.2900000000	0.0697059823
1548.3000000000	0.0700056157
1548.3100000000	0.0702604381
1548.3200000000	0.0703389923
1548.3300000000	0.0704841368
1548.3400000000	0.0705832555
1548.3500000000	0.0706087804
1548.3600000000	0.0706338047
1548.3700000000	0.0706483237
1548.3800000000	0.0706536337
1548.3900000000	0.0709379969
1548.4000000000	0.0711536495
1548.4100000000	0.0711240081
1548.4200000000	0.0712299785
1548.4300000000	0.0713595115
1548.4400000000	0.0713180705
1548.4500000000	0.0713383607
1548.4600000000	0.0714410749
1548.4700000000	0.0715343993
1548.4800000000	0.0715936315
1548.4900000000	0.0715613484
1548.5000000000	0.0714252418
1548.5100000000	0.0712721652
1548.5200000000	0.0711647432
1548.5300000000	0.0708846267
1548.5400000000	0.0706019911
1548.5500000000	0.0703917133
1548.5600000000	0.0701568385
1548.5700000000	0.0698252997
1548.5800000000	0.0696208828
1548.5900000000	0.0693813543
1548.6000000000	0.0692432136
1548.6100000000	0.0691819328
1548.6200000000	0.0690409116
1548.6300000000	0.0689360758
1548.6400000000	0.0689852643
1548.6500000000	0.0690694219
1548.6600000000	0.0692046837
1548.6700000000	0.0694063282
1548.6800000000	0.0695942078
1548.6900000000	0.0697982707
1548.7000000000	0.0698588079
1548.7100000000	0.0697551577
1548.7200000000	0.0696564734
1548.7300000000	0.0694891936
1548.7400000000	0.0691833027
1548.7500000000	0.0690256861
1548.7600000000	0.0689578217
1548.7700000000	0.0688871279
1548.7800000000	0.0688516203
1548.7900000000	0.0687686251
1548.8000000000	0.0686100173
1548.8100000000	0.0684946672
1548.8200000000	0.0684652494
1548.8300000000	0.0684068922
1548.8400000000	0.0683554834
1548.8500000000	0.0685184555
1548.8600000000	0.0686330402
1548.8700000000	0.0687573026
1548.8800000000	0.0689533466
1548.8900000000	0.0691106342
1548.9000000000	0.0693127202
1548.9100000000	0.0695943341
1548.9200000000	0.0697587805
1548.9300000000	0.0699450748
1548.9400000000	0.0702971698
1548.9500000000	0.0706076224
1548.9600000000	0.0710061601
1548.9700000000	0.0714339587
1548.9800000000	0.0717101193
1548.9900000000	0.0718398164
1549.0000000000	0.0720013820
1549.0100000000	0.0722382535
1549.0200000000	0.0725627383
1549.0300000000	0.0728901698
1549.0400000000	0.0730441044
1549.0500000000	0.0731020240
1549.0600000000	0.0730787249
1549.0700000000	0.0729078002
1549.0800000000	0.0725671327
1549.0900000000	0.0722246691
1549.1000000000	0.0718509757
1549.1100000000	0.0713949998
1549.1200000000	0.0710231166
1549.1300000000	0.0707207302
1549.1400000000	0.0704776969
1549.1500000000	0.0704098095
1549.1600000000	0.0701402316
1549.1700000000	0.0698984660
1549.1800000000	0.0697563471
1549.1900000000	0.0696426075
1549.2000000000	0.0696607475
1549.2100000000	0.0697997571
1549.2200000000	0.0700033390
1549.2300000000	0.0702400282
1549.2400000000	0.0706409413
1549.2500000000	0.0710742385
1549.2600000000	0.0715027665
1549.2700000000	0.0719309339
1549.2800000000	0.0722192298
1549.2900000000	0.0724040135
1549.3000000000	0.0725693797
1549.3100000000	0.0726436057
1549.3200000000	0.0726898091
1549.3300000000	0.0727407960
1549.3400000000	0.0726995904
1549.3500000000	0.0725018767
1549.3600000000	0.0723292030
1549.3700000000	0.0722335283
1549.3800000000	0.0721583481
1549.3900000000	0.0720966244
1549.4000000000	0.0721261580
1549.4100000000	0.0721871313
1549.4200000000	0.0722845307
1549.4300000000	0.0724983199
1549.4400000000	0.0728407635
1549.4500000000	0.0729492636
1549.4600000000	0.0730354012
1549.4700000000	0.0731128600
1549.4800000000	0.0731367262
1549.4900000000	0.0730447033
1549.5000000000	0.0730234347
1549.5100000000	0.0730985815
1549.5200000000	0.0732959228
1549.5300000000	0.0735468254
1549.5400000000	0.0736797839
1549.5500000000	0.0737540036
1549.5600000000	0.0738873164
1549.5700000000	0.0740519541
1549.5800000000	0.0740305734
1549.5900000000	0.0739459641
1549.6000000000	0.0740276167
1549.6100000000	0.0741775451
1549.6200000000	0.0743023751
1549.6300000000	0.0743004503
1549.6400000000	0.0743072072
1549.6500000000	0.0741764551
1549.6600000000	0.0739013931
1549.6700000000	0.0736915572
1549.6800000000	0.0733406864
1549.6900000000	0.0730528887
1549.7000000000	0.0728307841
1549.7100000000	0.0727176947
1549.7200000000	0.0725667653
1549.7300000000	0.0724464050
1549.7400000000	0.0722723949
1549.7500000000	0.0720904664
1549.7600000000	0.0718893126
1549.7700000000	0.0717460823
1549.7800000000	0.0717171606
1549.7900000000	0.0717315741
1549.8000000000	0.0717632898
1549.8100000000	0.0717778183
1549.8200000000	0.0718054725
1549.8300000000	0.0719274777
1549.8400000000	0.0719798328
1549.8500000000	0.0718684665
1549.8600000000	0.0717318556
1549.8700000000	0.0717292583
1549.8800000000	0.0718288717
1549.8900000000	0.0718839149
1549.9000000000	0.0719758706
1549.9100000000	0.0720401918
1549.9200000000	0.0721233150
1549.9300000000	0.0722923578
1549.9400000000	0.0724827051
1549.9500000000	0.0727137021
1549.9600000000	0.0729694123
1549.9700000000	0.0733026671
1549.9800000000	0.0736407686
1549.9900000000	0.0739704864
1550.0000000000	0.0742798658
1550.0100000000	0.0745593370
1550.0200000000	0.0748741757
1550.0300000000	0.0751201347
1550.0400000000	0.0751758443
1550.0500000000	0.0750964116
1550.0600000000	0.0751248738
1550.0700000000	0.0752437254
1550.0800000000	0.0753092312
1550.0900000000	0.0753017065
1550.1000000000	0.0753209644
1550.1100000000	0.0753414996
1550.1200000000	0.0753106689
1550.1300000000	0.0752925041
1550.1400000000	0.0753146669
1550.1500000000	0.0753231672
1550.1600000000	0.0753647922
1550.1700000000	0.0754253236
1550.1800000000	0.0755834709
1550.1900000000	0.0757142287
1550.2000000000	0.0757906352
1550.2100000000	0.0757398678
1550.2200000000	0.0754945126
1550.2300000000	0.0751031032
1550.2400000000	0.0746401661
1550.2500000000	0.0742674943
1550.2600000000	0.0739777630
1550.2700000000	0.0736576023
1550.2800000000	0.0732940050
1550.2900000000	0.0730404231
1550.3000000000	0.0728416782
1550.3100000000	0.0725633700
1550.3200000000	0.0722398594
1550.3300000000	0.0719878977
1550.3400000000	0.0718298600
1550.3500000000	0.0716841254
1550.3600000000	0.0716377660
1550.3700000000	0.0717105051
1550.3800000000	0.0719209852
1550.3900000000	0.0722423051
1550.4000000000	0.0724444383
1550.4100000000	0.0726132511
1550.4200000000	0.0727874702
1550.4300000000	0.0729185744
1550.4400000000	0.0730421223
1550.4500000000	0.0731740372
1550.4600000000	0.0733241330
1550.4700000000	0.0734576464
1550.4800000000	0.0735989134
1550.4900000000	0.0737344949
1550.5000000000	0.0737897580
1550.5100000000	0.0738044338
1550.5200000000	0.0738452705
1550.5300000000	0.0739368700
1550.5400000000	0.0740561960
1550.5500000000	0.0740975433
1550.5600000000	0.0740751868
1550.5700000000	0.0740756761
1550.5800000000	0.0740470555
1550.5900000000	0.0739380505
1550.6000000000	0.0738728770
1550.6100000000	0.0737762420
1550.6200000000	0.0736078285
1550.6300000000	0.0734517448
1550.6400000000	0.0733583921
1550.6500000000	0.0732686940
1550.6600000000	0.0731725902
1550.6700000000	0.0731211120
1550.6800000000	0.0729928204
1550.6900000000	0.0729182224
1550.7000000000	0.0729566939
1550.7100000000	0.0728761588
1550.7200000000	0.0728843366
1550.7300000000	0.0729974034
1550.7400000000	0.0730556214
1550.7500000000	0.0731646937
1550.7600000000	0.0732658931
1550.7700000000	0.0735841095
1550.7800000000	0.0735575168
1550.7900000000	0.0733785377
1550.8000000000	0.0732390772
1550.8100000000	0.0730658867
1550.8200000000	0.0728947878
1550.8300000000	0.0727239743
1550.8400000000	0.0726210065
1550.8500000000	0.0724832010
1550.8600000000	0.0722518919
1550.8700000000	0.0719277599
1550.8800000000	0.0716192034
1550.8900000000	0.0713644281
1550.9000000000	0.0711208637
1550.9100000000	0.0709283567
1550.9200000000	0.0707154917
1550.9300000000	0.0705998320
1550.9400000000	0.0706110347
1550.9500000000	0.0706832188
1550.9600000000	0.0707968552
1550.9700000000	0.0708529871
1550.9800000000	0.0708941740
1550.9900000000	0.0707658846
1551.0000000000	0.0706604813
1551.0100000000	0.0706929646
1551.0200000000	0.0706882245
1551.0300000000	0.0708014726
1551.0400000000	0.0710217658
1551.0500000000	0.0712301270
1551.0600000000	0.0713085993
1551.0700000000	0.0715031975
1551.0800000000	0.0716096035
1551.0900000000	0.0715937398
1551.1000000000	0.0716622689
1551.1100000000	0.0717372303
1551.1200000000	0.0718015348
1551.1300000000	0.0719498416
1551.1400000000	0.0721321945
1551.1500000000	0.0721988542
1551.1600000000	0.0722245913
1551.1700000000	0.0722001106
1551.1800000000	0.0721644265
1551.1900000000	0.0721693314
1551.2000000000	0.0722341648
1551.2100000000	0.0722997836
1551.2200000000	0.0723440533
1551.2300000000	0.0724661989
1551.2400000000	0.0726356343
1551.2500000000	0.0727407196
1551.2600000000	0.0729419263
1551.2700000000	0.0731909493
1551.2800000000	0.0734297922
1551.2900000000	0.0735278809
1551.3000000000	0.0735715043
1551.3100000000	0.0738743418
1551.3200000000	0.0740320468
1551.3300000000	0.0742150174
1551.3400000000	0.0742609986
1551.3500000000	0.0742235174
1551.3600000000	0.0740884848
1551.3700000000	0.0738999467
1551.3800000000	0.0737208916
1551.3900000000	0.0735666549
1551.4000000000	0.0734583995
1551.4100000000	0.0733881141
1551.4200000000	0.0732455210
1551.4300000000	0.0730678267
1551.4400000000	0.0729262856
1551.4500000000	0.0726765753
1551.4600000000	0.0723639641
1551.4700000000	0.0721297255
1551.4800000000	0.0718493259
1551.4900000000	0.0715334482
1551.5000000000	0.0712356694
1551.5100000000	0.0709281315
1551.5200000000	0.0707294276
1551.5300000000	0.0704433457
1551.5400000000	0.0702295479
1551.5500000000	0.0698751020
1551.5600000000	0.0696052121
1551.5700000000	0.0693517151
1551.5800000000	0.0691673487
1551.5900000000	0.0690584951
1551.6000000000	0.0689941410
1551.6100000000	0.0689657205
1551.6200000000	0.0689578403
1551.6300000000	0.0689199006
1551.6400000000	0.0689348937
1551.6500000000	0.0689674668
1551.6600000000	0.0689687597
1551.6700000000	0.0689508864
1551.6800000000	0.0690151661
1551.6900000000	0.0691181456
1551.7000000000	0.0692347084
1551.7100000000	0.0693807522
1551.7200000000	0.0694880360
1551.7300000000	0.0694862602
1551.7400000000	0.0694716951
1551.7500000000	0.0694771218
1551.7600000000	0.0694201648
1551.7700000000	0.0694995014
1551.7800000000	0.0696808371
1551.7900000000	0.0697714478
1551.8000000000	0.0698739259
1551.8100000000	0.0700740089
1551.8200000000	0.0702573519
1551.8300000000	0.0704136975
1551.8400000000	0.0706388206
1551.8500000000	0.0708418781
1551.8600000000	0.0709127770
1551.8700000000	0.0711182215
1551.8800000000	0.0711838086
1551.8900000000	0.0712658755
1551.9000000000	0.0713550393
1551.9100000000	0.0713479598
1551.9200000000	0.0712238071
1551.9300000000	0.0710943559
1551.9400000000	0.0709287273
1551.9500000000	0.0707956325
1551.9600000000	0.0707966340
1551.9700000000	0.0707979573
1551.9800000000	0.0706857943
1551.9900000000	0.0707008995
1552.0000000000	0.0707853404
1552.0100000000	0.0706761598
1552.0200000000	0.0706799883
1552.0300000000	0.0707280447
1552.0400000000	0.0705265504
1552.0500000000	0.0704031960
1552.0600000000	0.0705329309
1552.0700000000	0.0705157395
1552.0800000000	0.0705233235
1552.0900000000	0.0706749376
1552.1000000000	0.0705670871
1552.1100000000	0.0704473312
1552.1200000000	0.0704361202
1552.1300000000	0.0701155091
1552.1400000000	0.0697717976
1552.1500000000	0.0696736461
1552.1600000000	0.0694790398
1552.1700000000	0.0693743424
1552.1800000000	0.0693102640
1552.1900000000	0.0691732749
1552.2000000000	0.0691068493
1552.2100000000	0.0690735563
1552.2200000000	0.0689883269
1552.2300000000	0.0689263016
1552.2400000000	0.0690063722
1552.2500000000	0.0691512077
1552.2600000000	0.0694080719
1552.2700000000	0.0697982743
1552.2800000000	0.0700999340
1552.2900000000	0.0702723259
1552.3000000000	0.0705466575
1552.3100000000	0.0706888954
1552.3200000000	0.0705534476
1552.3300000000	0.0706222054
1552.3400000000	0.0707828558
1552.3500000000	0.0707272702
1552.3600000000	0.0708988955
1552.3700000000	0.0709755887
1552.3800000000	0.0710631514
1552.3900000000	0.0713138031
1552.4000000000	0.0713717405
1552.4100000000	0.0713876120
1552.4200000000	0.0714675928
1552.4300000000	0.0716308338
1552.4400000000	0.0717118631
1552.4500000000	0.0719202322
1552.4600000000	0.0721796343
1552.4700000000	0.0724106720
1552.4800000000	0.0726596272
1552.4900000000	0.0727827676
1552.5000000000	0.0728356095
1552.5100000000	0.0729523778
1552.5200000000	0.0729737231
1552.5300000000	0.0728653997
1552.5400000000	0.0727065054
1552.5500000000	0.0725181985
1552.5600000000	0.0721551726
1552.5700000000	0.0719248256
1552.5800000000	0.0716731037
1552.5900000000	0.0714040637
1552.6000000000	0.0710722058
1552.6100000000	0.0707970817
1552.6200000000	0.0705719001
1552.6300000000	0.0704074578
1552.6400000000	0.0703714849
1552.6500000000	0.0704036519
1552.6600000000	0.0703983987
1552.6700000000	0.0703867055
1552.6800000000	0.0703442461
1552.6900000000	0.0703382706
1552.7000000000	0.0703429235
1552.7100000000	0.0703259656
1552.7200000000	0.0702925923
1552.7300000000	0.0702407816
1552.7400000000	0.0701551843
1552.7500000000	0.0700000318
1552.7600000000	0.0699827063
1552.7700000000	0.0699673666
1552.7800000000	0.0699009049
1552.7900000000	0.0697775132
1552.8000000000	0.0696293797
1552.8100000000	0.0695272974
1552.8200000000	0.0695408354
1552.8300000000	0.0696009811
1552.8400000000	0.0696811798
1552.8500000000	0.0697659634
1552.8600000000	0.0698800138
1552.8700000000	0.0700561713
1552.8800000000	0.0702791840
1552.8900000000	0.0704644682
1552.9000000000	0.0707085722
1552.9100000000	0.0709109703
1552.9200000000	0.0711196479
1552.9300000000	0.0712809681
1552.9400000000	0.0714566761
1552.9500000000	0.0715317656
1552.9600000000	0.0714919861
1552.9700000000	0.0713590877
1552.9800000000	0.0711693836
1552.9900000000	0.0709744674
1553.0000000000	0.0707738893
1553.0100000000	0.0707809013
1553.0200000000	0.0709060478
1553.0300000000	0.0708595617
1553.0400000000	0.0709274973
1553.0500000000	0.0709168787
1553.0600000000	0.0707886654
1553.0700000000	0.0706656672
1553.0800000000	0.0706032293
1553.0900000000	0.0706528663
1553.1000000000	0.0707478121
1553.1100000000	0.0708405771
1553.1200000000	0.0709438516
1553.1300000000	0.0710749360
1553.1400000000	0.0712838601
1553.1500000000	0.0714748420
1553.1600000000	0.0714682003
1553.1700000000	0.0713584197
1553.1800000000	0.0711825281
1553.1900000000	0.0709315115
1553.2000000000	0.0706615215
1553.2100000000	0.0703004670
1553.2200000000	0.0698798716
1553.2300000000	0.0694071189
1553.2400000000	0.0688585162
1553.2500000000	0.0683434670
1553.2600000000	0.0677905196
1553.2700000000	0.0673184594
1553.2800000000	0.0670042213
1553.2900000000	0.0668017774
1553.3000000000	0.0666243056
1553.3100000000	0.0665739109
1553.3200000000	0.0666926997
1553.3300000000	0.0667313134
1553.3400000000	0.0667809767
1553.3500000000	0.0668811460
1553.3600000000	0.0669068769
1553.3700000000	0.0669161019
1553.3800000000	0.0669646300
1553.3900000000	0.0670972487
1553.4000000000	0.0672441913
1553.4100000000	0.0673740613
1553.4200000000	0.0674291395
1553.4300000000	0.0674410116
1553.4400000000	0.0674775540
1553.4500000000	0.0675467554
1553.4600000000	0.0675179719
1553.4700000000	0.0674978196
1553.4800000000	0.0675742240
1553.4900000000	0.0675986885
1553.5000000000	0.0676664805
1553.5100000000	0.0678681039
1553.5200000000	0.0681005126
1553.5300000000	0.0683018532
1553.5400000000	0.0684570647
1553.5500000000	0.0685276556
1553.5600000000	0.0685390551
1553.5700000000	0.0686136468
1553.5800000000	0.0687727190
1553.5900000000	0.0688927161
1553.6000000000	0.0691487599
1553.6100000000	0.0694039132
1553.6200000000	0.0695190174
1553.6300000000	0.0695419666
1553.6400000000	0.0695401977
1553.6500000000	0.0695526937
1553.6600000000	0.0695940758
1553.6700000000	0.0696150688
1553.6800000000	0.0696067014
1553.6900000000	0.0696755704
1553.7000000000	0.0697905897
1553.7100000000	0.0698888283
1553.7200000000	0.0699427669
1553.7300000000	0.0698817160
1553.7400000000	0.0697225486
1553.7500000000	0.0695190501
1553.7600000000	0.0693419474
1553.7700000000	0.0691685684
1553.7800000000	0.0690872126
1553.7900000000	0.0690070873
1553.8000000000	0.0688399322
1553.8100000000	0.0686322659
1553.8200000000	0.0683854517
1553.8300000000	0.0680434555
1553.8400000000	0.0675770533
1553.8500000000	0.0670376550
1553.8600000000	0.0666123955
1553.8700000000	0.0662446920
1553.8800000000	0.0659643345
1553.8900000000	0.0658471308
1553.9000000000	0.0658247856
1553.9100000000	0.0659191143
1553.9200000000	0.0659875765
1553.9300000000	0.0659549138
1553.9400000000	0.0659897409
1553.9500000000	0.0661157149
1553.9600000000	0.0662616966
1553.9700000000	0.0664119804
1553.9800000000	0.0665868166
1553.9900000000	0.0667620903
1554.0000000000	0.0668715452
1554.0100000000	0.0669690636
1554.0200000000	0.0671111629
1554.0300000000	0.0671775317
1554.0400000000	0.0672261582
1554.0500000000	0.0671557313
1554.0600000000	0.0669337859
1554.0700000000	0.0668521367
1554.0800000000	0.0667752669
1554.0900000000	0.0666771502
1554.1000000000	0.0665510641
1554.1100000000	0.0663977122
1554.1200000000	0.0661714135
1554.1300000000	0.0659261252
1554.1400000000	0.0657444436
1554.1500000000	0.0655737189
1554.1600000000	0.0654707459
1554.1700000000	0.0654618025
1554.1800000000	0.0654887784
1554.1900000000	0.0655514878
1554.2000000000	0.0656160083
1554.2100000000	0.0656521389
1554.2200000000	0.0656770967
1554.2300000000	0.0656828242
1554.2400000000	0.0657244041
1554.2500000000	0.0657882847
1554.2600000000	0.0658432193
1554.2700000000	0.0659150595
1554.2800000000	0.0659730201
1554.2900000000	0.0659758118
1554.3000000000	0.0658670809
1554.3100000000	0.0657289856
1554.3200000000	0.0655731565
1554.3300000000	0.0653720795
1554.3400000000	0.0652297996
1554.3500000000	0.0651314355
1554.3600000000	0.0650646689
1554.3700000000	0.0650283268
1554.3800000000	0.0649792360
1554.3900000000	0.0648972611
1554.4000000000	0.0648806238
1554.4100000000	0.0649265868
1554.4200000000	0.0649201827
1554.4300000000	0.0648226560
1554.4400000000	0.0647728026
1554.4500000000	0.0648486659
1554.4600000000	0.0650189504
1554.4700000000	0.0652921550
1554.4800000000	0.0654970134
1554.4900000000	0.0656155740
1554.5000000000	0.0657982360
1554.5100000000	0.0659587200
1554.5200000000	0.0660492017
1554.5300000000	0.0661792074
1554.5400000000	0.0663196648
1554.5500000000	0.0663631159
1554.5600000000	0.0662989875
1554.5700000000	0.0661300649
1554.5800000000	0.0659675087
1554.5900000000	0.0658913635
1554.6000000000	0.0658245967
1554.6100000000	0.0657272437
1554.6200000000	0.0657836283
1554.6300000000	0.0658764423
1554.6400000000	0.0658709549
1554.6500000000	0.0659614564
1554.6600000000	0.0660418479
1554.6700000000	0.0659899120
1554.6800000000	0.0659781886
1554.6900000000	0.0659602691
1554.7000000000	0.0658614733
1554.7100000000	0.0657882630
1554.7200000000	0.0657388703
1554.7300000000	0.0655289614
1554.7400000000	0.0652980993
1554.7500000000	0.0651454408
1554.7600000000	0.0648974402
1554.7700000000	0.0645559215
1554.7800000000	0.0642695540
1554.7900000000	0.0639400023
1554.8000000000	0.0635673427
1554.8100000000	0.0633411907
1554.8200000000	0.0632979534
1554.8300000000	0.0634555819
1554.8400000000	0.0637769159
1554.8500000000	0.0642534737
1554.8600000000	0.0645412285
1554.8700000000	0.0648598434
1554.8800000000	0.0651858420
1554.8900000000	0.0654061111
1554.9000000000	0.0655534895
1554.9100000000	0.0656919554
1554.9200000000	0.0656535356
1554.9300000000	0.0655015446
1554.9400000000	0.0652316958
1554.9500000000	0.0648843554
1554.9600000000	0.0646437783
1554.9700000000	0.0643842982
1554.9800000000	0.0639308018
1554.9900000000	0.0634532380
1555.0000000000	0.0630387542
1555.0100000000	0.0627097843
1555.0200000000	0.0625471374
1555.0300000000	0.0626295891
1555.0400000000	0.0627332062
1555.0500000000	0.0629981344
1555.0600000000	0.0633970158
1555.0700000000	0.0636691551
1555.0800000000	0.0639264443
1555.0900000000	0.0642874197
1555.1000000000	0.0646350471
1555.1100000000	0.0648964800
1555.1200000000	0.0651933058
1555.1300000000	0.0653053059
1555.1400000000	0.0653333497
1555.1500000000	0.0653015223
1555.1600000000	0.0652014074
1555.1700000000	0.0648489725
1555.1800000000	0.0646104207
1555.1900000000	0.0644408171
1555.2000000000	0.0641383714
1555.2100000000	0.0640496281
1555.2200000000	0.0640945786
1555.2300000000	0.0639540276
1555.2400000000	0.0639416858
1555.2500000000	0.0640860856
1555.2600000000	0.0641436004
1555.2700000000	0.0641828987
1555.2800000000	0.0644519094
1555.2900000000	0.0645785099
1555.3000000000	0.0646850439
1555.3100000000	0.0647413019
1555.3200000000	0.0646614010
1555.3300000000	0.0644853568
1555.3400000000	0.0643934147
1555.3500000000	0.0642070497
1555.3600000000	0.0638674295
1555.3700000000	0.0634882253
1555.3800000000	0.0631292912
1555.3900000000	0.0629024963
1555.4000000000	0.0628429241
1555.4100000000	0.0628996707
1555.4200000000	0.0631327585
1555.4300000000	0.0634088952
1555.4400000000	0.0636665054
1555.4500000000	0.0639485768
1555.4600000000	0.0642812035
1555.4700000000	0.0646517234
1555.4800000000	0.0649526982
1555.4900000000	0.0651985024
1555.5000000000	0.0651850114
1555.5100000000	0.0650905613
1555.5200000000	0.0649597526
1555.5300000000	0.0646704061
1555.5400000000	0.0643199354
1555.5500000000	0.0639077405
1555.5600000000	0.0633240423
1555.5700000000	0.0627841251
1555.5800000000	0.0622798312
1555.5900000000	0.0616759673
1555.6000000000	0.0611766940
1555.6100000000	0.0608403627
1555.6200000000	0.0603613639
1555.6300000000	0.0600245302
1555.6400000000	0.0598242535
1555.6500000000	0.0595724211
1555.6600000000	0.0594233115
1555.6700000000	0.0593071981
1555.6800000000	0.0591302976
1555.6900000000	0.0589559701
1555.7000000000	0.0587730035
1555.7100000000	0.0584219557
1555.7200000000	0.0580558409
1555.7300000000	0.0577525908
1555.7400000000	0.0574311337
1555.7500000000	0.0570527428
1555.7600000000	0.0568525803
1555.7700000000	0.0568683808
1555.7800000000	0.0569161653
1555.7900000000	0.0571546272
1555.8000000000	0.0575156196
1555.8100000000	0.0576981771
1555.8200000000	0.0579158882
1555.8300000000	0.0581224758
1555.8400000000	0.0581549812
1555.8500000000	0.0581907714
1555.8600000000	0.0582230317
1555.8700000000	0.0580835123
1555.8800000000	0.0577687949
1555.8900000000	0.0573907978
1555.9000000000	0.0569042697
1555.9100000000	0.0564765384
1555.9200000000	0.0560513595
1555.9300000000	0.0555878862
1555.9400000000	0.0552598508
1555.9500000000	0.0550329276
1555.9600000000	0.0550114035
1555.9700000000	0.0552294467
1555.9800000000	0.0555518582
1555.9900000000	0.0559851143
1556.0000000000	0.0565025637
1556.0100000000	0.0570014528
1556.0200000000	0.0573648362
1556.0300000000	0.0577414834
1556.0400000000	0.0580538208
1556.0500000000	0.0582308968
1556.0600000000	0.0582379798
1556.0700000000	0.0581095274
1556.0800000000	0.0578012457
1556.0900000000	0.0572950785
1556.1000000000	0.0567110068
1556.1100000000	0.0560442319
1556.1200000000	0.0553195104
1556.1300000000	0.0544621161
1556.1400000000	0.0537449111
1556.1500000000	0.0531381810
1556.1600000000	0.0527603888
1556.1700000000	0.0524062998
1556.1800000000	0.0521195084
1556.1900000000	0.0519768605
1556.2000000000	0.0519680775
1556.2100000000	0.0519145984
1556.2200000000	0.0517844787
1556.2300000000	0.0516144307
1556.2400000000	0.0514114917
1556.2500000000	0.0511076397
1556.2600000000	0.0506803012
1556.2700000000	0.0501839028
1556.2800000000	0.0496156977
1556.2900000000	0.0489428798
1556.3000000000	0.0482897509
1556.3100000000	0.0476046816
1556.3200000000	0.0468997903
1556.3300000000	0.0464173700
1556.3400000000	0.0460660417
1556.3500000000	0.0458324738
1556.3600000000	0.0457966627
1556.3700000000	0.0460379041
1556.3800000000	0.0463344083
1556.3900000000	0.0466581625
1556.4000000000	0.0468965304
1556.4100000000	0.0470238993
1556.4200000000	0.0470670877
1556.4300000000	0.0470089005
1556.4400000000	0.0467377128
1556.4500000000	0.0462726898
1556.4600000000	0.0457108652
1556.4700000000	0.0451838901
1556.4800000000	0.0446096411
1556.4900000000	0.0438951289
1556.5000000000	0.0432754894
1556.5100000000	0.0427250392
1556.5200000000	0.0422833614
1556.5300000000	0.0420245676
1556.5400000000	0.0419675128
1556.5500000000	0.0419896708
1556.5600000000	0.0420771293
1556.5700000000	0.0422133387
1556.5800000000	0.0424158251
1556.5900000000	0.0425892534
1556.6000000000	0.0426916081
1556.6100000000	0.0427570573
1556.6200000000	0.0426456308
1556.6300000000	0.0423194278
1556.6400000000	0.0418574998
1556.6500000000	0.0412807957
1556.6600000000	0.0406794561
1556.6700000000	0.0400414977
1556.6800000000	0.0393330864
1556.6900000000	0.0386297070
1556.7000000000	0.0380351666
1556.7100000000	0.0376534685
1556.7200000000	0.0373867790
1556.7300000000	0.0372797723
1556.7400000000	0.0373112369
1556.7500000000	0.0374779626
1556.7600000000	0.0376738662
1556.7700000000	0.0378621993
1556.7800000000	0.0380770204
1556.7900000000	0.0382225335
1556.8000000000	0.0382930033
1556.8100000000	0.0382329343
1556.8200000000	0.0380127825
1556.8300000000	0.0376858807
1556.8400000000	0.0372698813
1556.8500000000	0.0367269243
1556.8600000000	0.0361468767
1556.8700000000	0.0355484104
1556.8800000000	0.0350422840
1556.8900000000	0.0345747541
1556.9000000000	0.0341441627
1556.9100000000	0.0338152141
1556.9200000000	0.0336326118
1556.9300000000	0.0335462569
1556.9400000000	0.0335559364
1556.9500000000	0.0336600207
1556.9600000000	0.0337606081
1556.9700000000	0.0338643342
1556.9800000000	0.0340043209
1556.9900000000	0.0341338454
1557.0000000000	0.0341032064
1557.0100000000	0.0340319057
1557.0200000000	0.0339191217
1557.0300000000	0.0337456549
1557.0400000000	0.0336299779
1557.0500000000	0.0334299112
1557.0600000000	0.0332677875
1557.0700000000	0.0331333382
1557.0800000000	0.0331236563
1557.0900000000	0.0332128325
1557.1000000000	0.0333427668
1557.1100000000	0.0335874983
1557.1200000000	0.0339392062
1557.1300000000	0.0343208376
1557.1400000000	0.0347318975
1557.1500000000	0.0350702254
1557.1600000000	0.0353467731
1557.1700000000	0.0355822684
1557.1800000000	0.0357162002
1557.1900000000	0.0357143370
1557.2000000000	0.0355624164
1557.2100000000	0.0353201833
1557.2200000000	0.0350556644
1557.2300000000	0.0347416829
1557.2400000000	0.0343423899
1557.2500000000	0.0339283836
1557.2600000000	0.0336015160
1557.2700000000	0.0334072474
1557.2800000000	0.0332980513
1557.2900000000	0.0332886269
1557.3000000000	0.0333036349
1557.3100000000	0.0334123169
1557.3200000000	0.0335509503
1557.3300000000	0.0336411934
1557.3400000000	0.0336945344
1557.3500000000	0.0336569394
1557.3600000000	0.0335101265
1557.3700000000	0.0331981448
1557.3800000000	0.0328577455
1557.3900000000	0.0324856899
1557.4000000000	0.0320408391
1557.4100000000	0.0315588792
1557.4200000000	0.0310391281
1557.4300000000	0.0304752454
1557.4400000000	0.0299445180
1557.4500000000	0.0295738806
1557.4600000000	0.0293437549
1557.4700000000	0.0292356587
1557.4800000000	0.0292876954
1557.4900000000	0.0294391216
1557.5000000000	0.0297228203
1557.5100000000	0.0301059639
1557.5200000000	0.0304872399
1557.5300000000	0.0308038853
1557.5400000000	0.0311499351
1557.5500000000	0.0314542834
1557.5600000000	0.0315467114
1557.5700000000	0.0314751996
1557.5800000000	0.0313020426
1557.5900000000	0.0310454815
1557.6000000000	0.0307599878
1557.6100000000	0.0304566630
1557.6200000000	0.0301074421
1557.6300000000	0.0297926563
1557.6400000000	0.0295878452
1557.6500000000	0.0294476718
1557.6600000000	0.0293958653
1557.6700000000	0.0294906847
1557.6800000000	0.0296645013
1557.6900000000	0.0299976155
1557.7000000000	0.0304665428
1557.7100000000	0.0309089679
1557.7200000000	0.0313397642
1557.7300000000	0.0317981887
1557.7400000000	0.0321572675
1557.7500000000	0.0323310485
1557.7600000000	0.0323470540
1557.7700000000	0.0322287593
1557.7800000000	0.0320284918
1557.7900000000	0.0316863857
1557.8000000000	0.0312373160
1557.8100000000	0.0306923020
1557.8200000000	0.0301975946
1557.8300000000	0.0298018567
1557.8400000000	0.0294863691
1557.8500000000	0.0291537054
1557.8600000000	0.0289022098
1557.8700000000	0.0287592126
1557.8800000000	0.0287041694
1557.8900000000	0.0287399271
1557.9000000000	0.0288175087
1557.9100000000	0.0288348455
1557.9200000000	0.0288245920
1557.9300000000	0.0287883336
1557.9400000000	0.0286206731
1557.9500000000	0.0283916143
1557.9600000000	0.0280825564
1557.9700000000	0.0277187085
1557.9800000000	0.0273535718
1557.9900000000	0.0269514297
1558.0000000000	0.0265213174
1558.0100000000	0.0261876193
1558.0200000000	0.0259364999
1558.0300000000	0.0257262726
1558.0400000000	0.0256108355
1558.0500000000	0.0256221440
1558.0600000000	0.0257548185
1558.0700000000	0.0259798463
1558.0800000000	0.0262822173
1558.0900000000	0.0265742566
1558.1000000000	0.0268822491
1558.1100000000	0.0271875418
1558.1200000000	0.0274045227
1558.1300000000	0.0275826006
1558.1400000000	0.0276378091
1558.1500000000	0.0275935441
1558.1600000000	0.0274804584
1558.1700000000	0.0272567244
1558.1800000000	0.0269632630
1558.1900000000	0.0266800855
1558.2000000000	0.0264119912
1558.2100000000	0.0261989675
1558.2200000000	0.0259929438
1558.2300000000	0.0258872916
1558.2400000000	0.0258368139
1558.2500000000	0.0258651710
1558.2600000000	0.0259473724
1558.2700000000	0.0260963880
1558.2800000000	0.0262807538
1558.2900000000	0.0264609830
1558.3000000000	0.0265890272
1558.3100000000	0.0266066666
1558.3200000000	0.0265503656
1558.3300000000	0.0263648134
1558.3400000000	0.0261386429
1558.3500000000	0.0258346861
1558.3600000000	0.0254613569
1558.3700000000	0.0250179850
1558.3800000000	0.0246779588
1558.3900000000	0.0243379361
1558.4000000000	0.0240965169
1558.4100000000	0.0239500748
1558.4200000000	0.0238295431
1558.4300000000	0.0238069817
1558.4400000000	0.0239120189
1558.4500000000	0.0241035279
1558.4600000000	0.0242462382
1558.4700000000	0.0244017630
1558.4800000000	0.0246404714
1558.4900000000	0.0248030018
1558.5000000000	0.0248351660
1558.5100000000	0.0247433981
1558.5200000000	0.0245513141
1558.5300000000	0.0242549235
1558.5400000000	0.0238599235
1558.5500000000	0.0233941623
1558.5600000000	0.0229212762
1558.5700000000	0.0225399739
1558.5800000000	0.0221293959
1558.5900000000	0.0218042521
1558.6000000000	0.0215638574
1558.6100000000	0.0214019090
1558.6200000000	0.0214602744
1558.6300000000	0.0216422328
1558.6400000000	0.0218489222
1558.6500000000	0.0221498781
1558.6600000000	0.0225424535
1558.6700000000	0.0228746123
1558.6800000000	0.0230961822
1558.6900000000	0.0232670427
1558.7000000000	0.0232874273
1558.7100000000	0.0231821567
1558.7200000000	0.0230803193
1558.7300000000	0.0227670373
1558.7400000000	0.0223626817
1558.7500000000	0.0219879250
1558.7600000000	0.0215488790
1558.7700000000	0.0210981443
1558.7800000000	0.0207351671
1558.7900000000	0.0204241596
1558.8000000000	0.0201341892
1558.8100000000	0.0199841903
1558.8200000000	0.0199423035
1558.8300000000	0.0199741656
1558.8400000000	0.0201484517
1558.8500000000	0.0204323298
1558.8600000000	0.0207487128
1558.8700000000	0.0211270659
1558.8800000000	0.0215226043
1558.8900000000	0.0217819615
1558.9000000000	0.0219642457
1558.9100000000	0.0220881266
1558.9200000000	0.0220324606
1558.9300000000	0.0218672146
1558.9400000000	0.0216755732
1558.9500000000	0.0214161394
1558.9600000000	0.0211395366
1558.9700000000	0.0208468219
1558.9800000000	0.0205638689
1558.9900000000	0.0203940149
1559.0000000000	0.0203343245
1559.0100000000	0.0202645472
1559.0200000000	0.0202234566
1559.0300000000	0.0202744941
1559.0400000000	0.0203931181
1559.0500000000	0.0204941387
1559.0600000000	0.0206001087
1559.0700000000	0.0206892407
1559.0800000000	0.0207284622
1559.0900000000	0.0207399532
1559.1000000000	0.0206060169
1559.1100000000	0.0203774345
1559.1200000000	0.0200910297
1559.1300000000	0.0197592137
1559.1400000000	0.0193846154
1559.1500000000	0.0190007415
1559.1600000000	0.0186687254
1559.1700000000	0.0184358049
1559.1800000000	0.0183093517
1559.1900000000	0.0182003164
1559.2000000000	0.0181649150
1559.2100000000	0.0182677292
1559.2200000000	0.0184615546
1559.2300000000	0.0187037628
1559.2400000000	0.0189951087
1559.2500000000	0.0192640191
1559.2600000000	0.0194630337
1559.2700000000	0.0195718860
1559.2800000000	0.0195982640
1559.2900000000	0.0195350926
1559.3000000000	0.0193767588
1559.3100000000	0.0191191449
1559.3200000000	0.0188062165
1559.3300000000	0.0184376452
1559.3400000000	0.0180606935
1559.3500000000	0.0177201696
1559.3600000000	0.0174281811
1559.3700000000	0.0171977820
1559.3800000000	0.0170690901
1559.3900000000	0.0170185484
1559.4000000000	0.0170245825
1559.4100000000	0.0171163119
1559.4200000000	0.0173696222
1559.4300000000	0.0176060453
1559.4400000000	0.0178464066
1559.4500000000	0.0181368799
1559.4600000000	0.0184100676
1559.4700000000	0.0185788670
1559.4800000000	0.0186534158
1559.4900000000	0.0186502303
1559.5000000000	0.0186201497
1559.5100000000	0.0185499011
1559.5200000000	0.0183564025
1559.5300000000	0.0181238570
1559.5400000000	0.0179364881
1559.5500000000	0.0177832690
1559.5600000000	0.0176453531
1559.5700000000	0.0175367179
1559.5800000000	0.0174860445
1559.5900000000	0.0175070832
1559.6000000000	0.0175932391
1559.6100000000	0.0177237451
1559.6200000000	0.0178935280
1559.6300000000	0.0180634197
1559.6400000000	0.0181793379
1559.6500000000	0.0182711284
1559.6600000000	0.0183335232
1559.6700000000	0.0183430333
1559.6800000000	0.0182437165
1559.6900000000	0.0180431961
1559.7000000000	0.0177750796
1559.7100000000	0.0175140894
1559.7200000000	0.0172172621
1559.7300000000	0.0169001829
1559.7400000000	0.0166146046
1559.7500000000	0.0164151043
1559.7600000000	0.0162744073
1559.7700000000	0.0161504107
1559.7800000000	0.0161398945
1559.7900000000	0.0161779627
1559.8000000000	0.0162573265
1559.8100000000	0.0163866743
1559.8200000000	0.0165399774
1559.8300000000	0.0166612707
1559.8400000000	0.0167843608
1559.8500000000	0.0168387686
1559.8600000000	0.0168114762
1559.8700000000	0.0167185900
1559.8800000000	0.0165527249
1559.8900000000	0.0163571016
1559.9000000000	0.0161424095
1559.9100000000	0.0159148508
1559.9200000000	0.0156642454
1559.9300000000	0.0154590314
1559.9400000000	0.0153185599
1559.9500000000	0.0151930376
1559.9600000000	0.0151645852
1559.9700000000	0.0151986832
1559.9800000000	0.0153059216
1559.9900000000	0.0154448769
1560.0000000000	0.0156312233
1560.0100000000	0.0158366418
1560.0200000000	0.0160050863
1560.0300000000	0.0161478065
1560.0400000000	0.0161778193
1560.0500000000	0.0161524983
1560.0600000000	0.0160877760
1560.0700000000	0.0159365525
1560.0800000000	0.0156960196
1560.0900000000	0.0154612502
1560.1000000000	0.0152101541
1560.1100000000	0.0149657571
1560.1200000000	0.0147735204
1560.1300000000	0.0146139530
1560.1400000000	0.0144937497
1560.1500000000	0.0144050477
1560.1600000000	0.0143956501
1560.1700000000	0.0144657894
1560.1800000000	0.0145943623
1560.1900000000	0.0147559897
1560.2000000000	0.0149238205
1560.2100000000	0.0151186651
1560.2200000000	0.0152660313
1560.2300000000	0.0153561740
1560.2400000000	0.0153707474
1560.2500000000	0.0153052631
1560.2600000000	0.0151956012
1560.2700000000	0.0149896751
1560.2800000000	0.0147410462
1560.2900000000	0.0144564349
1560.3000000000	0.0141780211
1560.3100000000	0.0139524728
1560.3200000000	0.0137250133
1560.3300000000	0.0135528290
1560.3400000000	0.0134576087
1560.3500000000	0.0133976686
1560.3600000000	0.0133814101
1560.3700000000	0.0133906270
1560.3800000000	0.0134460992
1560.3900000000	0.0135244191
1560.4000000000	0.0136282003
1560.4100000000	0.0137743675
1560.4200000000	0.0138936470
1560.4300000000	0.0139436052
1560.4400000000	0.0139220729
1560.4500000000	0.0138445215
1560.4600000000	0.0137152883
1560.4700000000	0.0135320421
1560.4800000000	0.0133352396
1560.4900000000	0.0131443959
1560.5000000000	0.0129596395
1560.5100000000	0.0128033484
1560.5200000000	0.0127027296
1560.5300000000	0.0126065382
1560.5400000000	0.0125858639
1560.5500000000	0.0125933683
1560.5600000000	0.0126429295
1560.5700000000	0.0127562147
1560.5800000000	0.0128545166
1560.5900000000	0.0129798703
1560.6000000000	0.0130994057
1560.6100000000	0.0132045986
1560.6200000000	0.0133212675
1560.6300000000	0.0133826588
1560.6400000000	0.0133780039
1560.6500000000	0.0133183972
1560.6600000000	0.0132331793
1560.6700000000	0.0131046007
1560.6800000000	0.0129717333
1560.6900000000	0.0128437311
1560.7000000000	0.0127647461
1560.7100000000	0.0127174447
1560.7200000000	0.0126892710
1560.7300000000	0.0127140391
1560.7400000000	0.0127602372
1560.7500000000	0.0128429693
1560.7600000000	0.0129380622
1560.7700000000	0.0131010485
1560.7800000000	0.0132155976
1560.7900000000	0.0133181921
1560.8000000000	0.0133678122
1560.8100000000	0.0133723370
1560.8200000000	0.0132836055
1560.8300000000	0.0131364975
1560.8400000000	0.0129605072
1560.8500000000	0.0127677953
1560.8600000000	0.0125238622
1560.8700000000	0.0122496222
1560.8800000000	0.0120413408
1560.8900000000	0.0118397917
1560.9000000000	0.0116644629
1560.9100000000	0.0115211018
1560.9200000000	0.0114615774
1560.9300000000	0.0114631454
1560.9400000000	0.0114994201
1560.9500000000	0.0115345186
1560.9600000000	0.0116213533
1560.9700000000	0.0117255747
1560.9800000000	0.0118228972
1560.9900000000	0.0119306860
1561.0000000000	0.0120179933
1561.0100000000	0.0120696787
1561.0200000000	0.0120343990
1561.0300000000	0.0119526997
1561.0400000000	0.0118450563
1561.0500000000	0.0117029219
1561.0600000000	0.0115094904
1561.0700000000	0.0113342531
1561.0800000000	0.0111997916
1561.0900000000	0.0110701391
1561.1000000000	0.0109884117
1561.1100000000	0.0109368955
1561.1200000000	0.0109693721
1561.1300000000	0.0110469417
1561.1400000000	0.0111410415
1561.1500000000	0.0112461386
1561.1600000000	0.0113427472
1561.1700000000	0.0114733909
1561.1800000000	0.0115631904
1561.1900000000	0.0116272067
1561.2000000000	0.0116765866
1561.2100000000	0.0116674038
1561.2200000000	0.0116430125
1561.2300000000	0.0116063514
1561.2400000000	0.0115111158
1561.2500000000	0.0114007225
1561.2600000000	0.0112936839
1561.2700000000	0.0111903481
1561.2800000000	0.0111188377
1561.2900000000	0.0110712176
1561.3000000000	0.0110471716
1561.3100000000	0.0110513618
1561.3200000000	0.0111383132
1561.3300000000	0.0112062433
1561.3400000000	0.0112788153
1561.3500000000	0.0113847359
1561.3600000000	0.0114833290
1561.3700000000	0.0115640714
1561.3800000000	0.0116097497
1561.3900000000	0.0116092068
1561.4000000000	0.0115280833
1561.4100000000	0.0114163244
1561.4200000000	0.0112341750
1561.4300000000	0.0110911539
1561.4400000000	0.0109558247
1561.4500000000	0.0107818715
1561.4600000000	0.0106076098
1561.4700000000	0.0104341433
1561.4800000000	0.0102783079
1561.4900000000	0.0101667223
1561.5000000000	0.0101296634
1561.5100000000	0.0101287249
1561.5200000000	0.0101143512
1561.5300000000	0.0101390446
1561.5400000000	0.0102038717
1561.5500000000	0.0102935920
1561.5600000000	0.0103866268
1561.5700000000	0.0104434312
1561.5800000000	0.0104597923
1561.5900000000	0.0104872669
1561.6000000000	0.0104848797
1561.6100000000	0.0104459668
1561.6200000000	0.0103999461
1561.6300000000	0.0103563312
1561.6400000000	0.0103182396
1561.6500000000	0.0102510856
1561.6600000000	0.0102020172
1561.6700000000	0.0101422104
1561.6800000000	0.0101124434
1561.6900000000	0.0101218506
1561.7000000000	0.0101484303
1561.7100000000	0.0101686692
1561.7200000000	0.0102260137
1561.7300000000	0.0102966726
1561.7400000000	0.0103612514
1561.7500000000	0.0104129496
1561.7600000000	0.0104688006
1561.7700000000	0.0104761639
1561.7800000000	0.0104761639
1561.7900000000	0.0104551012
1561.8000000000	0.0104364126
1561.8100000000	0.0104098026
1561.8200000000	0.0103707058
1561.8300000000	0.0103293039
1561.8400000000	0.0102879036
1561.8500000000	0.0102689670
1561.8600000000	0.0102878655
1561.8700000000	0.0103303699
1561.8800000000	0.0104206530
1561.8900000000	0.0105451216
1561.9000000000	0.0106489810
1561.9100000000	0.0107633979
1561.9200000000	0.0108412966
1561.9300000000	0.0109331017
1561.9400000000	0.0110126659
1561.9500000000	0.0110505734
1561.9600000000	0.0110278705
1561.9700000000	0.0109445573
1561.9800000000	0.0108458052
1561.9900000000	0.0106661776
1562.0000000000	0.0104730991
1562.0100000000	0.0102891024
1562.0200000000	0.0101140611
1562.0300000000	0.0099584715
1562.0400000000	0.0098157770
1562.0500000000	0.0096809903
1562.0600000000	0.0096251903
1562.0700000000	0.0095945333
1562.0800000000	0.0095376957
1562.0900000000	0.0095135184
1562.1000000000	0.0095512582
1562.1100000000	0.0096113875
1562.1200000000	0.0097015555
1562.1300000000	0.0097608106
1562.1400000000	0.0097569892
1562.1500000000	0.0097492616
1562.1600000000	0.0097260196
1562.1700000000	0.0096193390
1562.1800000000	0.0095218946
1562.1900000000	0.0094250342
1562.2000000000	0.0093232182
1562.2100000000	0.0092153240
1562.2200000000	0.0091318735
1562.2300000000	0.0090454749
1562.2400000000	0.0089973434
1562.2500000000	0.0089891638
1562.2600000000	0.0090111543
1562.2700000000	0.0090413149
1562.2800000000	0.0091125286
1562.2900000000	0.0091670731
1562.3000000000	0.0092415734
1562.3100000000	0.0093368120
1562.3200000000	0.0094421233
1562.3300000000	0.0095303669
1562.3400000000	0.0095963004
1562.3500000000	0.0096055069
1562.3600000000	0.0095930109
1562.3700000000	0.0095675437
1562.3800000000	0.0094993250
1562.3900000000	0.0093900141
1562.4000000000	0.0093100115
1562.4100000000	0.0091986760
1562.4200000000	0.0090960129
1562.4300000000	0.0090499925
1562.4400000000	0.0090074756
1562.4500000000	0.0090343800
1562.4600000000	0.0090737652
1562.4700000000	0.0091481441
1562.4800000000	0.0092239735
1562.4900000000	0.0093531360
1562.5000000000	0.0094159220
1562.5100000000	0.0094913260
1562.5200000000	0.0095801258
1562.5300000000	0.0096764622
1562.5400000000	0.0097543295
1562.5500000000	0.0098053963
1562.5600000000	0.0098182682
1562.5700000000	0.0097896639
1562.5800000000	0.0097383454
1562.5900000000	0.0096800149
1562.6000000000	0.0095943424
1562.6100000000	0.0095239431
1562.6200000000	0.0094885543
1562.6300000000	0.0094628548
1562.6400000000	0.0094205379
1562.6500000000	0.0094232660
1562.6600000000	0.0094214621
1562.6700000000	0.0094006478
1562.6800000000	0.0094024539
1562.6900000000	0.0094003057
1562.7000000000	0.0093840017
1562.7100000000	0.0093788733
1562.7200000000	0.0093154649
1562.7300000000	0.0092062821
1562.7400000000	0.0090876700
1562.7500000000	0.0089781289
1562.7600000000	0.0088739733
1562.7700000000	0.0087606297
1562.7800000000	0.0086581133
1562.7900000000	0.0085475283
1562.8000000000	0.0084889574
1562.8100000000	0.0084367423
1562.8200000000	0.0084152844
1562.8300000000	0.0084228597
1562.8400000000	0.0084614292
1562.8500000000	0.0085063348
1562.8600000000	0.0085508863
1562.8700000000	0.0086306352
1562.8800000000	0.0087000777
1562.8900000000	0.0087293080
1562.9000000000	0.0087394778
1562.9100000000	0.0087395790
1562.9200000000	0.0087173851
1562.9300000000	0.0086379778
1562.9400000000	0.0085030608
1562.9500000000	0.0083746335
1562.9600000000	0.0082745191
1562.9700000000	0.0081459457
1562.9800000000	0.0080509347
1562.9900000000	0.0079829539
1563.0000000000	0.0079612630
1563.0100000000	0.0079589972
1563.0200000000	0.0079846791
1563.0300000000	0.0080652216
1563.0400000000	0.0081948440
1563.0500000000	0.0083308514
1563.0600000000	0.0084769758
1563.0700000000	0.0086434068
1563.0800000000	0.0087961421
1563.0900000000	0.0089254884
1563.1000000000	0.0090388415
1563.1100000000	0.0091176461
1563.1200000000	0.0091596510
1563.1300000000	0.0092021346
1563.1400000000	0.0092216868
1563.1500000000	0.0091904637
1563.1600000000	0.0091512398
1563.1700000000	0.0090878874
1563.1800000000	0.0089879870
1563.1900000000	0.0089266951
1563.2000000000	0.0089105046
1563.2100000000	0.0089089575
1563.2200000000	0.0089480090
1563.2300000000	0.0089944909
1563.2400000000	0.0090404301
1563.2500000000	0.0090794721
1563.2600000000	0.0091428598
1563.2700000000	0.0092180143
1563.2800000000	0.0092607426
1563.2900000000	0.0092874114
1563.3000000000	0.0093118634
1563.3100000000	0.0092860360
1563.3200000000	0.0092317092
1563.3300000000	0.0091678367
1563.3400000000	0.0090815741
1563.3500000000	0.0089766463
1563.3600000000	0.0088625732
1563.3700000000	0.0087679683
1563.3800000000	0.0087164362
1563.3900000000	0.0086916604
1563.4000000000	0.0086776057
1563.4100000000	0.0086886898
1563.4200000000	0.0087315933
1563.4300000000	0.0088028210
1563.4400000000	0.0088669680
1563.4500000000	0.0089100868
1563.4600000000	0.0089567581
1563.4700000000	0.0090174667
1563.4800000000	0.0090399465
1563.4900000000	0.0090045555
1563.5000000000	0.0089423706
1563.5100000000	0.0088649494
1563.5200000000	0.0087172564
1563.5300000000	0.0085513306
1563.5400000000	0.0084173800
1563.5500000000	0.0083164789
1563.5600000000	0.0082361357
1563.5700000000	0.0081713338
1563.5800000000	0.0081337262
1563.5900000000	0.0081319164
1563.6000000000	0.0081589232
1563.6100000000	0.0082187854
1563.6200000000	0.0083156132
1563.6300000000	0.0084465884
1563.6400000000	0.0086048832
1563.6500000000	0.0087708169
1563.6600000000	0.0089297339
1563.6700000000	0.0090505066
1563.6800000000	0.0091052738
1563.6900000000	0.0091143609
1563.7000000000	0.0090855019
1563.7100000000	0.0090415863
1563.7200000000	0.0089741242
1563.7300000000	0.0088723607
1563.7400000000	0.0087863887
1563.7500000000	0.0086932490
1563.7600000000	0.0086122802
1563.7700000000	0.0085653303
1563.7800000000	0.0085502207
1563.7900000000	0.0085691504
1563.8000000000	0.0086137393
1563.8100000000	0.0087048663
1563.8200000000	0.0088265985
1563.8300000000	0.0089588797
1563.8400000000	0.0090759902
1563.8500000000	0.0091790639
1563.8600000000	0.0092549890
1563.8700000000	0.0092855162
1563.8800000000	0.0092938475
1563.8900000000	0.0092857219
1563.9000000000	0.0092381222
1563.9100000000	0.0091529030
1563.9200000000	0.0090263791
1563.9300000000	0.0088870041
1563.9400000000	0.0087808065
1563.9500000000	0.0086872711
1563.9600000000	0.0085922537
1563.9700000000	0.0085300795
1563.9800000000	0.0085471158
1563.9900000000	0.0086196863
1564.0000000000	0.0086976188
1564.0100000000	0.0087951476
1564.0200000000	0.0089355664
1564.0300000000	0.0090845722
1564.0400000000	0.0092178073
1564.0500000000	0.0093518868
1564.0600000000	0.0094545926
1564.0700000000	0.0095007625
1564.0800000000	0.0095022779
1564.0900000000	0.0094753766
1564.1000000000	0.0093855244
1564.1100000000	0.0092293344
1564.1200000000	0.0090725068
1564.1300000000	0.0089285533
1564.1400000000	0.0087849430
1564.1500000000	0.0086733937
1564.1600000000	0.0086137901
1564.1700000000	0.0085835224
1564.1800000000	0.0085646911
1564.1900000000	0.0085703058
1564.2000000000	0.0086078826
1564.2100000000	0.0086670921
1564.2200000000	0.0087855743
1564.2300000000	0.0089497993
1564.2400000000	0.0091036904
1564.2500000000	0.0092558146
1564.2600000000	0.0093819025
1564.2700000000	0.0094616954
1564.2800000000	0.0094514582
1564.2900000000	0.0093887586
1564.3000000000	0.0092715058
1564.3100000000	0.0091328527
1564.3200000000	0.0090054335
1564.3300000000	0.0088894281
1564.3400000000	0.0087807178
1564.3500000000	0.0086912642
1564.3600000000	0.0086194220
1564.3700000000	0.0085794748
1564.3800000000	0.0085888505
1564.3900000000	0.0086180154
1564.4000000000	0.0086795701
1564.4100000000	0.0087805265
1564.4200000000	0.0088836139
1564.4300000000	0.0089737305
1564.4400000000	0.0090354701
1564.4500000000	0.0090785869
1564.4600000000	0.0091254208
1564.4700000000	0.0091220635
1564.4800000000	0.0090955760
1564.4900000000	0.0090520854
1564.5000000000	0.0089776639
1564.5100000000	0.0089032536
1564.5200000000	0.0087977797
1564.5300000000	0.0086987652
1564.5400000000	0.0086166598
1564.5500000000	0.0085709222
1564.5600000000	0.0085742985
1564.5700000000	0.0086152198
1564.5800000000	0.0086903744
1564.5900000000	0.0087953053
1564.6000000000	0.0089096481
1564.6100000000	0.0090121506
1564.6200000000	0.0091121574
1564.6300000000	0.0092107555
1564.6400000000	0.0092847299
1564.6500000000	0.0093341653
1564.6600000000	0.0093690155
1564.6700000000	0.0093613032
1564.6800000000	0.0093081605
1564.6900000000	0.0092167830
1564.7000000000	0.0090953733
1564.7100000000	0.0089456377
1564.7200000000	0.0087981217
1564.7300000000	0.0086836830
1564.7400000000	0.0085990892
1564.7500000000	0.0085429024
1564.7600000000	0.0085274321
1564.7700000000	0.0085545563
1564.7800000000	0.0086151058
1564.7900000000	0.0087012196
1564.8000000000	0.0087884487
1564.8100000000	0.0088753789
1564.8200000000	0.0089962451
1564.8300000000	0.0091258095
1564.8400000000	0.0092402255
1564.8500000000	0.0093371158
1564.8600000000	0.0093684604
1564.8700000000	0.0093635750
1564.8800000000	0.0093198199
1564.8900000000	0.0092606639
1564.9000000000	0.0091864230
1564.9100000000	0.0090833362
1564.9200000000	0.0090078292
1564.9300000000	0.0089681885
1564.9400000000	0.0089111515
1564.9500000000	0.0088702391
1564.9600000000	0.0088485112
1564.9700000000	0.0088768066
1564.9800000000	0.0089241785
1564.9900000000	0.0089778829
1565.0000000000	0.0090577350
1565.0100000000	0.0091359759
1565.0200000000	0.0091821184
1565.0300000000	0.0092036399
1565.0400000000	0.0092219142
1565.0500000000	0.0091909273
1565.0600000000	0.0091246910
1565.0700000000	0.0090542987
1565.0800000000	0.0089685588
1565.0900000000	0.0088923934
1565.1000000000	0.0088141690
1565.1100000000	0.0087368295
1565.1200000000	0.0086660188
1565.1300000000	0.0086627669
1565.1400000000	0.0086861744
1565.1500000000	0.0087367274
1565.1600000000	0.0088482291
1565.1700000000	0.0089938449
1565.1800000000	0.0091419903
1565.1900000000	0.0092738137
1565.2000000000	0.0094124107
1565.2100000000	0.0095160658
1565.2200000000	0.0095907765
1565.2300000000	0.0096121255
1565.2400000000	0.0095830746
1565.2500000000	0.0095289610
1565.2600000000	0.0094336394
1565.2700000000	0.0093210275
1565.2800000000	0.0092214664
1565.2900000000	0.0091069511
1565.3000000000	0.0089566397
1565.3100000000	0.0088252494
1565.3200000000	0.0087551952
1565.3300000000	0.0087201552
1565.3400000000	0.0087005173
1565.3500000000	0.0087360774
1565.3600000000	0.0088565623
1565.3700000000	0.0089960810
1565.3800000000	0.0091297524
1565.3900000000	0.0092415186
1565.4000000000	0.0093870233
1565.4100000000	0.0095431773
1565.4200000000	0.0096529538
1565.4300000000	0.0097684952
1565.4400000000	0.0098627175
1565.4500000000	0.0099272333
1565.4600000000	0.0099362605
1565.4700000000	0.0099272502
1565.4800000000	0.0099255340
1565.4900000000	0.0099049668
1565.5000000000	0.0099060380
1565.5100000000	0.0098871487
1565.5200000000	0.0099050261
1565.5300000000	0.0099447874
1565.5400000000	0.0100037710
1565.5500000000	0.0100703959
1565.5600000000	0.0101484914
1565.5700000000	0.0102127797
1565.5800000000	0.0102530520
1565.5900000000	0.0102965388
1565.6000000000	0.0103385070
1565.6100000000	0.0103526104
1565.6200000000	0.0103109748
1565.6300000000	0.0102217440
1565.6400000000	0.0100960303
1565.6500000000	0.0099551815
1565.6600000000	0.0098365519
1565.6700000000	0.0097021391
1565.6800000000	0.0095797033
1565.6900000000	0.0095081931
1565.7000000000	0.0094347220
1565.7100000000	0.0093998243
1565.7200000000	0.0094152360
1565.7300000000	0.0094807391
1565.7400000000	0.0095485117
1565.7500000000	0.0096527320
1565.7600000000	0.0097807433
1565.7700000000	0.0099106355
1565.7800000000	0.0100306750
1565.7900000000	0.0101522230
1565.8000000000	0.0102326917
1565.8100000000	0.0102703658
1565.8200000000	0.0102641466
1565.8300000000	0.0102195854
1565.8400000000	0.0101389687
1565.8500000000	0.0100492478
1565.8600000000	0.0099349996
1565.8700000000	0.0098174551
1565.8800000000	0.0097198365
1565.8900000000	0.0096434249
1565.9000000000	0.0095730626
1565.9100000000	0.0095316624
1565.9200000000	0.0095396017
1565.9300000000	0.0095773682
1565.9400000000	0.0096703489
1565.9500000000	0.0097925541
1565.9600000000	0.0099127334
1565.9700000000	0.0100307254
1565.9800000000	0.0101415819
1565.9900000000	0.0102390971
1566.0000000000	0.0102945709
1566.0100000000	0.0103651085
1566.0200000000	0.0103963106
1566.0300000000	0.0103713734
1566.0400000000	0.0103489100
1566.0500000000	0.0103373728
1566.0600000000	0.0103009980
1566.0700000000	0.0102722576
1566.0800000000	0.0102772074
1566.0900000000	0.0102959442
1566.1000000000	0.0103257063
1566.1100000000	0.0103862042
1566.1200000000	0.0104910747
1566.1300000000	0.0106189711
1566.1400000000	0.0107414960
1566.1500000000	0.0108682324
1566.1600000000	0.0110039112
1566.1700000000	0.0111474952
1566.1800000000	0.0112574936
1566.1900000000	0.0112933442
1566.2000000000	0.0113092218
1566.2100000000	0.0112780705
1566.2200000000	0.0111785956
1566.2300000000	0.0110366631
1566.2400000000	0.0108983949
1566.2500000000	0.0107593458
1566.2600000000	0.0106094800
1566.2700000000	0.0104622960
1566.2800000000	0.0103678768
1566.2900000000	0.0103345735
1566.3000000000	0.0103320677
1566.3100000000	0.0103499100
1566.3200000000	0.0103876700
1566.3300000000	0.0104606123
1566.3400000000	0.0105442715
1566.3500000000	0.0106328000
1566.3600000000	0.0107273103
1566.3700000000	0.0108026132
1566.3800000000	0.0108670888
1566.3900000000	0.0109136790
1566.4000000000	0.0109145457
1566.4100000000	0.0109088032
1566.4200000000	0.0108833143
1566.4300000000	0.0108232406
1566.4400000000	0.0107439747
1566.4500000000	0.0106690970
1566.4600000000	0.0106166478
1566.4700000000	0.0105730114
1566.4800000000	0.0105441001
1566.4900000000	0.0105395451
1566.5000000000	0.0105794335
1566.5100000000	0.0106349389
1566.5200000000	0.0107086084
1566.5300000000	0.0107848982
1566.5400000000	0.0108553507
1566.5500000000	0.0109333667
1566.5600000000	0.0109738122
1566.5700000000	0.0109654446
1566.5800000000	0.0109286026
1566.5900000000	0.0108844892
1566.6000000000	0.0108150293
1566.6100000000	0.0107049973
1566.6200000000	0.0105680762
1566.6300000000	0.0104432416
1566.6400000000	0.0103583830
1566.6500000000	0.0102919726
1566.6600000000	0.0102283817
1566.6700000000	0.0102228036
1566.6800000000	0.0103016076
1566.6900000000	0.0104102879
1566.7000000000	0.0105702951
1566.7100000000	0.0107842794
1566.7200000000	0.0109905287
1566.7300000000	0.0112229689
1566.7400000000	0.0114613344
1566.7500000000	0.0116516742
1566.7600000000	0.0118471862
1566.7700000000	0.0119758131
1566.7800000000	0.0120205768
1566.7900000000	0.0119991239
1566.8000000000	0.0119233561
1566.8100000000	0.0118371981
1566.8200000000	0.0117104342
1566.8300000000	0.0115505912
1566.8400000000	0.0113881014
1566.8500000000	0.0112786031
1566.8600000000	0.0111894807
1566.8700000000	0.0111163865
1566.8800000000	0.0110806677
1566.8900000000	0.0110891054
1566.9000000000	0.0111302738
1566.9100000000	0.0111904895
1566.9200000000	0.0112878079
1566.9300000000	0.0114215532
1566.9400000000	0.0115682557
1566.9500000000	0.0116955230
1566.9600000000	0.0117868786
1566.9700000000	0.0118625369
1566.9800000000	0.0118975084
1566.9900000000	0.0118790593
1567.0000000000	0.0118081951
1567.0100000000	0.0117081549
1567.0200000000	0.0116113183
1567.0300000000	0.0115144805
1567.0400000000	0.0114099337
1567.0500000000	0.0113027365
1567.0600000000	0.0112417546
1567.0700000000	0.0112251096
1567.0800000000	0.0112317078
1567.0900000000	0.0112672128
1567.1000000000	0.0113283646
1567.1100000000	0.0114281465
1567.1200000000	0.0115242122
1567.1300000000	0.0116204713
1567.1400000000	0.0116896488
1567.1500000000	0.0117407063
1567.1600000000	0.0117617998
1567.1700000000	0.0117336470
1567.1800000000	0.0116831325
1567.1900000000	0.0116197651
1567.2000000000	0.0115551140
1567.2100000000	0.0114748675
1567.2200000000	0.0113668200
1567.2300000000	0.0112749786
1567.2400000000	0.0112119510
1567.2500000000	0.0111883660
1567.2600000000	0.0111976676
1567.2700000000	0.0112467840
1567.2800000000	0.0113421108
1567.2900000000	0.0114811093
1567.3000000000	0.0116235418
1567.3100000000	0.0117620515
1567.3200000000	0.0119082332
1567.3300000000	0.0120409424
1567.3400000000	0.0121236653
1567.3500000000	0.0121774683
1567.3600000000	0.0122316741
1567.3700000000	0.0122576316
1567.3800000000	0.0122274256
1567.3900000000	0.0121543701
1567.4000000000	0.0120885110
1567.4100000000	0.0120077969
1567.4200000000	0.0119109015
1567.4300000000	0.0118243417
1567.4400000000	0.0117813999
1567.4500000000	0.0118026479
1567.4600000000	0.0118652000
1567.4700000000	0.0119436456
1567.4800000000	0.0120366810
1567.4900000000	0.0121508082
1567.5000000000	0.0122924571
1567.5100000000	0.0124134180
1567.5200000000	0.0125011373
1567.5300000000	0.0125919971
1567.5400000000	0.0126528959
1567.5500000000	0.0126636532
1567.5600000000	0.0126272584
1567.5700000000	0.0125640045
1567.5800000000	0.0124775976
1567.5900000000	0.0124010338
1567.6000000000	0.0123140542
1567.6100000000	0.0122576326
1567.6200000000	0.0122433840
1567.6300000000	0.0122289285
1567.6400000000	0.0122602768
1567.6500000000	0.0123041132
1567.6600000000	0.0123763172
1567.6700000000	0.0125123555
1567.6800000000	0.0126599301
1567.6900000000	0.0128044074
1567.7000000000	0.0129673658
1567.7100000000	0.0131189903
1567.7200000000	0.0132223034
1567.7300000000	0.0132772902
1567.7400000000	0.0132675487
1567.7500000000	0.0131849793
1567.7600000000	0.0130660811
1567.7700000000	0.0129108795
1567.7800000000	0.0127150124
1567.7900000000	0.0125266016
1567.8000000000	0.0123696171
1567.8100000000	0.0122313073
1567.8200000000	0.0120967212
1567.8300000000	0.0120224816
1567.8400000000	0.0120260959
1567.8500000000	0.0120810093
1567.8600000000	0.0121813694
1567.8700000000	0.0123406740
1567.8800000000	0.0125587457
1567.8900000000	0.0128182368
1567.9000000000	0.0130484960
1567.9100000000	0.0132260648
1567.9200000000	0.0133956315
1567.9300000000	0.0135112098
1567.9400000000	0.0135335128
1567.9500000000	0.0134820084
1567.9600000000	0.0134120838
1567.9700000000	0.0133484085
1567.9800000000	0.0132446935
1567.9900000000	0.0130921605
1568.0000000000	0.0129258126
1568.0100000000	0.0127730860
1568.0200000000	0.0126555159
1568.0300000000	0.0125890445
1568.0400000000	0.0125875803
1568.0500000000	0.0126285561
1568.0600000000	0.0127225668
1568.0700000000	0.0128572450
1568.0800000000	0.0130124012
1568.0900000000	0.0131890268
1568.1000000000	0.0133530744
1568.1100000000	0.0134970567
1568.1200000000	0.0135944854
1568.1300000000	0.0136571858
1568.1400000000	0.0136778683
1568.1500000000	0.0136268298
1568.1600000000	0.0135311318
1568.1700000000	0.0134060034
1568.1800000000	0.0132454600
1568.1900000000	0.0130927304
1568.2000000000	0.0129536390
1568.2100000000	0.0128578814
1568.2200000000	0.0128098326
1568.2300000000	0.0128049075
1568.2400000000	0.0128350969
1568.2500000000	0.0128958382
1568.2600000000	0.0129828846
1568.2700000000	0.0130948260
1568.2800000000	0.0132330672
1568.2900000000	0.0133775044
1568.3000000000	0.0135216858
1568.3100000000	0.0136661797
1568.3200000000	0.0137842366
1568.3300000000	0.0138471649
1568.3400000000	0.0138470770
1568.3500000000	0.0138070170
1568.3600000000	0.0136962496
1568.3700000000	0.0135332348
1568.3800000000	0.0133654132
1568.3900000000	0.0132423238
1568.4000000000	0.0131677708
1568.4100000000	0.0131200393
1568.4200000000	0.0131003872
1568.4300000000	0.0131137070
1568.4400000000	0.0131752614
1568.4500000000	0.0132581292
1568.4600000000	0.0133647249
1568.4700000000	0.0135098154
1568.4800000000	0.0136654226
1568.4900000000	0.0138218957
1568.5000000000	0.0139635567
1568.5100000000	0.0140304361
1568.5200000000	0.0140171677
1568.5300000000	0.0139913829
1568.5400000000	0.0139672048
1568.5500000000	0.0139013712
1568.5600000000	0.0138123353
1568.5700000000	0.0137355520
1568.5800000000	0.0136625311
1568.5900000000	0.0135852427
1568.6000000000	0.0135339142
1568.6100000000	0.0134870814
1568.6200000000	0.0134725250
1568.6300000000	0.0135283184
1568.6400000000	0.0136268251
1568.6500000000	0.0137618072
1568.6600000000	0.0139362259
1568.6700000000	0.0141129164
1568.6800000000	0.0142358990
1568.6900000000	0.0143488589
1568.7000000000	0.0143975100
1568.7100000000	0.0144166750
1568.7200000000	0.0144089519
1568.7300000000	0.0143558907
1568.7400000000	0.0142769428
1568.7500000000	0.0141928128
1568.7600000000	0.0140705442
1568.7700000000	0.0139376891
1568.7800000000	0.0138320458
1568.7900000000	0.0137401036
1568.8000000000	0.0136668910
1568.8100000000	0.0136508493
1568.8200000000	0.0137174820
1568.8300000000	0.0138574631
1568.8400000000	0.0140378831
1568.8500000000	0.0142368257
1568.8600000000	0.0144207511
1568.8700000000	0.0145635929
1568.8800000000	0.0147178765
1568.8900000000	0.0148705162
1568.9000000000	0.0149472389
1568.9100000000	0.0149889273
1568.9200000000	0.0150078707
1568.9300000000	0.0149750631
1568.9400000000	0.0149025856
1568.9500000000	0.0147834750
1568.9600000000	0.0145978376
1568.9700000000	0.0144301124
1568.9800000000	0.0143101946
1568.9900000000	0.0142046737
1569.0000000000	0.0141882698
1569.0100000000	0.0142492241
1569.0200000000	0.0143072299
1569.0300000000	0.0143915346
1569.0400000000	0.0145228123
1569.0500000000	0.0146669520
1569.0600000000	0.0148311479
1569.0700000000	0.0149953521
1569.0800000000	0.0151503821
1569.0900000000	0.0153058686
1569.1000000000	0.0154380845
1569.1100000000	0.0155039962
1569.1200000000	0.0155033464
1569.1300000000	0.0154536144
1569.1400000000	0.0153656004
1569.1500000000	0.0152940904
1569.1600000000	0.0152074996
1569.1700000000	0.0150966406
1569.1800000000	0.0150061545
1569.1900000000	0.0149543694
1569.2000000000	0.0149272991
1569.2100000000	0.0149028110
1569.2200000000	0.0149004204
1569.2300000000	0.0149525003
1569.2400000000	0.0150692786
1569.2500000000	0.0152010528
1569.2600000000	0.0152827953
1569.2700000000	0.0153661272
1569.2800000000	0.0154381852
1569.2900000000	0.0154560422
1569.3000000000	0.0154542179
1569.3100000000	0.0154284311
1569.3200000000	0.0153661011
1569.3300000000	0.0152816638
1569.3400000000	0.0152149667
1569.3500000000	0.0151826498
1569.3600000000	0.0151743989
1569.3700000000	0.0151827299
1569.3800000000	0.0151922759
1569.3900000000	0.0152083660
1569.4000000000	0.0152795191
1569.4100000000	0.0154084162
1569.4200000000	0.0155614484
1569.4300000000	0.0157442069
1569.4400000000	0.0159576526
1569.4500000000	0.0161710934
1569.4600000000	0.0163449637
1569.4700000000	0.0164634125
1569.4800000000	0.0165136213
1569.4900000000	0.0164641457
1569.5000000000	0.0163823224
1569.5100000000	0.0162736411
1569.5200000000	0.0161679329
1569.5300000000	0.0160302930
1569.5400000000	0.0158458024
1569.5500000000	0.0156422505
1569.5600000000	0.0154772816
1569.5700000000	0.0153676910
1569.5800000000	0.0152885715
1569.5900000000	0.0152456335
1569.6000000000	0.0152523999
1569.6100000000	0.0153185533
1569.6200000000	0.0154424236
1569.6300000000	0.0155989137
1569.6400000000	0.0157629844
1569.6500000000	0.0159136901
1569.6600000000	0.0160548434
1569.6700000000	0.0162128892
1569.6800000000	0.0163493152
1569.6900000000	0.0164450089
1569.7000000000	0.0165120411
1569.7100000000	0.0165483739
1569.7200000000	0.0165532623
1569.7300000000	0.0165083991
1569.7400000000	0.0164461563
1569.7500000000	0.0164041083
1569.7600000000	0.0164013462
1569.7700000000	0.0164043777
1569.7800000000	0.0164270340
1569.7900000000	0.0164637459
1569.8000000000	0.0165606744
1569.8100000000	0.0166794091
1569.8200000000	0.0167878978
1569.8300000000	0.0168731680
1569.8400000000	0.0169241150
1569.8500000000	0.0169809669
1569.8600000000	0.0169996013
1569.8700000000	0.0170306340
1569.8800000000	0.0170132290
1569.8900000000	0.0169477896
1569.9000000000	0.0168325984
1569.9100000000	0.0166879195
1569.9200000000	0.0165677063
1569.9300000000	0.0164684568
1569.9400000000	0.0163813353
1569.9500000000	0.0163338429
1569.9600000000	0.0163484565
1569.9700000000	0.0164397675
1569.9800000000	0.0165746165
1569.9900000000	0.0167453060
1570.0000000000	0.0169314751
1570.0100000000	0.0171254038
1570.0200000000	0.0173291450
1570.0300000000	0.0175433161
1570.0400000000	0.0177386241
1570.0500000000	0.0179022581
1570.0600000000	0.0179513394
1570.0700000000	0.0179150181
1570.0800000000	0.0178799710
1570.0900000000	0.0177649528
1570.1000000000	0.0176096199
1570.1100000000	0.0174326467
1570.1200000000	0.0172550633
1570.1300000000	0.0170975997
1570.1400000000	0.0169624960
1570.1500000000	0.0168565278
1570.1600000000	0.0167876059
1570.1700000000	0.0167575027
1570.1800000000	0.0167622454
1570.1900000000	0.0168375068
1570.2000000000	0.0169827711
1570.2100000000	0.0171630197
1570.2200000000	0.0173446001
1570.2300000000	0.0175180122
1570.2400000000	0.0176969279
1570.2500000000	0.0178477439
1570.2600000000	0.0179382769
1570.2700000000	0.0179911354
1570.2800000000	0.0180156974
1570.2900000000	0.0180225780
1570.3000000000	0.0180088655
1570.3100000000	0.0179551851
1570.3200000000	0.0179140956
1570.3300000000	0.0179035533
1570.3400000000	0.0179076183
1570.3500000000	0.0179553667
1570.3600000000	0.0180393825
1570.3700000000	0.0181520925
1570.3800000000	0.0183000765
1570.3900000000	0.0184715952
1570.4000000000	0.0186352163
1570.4100000000	0.0187904437
1570.4200000000	0.0189485167
1570.4300000000	0.0190591698
1570.4400000000	0.0190970541
1570.4500000000	0.0190822713
1570.4600000000	0.0190733257
1570.4700000000	0.0190650970
1570.4800000000	0.0189986345
1570.4900000000	0.0188933713
1570.5000000000	0.0187744382
1570.5100000000	0.0186907251
1570.5200000000	0.0186303222
1570.5300000000	0.0185496161
1570.5400000000	0.0184862437
1570.5500000000	0.0184886786
1570.5600000000	0.0185772299
1570.5700000000	0.0186932378
1570.5800000000	0.0187955632
1570.5900000000	0.0189337093
1570.6000000000	0.0190966367
1570.6100000000	0.0192673872
1570.6200000000	0.0193148882
1570.6300000000	0.0193436346
1570.6400000000	0.0192872499
1570.6500000000	0.0191972917
1570.6600000000	0.0190195589
1570.6700000000	0.0187609265
1570.6800000000	0.0184939544
1570.6900000000	0.0182325103
1570.7000000000	0.0179992966
1570.7100000000	0.0178299308
1570.7200000000	0.0176928135
1570.7300000000	0.0176016619
1570.7400000000	0.0175856804
1570.7500000000	0.0176426056
1570.7600000000	0.0177575340
1570.7700000000	0.0179487910
1570.7800000000	0.0182058098
1570.7900000000	0.0184954967
1570.8000000000	0.0188302638
1570.8100000000	0.0191967519
1570.8200000000	0.0195281667
1570.8300000000	0.0197906668
1570.8400000000	0.0199942030
1570.8500000000	0.0201293203
1570.8600000000	0.0201586772
1570.8700000000	0.0201211333
1570.8800000000	0.0199731838
1570.8900000000	0.0198374513
1570.9000000000	0.0197001343
1570.9100000000	0.0195635345
1570.9200000000	0.0194518909
1570.9300000000	0.0193859360
1570.9400000000	0.0193698888
1570.9500000000	0.0194129192
1570.9600000000	0.0194850772
1570.9700000000	0.0195668426
1570.9800000000	0.0197510686
1570.9900000000	0.0200142814
1571.0000000000	0.0202807941
1571.0100000000	0.0205359806
1571.0200000000	0.0208014033
1571.0300000000	0.0210929603
1571.0400000000	0.0213337235
1571.0500000000	0.0214263427
1571.0600000000	0.0214288087
1571.0700000000	0.0214139671
1571.0800000000	0.0213546876
1571.0900000000	0.0212303834
1571.1000000000	0.0210997981
1571.1100000000	0.0210216456
1571.1200000000	0.0209920428
1571.1300000000	0.0210122839
1571.1400000000	0.0210408739
1571.1500000000	0.0211286682
1571.1600000000	0.0212983128
1571.1700000000	0.0214823988
1571.1800000000	0.0216533170
1571.1900000000	0.0218677042
1571.2000000000	0.0220874161
1571.2100000000	0.0222718091
1571.2200000000	0.0224252097
1571.2300000000	0.0225197357
1571.2400000000	0.0225556516
1571.2500000000	0.0225455981
1571.2600000000	0.0224973092
1571.2700000000	0.0223690077
1571.2800000000	0.0222534503
1571.2900000000	0.0221686754
1571.3000000000	0.0220433778
1571.3100000000	0.0219554853
1571.3200000000	0.0219300925
1571.3300000000	0.0219062037
1571.3400000000	0.0219127354
1571.3500000000	0.0219795116
1571.3600000000	0.0221097423
1571.3700000000	0.0223046446
1571.3800000000	0.0225262464
1571.3900000000	0.0227716886
1571.4000000000	0.0229623515
1571.4100000000	0.0231489397
1571.4200000000	0.0232729560
1571.4300000000	0.0233642179
1571.4400000000	0.0233793788
1571.4500000000	0.0233334922
1571.4600000000	0.0232103298
1571.4700000000	0.0230957679
1571.4800000000	0.0229402539
1571.4900000000	0.0227729915
1571.5000000000	0.0226824558
1571.5100000000	0.0226376010
1571.5200000000	0.0225977870
1571.5300000000	0.0226281358
1571.5400000000	0.0227693235
1571.5500000000	0.0229417173
1571.5600000000	0.0231630771
1571.5700000000	0.0233795609
1571.5800000000	0.0235540841
1571.5900000000	0.0237670273
1571.6000000000	0.0239712554
1571.6100000000	0.0240790367
1571.6200000000	0.0241019646
1571.6300000000	0.0241052488
1571.6400000000	0.0240680345
1571.6500000000	0.0239091403
1571.6600000000	0.0237118601
1571.6700000000	0.0235443840
1571.6800000000	0.0234017893
1571.6900000000	0.0232414974
1571.7000000000	0.0231609111
1571.7100000000	0.0230800554
1571.7200000000	0.0231638307
1571.7300000000	0.0233127518
1571.7400000000	0.0235144310
1571.7500000000	0.0237381784
1571.7600000000	0.0240306055
1571.7700000000	0.0243502881
1571.7800000000	0.0245840702
1571.7900000000	0.0247889754
1571.8000000000	0.0249983161
1571.8100000000	0.0251162403
1571.8200000000	0.0251441446
1571.8300000000	0.0251234771
1571.8400000000	0.0249901766
1571.8500000000	0.0247968985
1571.8600000000	0.0245808371
1571.8700000000	0.0243495478
1571.8800000000	0.0241193529
1571.8900000000	0.0239610438
1571.9000000000	0.0238220840
1571.9100000000	0.0237223735
1571.9200000000	0.0237378091
1571.9300000000	0.0238074949
1571.9400000000	0.0239858524
1571.9500000000	0.0242094716
1571.9600000000	0.0244690822
1571.9700000000	0.0247593885
1571.9800000000	0.0250678677
1571.9900000000	0.0252796192
1572.0000000000	0.0255284133
1572.0100000000	0.0256257876
1572.0200000000	0.0256393786
1572.0300000000	0.0256629777
1572.0400000000	0.0256156361
1572.0500000000	0.0254791215
1572.0600000000	0.0253190298
1572.0700000000	0.0252145302
1572.0800000000	0.0250891187
1572.0900000000	0.0249436094
1572.1000000000	0.0248787848
1572.1100000000	0.0248958909
1572.1200000000	0.0249627039
1572.1300000000	0.0250931048
1572.1400000000	0.0253032729
1572.1500000000	0.0255765653
1572.1600000000	0.0259362835
1572.1700000000	0.0263410805
1572.1800000000	0.0266669067
1572.1900000000	0.0270011185
1572.2000000000	0.0273545622
1572.2100000000	0.0275503201
1572.2200000000	0.0276022254
1572.2300000000	0.0276096814
1572.2400000000	0.0275176324
1572.2500000000	0.0272882644
1572.2600000000	0.0270737328
1572.2700000000	0.0267629146
1572.2800000000	0.0264309967
1572.2900000000	0.0261600802
1572.3000000000	0.0259704504
1572.3100000000	0.0257706011
1572.3200000000	0.0256900765
1572.3300000000	0.0256936840
1572.3400000000	0.0257039015
1572.3500000000	0.0258187266
1572.3600000000	0.0259719964
1572.3700000000	0.0260847109
1572.3800000000	0.0262580950
1572.3900000000	0.0264252325
1572.4000000000	0.0265837809
1572.4100000000	0.0267336371
1572.4200000000	0.0268535020
1572.4300000000	0.0268996767
1572.4400000000	0.0268852916
1572.4500000000	0.0268591305
1572.4600000000	0.0268249520
1572.4700000000	0.0267728254
1572.4800000000	0.0266893655
1572.4900000000	0.0266444843
1572.5000000000	0.0266444144
1572.5100000000	0.0266926639
1572.5200000000	0.0267584241
1572.5300000000	0.0268102297
1572.5400000000	0.0269192009
1572.5500000000	0.0270593952
1572.5600000000	0.0272346681
1572.5700000000	0.0273561293
1572.5800000000	0.0275314014
1572.5900000000	0.0276996615
1572.6000000000	0.0278266979
1572.6100000000	0.0278687623
1572.6200000000	0.0278615620
1572.6300000000	0.0278959678
1572.6400000000	0.0279558078
1572.6500000000	0.0279686010
1572.6600000000	0.0280002891
1572.6700000000	0.0280810028
1572.6800000000	0.0281619308
1572.6900000000	0.0282723833
1572.7000000000	0.0284567530
1572.7100000000	0.0286247670
1572.7200000000	0.0288289577
1572.7300000000	0.0290324044
1572.7400000000	0.0292013210
1572.7500000000	0.0293772825
1572.7600000000	0.0295247160
1572.7700000000	0.0296345514
1572.7800000000	0.0296795287
1572.7900000000	0.0296177884
1572.8000000000	0.0294880038
1572.8100000000	0.0292787944
1572.8200000000	0.0291069401
1572.8300000000	0.0289375543
1572.8400000000	0.0287678077
1572.8500000000	0.0286358065
1572.8600000000	0.0285577860
1572.8700000000	0.0284652415
1572.8800000000	0.0284199518
1572.8900000000	0.0284266111
1572.9000000000	0.0284975045
1572.9100000000	0.0286260236
1572.9200000000	0.0288221631
1572.9300000000	0.0290639113
1572.9400000000	0.0293430949
1572.9500000000	0.0296022473
1572.9600000000	0.0297819359
1572.9700000000	0.0299182239
1572.9800000000	0.0300122813
1572.9900000000	0.0299799939
1573.0000000000	0.0298510536
1573.0100000000	0.0296711855
1573.0200000000	0.0294960147
1573.0300000000	0.0292973977
1573.0400000000	0.0290798305
1573.0500000000	0.0289275344
1573.0600000000	0.0287390420
1573.0700000000	0.0286505383
1573.0800000000	0.0286255090
1573.0900000000	0.0286612631
1573.1000000000	0.0288221636
1573.1100000000	0.0290211780
1573.1200000000	0.0292572102
1573.1300000000	0.0294979363
1573.1400000000	0.0297192779
1573.1500000000	0.0299309161
1573.1600000000	0.0301236521
1573.1700000000	0.0301952649
1573.1800000000	0.0302138836
1573.1900000000	0.0301385570
1573.2000000000	0.0299819823
1573.2100000000	0.0298171794
1573.2200000000	0.0296230796
1573.2300000000	0.0293888115
1573.2400000000	0.0291499184
1573.2500000000	0.0289516319
1573.2600000000	0.0288248893
1573.2700000000	0.0287907626
1573.2800000000	0.0288580974
1573.2900000000	0.0289675683
1573.3000000000	0.0291573404
1573.3100000000	0.0293941321
1573.3200000000	0.0296505693
1573.3300000000	0.0299385165
1573.3400000000	0.0302040659
1573.3500000000	0.0305139454
1573.3600000000	0.0307462142
1573.3700000000	0.0309235681
1573.3800000000	0.0310387685
1573.3900000000	0.0310288117
1573.4000000000	0.0309206285
1573.4100000000	0.0307796349
1573.4200000000	0.0305716943
1573.4300000000	0.0303166260
1573.4400000000	0.0301077006
1573.4500000000	0.0299528194
1573.4600000000	0.0298516364
1573.4700000000	0.0297522850
1573.4800000000	0.0297037208
1573.4900000000	0.0297107866
1573.5000000000	0.0297767546
1573.5100000000	0.0298811672
1573.5200000000	0.0299939235
1573.5300000000	0.0301677154
1573.5400000000	0.0303946499
1573.5500000000	0.0305967194
1573.5600000000	0.0307587368
1573.5700000000	0.0308459446
1573.5800000000	0.0308897276
1573.5900000000	0.0308299153
1573.6000000000	0.0307345355
1573.6100000000	0.0305769524
1573.6200000000	0.0304743346
1573.6300000000	0.0304627267
1573.6400000000	0.0304167747
1573.6500000000	0.0304175897
1573.6600000000	0.0304493144
1573.6700000000	0.0305614918
1573.6800000000	0.0307784028
1573.6900000000	0.0310202494
1573.7000000000	0.0312963552
1573.7100000000	0.0316128057
1573.7200000000	0.0319566356
1573.7300000000	0.0323433372
1573.7400000000	0.0327215785
1573.7500000000	0.0330022216
1573.7600000000	0.0331748783
1573.7700000000	0.0332653218
1573.7800000000	0.0332500319
1573.7900000000	0.0331652052
1573.8000000000	0.0330301537
1573.8100000000	0.0328376160
1573.8200000000	0.0326446137
1573.8300000000	0.0324269035
1573.8400000000	0.0322308270
1573.8500000000	0.0320778781
1573.8600000000	0.0319864239
1573.8700000000	0.0319756569
1573.8800000000	0.0320931562
1573.8900000000	0.0322689660
1573.9000000000	0.0325543772
1573.9100000000	0.0328911760
1573.9200000000	0.0332243294
1573.9300000000	0.0335412185
1573.9400000000	0.0337931586
1573.9500000000	0.0339813153
1573.9600000000	0.0341283074
1573.9700000000	0.0341719288
1573.9800000000	0.0341198043
1573.9900000000	0.0339469655
1574.0000000000	0.0337193452
1574.0100000000	0.0335035985
1574.0200000000	0.0332236280
1574.0300000000	0.0328710747
1574.0400000000	0.0325645531
1574.0500000000	0.0323434208
1574.0600000000	0.0322360713
1574.0700000000	0.0322166338
1574.0800000000	0.0321813295
1574.0900000000	0.0321758940
1574.1000000000	0.0322715194
1574.1100000000	0.0324563303
1574.1200000000	0.0326514732
1574.1300000000	0.0328348190
1574.1400000000	0.0330459178
1574.1500000000	0.0332685130
1574.1600000000	0.0334230988
1574.1700000000	0.0335143642
1574.1800000000	0.0335743892
1574.1900000000	0.0336354887
1574.2000000000	0.0337048946
1574.2100000000	0.0336902696
1574.2200000000	0.0336124682
1574.2300000000	0.0336173352
1574.2400000000	0.0336594151
1574.2500000000	0.0337094795
1574.2600000000	0.0338529203
1574.2700000000	0.0340116608
1574.2800000000	0.0341459125
1574.2900000000	0.0342823923
1574.3000000000	0.0344377977
1574.3100000000	0.0346164848
1574.3200000000	0.0348032452
1574.3300000000	0.0349651880
1574.3400000000	0.0350769528
1574.3500000000	0.0350969149
1574.3600000000	0.0350318514
1574.3700000000	0.0349239880
1574.3800000000	0.0347568274
1574.3900000000	0.0345837659
1574.4000000000	0.0344060842
1574.4100000000	0.0342291252
1574.4200000000	0.0340769753
1574.4300000000	0.0339773634
1574.4400000000	0.0339798695
1574.4500000000	0.0340318070
1574.4600000000	0.0341579266
1574.4700000000	0.0343515807
1574.4800000000	0.0346222876
1574.4900000000	0.0349989986
1574.5000000000	0.0353926023
1574.5100000000	0.0357644794
1574.5200000000	0.0360904263
1574.5300000000	0.0363638472
1574.5400000000	0.0365768607
1574.5500000000	0.0366868793
1574.5600000000	0.0366954934
1574.5700000000	0.0366099221
1574.5800000000	0.0364639086
1574.5900000000	0.0363127352
1574.6000000000	0.0361509784
1574.6100000000	0.0359636218
1574.6200000000	0.0357857441
1574.6300000000	0.0356537910
1574.6400000000	0.0355127920
1574.6500000000	0.0353984945
1574.6600000000	0.0352916498
1574.6700000000	0.0353099070
1574.6800000000	0.0354231068
1574.6900000000	0.0355604984
1574.7000000000	0.0357403898
1574.7100000000	0.0359966677
1574.7200000000	0.0362708567
1574.7300000000	0.0364760993
1574.7400000000	0.0365170491
1574.7500000000	0.0364419223
1574.7600000000	0.0363978620
1574.7700000000	0.0363346576
1574.7800000000	0.0361900017
1574.7900000000	0.0359890997
1574.8000000000	0.0358028909
1574.8100000000	0.0357141548
1574.8200000000	0.0356020926
1574.8300000000	0.0354906803
1574.8400000000	0.0354451067
1574.8500000000	0.0354664430
1574.8600000000	0.0355325746
1574.8700000000	0.0356340965
1574.8800000000	0.0357594520
1574.8900000000	0.0359148633
1574.9000000000	0.0360909836
1574.9100000000	0.0362495809
1574.9200000000	0.0364188930
1574.9300000000	0.0365775763
1574.9400000000	0.0366332301
1574.9500000000	0.0365970941
1574.9600000000	0.0365064133
1574.9700000000	0.0363960842
1574.9800000000	0.0362973842
1574.9900000000	0.0361938019
1575.0000000000	0.0360570155
1575.0100000000	0.0359058131
1575.0200000000	0.0358487179
1575.0300000000	0.0359085921
1575.0400000000	0.0359858823
1575.0500000000	0.0360844805
1575.0600000000	0.0362397556
1575.0700000000	0.0364713692
1575.0800000000	0.0367916841
1575.0900000000	0.0371024400
1575.1000000000	0.0374003838
1575.1100000000	0.0377167536
1575.1200000000	0.0379882321
1575.1300000000	0.0381872154
1575.1400000000	0.0383196957
1575.1500000000	0.0383595944
1575.1600000000	0.0383119603
1575.1700000000	0.0381904251
1575.1800000000	0.0380239797
1575.1900000000	0.0378167423
1575.2000000000	0.0375723199
1575.2100000000	0.0373768515
1575.2200000000	0.0372699004
1575.2300000000	0.0372006835
1575.2400000000	0.0372008380
1575.2500000000	0.0372566652
1575.2600000000	0.0373244983
1575.2700000000	0.0374871679
1575.2800000000	0.0377057233
1575.2900000000	0.0379144974
1575.3000000000	0.0381234663
1575.3100000000	0.0383989235
1575.3200000000	0.0385888961
1575.3300000000	0.0386560979
1575.3400000000	0.0387021590
1575.3500000000	0.0385920478
1575.3600000000	0.0384364963
1575.3700000000	0.0383129138
1575.3800000000	0.0382112438
1575.3900000000	0.0380343919
1575.4000000000	0.0379107676
1575.4100000000	0.0378951851
1575.4200000000	0.0378638607
1575.4300000000	0.0378188894
1575.4400000000	0.0378352937
1575.4500000000	0.0378641197
1575.4600000000	0.0378879505
1575.4700000000	0.0380094465
1575.4800000000	0.0381324609
1575.4900000000	0.0381773146
1575.5000000000	0.0382411506
1575.5100000000	0.0382090984
1575.5200000000	0.0379741119
1575.5300000000	0.0377266406
1575.5400000000	0.0374766765
1575.5500000000	0.0371212710
1575.5600000000	0.0366425421
1575.5700000000	0.0362123371
1575.5800000000	0.0357876423
1575.5900000000	0.0355100128
1575.6000000000	0.0353498378
1575.6100000000	0.0352004647
1575.6200000000	0.0351523071
1575.6300000000	0.0352609831
1575.6400000000	0.0354441665
1575.6500000000	0.0356277320
1575.6600000000	0.0359154843
1575.6700000000	0.0362747402
1575.6800000000	0.0366807108
1575.6900000000	0.0371434307
1575.7000000000	0.0375983323
1575.7100000000	0.0379177873
1575.7200000000	0.0381273293
1575.7300000000	0.0383456700
1575.7400000000	0.0384919291
1575.7500000000	0.0385446069
1575.7600000000	0.0385320753
1575.7700000000	0.0384837927
1575.7800000000	0.0384425971
1575.7900000000	0.0383918542
1575.8000000000	0.0383465135
1575.8100000000	0.0383448911
1575.8200000000	0.0384567198
1575.8300000000	0.0386087524
1575.8400000000	0.0387870331
1575.8500000000	0.0390775359
1575.8600000000	0.0393641114
1575.8700000000	0.0396259994
1575.8800000000	0.0398767249
1575.8900000000	0.0400707503
1575.9000000000	0.0402066198
1575.9100000000	0.0403227570
1575.9200000000	0.0403182889
1575.9300000000	0.0402269751
1575.9400000000	0.0401399699
1575.9500000000	0.0399749069
1575.9600000000	0.0396931215
1575.9700000000	0.0393630089
1575.9800000000	0.0391017130
1575.9900000000	0.0389421995
1576.0000000000	0.0387914443
1576.0100000000	0.0386969575
1576.0200000000	0.0387410162
1576.0300000000	0.0388633104
1576.0400000000	0.0390687475
1576.0500000000	0.0393673214
1576.0600000000	0.0397270409
1576.0700000000	0.0401643301
1576.0800000000	0.0405527484
1576.0900000000	0.0408071597
1576.1000000000	0.0410324253
1576.1100000000	0.0411412202
1576.1200000000	0.0411520325
1576.1300000000	0.0410425574
1576.1400000000	0.0407830751
1576.1500000000	0.0404221292
1576.1600000000	0.0400091803
1576.1700000000	0.0395166515
1576.1800000000	0.0390681886
1576.1900000000	0.0386881151
1576.2000000000	0.0383959918
1576.2100000000	0.0381980649
1576.2200000000	0.0380469389
1576.2300000000	0.0379214783
1576.2400000000	0.0378787510
1576.2500000000	0.0379582090
1576.2600000000	0.0381570460
1576.2700000000	0.0384254709
1576.2800000000	0.0387182189
1576.2900000000	0.0390358370
1576.3000000000	0.0393431346
1576.3100000000	0.0396313522
1576.3200000000	0.0398300471
1576.3300000000	0.0399098535
1576.3400000000	0.0400030838
1576.3500000000	0.0400855155
1576.3600000000	0.0400725778
1576.3700000000	0.0400339550
1576.3800000000	0.0400294578
1576.3900000000	0.0400489164
1576.4000000000	0.0400733811
1576.4100000000	0.0401026153
1576.4200000000	0.0401705733
1576.4300000000	0.0403059414
1576.4400000000	0.0404783621
1576.4500000000	0.0407096984
1576.4600000000	0.0409912799
1576.4700000000	0.0412429441
1576.4800000000	0.0414309145
1576.4900000000	0.0415597013
1576.5000000000	0.0416856613
1576.5100000000	0.0418199183
1576.5200000000	0.0418772315
1576.5300000000	0.0418300487
1576.5400000000	0.0417688713
1576.5500000000	0.0417508137
1576.5600000000	0.0417141200
1576.5700000000	0.0416299717
1576.5800000000	0.0415991051
1576.5900000000	0.0417040277
1576.6000000000	0.0417800354
1576.6100000000	0.0418252266
1576.6200000000	0.0419517417
1576.6300000000	0.0421416633
1576.6400000000	0.0424782936
1576.6500000000	0.0428760817
1576.6600000000	0.0432674091
1576.6700000000	0.0435518939
1576.6800000000	0.0437877012
1576.6900000000	0.0439074989
1576.7000000000	0.0439501910
1576.7100000000	0.0438842070
1576.7200000000	0.0437059136
1576.7300000000	0.0434198920
1576.7400000000	0.0431116308
1576.7500000000	0.0427884474
1576.7600000000	0.0423878240
1576.7700000000	0.0419945526
1576.7800000000	0.0416631904
1576.7900000000	0.0413646701
1576.8000000000	0.0411258822
1576.8100000000	0.0409956199
1576.8200000000	0.0409550484
1576.8300000000	0.0409645961
1576.8400000000	0.0410248434
1576.8500000000	0.0411495120
1576.8600000000	0.0413676446
1576.8700000000	0.0416356129
1576.8800000000	0.0418414376
1576.8900000000	0.0420096806
1576.9000000000	0.0422240635
1576.9100000000	0.0423796169
1576.9200000000	0.0423637034
1576.9300000000	0.0422409478
1576.9400000000	0.0421615830
1576.9500000000	0.0421222505
1576.9600000000	0.0421044088
1576.9700000000	0.0420973287
1576.9800000000	0.0421030767
1576.9900000000	0.0421710130
1577.0000000000	0.0422747042
1577.0100000000	0.0423561400
1577.0200000000	0.0425034540
1577.0300000000	0.0427460498
1577.0400000000	0.0429729945
1577.0500000000	0.0431264475
1577.0600000000	0.0433094660
1577.0700000000	0.0435727943
1577.0800000000	0.0437607245
1577.0900000000	0.0438311984
1577.1000000000	0.0438611279
1577.1100000000	0.0438645597
1577.1200000000	0.0437665526
1577.1300000000	0.0435539658
1577.1400000000	0.0433107815
1577.1500000000	0.0431146101
1577.1600000000	0.0429873586
1577.1700000000	0.0429765205
1577.1800000000	0.0429743724
1577.1900000000	0.0429965441
1577.2000000000	0.0431096455
1577.2100000000	0.0432580898
1577.2200000000	0.0435188984
1577.2300000000	0.0437979297
1577.2400000000	0.0440124760
1577.2500000000	0.0442661820
1577.2600000000	0.0445219198
1577.2700000000	0.0447004062
1577.2800000000	0.0447213360
1577.2900000000	0.0445841818
1577.3000000000	0.0444409834
1577.3100000000	0.0442443872
1577.3200000000	0.0440099629
1577.3300000000	0.0437695082
1577.3400000000	0.0435084562
1577.3500000000	0.0432998018
1577.3600000000	0.0431708716
1577.3700000000	0.0430489479
1577.3800000000	0.0429796680
1577.3900000000	0.0429797947
1577.4000000000	0.0430500792
1577.4100000000	0.0431897967
1577.4200000000	0.0434162469
1577.4300000000	0.0437292541
1577.4400000000	0.0440306412
1577.4500000000	0.0442901977
1577.4600000000	0.0445208521
1577.4700000000	0.0447445041
1577.4800000000	0.0448835844
1577.4900000000	0.0448508610
1577.5000000000	0.0447440280
1577.5100000000	0.0446093020
1577.5200000000	0.0444134359
1577.5300000000	0.0441385496
1577.5400000000	0.0439173796
1577.5500000000	0.0437629889
1577.5600000000	0.0436345544
1577.5700000000	0.0435346601
1577.5800000000	0.0434866558
1577.5900000000	0.0434748495
1577.6000000000	0.0435037240
1577.6100000000	0.0435823949
1577.6200000000	0.0436974727
1577.6300000000	0.0438861179
1577.6400000000	0.0440895660
1577.6500000000	0.0442551834
1577.6600000000	0.0444010962
1577.6700000000	0.0445206667
1577.6800000000	0.0446010070
1577.6900000000	0.0445657635
1577.7000000000	0.0444355488
1577.7100000000	0.0441677986
1577.7200000000	0.0438613023
1577.7300000000	0.0435903805
1577.7400000000	0.0433020478
1577.7500000000	0.0431005177
1577.7600000000	0.0430125385
1577.7700000000	0.0429941924
1577.7800000000	0.0429909775
1577.7900000000	0.0430854576
1577.8000000000	0.0432942634
1577.8100000000	0.0435477665
1577.8200000000	0.0438965927
1577.8300000000	0.0443099655
1577.8400000000	0.0447401720
1577.8500000000	0.0451723950
1577.8600000000	0.0455215477
1577.8700000000	0.0457871583
1577.8800000000	0.0459775126
1577.8900000000	0.0460077667
1577.9000000000	0.0459044287
1577.9100000000	0.0457743446
1577.9200000000	0.0455779467
1577.9300000000	0.0453555500
1577.9400000000	0.0451304713
1577.9500000000	0.0449071791
1577.9600000000	0.0447630864
1577.9700000000	0.0445978678
1577.9800000000	0.0444176728
1577.9900000000	0.0443694410
1578.0000000000	0.0444628619
1578.0100000000	0.0446324470
1578.0200000000	0.0449332072
1578.0300000000	0.0453023819
1578.0400000000	0.0457076148
1578.0500000000	0.0461126678
1578.0600000000	0.0464816610
1578.0700000000	0.0468370084
1578.0800000000	0.0470677919
1578.0900000000	0.0471072342
1578.1000000000	0.0470767747
1578.1100000000	0.0470178847
1578.1200000000	0.0469390477
1578.1300000000	0.0468141489
1578.1400000000	0.0466228921
1578.1500000000	0.0464154616
1578.1600000000	0.0462699900
1578.1700000000	0.0462079266
1578.1800000000	0.0461860705
1578.1900000000	0.0461790279
1578.2000000000	0.0461905419
1578.2100000000	0.0463177220
1578.2200000000	0.0465096332
1578.2300000000	0.0466891815
1578.2400000000	0.0468658338
1578.2500000000	0.0470562354
1578.2600000000	0.0472683914
1578.2700000000	0.0474653515
1578.2800000000	0.0475505849
1578.2900000000	0.0474584168
1578.3000000000	0.0472812105
1578.3100000000	0.0470831984
1578.3200000000	0.0468350354
1578.3300000000	0.0465455590
1578.3400000000	0.0462343650
1578.3500000000	0.0459401318
1578.3600000000	0.0456921997
1578.3700000000	0.0455684353
1578.3800000000	0.0455524059
1578.3900000000	0.0455124858
1578.4000000000	0.0455329780
1578.4100000000	0.0456601934
1578.4200000000	0.0458045126
1578.4300000000	0.0460230220
1578.4400000000	0.0463463409
1578.4500000000	0.0466510970
1578.4600000000	0.0469007254
1578.4700000000	0.0471419038
1578.4800000000	0.0473326351
1578.4900000000	0.0473333578
1578.5000000000	0.0471861840
1578.5100000000	0.0470630401
1578.5200000000	0.0468895937
1578.5300000000	0.0467017012
1578.5400000000	0.0465347992
1578.5500000000	0.0462940031
1578.5600000000	0.0460837788
1578.5700000000	0.0459697220
1578.5800000000	0.0459045509
1578.5900000000	0.0459350356
1578.6000000000	0.0460470763
1578.6100000000	0.0461841776
1578.6200000000	0.0464042281
1578.6300000000	0.0467418882
1578.6400000000	0.0470891735
1578.6500000000	0.0474068713
1578.6600000000	0.0477023430
1578.6700000000	0.0479133330
1578.6800000000	0.0480306873
1578.6900000000	0.0481395112
1578.7000000000	0.0482810914
1578.7100000000	0.0483705465
1578.7200000000	0.0483897071
1578.7300000000	0.0484785887
1578.7400000000	0.0485892322
1578.7500000000	0.0486247566
1578.7600000000	0.0486728407
1578.7700000000	0.0488191914
1578.7800000000	0.0490152174
1578.7900000000	0.0492967057
1578.8000000000	0.0496289028
1578.8100000000	0.0499284666
1578.8200000000	0.0502869427
1578.8300000000	0.0506435705
1578.8400000000	0.0509865847
1578.8500000000	0.0512920930
1578.8600000000	0.0514771962
1578.8700000000	0.0515674686
1578.8800000000	0.0515843601
1578.8900000000	0.0514740110
1578.9000000000	0.0512382734
1578.9100000000	0.0509555134
1578.9200000000	0.0506798327
1578.9300000000	0.0503692294
1578.9400000000	0.0500214304
1578.9500000000	0.0496981747
1578.9600000000	0.0494231129
1578.9700000000	0.0492063123
1578.9800000000	0.0490522494
1578.9900000000	0.0489271775
1579.0000000000	0.0488491075
1579.0100000000	0.0488474640
1579.0200000000	0.0488773333
1579.0300000000	0.0488676517
1579.0400000000	0.0488591642
1579.0500000000	0.0488314284
1579.0600000000	0.0487402354
1579.0700000000	0.0486196062
1579.0800000000	0.0484576003
1579.0900000000	0.0480954363
1579.1000000000	0.0476886649
1579.1100000000	0.0473724978
1579.1200000000	0.0470024689
1579.1300000000	0.0467247955
1579.1400000000	0.0465325595
1579.1500000000	0.0462566830
1579.1600000000	0.0461234781
1579.1700000000	0.0460938416
1579.1800000000	0.0460493484
1579.1900000000	0.0460856079
1579.2000000000	0.0462413052
1579.2100000000	0.0464602068
1579.2200000000	0.0468000847
1579.2300000000	0.0472243576
1579.2400000000	0.0475429151
1579.2500000000	0.0477578508
1579.2600000000	0.0480354152
1579.2700000000	0.0482804605
1579.2800000000	0.0483400377
1579.2900000000	0.0484040977
1579.3000000000	0.0485041187
1579.3100000000	0.0485637466
1579.3200000000	0.0486994489
1579.3300000000	0.0488466891
1579.3400000000	0.0489021064
1579.3500000000	0.0489626377
1579.3600000000	0.0490283255
1579.3700000000	0.0491220895
1579.3800000000	0.0492565715
1579.3900000000	0.0494548845
1579.4000000000	0.0496199084
1579.4100000000	0.0498163096
1579.4200000000	0.0500430250
1579.4300000000	0.0502042730
1579.4400000000	0.0503524806
1579.4500000000	0.0504628825
1579.4600000000	0.0504649050
1579.4700000000	0.0504226177
1579.4800000000	0.0503736155
1579.4900000000	0.0502082866
1579.5000000000	0.0500143815
1579.5100000000	0.0498727222
1579.5200000000	0.0497360078
1579.5300000000	0.0496218899
1579.5400000000	0.0495080265
1579.5500000000	0.0494691151
1579.5600000000	0.0495003846
1579.5700000000	0.0495312355
1579.5800000000	0.0496519620
1579.5900000000	0.0497991348
1579.6000000000	0.0499303262
1579.6100000000	0.0501317640
1579.6200000000	0.0503652279
1579.6300000000	0.0505789199
1579.6400000000	0.0507855086
1579.6500000000	0.0508869634
1579.6600000000	0.0509629340
1579.6700000000	0.0510017335
1579.6800000000	0.0509272526
1579.6900000000	0.0508049149
1579.7000000000	0.0506536941
1579.7100000000	0.0504958030
1579.7200000000	0.0503793364
1579.7300000000	0.0503342004
1579.7400000000	0.0503625492
1579.7500000000	0.0504238185
1579.7600000000	0.0504961769
1579.7700000000	0.0505919882
1579.7800000000	0.0506721735
1579.7900000000	0.0507610237
1579.8000000000	0.0508560125
1579.8100000000	0.0509010109
1579.8200000000	0.0509653700
1579.8300000000	0.0510949198
1579.8400000000	0.0512024362
1579.8500000000	0.0511364670
1579.8600000000	0.0509577860
1579.8700000000	0.0507135215
1579.8800000000	0.0505005475
1579.8900000000	0.0502202281
1579.9000000000	0.0499748748
1579.9100000000	0.0498029274
1579.9200000000	0.0497314100
1579.9300000000	0.0497076945
1579.9400000000	0.0497165221
1579.9500000000	0.0497454739
1579.9600000000	0.0498297828
1579.9700000000	0.0499962144
1579.9800000000	0.0501852030
1579.9900000000	0.0503696360
1580.0000000000	0.0505326575
1580.0100000000	0.0507098411
1580.0200000000	0.0508878608
1580.0300000000	0.0509972215
1580.0400000000	0.0510140489
1580.0500000000	0.0509057264
1580.0600000000	0.0507433491
1580.0700000000	0.0506212661
1580.0800000000	0.0505099588
1580.0900000000	0.0502792812
1580.1000000000	0.0499986459
1580.1100000000	0.0498266502
1580.1200000000	0.0496057522
1580.1300000000	0.0493508618
1580.1400000000	0.0491333955
1580.1500000000	0.0491123482
1580.1600000000	0.0492101431
1580.1700000000	0.0493690566
1580.1800000000	0.0496348675
1580.1900000000	0.0499418729
1580.2000000000	0.0503054092
1580.2100000000	0.0506567184
1580.2200000000	0.0510026293
1580.2300000000	0.0512766250
1580.2400000000	0.0514035928
1580.2500000000	0.0514812842
1580.2600000000	0.0516278635
1580.2700000000	0.0517935444
1580.2800000000	0.0519356925
1580.2900000000	0.0519787964
1580.3000000000	0.0519200330
1580.3100000000	0.0518752501
1580.3200000000	0.0518937538
1580.3300000000	0.0519003661
1580.3400000000	0.0518641714
1580.3500000000	0.0519203695
1580.3600000000	0.0521257259
1580.3700000000	0.0523627817
1580.3800000000	0.0525419615
1580.3900000000	0.0526662518
1580.4000000000	0.0528016973
1580.4100000000	0.0530968034
1580.4200000000	0.0533465580
1580.4300000000	0.0535343230
1580.4400000000	0.0536412845
1580.4500000000	0.0536634745
1580.4600000000	0.0536550031
1580.4700000000	0.0535447155
1580.4800000000	0.0533363827
1580.4900000000	0.0531182009
1580.5000000000	0.0529325727
1580.5100000000	0.0528382701
1580.5200000000	0.0528505620
1580.5300000000	0.0528865664
1580.5400000000	0.0529426661
1580.5500000000	0.0530423536
1580.5600000000	0.0531719226
1580.5700000000	0.0533556549
1580.5800000000	0.0535794687
1580.5900000000	0.0538438413
1580.6000000000	0.0541911378
1580.6100000000	0.0545297736
1580.6200000000	0.0547557909
1580.6300000000	0.0548852160
1580.6400000000	0.0549006325
1580.6500000000	0.0547158478
1580.6600000000	0.0544387214
1580.6700000000	0.0542273858
1580.6800000000	0.0540626182
1580.6900000000	0.0538507750
1580.7000000000	0.0535810245
1580.7100000000	0.0533856353
1580.7200000000	0.0532012572
1580.7300000000	0.0530803412
1580.7400000000	0.0530084583
1580.7500000000	0.0528819591
1580.7600000000	0.0527760103
1580.7700000000	0.0527571504
1580.7800000000	0.0528782338
1580.7900000000	0.0530999532
1580.8000000000	0.0534313852
1580.8100000000	0.0537668607
1580.8200000000	0.0538910534
1580.8300000000	0.0538583887
1580.8400000000	0.0537813194
1580.8500000000	0.0536259799
1580.8600000000	0.0534405058
1580.8700000000	0.0533120299
1580.8800000000	0.0532672438
1580.8900000000	0.0533184113
1580.9000000000	0.0533939135
1580.9100000000	0.0533757360
1580.9200000000	0.0532871381
1580.9300000000	0.0532448827
1580.9400000000	0.0532849330
1580.9500000000	0.0533905089
1580.9600000000	0.0535664480
1580.9700000000	0.0537741733
1580.9800000000	0.0540030233
1580.9900000000	0.0542450132
1581.0000000000	0.0545117826
1581.0100000000	0.0546957202
1581.0200000000	0.0547394248
1581.0300000000	0.0547145828
1581.0400000000	0.0545602712
1581.0500000000	0.0543841295
1581.0600000000	0.0541729019
1581.0700000000	0.0538953911
1581.0800000000	0.0536772711
1581.0900000000	0.0534878052
1581.1000000000	0.0533490479
1581.1100000000	0.0532943786
1581.1200000000	0.0533676562
1581.1300000000	0.0535553174
1581.1400000000	0.0537651756
1581.1500000000	0.0539918498
1581.1600000000	0.0542991310
1581.1700000000	0.0545885506
1581.1800000000	0.0549238089
1581.1900000000	0.0553871839
1581.2000000000	0.0559135205
1581.2100000000	0.0564509319
1581.2200000000	0.0569523646
1581.2300000000	0.0572925666
1581.2400000000	0.0574809126
1581.2500000000	0.0576020285
1581.2600000000	0.0576129729
1581.2700000000	0.0574284772
1581.2800000000	0.0571020355
1581.2900000000	0.0567469853
1581.3000000000	0.0564271640
1581.3100000000	0.0561811139
1581.3200000000	0.0559739876
1581.3300000000	0.0558760223
1581.3400000000	0.0557697597
1581.3500000000	0.0556899945
1581.3600000000	0.0556163747
1581.3700000000	0.0556329531
1581.3800000000	0.0557513497
1581.3900000000	0.0559034553
1581.4000000000	0.0561118189
1581.4100000000	0.0563220736
1581.4200000000	0.0564636593
1581.4300000000	0.0564212870
1581.4400000000	0.0562233497
1581.4500000000	0.0559926208
1581.4600000000	0.0557241833
1581.4700000000	0.0554098434
1581.4800000000	0.0550670703
1581.4900000000	0.0547683482
1581.5000000000	0.0545460396
1581.5100000000	0.0543751294
1581.5200000000	0.0542269580
1581.5300000000	0.0541043881
1581.5400000000	0.0540362090
1581.5500000000	0.0540278900
1581.5600000000	0.0540492547
1581.5700000000	0.0541583067
1581.5800000000	0.0544279775
1581.5900000000	0.0547162773
1581.6000000000	0.0549958713
1581.6100000000	0.0552250034
1581.6200000000	0.0553042415
1581.6300000000	0.0553526732
1581.6400000000	0.0554202475
1581.6500000000	0.0554068807
1581.6600000000	0.0552266734
1581.6700000000	0.0550294957
1581.6800000000	0.0548575704
1581.6900000000	0.0546955569
1581.7000000000	0.0545563817
1581.7100000000	0.0544428771
1581.7200000000	0.0543422013
1581.7300000000	0.0543527159
1581.7400000000	0.0545009476
1581.7500000000	0.0546437655
1581.7600000000	0.0548354969
1581.7700000000	0.0551759018
1581.7800000000	0.0556296323
1581.7900000000	0.0561559374
1581.8000000000	0.0566686787
1581.8100000000	0.0571368563
1581.8200000000	0.0574904044
1581.8300000000	0.0577948241
1581.8400000000	0.0580420358
1581.8500000000	0.0581903271
1581.8600000000	0.0582583153
1581.8700000000	0.0580953777
1581.8800000000	0.0577974950
1581.8900000000	0.0574710077
1581.9000000000	0.0571874309
1581.9100000000	0.0567894538
1581.9200000000	0.0563873889
1581.9300000000	0.0561114168
1581.9400000000	0.0558038785
1581.9500000000	0.0555501626
1581.9600000000	0.0554004437
1581.9700000000	0.0554033467
1581.9800000000	0.0555698659
1581.9900000000	0.0558038970
1582.0000000000	0.0560193487
1582.0100000000	0.0562116261
1582.0200000000	0.0563263425
1582.0300000000	0.0564477786
1582.0400000000	0.0565353275
1582.0500000000	0.0565524761
1582.0600000000	0.0565324533
1582.0700000000	0.0564276910
1582.0800000000	0.0563133739
1582.0900000000	0.0563759904
1582.1000000000	0.0564915812
1582.1100000000	0.0565720639
1582.1200000000	0.0566643237
1582.1300000000	0.0567019320
1582.1400000000	0.0566978420
1582.1500000000	0.0567778716
1582.1600000000	0.0568834625
1582.1700000000	0.0570823290
1582.1800000000	0.0574279561
1582.1900000000	0.0576859730
1582.2000000000	0.0578725601
1582.2100000000	0.0580432726
1582.2200000000	0.0581724235
1582.2300000000	0.0582166289
1582.2400000000	0.0580678328
1582.2500000000	0.0578040377
1582.2600000000	0.0574962286
1582.2700000000	0.0572272935
1582.2800000000	0.0570189342
1582.2900000000	0.0567982359
1582.3000000000	0.0565884490
1582.3100000000	0.0564790573
1582.3200000000	0.0564070003
1582.3300000000	0.0563742353
1582.3400000000	0.0564346981
1582.3500000000	0.0565274463
1582.3600000000	0.0566902781
1582.3700000000	0.0569823975
1582.3800000000	0.0574251881
1582.3900000000	0.0579467665
1582.4000000000	0.0584243351
1582.4100000000	0.0589301704
1582.4200000000	0.0594163774
1582.4300000000	0.0598268783
1582.4400000000	0.0601587529
1582.4500000000	0.0602696258
1582.4600000000	0.0601806775
1582.4700000000	0.0601210254
1582.4800000000	0.0599796187
1582.4900000000	0.0596498779
1582.5000000000	0.0593704407
1582.5100000000	0.0590852682
1582.5200000000	0.0588143953
1582.5300000000	0.0586691630
1582.5400000000	0.0585114858
1582.5500000000	0.0583309377
1582.5600000000	0.0582436348
1582.5700000000	0.0582429960
1582.5800000000	0.0582596992
1582.5900000000	0.0583178199
1582.6000000000	0.0584629984
1582.6100000000	0.0586278095
1582.6200000000	0.0587357952
1582.6300000000	0.0588289389
1582.6400000000	0.0588342315
1582.6500000000	0.0586821984
1582.6600000000	0.0584672378
1582.6700000000	0.0583330984
1582.6800000000	0.0581543086
1582.6900000000	0.0579549274
1582.7000000000	0.0578633569
1582.7100000000	0.0577080319
1582.7200000000	0.0575320986
1582.7300000000	0.0574395070
1582.7400000000	0.0572933248
1582.7500000000	0.0572276223
1582.7600000000	0.0572332574
1582.7700000000	0.0573117760
1582.7800000000	0.0574331935
1582.7900000000	0.0575901583
1582.8000000000	0.0577649124
1582.8100000000	0.0578350127
1582.8200000000	0.0579752775
1582.8300000000	0.0580394994
1582.8400000000	0.0578950765
1582.8500000000	0.0577532678
1582.8600000000	0.0576518977
1582.8700000000	0.0574757757
1582.8800000000	0.0572552159
1582.8900000000	0.0570688482
1582.9000000000	0.0568798795
1582.9100000000	0.0567392305
1582.9200000000	0.0567365431
1582.9300000000	0.0566814922
1582.9400000000	0.0566843941
1582.9500000000	0.0569010836
1582.9600000000	0.0572328243
1582.9700000000	0.0576388393
1582.9800000000	0.0581298730
1582.9900000000	0.0586846877
1583.0000000000	0.0591911563
1583.0100000000	0.0596960353
1583.0200000000	0.0601452499
1583.0300000000	0.0605298837
1583.0400000000	0.0608109717
1583.0500000000	0.0609987767
1583.0600000000	0.0611289992
1583.0700000000	0.0612033454
1583.0800000000	0.0612195292
1583.0900000000	0.0611246237
1583.1000000000	0.0609845561
1583.1100000000	0.0608424001
1583.1200000000	0.0606638815
1583.1300000000	0.0605425350
1583.1400000000	0.0605192939
1583.1500000000	0.0604990785
1583.1600000000	0.0605285323
1583.1700000000	0.0605665781
1583.1800000000	0.0606087267
1583.1900000000	0.0606129889
1583.2000000000	0.0605865904
1583.2100000000	0.0606228496
1583.2200000000	0.0606141087
1583.2300000000	0.0605585962
1583.2400000000	0.0604316304
1583.2500000000	0.0602301670
1583.2600000000	0.0600009742
1583.2700000000	0.0598355421
1583.2800000000	0.0596402366
1583.2900000000	0.0593710427
1583.3000000000	0.0591667547
1583.3100000000	0.0590356413
1583.3200000000	0.0588949430
1583.3300000000	0.0587637203
1583.3400000000	0.0587405701
1583.3500000000	0.0588724705
1583.3600000000	0.0590337303
1583.3700000000	0.0592266806
1583.3800000000	0.0595089895
1583.3900000000	0.0598138453
1583.4000000000	0.0601297384
1583.4100000000	0.0603130979
1583.4200000000	0.0602981538
1583.4300000000	0.0602274645
1583.4400000000	0.0600843255
1583.4500000000	0.0598707161
1583.4600000000	0.0596567148
1583.4700000000	0.0594817626
1583.4800000000	0.0594233687
1583.4900000000	0.0593946744
1583.5000000000	0.0593613911
1583.5100000000	0.0593559843
1583.5200000000	0.0593195880
1583.5300000000	0.0593325528
1583.5400000000	0.0593729367
1583.5500000000	0.0595176723
1583.5600000000	0.0597924918
1583.5700000000	0.0601717685
1583.5800000000	0.0606297914
1583.5900000000	0.0610657896
1583.6000000000	0.0614292524
1583.6100000000	0.0617624469
1583.6200000000	0.0620748666
1583.6300000000	0.0623429981
1583.6400000000	0.0624266249
1583.6500000000	0.0623827130
1583.6600000000	0.0624452654
1583.6700000000	0.0624706995
1583.6800000000	0.0624722211
1583.6900000000	0.0624026344
1583.7000000000	0.0622544310
1583.7100000000	0.0620646847
1583.7200000000	0.0618886510
1583.7300000000	0.0617520840
1583.7400000000	0.0615299395
1583.7500000000	0.0613067510
1583.7600000000	0.0612175750
1583.7700000000	0.0611924411
1583.7800000000	0.0611409376
1583.7900000000	0.0610852324
1583.8000000000	0.0610427717
1583.8100000000	0.0610029860
1583.8200000000	0.0609507186
1583.8300000000	0.0608484512
1583.8400000000	0.0607861293
1583.8500000000	0.0607736148
1583.8600000000	0.0607452573
1583.8700000000	0.0606562210
1583.8800000000	0.0606325926
1583.8900000000	0.0606231685
1583.9000000000	0.0605871278
1583.9100000000	0.0606784306
1583.9200000000	0.0608068631
1583.9300000000	0.0609252692
1583.9400000000	0.0610640356
1583.9500000000	0.0612392128
1583.9600000000	0.0614809045
1583.9700000000	0.0616561755
1583.9800000000	0.0618662795
1583.9900000000	0.0620020028
1584.0000000000	0.0620442711
1584.0100000000	0.0622797381
1584.0200000000	0.0623579776
1584.0300000000	0.0622699123
1584.0400000000	0.0621065448
1584.0500000000	0.0618642694
1584.0600000000	0.0616495646
1584.0700000000	0.0614307017
1584.0800000000	0.0612498130
1584.0900000000	0.0611279573
1584.1000000000	0.0609448396
1584.1100000000	0.0609169632
1584.1200000000	0.0609496431
1584.1300000000	0.0609261640
1584.1400000000	0.0610137722
1584.1500000000	0.0612590091
1584.1600000000	0.0615815066
1584.1700000000	0.0619344314
1584.1800000000	0.0623044619
1584.1900000000	0.0626878728
1584.2000000000	0.0630862391
1584.2100000000	0.0634217635
1584.2200000000	0.0635856726
1584.2300000000	0.0636052448
1584.2400000000	0.0635554918
1584.2500000000	0.0634116507
1584.2600000000	0.0632538416
1584.2700000000	0.0629928660
1584.2800000000	0.0628003399
1584.2900000000	0.0624566746
1584.3000000000	0.0621702518
1584.3100000000	0.0619868163
1584.3200000000	0.0618475931
1584.3300000000	0.0617768854
1584.3400000000	0.0617013555
1584.3500000000	0.0616815642
1584.3600000000	0.0617873818
1584.3700000000	0.0620291745
1584.3800000000	0.0622337762
1584.3900000000	0.0623154514
1584.4000000000	0.0622662654
1584.4100000000	0.0622575825
1584.4200000000	0.0622062421
1584.4300000000	0.0620789679
1584.4400000000	0.0620160392
1584.4500000000	0.0620185907
1584.4600000000	0.0619540378
1584.4700000000	0.0618365725
1584.4800000000	0.0616879839
1584.4900000000	0.0615624504
1584.5000000000	0.0614698314
1584.5100000000	0.0613779756
1584.5200000000	0.0613745335
1584.5300000000	0.0614496194
1584.5400000000	0.0616280810
1584.5500000000	0.0617989894
1584.5600000000	0.0620051808
1584.5700000000	0.0621553932
1584.5800000000	0.0623084378
1584.5900000000	0.0623592907
1584.6000000000	0.0624145407
1584.6100000000	0.0624123061
1584.6200000000	0.0622287513
1584.6300000000	0.0620013892
1584.6400000000	0.0618209678
1584.6500000000	0.0615365768
1584.6600000000	0.0611401601
1584.6700000000	0.0607612531
1584.6800000000	0.0603857121
1584.6900000000	0.0600638732
1584.7000000000	0.0596730229
1584.7100000000	0.0593739420
1584.7200000000	0.0591913807
1584.7300000000	0.0591396808
1584.7400000000	0.0591818408
1584.7500000000	0.0593525272
1584.7600000000	0.0596952564
1584.7700000000	0.0601620329
1584.7800000000	0.0607425080
1584.7900000000	0.0613774568
1584.8000000000	0.0619148349
1584.8100000000	0.0623306408
1584.8200000000	0.0626090858
1584.8300000000	0.0629457899
1584.8400000000	0.0632394701
1584.8500000000	0.0634381846
1584.8600000000	0.0635082906
1584.8700000000	0.0634850928
1584.8800000000	0.0635716321
1584.8900000000	0.0635432464
1584.9000000000	0.0634746862
1584.9100000000	0.0634487044
1584.9200000000	0.0633231899
1584.9300000000	0.0631369511
1584.9400000000	0.0629971472
1584.9500000000	0.0629807310
1584.9600000000	0.0630421539
1584.9700000000	0.0631561982
1584.9800000000	0.0632652655
1584.9900000000	0.0632934848
1585.0000000000	0.0632075996
1585.0100000000	0.0630603007
1585.0200000000	0.0628801709
1585.0300000000	0.0626203716
1585.0400000000	0.0624126521
1585.0500000000	0.0622355528
1585.0600000000	0.0621148043
1585.0700000000	0.0620357286
1585.0800000000	0.0619871826
1585.0900000000	0.0618569533
1585.1000000000	0.0617269949
1585.1100000000	0.0617213853
1585.1200000000	0.0617209812
1585.1300000000	0.0618573400
1585.1400000000	0.0620289765
1585.1500000000	0.0623215438
1585.1600000000	0.0626343327
1585.1700000000	0.0630815061
1585.1800000000	0.0635867780
1585.1900000000	0.0637565948
1585.2000000000	0.0638727125
1585.2100000000	0.0640141017
1585.2200000000	0.0640931767
1585.2300000000	0.0640219751
1585.2400000000	0.0639012884
1585.2500000000	0.0637783780
1585.2600000000	0.0636511070
1585.2700000000	0.0635081908
1585.2800000000	0.0632827907
1585.2900000000	0.0629617726
1585.3000000000	0.0627032917
1585.3100000000	0.0625096388
1585.3200000000	0.0623557839
1585.3300000000	0.0623250444
1585.3400000000	0.0624345555
1585.3500000000	0.0625869992
1585.3600000000	0.0628466851
1585.3700000000	0.0632417631
1585.3800000000	0.0635901816
1585.3900000000	0.0638843131
1585.4000000000	0.0642380452
1585.4100000000	0.0645272806
1585.4200000000	0.0646552876
1585.4300000000	0.0647641187
1585.4400000000	0.0648423922
1585.4500000000	0.0647941916
1585.4600000000	0.0646526041
1585.4700000000	0.0646213433
1585.4800000000	0.0647055569
1585.4900000000	0.0645541496
1585.5000000000	0.0645369765
1585.5100000000	0.0645922874
1585.5200000000	0.0645321880
1585.5300000000	0.0644995346
1585.5400000000	0.0644354056
1585.5500000000	0.0644781745
1585.5600000000	0.0646610868
1585.5700000000	0.0649353490
1585.5800000000	0.0651483608
1585.5900000000	0.0653825176
1585.6000000000	0.0656285417
1585.6100000000	0.0657643421
1585.6200000000	0.0657605624
1585.6300000000	0.0656136177
1585.6400000000	0.0653615117
1585.6500000000	0.0650591673
1585.6600000000	0.0648265764
1585.6700000000	0.0645583387
1585.6800000000	0.0641972151
1585.6900000000	0.0639129996
1585.7000000000	0.0637164020
1585.7100000000	0.0634883548
1585.7200000000	0.0632463072
1585.7300000000	0.0630778433
1585.7400000000	0.0629621131
1585.7500000000	0.0631568743
1585.7600000000	0.0633792846
1585.7700000000	0.0634933226
1585.7800000000	0.0637616988
1585.7900000000	0.0641540768
1585.8000000000	0.0644644029
1585.8100000000	0.0645961184
1585.8200000000	0.0646873754
1585.8300000000	0.0646397002
1585.8400000000	0.0645350973
1585.8500000000	0.0645252833
1585.8600000000	0.0644103180
1585.8700000000	0.0641521026
1585.8800000000	0.0639783853
1585.8900000000	0.0638361894
1585.9000000000	0.0636437295
1585.9100000000	0.0635691760
1585.9200000000	0.0636166275
1585.9300000000	0.0637036669
1585.9400000000	0.0638734835
1585.9500000000	0.0642363142
1585.9600000000	0.0645590824
1585.9700000000	0.0648753837
1585.9800000000	0.0652861017
1585.9900000000	0.0655071879
1586.0000000000	0.0657464253
1586.0100000000	0.0660364762
1586.0200000000	0.0661817803
1586.0300000000	0.0662306714
1586.0400000000	0.0662431369
1586.0500000000	0.0661776935
1586.0600000000	0.0659503712
1586.0700000000	0.0656512967
1586.0800000000	0.0652358115
1586.0900000000	0.0647463668
1586.1000000000	0.0645084551
1586.1100000000	0.0643240425
1586.1200000000	0.0641004305
1586.1300000000	0.0640713840
1586.1400000000	0.0642785983
1586.1500000000	0.0644877322
1586.1600000000	0.0647182787
1586.1700000000	0.0650770526
1586.1800000000	0.0653685867
1586.1900000000	0.0656525039
1586.2000000000	0.0659383556
1586.2100000000	0.0660523976
1586.2200000000	0.0660787418
1586.2300000000	0.0662029775
1586.2400000000	0.0662324191
1586.2500000000	0.0660425691
1586.2600000000	0.0658252320
1586.2700000000	0.0656536399
1586.2800000000	0.0654740720
1586.2900000000	0.0652133144
1586.3000000000	0.0650181515
1586.3100000000	0.0647600856
1586.3200000000	0.0646336786
1586.3300000000	0.0647467489
1586.3400000000	0.0647726446
1586.3500000000	0.0649036724
1586.3600000000	0.0651203567
1586.3700000000	0.0653332403
1586.3800000000	0.0655878422
1586.3900000000	0.0657558224
1586.4000000000	0.0658371500
1586.4100000000	0.0658643840
1586.4200000000	0.0659093965
1586.4300000000	0.0659552112
1586.4400000000	0.0658328095
1586.4500000000	0.0657524102
1586.4600000000	0.0657186074
1586.4700000000	0.0656054239
1586.4800000000	0.0655373168
1586.4900000000	0.0654947528
1586.5000000000	0.0653751367
1586.5100000000	0.0653497208
1586.5200000000	0.0653960676
1586.5300000000	0.0654671891
1586.5400000000	0.0656214252
1586.5500000000	0.0658821526
1586.5600000000	0.0662276383
1586.5700000000	0.0666535250
1586.5800000000	0.0671496036
1586.5900000000	0.0674600770
1586.6000000000	0.0676842142
1586.6100000000	0.0677994321
1586.6200000000	0.0679221384
1586.6300000000	0.0679730799
1586.6400000000	0.0679191650
1586.6500000000	0.0677926605
1586.6600000000	0.0676825245
1586.6700000000	0.0675771666
1586.6800000000	0.0674717766
1586.6900000000	0.0672742983
1586.7000000000	0.0670949037
1586.7100000000	0.0669877104
1586.7200000000	0.0669542023
1586.7300000000	0.0669747624
1586.7400000000	0.0669673376
1586.7500000000	0.0670515329
1586.7600000000	0.0671585648
1586.7700000000	0.0672254740
1586.7800000000	0.0672046474
1586.7900000000	0.0670609398
1586.8000000000	0.0669186136
1586.8100000000	0.0667577440
1586.8200000000	0.0664282347
1586.8300000000	0.0660582221
1586.8400000000	0.0656272748
1586.8500000000	0.0651506626
1586.8600000000	0.0647879309
1586.8700000000	0.0643896934
1586.8800000000	0.0639719439
1586.8900000000	0.0635313829
1586.9000000000	0.0632629684
1586.9100000000	0.0631289450
1586.9200000000	0.0631022387
1586.9300000000	0.0632313213
1586.9400000000	0.0635145324
1586.9500000000	0.0639084329
1586.9600000000	0.0643186053
1586.9700000000	0.0646398911
1586.9800000000	0.0649280689
1586.9900000000	0.0652083457
1587.0000000000	0.0654052165
1587.0100000000	0.0654879885
1587.0200000000	0.0653928621
1587.0300000000	0.0652343328
1587.0400000000	0.0650873024
1587.0500000000	0.0649056464
1587.0600000000	0.0646875834
1587.0700000000	0.0643587786
1587.0800000000	0.0640773611
1587.0900000000	0.0639103817
1587.1000000000	0.0638252403
1587.1100000000	0.0638705513
1587.1200000000	0.0638996203
1587.1300000000	0.0639560482
1587.1400000000	0.0641760596
1587.1500000000	0.0644459442
1587.1600000000	0.0645336791
1587.1700000000	0.0646747922
1587.1800000000	0.0648895103
1587.1900000000	0.0649057854
1587.2000000000	0.0648245062
1587.2100000000	0.0646940235
1587.2200000000	0.0644352975
1587.2300000000	0.0640838461
1587.2400000000	0.0637539282
1587.2500000000	0.0634669836
1587.2600000000	0.0631537335
1587.2700000000	0.0628428808
1587.2800000000	0.0625849363
1587.2900000000	0.0623996662
1587.3000000000	0.0623454416
1587.3100000000	0.0624231212
1587.3200000000	0.0626273302
1587.3300000000	0.0630123589
1587.3400000000	0.0635416295
1587.3500000000	0.0641755683
1587.3600000000	0.0647561537
1587.3700000000	0.0653862949
1587.3800000000	0.0660374608
1587.3900000000	0.0666006160
1587.4000000000	0.0670896689
1587.4100000000	0.0672679905
1587.4200000000	0.0672626617
1587.4300000000	0.0671499063
1587.4400000000	0.0669608747
1587.4500000000	0.0665337748
1587.4600000000	0.0660694294
1587.4700000000	0.0654932833
1587.4800000000	0.0649648977
1587.4900000000	0.0645854667
1587.5000000000	0.0642316013
1587.5100000000	0.0639315382
1587.5200000000	0.0638240622
1587.5300000000	0.0639377754
1587.5400000000	0.0642742556
1587.5500000000	0.0646397810
1587.5600000000	0.0650509847
1587.5700000000	0.0655961152
1587.5800000000	0.0661649724
1587.5900000000	0.0664783125
1587.6000000000	0.0666418322
1587.6100000000	0.0666178050
1587.6200000000	0.0664985546
1587.6300000000	0.0663758619
1587.6400000000	0.0660749543
1587.6500000000	0.0656520270
1587.6600000000	0.0651139174
1587.6700000000	0.0645353473
1587.6800000000	0.0639857499
1587.6900000000	0.0633974560
1587.7000000000	0.0628463535
1587.7100000000	0.0624460366
1587.7200000000	0.0622542619
1587.7300000000	0.0621723767
1587.7400000000	0.0622142653
1587.7500000000	0.0623842746
1587.7600000000	0.0626480300
1587.7700000000	0.0630113740
1587.7800000000	0.0634236737
1587.7900000000	0.0637226137
1587.8000000000	0.0638635333
1587.8100000000	0.0638658815
1587.8200000000	0.0637910879
1587.8300000000	0.0636529788
1587.8400000000	0.0634182982
1587.8500000000	0.0631386194
1587.8600000000	0.0628166353
1587.8700000000	0.0625100764
1587.8800000000	0.0622200825
1587.8900000000	0.0619134078
1587.9000000000	0.0617296083
1587.9100000000	0.0616738455
1587.9200000000	0.0618475191
1587.9300000000	0.0622270567
1587.9400000000	0.0627671869
1587.9500000000	0.0634163321
1587.9600000000	0.0641700568
1587.9700000000	0.0648884466
1587.9800000000	0.0656201752
1587.9900000000	0.0662924197
1588.0000000000	0.0667272392
1588.0100000000	0.0670698743
1588.0200000000	0.0673782219
1588.0300000000	0.0674782388
1588.0400000000	0.0672709571
1588.0500000000	0.0669438048
1588.0600000000	0.0665984193
1588.0700000000	0.0662419376
1588.0800000000	0.0658480145
1588.0900000000	0.0653577569
1588.1000000000	0.0649551743
1588.1100000000	0.0648153082
1588.1200000000	0.0647136124
1588.1300000000	0.0645443398
1588.1400000000	0.0645000898
1588.1500000000	0.0646300440
1588.1600000000	0.0648436113
1588.1700000000	0.0650646101
1588.1800000000	0.0651906109
1588.1900000000	0.0653069887
1588.2000000000	0.0654903944
1588.2100000000	0.0656960174
1588.2200000000	0.0656691852
1588.2300000000	0.0654409735
1588.2400000000	0.0652596433
1588.2500000000	0.0649528420
1588.2600000000	0.0645439091
1588.2700000000	0.0641220547
1588.2800000000	0.0636711239
1588.2900000000	0.0633467465
1588.3000000000	0.0631584248
1588.3100000000	0.0631511232
1588.3200000000	0.0632736015
1588.3300000000	0.0634676238
1588.3400000000	0.0638060699
1588.3500000000	0.0641994781
1588.3600000000	0.0645569644
1588.3700000000	0.0649567312
1588.3800000000	0.0652589027
1588.3900000000	0.0654122610
1588.4000000000	0.0655662541
1588.4100000000	0.0655912266
1588.4200000000	0.0654831928
1588.4300000000	0.0653687791
1588.4400000000	0.0651609947
1588.4500000000	0.0648131562
1588.4600000000	0.0644454870
1588.4700000000	0.0641241829
1588.4800000000	0.0638564737
1588.4900000000	0.0635988964
1588.5000000000	0.0634557118
1588.5100000000	0.0634306417
1588.5200000000	0.0635321303
1588.5300000000	0.0637581477
1588.5400000000	0.0641113632
1588.5500000000	0.0645935017
1588.5600000000	0.0650818482
1588.5700000000	0.0654833685
1588.5800000000	0.0657045143
1588.5900000000	0.0659547957
1588.6000000000	0.0661301906
1588.6100000000	0.0660543644
1588.6200000000	0.0657569088
1588.6300000000	0.0655319651
1588.6400000000	0.0653054467
1588.6500000000	0.0648878732
1588.6600000000	0.0643176766
1588.6700000000	0.0638141818
1588.6800000000	0.0634401422
1588.6900000000	0.0631761990
1588.7000000000	0.0629398874
1588.7100000000	0.0626921919
1588.7200000000	0.0626496946
1588.7300000000	0.0629515364
1588.7400000000	0.0632393587
1588.7500000000	0.0634897185
1588.7600000000	0.0638122146
1588.7700000000	0.0641732733
1588.7800000000	0.0644441584
1588.7900000000	0.0646008731
1588.8000000000	0.0646182393
1588.8100000000	0.0644134389
1588.8200000000	0.0641969880
1588.8300000000	0.0640663999
1588.8400000000	0.0637158495
1588.8500000000	0.0632428303
1588.8600000000	0.0626631651
1588.8700000000	0.0621017667
1588.8800000000	0.0616137277
1588.8900000000	0.0611985057
1588.9000000000	0.0608988992
1588.9100000000	0.0607979465
1588.9200000000	0.0608934667
1588.9300000000	0.0611073298
1588.9400000000	0.0612815134
1588.9500000000	0.0614695993
1588.9600000000	0.0617479693
1588.9700000000	0.0619579482
1588.9800000000	0.0620425314
1588.9900000000	0.0619440353
1589.0000000000	0.0617659256
1589.0100000000	0.0615113632
1589.0200000000	0.0612782777
1589.0300000000	0.0609280166
1589.0400000000	0.0604552840
1589.0500000000	0.0601220310
1589.0600000000	0.0597473736
1589.0700000000	0.0594033054
1589.0800000000	0.0592973446
1589.0900000000	0.0592609296
1589.1000000000	0.0592820288
1589.1100000000	0.0595930978
1589.1200000000	0.0600436179
1589.1300000000	0.0606586036
1589.1400000000	0.0613425919
1589.1500000000	0.0619354516
1589.1600000000	0.0625501310
1589.1700000000	0.0630288341
1589.1800000000	0.0632544325
1589.1900000000	0.0631795569
1589.2000000000	0.0628752869
1589.2100000000	0.0625744447
1589.2200000000	0.0621036894
1589.2300000000	0.0613163558
1589.2400000000	0.0605305335
1589.2500000000	0.0597576413
1589.2600000000	0.0590469349
1589.2700000000	0.0584822339
1589.2800000000	0.0579988609
1589.2900000000	0.0575845124
1589.3000000000	0.0574029546
1589.3100000000	0.0573664954
1589.3200000000	0.0573989573
1589.3300000000	0.0575216428
1589.3400000000	0.0578109128
1589.3500000000	0.0582089372
1589.3600000000	0.0586032302
1589.3700000000	0.0590081254
1589.3800000000	0.0591624136
1589.3900000000	0.0590236992
1589.4000000000	0.0587100512
1589.4100000000	0.0581931733
1589.4200000000	0.0573790820
1589.4300000000	0.0564709748
1589.4400000000	0.0555333440
1589.4500000000	0.0545807864
1589.4600000000	0.0536620910
1589.4700000000	0.0528511172
1589.4800000000	0.0521673074
1589.4900000000	0.0517293260
1589.5000000000	0.0515439489
1589.5100000000	0.0514878610
1589.5200000000	0.0516557301
1589.5300000000	0.0521481148
1589.5400000000	0.0527246627
1589.5500000000	0.0532879229
1589.5600000000	0.0538585110
1589.5700000000	0.0544347234
1589.5800000000	0.0549003660
1589.5900000000	0.0552234309
1589.6000000000	0.0553375387
1589.6100000000	0.0551268191
1589.6200000000	0.0548307213
1589.6300000000	0.0544758774
1589.6400000000	0.0538555317
1589.6500000000	0.0531749653
1589.6600000000	0.0526416645
1589.6700000000	0.0521977304
1589.6800000000	0.0517383294
1589.6900000000	0.0515020233
1589.7000000000	0.0515069474
1589.7100000000	0.0515738891
1589.7200000000	0.0519380219
1589.7300000000	0.0524495054
1589.7400000000	0.0529647152
1589.7500000000	0.0534805156
1589.7600000000	0.0538968329
1589.7700000000	0.0541601817
1589.7800000000	0.0543465206
1589.7900000000	0.0543289326
1589.8000000000	0.0540975251
1589.8100000000	0.0537082520
1589.8200000000	0.0532569707
1589.8300000000	0.0527934202
1589.8400000000	0.0520946177
1589.8500000000	0.0513968570
1589.8600000000	0.0508465308
1589.8700000000	0.0503780684
1589.8800000000	0.0499839906
1589.8900000000	0.0499047708
1589.9000000000	0.0500293079
1589.9100000000	0.0502498258
1589.9200000000	0.0506022867
1589.9300000000	0.0510467765
1589.9400000000	0.0514984841
1589.9500000000	0.0519880404
1589.9600000000	0.0524051090
1589.9700000000	0.0527001932
1589.9800000000	0.0528375573
1589.9900000000	0.0528427492
1590.0000000000	0.0526819628
1590.0100000000	0.0523875474
1590.0200000000	0.0519984469
1590.0300000000	0.0515608149
1590.0400000000	0.0511643213
1590.0500000000	0.0507857793
1590.0600000000	0.0504478661
1590.0700000000	0.0501432860
1590.0800000000	0.0499061381
1590.0900000000	0.0498289207
1590.1000000000	0.0499104858
1590.1100000000	0.0500458821
1590.1200000000	0.0501666533
1590.1300000000	0.0502479489
1590.1400000000	0.0503282991
1590.1500000000	0.0503808232
1590.1600000000	0.0502619587
1590.1700000000	0.0499106932
1590.1800000000	0.0493281377
1590.1900000000	0.0486682898
1590.2000000000	0.0479755790
1590.2100000000	0.0471655586
1590.2200000000	0.0462627953
1590.2300000000	0.0454252359
1590.2400000000	0.0447384303
1590.2500000000	0.0441589226
1590.2600000000	0.0437016349
1590.2700000000	0.0433328567
1590.2800000000	0.0432230920
1590.2900000000	0.0433519615
1590.3000000000	0.0436810467
1590.3100000000	0.0442118309
1590.3200000000	0.0449301311
1590.3300000000	0.0458239755
1590.3400000000	0.0467704191
1590.3500000000	0.0475949843
1590.3600000000	0.0482674897
1590.3700000000	0.0487924031
1590.3800000000	0.0490863274
1590.3900000000	0.0491519281
1590.4000000000	0.0490901030
1590.4100000000	0.0488920717
1590.4200000000	0.0487097361
1590.4300000000	0.0485811149
1590.4400000000	0.0483565661
1590.4500000000	0.0480450055
1590.4600000000	0.0477044875
1590.4700000000	0.0474838162
1590.4800000000	0.0475060660
1590.4900000000	0.0476128235
1590.5000000000	0.0476716948
1590.5100000000	0.0478116461
1590.5200000000	0.0482733938
1590.5300000000	0.0487959696
1590.5400000000	0.0492813726
1590.5500000000	0.0495876789
1590.5600000000	0.0499194119
1590.5700000000	0.0502687091
1590.5800000000	0.0504454452
1590.5900000000	0.0504652574
1590.6000000000	0.0504029507
1590.6100000000	0.0503258875
1590.6200000000	0.0502775193
1590.6300000000	0.0502269113
1590.6400000000	0.0501690818
1590.6500000000	0.0501494988
1590.6600000000	0.0502047442
1590.6700000000	0.0503454244
1590.6800000000	0.0505301131
1590.6900000000	0.0507464341
1590.7000000000	0.0510500115
1590.7100000000	0.0513605471
1590.7200000000	0.0516962500
1590.7300000000	0.0520525359
1590.7400000000	0.0522773280
1590.7500000000	0.0524299229
1590.7600000000	0.0524420539
1590.7700000000	0.0523929359
1590.7800000000	0.0520865574
1590.7900000000	0.0516934649
1590.8000000000	0.0512449755
1590.8100000000	0.0506921819
1590.8200000000	0.0501382284
1590.8300000000	0.0495792183
1590.8400000000	0.0491934203
1590.8500000000	0.0490008208
1590.8600000000	0.0489862764
1590.8700000000	0.0490825358
1590.8800000000	0.0492725324
1590.8900000000	0.0496130060
1590.9000000000	0.0500641536
1590.9100000000	0.0505927984
1590.9200000000	0.0512123689
1590.9300000000	0.0518888444
1590.9400000000	0.0525121747
1590.9500000000	0.0530770586
1590.9600000000	0.0535597316
1590.9700000000	0.0538956435
1590.9800000000	0.0539882927
1590.9900000000	0.0539428049
1591.0000000000	0.0538872650
1591.0100000000	0.0537788822
1591.0200000000	0.0537049438
1591.0300000000	0.0535406103
1591.0400000000	0.0534385088
1591.0500000000	0.0534226181
1591.0600000000	0.0535320485
1591.0700000000	0.0536394306
1591.0800000000	0.0537310505
1591.0900000000	0.0539668336
1591.1000000000	0.0542166666
1591.1100000000	0.0545129078
1591.1200000000	0.0548173583
1591.1300000000	0.0550789292
1591.1400000000	0.0552625061
1591.1500000000	0.0553900030
1591.1600000000	0.0554226601
1591.1700000000	0.0552967496
1591.1800000000	0.0551153394
1591.1900000000	0.0548688142
1591.2000000000	0.0545623443
1591.2100000000	0.0542936438
1591.2200000000	0.0541136142
1591.2300000000	0.0540151459
1591.2400000000	0.0539443993
1591.2500000000	0.0539366935
1591.2600000000	0.0540425275
1591.2700000000	0.0541404297
1591.2800000000	0.0542011458
1591.2900000000	0.0543826700
1591.3000000000	0.0546488125
1591.3100000000	0.0549671038
1591.3200000000	0.0553366251
1591.3300000000	0.0556013723
1591.3400000000	0.0556888797
1591.3500000000	0.0555872047
1591.3600000000	0.0553468088
1591.3700000000	0.0549520742
1591.3800000000	0.0544070966
1591.3900000000	0.0537850328
1591.4000000000	0.0531156551
1591.4100000000	0.0524645249
1591.4200000000	0.0518080434
1591.4300000000	0.0512256300
1591.4400000000	0.0507234121
1591.4500000000	0.0504017589
1591.4600000000	0.0502039991
1591.4700000000	0.0500769386
1591.4800000000	0.0500850737
1591.4900000000	0.0501713520
1591.5000000000	0.0503970680
1591.5100000000	0.0507088292
1591.5200000000	0.0510721435
1591.5300000000	0.0514640623
1591.5400000000	0.0518862148
1591.5500000000	0.0523570698
1591.5600000000	0.0527684517
1591.5700000000	0.0530515960
1591.5800000000	0.0532477780
1591.5900000000	0.0534413435
1591.6000000000	0.0536339345
1591.6100000000	0.0537267045
1591.6200000000	0.0537601822
1591.6300000000	0.0538370819
1591.6400000000	0.0540910838
1591.6500000000	0.0543853920
1591.6600000000	0.0546302779
1591.6700000000	0.0548870989
1591.6800000000	0.0552420719
1591.6900000000	0.0556431278
1591.7000000000	0.0560638095
1591.7100000000	0.0563934375
1591.7200000000	0.0566450135
1591.7300000000	0.0569108869
1591.7400000000	0.0570481296
1591.7500000000	0.0569962111
1591.7600000000	0.0567199126
1591.7700000000	0.0563267333
1591.7800000000	0.0558375391
1591.7900000000	0.0552149777
1591.8000000000	0.0545310709
1591.8100000000	0.0538531257
1591.8200000000	0.0533289923
1591.8300000000	0.0529877492
1591.8400000000	0.0527883312
1591.8500000000	0.0527270593
1591.8600000000	0.0527876073
1591.8700000000	0.0529404031
1591.8800000000	0.0531461798
1591.8900000000	0.0533606031
1591.9000000000	0.0536050557
1591.9100000000	0.0539379698
1591.9200000000	0.0543065872
1591.9300000000	0.0546286899
1591.9400000000	0.0548012812
1591.9500000000	0.0547833998
1591.9600000000	0.0546086664
1591.9700000000	0.0542760700
1591.9800000000	0.0536588162
1591.9900000000	0.0528819886
1592.0000000000	0.0521945133
1592.0100000000	0.0515224339
1592.0200000000	0.0508238652
1592.0300000000	0.0501774294
1592.0400000000	0.0495978939
1592.0500000000	0.0492026338
1592.0600000000	0.0490040844
1592.0700000000	0.0488989211
1592.0800000000	0.0487893430
1592.0900000000	0.0489056904
1592.1000000000	0.0492337018
1592.1100000000	0.0495929425
1592.1200000000	0.0500279416
1592.1300000000	0.0505452454
1592.1400000000	0.0510682989
1592.1500000000	0.0515287825
1592.1600000000	0.0519019408
1592.1700000000	0.0521347791
1592.1800000000	0.0522098592
1592.1900000000	0.0521177142
1592.2000000000	0.0519013506
1592.2100000000	0.0516193280
1592.2200000000	0.0512455527
1592.2300000000	0.0508694075
1592.2400000000	0.0504632577
1592.2500000000	0.0500760792
1592.2600000000	0.0498097860
1592.2700000000	0.0497069294
1592.2800000000	0.0496843537
1592.2900000000	0.0498080197
1592.3000000000	0.0500456923
1592.3100000000	0.0502655750
1592.3200000000	0.0506166289
1592.3300000000	0.0510030718
1592.3400000000	0.0512874471
1592.3500000000	0.0514347156
1592.3600000000	0.0514842786
1592.3700000000	0.0515435866
1592.3800000000	0.0515143309
1592.3900000000	0.0514123073
1592.4000000000	0.0511585128
1592.4100000000	0.0508556961
1592.4200000000	0.0505975269
1592.4300000000	0.0504196130
1592.4400000000	0.0502400495
1592.4500000000	0.0501280467
1592.4600000000	0.0501186840
1592.4700000000	0.0501953562
1592.4800000000	0.0503328231
1592.4900000000	0.0505276231
1592.5000000000	0.0509281281
1592.5100000000	0.0514193041
1592.5200000000	0.0519658310
1592.5300000000	0.0524542523
1592.5400000000	0.0527012467
1592.5500000000	0.0529334325
1592.5600000000	0.0530040694
1592.5700000000	0.0527153510
1592.5800000000	0.0521847626
1592.5900000000	0.0516139632
1592.6000000000	0.0508462288
1592.6100000000	0.0500267412
1592.6200000000	0.0493163113
1592.6300000000	0.0485180047
1592.6400000000	0.0477407643
1592.6500000000	0.0471146309
1592.6600000000	0.0466269733
1592.6700000000	0.0461978652
1592.6800000000	0.0458607013
1592.6900000000	0.0457294615
1592.7000000000	0.0457508388
1592.7100000000	0.0459532697
1592.7200000000	0.0463442688
1592.7300000000	0.0468416087
1592.7400000000	0.0473908597
1592.7500000000	0.0480337206
1592.7600000000	0.0487085370
1592.7700000000	0.0492382791
1592.7800000000	0.0496302644
1592.7900000000	0.0498212372
1592.8000000000	0.0498872348
1592.8100000000	0.0498900751
1592.8200000000	0.0498467379
1592.8300000000	0.0496106794
1592.8400000000	0.0493983373
1592.8500000000	0.0492332216
1592.8600000000	0.0490133071
1592.8700000000	0.0487181667
1592.8800000000	0.0484897452
1592.8900000000	0.0484722972
1592.9000000000	0.0485493726
1592.9100000000	0.0487411057
1592.9200000000	0.0489273174
1592.9300000000	0.0490640290
1592.9400000000	0.0493520938
1592.9500000000	0.0496808342
1592.9600000000	0.0499035397
1592.9700000000	0.0500609350
1592.9800000000	0.0502059268
1592.9900000000	0.0502837424
1593.0000000000	0.0501980612
1593.0100000000	0.0499928268
1593.0200000000	0.0496638779
1593.0300000000	0.0493175097
1593.0400000000	0.0490765229
1593.0500000000	0.0487665618
1593.0600000000	0.0483426239
1593.0700000000	0.0479963628
1593.0800000000	0.0476632755
1593.0900000000	0.0473414791
1593.1000000000	0.0471359800
1593.1100000000	0.0469254667
1593.1200000000	0.0467377857
1593.1300000000	0.0466632815
1593.1400000000	0.0466253539
1593.1500000000	0.0464669286
1593.1600000000	0.0463306374
1593.1700000000	0.0462451748
1593.1800000000	0.0459848734
1593.1900000000	0.0456378377
1593.2000000000	0.0452743950
1593.2100000000	0.0449040834
1593.2200000000	0.0446570650
1593.2300000000	0.0444749406
1593.2400000000	0.0443023286
1593.2500000000	0.0441407952
1593.2600000000	0.0440916562
1593.2700000000	0.0440497354
1593.2800000000	0.0440229062
1593.2900000000	0.0441014360
1593.3000000000	0.0442473183
1593.3100000000	0.0444586249
1593.3200000000	0.0447119218
1593.3300000000	0.0449667240
1593.3400000000	0.0452370813
1593.3500000000	0.0454739603
1593.3600000000	0.0456432015
1593.3700000000	0.0456878952
1593.3800000000	0.0454969556
1593.3900000000	0.0452218964
1593.4000000000	0.0447589235
1593.4100000000	0.0441727848
1593.4200000000	0.0436672306
1593.4300000000	0.0431697712
1593.4400000000	0.0427851782
1593.4500000000	0.0424534645
1593.4600000000	0.0421335792
1593.4700000000	0.0418207038
1593.4800000000	0.0416309519
1593.4900000000	0.0415865287
1593.5000000000	0.0415755070
1593.5100000000	0.0417070587
1593.5200000000	0.0419468211
1593.5300000000	0.0422601402
1593.5400000000	0.0426413411
1593.5500000000	0.0431032891
1593.5600000000	0.0436184827
1593.5700000000	0.0440344460
1593.5800000000	0.0443410451
1593.5900000000	0.0445457460
1593.6000000000	0.0445729341
1593.6100000000	0.0444681069
1593.6200000000	0.0442384917
1593.6300000000	0.0438903486
1593.6400000000	0.0435030637
1593.6500000000	0.0431327144
1593.6600000000	0.0428121812
1593.6700000000	0.0425963232
1593.6800000000	0.0424350927
1593.6900000000	0.0424110397
1593.7000000000	0.0424516202
1593.7100000000	0.0425588453
1593.7200000000	0.0426842789
1593.7300000000	0.0428837583
1593.7400000000	0.0431605034
1593.7500000000	0.0433573354
1593.7600000000	0.0435308918
1593.7700000000	0.0436611413
1593.7800000000	0.0437538792
1593.7900000000	0.0437639216
1593.8000000000	0.0436179408
1593.8100000000	0.0433237814
1593.8200000000	0.0429873748
1593.8300000000	0.0426854129
1593.8400000000	0.0423030921
1593.8500000000	0.0418946247
1593.8600000000	0.0415212682
1593.8700000000	0.0411577088
1593.8800000000	0.0409162912
1593.8900000000	0.0407517634
1593.9000000000	0.0406125728
1593.9100000000	0.0405403246
1593.9200000000	0.0405104671
1593.9300000000	0.0405409868
1593.9400000000	0.0405884265
1593.9500000000	0.0406578074
1593.9600000000	0.0407813967
1593.9700000000	0.0409668954
1593.9800000000	0.0411022205
1593.9900000000	0.0411199068
1594.0000000000	0.0410554924
1594.0100000000	0.0410068378
1594.0200000000	0.0409293673
1594.0300000000	0.0408426742
1594.0400000000	0.0407583026
1594.0500000000	0.0406507844
1594.0600000000	0.0405444916
1594.0700000000	0.0404166408
1594.0800000000	0.0403425913
1594.0900000000	0.0403266573
1594.1000000000	0.0403075065
1594.1100000000	0.0403663855
1594.1200000000	0.0405432500
1594.1300000000	0.0407162921
1594.1400000000	0.0408200029
1594.1500000000	0.0408588887
1594.1600000000	0.0408873997
1594.1700000000	0.0408827570
1594.1800000000	0.0407661916
1594.1900000000	0.0405816040
1594.2000000000	0.0403943360
1594.2100000000	0.0402435694
1594.2200000000	0.0400842936
1594.2300000000	0.0398279590
1594.2400000000	0.0395034991
1594.2500000000	0.0392289397
1594.2600000000	0.0389506580
1594.2700000000	0.0386782115
1594.2800000000	0.0384108162
1594.2900000000	0.0382073752
1594.3000000000	0.0380582035
1594.3100000000	0.0380030172
1594.3200000000	0.0379631443
1594.3300000000	0.0379348064
1594.3400000000	0.0379215578
1594.3500000000	0.0379042622
1594.3600000000	0.0378750410
1594.3700000000	0.0377689142
1594.3800000000	0.0376000678
1594.3900000000	0.0374288624
1594.4000000000	0.0372495253
1594.4100000000	0.0370654917
1594.4200000000	0.0369050073
1594.4300000000	0.0367840253
1594.4400000000	0.0366516135
1594.4500000000	0.0365256219
1594.4600000000	0.0364206553
1594.4700000000	0.0363346967
1594.4800000000	0.0364084428
1594.4900000000	0.0365563060
1594.5000000000	0.0366911692
1594.5100000000	0.0368458587
1594.5200000000	0.0370265311
1594.5300000000	0.0372046211
1594.5400000000	0.0373222966
1594.5500000000	0.0373372822
1594.5600000000	0.0372811094
1594.5700000000	0.0371346895
1594.5800000000	0.0369430658
1594.5900000000	0.0366582596
1594.6000000000	0.0363258224
1594.6100000000	0.0359580878
1594.6200000000	0.0356410513
1594.6300000000	0.0353615177
1594.6400000000	0.0351098689
1594.6500000000	0.0349379191
1594.6600000000	0.0348581687
1594.6700000000	0.0348133554
1594.6800000000	0.0348105288
1594.6900000000	0.0348717324
1594.7000000000	0.0349638880
1594.7100000000	0.0351342580
1594.7200000000	0.0353474873
1594.7300000000	0.0355900399
1594.7400000000	0.0358250038
1594.7500000000	0.0360345795
1594.7600000000	0.0361893961
1594.7700000000	0.0362275520
1594.7800000000	0.0360819156
1594.7900000000	0.0358008882
1594.8000000000	0.0354879352
1594.8100000000	0.0351546001
1594.8200000000	0.0347142015
1594.8300000000	0.0342846389
1594.8400000000	0.0339612486
1594.8500000000	0.0337135814
1594.8600000000	0.0334401456
1594.8700000000	0.0331514747
1594.8800000000	0.0329891618
1594.8900000000	0.0329542249
1594.9000000000	0.0329811074
1594.9100000000	0.0329663617
1594.9200000000	0.0329648171
1594.9300000000	0.0330613021
1594.9400000000	0.0332295549
1594.9500000000	0.0333767179
1594.9600000000	0.0334688690
1594.9700000000	0.0335152797
1594.9800000000	0.0335093053
1594.9900000000	0.0334310815
1595.0000000000	0.0332414331
1595.0100000000	0.0330162501
1595.0200000000	0.0328277952
1595.0300000000	0.0326295161
1595.0400000000	0.0324134169
1595.0500000000	0.0321978979
1595.0600000000	0.0319783092
1595.0700000000	0.0318037621
1595.0800000000	0.0316995633
1595.0900000000	0.0316189745
1595.1000000000	0.0316078842
1595.1100000000	0.0315917417
1595.1200000000	0.0316270014
1595.1300000000	0.0316109642
1595.1400000000	0.0315329504
1595.1500000000	0.0314439139
1595.1600000000	0.0313757350
1595.1700000000	0.0311747867
1595.1800000000	0.0309210956
1595.1900000000	0.0306287883
1595.2000000000	0.0303029066
1595.2100000000	0.0299839013
1595.2200000000	0.0296340468
1595.2300000000	0.0293048579
1595.2400000000	0.0289986694
1595.2500000000	0.0287754388
1595.2600000000	0.0286641259
1595.2700000000	0.0286309090
1595.2800000000	0.0286636608
1595.2900000000	0.0287718562
1595.3000000000	0.0289789902
1595.3100000000	0.0292333480
1595.3200000000	0.0295124872
1595.3300000000	0.0298376108
1595.3400000000	0.0302135012
1595.3500000000	0.0305875857
1595.3600000000	0.0309222379
1595.3700000000	0.0312246882
1595.3800000000	0.0315025431
1595.3900000000	0.0316480881
1595.4000000000	0.0317065585
1595.4100000000	0.0316953954
1595.4200000000	0.0316579486
1595.4300000000	0.0315610110
1595.4400000000	0.0314286455
1595.4500000000	0.0311945227
1595.4600000000	0.0309584874
1595.4700000000	0.0307619355
1595.4800000000	0.0305867680
1595.4900000000	0.0304662487
1595.5000000000	0.0303485240
1595.5100000000	0.0301984204
1595.5200000000	0.0300890203
1595.5300000000	0.0299813759
1595.5400000000	0.0298372172
1595.5500000000	0.0297324761
1595.5600000000	0.0296284434
1595.5700000000	0.0294443034
1595.5800000000	0.0292251501
1595.5900000000	0.0290212009
1595.6000000000	0.0288263167
1595.6100000000	0.0286191326
1595.6200000000	0.0284046634
1595.6300000000	0.0282679563
1595.6400000000	0.0282550996
1595.6500000000	0.0282862118
1595.6600000000	0.0283238340
1595.6700000000	0.0283599291
1595.6800000000	0.0285597118
1595.6900000000	0.0288423052
1595.7000000000	0.0291454916
1595.7100000000	0.0294468672
1595.7200000000	0.0297377519
1595.7300000000	0.0300440251
1595.7400000000	0.0302680685
1595.7500000000	0.0303833029
1595.7600000000	0.0303462550
1595.7700000000	0.0302107265
1595.7800000000	0.0300242687
1595.7900000000	0.0297762773
1595.8000000000	0.0294911315
1595.8100000000	0.0291928013
1595.8200000000	0.0288960335
1595.8300000000	0.0285971214
1595.8400000000	0.0283134389
1595.8500000000	0.0281147107
1595.8600000000	0.0279927850
1595.8700000000	0.0279360707
1595.8800000000	0.0279636803
1595.8900000000	0.0280315717
1595.9000000000	0.0281129805
1595.9100000000	0.0282796955
1595.9200000000	0.0285087093
1595.9300000000	0.0286613403
1595.9400000000	0.0287319326
1595.9500000000	0.0287935930
1595.9600000000	0.0288291029
1595.9700000000	0.0288339860
1595.9800000000	0.0286799290
1595.9900000000	0.0283919100
1596.0000000000	0.0281138531
1596.0100000000	0.0278918206
1596.0200000000	0.0277190456
1596.0300000000	0.0275485957
1596.0400000000	0.0273952552
1596.0500000000	0.0273020174
1596.0600000000	0.0272810458
1596.0700000000	0.0273330771
1596.0800000000	0.0274498772
1596.0900000000	0.0275942805
1596.1000000000	0.0277489228
1596.1100000000	0.0279269111
1596.1200000000	0.0280589523
1596.1300000000	0.0281440059
1596.1400000000	0.0282690188
1596.1500000000	0.0283721085
1596.1600000000	0.0283987301
1596.1700000000	0.0283794125
1596.1800000000	0.0283077554
1596.1900000000	0.0281703295
1596.2000000000	0.0279954400
1596.2100000000	0.0277037100
1596.2200000000	0.0274554303
1596.2300000000	0.0273290272
1596.2400000000	0.0272207545
1596.2500000000	0.0270836010
1596.2600000000	0.0270004706
1596.2700000000	0.0270662179
1596.2800000000	0.0271778623
1596.2900000000	0.0273208409
1596.3000000000	0.0274753717
1596.3100000000	0.0275974264
1596.3200000000	0.0277803465
1596.3300000000	0.0280474914
1596.3400000000	0.0282848918
1596.3500000000	0.0284230682
1596.3600000000	0.0284953960
1596.3700000000	0.0285246390
1596.3800000000	0.0284394390
1596.3900000000	0.0282153515
1596.4000000000	0.0279286762
1596.4100000000	0.0275687119
1596.4200000000	0.0272104442
1596.4300000000	0.0268746977
1596.4400000000	0.0264940089
1596.4500000000	0.0261379211
1596.4600000000	0.0259121080
1596.4700000000	0.0257846625
1596.4800000000	0.0257030009
1596.4900000000	0.0257742006
1596.5000000000	0.0259752776
1596.5100000000	0.0262075730
1596.5200000000	0.0264770812
1596.5300000000	0.0267668039
1596.5400000000	0.0269996026
1596.5500000000	0.0272256930
1596.5600000000	0.0274411630
1596.5700000000	0.0275347634
1596.5800000000	0.0275321286
1596.5900000000	0.0274941172
1596.6000000000	0.0274151266
1596.6100000000	0.0273160694
1596.6200000000	0.0272417819
1596.6300000000	0.0271493006
1596.6400000000	0.0269686466
1596.6500000000	0.0268252179
1596.6600000000	0.0267326014
1596.6700000000	0.0266546040
1596.6800000000	0.0266485009
1596.6900000000	0.0267752683
1596.7000000000	0.0269272801
1596.7100000000	0.0270977602
1596.7200000000	0.0272761076
1596.7300000000	0.0274023176
1596.7400000000	0.0274785447
1596.7500000000	0.0275663486
1596.7600000000	0.0276255677
1596.7700000000	0.0275793281
1596.7800000000	0.0275035911
1596.7900000000	0.0273963970
1596.8000000000	0.0272190776
1596.8100000000	0.0270562893
1596.8200000000	0.0268886106
1596.8300000000	0.0267217089
1596.8400000000	0.0266008619
1596.8500000000	0.0265247474
1596.8600000000	0.0264693669
1596.8700000000	0.0264582589
1596.8800000000	0.0265378231
1596.8900000000	0.0266349862
1596.9000000000	0.0267156708
1596.9100000000	0.0268198725
1596.9200000000	0.0269390562
1596.9300000000	0.0270502176
1596.9400000000	0.0271429776
1596.9500000000	0.0272258162
1596.9600000000	0.0272667399
1596.9700000000	0.0272003287
1596.9800000000	0.0270772032
1596.9900000000	0.0269022512
1597.0000000000	0.0266827622
1597.0100000000	0.0264558820
1597.0200000000	0.0262008491
1597.0300000000	0.0259429281
1597.0400000000	0.0257284645
1597.0500000000	0.0255528343
1597.0600000000	0.0254322440
1597.0700000000	0.0253965609
1597.0800000000	0.0254445247
1597.0900000000	0.0255626977
1597.1000000000	0.0257274785
1597.1100000000	0.0259038296
1597.1200000000	0.0261190698
1597.1300000000	0.0264061129
1597.1400000000	0.0266989349
1597.1500000000	0.0269742508
1597.1600000000	0.0272075710
1597.1700000000	0.0273337059
1597.1800000000	0.0273354625
1597.1900000000	0.0272280597
1597.2000000000	0.0270385291
1597.2100000000	0.0268159189
1597.2200000000	0.0265836370
1597.2300000000	0.0263458437
1597.2400000000	0.0261104885
1597.2500000000	0.0258893070
1597.2600000000	0.0257818482
1597.2700000000	0.0257116027
1597.2800000000	0.0256649079
1597.2900000000	0.0257412431
1597.3000000000	0.0259332182
1597.3100000000	0.0262184617
1597.3200000000	0.0265583270
1597.3300000000	0.0269502665
1597.3400000000	0.0273433209
1597.3500000000	0.0276626382
1597.3600000000	0.0279185426
1597.3700000000	0.0281447650
1597.3800000000	0.0282650319
1597.3900000000	0.0282385666
1597.4000000000	0.0281010274
1597.4100000000	0.0278592038
1597.4200000000	0.0275330995
1597.4300000000	0.0271624482
1597.4400000000	0.0267828059
1597.4500000000	0.0264257222
1597.4600000000	0.0261066224
1597.4700000000	0.0258730727
1597.4800000000	0.0257518457
1597.4900000000	0.0257092255
1597.5000000000	0.0257469296
1597.5100000000	0.0257694548
1597.5200000000	0.0258458287
1597.5300000000	0.0260135918
1597.5400000000	0.0262131316
1597.5500000000	0.0264627091
1597.5600000000	0.0266361245
1597.5700000000	0.0267894787
1597.5800000000	0.0269588702
1597.5900000000	0.0270773097
1597.6000000000	0.0271374231
1597.6100000000	0.0271696765
1597.6200000000	0.0271601359
1597.6300000000	0.0270616654
1597.6400000000	0.0268983477
1597.6500000000	0.0266975299
1597.6600000000	0.0265356193
1597.6700000000	0.0264352583
1597.6800000000	0.0263449575
1597.6900000000	0.0262664081
1597.7000000000	0.0262016956
1597.7100000000	0.0261128133
1597.7200000000	0.0260375062
1597.7300000000	0.0259737360
1597.7400000000	0.0259241701
1597.7500000000	0.0259187057
1597.7600000000	0.0259363796
1597.7700000000	0.0259804482
1597.7800000000	0.0260450352
1597.7900000000	0.0260889789
1597.8000000000	0.0261217239
1597.8100000000	0.0261359551
1597.8200000000	0.0261362401
1597.8300000000	0.0261781532
1597.8400000000	0.0261713924
1597.8500000000	0.0262320544
1597.8600000000	0.0263706210
1597.8700000000	0.0265938762
1597.8800000000	0.0267932786
1597.8900000000	0.0269873623
1597.9000000000	0.0271821780
1597.9100000000	0.0274458860
1597.9200000000	0.0276677853
1597.9300000000	0.0278305274
1597.9400000000	0.0278786508
1597.9500000000	0.0278410404
1597.9600000000	0.0277370456
1597.9700000000	0.0275552849
1597.9800000000	0.0273155812
1597.9900000000	0.0270441547
1598.0000000000	0.0267650233
1598.0100000000	0.0264781434
1598.0200000000	0.0262205136
1598.0300000000	0.0260020999
1598.0400000000	0.0258115751
1598.0500000000	0.0256739170
1598.0600000000	0.0256019073
1598.0700000000	0.0256335134
1598.0800000000	0.0257861899
1598.0900000000	0.0260008619
1598.1000000000	0.0263027790
1598.1100000000	0.0266456462
1598.1200000000	0.0270850671
1598.1300000000	0.0276000927
1598.1400000000	0.0281342754
1598.1500000000	0.0286746820
1598.1600000000	0.0291638821
1598.1700000000	0.0295517548
1598.1800000000	0.0298347892
1598.1900000000	0.0299580491
1598.2000000000	0.0299851008
1598.2100000000	0.0299605429
1598.2200000000	0.0298555572
1598.2300000000	0.0296612999
1598.2400000000	0.0293785695
1598.2500000000	0.0290661659
1598.2600000000	0.0287576609
1598.2700000000	0.0284709131
1598.2800000000	0.0282743943
1598.2900000000	0.0281848095
1598.3000000000	0.0281759953
1598.3100000000	0.0281977832
1598.3200000000	0.0282896755
1598.3300000000	0.0284298092
1598.3400000000	0.0286180442
1598.3500000000	0.0287275155
1598.3600000000	0.0289168081
1598.3700000000	0.0290887494
1598.3800000000	0.0291625820
1598.3900000000	0.0291688819
1598.4000000000	0.0291479705
1598.4100000000	0.0291439971
1598.4200000000	0.0290581484
1598.4300000000	0.0288857210
1598.4400000000	0.0286692922
1598.4500000000	0.0285200315
1598.4600000000	0.0284962570
1598.4700000000	0.0285193590
1598.4800000000	0.0285293902
1598.4900000000	0.0286492970
1598.5000000000	0.0288245465
1598.5100000000	0.0290181450
1598.5200000000	0.0292741292
1598.5300000000	0.0295431790
1598.5400000000	0.0298261617
1598.5500000000	0.0300717532
1598.5600000000	0.0302651934
1598.5700000000	0.0303709372
1598.5800000000	0.0303949892
1598.5900000000	0.0303589228
1598.6000000000	0.0302602370
1598.6100000000	0.0300529671
1598.6200000000	0.0298151065
1598.6300000000	0.0295970685
1598.6400000000	0.0293752466
1598.6500000000	0.0291838204
1598.6600000000	0.0290179214
1598.6700000000	0.0289373395
1598.6800000000	0.0290282574
1598.6900000000	0.0291898689
1598.7000000000	0.0294207329
1598.7100000000	0.0296858130
1598.7200000000	0.0299783576
1598.7300000000	0.0302788744
1598.7400000000	0.0306537046
1598.7500000000	0.0310411786
1598.7600000000	0.0314132000
1598.7700000000	0.0317754308
1598.7800000000	0.0320441978
1598.7900000000	0.0321754717
1598.8000000000	0.0322057992
1598.8100000000	0.0321942339
1598.8200000000	0.0321571853
1598.8300000000	0.0320462810
1598.8400000000	0.0318306206
1598.8500000000	0.0315803774
1598.8600000000	0.0313748091
1598.8700000000	0.0311899824
1598.8800000000	0.0309696770
1598.8900000000	0.0307915868
1598.9000000000	0.0307158575
1598.9100000000	0.0307313172
1598.9200000000	0.0307559994
1598.9300000000	0.0307865977
1598.9400000000	0.0308564170
1598.9500000000	0.0310292097
1598.9600000000	0.0311722294
1598.9700000000	0.0312840705
1598.9800000000	0.0313649312
1598.9900000000	0.0314798137
1599.0000000000	0.0315959451
1599.0100000000	0.0316818866
1599.0200000000	0.0316355227
1599.0300000000	0.0315070682
1599.0400000000	0.0313367913
1599.0500000000	0.0311425646
1599.0600000000	0.0310180591
1599.0700000000	0.0309305398
1599.0800000000	0.0309169976
1599.0900000000	0.0310115732
1599.1000000000	0.0311081493
1599.1100000000	0.0312606693
1599.1200000000	0.0315004814
1599.1300000000	0.0317719681
1599.1400000000	0.0320700506
1599.1500000000	0.0323538579
1599.1600000000	0.0325438727
1599.1700000000	0.0327157697
1599.1800000000	0.0328703834
1599.1900000000	0.0330356554
1599.2000000000	0.0330478735
1599.2100000000	0.0330379466
1599.2200000000	0.0329694407
1599.2300000000	0.0328364735
1599.2400000000	0.0326305619
1599.2500000000	0.0323748005
1599.2600000000	0.0321326958
1599.2700000000	0.0319257160
1599.2800000000	0.0319199373
1599.2900000000	0.0318545361
1599.3000000000	0.0318717716
1599.3100000000	0.0319865760
1599.3200000000	0.0321071340
1599.3300000000	0.0322268207
1599.3400000000	0.0322785590
1599.3500000000	0.0323583539
1599.3600000000	0.0324546797
1599.3700000000	0.0324870707
1599.3800000000	0.0324729858
1599.3900000000	0.0324253128
1599.4000000000	0.0323706689
1599.4100000000	0.0323145896
1599.4200000000	0.0322018985
1599.4300000000	0.0320441536
1599.4400000000	0.0319338728
1599.4500000000	0.0319171883
1599.4600000000	0.0319221399
1599.4700000000	0.0319303908
1599.4800000000	0.0319826476
1599.4900000000	0.0321049421
1599.5000000000	0.0322359015
1599.5100000000	0.0324651579
1599.5200000000	0.0326136087
1599.5300000000	0.0327905663
1599.5400000000	0.0329827949
1599.5500000000	0.0331776828
1599.5600000000	0.0332947521
1599.5700000000	0.0333307873
1599.5800000000	0.0333685148
1599.5900000000	0.0333467035
1599.6000000000	0.0333150707
1599.6100000000	0.0332726446
1599.6200000000	0.0331378170
1599.6300000000	0.0330222681
1599.6400000000	0.0329246664
1599.6500000000	0.0328171873
1599.6600000000	0.0326300933
1599.6700000000	0.0325380242
1599.6800000000	0.0325836118
1599.6900000000	0.0325942321
1599.7000000000	0.0326540110
1599.7100000000	0.0327773136
1599.7200000000	0.0329481089
1599.7300000000	0.0332046060
1599.7400000000	0.0335745810
1599.7500000000	0.0338954844
1599.7600000000	0.0340957128
1599.7700000000	0.0343226212
1599.7800000000	0.0346273162
1599.7900000000	0.0347516185
1599.8000000000	0.0347964264
1599.8100000000	0.0348576432
1599.8200000000	0.0348021134
1599.8300000000	0.0346122536
1599.8400000000	0.0343868184
1599.8500000000	0.0341435953
1599.8600000000	0.0338913583
1599.8700000000	0.0336330280
1599.8800000000	0.0334520341
1599.8900000000	0.0333150700
1599.9000000000	0.0333579258
1599.9100000000	0.0334676234
1599.9200000000	0.0335795370
1599.9300000000	0.0337460854
1599.9400000000	0.0340078611
1599.9500000000	0.0343082771
1599.9600000000	0.0345184727
1599.9700000000	0.0346701416
1599.9800000000	0.0348246221
1599.9900000000	0.0349419964
1600.0000000000	0.0350196862
1600.0100000000	0.0350498192
1600.0200000000	0.0349570498
1600.0300000000	0.0348362571
1600.0400000000	0.0347541912
1600.0500000000	0.0346283963
1600.0600000000	0.0345068437
1600.0700000000	0.0344300106
1600.0800000000	0.0343976986
1600.0900000000	0.0344283636
1600.1000000000	0.0345766122
1600.1100000000	0.0346968872
1600.1200000000	0.0347744240
1600.1300000000	0.0349300124
1600.1400000000	0.0351514432
1600.1500000000	0.0353548684
1600.1600000000	0.0354939334
1600.1700000000	0.0356346713
1600.1800000000	0.0357202187
1600.1900000000	0.0357705057
1600.2000000000	0.0357784127
1600.2100000000	0.0357563393
1600.2200000000	0.0357645729
1600.2300000000	0.0357188821
1600.2400000000	0.0355629490
1600.2500000000	0.0353813128
1600.2600000000	0.0352949185
1600.2700000000	0.0352629847
1600.2800000000	0.0352406518
1600.2900000000	0.0352187708
1600.3000000000	0.0352275742
1600.3100000000	0.0352687925
1600.3200000000	0.0353566959
1600.3300000000	0.0354925172
1600.3400000000	0.0356090747
1600.3500000000	0.0357375791
1600.3600000000	0.0358625074
1600.3700000000	0.0359806416
1600.3800000000	0.0360468184
1600.3900000000	0.0361434864
1600.4000000000	0.0362880624
1600.4100000000	0.0364131400
1600.4200000000	0.0364262314
1600.4300000000	0.0363699346
1600.4400000000	0.0362823724
1600.4500000000	0.0362040157
1600.4600000000	0.0360514288
1600.4700000000	0.0358635075
1600.4800000000	0.0357785427
1600.4900000000	0.0357955247
1600.5000000000	0.0358023232
1600.5100000000	0.0358743404
1600.5200000000	0.0360600782
1600.5300000000	0.0363364053
1600.5400000000	0.0366436325
1600.5500000000	0.0369206473
1600.5600000000	0.0371398012
1600.5700000000	0.0373781355
1600.5800000000	0.0376718501
1600.5900000000	0.0379070105
1600.6000000000	0.0381058829
1600.6100000000	0.0382851097
1600.6200000000	0.0383873965
1600.6300000000	0.0384253620
1600.6400000000	0.0384345228
1600.6500000000	0.0383491021
1600.6600000000	0.0382232456
1600.6700000000	0.0380458151
1600.6800000000	0.0378911870
1600.6900000000	0.0377466632
1600.7000000000	0.0375838289
1600.7100000000	0.0374340283
1600.7200000000	0.0373269111
1600.7300000000	0.0372235563
1600.7400000000	0.0370988172
1600.7500000000	0.0369810879
1600.7600000000	0.0368693197
1600.7700000000	0.0367431328
1600.7800000000	0.0366479257
1600.7900000000	0.0365592398
1600.8000000000	0.0364833838
1600.8100000000	0.0364414575
1600.8200000000	0.0364237557
1600.8300000000	0.0364218965
1600.8400000000	0.0364202504
1600.8500000000	0.0364603162
1600.8600000000	0.0365219466
1600.8700000000	0.0365651226
1600.8800000000	0.0366474937
1600.8900000000	0.0367648257
1600.9000000000	0.0369030137
1600.9100000000	0.0370703353
1600.9200000000	0.0372927099
1600.9300000000	0.0375599647
1600.9400000000	0.0377885934
1600.9500000000	0.0380411196
1600.9600000000	0.0382295740
1600.9700000000	0.0383432650
1600.9800000000	0.0385230625
1600.9900000000	0.0387164763
1601.0000000000	0.0388499671
1601.0100000000	0.0389666970
1601.0200000000	0.0391649282
1601.0300000000	0.0393391005
1601.0400000000	0.0394263959
1601.0500000000	0.0395502305
1601.0600000000	0.0396716382
1601.0700000000	0.0397553186
1601.0800000000	0.0398283943
1601.0900000000	0.0398547901
1601.1000000000	0.0398822700
1601.1100000000	0.0399566953
1601.1200000000	0.0400326120
1601.1300000000	0.0400986405
1601.1400000000	0.0401460466
1601.1500000000	0.0402127754
1601.1600000000	0.0402372730
1601.1700000000	0.0401553955
1601.1800000000	0.0400432483
1601.1900000000	0.0399246069
1601.2000000000	0.0397885611
1601.2100000000	0.0396563026
1601.2200000000	0.0395310645
1601.2300000000	0.0393586087
1601.2400000000	0.0391071476
1601.2500000000	0.0388561214
1601.2600000000	0.0386534496
1601.2700000000	0.0384540142
1601.2800000000	0.0382984375
1601.2900000000	0.0382375306
1601.3000000000	0.0381858429
1601.3100000000	0.0381559262
1601.3200000000	0.0381713035
1601.3300000000	0.0381901392
1601.3400000000	0.0382360528
1601.3500000000	0.0382434132
1601.3600000000	0.0381520300
1601.3700000000	0.0380878592
1601.3800000000	0.0380531551
1601.3900000000	0.0379669368
1601.4000000000	0.0378497828
1601.4100000000	0.0377224133
1601.4200000000	0.0376663855
1601.4300000000	0.0376348602
1601.4400000000	0.0375754848
1601.4500000000	0.0375187576
1601.4600000000	0.0374769862
1601.4700000000	0.0375507313
1601.4800000000	0.0377138987
1601.4900000000	0.0378866298
1601.5000000000	0.0380836215
1601.5100000000	0.0383174469
1601.5200000000	0.0385721802
1601.5300000000	0.0387773073
1601.5400000000	0.0388625516
1601.5500000000	0.0389327615
1601.5600000000	0.0390061036
1601.5700000000	0.0389910182
1601.5800000000	0.0389411182
1601.5900000000	0.0388041713
1601.6000000000	0.0387328142
1601.6100000000	0.0386625184
1601.6200000000	0.0385614275
1601.6300000000	0.0384592438
1601.6400000000	0.0384394028
1601.6500000000	0.0384911780
1601.6600000000	0.0385865841
1601.6700000000	0.0387411622
1601.6800000000	0.0388868194
1601.6900000000	0.0391210205
1601.7000000000	0.0394236861
1601.7100000000	0.0397158824
1601.7200000000	0.0400032695
1601.7300000000	0.0402357770
1601.7400000000	0.0404537495
1601.7500000000	0.0406854631
1601.7600000000	0.0408383208
1601.7700000000	0.0409576920
1601.7800000000	0.0409713142
1601.7900000000	0.0409418200
1601.8000000000	0.0408738708
1601.8100000000	0.0407291494
1601.8200000000	0.0406293905
1601.8300000000	0.0405151770
1601.8400000000	0.0404144671
1601.8500000000	0.0403508106
1601.8600000000	0.0401694435
1601.8700000000	0.0400153317
1601.8800000000	0.0399314993
1601.8900000000	0.0398400544
1601.9000000000	0.0397409541
1601.9100000000	0.0397233241
1601.9200000000	0.0398114725
1601.9300000000	0.0399549195
1601.9400000000	0.0400849448
1601.9500000000	0.0401481124
1601.9600000000	0.0401637153
1601.9700000000	0.0401190922
1601.9800000000	0.0400063918
1601.9900000000	0.0398294207
1602.0000000000	0.0396157652
1602.0100000000	0.0394746353
1602.0200000000	0.0393703609
1602.0300000000	0.0391724353
1602.0400000000	0.0389970988
1602.0500000000	0.0388306722
1602.0600000000	0.0387110025
1602.0700000000	0.0386219212
1602.0800000000	0.0384535643
1602.0900000000	0.0384067534
1602.1000000000	0.0384950195
1602.1100000000	0.0386224547
1602.1200000000	0.0388427733
1602.1300000000	0.0391485948
1602.1400000000	0.0395128162
1602.1500000000	0.0398794812
1602.1600000000	0.0400875417
1602.1700000000	0.0400848257
1602.1800000000	0.0400332440
1602.1900000000	0.0399382465
1602.2000000000	0.0397630802
1602.2100000000	0.0395305645
1602.2200000000	0.0391842792
1602.2300000000	0.0387880787
1602.2400000000	0.0383970425
1602.2500000000	0.0379959747
1602.2600000000	0.0376086907
1602.2700000000	0.0372967786
1602.2800000000	0.0370674537
1602.2900000000	0.0369279381
1602.3000000000	0.0368709358
1602.3100000000	0.0369356668
1602.3200000000	0.0370499872
1602.3300000000	0.0372595237
1602.3400000000	0.0375110385
1602.3500000000	0.0377265086
1602.3600000000	0.0380448251
1602.3700000000	0.0383398034
1602.3800000000	0.0386405438
1602.3900000000	0.0388593653
1602.4000000000	0.0390266992
1602.4100000000	0.0392076654
1602.4200000000	0.0393966520
1602.4300000000	0.0395585395
1602.4400000000	0.0396664889
1602.4500000000	0.0397835183
1602.4600000000	0.0399687399
1602.4700000000	0.0402356963
1602.4800000000	0.0404428259
1602.4900000000	0.0406346014
1602.5000000000	0.0408686248
1602.5100000000	0.0410931714
1602.5200000000	0.0412906050
1602.5300000000	0.0414983858
1602.5400000000	0.0417649171
1602.5500000000	0.0420677845
1602.5600000000	0.0423008257
1602.5700000000	0.0424587796
1602.5800000000	0.0425827912
1602.5900000000	0.0426841192
1602.6000000000	0.0427931388
1602.6100000000	0.0428398403
1602.6200000000	0.0427198558
1602.6300000000	0.0426071191
1602.6400000000	0.0424780056
1602.6500000000	0.0423932664
1602.6600000000	0.0422762508
1602.6700000000	0.0421670696
1602.6800000000	0.0421662863
1602.6900000000	0.0421265338
1602.7000000000	0.0421512473
1602.7100000000	0.0421412837
1602.7200000000	0.0421397602
1602.7300000000	0.0422978533
1602.7400000000	0.0425617213
1602.7500000000	0.0427962472
1602.7600000000	0.0429788178
1602.7700000000	0.0431497814
1602.7800000000	0.0432795156
1602.7900000000	0.0433404053
1602.8000000000	0.0432715164
1602.8100000000	0.0431710472
1602.8200000000	0.0430852006
1602.8300000000	0.0429896282
1602.8400000000	0.0427930111
1602.8500000000	0.0425037699
1602.8600000000	0.0421698519
1602.8700000000	0.0418447209
1602.8800000000	0.0414914255
1602.8900000000	0.0411223675
1602.9000000000	0.0408220698
1602.9100000000	0.0406363992
1602.9200000000	0.0405391438
1602.9300000000	0.0405356397
1602.9400000000	0.0405210533
1602.9500000000	0.0405719967
1602.9600000000	0.0406258147
1602.9700000000	0.0406316796
1602.9800000000	0.0406121662
1602.9900000000	0.0404873910
1603.0000000000	0.0404423477
1603.0100000000	0.0404553589
1603.0200000000	0.0404461798
1603.0300000000	0.0404301851
1603.0400000000	0.0404114319
1603.0500000000	0.0404174305
1603.0600000000	0.0404798346
1603.0700000000	0.0405399875
1603.0800000000	0.0405913069
1603.0900000000	0.0407594124
1603.1000000000	0.0410247016
1603.1100000000	0.0412316052
1603.1200000000	0.0414819393
1603.1300000000	0.0418562475
1603.1400000000	0.0422252732
1603.1500000000	0.0425189621
1603.1600000000	0.0427109031
1603.1700000000	0.0427987390
1603.1800000000	0.0428844755
1603.1900000000	0.0429422097
1603.2000000000	0.0429317290
1603.2100000000	0.0427308675
1603.2200000000	0.0424442173
1603.2300000000	0.0421797795
1603.2400000000	0.0418031617
1603.2500000000	0.0413578299
1603.2600000000	0.0408200611
1603.2700000000	0.0404155491
1603.2800000000	0.0400877802
1603.2900000000	0.0398130917
1603.3000000000	0.0396407390
1603.3100000000	0.0395599456
1603.3200000000	0.0396751612
1603.3300000000	0.0398959979
1603.3400000000	0.0401780874
1603.3500000000	0.0405149576
1603.3600000000	0.0409612659
1603.3700000000	0.0414019081
1603.3800000000	0.0417984861
1603.3900000000	0.0421460555
1603.4000000000	0.0424054586
1603.4100000000	0.0425834330
1603.4200000000	0.0427362018
1603.4300000000	0.0428140521
1603.4400000000	0.0427511105
1603.4500000000	0.0427249108
1603.4600000000	0.0426938766
1603.4700000000	0.0425223910
1603.4800000000	0.0423642404
1603.4900000000	0.0421924798
1603.5000000000	0.0420519734
1603.5100000000	0.0419099553
1603.5200000000	0.0418980222
1603.5300000000	0.0418223594
1603.5400000000	0.0417602398
1603.5500000000	0.0420365438
1603.5600000000	0.0422676929
1603.5700000000	0.0424093902
1603.5800000000	0.0425445388
1603.5900000000	0.0427283449
1603.6000000000	0.0427392546
1603.6100000000	0.0426925205
1603.6200000000	0.0425917746
1603.6300000000	0.0424030437
1603.6400000000	0.0422600225
1603.6500000000	0.0420956182
1603.6600000000	0.0418120304
1603.6700000000	0.0415517308
1603.6800000000	0.0413164627
1603.6900000000	0.0410453477
1603.7000000000	0.0407492403
1603.7100000000	0.0405514048
1603.7200000000	0.0405394877
1603.7300000000	0.0405470519
1603.7400000000	0.0406231023
1603.7500000000	0.0408878283
1603.7600000000	0.0410768285
1603.7700000000	0.0412560377
1603.7800000000	0.0414742998
1603.7900000000	0.0416004915
1603.8000000000	0.0415922990
1603.8100000000	0.0415837744
1603.8200000000	0.0415134212
1603.8300000000	0.0413113100
1603.8400000000	0.0411257468
1603.8500000000	0.0408626919
1603.8600000000	0.0405178079
1603.8700000000	0.0401687898
1603.8800000000	0.0397756943
1603.8900000000	0.0393133445
1603.9000000000	0.0389105659
1603.9100000000	0.0386893397
1603.9200000000	0.0384904073
1603.9300000000	0.0383465433
1603.9400000000	0.0383642540
1603.9500000000	0.0384694187
1603.9600000000	0.0386028017
1603.9700000000	0.0387622156
1603.9800000000	0.0389909093
1603.9900000000	0.0392136143
1604.0000000000	0.0394969314
1604.0100000000	0.0398090247
1604.0200000000	0.0401035784
1604.0300000000	0.0403147059
1604.0400000000	0.0405357410
1604.0500000000	0.0407758796
1604.0600000000	0.0409748078
1604.0700000000	0.0410876663
1604.0800000000	0.0412000015
1604.0900000000	0.0413146039
1604.1000000000	0.0413509314
1604.1100000000	0.0413749763
1604.1200000000	0.0414253833
1604.1300000000	0.0415095141
1604.1400000000	0.0416563326
1604.1500000000	0.0418196762
1604.1600000000	0.0420058678
1604.1700000000	0.0422133628
1604.1800000000	0.0424949888
1604.1900000000	0.0426747227
1604.2000000000	0.0427738451
1604.2100000000	0.0428703861
1604.2200000000	0.0428810047
1604.2300000000	0.0428404082
1604.2400000000	0.0427016772
1604.2500000000	0.0424871173
1604.2600000000	0.0422029176
1604.2700000000	0.0419375984
1604.2800000000	0.0415940626
1604.2900000000	0.0412435220
1604.3000000000	0.0408439043
1604.3100000000	0.0405610895
1604.3200000000	0.0402766059
1604.3300000000	0.0400317359
1604.3400000000	0.0399078914
1604.3500000000	0.0398859079
1604.3600000000	0.0399335831
1604.3700000000	0.0400666345
1604.3800000000	0.0402074867
1604.3900000000	0.0403304068
1604.4000000000	0.0404286965
1604.4100000000	0.0404953085
1604.4200000000	0.0405439245
1604.4300000000	0.0405627890
1604.4400000000	0.0404966658
1604.4500000000	0.0404573980
1604.4600000000	0.0404003007
1604.4700000000	0.0403550249
1604.4800000000	0.0402802783
1604.4900000000	0.0400832477
1604.5000000000	0.0399133557
1604.5100000000	0.0397486655
1604.5200000000	0.0396004081
1604.5300000000	0.0394547592
1604.5400000000	0.0393870623
1604.5500000000	0.0394058089
1604.5600000000	0.0395194271
1604.5700000000	0.0396313766
1604.5800000000	0.0397243308
1604.5900000000	0.0398179783
1604.6000000000	0.0398724649
1604.6100000000	0.0399930113
1604.6200000000	0.0399964914
1604.6300000000	0.0400018978
1604.6400000000	0.0399965960
1604.6500000000	0.0399833476
1604.6600000000	0.0399075664
1604.6700000000	0.0397798603
1604.6800000000	0.0396198793
1604.6900000000	0.0394688259
1604.7000000000	0.0392508753
1604.7100000000	0.0389122818
1604.7200000000	0.0385376051
1604.7300000000	0.0382344782
1604.7400000000	0.0380401145
1604.7500000000	0.0379934466
1604.7600000000	0.0380454940
1604.7700000000	0.0382057522
1604.7800000000	0.0385198077
1604.7900000000	0.0389236603
1604.8000000000	0.0393224309
1604.8100000000	0.0397341839
1604.8200000000	0.0402385172
1604.8300000000	0.0407410368
1604.8400000000	0.0412457883
1604.8500000000	0.0416767549
1604.8600000000	0.0420102156
1604.8700000000	0.0423005686
1604.8800000000	0.0425270327
1604.8900000000	0.0425839262
1604.9000000000	0.0425422695
1604.9100000000	0.0425067444
1604.9200000000	0.0424536567
1604.9300000000	0.0423078229
1604.9400000000	0.0420581682
1604.9500000000	0.0417699825
1604.9600000000	0.0415627433
1604.9700000000	0.0413555068
1604.9800000000	0.0411183779
1604.9900000000	0.0409404679
1605.0000000000	0.0408055945
1605.0100000000	0.0406804718
1605.0200000000	0.0405626252
1605.0300000000	0.0404228295
1605.0400000000	0.0403095369
1605.0500000000	0.0402294013
1605.0600000000	0.0401673249
1605.0700000000	0.0401379444
1605.0800000000	0.0400992165
1605.0900000000	0.0400711053
1605.1000000000	0.0400525547
1605.1100000000	0.0400379001
1605.1200000000	0.0399233048
1605.1300000000	0.0398278259
1605.1400000000	0.0397810677
1605.1500000000	0.0397571857
1605.1600000000	0.0397096228
1605.1700000000	0.0397096228
1605.1800000000	0.0396857888
1605.1900000000	0.0396240610
1605.2000000000	0.0395936148
1605.2100000000	0.0394698160
1605.2200000000	0.0393583722
1605.2300000000	0.0393387357
1605.2400000000	0.0392917570
1605.2500000000	0.0391791605
1605.2600000000	0.0390809035
1605.2700000000	0.0391268884
1605.2800000000	0.0392161279
1605.2900000000	0.0392548042
1605.3000000000	0.0392805632
1605.3100000000	0.0393648320
1605.3200000000	0.0393953961
1605.3300000000	0.0394023528
1605.3400000000	0.0394052839
1605.3500000000	0.0393491613
1605.3600000000	0.0393461123
1605.3700000000	0.0393094139
1605.3800000000	0.0392524681
1605.3900000000	0.0391286204
1605.4000000000	0.0390113488
1605.4100000000	0.0388941917
1605.4200000000	0.0386601073
1605.4300000000	0.0384509720
1605.4400000000	0.0382440657
1605.4500000000	0.0380720339
1605.4600000000	0.0379937134
1605.4700000000	0.0379696187
1605.4800000000	0.0380016237
1605.4900000000	0.0380672787
1605.5000000000	0.0381609282
1605.5100000000	0.0383104721
1605.5200000000	0.0384994145
1605.5300000000	0.0386767898
1605.5400000000	0.0388550734
1605.5500000000	0.0390056122
1605.5600000000	0.0391399013
1605.5700000000	0.0394000646
1605.5800000000	0.0396545025
1605.5900000000	0.0398654850
1605.6000000000	0.0400092449
1605.6100000000	0.0401527621
1605.6200000000	0.0402103373
1605.6300000000	0.0401725304
1605.6400000000	0.0401017281
1605.6500000000	0.0399821138
1605.6600000000	0.0398391087
1605.6700000000	0.0397002980
1605.6800000000	0.0395017324
1605.6900000000	0.0392601553
1605.7000000000	0.0390702174
1605.7100000000	0.0388978437
1605.7200000000	0.0386593824
1605.7300000000	0.0383780332
1605.7400000000	0.0381526597
1605.7500000000	0.0380037172
1605.7600000000	0.0379402632
1605.7700000000	0.0379576195
1605.7800000000	0.0379471015
1605.7900000000	0.0379850531
1605.8000000000	0.0380514664
1605.8100000000	0.0381527134
1605.8200000000	0.0381645740
1605.8300000000	0.0381381097
1605.8400000000	0.0381829826
1605.8500000000	0.0382363323
1605.8600000000	0.0382266491
1605.8700000000	0.0382651124
1605.8800000000	0.0382520282
1605.8900000000	0.0383343904
1605.9000000000	0.0384362476
1605.9100000000	0.0385381280
1605.9200000000	0.0386033718
1605.9300000000	0.0387109906
1605.9400000000	0.0388799238
1605.9500000000	0.0390382217
1605.9600000000	0.0391838788
1605.9700000000	0.0393948381
1605.9800000000	0.0396265350
1605.9900000000	0.0398123949
1606.0000000000	0.0399755194
1606.0100000000	0.0401061613
1606.0200000000	0.0402058735
1606.0300000000	0.0402390755
1606.0400000000	0.0401996103
1606.0500000000	0.0401367964
1606.0600000000	0.0400428428
1606.0700000000	0.0399737539
1606.0800000000	0.0398442796
1606.0900000000	0.0396407335
1606.1000000000	0.0394820789
1606.1100000000	0.0393937145
1606.1200000000	0.0393192858
1606.1300000000	0.0391713086
1606.1400000000	0.0390343601
1606.1500000000	0.0389559657
1606.1600000000	0.0389446535
1606.1700000000	0.0388629094
1606.1800000000	0.0388833528
1606.1900000000	0.0388922588
1606.2000000000	0.0390117846
1606.2100000000	0.0390998192
1606.2200000000	0.0390859152
1606.2300000000	0.0391089000
1606.2400000000	0.0391515863
1606.2500000000	0.0391064456
1606.2600000000	0.0389616317
1606.2700000000	0.0388120270
1606.2800000000	0.0387412246
1606.2900000000	0.0387395016
1606.3000000000	0.0386959628
1606.3100000000	0.0385771455
1606.3200000000	0.0385113098
1606.3300000000	0.0385004723
1606.3400000000	0.0384379874
1606.3500000000	0.0383340954
1606.3600000000	0.0383080187
1606.3700000000	0.0383080187
1606.3800000000	0.0384312716
1606.3900000000	0.0385995317
1606.4000000000	0.0388149995
1606.4100000000	0.0389962557
1606.4200000000	0.0392340427
1606.4300000000	0.0394388524
1606.4400000000	0.0395358769
1606.4500000000	0.0396343532
1606.4600000000	0.0397076749
1606.4700000000	0.0397411546
1606.4800000000	0.0397126932
1606.4900000000	0.0397144988
1606.5000000000	0.0397373172
1606.5100000000	0.0397171252
1606.5200000000	0.0397342327
1606.5300000000	0.0396678864
1606.5400000000	0.0395711240
1606.5500000000	0.0394643657
1606.5600000000	0.0393844603
1606.5700000000	0.0393265519
1606.5800000000	0.0392249046
1606.5900000000	0.0391237105
1606.6000000000	0.0391000484
1606.6100000000	0.0391013088
1606.6200000000	0.0391047428
1606.6300000000	0.0390211781
1606.6400000000	0.0389701301
1606.6500000000	0.0389368516
1606.6600000000	0.0389105830
1606.6700000000	0.0388465654
1606.6800000000	0.0387803435
1606.6900000000	0.0387822063
1606.7000000000	0.0388177307
1606.7100000000	0.0387306004
1606.7200000000	0.0385059642
1606.7300000000	0.0383011307
1606.7400000000	0.0381401948
1606.7500000000	0.0378833162
1606.7600000000	0.0376247964
1606.7700000000	0.0374316852
1606.7800000000	0.0372433712
1606.7900000000	0.0370126079
1606.8000000000	0.0367523464
1606.8100000000	0.0364015164
1606.8200000000	0.0361568577
1606.8300000000	0.0359271561
1606.8400000000	0.0356378919
1606.8500000000	0.0353000783
1606.8600000000	0.0350647137
1606.8700000000	0.0348287993
1606.8800000000	0.0345233984
1606.8900000000	0.0344374512
1606.9000000000	0.0343506827
1606.9100000000	0.0342824436
1606.9200000000	0.0342684264
1606.9300000000	0.0343071909
1606.9400000000	0.0344343500
1606.9500000000	0.0344924704
1606.9600000000	0.0346248038
1606.9700000000	0.0346891250
1606.9800000000	0.0348295044
1606.9900000000	0.0351185483
1607.0000000000	0.0354020501
1607.0100000000	0.0355683766
1607.0200000000	0.0358988408
1607.0300000000	0.0363036209
1607.0400000000	0.0365499939
1607.0500000000	0.0367158441
1607.0600000000	0.0368512062
1607.0700000000	0.0369475502
1607.0800000000	0.0369645622
1607.0900000000	0.0370075132
1607.1000000000	0.0370176147
1607.1100000000	0.0369632668
1607.1200000000	0.0370977077
1607.1300000000	0.0372003113
1607.1400000000	0.0372162386
1607.1500000000	0.0372938202
1607.1600000000	0.0373480084
1607.1700000000	0.0373351399
1607.1800000000	0.0373602380
1607.1900000000	0.0374168755
1607.2000000000	0.0374029959
1607.2100000000	0.0374230944
1607.2200000000	0.0375239279
1607.2300000000	0.0376281650
1607.2400000000	0.0375825142
1607.2500000000	0.0374624095
1607.2600000000	0.0373559087
1607.2700000000	0.0371575764
1607.2800000000	0.0369609244
1607.2900000000	0.0367812725
1607.3000000000	0.0366344518
1607.3100000000	0.0365204149
1607.3200000000	0.0364610892
1607.3300000000	0.0363634700
1607.3400000000	0.0363062177
1607.3500000000	0.0362787888
1607.3600000000	0.0362570037
1607.3700000000	0.0362327871
1607.3800000000	0.0362760280
1607.3900000000	0.0364333522
1607.4000000000	0.0365479136
1607.4100000000	0.0366162276
1607.4200000000	0.0367361179
1607.4300000000	0.0368931441
1607.4400000000	0.0370080641
1607.4500000000	0.0370591413
1607.4600000000	0.0370197319
1607.4700000000	0.0369447656
1607.4800000000	0.0370152444
1607.4900000000	0.0369620113
1607.5000000000	0.0368034606
1607.5100000000	0.0367156733
1607.5200000000	0.0366747641
1607.5300000000	0.0366100459
1607.5400000000	0.0364932074
1607.5500000000	0.0364165702
1607.5600000000	0.0363579296
1607.5700000000	0.0363200299
1607.5800000000	0.0363684611
1607.5900000000	0.0364221227
1607.6000000000	0.0365482980
1607.6100000000	0.0367003033
1607.6200000000	0.0368728344
1607.6300000000	0.0370533657
1607.6400000000	0.0372202892
1607.6500000000	0.0374329729
1607.6600000000	0.0376258111
1607.6700000000	0.0377808639
1607.6800000000	0.0378916856
1607.6900000000	0.0379818340
1607.7000000000	0.0380243518
1607.7100000000	0.0380001476
1607.7200000000	0.0379623302
1607.7300000000	0.0378911617
1607.7400000000	0.0378157672
1607.7500000000	0.0377700095
1607.7600000000	0.0377101792
1607.7700000000	0.0376389448
1607.7800000000	0.0375938609
1607.7900000000	0.0375714980
1607.8000000000	0.0375505506
1607.8100000000	0.0375493300
1607.8200000000	0.0375909665
1607.8300000000	0.0377466626
1607.8400000000	0.0378514150
1607.8500000000	0.0379551160
1607.8600000000	0.0380427809
1607.8700000000	0.0381824950
1607.8800000000	0.0381672810
1607.8900000000	0.0380899146
1607.9000000000	0.0379723813
1607.9100000000	0.0378945835
1607.9200000000	0.0378191994
1607.9300000000	0.0377346484
1607.9400000000	0.0376704816
1607.9500000000	0.0376178006
1607.9600000000	0.0376129242
1607.9700000000	0.0375834037
1607.9800000000	0.0375464333
1607.9900000000	0.0375451956
1608.0000000000	0.0375039395
1608.0100000000	0.0375550788
1608.0200000000	0.0375967675
1608.0300000000	0.0376348601
1608.0400000000	0.0377279874
1608.0500000000	0.0378541365
1608.0600000000	0.0378902055
1608.0700000000	0.0378737372
1608.0800000000	0.0378570760
1608.0900000000	0.0377674731
1608.1000000000	0.0376817328
1608.1100000000	0.0375512148
1608.1200000000	0.0375123788
1608.1300000000	0.0375026064
1608.1400000000	0.0374811816
1608.1500000000	0.0373864875
1608.1600000000	0.0372500843
1608.1700000000	0.0371027285
1608.1800000000	0.0369908341
1608.1900000000	0.0368992660
1608.2000000000	0.0367773308
1608.2100000000	0.0367634671
1608.2200000000	0.0368539270
1608.2300000000	0.0369304421
1608.2400000000	0.0369776392
1608.2500000000	0.0370899118
1608.2600000000	0.0371696450
1608.2700000000	0.0372644291
1608.2800000000	0.0373322588
1608.2900000000	0.0374122998
1608.3000000000	0.0375151999
1608.3100000000	0.0375388124
1608.3200000000	0.0375793306
1608.3300000000	0.0375916901
1608.3400000000	0.0375172791
1608.3500000000	0.0374589229
1608.3600000000	0.0373705602
1608.3700000000	0.0372140155
1608.3800000000	0.0370297525
1608.3900000000	0.0368772500
1608.4000000000	0.0367268950
1608.4100000000	0.0365893163
1608.4200000000	0.0364460684
1608.4300000000	0.0363284119
1608.4400000000	0.0362321702
1608.4500000000	0.0361545131
1608.4600000000	0.0360508604
1608.4700000000	0.0359083354
1608.4800000000	0.0358226995
1608.4900000000	0.0357911487
1608.5000000000	0.0357407231
1608.5100000000	0.0357345762
1608.5200000000	0.0357814979
1608.5300000000	0.0358505038
1608.5400000000	0.0359314894
1608.5500000000	0.0359910809
1608.5600000000	0.0359700484
1608.5700000000	0.0360108515
1608.5800000000	0.0360832051
1608.5900000000	0.0361068277
1608.6000000000	0.0361366120
1608.6100000000	0.0362165104
1608.6200000000	0.0363230864
1608.6300000000	0.0364026177
1608.6400000000	0.0364679359
1608.6500000000	0.0365493543
1608.6600000000	0.0367013378
1608.6700000000	0.0368459229
1608.6800000000	0.0369051152
1608.6900000000	0.0368627867
1608.7000000000	0.0367608032
1608.7100000000	0.0366212581
1608.7200000000	0.0364236843
1608.7300000000	0.0363237158
1608.7400000000	0.0362167861
1608.7500000000	0.0362056126
1608.7600000000	0.0361662830
1608.7700000000	0.0360885254
1608.7800000000	0.0361025974
1608.7900000000	0.0361332443
1608.8000000000	0.0360787365
1608.8100000000	0.0360098526
1608.8200000000	0.0360060340
1608.8300000000	0.0360928593
1608.8400000000	0.0362480193
1608.8500000000	0.0364517516
1608.8600000000	0.0366373307
1608.8700000000	0.0368220323
1608.8800000000	0.0370102091
1608.8900000000	0.0371607873
1608.9000000000	0.0371778165
1608.9100000000	0.0371334975
1608.9200000000	0.0370778291
1608.9300000000	0.0370250390
1608.9400000000	0.0368692589
1608.9500000000	0.0367202787
1608.9600000000	0.0365904602
1608.9700000000	0.0363644576
1608.9800000000	0.0361278116
1608.9900000000	0.0359127851
1609.0000000000	0.0357493349
1609.0100000000	0.0355596106
1609.0200000000	0.0353863803
1609.0300000000	0.0352345772
1609.0400000000	0.0352548216
1609.0500000000	0.0354371747
1609.0600000000	0.0355761125
1609.0700000000	0.0357341063
1609.0800000000	0.0359854903
1609.0900000000	0.0361991695
1609.1000000000	0.0363824220
1609.1100000000	0.0365059946
1609.1200000000	0.0366063594
1609.1300000000	0.0366721673
1609.1400000000	0.0367574458
1609.1500000000	0.0367800915
1609.1600000000	0.0366620656
1609.1700000000	0.0364811356
1609.1800000000	0.0363667864
1609.1900000000	0.0362214415
1609.2000000000	0.0360285556
1609.2100000000	0.0358505965
1609.2200000000	0.0357603401
1609.2300000000	0.0357443714
1609.2400000000	0.0357184321
1609.2500000000	0.0357683414
1609.2600000000	0.0359120237
1609.2700000000	0.0360545826
1609.2800000000	0.0362467863
1609.2900000000	0.0364594762
1609.3000000000	0.0366901331
1609.3100000000	0.0369178339
1609.3200000000	0.0371931110
1609.3300000000	0.0374118964
1609.3400000000	0.0376882039
1609.3500000000	0.0378490425
1609.3600000000	0.0378860357
1609.3700000000	0.0379105644
1609.3800000000	0.0379341218
1609.3900000000	0.0379530933
1609.4000000000	0.0378551699
1609.4100000000	0.0376422591
1609.4200000000	0.0374264091
1609.4300000000	0.0372212007
1609.4400000000	0.0370130490
1609.4500000000	0.0367550977
1609.4600000000	0.0365572298
1609.4700000000	0.0363957063
1609.4800000000	0.0363018417
1609.4900000000	0.0362044207
1609.5000000000	0.0360852377
1609.5100000000	0.0360701656
1609.5200000000	0.0360766105
1609.5300000000	0.0360970848
1609.5400000000	0.0361682305
1609.5500000000	0.0362820794
1609.5600000000	0.0363435381
1609.5700000000	0.0363679651
1609.5800000000	0.0363893971
1609.5900000000	0.0364626748
1609.6000000000	0.0364630505
1609.6100000000	0.0363893047
1609.6200000000	0.0362390342
1609.6300000000	0.0360296120
1609.6400000000	0.0358088043
1609.6500000000	0.0355875579
1609.6600000000	0.0353002473
1609.6700000000	0.0351020295
1609.6800000000	0.0349500657
1609.6900000000	0.0348399804
1609.7000000000	0.0347343919
1609.7100000000	0.0346733450
1609.7200000000	0.0345653947
1609.7300000000	0.0345610836
1609.7400000000	0.0346519143
1609.7500000000	0.0347991524
1609.7600000000	0.0349880493
1609.7700000000	0.0351201735
1609.7800000000	0.0353947612
1609.7900000000	0.0356694963
1609.8000000000	0.0359246206
1609.8100000000	0.0361591331
1609.8200000000	0.0364158965
1609.8300000000	0.0367151976
1609.8400000000	0.0369186224
1609.8500000000	0.0371095760
1609.8600000000	0.0373192610
1609.8700000000	0.0374816264
1609.8800000000	0.0376212214
1609.8900000000	0.0376151138
1609.9000000000	0.0374999508
1609.9100000000	0.0373847812
1609.9200000000	0.0372138343
1609.9300000000	0.0369254838
1609.9400000000	0.0366361068
1609.9500000000	0.0363890390
1609.9600000000	0.0361566304
1609.9700000000	0.0359325879
1609.9800000000	0.0357498766
1609.9900000000	0.0355786096
1610.0000000000	0.0353965450
1610.0100000000	0.0352457464
1610.0200000000	0.0351664439
1610.0300000000	0.0351342775
1610.0400000000	0.0351296554
1610.0500000000	0.0352390538
1610.0600000000	0.0353390750
1610.0700000000	0.0354547556
1610.0800000000	0.0356440482
1610.0900000000	0.0358195972
1610.1000000000	0.0359107385
1610.1100000000	0.0360000222
1610.1200000000	0.0360291507
1610.1300000000	0.0360168255
1610.1400000000	0.0360059217
1610.1500000000	0.0359741891
1610.1600000000	0.0359095012
1610.1700000000	0.0357613269
1610.1800000000	0.0356644016
1610.1900000000	0.0354499880
1610.2000000000	0.0352240750
1610.2100000000	0.0350469206
1610.2200000000	0.0348238163
1610.2300000000	0.0345579235
1610.2400000000	0.0343541238
1610.2500000000	0.0342439843
1610.2600000000	0.0341072529
1610.2700000000	0.0340004838
1610.2800000000	0.0339622455
1610.2900000000	0.0339527164
1610.3000000000	0.0339394419
1610.3100000000	0.0339545685
1610.3200000000	0.0340288030
1610.3300000000	0.0340359520
1610.3400000000	0.0340495753
1610.3500000000	0.0342283499
1610.3600000000	0.0343680025
1610.3700000000	0.0343982568
1610.3800000000	0.0345271177
1610.3900000000	0.0346840299
1610.4000000000	0.0347691136
1610.4100000000	0.0348917010
1610.4200000000	0.0349936551
1610.4300000000	0.0351329923
1610.4400000000	0.0351950061
1610.4500000000	0.0352848821
1610.4600000000	0.0353603521
1610.4700000000	0.0355796226
1610.4800000000	0.0358387336
1610.4900000000	0.0360090732
1610.5000000000	0.0361512812
1610.5100000000	0.0363441221
1610.5200000000	0.0365203975
1610.5300000000	0.0365841267
1610.5400000000	0.0366712981
1610.5500000000	0.0367419428
1610.5600000000	0.0367953226
1610.5700000000	0.0367951453
1610.5800000000	0.0367446752
1610.5900000000	0.0366900607
1610.6000000000	0.0366669245
1610.6100000000	0.0366331824
1610.6200000000	0.0365073447
1610.6300000000	0.0362990644
1610.6400000000	0.0362410207
1610.6500000000	0.0361527231
1610.6600000000	0.0359888196
1610.6700000000	0.0358759007
1610.6800000000	0.0358237245
1610.6900000000	0.0358731621
1610.7000000000	0.0359358754
1610.7100000000	0.0359806413
1610.7200000000	0.0360387815
1610.7300000000	0.0361061571
1610.7400000000	0.0361863506
1610.7500000000	0.0362028072
1610.7600000000	0.0361715288
1610.7700000000	0.0361859301
1610.7800000000	0.0361253271
1610.7900000000	0.0360511089
1610.8000000000	0.0360490853
1610.8100000000	0.0359810047
1610.8200000000	0.0357491617
1610.8300000000	0.0355306713
1610.8400000000	0.0353091596
1610.8500000000	0.0350508634
1610.8600000000	0.0348421374
1610.8700000000	0.0346217289
1610.8800000000	0.0343649355
1610.8900000000	0.0341901768
1610.9000000000	0.0340872368
1610.9100000000	0.0339301383
1610.9200000000	0.0337182766
1610.9300000000	0.0336080855
1610.9400000000	0.0335127450
1610.9500000000	0.0333946828
1610.9600000000	0.0333588561
1610.9700000000	0.0333922499
1610.9800000000	0.0334345859
1610.9900000000	0.0334532775
1611.0000000000	0.0335430776
1611.0100000000	0.0336665653
1611.0200000000	0.0337752102
1611.0300000000	0.0338921772
1611.0400000000	0.0339231903
1611.0500000000	0.0339234524
1611.0600000000	0.0339938987
1611.0700000000	0.0341011637
1611.0800000000	0.0341744248
1611.0900000000	0.0343006183
1611.1000000000	0.0344874356
1611.1100000000	0.0346258370
1611.1200000000	0.0347200901
1611.1300000000	0.0348163629
1611.1400000000	0.0348804814
1611.1500000000	0.0349216779
1611.1600000000	0.0349104810
1611.1700000000	0.0348280360
1611.1800000000	0.0347450299
1611.1900000000	0.0347320867
1611.2000000000	0.0347337501
1611.2100000000	0.0345987826
1611.2200000000	0.0344738465
1611.2300000000	0.0344456985
1611.2400000000	0.0343863878
1611.2500000000	0.0343602880
1611.2600000000	0.0343514509
1611.2700000000	0.0343993971
1611.2800000000	0.0345087002
1611.2900000000	0.0346502629
1611.3000000000	0.0348298123
1611.3100000000	0.0350213331
1611.3200000000	0.0352558518
1611.3300000000	0.0355359000
1611.3400000000	0.0357987265
1611.3500000000	0.0360642073
1611.3600000000	0.0362682222
1611.3700000000	0.0363665116
1611.3800000000	0.0362976569
1611.3900000000	0.0361855899
1611.4000000000	0.0360154380
1611.4100000000	0.0358327235
1611.4200000000	0.0355462003
1611.4300000000	0.0351229472
1611.4400000000	0.0347265753
1611.4500000000	0.0343068711
1611.4600000000	0.0339076544
1611.4700000000	0.0335030305
1611.4800000000	0.0331428711
1611.4900000000	0.0328554895
1611.5000000000	0.0326136946
1611.5100000000	0.0324951430
1611.5200000000	0.0324800596
1611.5300000000	0.0324904404
1611.5400000000	0.0325377317
1611.5500000000	0.0326422362
1611.5600000000	0.0328362225
1611.5700000000	0.0331087174
1611.5800000000	0.0333626772
1611.5900000000	0.0336250622
1611.6000000000	0.0339395904
1611.6100000000	0.0342855580
1611.6200000000	0.0345935977
1611.6300000000	0.0347666034
1611.6400000000	0.0348783945
1611.6500000000	0.0348854188
1611.6600000000	0.0347721416
1611.6700000000	0.0345866312
1611.6800000000	0.0343390197
1611.6900000000	0.0341336002
1611.7000000000	0.0339778109
1611.7100000000	0.0338464840
1611.7200000000	0.0337646881
1611.7300000000	0.0338238217
1611.7400000000	0.0339697217
1611.7500000000	0.0341355977
1611.7600000000	0.0342365537
1611.7700000000	0.0343279053
1611.7800000000	0.0345080837
1611.7900000000	0.0347582995
1611.8000000000	0.0350718230
1611.8100000000	0.0353788267
1611.8200000000	0.0356487814
1611.8300000000	0.0359485027
1611.8400000000	0.0362272127
1611.8500000000	0.0363863396
1611.8600000000	0.0364377698
1611.8700000000	0.0364259967
1611.8800000000	0.0363271814
1611.8900000000	0.0361394841
1611.9000000000	0.0359631628
1611.9100000000	0.0357716439
1611.9200000000	0.0354740021
1611.9300000000	0.0351252812
1611.9400000000	0.0348174549
1611.9500000000	0.0345548803
1611.9600000000	0.0343877839
1611.9700000000	0.0341687123
1611.9800000000	0.0339911285
1611.9900000000	0.0339399367
1612.0000000000	0.0339412367
1612.0100000000	0.0339874446
1612.0200000000	0.0340724999
1612.0300000000	0.0342137308
1612.0400000000	0.0343344119
1612.0500000000	0.0344692435
1612.0600000000	0.0345797749
1612.0700000000	0.0347092766
1612.0800000000	0.0347749929
1612.0900000000	0.0348455413
1612.1000000000	0.0349641930
1612.1100000000	0.0350185401
1612.1200000000	0.0350294451
1612.1300000000	0.0350189700
1612.1400000000	0.0349667849
1612.1500000000	0.0348634130
1612.1600000000	0.0347542037
1612.1700000000	0.0347252773
1612.1800000000	0.0346914198
1612.1900000000	0.0346529160
1612.2000000000	0.0346800086
1612.2100000000	0.0347490587
1612.2200000000	0.0348301808
1612.2300000000	0.0349124204
1612.2400000000	0.0350757489
1612.2500000000	0.0353115918
1612.2600000000	0.0354953464
1612.2700000000	0.0356481856
1612.2800000000	0.0358484859
1612.2900000000	0.0359815956
1612.3000000000	0.0360836921
1612.3100000000	0.0360475132
1612.3200000000	0.0359092750
1612.3300000000	0.0358595950
1612.3400000000	0.0359325685
1612.3500000000	0.0359797324
1612.3600000000	0.0359594543
1612.3700000000	0.0359357139
1612.3800000000	0.0359110539
1612.3900000000	0.0358981197
1612.4000000000	0.0358200946
1612.4100000000	0.0356936415
1612.4200000000	0.0356126489
1612.4300000000	0.0355906232
1612.4400000000	0.0356069282
1612.4500000000	0.0356254034
1612.4600000000	0.0356534725
1612.4700000000	0.0356238474
1612.4800000000	0.0355306890
1612.4900000000	0.0354368779
1612.5000000000	0.0353461204
1612.5100000000	0.0352637296
1612.5200000000	0.0352062188
1612.5300000000	0.0352109482
1612.5400000000	0.0352841095
1612.5500000000	0.0353749598
1612.5600000000	0.0354183325
1612.5700000000	0.0354635338
1612.5800000000	0.0354112643
1612.5900000000	0.0353299365
1612.6000000000	0.0352958983
1612.6100000000	0.0353038324
1612.6200000000	0.0352729123
1612.6300000000	0.0352204196
1612.6400000000	0.0352287811
1612.6500000000	0.0352738134
1612.6600000000	0.0352683025
1612.6700000000	0.0352439379
1612.6800000000	0.0352463669
1612.6900000000	0.0351687470
1612.7000000000	0.0350935923
1612.7100000000	0.0350917673
1612.7200000000	0.0351053540
1612.7300000000	0.0351765790
1612.7400000000	0.0352385442
1612.7500000000	0.0353400454
1612.7600000000	0.0354328642
1612.7700000000	0.0355042893
1612.7800000000	0.0355909686
1612.7900000000	0.0355867036
1612.8000000000	0.0356782056
1612.8100000000	0.0358337602
1612.8200000000	0.0358198723
1612.8300000000	0.0358598626
1612.8400000000	0.0359431557
1612.8500000000	0.0360148494
1612.8600000000	0.0360512987
1612.8700000000	0.0359722844
1612.8800000000	0.0359496766
1612.8900000000	0.0359059714
1612.9000000000	0.0358952313
1612.9100000000	0.0358809230
1612.9200000000	0.0358328324
1612.9300000000	0.0357841500
1612.9400000000	0.0357967790
1612.9500000000	0.0358400177
1612.9600000000	0.0358034867
1612.9700000000	0.0357770719
1612.9800000000	0.0358516372
1612.9900000000	0.0359810785
1613.0000000000	0.0361266319
1613.0100000000	0.0362458742
1613.0200000000	0.0363534261
1613.0300000000	0.0364369392
1613.0400000000	0.0364873644
1613.0500000000	0.0364979307
1613.0600000000	0.0364740106
1613.0700000000	0.0365051793
1613.0800000000	0.0365156737
1613.0900000000	0.0364775060
1613.1000000000	0.0363899112
1613.1100000000	0.0362620081
1613.1200000000	0.0361739283
1613.1300000000	0.0360186250
1613.1400000000	0.0358580728
1613.1500000000	0.0358294977
1613.1600000000	0.0358967956
1613.1700000000	0.0359906188
1613.1800000000	0.0360771070
1613.1900000000	0.0361954526
1613.2000000000	0.0363520005
1613.2100000000	0.0365140909
1613.2200000000	0.0366202365
1613.2300000000	0.0366917808
1613.2400000000	0.0367528772
1613.2500000000	0.0368074473
1613.2600000000	0.0368321612
1613.2700000000	0.0368504247
1613.2800000000	0.0368487378
1613.2900000000	0.0367806222
1613.3000000000	0.0366801374
1613.3100000000	0.0365659387
1613.3200000000	0.0364306531
1613.3300000000	0.0361686423
1613.3400000000	0.0358785662
1613.3500000000	0.0356481742
1613.3600000000	0.0355445234
1613.3700000000	0.0354861508
1613.3800000000	0.0354629768
1613.3900000000	0.0354483183
1613.4000000000	0.0354815696
1613.4100000000	0.0355405298
1613.4200000000	0.0355639113
1613.4300000000	0.0355049168
1613.4400000000	0.0356037348
1613.4500000000	0.0358276143
1613.4600000000	0.0360278889
1613.4700000000	0.0362235625
1613.4800000000	0.0364030383
1613.4900000000	0.0365363657
1613.5000000000	0.0366249264
1613.5100000000	0.0366350119
1613.5200000000	0.0365765217
1613.5300000000	0.0364888009
1613.5400000000	0.0364695652
1613.5500000000	0.0364805003
1613.5600000000	0.0364168180
1613.5700000000	0.0363719827
1613.5800000000	0.0363736635
1613.5900000000	0.0363440684
1613.6000000000	0.0363011620
1613.6100000000	0.0362792342
1613.6200000000	0.0362928036
1613.6300000000	0.0363531887
1613.6400000000	0.0364109089
1613.6500000000	0.0364272964
1613.6600000000	0.0364768366
1613.6700000000	0.0365616533
1613.6800000000	0.0365960161
1613.6900000000	0.0365584220
1613.7000000000	0.0364903919
1613.7100000000	0.0364958023
1613.7200000000	0.0364245146
1613.7300000000	0.0363576455
1613.7400000000	0.0362887173
1613.7500000000	0.0362535753
1613.7600000000	0.0362199156
1613.7700000000	0.0362503264
1613.7800000000	0.0362678483
1613.7900000000	0.0363643674
1613.8000000000	0.0365239071
1613.8100000000	0.0367190020
1613.8200000000	0.0368518877
1613.8300000000	0.0369918452
1613.8400000000	0.0371889168
1613.8500000000	0.0373883122
1613.8600000000	0.0375068910
1613.8700000000	0.0375965271
1613.8800000000	0.0376523196
1613.8900000000	0.0375868390
1613.9000000000	0.0375121399
1613.9100000000	0.0374894428
1613.9200000000	0.0373789326
1613.9300000000	0.0372210259
1613.9400000000	0.0370654137
1613.9500000000	0.0368314061
1613.9600000000	0.0365696332
1613.9700000000	0.0364070335
1613.9800000000	0.0362496195
1613.9900000000	0.0360898007
1614.0000000000	0.0360683008
1614.0100000000	0.0361602426
1614.0200000000	0.0362709213
1614.0300000000	0.0363288063
1614.0400000000	0.0364128488
1614.0500000000	0.0364974841
1614.0600000000	0.0365517229
1614.0700000000	0.0365605534
1614.0800000000	0.0365988193
1614.0900000000	0.0366467442
1614.1000000000	0.0366933142
1614.1100000000	0.0366914020
1614.1200000000	0.0366170015
1614.1300000000	0.0365291456
1614.1400000000	0.0364242218
1614.1500000000	0.0362522370
1614.1600000000	0.0360414970
1614.1700000000	0.0358680847
1614.1800000000	0.0357361982
1614.1900000000	0.0355633191
1614.2000000000	0.0354023613
1614.2100000000	0.0353090059
1614.2200000000	0.0352553623
1614.2300000000	0.0352003551
1614.2400000000	0.0351668861
1614.2500000000	0.0351561420
1614.2600000000	0.0351710971
1614.2700000000	0.0353561567
1614.2800000000	0.0355035598
1614.2900000000	0.0356125821
1614.3000000000	0.0358320087
1614.3100000000	0.0360721286
1614.3200000000	0.0362265605
1614.3300000000	0.0363326173
1614.3400000000	0.0364973487
1614.3500000000	0.0365900329
1614.3600000000	0.0366355707
1614.3700000000	0.0367455871
1614.3800000000	0.0368519051
1614.3900000000	0.0369314444
1614.4000000000	0.0371132852
1614.4100000000	0.0373076300
1614.4200000000	0.0374465362
1614.4300000000	0.0375813304
1614.4400000000	0.0377535969
1614.4500000000	0.0379280496
1614.4600000000	0.0380519052
1614.4700000000	0.0382465563
1614.4800000000	0.0384593362
1614.4900000000	0.0385274766
1614.5000000000	0.0385311959
1614.5100000000	0.0385169554
1614.5200000000	0.0384375242
1614.5300000000	0.0382401614
1614.5400000000	0.0380700839
1614.5500000000	0.0378630648
1614.5600000000	0.0376531934
1614.5700000000	0.0375672386
1614.5800000000	0.0374937477
1614.5900000000	0.0373722243
1614.6000000000	0.0373787387
1614.6100000000	0.0374219996
1614.6200000000	0.0374525580
1614.6300000000	0.0375601063
1614.6400000000	0.0376856680
1614.6500000000	0.0377914448
1614.6600000000	0.0378860744
1614.6700000000	0.0379989777
1614.6800000000	0.0381145645
1614.6900000000	0.0381971438
1614.7000000000	0.0382265535
1614.7100000000	0.0381978106
1614.7200000000	0.0381614949
1614.7300000000	0.0380996584
1614.7400000000	0.0379828672
1614.7500000000	0.0378025350
1614.7600000000	0.0375606276
1614.7700000000	0.0373462053
1614.7800000000	0.0371279101
1614.7900000000	0.0368832694
1614.8000000000	0.0367003767
1614.8100000000	0.0365650110
1614.8200000000	0.0365035506
1614.8300000000	0.0364006620
1614.8400000000	0.0362899664
1614.8500000000	0.0362981084
1614.8600000000	0.0364016358
1614.8700000000	0.0365163725
1614.8800000000	0.0365381384
1614.8900000000	0.0366010251
1614.9000000000	0.0367925657
1614.9100000000	0.0369713408
1614.9200000000	0.0371195178
1614.9300000000	0.0372448994
1614.9400000000	0.0373851300
1614.9500000000	0.0375007700
1614.9600000000	0.0375995234
1614.9700000000	0.0376275714
1614.9800000000	0.0376162101
1614.9900000000	0.0376215548
1615.0000000000	0.0376215194
1615.0100000000	0.0376391858
1615.0200000000	0.0377073320
1615.0300000000	0.0378164398
1615.0400000000	0.0378997980
1615.0500000000	0.0379431358
1615.0600000000	0.0379837286
1615.0700000000	0.0380527211
1615.0800000000	0.0381348304
1615.0900000000	0.0380827628
1615.1000000000	0.0380496686
1615.1100000000	0.0380823826
1615.1200000000	0.0380805558
1615.1300000000	0.0379765116
1615.1400000000	0.0377857843
1615.1500000000	0.0375990514
1615.1600000000	0.0373352687
1615.1700000000	0.0369763317
1615.1800000000	0.0366416471
1615.1900000000	0.0363978265
1615.2000000000	0.0361190072
1615.2100000000	0.0358648678
1615.2200000000	0.0357333002
1615.2300000000	0.0357246195
1615.2400000000	0.0357687804
1615.2500000000	0.0358369881
1615.2600000000	0.0359498597
1615.2700000000	0.0361725834
1615.2800000000	0.0364670478
1615.2900000000	0.0367632559
1615.3000000000	0.0370640866
1615.3100000000	0.0374462841
1615.3200000000	0.0378736618
1615.3300000000	0.0382432402
1615.3400000000	0.0385668872
1615.3500000000	0.0388234611
1615.3600000000	0.0389551889
1615.3700000000	0.0390012728
1615.3800000000	0.0389786747
1615.3900000000	0.0388370491
1615.4000000000	0.0386958711
1615.4100000000	0.0386052298
1615.4200000000	0.0385347157
1615.4300000000	0.0384407363
1615.4400000000	0.0383621794
1615.4500000000	0.0383734050
1615.4600000000	0.0384021757
1615.4700000000	0.0384225095
1615.4800000000	0.0384683050
1615.4900000000	0.0385038162
1615.5000000000	0.0385857202
1615.5100000000	0.0386997702
1615.5200000000	0.0387474925
1615.5300000000	0.0388132199
1615.5400000000	0.0389144155
1615.5500000000	0.0390057977
1615.5600000000	0.0390591544
1615.5700000000	0.0391037979
1615.5800000000	0.0391633407
1615.5900000000	0.0391916347
1615.6000000000	0.0391288117
1615.6100000000	0.0390162195
1615.6200000000	0.0389593777
1615.6300000000	0.0389252125
1615.6400000000	0.0388964805
1615.6500000000	0.0388526050
1615.6600000000	0.0387840257
1615.6700000000	0.0387592657
1615.6800000000	0.0387513828
1615.6900000000	0.0387992953
1615.7000000000	0.0388527858
1615.7100000000	0.0389040355
1615.7200000000	0.0389651308
1615.7300000000	0.0390041024
1615.7400000000	0.0390149878
1615.7500000000	0.0390719031
1615.7600000000	0.0390937941
1615.7700000000	0.0390557018
1615.7800000000	0.0390281731
1615.7900000000	0.0389538573
1615.8000000000	0.0388808737
1615.8100000000	0.0387897427
1615.8200000000	0.0387073316
1615.8300000000	0.0386391133
1615.8400000000	0.0386257648
1615.8500000000	0.0386784782
1615.8600000000	0.0387545387
1615.8700000000	0.0388517753
1615.8800000000	0.0389827169
1615.8900000000	0.0391333356
1615.9000000000	0.0393069499
1615.9100000000	0.0395168648
1615.9200000000	0.0397396231
1615.9300000000	0.0399123099
1615.9400000000	0.0401055130
1615.9500000000	0.0403018946
1615.9600000000	0.0404525209
1615.9700000000	0.0405266292
1615.9800000000	0.0405317354
1615.9900000000	0.0404189416
1616.0000000000	0.0402263044
1616.0100000000	0.0400328077
1616.0200000000	0.0398075304
1616.0300000000	0.0395870393
1616.0400000000	0.0393926294
1616.0500000000	0.0392328183
1616.0600000000	0.0391350176
1616.0700000000	0.0390722448
1616.0800000000	0.0390707981
1616.0900000000	0.0391149882
1616.1000000000	0.0391686182
1616.1100000000	0.0392962996
1616.1200000000	0.0394754095
1616.1300000000	0.0396122328
1616.1400000000	0.0397678954
1616.1500000000	0.0400064993
1616.1600000000	0.0402098778
1616.1700000000	0.0403655011
1616.1800000000	0.0404781489
1616.1900000000	0.0406528593
1616.2000000000	0.0407211118
1616.2100000000	0.0407153724
1616.2200000000	0.0406880988
1616.2300000000	0.0406686247
1616.2400000000	0.0406343906
1616.2500000000	0.0406527239
1616.2600000000	0.0406725054
1616.2700000000	0.0406997399
1616.2800000000	0.0407656195
1616.2900000000	0.0407956131
1616.3000000000	0.0408712466
1616.3100000000	0.0409745860
1616.3200000000	0.0410937708
1616.3300000000	0.0411733576
1616.3400000000	0.0412197090
1616.3500000000	0.0413000502
1616.3600000000	0.0413486779
1616.3700000000	0.0413194220
1616.3800000000	0.0411970395
1616.3900000000	0.0410175489
1616.4000000000	0.0408427886
1616.4100000000	0.0407038585
1616.4200000000	0.0405889554
1616.4300000000	0.0404036558
1616.4400000000	0.0402427962
1616.4500000000	0.0401489911
1616.4600000000	0.0400398361
1616.4700000000	0.0399576943
1616.4800000000	0.0398985861
1616.4900000000	0.0399225662
1616.5000000000	0.0399821655
1616.5100000000	0.0400724663
1616.5200000000	0.0402455158
1616.5300000000	0.0404238811
1616.5400000000	0.0405737576
1616.5500000000	0.0407307918
1616.5600000000	0.0408464135
1616.5700000000	0.0409906189
1616.5800000000	0.0410772088
1616.5900000000	0.0410592968
1616.6000000000	0.0410016239
1616.6100000000	0.0409351848
1616.6200000000	0.0408375380
1616.6300000000	0.0406607141
1616.6400000000	0.0404640965
1616.6500000000	0.0403291112
1616.6600000000	0.0402217489
1616.6700000000	0.0400690497
1616.6800000000	0.0399346075
1616.6900000000	0.0398995404
1616.7000000000	0.0399141926
1616.7100000000	0.0399398321
1616.7200000000	0.0400030583
1616.7300000000	0.0401143923
1616.7400000000	0.0402897053
1616.7500000000	0.0404881654
1616.7600000000	0.0406902845
1616.7700000000	0.0409159249
1616.7800000000	0.0411329643
1616.7900000000	0.0413383466
1616.8000000000	0.0414118917
1616.8100000000	0.0414624336
1616.8200000000	0.0414991930
1616.8300000000	0.0414258362
1616.8400000000	0.0412916758
1616.8500000000	0.0411246655
1616.8600000000	0.0409851044
1616.8700000000	0.0409202538
1616.8800000000	0.0408786094
1616.8900000000	0.0408373160
1616.9000000000	0.0408312431
1616.9100000000	0.0408762919
1616.9200000000	0.0409111804
1616.9300000000	0.0409108568
1616.9400000000	0.0409600053
1616.9500000000	0.0410933497
1616.9600000000	0.0412351086
1616.9700000000	0.0413371178
1616.9800000000	0.0414717251
1616.9900000000	0.0416186705
1617.0000000000	0.0416816284
1617.0100000000	0.0416451718
1617.0200000000	0.0415737576
1617.0300000000	0.0414514814
1617.0400000000	0.0412786347
1617.0500000000	0.0411283195
1617.0600000000	0.0410071476
1617.0700000000	0.0409253007
1617.0800000000	0.0409197588
1617.0900000000	0.0409229418
1617.1000000000	0.0409551235
1617.1100000000	0.0409837518
1617.1200000000	0.0410962104
1617.1300000000	0.0411950068
1617.1400000000	0.0412697186
1617.1500000000	0.0414245115
1617.1600000000	0.0415969533
1617.1700000000	0.0417573038
1617.1800000000	0.0419803995
1617.1900000000	0.0421836026
1617.2000000000	0.0422915036
1617.2100000000	0.0422458368
1617.2200000000	0.0421066314
1617.2300000000	0.0419145643
1617.2400000000	0.0416906427
1617.2500000000	0.0415002440
1617.2600000000	0.0413124783
1617.2700000000	0.0411086146
1617.2800000000	0.0409268822
1617.2900000000	0.0407950500
1617.3000000000	0.0406833110
1617.3100000000	0.0405827103
1617.3200000000	0.0405501460
1617.3300000000	0.0405908333
1617.3400000000	0.0406842133
1617.3500000000	0.0408193880
1617.3600000000	0.0410217351
1617.3700000000	0.0412830669
1617.3800000000	0.0415407298
1617.3900000000	0.0418135428
1617.4000000000	0.0420257588
1617.4100000000	0.0421800143
1617.4200000000	0.0423330125
1617.4300000000	0.0425033353
1617.4400000000	0.0425518279
1617.4500000000	0.0424966145
1617.4600000000	0.0424796013
1617.4700000000	0.0424006448
1617.4800000000	0.0422594951
1617.4900000000	0.0421961846
1617.5000000000	0.0421745221
1617.5100000000	0.0421740510
1617.5200000000	0.0422320986
1617.5300000000	0.0423286929
1617.5400000000	0.0424717127
1617.5500000000	0.0426458889
1617.5600000000	0.0428506309
1617.5700000000	0.0430776945
1617.5800000000	0.0433006048
1617.5900000000	0.0435264397
1617.6000000000	0.0437512252
1617.6100000000	0.0439317133
1617.6200000000	0.0440554146
1617.6300000000	0.0441623746
1617.6400000000	0.0442211008
1617.6500000000	0.0442367751
1617.6600000000	0.0442278403
1617.6700000000	0.0441108723
1617.6800000000	0.0439206749
1617.6900000000	0.0437380196
1617.7000000000	0.0435731649
1617.7100000000	0.0433522728
1617.7200000000	0.0431566948
1617.7300000000	0.0430510793
1617.7400000000	0.0429859456
1617.7500000000	0.0429757708
1617.7600000000	0.0429300249
1617.7700000000	0.0428894781
1617.7800000000	0.0429200223
1617.7900000000	0.0429321963
1617.8000000000	0.0429585463
1617.8100000000	0.0430478976
1617.8200000000	0.0431640161
1617.8300000000	0.0432038279
1617.8400000000	0.0431162174
1617.8500000000	0.0429897255
1617.8600000000	0.0428591240
1617.8700000000	0.0426706573
1617.8800000000	0.0424675440
1617.8900000000	0.0423336145
1617.9000000000	0.0422144185
1617.9100000000	0.0420949623
1617.9200000000	0.0420617103
1617.9300000000	0.0420417222
1617.9400000000	0.0419495979
1617.9500000000	0.0419163224
1617.9600000000	0.0419775673
1617.9700000000	0.0420018569
1617.9800000000	0.0421518613
1617.9900000000	0.0424292595
1618.0000000000	0.0427387507
1618.0100000000	0.0429944123
1618.0200000000	0.0432324593
1618.0300000000	0.0434486785
1618.0400000000	0.0436286137
1618.0500000000	0.0437924358
1618.0600000000	0.0439170825
1618.0700000000	0.0440012244
1618.0800000000	0.0440465510
1618.0900000000	0.0440708654
1618.1000000000	0.0440654156
1618.1100000000	0.0440219862
1618.1200000000	0.0439748697
1618.1300000000	0.0439503312
1618.1400000000	0.0439414211
1618.1500000000	0.0439408813
1618.1600000000	0.0439260395
1618.1700000000	0.0438888567
1618.1800000000	0.0439028519
1618.1900000000	0.0439939572
1618.2000000000	0.0440890659
1618.2100000000	0.0442013366
1618.2200000000	0.0442583303
1618.2300000000	0.0441905380
1618.2400000000	0.0440205576
1618.2500000000	0.0439002058
1618.2600000000	0.0437332650
1618.2700000000	0.0435111257
1618.2800000000	0.0434215471
1618.2900000000	0.0434238374
1618.3000000000	0.0433718037
1618.3100000000	0.0434146370
1618.3200000000	0.0434705180
1618.3300000000	0.0435342262
1618.3400000000	0.0436553158
1618.3500000000	0.0437947801
1618.3600000000	0.0439466868
1618.3700000000	0.0441136744
1618.3800000000	0.0443184706
1618.3900000000	0.0444691475
1618.4000000000	0.0446026700
1618.4100000000	0.0447574737
1618.4200000000	0.0448328697
1618.4300000000	0.0448440733
1618.4400000000	0.0448440733
1618.4500000000	0.0448697893
1618.4600000000	0.0448390660
1618.4700000000	0.0446602891
1618.4800000000	0.0444414691
1618.4900000000	0.0441775956
1618.5000000000	0.0438593728
1618.5100000000	0.0435297094
1618.5200000000	0.0432844281
1618.5300000000	0.0430777633
1618.5400000000	0.0428711862
1618.5500000000	0.0426880334
1618.5600000000	0.0425142202
1618.5700000000	0.0424060775
1618.5800000000	0.0423483580
1618.5900000000	0.0423480941
1618.6000000000	0.0424645614
1618.6100000000	0.0426767230
1618.6200000000	0.0429190661
1618.6300000000	0.0432069336
1618.6400000000	0.0435134288
1618.6500000000	0.0438555628
1618.6600000000	0.0442272588
1618.6700000000	0.0445530109
1618.6800000000	0.0447922284
1618.6900000000	0.0449524704
1618.7000000000	0.0450309514
1618.7100000000	0.0450173307
1618.7200000000	0.0449289905
1618.7300000000	0.0447971439
1618.7400000000	0.0446902163
1618.7500000000	0.0446746056
1618.7600000000	0.0446806713
1618.7700000000	0.0445823447
1618.7800000000	0.0444997495
1618.7900000000	0.0444246627
1618.8000000000	0.0443763940
1618.8100000000	0.0444164387
1618.8200000000	0.0445240621
1618.8300000000	0.0446896750
1618.8400000000	0.0449455800
1618.8500000000	0.0451802805
1618.8600000000	0.0453811766
1618.8700000000	0.0455549777
1618.8800000000	0.0456609221
1618.8900000000	0.0456994964
1618.9000000000	0.0457695647
1618.9100000000	0.0458834743
1618.9200000000	0.0459880961
1618.9300000000	0.0460680563
1618.9400000000	0.0461362225
1618.9500000000	0.0462392552
1618.9600000000	0.0462356789
1618.9700000000	0.0461299954
1618.9800000000	0.0459771232
1618.9900000000	0.0459094362
1619.0000000000	0.0458736796
1619.0100000000	0.0457702717
1619.0200000000	0.0456556801
1619.0300000000	0.0455585625
1619.0400000000	0.0454261663
1619.0500000000	0.0452259374
1619.0600000000	0.0450079849
1619.0700000000	0.0448543775
1619.0800000000	0.0447288844
1619.0900000000	0.0445437981
1619.1000000000	0.0443798849
1619.1100000000	0.0443008003
1619.1200000000	0.0442565988
1619.1300000000	0.0442920952
1619.1400000000	0.0444428521
1619.1500000000	0.0446411704
1619.1600000000	0.0448754530
1619.1700000000	0.0451647509
1619.1800000000	0.0453973385
1619.1900000000	0.0455556001
1619.2000000000	0.0457066390
1619.2100000000	0.0459028198
1619.2200000000	0.0460990078
1619.2300000000	0.0462291705
1619.2400000000	0.0463455708
1619.2500000000	0.0464551147
1619.2600000000	0.0464560652
1619.2700000000	0.0463348516
1619.2800000000	0.0462422784
1619.2900000000	0.0462008063
1619.3000000000	0.0461634390
1619.3100000000	0.0461155272
1619.3200000000	0.0460483083
1619.3300000000	0.0460096926
1619.3400000000	0.0459984745
1619.3500000000	0.0459665744
1619.3600000000	0.0459410568
1619.3700000000	0.0459367092
1619.3800000000	0.0460078323
1619.3900000000	0.0460983635
1619.4000000000	0.0461784563
1619.4100000000	0.0462920498
1619.4200000000	0.0464328199
1619.4300000000	0.0465516802
1619.4400000000	0.0465331549
1619.4500000000	0.0465115811
1619.4600000000	0.0465826116
1619.4700000000	0.0466087814
1619.4800000000	0.0465541602
1619.4900000000	0.0464526098
1619.5000000000	0.0463205824
1619.5100000000	0.0460936821
1619.5200000000	0.0458052365
1619.5300000000	0.0456231060
1619.5400000000	0.0455502735
1619.5500000000	0.0454912406
1619.5600000000	0.0454964048
1619.5700000000	0.0456793144
1619.5800000000	0.0458672120
1619.5900000000	0.0459781264
1619.6000000000	0.0460753794
1619.6100000000	0.0461974068
1619.6200000000	0.0463865949
1619.6300000000	0.0466354790
1619.6400000000	0.0468350063
1619.6500000000	0.0470055795
1619.6600000000	0.0472152796
1619.6700000000	0.0473707253
1619.6800000000	0.0474500542
1619.6900000000	0.0475155170
1619.7000000000	0.0475699188
1619.7100000000	0.0476065397
1619.7200000000	0.0475822695
1619.7300000000	0.0474379087
1619.7400000000	0.0473074858
1619.7500000000	0.0472099653
1619.7600000000	0.0471238231
1619.7700000000	0.0471311890
1619.7800000000	0.0471612175
1619.7900000000	0.0471421251
1619.8000000000	0.0470524240
1619.8100000000	0.0469164005
1619.8200000000	0.0468061480
1619.8300000000	0.0466804586
1619.8400000000	0.0466248224
1619.8500000000	0.0465980958
1619.8600000000	0.0466544322
1619.8700000000	0.0467491429
1619.8800000000	0.0468088201
1619.8900000000	0.0468044789
1619.9000000000	0.0467257584
1619.9100000000	0.0466374543
1619.9200000000	0.0465622458
1619.9300000000	0.0464372263
1619.9400000000	0.0463535025
1619.9500000000	0.0463208678
1619.9600000000	0.0463297196
1619.9700000000	0.0463379315
1619.9800000000	0.0463807057
1619.9900000000	0.0463724961
1620.0000000000	0.0463801579
1620.0100000000	0.0464647773
1620.0200000000	0.0465405432
1620.0300000000	0.0466277196
1620.0400000000	0.0467409443
1620.0500000000	0.0467963073
1620.0600000000	0.0467596224
1620.0700000000	0.0467566514
1620.0800000000	0.0468080343
1620.0900000000	0.0468175444
1620.1000000000	0.0467676294
1620.1100000000	0.0467390964
1620.1200000000	0.0466976217
1620.1300000000	0.0465908572
1620.1400000000	0.0464191594
1620.1500000000	0.0462659367
1620.1600000000	0.0462023047
1620.1700000000	0.0462233738
1620.1800000000	0.0463294272
1620.1900000000	0.0464546912
1620.2000000000	0.0466113413
1620.2100000000	0.0468216477
1620.2200000000	0.0470338236
1620.2300000000	0.0472401821
1620.2400000000	0.0474931681
1620.2500000000	0.0478416577
1620.2600000000	0.0481439552
1620.2700000000	0.0483584153
1620.2800000000	0.0485677615
1620.2900000000	0.0487158902
1620.3000000000	0.0487683723
1620.3100000000	0.0487913355
1620.3200000000	0.0487910406
1620.3300000000	0.0487270863
1620.3400000000	0.0485344887
1620.3500000000	0.0483159396
1620.3600000000	0.0480925625
1620.3700000000	0.0479138554
1620.3800000000	0.0478128761
1620.3900000000	0.0477120600
1620.4000000000	0.0477358962
1620.4100000000	0.0478652096
1620.4200000000	0.0480098152
1620.4300000000	0.0480573442
1620.4400000000	0.0481581471
1620.4500000000	0.0482640571
1620.4600000000	0.0482670366
1620.4700000000	0.0482307713
1620.4800000000	0.0482199147
1620.4900000000	0.0483269040
1620.5000000000	0.0484197347
1620.5100000000	0.0483630694
1620.5200000000	0.0482708504
1620.5300000000	0.0481576503
1620.5400000000	0.0480201861
1620.5500000000	0.0478662727
1620.5600000000	0.0477023866
1620.5700000000	0.0475833465
1620.5800000000	0.0475211614
1620.5900000000	0.0475181273
1620.6000000000	0.0474978226
1620.6100000000	0.0474524131
1620.6200000000	0.0474919728
1620.6300000000	0.0475478810
1620.6400000000	0.0475909077
1620.6500000000	0.0477107185
1620.6600000000	0.0477844134
1620.6700000000	0.0477950344
1620.6800000000	0.0478056202
1620.6900000000	0.0478573257
1620.7000000000	0.0478510857
1620.7100000000	0.0478260919
1620.7200000000	0.0478395911
1620.7300000000	0.0478475085
1620.7400000000	0.0477806014
1620.7500000000	0.0476044099
1620.7600000000	0.0473929898
1620.7700000000	0.0472468212
1620.7800000000	0.0471754158
1620.7900000000	0.0471115074
1620.8000000000	0.0470261116
1620.8100000000	0.0470517455
1620.8200000000	0.0471256503
1620.8300000000	0.0471931881
1620.8400000000	0.0472446543
1620.8500000000	0.0472825057
1620.8600000000	0.0474446553
1620.8700000000	0.0476132948
1620.8800000000	0.0478177614
1620.8900000000	0.0480365015
1620.9000000000	0.0482460253
1620.9100000000	0.0484830963
1620.9200000000	0.0486741544
1620.9300000000	0.0486557308
1620.9400000000	0.0486484278
1620.9500000000	0.0485425051
1620.9600000000	0.0483402149
1620.9700000000	0.0481395114
1620.9800000000	0.0479808264
1620.9900000000	0.0478768426
1621.0000000000	0.0478454648
1621.0100000000	0.0479084369
1621.0200000000	0.0480430314
1621.0300000000	0.0481478186
1621.0400000000	0.0481616533
1621.0500000000	0.0483655438
1621.0600000000	0.0485027730
1621.0700000000	0.0485710019
1621.0800000000	0.0486178312
1621.0900000000	0.0487095810
1621.1000000000	0.0488658734
1621.1100000000	0.0490184045
1621.1200000000	0.0492029436
1621.1300000000	0.0492854297
1621.1400000000	0.0492533201
1621.1500000000	0.0492826749
1621.1600000000	0.0491959775
1621.1700000000	0.0489398317
1621.1800000000	0.0486899921
1621.1900000000	0.0485246233
1621.2000000000	0.0484256264
1621.2100000000	0.0483135187
1621.2200000000	0.0482946689
1621.2300000000	0.0483151003
1621.2400000000	0.0483552342
1621.2500000000	0.0485455379
1621.2600000000	0.0486603923
1621.2700000000	0.0487593750
1621.2800000000	0.0489928663
1621.2900000000	0.0492412030
1621.3000000000	0.0493323752
1621.3100000000	0.0494632473
1621.3200000000	0.0497218521
1621.3300000000	0.0498338963
1621.3400000000	0.0498921031
1621.3500000000	0.0500020359
1621.3600000000	0.0500948320
1621.3700000000	0.0499856409
1621.3800000000	0.0497700817
1621.3900000000	0.0496502122
1621.4000000000	0.0493884179
1621.4100000000	0.0491122867
1621.4200000000	0.0489529529
1621.4300000000	0.0487623363
1621.4400000000	0.0486355530
1621.4500000000	0.0485440214
1621.4600000000	0.0484676075
1621.4700000000	0.0483464051
1621.4800000000	0.0483106497
1621.4900000000	0.0483525523
1621.5000000000	0.0482940683
1621.5100000000	0.0483395460
1621.5200000000	0.0486105181
1621.5300000000	0.0487937041
1621.5400000000	0.0487655413
1621.5500000000	0.0489603812
1621.5600000000	0.0491998961
1621.5700000000	0.0492527600
1621.5800000000	0.0492276233
1621.5900000000	0.0492177841
1621.6000000000	0.0491130998
1621.6100000000	0.0491112817
1621.6200000000	0.0490958396
1621.6300000000	0.0489795137
1621.6400000000	0.0489760916
1621.6500000000	0.0491363164
1621.6600000000	0.0492861573
1621.6700000000	0.0493454506
1621.6800000000	0.0494584926
1621.6900000000	0.0496191824
1621.7000000000	0.0497225290
1621.7100000000	0.0498015361
1621.7200000000	0.0499040174
1621.7300000000	0.0500645882
1621.7400000000	0.0502105005
1621.7500000000	0.0503672528
1621.7600000000	0.0504663096
1621.7700000000	0.0504128771
1621.7800000000	0.0503437369
1621.7900000000	0.0501644122
1621.8000000000	0.0499688469
1621.8100000000	0.0498216216
1621.8200000000	0.0498184260
1621.8300000000	0.0498300351
1621.8400000000	0.0498034634
1621.8500000000	0.0498626364
1621.8600000000	0.0499590710
1621.8700000000	0.0500148070
1621.8800000000	0.0501391361
1621.8900000000	0.0502532022
1621.9000000000	0.0503647861
1621.9100000000	0.0504893378
1621.9200000000	0.0506264145
1621.9300000000	0.0507569801
1621.9400000000	0.0509205885
1621.9500000000	0.0510671166
1621.9600000000	0.0511316284
1621.9700000000	0.0511603699
1621.9800000000	0.0511897049
1621.9900000000	0.0511536327
1622.0000000000	0.0509900089
1622.0100000000	0.0507118640
1622.0200000000	0.0505145222
1622.0300000000	0.0504335252
1622.0400000000	0.0502578513
1622.0500000000	0.0500464219
1622.0600000000	0.0498644827
1622.0700000000	0.0497344452
1622.0800000000	0.0495700206
1622.0900000000	0.0494290871
1622.1000000000	0.0492879362
1622.1100000000	0.0492621875
1622.1200000000	0.0493223780
1622.1300000000	0.0493737192
1622.1400000000	0.0495040539
1622.1500000000	0.0496375742
1622.1600000000	0.0497858714
1622.1700000000	0.0499066547
1622.1800000000	0.0500094412
1622.1900000000	0.0501124650
1622.2000000000	0.0501287320
1622.2100000000	0.0500321892
1622.2200000000	0.0499796220
1622.2300000000	0.0498974769
1622.2400000000	0.0497197443
1622.2500000000	0.0495230436
1622.2600000000	0.0493378472
1622.2700000000	0.0491442326
1622.2800000000	0.0489421292
1622.2900000000	0.0487891712
1622.3000000000	0.0486900451
1622.3100000000	0.0486179625
1622.3200000000	0.0484986829
1622.3300000000	0.0484171609
1622.3400000000	0.0484040264
1622.3500000000	0.0484405031
1622.3600000000	0.0485423528
1622.3700000000	0.0486794023
1622.3800000000	0.0489123204
1622.3900000000	0.0491539382
1622.4000000000	0.0492542730
1622.4100000000	0.0493226156
1622.4200000000	0.0493791225
1622.4300000000	0.0495066937
1622.4400000000	0.0496344392
1622.4500000000	0.0497073071
1622.4600000000	0.0497821528
1622.4700000000	0.0498555372
1622.4800000000	0.0499444839
1622.4900000000	0.0500135698
1622.5000000000	0.0500255157
1622.5100000000	0.0499948707
1622.5200000000	0.0499693297
1622.5300000000	0.0499487508
1622.5400000000	0.0498978465
1622.5500000000	0.0498649221
1622.5600000000	0.0498669682
1622.5700000000	0.0498460532
1622.5800000000	0.0498471498
1622.5900000000	0.0499033663
1622.6000000000	0.0500121341
1622.6100000000	0.0501124822
1622.6200000000	0.0501344155
1622.6300000000	0.0501651652
1622.6400000000	0.0502788651
1622.6500000000	0.0504381598
1622.6600000000	0.0505469173
1622.6700000000	0.0507017918
1622.6800000000	0.0509612172
1622.6900000000	0.0511096074
1622.7000000000	0.0511319879
1622.7100000000	0.0510208080
1622.7200000000	0.0508886354
1622.7300000000	0.0507263500
1622.7400000000	0.0505138315
1622.7500000000	0.0503690584
1622.7600000000	0.0502937537
1622.7700000000	0.0502650042
1622.7800000000	0.0502223319
1622.7900000000	0.0501255841
1622.8000000000	0.0500482979
1622.8100000000	0.0499272269
1622.8200000000	0.0497251087
1622.8300000000	0.0495797487
1622.8400000000	0.0495330975
1622.8500000000	0.0495870582
1622.8600000000	0.0496392715
1622.8700000000	0.0497009078
1622.8800000000	0.0498029003
1622.8900000000	0.0499150753
1622.9000000000	0.0500012388
1622.9100000000	0.0500250756
1622.9200000000	0.0500078583
1622.9300000000	0.0499819191
1622.9400000000	0.0499313471
1622.9500000000	0.0497683363
1622.9600000000	0.0495971357
1622.9700000000	0.0495123631
1622.9800000000	0.0493720134
1622.9900000000	0.0492169335
1623.0000000000	0.0490465709
1623.0100000000	0.0488948533
1623.0200000000	0.0486887787
1623.0300000000	0.0484775246
1623.0400000000	0.0482861081
1623.0500000000	0.0481455062
1623.0600000000	0.0481109303
1623.0700000000	0.0481215855
1623.0800000000	0.0482151868
1623.0900000000	0.0483908845
1623.1000000000	0.0485779513
1623.1100000000	0.0487492093
1623.1200000000	0.0488680366
1623.1300000000	0.0489730551
1623.1400000000	0.0491487521
1623.1500000000	0.0493070598
1623.1600000000	0.0493178594
1623.1700000000	0.0492746328
1623.1800000000	0.0492886559
1623.1900000000	0.0492956314
1623.2000000000	0.0492525841
1623.2100000000	0.0491243280
1623.2200000000	0.0490330770
1623.2300000000	0.0489859561
1623.2400000000	0.0488839634
1623.2500000000	0.0487500831
1623.2600000000	0.0486551301
1623.2700000000	0.0485245491
1623.2800000000	0.0484612331
1623.2900000000	0.0484812706
1623.3000000000	0.0486229587
1623.3100000000	0.0488247318
1623.3200000000	0.0489651156
1623.3300000000	0.0491387829
1623.3400000000	0.0492660968
1623.3500000000	0.0493554880
1623.3600000000	0.0493538467
1623.3700000000	0.0492886955
1623.3800000000	0.0492812258
1623.3900000000	0.0492677324
1623.4000000000	0.0492418273
1623.4100000000	0.0492217350
1623.4200000000	0.0491745532
1623.4300000000	0.0490629041
1623.4400000000	0.0488929641
1623.4500000000	0.0487318314
1623.4600000000	0.0486238932
1623.4700000000	0.0485734819
1623.4800000000	0.0485355666
1623.4900000000	0.0484737619
1623.5000000000	0.0484129781
1623.5100000000	0.0484464101
1623.5200000000	0.0484583867
1623.5300000000	0.0483774511
1623.5400000000	0.0482120926
1623.5500000000	0.0480832950
1623.5600000000	0.0478707506
1623.5700000000	0.0475812845
1623.5800000000	0.0473686338
1623.5900000000	0.0472408151
1623.6000000000	0.0471531978
1623.6100000000	0.0471024689
1623.6200000000	0.0471350068
1623.6300000000	0.0471633205
1623.6400000000	0.0471390189
1623.6500000000	0.0470240073
1623.6600000000	0.0468945316
1623.6700000000	0.0468056624
1623.6800000000	0.0467867598
1623.6900000000	0.0468262254
1623.7000000000	0.0469321758
1623.7100000000	0.0471271101
1623.7200000000	0.0473062657
1623.7300000000	0.0473863361
1623.7400000000	0.0473118112
1623.7500000000	0.0472060393
1623.7600000000	0.0470611427
1623.7700000000	0.0468133337
1623.7800000000	0.0465455907
1623.7900000000	0.0463870683
1623.8000000000	0.0462958052
1623.8100000000	0.0462583003
1623.8200000000	0.0462077440
1623.8300000000	0.0460771600
1623.8400000000	0.0459759568
1623.8500000000	0.0458843952
1623.8600000000	0.0457866278
1623.8700000000	0.0457069404
1623.8800000000	0.0456921849
1623.8900000000	0.0457540589
1623.9000000000	0.0458048963
1623.9100000000	0.0458641578
1623.9200000000	0.0459472987
1623.9300000000	0.0460388267
1623.9400000000	0.0460908067
1623.9500000000	0.0460292527
1623.9600000000	0.0458876348
1623.9700000000	0.0456314514
1623.9800000000	0.0452436971
1623.9900000000	0.0447533990
1624.0000000000	0.0442699265
1624.0100000000	0.0438555465
1624.0200000000	0.0434874986
1624.0300000000	0.0431689410
1624.0400000000	0.0429091476
1624.0500000000	0.0426924744
1624.0600000000	0.0425239643
1624.0700000000	0.0423707798
1624.0800000000	0.0423361209
1624.0900000000	0.0424210605
1624.1000000000	0.0425158819
1624.1100000000	0.0426667666
1624.1200000000	0.0429407645
1624.1300000000	0.0432907313
1624.1400000000	0.0436869162
1624.1500000000	0.0441584559
1624.1600000000	0.0446182293
1624.1700000000	0.0450035980
1624.1800000000	0.0452656717
1624.1900000000	0.0454240014
1624.2000000000	0.0454420095
1624.2100000000	0.0453160413
1624.2200000000	0.0451482110
1624.2300000000	0.0449451974
1624.2400000000	0.0447283180
1624.2500000000	0.0445977898
1624.2600000000	0.0444723525
1624.2700000000	0.0443200215
1624.2800000000	0.0442086413
1624.2900000000	0.0441390821
1624.3000000000	0.0440631015
1624.3100000000	0.0439798474
1624.3200000000	0.0439739580
1624.3300000000	0.0440353025
1624.3400000000	0.0441806513
1624.3500000000	0.0443241042
1624.3600000000	0.0443953431
1624.3700000000	0.0444095185
1624.3800000000	0.0443116775
1624.3900000000	0.0440412090
1624.4000000000	0.0436516366
1624.4100000000	0.0432151161
1624.4200000000	0.0427513599
1624.4300000000	0.0423216909
1624.4400000000	0.0418504761
1624.4500000000	0.0414026872
1624.4600000000	0.0410744209
1624.4700000000	0.0408140707
1624.4800000000	0.0405775896
1624.4900000000	0.0404372246
1624.5000000000	0.0404350952
1624.5100000000	0.0405053564
1624.5200000000	0.0405760185
1624.5300000000	0.0407213551
1624.5400000000	0.0409224146
1624.5500000000	0.0411169705
1624.5600000000	0.0412780044
1624.5700000000	0.0413969214
1624.5800000000	0.0414214673
1624.5900000000	0.0413037649
1624.6000000000	0.0409622488
1624.6100000000	0.0406130764
1624.6200000000	0.0401882021
1624.6300000000	0.0396693986
1624.6400000000	0.0391585605
1624.6500000000	0.0386578491
1624.6600000000	0.0382736087
1624.6700000000	0.0379665029
1624.6800000000	0.0376156547
1624.6900000000	0.0372620170
1624.7000000000	0.0370928363
1624.7100000000	0.0370720809
1624.7200000000	0.0371184488
1624.7300000000	0.0373279505
1624.7400000000	0.0376501230
1624.7500000000	0.0379527335
1624.7600000000	0.0382054738
1624.7700000000	0.0384591211
1624.7800000000	0.0386816628
1624.7900000000	0.0387968916
1624.8000000000	0.0387853328
1624.8100000000	0.0386480195
1624.8200000000	0.0384163376
1624.8300000000	0.0380950106
1624.8400000000	0.0376800389
1624.8500000000	0.0372168554
1624.8600000000	0.0367873720
1624.8700000000	0.0364149577
1624.8800000000	0.0360245950
1624.8900000000	0.0356686618
1624.9000000000	0.0354791521
1624.9100000000	0.0353734894
1624.9200000000	0.0352358839
1624.9300000000	0.0351580200
1624.9400000000	0.0352061165
1624.9500000000	0.0353018312
1624.9600000000	0.0354496667
1624.9700000000	0.0356483216
1624.9800000000	0.0358926053
1624.9900000000	0.0360975210
1625.0000000000	0.0362334731
1625.0100000000	0.0362739162
1625.0200000000	0.0362082407
1625.0300000000	0.0361273844
1625.0400000000	0.0360709346
1625.0500000000	0.0359964633
1625.0600000000	0.0359589030
1625.0700000000	0.0359771376
1625.0800000000	0.0360402189
1625.0900000000	0.0361266316
1625.1000000000	0.0362652063
1625.1100000000	0.0365259669
1625.1200000000	0.0368445588
1625.1300000000	0.0371064660
1625.1400000000	0.0373295200
1625.1500000000	0.0375770817
1625.1600000000	0.0377972361
1625.1700000000	0.0380033845
1625.1800000000	0.0381642979
1625.1900000000	0.0382679888
1625.2000000000	0.0382114822
1625.2100000000	0.0381305047
1625.2200000000	0.0378506408
1625.2300000000	0.0374980752
1625.2400000000	0.0371542702
1625.2500000000	0.0367181771
1625.2600000000	0.0363948187
1625.2700000000	0.0362838277
1625.2800000000	0.0363784299
1625.2900000000	0.0365303905
1625.3000000000	0.0367770884
1625.3100000000	0.0372129702
1625.3200000000	0.0377129773
1625.3300000000	0.0382764359
1625.3400000000	0.0388923627
1625.3500000000	0.0394991369
1625.3600000000	0.0401037617
1625.3700000000	0.0406715858
1625.3800000000	0.0411185263
1625.3900000000	0.0414945831
1625.4000000000	0.0418174860
1625.4100000000	0.0418875133
1625.4200000000	0.0417689143
1625.4300000000	0.0416027234
1625.4400000000	0.0413708524
1625.4500000000	0.0410540194
1625.4600000000	0.0407317535
1625.4700000000	0.0404840736
1625.4800000000	0.0403109786
1625.4900000000	0.0402444188
1625.5000000000	0.0403785290
1625.5100000000	0.0406732446
1625.5200000000	0.0410723253
1625.5300000000	0.0416446888
1625.5400000000	0.0422618097
1625.5500000000	0.0428035473
1625.5600000000	0.0433377271
1625.5700000000	0.0438886931
1625.5800000000	0.0443767226
1625.5900000000	0.0448088701
1625.6000000000	0.0451643040
1625.6100000000	0.0453529133
1625.6200000000	0.0454480043
1625.6300000000	0.0453872566
1625.6400000000	0.0452617733
1625.6500000000	0.0450764804
1625.6600000000	0.0449023680
1625.6700000000	0.0447879260
1625.6800000000	0.0447713683
1625.6900000000	0.0449375249
1625.7000000000	0.0451778104
1625.7100000000	0.0455191872
1625.7200000000	0.0460039160
1625.7300000000	0.0466275615
1625.7400000000	0.0473157016
1625.7500000000	0.0478942289
1625.7600000000	0.0485092886
1625.7700000000	0.0490499508
1625.7800000000	0.0495140869
1625.7900000000	0.0499063596
1625.8000000000	0.0501349190
1625.8100000000	0.0502703795
1625.8200000000	0.0504522423
1625.8300000000	0.0504753080
1625.8400000000	0.0503528543
1625.8500000000	0.0501541536
1625.8600000000	0.0499606467
1625.8700000000	0.0497713734
1625.8800000000	0.0496268162
1625.8900000000	0.0495866630
1625.9000000000	0.0498203357
1625.9100000000	0.0501465717
1625.9200000000	0.0506956218
1625.9300000000	0.0513578648
1625.9400000000	0.0519998856
1625.9500000000	0.0525884427
1625.9600000000	0.0531359885
1625.9700000000	0.0536039588
1625.9800000000	0.0539671207
1625.9900000000	0.0541740617
1626.0000000000	0.0542702007
1626.0100000000	0.0543512472
1626.0200000000	0.0542589103
1626.0300000000	0.0539821004
1626.0400000000	0.0535961231
1626.0500000000	0.0532568962
1626.0600000000	0.0528667017
1626.0700000000	0.0524105813
1626.0800000000	0.0519559989
1626.0900000000	0.0517106172
1626.1000000000	0.0516607318
1626.1100000000	0.0516909506
1626.1200000000	0.0518305341
1626.1300000000	0.0520977251
1626.1400000000	0.0525494735
1626.1500000000	0.0530825941
1626.1600000000	0.0535755338
1626.1700000000	0.0540120080
1626.1800000000	0.0543213529
1626.1900000000	0.0545417147
1626.2000000000	0.0547073189
1626.2100000000	0.0547490785
1626.2200000000	0.0547177886
1626.2300000000	0.0545656043
1626.2400000000	0.0543392015
1626.2500000000	0.0540280458
1626.2600000000	0.0536084552
1626.2700000000	0.0531352140
1626.2800000000	0.0526819350
1626.2900000000	0.0523131290
1626.3000000000	0.0521009492
1626.3100000000	0.0520505518
1626.3200000000	0.0521515454
1626.3300000000	0.0525073706
1626.3400000000	0.0531323072
1626.3500000000	0.0538121724
1626.3600000000	0.0545408899
1626.3700000000	0.0552559906
1626.3800000000	0.0559475257
1626.3900000000	0.0566508814
1626.4000000000	0.0572381581
1626.4100000000	0.0575538866
1626.4200000000	0.0577940271
1626.4300000000	0.0579985253
1626.4400000000	0.0579340558
1626.4500000000	0.0579085111
1626.4600000000	0.0576080751
1626.4700000000	0.0571676910
1626.4800000000	0.0566362559
1626.4900000000	0.0561258479
1626.5000000000	0.0557597178
1626.5100000000	0.0554652135
1626.5200000000	0.0552675599
1626.5300000000	0.0552425464
1626.5400000000	0.0554235303
1626.5500000000	0.0558095705
1626.5600000000	0.0563306175
1626.5700000000	0.0569050706
1626.5800000000	0.0573941160
1626.5900000000	0.0577680583
1626.6000000000	0.0580818426
1626.6100000000	0.0583296058
1626.6200000000	0.0585033969
1626.6300000000	0.0585873376
1626.6400000000	0.0584607009
1626.6500000000	0.0582143627
1626.6600000000	0.0580261451
1626.6700000000	0.0577558639
1626.6800000000	0.0572736782
1626.6900000000	0.0567332674
1626.7000000000	0.0563208676
1626.7100000000	0.0559683357
1626.7200000000	0.0556585726
1626.7300000000	0.0555597697
1626.7400000000	0.0556284287
1626.7500000000	0.0558815643
1626.7600000000	0.0561881835
1626.7700000000	0.0565852012
1626.7800000000	0.0571124530
1626.7900000000	0.0576529542
1626.8000000000	0.0580602211
1626.8100000000	0.0583834770
1626.8200000000	0.0586525573
1626.8300000000	0.0588112623
1626.8400000000	0.0588386654
1626.8500000000	0.0587658242
1626.8600000000	0.0586388583
1626.8700000000	0.0584340018
1626.8800000000	0.0581307128
1626.8900000000	0.0577660090
1626.9000000000	0.0573863731
1626.9100000000	0.0569336102
1626.9200000000	0.0564708982
1626.9300000000	0.0561486595
1626.9400000000	0.0558989551
1626.9500000000	0.0558217686
1626.9600000000	0.0558811153
1626.9700000000	0.0560437661
1626.9800000000	0.0563333587
1626.9900000000	0.0567620003
1627.0000000000	0.0572284033
1627.0100000000	0.0575733582
1627.0200000000	0.0578914320
1627.0300000000	0.0581201240
1627.0400000000	0.0583233975
1627.0500000000	0.0583952966
1627.0600000000	0.0584443681
1627.0700000000	0.0585537401
1627.0800000000	0.0585375224
1627.0900000000	0.0584894547
1627.1000000000	0.0584107560
1627.1100000000	0.0583862731
1627.1200000000	0.0582712988
1627.1300000000	0.0581094696
1627.1400000000	0.0580396448
1627.1500000000	0.0580368640
1627.1600000000	0.0581211130
1627.1700000000	0.0583599443
1627.1800000000	0.0587838367
1627.1900000000	0.0592068308
1627.2000000000	0.0595435748
1627.2100000000	0.0598805695
1627.2200000000	0.0602219066
1627.2300000000	0.0604898969
1627.2400000000	0.0606689877
1627.2500000000	0.0607050824
1627.2600000000	0.0607363328
1627.2700000000	0.0608492602
1627.2800000000	0.0608664102
1627.2900000000	0.0608054845
1627.3000000000	0.0606956233
1627.3100000000	0.0605713907
1627.3200000000	0.0603049780
1627.3300000000	0.0600414714
1627.3400000000	0.0598163758
1627.3500000000	0.0597288519
1627.3600000000	0.0597087079
1627.3700000000	0.0597497055
1627.3800000000	0.0599438627
1627.3900000000	0.0601508800
1627.4000000000	0.0602611839
1627.4100000000	0.0603192549
1627.4200000000	0.0603862197
1627.4300000000	0.0604174156
1627.4400000000	0.0604025961
1627.4500000000	0.0602983699
1627.4600000000	0.0601544558
1627.4700000000	0.0600704290
1627.4800000000	0.0598992202
1627.4900000000	0.0596224726
1627.5000000000	0.0593245316
1627.5100000000	0.0590201112
1627.5200000000	0.0587310016
1627.5300000000	0.0584493712
1627.5400000000	0.0581668487
1627.5500000000	0.0579563335
1627.5600000000	0.0578714356
1627.5700000000	0.0578929228
1627.5800000000	0.0579749615
1627.5900000000	0.0581952450
1627.6000000000	0.0584650198
1627.6100000000	0.0586402759
1627.6200000000	0.0586962986
1627.6300000000	0.0586212954
1627.6400000000	0.0585147303
1627.6500000000	0.0583911696
1627.6600000000	0.0581129427
1627.6700000000	0.0578177241
1627.6800000000	0.0575927417
1627.6900000000	0.0573399293
1627.7000000000	0.0568614387
1627.7100000000	0.0563529161
1627.7200000000	0.0559372521
1627.7300000000	0.0554554166
1627.7400000000	0.0550568565
1627.7500000000	0.0547708145
1627.7600000000	0.0546526044
1627.7700000000	0.0546434913
1627.7800000000	0.0548328539
1627.7900000000	0.0552116577
1627.8000000000	0.0556488538
1627.8100000000	0.0560794888
1627.8200000000	0.0566280329
1627.8300000000	0.0572993526
1627.8400000000	0.0578571469
1627.8500000000	0.0583523913
1627.8600000000	0.0587035234
1627.8700000000	0.0589769192
1627.8800000000	0.0591918449
1627.8900000000	0.0592028247
1627.9000000000	0.0591113669
1627.9100000000	0.0590348857
1627.9200000000	0.0589430362
1627.9300000000	0.0587933125
1627.9400000000	0.0585294406
1627.9500000000	0.0582763749
1627.9600000000	0.0579967985
1627.9700000000	0.0577171030
1627.9800000000	0.0575462232
1627.9900000000	0.0575374665
1628.0000000000	0.0576171501
1628.0100000000	0.0576609321
1628.0200000000	0.0578289383
1628.0300000000	0.0580969366
1628.0400000000	0.0582729773
1628.0500000000	0.0583689239
1628.0600000000	0.0584269285
1628.0700000000	0.0584558780
1628.0800000000	0.0584781890
1628.0900000000	0.0585063106
1628.1000000000	0.0585265460
1628.1100000000	0.0584856062
1628.1200000000	0.0584965053
1628.1300000000	0.0585100588
1628.1400000000	0.0584092847
1628.1500000000	0.0583289389
1628.1600000000	0.0582689151
1628.1700000000	0.0581110123
1628.1800000000	0.0579680801
1628.1900000000	0.0578735546
1628.2000000000	0.0579565014
1628.2100000000	0.0581215010
1628.2200000000	0.0582277085
1628.2300000000	0.0582950717
1628.2400000000	0.0582513840
1628.2500000000	0.0581193756
1628.2600000000	0.0578903477
1628.2700000000	0.0575593198
1628.2800000000	0.0572007478
1628.2900000000	0.0568626045
1628.3000000000	0.0565494875
1628.3100000000	0.0562592970
1628.3200000000	0.0560085875
1628.3300000000	0.0557317458
1628.3400000000	0.0554654207
1628.3500000000	0.0551847968
1628.3600000000	0.0549070015
1628.3700000000	0.0546120829
1628.3800000000	0.0543943578
1628.3900000000	0.0544226554
1628.4000000000	0.0546774402
1628.4100000000	0.0550283368
1628.4200000000	0.0554670504
1628.4300000000	0.0560324851
1628.4400000000	0.0567007159
1628.4500000000	0.0572971211
1628.4600000000	0.0578199251
1628.4700000000	0.0582976644
1628.4800000000	0.0584956966
1628.4900000000	0.0585114663
1628.5000000000	0.0585874637
1628.5100000000	0.0583687325
1628.5200000000	0.0580029451
1628.5300000000	0.0576473256
1628.5400000000	0.0571652042
1628.5500000000	0.0566590585
1628.5600000000	0.0562709048
1628.5700000000	0.0558204804
1628.5800000000	0.0554295811
1628.5900000000	0.0552845959
1628.6000000000	0.0553543177
1628.6100000000	0.0554618274
1628.6200000000	0.0557386489
1628.6300000000	0.0563221481
1628.6400000000	0.0569433189
1628.6500000000	0.0575766486
1628.6600000000	0.0582676129
1628.6700000000	0.0588919514
1628.6800000000	0.0593440484
1628.6900000000	0.0596717588
1628.7000000000	0.0599431535
1628.7100000000	0.0599547463
1628.7200000000	0.0597739572
1628.7300000000	0.0596015084
1628.7400000000	0.0592671217
1628.7500000000	0.0586831469
1628.7600000000	0.0582277869
1628.7700000000	0.0578968334
1628.7800000000	0.0574339938
1628.7900000000	0.0569280207
1628.8000000000	0.0566653327
1628.8100000000	0.0563860401
1628.8200000000	0.0560939811
1628.8300000000	0.0561111056
1628.8400000000	0.0562812251
1628.8500000000	0.0564415876
1628.8600000000	0.0567445067
1628.8700000000	0.0571443522
1628.8800000000	0.0574191135
1628.8900000000	0.0576131633
1628.9000000000	0.0578236541
1628.9100000000	0.0577566687
1628.9200000000	0.0575260826
1628.9300000000	0.0573579647
1628.9400000000	0.0571445678
1628.9500000000	0.0567962760
1628.9600000000	0.0565467567
1628.9700000000	0.0563323645
1628.9800000000	0.0559249559
1628.9900000000	0.0555417962
1629.0000000000	0.0553053353
1629.0100000000	0.0551514001
1629.0200000000	0.0549462598
1629.0300000000	0.0549458872
1629.0400000000	0.0551642549
1629.0500000000	0.0553871820
1629.0600000000	0.0556582047
1629.0700000000	0.0561026098
1629.0800000000	0.0565256545
1629.0900000000	0.0567412601
1629.1000000000	0.0569609042
1629.1100000000	0.0571453869
1629.1200000000	0.0571402138
1629.1300000000	0.0569924902
1629.1400000000	0.0567566889
1629.1500000000	0.0564358038
1629.1600000000	0.0561432626
1629.1700000000	0.0558167014
1629.1800000000	0.0553050041
1629.1900000000	0.0547465341
1629.2000000000	0.0542883124
1629.2100000000	0.0538556864
1629.2200000000	0.0535275965
1629.2300000000	0.0534045449
1629.2400000000	0.0534767434
1629.2500000000	0.0536748071
1629.2600000000	0.0539847375
1629.2700000000	0.0544901693
1629.2800000000	0.0550681737
1629.2900000000	0.0555750639
1629.3000000000	0.0560569842
1629.3100000000	0.0564977194
1629.3200000000	0.0568851873
1629.3300000000	0.0570975306
1629.3400000000	0.0571531773
1629.3500000000	0.0571249623
1629.3600000000	0.0569166073
1629.3700000000	0.0565844587
1629.3800000000	0.0561615743
1629.3900000000	0.0556539471
1629.4000000000	0.0550981965
1629.4100000000	0.0544816908
1629.4200000000	0.0539509274
1629.4300000000	0.0536306216
1629.4400000000	0.0534747869
1629.4500000000	0.0534559577
1629.4600000000	0.0536117796
1629.4700000000	0.0539187485
1629.4800000000	0.0542426496
1629.4900000000	0.0545766461
1629.5000000000	0.0549362543
1629.5100000000	0.0552828783
1629.5200000000	0.0555078311
1629.5300000000	0.0555231999
1629.5400000000	0.0554053985
1629.5500000000	0.0552134292
1629.5600000000	0.0549623834
1629.5700000000	0.0546564841
1629.5800000000	0.0542779082
1629.5900000000	0.0538447605
1629.6000000000	0.0533782726
1629.6100000000	0.0528844207
1629.6200000000	0.0523904765
1629.6300000000	0.0519400312
1629.6400000000	0.0515705141
1629.6500000000	0.0512695292
1629.6600000000	0.0511372012
1629.6700000000	0.0512275029
1629.6800000000	0.0514692005
1629.6900000000	0.0518256737
1629.7000000000	0.0522810423
1629.7100000000	0.0528543314
1629.7200000000	0.0534441253
1629.7300000000	0.0538681900
1629.7400000000	0.0541137229
1629.7500000000	0.0542682640
1629.7600000000	0.0543413889
1629.7700000000	0.0543096444
1629.7800000000	0.0542750582
1629.7900000000	0.0542427846
1629.8000000000	0.0541631966
1629.8100000000	0.0539675056
1629.8200000000	0.0537353735
1629.8300000000	0.0535550910
1629.8400000000	0.0532679303
1629.8500000000	0.0530242192
1629.8600000000	0.0528866144
1629.8700000000	0.0528341704
1629.8800000000	0.0528069359
1629.8900000000	0.0528943605
1629.9000000000	0.0531130621
1629.9100000000	0.0532861208
1629.9200000000	0.0535031463
1629.9300000000	0.0536141978
1629.9400000000	0.0537099651
1629.9500000000	0.0537337783
1629.9600000000	0.0535895183
1629.9700000000	0.0533904277
1629.9800000000	0.0532339245
1629.9900000000	0.0530834772
1630.0000000000	0.0528466764
1630.0100000000	0.0525646183
1630.0200000000	0.0523514660
1630.0300000000	0.0521543044
1630.0400000000	0.0518805157
1630.0500000000	0.0516896270
1630.0600000000	0.0516636465
1630.0700000000	0.0517549294
1630.0800000000	0.0517946471
1630.0900000000	0.0519402435
1630.1000000000	0.0521669635
1630.1100000000	0.0523712145
1630.1200000000	0.0525598679
1630.1300000000	0.0526780423
1630.1400000000	0.0527509431
1630.1500000000	0.0526184381
1630.1600000000	0.0523882179
1630.1700000000	0.0519626220
1630.1800000000	0.0514541397
1630.1900000000	0.0510047670
1630.2000000000	0.0504439595
1630.2100000000	0.0499301323
1630.2200000000	0.0493494387
1630.2300000000	0.0488021045
1630.2400000000	0.0482876448
1630.2500000000	0.0478092305
1630.2600000000	0.0474646746
1630.2700000000	0.0473157411
1630.2800000000	0.0472997979
1630.2900000000	0.0473720747
1630.3000000000	0.0476024713
1630.3100000000	0.0480332454
1630.3200000000	0.0484979497
1630.3300000000	0.0491079735
1630.3400000000	0.0497511202
1630.3500000000	0.0501958014
1630.3600000000	0.0505329450
1630.3700000000	0.0507508375
1630.3800000000	0.0508163150
1630.3900000000	0.0507199864
1630.4000000000	0.0504262004
1630.4100000000	0.0500607987
1630.4200000000	0.0495786328
1630.4300000000	0.0489765226
1630.4400000000	0.0482942382
1630.4500000000	0.0476833839
1630.4600000000	0.0470748505
1630.4700000000	0.0467098674
1630.4800000000	0.0463210734
1630.4900000000	0.0459389187
1630.5000000000	0.0458832522
1630.5100000000	0.0459045160
1630.5200000000	0.0461622366
1630.5300000000	0.0464776264
1630.5400000000	0.0469682927
1630.5500000000	0.0473496465
1630.5600000000	0.0476401643
1630.5700000000	0.0482020706
1630.5800000000	0.0485338580
1630.5900000000	0.0487467347
1630.6000000000	0.0487295345
1630.6100000000	0.0487336858
1630.6200000000	0.0486098698
1630.6300000000	0.0482336654
1630.6400000000	0.0478034969
1630.6500000000	0.0474210276
1630.6600000000	0.0470612635
1630.6700000000	0.0467312832
1630.6800000000	0.0464396297
1630.6900000000	0.0462243634
1630.7000000000	0.0460979809
1630.7100000000	0.0461055148
1630.7200000000	0.0462611005
1630.7300000000	0.0465035188
1630.7400000000	0.0467933365
1630.7500000000	0.0471188445
1630.7600000000	0.0474897873
1630.7700000000	0.0478057600
1630.7800000000	0.0481731584
1630.7900000000	0.0483807464
1630.8000000000	0.0484539815
1630.8100000000	0.0484772909
1630.8200000000	0.0483420298
1630.8300000000	0.0481376164
1630.8400000000	0.0478046022
1630.8500000000	0.0475143131
1630.8600000000	0.0471931889
1630.8700000000	0.0466389829
1630.8800000000	0.0462748270
1630.8900000000	0.0459746282
1630.9000000000	0.0457625935
1630.9100000000	0.0455927383
1630.9200000000	0.0455357445
1630.9300000000	0.0456375097
1630.9400000000	0.0457780842
1630.9500000000	0.0459839043
1630.9600000000	0.0461403612
1630.9700000000	0.0463277376
1630.9800000000	0.0464902280
1630.9900000000	0.0465362493
1631.0000000000	0.0464436966
1631.0100000000	0.0462992755
1631.0200000000	0.0461079850
1631.0300000000	0.0458142415
1631.0400000000	0.0454628456
1631.0500000000	0.0451660804
1631.0600000000	0.0447801336
1631.0700000000	0.0443535928
1631.0800000000	0.0439712188
1631.0900000000	0.0436804019
1631.1000000000	0.0433784695
1631.1100000000	0.0430532352
1631.1200000000	0.0429625539
1631.1300000000	0.0429145902
1631.1400000000	0.0430351438
1631.1500000000	0.0431069816
1631.1600000000	0.0433030239
1631.1700000000	0.0436370554
1631.1800000000	0.0438682724
1631.1900000000	0.0441096599
1631.2000000000	0.0442398086
1631.2100000000	0.0442212739
1631.2200000000	0.0440692163
1631.2300000000	0.0439423047
1631.2400000000	0.0437489425
1631.2500000000	0.0434954711
1631.2600000000	0.0432086074
1631.2700000000	0.0428981814
1631.2800000000	0.0426006775
1631.2900000000	0.0423168041
1631.3000000000	0.0420686423
1631.3100000000	0.0419187043
1631.3200000000	0.0419087062
1631.3300000000	0.0419943151
1631.3400000000	0.0421442146
1631.3500000000	0.0424080533
1631.3600000000	0.0427759902
1631.3700000000	0.0431568465
1631.3800000000	0.0434299016
1631.3900000000	0.0436173564
1631.4000000000	0.0438011422
1631.4100000000	0.0439367310
1631.4200000000	0.0438662737
1631.4300000000	0.0436206138
1631.4400000000	0.0432105993
1631.4500000000	0.0428022962
1631.4600000000	0.0423623196
1631.4700000000	0.0417415475
1631.4800000000	0.0411766893
1631.4900000000	0.0406550513
1631.5000000000	0.0402517866
1631.5100000000	0.0398505590
1631.5200000000	0.0395865970
1631.5300000000	0.0394574448
1631.5400000000	0.0394413207
1631.5500000000	0.0395791522
1631.5600000000	0.0398233056
1631.5700000000	0.0401384076
1631.5800000000	0.0404467129
1631.5900000000	0.0407691458
1631.6000000000	0.0410941906
1631.6100000000	0.0413111062
1631.6200000000	0.0413697769
1631.6300000000	0.0413361354
1631.6400000000	0.0412382634
1631.6500000000	0.0410193154
1631.6600000000	0.0406615963
1631.6700000000	0.0402199055
1631.6800000000	0.0397785841
1631.6900000000	0.0393342671
1631.7000000000	0.0389308119
1631.7100000000	0.0384405345
1631.7200000000	0.0380832737
1631.7300000000	0.0378956691
1631.7400000000	0.0378172813
1631.7500000000	0.0377524223
1631.7600000000	0.0377613377
1631.7700000000	0.0378953142
1631.7800000000	0.0381045922
1631.7900000000	0.0384200786
1631.8000000000	0.0387922802
1631.8100000000	0.0391160162
1631.8200000000	0.0392882893
1631.8300000000	0.0394284094
1631.8400000000	0.0393595442
1631.8500000000	0.0391101762
1631.8600000000	0.0388190348
1631.8700000000	0.0384612714
1631.8800000000	0.0380746444
1631.8900000000	0.0376079960
1631.9000000000	0.0371534460
1631.9100000000	0.0367530262
1631.9200000000	0.0363439469
1631.9300000000	0.0359929025
1631.9400000000	0.0357196800
1631.9500000000	0.0355131095
1631.9600000000	0.0354306445
1631.9700000000	0.0355029518
1631.9800000000	0.0356567546
1631.9900000000	0.0358321347
1632.0000000000	0.0361001530
1632.0100000000	0.0364528247
1632.0200000000	0.0367912123
1632.0300000000	0.0370387096
1632.0400000000	0.0371509243
1632.0500000000	0.0371488143
1632.0600000000	0.0371005997
1632.0700000000	0.0370027339
1632.0800000000	0.0367600395
1632.0900000000	0.0363287135
1632.1000000000	0.0358806069
1632.1100000000	0.0354528203
1632.1200000000	0.0350685979
1632.1300000000	0.0346683510
1632.1400000000	0.0343308951
1632.1500000000	0.0340879929
1632.1600000000	0.0339154922
1632.1700000000	0.0338373097
1632.1800000000	0.0338275393
1632.1900000000	0.0339039438
1632.2000000000	0.0340844266
1632.2100000000	0.0343215803
1632.2200000000	0.0345340073
1632.2300000000	0.0346431122
1632.2400000000	0.0347168230
1632.2500000000	0.0348229095
1632.2600000000	0.0348280153
1632.2700000000	0.0347618328
1632.2800000000	0.0347282664
1632.2900000000	0.0346384856
1632.3000000000	0.0344217132
1632.3100000000	0.0341967380
1632.3200000000	0.0340064218
1632.3300000000	0.0337842209
1632.3400000000	0.0335482079
1632.3500000000	0.0334142995
1632.3600000000	0.0333709563
1632.3700000000	0.0333822451
1632.3800000000	0.0335118914
1632.3900000000	0.0337177291
1632.4000000000	0.0338792906
1632.4100000000	0.0340786111
1632.4200000000	0.0342438441
1632.4300000000	0.0343431646
1632.4400000000	0.0343467433
1632.4500000000	0.0342793552
1632.4600000000	0.0341314090
1632.4700000000	0.0338579190
1632.4800000000	0.0335679638
1632.4900000000	0.0331576044
1632.5000000000	0.0326805276
1632.5100000000	0.0321896443
1632.5200000000	0.0317071229
1632.5300000000	0.0312458611
1632.5400000000	0.0308088539
1632.5500000000	0.0304878140
1632.5600000000	0.0302327062
1632.5700000000	0.0300119438
1632.5800000000	0.0299440089
1632.5900000000	0.0300060776
1632.6000000000	0.0300780460
1632.6100000000	0.0302352288
1632.6200000000	0.0305458800
1632.6300000000	0.0309176296
1632.6400000000	0.0312810128
1632.6500000000	0.0315926024
1632.6600000000	0.0318311659
1632.6700000000	0.0319996581
1632.6800000000	0.0320954226
1632.6900000000	0.0320492524
1632.7000000000	0.0318471623
1632.7100000000	0.0315592242
1632.7200000000	0.0312616441
1632.7300000000	0.0309334738
1632.7400000000	0.0306245026
1632.7500000000	0.0303796178
1632.7600000000	0.0302018945
1632.7700000000	0.0301304186
1632.7800000000	0.0300983055
1632.7900000000	0.0300749396
1632.8000000000	0.0301265556
1632.8100000000	0.0302652726
1632.8200000000	0.0304909757
1632.8300000000	0.0307641608
1632.8400000000	0.0310388794
1632.8500000000	0.0312730257
1632.8600000000	0.0314374315
1632.8700000000	0.0314695402
1632.8800000000	0.0313522773
1632.8900000000	0.0310772746
1632.9000000000	0.0306754288
1632.9100000000	0.0301636419
1632.9200000000	0.0296108314
1632.9300000000	0.0289834656
1632.9400000000	0.0283280776
1632.9500000000	0.0277870504
1632.9600000000	0.0272657794
1632.9700000000	0.0268146986
1632.9800000000	0.0264314574
1632.9900000000	0.0261871573
1633.0000000000	0.0260081168
1633.0100000000	0.0259264911
1633.0200000000	0.0259839145
1633.0300000000	0.0261576864
1633.0400000000	0.0264057622
1633.0500000000	0.0267252866
1633.0600000000	0.0270598794
1633.0700000000	0.0273673326
1633.0800000000	0.0276516789
1633.0900000000	0.0278876308
1633.1000000000	0.0280802428
1633.1100000000	0.0282101056
1633.1200000000	0.0282359551
1633.1300000000	0.0281622334
1633.1400000000	0.0280881386
1633.1500000000	0.0280163853
1633.1600000000	0.0278773919
1633.1700000000	0.0277007553
1633.1800000000	0.0275672220
1633.1900000000	0.0274948186
1633.2000000000	0.0274282992
1633.2100000000	0.0273595600
1633.2200000000	0.0273575349
1633.2300000000	0.0274684706
1633.2400000000	0.0275623876
1633.2500000000	0.0276848852
1633.2600000000	0.0278882752
1633.2700000000	0.0280343061
1633.2800000000	0.0281080274
1633.2900000000	0.0281143527
1633.3000000000	0.0281051115
1633.3100000000	0.0280851451
1633.3200000000	0.0279887841
1633.3300000000	0.0277957717
1633.3400000000	0.0275448704
1633.3500000000	0.0272503635
1633.3600000000	0.0269107760
1633.3700000000	0.0265919229
1633.3800000000	0.0263183426
1633.3900000000	0.0261097022
1633.4000000000	0.0259599242
1633.4100000000	0.0258713371
1633.4200000000	0.0258386466
1633.4300000000	0.0258342188
1633.4400000000	0.0258876815
1633.4500000000	0.0259608941
1633.4600000000	0.0260296817
1633.4700000000	0.0261012966
1633.4800000000	0.0261708460
1633.4900000000	0.0262128004
1633.5000000000	0.0261775766
1633.5100000000	0.0261790233
1633.5200000000	0.0260564971
1633.5300000000	0.0258741266
1633.5400000000	0.0256712450
1633.5500000000	0.0254681749
1633.5600000000	0.0251857848
1633.5700000000	0.0249209756
1633.5800000000	0.0247211888
1633.5900000000	0.0245839801
1633.6000000000	0.0244954887
1633.6100000000	0.0244838276
1633.6200000000	0.0245615795
1633.6300000000	0.0247157519
1633.6400000000	0.0248926657
1633.6500000000	0.0251167563
1633.6600000000	0.0253896635
1633.6700000000	0.0256790610
1633.6800000000	0.0259771310
1633.6900000000	0.0262394451
1633.7000000000	0.0264191007
1633.7100000000	0.0265074129
1633.7200000000	0.0264860991
1633.7300000000	0.0263403009
1633.7400000000	0.0261010181
1633.7500000000	0.0258158375
1633.7600000000	0.0254835381
1633.7700000000	0.0251368486
1633.7800000000	0.0248643837
1633.7900000000	0.0246181089
1633.8000000000	0.0243935239
1633.8100000000	0.0242605143
1633.8200000000	0.0242446831
1633.8300000000	0.0242667719
1633.8400000000	0.0242903530
1633.8500000000	0.0243986781
1633.8600000000	0.0246681605
1633.8700000000	0.0249918391
1633.8800000000	0.0253096832
1633.8900000000	0.0256222176
1633.9000000000	0.0258931857
1633.9100000000	0.0260610874
1633.9200000000	0.0261408867
1633.9300000000	0.0261387704
1633.9400000000	0.0260320667
1633.9500000000	0.0258328193
1633.9600000000	0.0256019393
1633.9700000000	0.0253413588
1633.9800000000	0.0250824765
1633.9900000000	0.0248383786
1634.0000000000	0.0246111281
1634.0100000000	0.0244411398
1634.0200000000	0.0243118136
1634.0300000000	0.0242035359
1634.0400000000	0.0241758431
1634.0500000000	0.0242047491
1634.0600000000	0.0243300009
1634.0700000000	0.0245320040
1634.0800000000	0.0247330068
1634.0900000000	0.0249956826
1634.1000000000	0.0253259406
1634.1100000000	0.0256058401
1634.1200000000	0.0257637935
1634.1300000000	0.0258552045
1634.1400000000	0.0258619002
1634.1500000000	0.0258248880
1634.1600000000	0.0256548590
1634.1700000000	0.0254388169
1634.1800000000	0.0251793788
1634.1900000000	0.0249032053
1634.2000000000	0.0246877931
1634.2100000000	0.0245028994
1634.2200000000	0.0243356000
1634.2300000000	0.0242549851
1634.2400000000	0.0242440306
1634.2500000000	0.0243013377
1634.2600000000	0.0244126615
1634.2700000000	0.0245712197
1634.2800000000	0.0247872924
1634.2900000000	0.0250640464
1634.3000000000	0.0253546978
1634.3100000000	0.0255899966
1634.3200000000	0.0258061436
1634.3300000000	0.0260430026
1634.3400000000	0.0262435876
1634.3500000000	0.0263748069
1634.3600000000	0.0264025880
1634.3700000000	0.0263970219
1634.3800000000	0.0263482282
1634.3900000000	0.0262381353
1634.4000000000	0.0260660935
1634.4100000000	0.0258136405
1634.4200000000	0.0256122410
1634.4300000000	0.0255677761
1634.4400000000	0.0256032900
1634.4500000000	0.0256545208
1634.4600000000	0.0257498681
1634.4700000000	0.0258956760
1634.4800000000	0.0260892982
1634.4900000000	0.0262867692
1634.5000000000	0.0264707449
1634.5100000000	0.0266525221
1634.5200000000	0.0268420601
1634.5300000000	0.0269714445
1634.5400000000	0.0269807338
1634.5500000000	0.0269223002
1634.5600000000	0.0268671605
1634.5700000000	0.0267492030
1634.5800000000	0.0265269955
1634.5900000000	0.0262313136
1634.6000000000	0.0259645501
1634.6100000000	0.0257685998
1634.6200000000	0.0255771229
1634.6300000000	0.0254014127
1634.6400000000	0.0253301528
1634.6500000000	0.0253719997
1634.6600000000	0.0254629798
1634.6700000000	0.0255978213
1634.6800000000	0.0258029930
1634.6900000000	0.0260485821
1634.7000000000	0.0263028812
1634.7100000000	0.0266057058
1634.7200000000	0.0269120989
1634.7300000000	0.0272018198
1634.7400000000	0.0274177657
1634.7500000000	0.0275652563
1634.7600000000	0.0276297453
1634.7700000000	0.0275950580
1634.7800000000	0.0274626513
1634.7900000000	0.0272087633
1634.8000000000	0.0269048088
1634.8100000000	0.0266135684
1634.8200000000	0.0263132241
1634.8300000000	0.0260346457
1634.8400000000	0.0258485927
1634.8500000000	0.0257626163
1634.8600000000	0.0257401351
1634.8700000000	0.0257523639
1634.8800000000	0.0258576373
1634.8900000000	0.0260810453
1634.9000000000	0.0263747188
1634.9100000000	0.0267154255
1634.9200000000	0.0270707817
1634.9300000000	0.0274291621
1634.9400000000	0.0277581815
1634.9500000000	0.0279786585
1634.9600000000	0.0280525676
1634.9700000000	0.0280307545
1634.9800000000	0.0278935436
1634.9900000000	0.0277226147
1635.0000000000	0.0275115278
1635.0100000000	0.0271751020
1635.0200000000	0.0268157805
1635.0300000000	0.0264515933
1635.0400000000	0.0261415908
1635.0500000000	0.0259487369
1635.0600000000	0.0258273218
1635.0700000000	0.0257926315
1635.0800000000	0.0258999303
1635.0900000000	0.0260859170
1635.1000000000	0.0263539090
1635.1100000000	0.0267419743
1635.1200000000	0.0272341417
1635.1300000000	0.0277060904
1635.1400000000	0.0281199884
1635.1500000000	0.0285841570
1635.1600000000	0.0290438453
1635.1700000000	0.0293753562
1635.1800000000	0.0295835463
1635.1900000000	0.0297080828
1635.2000000000	0.0297688677
1635.2100000000	0.0297418977
1635.2200000000	0.0296002979
1635.2300000000	0.0294056957
1635.2400000000	0.0292100912
1635.2500000000	0.0290173579
1635.2600000000	0.0288483853
1635.2700000000	0.0287732629
1635.2800000000	0.0288241134
1635.2900000000	0.0289419424
1635.3000000000	0.0291400696
1635.3100000000	0.0294176972
1635.3200000000	0.0297798300
1635.3300000000	0.0302731601
1635.3400000000	0.0307764824
1635.3500000000	0.0312025757
1635.3600000000	0.0316200444
1635.3700000000	0.0320136111
1635.3800000000	0.0322756312
1635.3900000000	0.0324275027
1635.4000000000	0.0324731893
1635.4100000000	0.0323705091
1635.4200000000	0.0320866504
1635.4300000000	0.0317045708
1635.4400000000	0.0312860866
1635.4500000000	0.0308511654
1635.4600000000	0.0304997771
1635.4700000000	0.0302419963
1635.4800000000	0.0300439840
1635.4900000000	0.0300073425
1635.5000000000	0.0300306539
1635.5100000000	0.0300933650
1635.5200000000	0.0302767358
1635.5300000000	0.0305676849
1635.5400000000	0.0309211375
1635.5500000000	0.0312962433
1635.5600000000	0.0318239742
1635.5700000000	0.0323621387
1635.5800000000	0.0328127263
1635.5900000000	0.0331835562
1635.6000000000	0.0334667639
1635.6100000000	0.0337385027
1635.6200000000	0.0337240147
1635.6300000000	0.0335751466
1635.6400000000	0.0333856945
1635.6500000000	0.0330465668
1635.6600000000	0.0326515454
1635.6700000000	0.0323196482
1635.6800000000	0.0321021934
1635.6900000000	0.0319745698
1635.7000000000	0.0318858126
1635.7100000000	0.0319242629
1635.7200000000	0.0320854694
1635.7300000000	0.0323964807
1635.7400000000	0.0327713086
1635.7500000000	0.0332334612
1635.7600000000	0.0336738256
1635.7700000000	0.0341627289
1635.7800000000	0.0346400960
1635.7900000000	0.0350291964
1635.8000000000	0.0354042451
1635.8100000000	0.0357536399
1635.8200000000	0.0359309857
1635.8300000000	0.0359027349
1635.8400000000	0.0358221999
1635.8500000000	0.0356594714
1635.8600000000	0.0353474898
1635.8700000000	0.0351032193
1635.8800000000	0.0348439720
1635.8900000000	0.0345820786
1635.9000000000	0.0344171388
1635.9100000000	0.0344039047
1635.9200000000	0.0344477090
1635.9300000000	0.0345701197
1635.9400000000	0.0349226790
1635.9500000000	0.0353214828
1635.9600000000	0.0358210415
1635.9700000000	0.0363237460
1635.9800000000	0.0367240643
1635.9900000000	0.0370813371
1636.0000000000	0.0374338564
1636.0100000000	0.0377530859
1636.0200000000	0.0378915811
1636.0300000000	0.0379418578
1636.0400000000	0.0380256251
1636.0500000000	0.0379595802
1636.0600000000	0.0376968153
1636.0700000000	0.0374747135
1636.0800000000	0.0372321370
1636.0900000000	0.0369729756
1636.1000000000	0.0367254392
1636.1100000000	0.0365970130
1636.1200000000	0.0365466273
1636.1300000000	0.0365169967
1636.1400000000	0.0366306793
1636.1500000000	0.0368056715
1636.1600000000	0.0369793279
1636.1700000000	0.0372212021
1636.1800000000	0.0375430753
1636.1900000000	0.0377142304
1636.2000000000	0.0379282996
1636.2100000000	0.0381730725
1636.2200000000	0.0383044061
1636.2300000000	0.0382696990
1636.2400000000	0.0382097695
1636.2500000000	0.0381415744
1636.2600000000	0.0378123717
1636.2700000000	0.0375976582
1636.2800000000	0.0374815632
1636.2900000000	0.0372263699
1636.3000000000	0.0370328506
1636.3100000000	0.0370531239
1636.3200000000	0.0370473941
1636.3300000000	0.0370667311
1636.3400000000	0.0373441817
1636.3500000000	0.0377585820
1636.3600000000	0.0381379676
1636.3700000000	0.0386525505
1636.3800000000	0.0393256125
1636.3900000000	0.0398624260
1636.4000000000	0.0402568485
1636.4100000000	0.0407084779
1636.4200000000	0.0412022820
1636.4300000000	0.0414489095
1636.4400000000	0.0415344699
1636.4500000000	0.0416010735
1636.4600000000	0.0414795068
1636.4700000000	0.0411611073
1636.4800000000	0.0407842685
1636.4900000000	0.0402652177
1636.5000000000	0.0396324357
1636.5100000000	0.0393260216
1636.5200000000	0.0392008667
1636.5300000000	0.0390204423
1636.5400000000	0.0390753186
1636.5500000000	0.0392435785
1636.5600000000	0.0395194576
1636.5700000000	0.0399178336
1636.5800000000	0.0404907131
1636.5900000000	0.0410577399
1636.6000000000	0.0415563277
1636.6100000000	0.0420400855
1636.6200000000	0.0425239884
1636.6300000000	0.0428333540
1636.6400000000	0.0429619672
1636.6500000000	0.0430391156
1636.6600000000	0.0430777633
1636.6700000000	0.0429230294
1636.6800000000	0.0426687944
1636.6900000000	0.0423933075
1636.7000000000	0.0420698761
1636.7100000000	0.0417531883
1636.7200000000	0.0414495757
1636.7300000000	0.0412220679
1636.7400000000	0.0412150233
1636.7500000000	0.0413615841
1636.7600000000	0.0416205596
1636.7700000000	0.0419928596
1636.7800000000	0.0424920303
1636.7900000000	0.0430289581
1636.8000000000	0.0435796391
1636.8100000000	0.0441151039
1636.8200000000	0.0446838402
1636.8300000000	0.0452483007
1636.8400000000	0.0455980507
1636.8500000000	0.0458595940
1636.8600000000	0.0460052415
1636.8700000000	0.0459127143
1636.8800000000	0.0456389330
1636.8900000000	0.0453502642
1636.9000000000	0.0450018335
1636.9100000000	0.0445618245
1636.9200000000	0.0442129928
1636.9300000000	0.0439764129
1636.9400000000	0.0438381586
1636.9500000000	0.0438006507
1636.9600000000	0.0438745439
1636.9700000000	0.0441387992
1636.9800000000	0.0445234893
1636.9900000000	0.0449768140
1637.0000000000	0.0454842648
1637.0100000000	0.0460812028
1637.0200000000	0.0466635512
1637.0300000000	0.0471126338
1637.0400000000	0.0474466614
1637.0500000000	0.0477397028
1637.0600000000	0.0478950643
1637.0700000000	0.0478557455
1637.0800000000	0.0477598202
1637.0900000000	0.0475479936
1637.1000000000	0.0472130243
1637.1100000000	0.0467256894
1637.1200000000	0.0462880543
1637.1300000000	0.0459077887
1637.1400000000	0.0456211528
1637.1500000000	0.0454626365
1637.1600000000	0.0455133496
1637.1700000000	0.0457484003
1637.1800000000	0.0461226860
1637.1900000000	0.0466036799
1637.2000000000	0.0472128541
1637.2100000000	0.0479504210
1637.2200000000	0.0486212521
1637.2300000000	0.0492952420
1637.2400000000	0.0498848531
1637.2500000000	0.0504033210
1637.2600000000	0.0507106886
1637.2700000000	0.0508057753
1637.2800000000	0.0507796473
1637.2900000000	0.0505427404
1637.3000000000	0.0501069382
1637.3100000000	0.0495657753
1637.3200000000	0.0490515730
1637.3300000000	0.0484963295
1637.3400000000	0.0478728228
1637.3500000000	0.0473805614
1637.3600000000	0.0470809169
1637.3700000000	0.0469578108
1637.3800000000	0.0470743291
1637.3900000000	0.0473209771
1637.4000000000	0.0477945281
1637.4100000000	0.0485051166
1637.4200000000	0.0493473321
1637.4300000000	0.0501421605
1637.4400000000	0.0508809702
1637.4500000000	0.0515220950
1637.4600000000	0.0519960258
1637.4700000000	0.0523644461
1637.4800000000	0.0526078162
1637.4900000000	0.0526788446
1637.5000000000	0.0524852594
1637.5100000000	0.0519790807
1637.5200000000	0.0514489404
1637.5300000000	0.0507425540
1637.5400000000	0.0499358340
1637.5500000000	0.0491953083
1637.5600000000	0.0485897872
1637.5700000000	0.0481693072
1637.5800000000	0.0478640066
1637.5900000000	0.0478226221
1637.6000000000	0.0479342067
1637.6100000000	0.0482269474
1637.6200000000	0.0487860280
1637.6300000000	0.0495224077
1637.6400000000	0.0503051964
1637.6500000000	0.0510902195
1637.6600000000	0.0519606597
1637.6700000000	0.0527507436
1637.6800000000	0.0533942685
1637.6900000000	0.0539183102
1637.7000000000	0.0543074557
1637.7100000000	0.0544586531
1637.7200000000	0.0543344310
1637.7300000000	0.0539574608
1637.7400000000	0.0533615565
1637.7500000000	0.0526475556
1637.7600000000	0.0518980738
1637.7700000000	0.0512047195
1637.7800000000	0.0506978363
1637.7900000000	0.0504453763
1637.8000000000	0.0504115810
1637.8100000000	0.0505802207
1637.8200000000	0.0510123875
1637.8300000000	0.0516516511
1637.8400000000	0.0524044246
1637.8500000000	0.0532301467
1637.8600000000	0.0540443735
1637.8700000000	0.0548692825
1637.8800000000	0.0556008907
1637.8900000000	0.0561960069
1637.9000000000	0.0567997781
1637.9100000000	0.0572706216
1637.9200000000	0.0574970748
1637.9300000000	0.0575300232
1637.9400000000	0.0574608145
1637.9500000000	0.0572843663
1637.9600000000	0.0568843766
1637.9700000000	0.0562959342
1637.9800000000	0.0557513773
1637.9900000000	0.0552229594
1638.0000000000	0.0547767988
