1460.0000000000	0.5707522505
1460.0100000000	0.5723347835
1460.0200000000	0.5732619837
1460.0300000000	0.5739430455
1460.0400000000	0.5743648698
1460.0500000000	0.5744298507
1460.0600000000	0.5752723929
1460.0700000000	0.5765023419
1460.0800000000	0.5772174325
1460.0900000000	0.5778374011
1460.1000000000	0.5785805646
1460.1100000000	0.5784527448
1460.1200000000	0.5786173775
1460.1300000000	0.5792648454
1460.1400000000	0.5797059235
1460.1500000000	0.5803035456
1460.1600000000	0.5799059469
1460.1700000000	0.5791862714
1460.1800000000	0.5790640285
1460.1900000000	0.5777176252
1460.2000000000	0.5768233339
1460.2100000000	0.5756754908
1460.2200000000	0.5740445835
1460.2300000000	0.5730689402
1460.2400000000	0.5719214678
1460.2500000000	0.5705483837
1460.2600000000	0.5688534559
1460.2700000000	0.5659397662
1460.2800000000	0.5645579602
1460.2900000000	0.5636901009
1460.3000000000	0.5614955094
1460.3100000000	0.5602854739
1460.3200000000	0.5583643401
1460.3300000000	0.5561634233
1460.3400000000	0.5549341176
1460.3500000000	0.5530746314
1460.3600000000	0.5554950467
1460.3700000000	0.5585239851
1460.3800000000	0.5582253122
1460.3900000000	0.5569576528
1460.4000000000	0.5556140837
1460.4100000000	0.5577090913
1460.4200000000	0.5603062634
1460.4300000000	0.5602503762
1460.4400000000	0.5609954618
1460.4500000000	0.5631180106
1460.4600000000	0.5658411767
1460.4700000000	0.5677777303
1460.4800000000	0.5689313991
1460.4900000000	0.5696751122
1460.5000000000	0.5712126367
1460.5100000000	0.5730951805
1460.5200000000	0.5748462314
1460.5300000000	0.5760959856
1460.5400000000	0.5768229070
1460.5500000000	0.5775073132
1460.5600000000	0.5779208358
1460.5700000000	0.5780452511
1460.5800000000	0.5783830931
1460.5900000000	0.5784038804
1460.6000000000	0.5780721417
1460.6100000000	0.5775826285
1460.6200000000	0.5773426485
1460.6300000000	0.5771244394
1460.6400000000	0.5769331928
1460.6500000000	0.5762507916
1460.6600000000	0.5757466252
1460.6700000000	0.5759445649
1460.6800000000	0.5753352259
1460.6900000000	0.5760984301
1460.7000000000	0.5756780354
1460.7100000000	0.5748765341
1460.7200000000	0.5750615205
1460.7300000000	0.5743930688
1460.7400000000	0.5742982612
1460.7500000000	0.5744560861
1460.7600000000	0.5737438138
1460.7700000000	0.5731889534
1460.7800000000	0.5727626227
1460.7900000000	0.5721012177
1460.8000000000	0.5715377911
1460.8100000000	0.5709303130
1460.8200000000	0.5698786335
1460.8300000000	0.5690762591
1460.8400000000	0.5680916972
1460.8500000000	0.5676438122
1460.8600000000	0.5674382325
1460.8700000000	0.5655828343
1460.8800000000	0.5642147183
1460.8900000000	0.5636426534
1460.9000000000	0.5637762615
1460.9100000000	0.5625933797
1460.9200000000	0.5615758479
1460.9300000000	0.5623207799
1460.9400000000	0.5615512867
1460.9500000000	0.5617965062
1460.9600000000	0.5628006070
1460.9700000000	0.5639938124
1460.9800000000	0.5652424297
1460.9900000000	0.5658236662
1461.0000000000	0.5663266367
1461.0100000000	0.5667383589
1461.0200000000	0.5677184627
1461.0300000000	0.5690323779
1461.0400000000	0.5707739862
1461.0500000000	0.5701406595
1461.0600000000	0.5674998086
1461.0700000000	0.5750391528
1461.0800000000	0.5773601067
1461.0900000000	0.5795079122
1461.1000000000	0.5813275151
1461.1100000000	0.5814672835
1461.1200000000	0.5824908590
1461.1300000000	0.5836494699
1461.1400000000	0.5839378323
1461.1500000000	0.5844522572
1461.1600000000	0.5836472114
1461.1700000000	0.5833894890
1461.1800000000	0.5831984023
1461.1900000000	0.5828777230
1461.2000000000	0.5824222256
1461.2100000000	0.5819249994
1461.2200000000	0.5804743159
1461.2300000000	0.5797473010
1461.2400000000	0.5789815514
1461.2500000000	0.5771046619
1461.2600000000	0.5756228761
1461.2700000000	0.5740025361
1461.2800000000	0.5734662168
1461.2900000000	0.5745254100
1461.3000000000	0.5733707803
1461.3100000000	0.5728504162
1461.3200000000	0.5725993678
1461.3300000000	0.5705574413
1461.3400000000	0.5712258553
1461.3500000000	0.5709157392
1461.3600000000	0.5699598316
1461.3700000000	0.5722225715
1461.3800000000	0.5692682564
1461.3900000000	0.5700383506
1461.4000000000	0.5730308370
1461.4100000000	0.5696973195
1461.4200000000	0.5727029056
1461.4300000000	0.5722290670
1461.4400000000	0.5704174649
1461.4500000000	0.5744236459
1461.4600000000	0.5720334957
1461.4700000000	0.5726262959
1461.4800000000	0.5754114718
1461.4900000000	0.5734015283
1461.5000000000	0.5746144968
1461.5100000000	0.5774142172
1461.5200000000	0.5771646033
1461.5300000000	0.5795047471
1461.5400000000	0.5806846630
1461.5500000000	0.5794020051
1461.5600000000	0.5823566509
1461.5700000000	0.5838635655
1461.5800000000	0.5841181454
1461.5900000000	0.5864581802
1461.6000000000	0.5866063485
1461.6100000000	0.5871048260
1461.6200000000	0.5878236044
1461.6300000000	0.5883057450
1461.6400000000	0.5892657958
1461.6500000000	0.5890195631
1461.6600000000	0.5888815931
1461.6700000000	0.5887306173
1461.6800000000	0.5886039023
1461.6900000000	0.5881763517
1461.7000000000	0.5878223668
1461.7100000000	0.5872719008
1461.7200000000	0.5868700095
1461.7300000000	0.5868063308
1461.7400000000	0.5862700200
1461.7500000000	0.5860912497
1461.7600000000	0.5855825424
1461.7700000000	0.5841962266
1461.7800000000	0.5830185087
1461.7900000000	0.5827143905
1461.8000000000	0.5829936744
1461.8100000000	0.5816729307
1461.8200000000	0.5804801823
1461.8300000000	0.5796998116
1461.8400000000	0.5786164484
1461.8500000000	0.5782794881
1461.8600000000	0.5770567035
1461.8700000000	0.5765975418
1461.8800000000	0.5762766426
1461.8900000000	0.5758652580
1461.9000000000	0.5758009152
1461.9100000000	0.5761528034
1461.9200000000	0.5759846920
1461.9300000000	0.5754753165
1461.9400000000	0.5766603413
1461.9500000000	0.5770782828
1461.9600000000	0.5779995438
1461.9700000000	0.5789074381
1461.9800000000	0.5776697381
1461.9900000000	0.5785140496
1462.0000000000	0.5802436481
1462.0100000000	0.5800741824
1462.0200000000	0.5820346785
1462.0300000000	0.5844363912
1462.0400000000	0.5850145891
1462.0500000000	0.5854362226
1462.0600000000	0.5868280035
1462.0700000000	0.5882469085
1462.0800000000	0.5898211644
1462.0900000000	0.5904951968
1462.1000000000	0.5910140351
1462.1100000000	0.5925500661
1462.1200000000	0.5931707565
1462.1300000000	0.5932501412
1462.1400000000	0.5935837503
1462.1500000000	0.5937424758
1462.1600000000	0.5931513897
1462.1700000000	0.5929931103
1462.1800000000	0.5930042838
1462.1900000000	0.5922812346
1462.2000000000	0.5914892655
1462.2100000000	0.5904877717
1462.2200000000	0.5893275614
1462.2300000000	0.5888104941
1462.2400000000	0.5880946128
1462.2500000000	0.5873783957
1462.2600000000	0.5869283425
1462.2700000000	0.5857506685
1462.2800000000	0.5851049033
1462.2900000000	0.5847354291
1462.3000000000	0.5841052184
1462.3100000000	0.5835805932
1462.3200000000	0.5827313909
1462.3300000000	0.5821830267
1462.3400000000	0.5818986589
1462.3500000000	0.5812360649
1462.3600000000	0.5803421142
1462.3700000000	0.5792863108
1462.3800000000	0.5789244804
1462.3900000000	0.5786655820
1462.4000000000	0.5783614770
1462.4100000000	0.5787519206
1462.4200000000	0.5782199591
1462.4300000000	0.5775103383
1462.4400000000	0.5778410005
1462.4500000000	0.5778049064
1462.4600000000	0.5787377969
1462.4700000000	0.5802270078
1462.4800000000	0.5803882959
1462.4900000000	0.5814055075
1462.5000000000	0.5825262990
1462.5100000000	0.5829699210
1462.5200000000	0.5847477604
1462.5300000000	0.5858749270
1462.5400000000	0.5864116132
1462.5500000000	0.5878120897
1462.5600000000	0.5892947641
1462.5700000000	0.5905773637
1462.5800000000	0.5917527002
1462.5900000000	0.5917335146
1462.6000000000	0.5921834082
1462.6100000000	0.5931773979
1462.6200000000	0.5937187655
1462.6300000000	0.5945805377
1462.6400000000	0.5949390364
1462.6500000000	0.5946655714
1462.6600000000	0.5943214267
1462.6700000000	0.5941679162
1462.6800000000	0.5943837696
1462.6900000000	0.5941321724
1462.7000000000	0.5937799147
1462.7100000000	0.5934699296
1462.7200000000	0.5924133346
1462.7300000000	0.5916500635
1462.7400000000	0.5910845583
1462.7500000000	0.5899127666
1462.7600000000	0.5891782434
1462.7700000000	0.5883491831
1462.7800000000	0.5874442123
1462.7900000000	0.5871438707
1462.8000000000	0.5865218776
1462.8100000000	0.5854585299
1462.8200000000	0.5846066355
1462.8300000000	0.5838875042
1462.8400000000	0.5840609786
1462.8500000000	0.5841537201
1462.8600000000	0.5832428740
1462.8700000000	0.5831622367
1462.8800000000	0.5824471163
1462.8900000000	0.5817495153
1462.9000000000	0.5818144905
1462.9100000000	0.5816324437
1462.9200000000	0.5812417625
1462.9300000000	0.5805968346
1462.9400000000	0.5804194133
1462.9500000000	0.5807432961
1462.9600000000	0.5809215528
1462.9700000000	0.5810143698
1462.9800000000	0.5811075286
1462.9900000000	0.5821427353
1463.0000000000	0.5829929118
1463.0100000000	0.5837026413
1463.0200000000	0.5855977577
1463.0300000000	0.5867348518
1463.0400000000	0.5869414633
1463.0500000000	0.5877203184
1463.0600000000	0.5894183629
1463.0700000000	0.5913750394
1463.0800000000	0.5926765152
1463.0900000000	0.5937695647
1463.1000000000	0.5944649467
1463.1100000000	0.5951480183
1463.1200000000	0.5957254471
1463.1300000000	0.5962135037
1463.1400000000	0.5968070502
1463.1500000000	0.5967977687
1463.1600000000	0.5964721570
1463.1700000000	0.5963802094
1463.1800000000	0.5963053118
1463.1900000000	0.5955969604
1463.2000000000	0.5943716795
1463.2100000000	0.5933369958
1463.2200000000	0.5914423304
1463.2300000000	0.5893641054
1463.2400000000	0.5892405543
1463.2500000000	0.5904374735
1463.2600000000	0.5913579691
1463.2700000000	0.5909512047
1463.2800000000	0.5899710782
1463.2900000000	0.5896791839
1463.3000000000	0.5889147287
1463.3100000000	0.5878775474
1463.3200000000	0.5867047817
1463.3300000000	0.5857880297
1463.3400000000	0.5852102186
1463.3500000000	0.5842666289
1463.3600000000	0.5834836588
1463.3700000000	0.5828815893
1463.3800000000	0.5821592499
1463.3900000000	0.5820683025
1463.4000000000	0.5818959908
1463.4100000000	0.5816311114
1463.4200000000	0.5811808665
1463.4300000000	0.5801632741
1463.4400000000	0.5800235535
1463.4500000000	0.5808841266
1463.4600000000	0.5803519834
1463.4700000000	0.5807966775
1463.4800000000	0.5815899100
1463.4900000000	0.5809025298
1463.5000000000	0.5811563220
1463.5100000000	0.5822944780
1463.5200000000	0.5834272897
1463.5300000000	0.5851861697
1463.5400000000	0.5857100843
1463.5500000000	0.5869591602
1463.5600000000	0.5889453323
1463.5700000000	0.5897656152
1463.5800000000	0.5908263414
1463.5900000000	0.5923362214
1463.6000000000	0.5928826122
1463.6100000000	0.5939173918
1463.6200000000	0.5954656822
1463.6300000000	0.5958336879
1463.6400000000	0.5961157143
1463.6500000000	0.5964599180
1463.6600000000	0.5955590288
1463.6700000000	0.5959124915
1463.6800000000	0.5962958220
1463.6900000000	0.5954215063
1463.7000000000	0.5953389246
1463.7100000000	0.5943965357
1463.7200000000	0.5933415294
1463.7300000000	0.5931035925
1463.7400000000	0.5926463443
1463.7500000000	0.5921950008
1463.7600000000	0.5916789319
1463.7700000000	0.5910254549
1463.7800000000	0.5905534026
1463.7900000000	0.5898704615
1463.8000000000	0.5894799572
1463.8100000000	0.5888252583
1463.8200000000	0.5873134201
1463.8300000000	0.5869351870
1463.8400000000	0.5866686155
1463.8500000000	0.5857258197
1463.8600000000	0.5851949001
1463.8700000000	0.5838535861
1463.8800000000	0.5823950926
1463.8900000000	0.5821667696
1463.9000000000	0.5819697007
1463.9100000000	0.5809553868
1463.9200000000	0.5807187612
1463.9300000000	0.5796612204
1463.9400000000	0.5788502737
1463.9500000000	0.5790138338
1463.9600000000	0.5779730290
1463.9700000000	0.5778349930
1463.9800000000	0.5784187279
1463.9900000000	0.5773179480
1464.0000000000	0.5776544807
1464.0100000000	0.5786672783
1464.0200000000	0.5785811617
1464.0300000000	0.5793395333
1464.0400000000	0.5796581483
1464.0500000000	0.5809285387
1464.0600000000	0.5833494268
1464.0700000000	0.5843923776
1464.0800000000	0.5860592758
1464.0900000000	0.5880404147
1464.1000000000	0.5882193666
1464.1100000000	0.5895621890
1464.1200000000	0.5917317906
1464.1300000000	0.5926223052
1464.1400000000	0.5942292342
1464.1500000000	0.5949322747
1464.1600000000	0.5946650911
1464.1700000000	0.5961421014
1464.1800000000	0.5957885243
1464.1900000000	0.5952905340
1464.2000000000	0.5958220994
1464.2100000000	0.5941347092
1464.2200000000	0.5934159562
1464.2300000000	0.5929715068
1464.2400000000	0.5910433174
1464.2500000000	0.5903088507
1464.2600000000	0.5888749141
1464.2700000000	0.5875715791
1464.2800000000	0.5869340468
1464.2900000000	0.5858608638
1464.3000000000	0.5857807505
1464.3100000000	0.5848936209
1464.3200000000	0.5836355747
1464.3300000000	0.5835168413
1464.3400000000	0.5831419387
1464.3500000000	0.5826887544
1464.3600000000	0.5828497771
1464.3700000000	0.5823511209
1464.3800000000	0.5816099057
1464.3900000000	0.5818658572
1464.4000000000	0.5810962139
1464.4100000000	0.5813232856
1464.4200000000	0.5809915403
1464.4300000000	0.5800388753
1464.4400000000	0.5807597731
1464.4500000000	0.5804362113
1464.4600000000	0.5804289019
1464.4700000000	0.5801748556
1464.4800000000	0.5795035335
1464.4900000000	0.5800265894
1464.5000000000	0.5790500270
1464.5100000000	0.5795043562
1464.5200000000	0.5804599696
1464.5300000000	0.5791839777
1464.5400000000	0.5796823881
1464.5500000000	0.5797804674
1464.5600000000	0.5793267881
1464.5700000000	0.5811843554
1464.5800000000	0.5822003240
1464.5900000000	0.5821578407
1464.6000000000	0.5839091726
1464.6100000000	0.5846885346
1464.6200000000	0.5851093604
1464.6300000000	0.5873783957
1464.6400000000	0.5880300245
1464.6500000000	0.5884889850
1464.6600000000	0.5902333633
1464.6700000000	0.5902514913
1464.6800000000	0.5919060804
1464.6900000000	0.5928891830
1464.7000000000	0.5927855856
1464.7100000000	0.5930885673
1464.7200000000	0.5930266199
1464.7300000000	0.5933594765
1464.7400000000	0.5930867226
1464.7500000000	0.5924563739
1464.7600000000	0.5921290572
1464.7700000000	0.5908853342
1464.7800000000	0.5898127199
1464.7900000000	0.5892211965
1464.8000000000	0.5886435974
1464.8100000000	0.5877854800
1464.8200000000	0.5863332682
1464.8300000000	0.5855429956
1464.8400000000	0.5851926038
1464.8500000000	0.5842942778
1464.8600000000	0.5836384288
1464.8700000000	0.5828900351
1464.8800000000	0.5817541681
1464.8900000000	0.5807421682
1464.9000000000	0.5806710331
1464.9100000000	0.5796509183
1464.9200000000	0.5789929065
1464.9300000000	0.5782265822
1464.9400000000	0.5773844884
1464.9500000000	0.5774197187
1464.9600000000	0.5774851764
1464.9700000000	0.5777017613
1464.9800000000	0.5771817082
1464.9900000000	0.5767803107
1465.0000000000	0.5774873752
1465.0100000000	0.5780531974
1465.0200000000	0.5787592464
1465.0300000000	0.5791452856
1465.0400000000	0.5801815050
1465.0500000000	0.5814835390
1465.0600000000	0.5809731194
1465.0700000000	0.5823761329
1465.0800000000	0.5845027395
1465.0900000000	0.5844465072
1465.1000000000	0.5853518418
1465.1100000000	0.5865305144
1465.1200000000	0.5875679145
1465.1300000000	0.5890757062
1465.1400000000	0.5898462426
1465.1500000000	0.5895333129
1465.1600000000	0.5902052922
1465.1700000000	0.5899118776
1465.1800000000	0.5895517690
1465.1900000000	0.5896507123
1465.2000000000	0.5898726134
1465.2100000000	0.5909036067
1465.2200000000	0.5911684923
1465.2300000000	0.5905241567
1465.2400000000	0.5904718101
1465.2500000000	0.5907642213
1465.2600000000	0.5905853246
1465.2700000000	0.5897163536
1465.2800000000	0.5889469302
1465.2900000000	0.5888396480
1465.3000000000	0.5877717398
1465.3100000000	0.5863290371
1465.3200000000	0.5853209318
1465.3300000000	0.5841372253
1465.3400000000	0.5835932403
1465.3500000000	0.5836746585
1465.3600000000	0.5840123215
1465.3700000000	0.5838232008
1465.3800000000	0.5824828998
1465.3900000000	0.5815923490
1465.4000000000	0.5823034286
1465.4100000000	0.5821935777
1465.4200000000	0.5809712601
1465.4300000000	0.5803184097
1465.4400000000	0.5799209300
1465.4500000000	0.5793497478
1465.4600000000	0.5787184393
1465.4700000000	0.5782833389
1465.4800000000	0.5782501695
1465.4900000000	0.5774163790
1465.5000000000	0.5771495083
1465.5100000000	0.5773208855
1465.5200000000	0.5773396818
1465.5300000000	0.5775230439
1465.5400000000	0.5772057273
1465.5500000000	0.5777349336
1465.5600000000	0.5789117456
1465.5700000000	0.5797962579
1465.5800000000	0.5814135832
1465.5900000000	0.5815481612
1465.6000000000	0.5827721654
1465.6100000000	0.5847840500
1465.6200000000	0.5855032406
1465.6300000000	0.5871616652
1465.6400000000	0.5893261357
1465.6500000000	0.5899801647
1465.6600000000	0.5902882219
1465.6700000000	0.5913401023
1465.6800000000	0.5927048946
1465.6900000000	0.5931553995
1465.7000000000	0.5932626652
1465.7100000000	0.5934465646
1465.7200000000	0.5937811470
1465.7300000000	0.5933604873
1465.7400000000	0.5928770371
1465.7500000000	0.5929822850
1465.7600000000	0.5926214083
1465.7700000000	0.5919808173
1465.7800000000	0.5911630897
1465.7900000000	0.5916690570
1465.8000000000	0.5915288450
1465.8100000000	0.5900971840
1465.8200000000	0.5894581908
1465.8300000000	0.5883732485
1465.8400000000	0.5874588860
1465.8500000000	0.5866787966
1465.8600000000	0.5857285194
1465.8700000000	0.5853949421
1465.8800000000	0.5836335599
1465.8900000000	0.5822218372
1465.9000000000	0.5823369487
1465.9100000000	0.5820378869
1465.9200000000	0.5813314364
1465.9300000000	0.5805069231
1465.9400000000	0.5799319585
1465.9500000000	0.5797484167
1465.9600000000	0.5792995744
1465.9700000000	0.5782385051
1465.9800000000	0.5780821084
1465.9900000000	0.5777119761
1466.0000000000	0.5774448504
1466.0100000000	0.5778591867
1466.0200000000	0.5774084211
1466.0300000000	0.5777439778
1466.0400000000	0.5775976375
1466.0500000000	0.5755333950
1466.0600000000	0.5774069612
1466.0700000000	0.5792136124
1466.0800000000	0.5798420200
1466.0900000000	0.5813636910
1466.1000000000	0.5818916587
1466.1100000000	0.5833952371
1466.1200000000	0.5846448415
1466.1300000000	0.5854469347
1466.1400000000	0.5877514780
1466.1500000000	0.5889293504
1466.1600000000	0.5891785956
1466.1700000000	0.5903336068
1466.1800000000	0.5916991446
1466.1900000000	0.5919421740
1466.2000000000	0.5923986573
1466.2100000000	0.5922278746
1466.2200000000	0.5921467607
1466.2300000000	0.5926120364
1466.2400000000	0.5924703720
1466.2500000000	0.5924870564
1466.2600000000	0.5921555752
1466.2700000000	0.5910885212
1466.2800000000	0.5902472493
1466.2900000000	0.5899234364
1466.3000000000	0.5897452630
1466.3100000000	0.5890585697
1466.3200000000	0.5885725532
1466.3300000000	0.5880219978
1466.3400000000	0.5867275545
1466.3500000000	0.5863321179
1466.3600000000	0.5851928488
1466.3700000000	0.5839350106
1466.3800000000	0.5824513501
1466.3900000000	0.5806380368
1466.4000000000	0.5793334858
1466.4100000000	0.5775327269
1466.4200000000	0.5757258029
1466.4300000000	0.5734405509
1466.4400000000	0.5720800636
1466.4500000000	0.5726381073
1466.4600000000	0.5725658554
1466.4700000000	0.5716938257
1466.4800000000	0.5709487411
1466.4900000000	0.5702993690
1466.5000000000	0.5697314301
1466.5100000000	0.5698036899
1466.5200000000	0.5696737287
1466.5300000000	0.5706379934
1466.5400000000	0.5721964773
1466.5500000000	0.5711098202
1466.5600000000	0.5724183331
1466.5700000000	0.5744922836
1466.5800000000	0.5738318973
1466.5900000000	0.5758302250
1466.6000000000	0.5770585776
1466.6100000000	0.5785682582
1466.6200000000	0.5806734307
1466.6300000000	0.5814275078
1466.6400000000	0.5838712523
1466.6500000000	0.5853046314
1466.6600000000	0.5854150830
1466.6700000000	0.5863827596
1466.6800000000	0.5877374431
1466.6900000000	0.5890892547
1466.7000000000	0.5900892655
1466.7100000000	0.5902447385
1466.7200000000	0.5903188598
1466.7300000000	0.5908109015
1466.7400000000	0.5902860713
1466.7500000000	0.5904196177
1466.7600000000	0.5903951784
1466.7700000000	0.5895584233
1466.7800000000	0.5893449415
1466.7900000000	0.5884973490
1466.8000000000	0.5879592523
1466.8100000000	0.5875374939
1466.8200000000	0.5862941993
1466.8300000000	0.5862244976
1466.8400000000	0.5853031118
1466.8500000000	0.5849607566
1466.8600000000	0.5858669107
1466.8700000000	0.5839837964
1466.8800000000	0.5833380856
1466.8900000000	0.5833005606
1466.9000000000	0.5814430770
1466.9100000000	0.5814430770
1466.9200000000	0.5813492189
1466.9300000000	0.5783493122
1466.9400000000	0.5771255471
1466.9500000000	0.5763458086
1466.9600000000	0.5746257246
1466.9700000000	0.5749237155
1466.9800000000	0.5729333433
1466.9900000000	0.5714885709
1467.0000000000	0.5717834978
1467.0100000000	0.5698829122
1467.0200000000	0.5688774088
1467.0300000000	0.5682657143
1467.0400000000	0.5661831872
1467.0500000000	0.5649913648
1467.0600000000	0.5660833628
1467.0700000000	0.5689089044
1467.0800000000	0.5710897385
1467.0900000000	0.5717338765
1467.1000000000	0.5731188430
1467.1100000000	0.5741110378
1467.1200000000	0.5756538747
1467.1300000000	0.5775905419
1467.1400000000	0.5791512419
1467.1500000000	0.5807591940
1467.1600000000	0.5823856901
1467.1700000000	0.5834550935
1467.1800000000	0.5854602875
1467.1900000000	0.5876512208
1467.2000000000	0.5880219978
1467.2100000000	0.5893207775
1467.2200000000	0.5901618315
1467.2300000000	0.5902908478
1467.2400000000	0.5910826731
1467.2500000000	0.5916463895
1467.2600000000	0.5907394225
1467.2700000000	0.5910462036
1467.2800000000	0.5908219056
1467.2900000000	0.5898623529
1467.3000000000	0.5902080344
1467.3100000000	0.5897885473
1467.3200000000	0.5887502032
1467.3300000000	0.5880555007
1467.3400000000	0.5863594124
1467.3500000000	0.5862357911
1467.3600000000	0.5855766672
1467.3700000000	0.5842482609
1467.3800000000	0.5844436956
1467.3900000000	0.5835157976
1467.4000000000	0.5823398628
1467.4100000000	0.5822121831
1467.4200000000	0.5813043734
1467.4300000000	0.5812146737
1467.4400000000	0.5800804162
1467.4500000000	0.5787150952
1467.4600000000	0.5789190182
1467.4700000000	0.5784634656
1467.4800000000	0.5764159071
1467.4900000000	0.5763120252
1467.5000000000	0.5751208449
1467.5100000000	0.5739387707
1467.5200000000	0.5743416138
1467.5300000000	0.5733786954
1467.5400000000	0.5731707433
1467.5500000000	0.5732222200
1467.5600000000	0.5711433106
1467.5700000000	0.5719626923
1467.5800000000	0.5724534644
1467.5900000000	0.5723751695
1467.6000000000	0.5739691926
1467.6100000000	0.5735195065
1467.6200000000	0.5739837703
1467.6300000000	0.5761458015
1467.6400000000	0.5761824541
1467.6500000000	0.5777553098
1467.6600000000	0.5796457391
1467.6700000000	0.5799283704
1467.6800000000	0.5818576303
1467.6900000000	0.5836151032
1467.7000000000	0.5844960971
1467.7100000000	0.5862033120
1467.7200000000	0.5865807634
1467.7300000000	0.5869879760
1467.7400000000	0.5890389020
1467.7500000000	0.5902574142
1467.7600000000	0.5902974587
1467.7700000000	0.5906314087
1467.7800000000	0.5903836264
1467.7900000000	0.5899662386
1467.8000000000	0.5893998377
1467.8100000000	0.5887085364
1467.8200000000	0.5879617872
1467.8300000000	0.5872760281
1467.8400000000	0.5881552284
1467.8500000000	0.5884399944
1467.8600000000	0.5878453615
1467.8700000000	0.5870896179
1467.8800000000	0.5857767885
1467.8900000000	0.5855003791
1467.9000000000	0.5843506986
1467.9100000000	0.5834796806
1467.9200000000	0.5836849107
1467.9300000000	0.5825792727
1467.9400000000	0.5814642645
1467.9500000000	0.5812040353
1467.9600000000	0.5810811548
1467.9700000000	0.5808965070
1467.9800000000	0.5808142761
1467.9900000000	0.5800460771
1468.0000000000	0.5792176052
1468.0100000000	0.5790565076
1468.0200000000	0.5788579531
1468.0300000000	0.5789531966
1468.0400000000	0.5785111291
1468.0500000000	0.5779748123
1468.0600000000	0.5783026566
1468.0700000000	0.5781219406
1468.0800000000	0.5780966161
1468.0900000000	0.5778622769
1468.1000000000	0.5782391327
1468.1100000000	0.5779902476
1468.1200000000	0.5781041520
1468.1300000000	0.5800392376
1468.1400000000	0.5804068813
1468.1500000000	0.5806050839
1468.1600000000	0.5816568963
1468.1700000000	0.5819584670
1468.1800000000	0.5826549054
1468.1900000000	0.5840722147
1468.2000000000	0.5851339771
1468.2100000000	0.5862389313
1468.2200000000	0.5870412668
1468.2300000000	0.5872164707
1468.2400000000	0.5878850736
1468.2500000000	0.5891712004
1468.2600000000	0.5893653241
1468.2700000000	0.5896016757
1468.2800000000	0.5902116635
1468.2900000000	0.5901575746
1468.3000000000	0.5903300314
1468.3100000000	0.5899647044
1468.3200000000	0.5897815890
1468.3300000000	0.5891947821
1468.3400000000	0.5885254545
1468.3500000000	0.5888501205
1468.3600000000	0.5882694339
1468.3700000000	0.5879065138
1468.3800000000	0.5879340058
1468.3900000000	0.5865800019
1468.4000000000	0.5861091122
1468.4100000000	0.5859262930
1468.4200000000	0.5852995723
1468.4300000000	0.5851309348
1468.4400000000	0.5840788357
1468.4500000000	0.5831760044
1468.4600000000	0.5830837397
1468.4700000000	0.5821786181
1468.4800000000	0.5819525092
1468.4900000000	0.5829725319
1468.5000000000	0.5817334591
1468.5100000000	0.5814831509
1468.5200000000	0.5823636823
1468.5300000000	0.5813358002
1468.5400000000	0.5815652970
1468.5500000000	0.5809141235
1468.5600000000	0.5811519234
1468.5700000000	0.5822551557
1468.5800000000	0.5818685621
1468.5900000000	0.5822512483
1468.6000000000	0.5828346405
1468.6100000000	0.5827418273
1468.6200000000	0.5820519191
1468.6300000000	0.5832778279
1468.6400000000	0.5846372185
1468.6500000000	0.5845108785
1468.6600000000	0.5857058805
1468.6700000000	0.5866196007
1468.6800000000	0.5869612796
1468.6900000000	0.5882709951
1468.7000000000	0.5895709526
1468.7100000000	0.5907380022
1468.7200000000	0.5922039622
1468.7300000000	0.5932294158
1468.7400000000	0.5941821146
1468.7500000000	0.5951428050
1468.7600000000	0.5960600066
1468.7700000000	0.5965394209
1468.7800000000	0.5966492636
1468.7900000000	0.5968349287
1468.8000000000	0.5974008386
1468.8100000000	0.5977885291
1468.8200000000	0.5974906274
1468.8300000000	0.5969790307
1468.8400000000	0.5963887282
1468.8500000000	0.5957870191
1468.8600000000	0.5946064157
1468.8700000000	0.5942148273
1468.8800000000	0.5942556868
1468.8900000000	0.5931969904
1468.9000000000	0.5920419220
1468.9100000000	0.5915842424
1468.9200000000	0.5907469660
1468.9300000000	0.5897559724
1468.9400000000	0.5888793919
1468.9500000000	0.5876460081
1468.9600000000	0.5869442343
1468.9700000000	0.5854702714
1468.9800000000	0.5844778842
1468.9900000000	0.5841567918
1469.0000000000	0.5826229712
1469.0100000000	0.5815255287
1469.0200000000	0.5814571562
1469.0300000000	0.5815481785
1469.0400000000	0.5817897829
1469.0500000000	0.5814316217
1469.0600000000	0.5805420387
1469.0700000000	0.5805058578
1469.0800000000	0.5807111698
1469.0900000000	0.5813572666
1469.1000000000	0.5818433462
1469.1100000000	0.5817832507
1469.1200000000	0.5826012642
1469.1300000000	0.5834984993
1469.1400000000	0.5835000017
1469.1500000000	0.5842868200
1469.1600000000	0.5849767194
1469.1700000000	0.5860704912
1469.1800000000	0.5864450159
1469.1900000000	0.5870505451
1469.2000000000	0.5896851492
1469.2100000000	0.5907193990
1469.2200000000	0.5907744472
1469.2300000000	0.5924293030
1469.2400000000	0.5939378078
1469.2500000000	0.5955102835
1469.2600000000	0.5971989618
1469.2700000000	0.5983028839
1469.2800000000	0.5984457053
1469.2900000000	0.5987492885
1469.3000000000	0.5990265654
1469.3100000000	0.5996229622
1469.3200000000	0.6000554719
1469.3300000000	0.5998013399
1469.3400000000	0.6000303988
1469.3500000000	0.5996321104
1469.3600000000	0.5989149947
1469.3700000000	0.5983828989
1469.3800000000	0.5979781360
1469.3900000000	0.5968955178
1469.4000000000	0.5956555771
1469.4100000000	0.5954056458
1469.4200000000	0.5949345825
1469.4300000000	0.5940928134
1469.4400000000	0.5937446258
1469.4500000000	0.5930623879
1469.4600000000	0.5922489753
1469.4700000000	0.5916266536
1469.4800000000	0.5913628714
1469.4900000000	0.5910044582
1469.5000000000	0.5895388685
1469.5100000000	0.5886125295
1469.5200000000	0.5879002234
1469.5300000000	0.5871159618
1469.5400000000	0.5872640955
1469.5500000000	0.5867857606
1469.5600000000	0.5865228524
1469.5700000000	0.5856979406
1469.5800000000	0.5853380317
1469.5900000000	0.5851041131
1469.6000000000	0.5837394306
1469.6100000000	0.5819827311
1469.6200000000	0.5807313214
1469.6300000000	0.5781043013
1469.6400000000	0.5765291599
1469.6500000000	0.5802232416
1469.6600000000	0.5838834433
1469.6700000000	0.5858174562
1469.6800000000	0.5871205587
1469.6900000000	0.5870259006
1469.7000000000	0.5884413417
1469.7100000000	0.5898790092
1469.7200000000	0.5898828175
1469.7300000000	0.5919779118
1469.7400000000	0.5917815902
1469.7500000000	0.5917922492
1469.7600000000	0.5945216802
1469.7700000000	0.5952677922
1469.7800000000	0.5956470608
1469.7900000000	0.5973194559
1469.8000000000	0.5972512020
1469.8100000000	0.5978344335
1469.8200000000	0.5992666737
1469.8300000000	0.5982570088
1469.8400000000	0.5991806262
1469.8500000000	0.5992675351
1469.8600000000	0.5983596071
1469.8700000000	0.5993732450
1469.8800000000	0.5996542722
1469.8900000000	0.5986293750
1469.9000000000	0.5982854785
1469.9100000000	0.5975799523
1469.9200000000	0.5965615898
1469.9300000000	0.5961909524
1469.9400000000	0.5954145691
1469.9500000000	0.5949317019
1469.9600000000	0.5938180802
1469.9700000000	0.5924288295
1469.9800000000	0.5927729726
1469.9900000000	0.5921874696
1470.0000000000	0.5911176885
1470.0100000000	0.5912113853
1470.0200000000	0.5895459070
1470.0300000000	0.5892870861
1470.0400000000	0.5893712496
1470.0500000000	0.5876489851
1470.0600000000	0.5880409961
1470.0700000000	0.5869253214
1470.0800000000	0.5862519703
1470.0900000000	0.5875865991
1470.1000000000	0.5872670906
1470.1100000000	0.5864775192
1470.1200000000	0.5868498765
1470.1300000000	0.5857217703
1470.1400000000	0.5854692530
1470.1500000000	0.5875889734
1470.1600000000	0.5874316878
1470.1700000000	0.5872993362
1470.1800000000	0.5889061404
1470.1900000000	0.5888162525
1470.2000000000	0.5901899023
1470.2100000000	0.5913529294
1470.2200000000	0.5916121832
1470.2300000000	0.5944314844
1470.2400000000	0.5933029331
1470.2500000000	0.5935300828
1470.2600000000	0.5968349334
1470.2700000000	0.5964295997
1470.2800000000	0.5964795692
1470.2900000000	0.5983364700
1470.3000000000	0.5981625932
1470.3100000000	0.5993971565
1470.3200000000	0.5999779401
1470.3300000000	0.5994299394
1470.3400000000	0.5998720299
1470.3500000000	0.5993458874
1470.3600000000	0.5981806283
1470.3700000000	0.5983889141
1470.3800000000	0.5983030441
1470.3900000000	0.5979056287
1470.4000000000	0.5978485558
1470.4100000000	0.5971583734
1470.4200000000	0.5966671831
1470.4300000000	0.5957983813
1470.4400000000	0.5948802858
1470.4500000000	0.5943383894
1470.4600000000	0.5927122735
1470.4700000000	0.5923245594
1470.4800000000	0.5908835200
1470.4900000000	0.5895569868
1470.5000000000	0.5896801401
1470.5100000000	0.5882111067
1470.5200000000	0.5872671081
1470.5300000000	0.5877600574
1470.5400000000	0.5876485957
1470.5500000000	0.5875059106
1470.5600000000	0.5868488862
1470.5700000000	0.5857728316
1470.5800000000	0.5860707856
1470.5900000000	0.5859340343
1470.6000000000	0.5852131187
1470.6100000000	0.5866785460
1470.6200000000	0.5866459647
1470.6300000000	0.5851429988
1470.6400000000	0.5853830668
1470.6500000000	0.5849113063
1470.6600000000	0.5849113139
1470.6700000000	0.5842874835
1470.6800000000	0.5838455251
1470.6900000000	0.5849531475
1470.7000000000	0.5831254591
1470.7100000000	0.5817934696
1470.7200000000	0.5806081783
1470.7300000000	0.5822135747
1470.7400000000	0.5865471205
1470.7500000000	0.5889195677
1470.7600000000	0.5912877725
1470.7700000000	0.5928963994
1470.7800000000	0.5940448027
1470.7900000000	0.5945744924
1470.8000000000	0.5951088850
1470.8100000000	0.5955553454
1470.8200000000	0.5963957405
1470.8300000000	0.5979491104
1470.8400000000	0.5985372044
1470.8500000000	0.5984979431
1470.8600000000	0.5984162426
1470.8700000000	0.5980442787
1470.8800000000	0.5977842345
1470.8900000000	0.5976759130
1470.9000000000	0.5973981819
1470.9100000000	0.5964721374
1470.9200000000	0.5959238915
1470.9300000000	0.5959373108
1470.9400000000	0.5952147476
1470.9500000000	0.5946060576
1470.9600000000	0.5935355492
1470.9700000000	0.5932583465
1470.9800000000	0.5925351318
1470.9900000000	0.5906310452
1471.0000000000	0.5908319541
1471.0100000000	0.5897851067
1471.0200000000	0.5871846568
1471.0300000000	0.5864354965
1471.0400000000	0.5857854394
1471.0500000000	0.5850378254
1471.0600000000	0.5841978925
1471.0700000000	0.5823196140
1471.0800000000	0.5799696612
1471.0900000000	0.5797990344
1471.1000000000	0.5810309967
1471.1100000000	0.5824022549
1471.1200000000	0.5837411524
1471.1300000000	0.5832337347
1471.1400000000	0.5833001624
1471.1500000000	0.5841059089
1471.1600000000	0.5842300996
1471.1700000000	0.5847683060
1471.1800000000	0.5845751012
1471.1900000000	0.5843294661
1471.2000000000	0.5847881819
1471.2100000000	0.5855884725
1471.2200000000	0.5863902836
1471.2300000000	0.5865780827
1471.2400000000	0.5871710286
1471.2500000000	0.5878154447
1471.2600000000	0.5880514112
1471.2700000000	0.5894933346
1471.2800000000	0.5910304521
1471.2900000000	0.5926330896
1471.3000000000	0.5925037908
1471.3100000000	0.5927472381
1471.3200000000	0.5944005399
1471.3300000000	0.5952789300
1471.3400000000	0.5961426232
1471.3500000000	0.5967512388
1471.3600000000	0.5972146871
1471.3700000000	0.5977010414
1471.3800000000	0.5975586252
1471.3900000000	0.5975568344
1471.4000000000	0.5973503453
1471.4100000000	0.5958821760
1471.4200000000	0.5948749530
1471.4300000000	0.5947797326
1471.4400000000	0.5939588086
1471.4500000000	0.5934207008
1471.4600000000	0.5931501862
1471.4700000000	0.5922687682
1471.4800000000	0.5917405360
1471.4900000000	0.5906277226
1471.5000000000	0.5905200714
1471.5100000000	0.5909893595
1471.5200000000	0.5891845894
1471.5300000000	0.5890303901
1471.5400000000	0.5884156814
1471.5500000000	0.5866754614
1471.5600000000	0.5868652176
1471.5700000000	0.5856080255
1471.5800000000	0.5846515825
1471.5900000000	0.5846263726
1471.6000000000	0.5844270027
1471.6100000000	0.5841655680
1471.6200000000	0.5837303382
1471.6300000000	0.5829317348
1471.6400000000	0.5826030147
1471.6500000000	0.5824121751
1471.6600000000	0.5826200442
1471.6700000000	0.5842034636
1471.6800000000	0.5843202698
1471.6900000000	0.5833352099
1471.7000000000	0.5837817313
1471.7100000000	0.5840254046
1471.7200000000	0.5847486193
1471.7300000000	0.5849600885
1471.7400000000	0.5857015821
1471.7500000000	0.5868060093
1471.7600000000	0.5852688919
1471.7700000000	0.5858369334
1471.7800000000	0.5870373922
1471.7900000000	0.5869902603
1471.8000000000	0.5880730550
1471.8100000000	0.5889213823
1471.8200000000	0.5905193212
1471.8300000000	0.5919128918
1471.8400000000	0.5923202250
1471.8500000000	0.5932744395
1471.8600000000	0.5938114692
1471.8700000000	0.5936653542
1471.8800000000	0.5944048711
1471.8900000000	0.5955060260
1471.9000000000	0.5960809163
1471.9100000000	0.5953999721
1471.9200000000	0.5948609799
1471.9300000000	0.5944170698
1471.9400000000	0.5938154557
1471.9500000000	0.5930163291
1471.9600000000	0.5926616927
1471.9700000000	0.5917903108
1471.9800000000	0.5903985623
1471.9900000000	0.5896187160
1472.0000000000	0.5890058171
1472.0100000000	0.5890204466
1472.0200000000	0.5878640189
1472.0300000000	0.5873037393
1472.0400000000	0.5870566335
1472.0500000000	0.5856398683
1472.0600000000	0.5857140709
1472.0700000000	0.5852798278
1472.0800000000	0.5833366137
1472.0900000000	0.5833749310
1472.1000000000	0.5821118188
1472.1100000000	0.5811626033
1472.1200000000	0.5820247509
1472.1300000000	0.5809663283
1472.1400000000	0.5801134290
1472.1500000000	0.5794304541
1472.1600000000	0.5786511659
1472.1700000000	0.5794492293
1472.1800000000	0.5795491315
1472.1900000000	0.5786658582
1472.2000000000	0.5800843937
1472.2100000000	0.5799530464
1472.2200000000	0.5796903917
1472.2300000000	0.5805897706
1472.2400000000	0.5806488760
1472.2500000000	0.5819450206
1472.2600000000	0.5816073927
1472.2700000000	0.5814260243
1472.2800000000	0.5841502537
1472.2900000000	0.5833315837
1472.3000000000	0.5829468568
1472.3100000000	0.5841377856
1472.3200000000	0.5826673028
1472.3300000000	0.5818522889
1472.3400000000	0.5803339463
1472.3500000000	0.5807936019
1472.3600000000	0.5862342841
1472.3700000000	0.5889826079
1472.3800000000	0.5898097879
1472.3900000000	0.5912472314
1472.4000000000	0.5919543675
1472.4100000000	0.5919410191
1472.4200000000	0.5926519433
1472.4300000000	0.5930612691
1472.4400000000	0.5930014720
1472.4500000000	0.5927256550
1472.4600000000	0.5925182413
1472.4700000000	0.5919117695
1472.4800000000	0.5914184036
1472.4900000000	0.5906929672
1472.5000000000	0.5896272073
1472.5100000000	0.5888881510
1472.5200000000	0.5885212259
1472.5300000000	0.5869872058
1472.5400000000	0.5862269662
1472.5500000000	0.5853607935
1472.5600000000	0.5846942160
1472.5700000000	0.5854370396
1472.5800000000	0.5835603016
1472.5900000000	0.5832363968
1472.6000000000	0.5829779782
1472.6100000000	0.5793275704
1472.6200000000	0.5801320416
1472.6300000000	0.5813760363
1472.6400000000	0.5809305876
1472.6500000000	0.5807890460
1472.6600000000	0.5797545262
1472.6700000000	0.5797345501
1472.6800000000	0.5797206030
1472.6900000000	0.5787026828
1472.7000000000	0.5784298997
1472.7100000000	0.5787029871
1472.7200000000	0.5784066574
1472.7300000000	0.5795094953
1472.7400000000	0.5802220076
1472.7500000000	0.5797411315
1472.7600000000	0.5806635528
1472.7700000000	0.5796277347
1472.7800000000	0.5810919622
1472.7900000000	0.5821123057
1472.8000000000	0.5829090369
1472.8100000000	0.5858052173
1472.8200000000	0.5842677201
1472.8300000000	0.5843085831
1472.8400000000	0.5862714495
1472.8500000000	0.5863743683
1472.8600000000	0.5877432912
1472.8700000000	0.5889863077
1472.8800000000	0.5894562619
1472.8900000000	0.5902229588
1472.9000000000	0.5903687169
1472.9100000000	0.5903920558
1472.9200000000	0.5910853818
1472.9300000000	0.5909014102
1472.9400000000	0.5905716534
1472.9500000000	0.5917405360
1472.9600000000	0.5917061599
1472.9700000000	0.5913520827
1472.9800000000	0.5908219453
1472.9900000000	0.5895842489
1473.0000000000	0.5895934996
1473.0100000000	0.5888113956
1473.0200000000	0.5885160046
1473.0300000000	0.5881657612
1473.0400000000	0.5867829848
1473.0500000000	0.5857570451
1473.0600000000	0.5849434291
1473.0700000000	0.5834251042
1473.0800000000	0.5824132432
1473.0900000000	0.5828280546
1473.1000000000	0.5816689957
1473.1100000000	0.5803579973
1473.1200000000	0.5809372407
1473.1300000000	0.5803530846
1473.1400000000	0.5796423065
1473.1500000000	0.5793432391
1473.1600000000	0.5783569185
1473.1700000000	0.5787831103
1473.1800000000	0.5785395310
1473.1900000000	0.5781652820
1473.2000000000	0.5784038895
1473.2100000000	0.5765102653
1473.2200000000	0.5752773174
1473.2300000000	0.5766161485
1473.2400000000	0.5766906905
1473.2500000000	0.5773089569
1473.2600000000	0.5784975702
1473.2700000000	0.5771614122
1473.2800000000	0.5780466687
1473.2900000000	0.5780763872
1473.3000000000	0.5775421289
1473.3100000000	0.5806790634
1473.3200000000	0.5800587089
1473.3300000000	0.5804523837
1473.3400000000	0.5832483329
1473.3500000000	0.5820268202
1473.3600000000	0.5838935448
1473.3700000000	0.5849182638
1473.3800000000	0.5844158039
1473.3900000000	0.5863415427
1473.4000000000	0.5864831143
1473.4100000000	0.5876537296
1473.4200000000	0.5892411422
1473.4300000000	0.5882008118
1473.4400000000	0.5882441311
1473.4500000000	0.5888196594
1473.4600000000	0.5879945098
1473.4700000000	0.5892552172
1473.4800000000	0.5891232535
1473.4900000000	0.5882256670
1473.5000000000	0.5885382504
1473.5100000000	0.5872280423
1473.5200000000	0.5867596608
1473.5300000000	0.5864900526
1473.5400000000	0.5846916536
1473.5500000000	0.5852170645
1473.5600000000	0.5837613028
1473.5700000000	0.5813080898
1473.5800000000	0.5821859136
1473.5900000000	0.5798021485
1473.6000000000	0.5782684435
1473.6100000000	0.5773259104
1473.6200000000	0.5758797098
1473.6300000000	0.5757698902
1473.6400000000	0.5748590955
1473.6500000000	0.5739861517
1473.6600000000	0.5742084935
1473.6700000000	0.5728115672
1473.6800000000	0.5723412457
1473.6900000000	0.5742233629
1473.7000000000	0.5743278027
1473.7100000000	0.5736454122
1473.7200000000	0.5744045775
1473.7300000000	0.5730803532
1473.7400000000	0.5725219728
1473.7500000000	0.5725335372
1473.7600000000	0.5716855280
1473.7700000000	0.5735708071
1473.7800000000	0.5745932612
1473.7900000000	0.5750193133
1473.8000000000	0.5759746413
1473.8100000000	0.5764430406
1473.8200000000	0.5764065986
1473.8300000000	0.5759512751
1473.8400000000	0.5774385063
1473.8500000000	0.5769017711
1473.8600000000	0.5779192069
1473.8700000000	0.5804262147
1473.8800000000	0.5798341008
1473.8900000000	0.5799145461
1473.9000000000	0.5807091953
1473.9100000000	0.5806113330
1473.9200000000	0.5822201886
1473.9300000000	0.5830870986
1473.9400000000	0.5830177016
1473.9500000000	0.5829171332
1473.9600000000	0.5828777223
1473.9700000000	0.5829325229
1473.9800000000	0.5834473990
1473.9900000000	0.5833636387
1474.0000000000	0.5828072827
1474.0100000000	0.5832629121
1474.0200000000	0.5829448013
1474.0300000000	0.5829043438
1474.0400000000	0.5830347178
1474.0500000000	0.5828295705
1474.0600000000	0.5823517385
1474.0700000000	0.5816091603
1474.0800000000	0.5821212779
1474.0900000000	0.5820113645
1474.1000000000	0.5813106764
1474.1100000000	0.5812213686
1474.1200000000	0.5801700287
1474.1300000000	0.5793181242
1474.1400000000	0.5789108766
1474.1500000000	0.5784385940
1474.1600000000	0.5780391581
1474.1700000000	0.5768263643
1474.1800000000	0.5760003373
1474.1900000000	0.5759314517
1474.2000000000	0.5757990293
1474.2100000000	0.5756666069
1474.2200000000	0.5757381269
1474.2300000000	0.5755536722
1474.2400000000	0.5750338685
1474.2500000000	0.5762074826
1474.2600000000	0.5767750242
1474.2700000000	0.5762217627
1474.2800000000	0.5762058450
1474.2900000000	0.5762528605
1474.3000000000	0.5766451353
1474.3100000000	0.5771607210
1474.3200000000	0.5782838323
1474.3300000000	0.5789223287
1474.3400000000	0.5787177861
1474.3500000000	0.5783380083
1474.3600000000	0.5786391714
1474.3700000000	0.5806893378
1474.3800000000	0.5804142280
1474.3900000000	0.5812204612
1474.4000000000	0.5827005434
1474.4100000000	0.5820775245
1474.4200000000	0.5832064221
1474.4300000000	0.5847268681
1474.4400000000	0.5855582607
1474.4500000000	0.5861039439
1474.4600000000	0.5865088403
1474.4700000000	0.5870035558
1474.4800000000	0.5874779464
1474.4900000000	0.5876739540
1474.5000000000	0.5873360163
1474.5100000000	0.5871789111
1474.5200000000	0.5863808057
1474.5300000000	0.5861348519
1474.5400000000	0.5866011220
1474.5500000000	0.5854887125
1474.5600000000	0.5844662838
1474.5700000000	0.5832794977
1474.5800000000	0.5821798764
1474.5900000000	0.5814788165
1474.6000000000	0.5800273710
1474.6100000000	0.5800128565
1474.6200000000	0.5790857151
1474.6300000000	0.5772445548
1474.6400000000	0.5770831038
1474.6500000000	0.5764852313
1474.6600000000	0.5749157863
1474.6700000000	0.5742443512
1474.6800000000	0.5735822342
1474.6900000000	0.5723979907
1474.7000000000	0.5718246021
1474.7100000000	0.5713703375
1474.7200000000	0.5707526417
1474.7300000000	0.5698810119
1474.7400000000	0.5688229540
1474.7500000000	0.5693421117
1474.7600000000	0.5706460867
1474.7700000000	0.5706914753
1474.7800000000	0.5711598916
1474.7900000000	0.5716465524
1474.8000000000	0.5714677807
1474.8100000000	0.5721934134
1474.8200000000	0.5737590800
1474.8300000000	0.5752280878
1474.8400000000	0.5759298866
1474.8500000000	0.5769632908
1474.8600000000	0.5778586160
1474.8700000000	0.5789780904
1474.8800000000	0.5796298000
1474.8900000000	0.5802273928
1474.9000000000	0.5814278248
1474.9100000000	0.5810527202
1474.9200000000	0.5815692000
1474.9300000000	0.5831057028
1474.9400000000	0.5832448826
1474.9500000000	0.5832178274
1474.9600000000	0.5837249072
1474.9700000000	0.5834653857
1474.9800000000	0.5833799792
1474.9900000000	0.5842248240
1475.0000000000	0.5845792510
1475.0100000000	0.5840961006
1475.0200000000	0.5833809823
1475.0300000000	0.5828104117
1475.0400000000	0.5827626189
1475.0500000000	0.5822725888
1475.0600000000	0.5818548398
1475.0700000000	0.5825143117
1475.0800000000	0.5819895704
1475.0900000000	0.5813775547
1475.1000000000	0.5812076460
1475.1100000000	0.5813069081
1475.1200000000	0.5807923269
1475.1300000000	0.5798474309
1475.1400000000	0.5803793418
1475.1500000000	0.5802514432
1475.1600000000	0.5798838645
1475.1700000000	0.5799864623
1475.1800000000	0.5795788020
1475.1900000000	0.5788617154
1475.2000000000	0.5784120018
1475.2100000000	0.5781303626
1475.2200000000	0.5778406420
1475.2300000000	0.5770202731
1475.2400000000	0.5753303797
1475.2500000000	0.5738391580
1475.2600000000	0.5727152596
1475.2700000000	0.5715627252
1475.2800000000	0.5715373542
1475.2900000000	0.5708318523
1475.3000000000	0.5689233846
1475.3100000000	0.5692970590
1475.3200000000	0.5688125791
1475.3300000000	0.5676648318
1475.3400000000	0.5679454713
1475.3500000000	0.5686766817
1475.3600000000	0.5685083411
1475.3700000000	0.5691175302
1475.3800000000	0.5713401153
1475.3900000000	0.5722504110
1475.4000000000	0.5733981525
1475.4100000000	0.5743222027
1475.4200000000	0.5752269731
1475.4300000000	0.5774825724
1475.4400000000	0.5791189721
1475.4500000000	0.5806300876
1475.4600000000	0.5831546244
1475.4700000000	0.5837742338
1475.4800000000	0.5843477378
1475.4900000000	0.5860370809
1475.5000000000	0.5876850020
1475.5100000000	0.5887553846
1475.5200000000	0.5895146082
1475.5300000000	0.5898432338
1475.5400000000	0.5893694317
1475.5500000000	0.5898451857
1475.5600000000	0.5896289025
1475.5700000000	0.5896465909
1475.5800000000	0.5886918308
1475.5900000000	0.5881592111
1475.6000000000	0.5879439639
1475.6100000000	0.5875163396
1475.6200000000	0.5870420576
1475.6300000000	0.5860735236
1475.6400000000	0.5856601670
1475.6500000000	0.5847993562
1475.6600000000	0.5835425054
1475.6700000000	0.5834252691
1475.6800000000	0.5827254697
1475.6900000000	0.5817842345
1475.7000000000	0.5820372470
1475.7100000000	0.5810522350
1475.7200000000	0.5806829059
1475.7300000000	0.5816091129
1475.7400000000	0.5814738333
1475.7500000000	0.5803821956
1475.7600000000	0.5803151985
1475.7700000000	0.5800898336
1475.7800000000	0.5803718105
1475.7900000000	0.5791805561
1475.8000000000	0.5777087947
1475.8100000000	0.5799268204
1475.8200000000	0.5804050668
1475.8300000000	0.5793313161
1475.8400000000	0.5818114803
1475.8500000000	0.5818504659
1475.8600000000	0.5801873626
1475.8700000000	0.5805809852
1475.8800000000	0.5805200001
1475.8900000000	0.5806905486
1475.9000000000	0.5817907620
1475.9100000000	0.5822621699
1475.9200000000	0.5821967724
1475.9300000000	0.5832655147
1475.9400000000	0.5829719862
1475.9500000000	0.5836563220
1475.9600000000	0.5857892465
1475.9700000000	0.5853003409
1475.9800000000	0.5856508650
1475.9900000000	0.5873449350
1476.0000000000	0.5870300105
1476.0100000000	0.5896256833
1476.0200000000	0.5909455915
1476.0300000000	0.5900810733
1476.0400000000	0.5913423294
1476.0500000000	0.5914545036
1476.0600000000	0.5918053971
1476.0700000000	0.5926271581
1476.0800000000	0.5913447198
1476.0900000000	0.5914435600
1476.1000000000	0.5920090563
1476.1100000000	0.5904059143
1476.1200000000	0.5916656876
1476.1300000000	0.5920877388
1476.1400000000	0.5908352098
1476.1500000000	0.5908641823
1476.1600000000	0.5899041527
1476.1700000000	0.5895514718
1476.1800000000	0.5896163864
1476.1900000000	0.5882999204
1476.2000000000	0.5883382275
1476.2100000000	0.5871971682
1476.2200000000	0.5850844283
1476.2300000000	0.5858005429
1476.2400000000	0.5852525577
1476.2500000000	0.5843835470
1476.2600000000	0.5849184835
1476.2700000000	0.5835289064
1476.2800000000	0.5828547070
1476.2900000000	0.5846924894
1476.3000000000	0.5829885604
1476.3100000000	0.5836859175
1476.3200000000	0.5837682485
1476.3300000000	0.5820508813
1476.3400000000	0.5851496826
1476.3500000000	0.5847073884
1476.3600000000	0.5831844497
1476.3700000000	0.5852529495
1476.3800000000	0.5844311460
1476.3900000000	0.5835880293
1476.4000000000	0.5855516488
1476.4100000000	0.5860490666
1476.4200000000	0.5854397896
1476.4300000000	0.5860593842
1476.4400000000	0.5861763208
1476.4500000000	0.5863061340
1476.4600000000	0.5883724312
1476.4700000000	0.5887571287
1476.4800000000	0.5903586620
1476.4900000000	0.5917979994
1476.5000000000	0.5904986773
1476.5100000000	0.5928068451
1476.5200000000	0.5943779275
1476.5300000000	0.5941124279
1476.5400000000	0.5947126317
1476.5500000000	0.5951438685
1476.5600000000	0.5954101745
1476.5700000000	0.5965010953
1476.5800000000	0.5965371630
1476.5900000000	0.5961998332
1476.6000000000	0.5958625033
1476.6100000000	0.5951653117
1476.6200000000	0.5951015628
1476.6300000000	0.5950419484
1476.6400000000	0.5945599128
1476.6500000000	0.5943429869
1476.6600000000	0.5933520399
1476.6700000000	0.5926797299
1476.6800000000	0.5925628939
1476.6900000000	0.5923448295
1476.7000000000	0.5924920938
1476.7100000000	0.5911079965
1476.7200000000	0.5905853381
1476.7300000000	0.5904944524
1476.7400000000	0.5881897387
1476.7500000000	0.5884153070
1476.7600000000	0.5882008118
1476.7700000000	0.5860515771
1476.7800000000	0.5856632951
1476.7900000000	0.5857770042
1476.8000000000	0.5860284698
1476.8100000000	0.5861324166
1476.8200000000	0.5845911812
1476.8300000000	0.5851258757
1476.8400000000	0.5858341970
1476.8500000000	0.5856547384
1476.8600000000	0.5863388344
1476.8700000000	0.5870416190
1476.8800000000	0.5866654532
1476.8900000000	0.5868492450
1476.9000000000	0.5870308809
1476.9100000000	0.5876723444
1476.9200000000	0.5879555629
1476.9300000000	0.5880159221
1476.9400000000	0.5886155635
1476.9500000000	0.5880110127
1476.9600000000	0.5887857001
1476.9700000000	0.5902595218
1476.9800000000	0.5895866686
1476.9900000000	0.5902728206
1477.0000000000	0.5911173159
1477.0100000000	0.5918364023
1477.0200000000	0.5937807851
1477.0300000000	0.5939194416
1477.0400000000	0.5956096922
1477.0500000000	0.5963291588
1477.0600000000	0.5948793385
1477.0700000000	0.5952803185
1477.0800000000	0.5956176484
1477.0900000000	0.5950037080
1477.1000000000	0.5964959636
1477.1100000000	0.5979848787
1477.1200000000	0.5983114562
1477.1300000000	0.5985066273
1477.1400000000	0.5978434678
1477.1500000000	0.5974141997
1477.1600000000	0.5970194517
1477.1700000000	0.5958080711
1477.1800000000	0.5949499342
1477.1900000000	0.5941498415
1477.2000000000	0.5929005124
1477.2100000000	0.5922913297
1477.2200000000	0.5911357162
1477.2300000000	0.5904721881
1477.2400000000	0.5894522183
1477.2500000000	0.5892085610
1477.2600000000	0.5893125295
1477.2700000000	0.5877127423
1477.2800000000	0.5874635583
1477.2900000000	0.5871686855
1477.3000000000	0.5864375387
1477.3100000000	0.5866003084
1477.3200000000	0.5868696026
1477.3300000000	0.5863129377
1477.3400000000	0.5855978151
1477.3500000000	0.5860765266
1477.3600000000	0.5869153630
1477.3700000000	0.5870839506
1477.3800000000	0.5875582551
1477.3900000000	0.5871939339
1477.4000000000	0.5877565242
1477.4100000000	0.5884324969
1477.4200000000	0.5883223354
1477.4300000000	0.5887877584
1477.4400000000	0.5890589091
1477.4500000000	0.5875538573
1477.4600000000	0.5875611719
1477.4700000000	0.5888960394
1477.4800000000	0.5874629344
1477.4900000000	0.5876615695
1477.5000000000	0.5880756403
1477.5100000000	0.5865858062
1477.5200000000	0.5874928553
1477.5300000000	0.5882651720
1477.5400000000	0.5890197477
1477.5500000000	0.5906472596
1477.5600000000	0.5903296260
1477.5700000000	0.5912922352
1477.5800000000	0.5928613156
1477.5900000000	0.5935903832
1477.6000000000	0.5952595400
1477.6100000000	0.5967534086
1477.6200000000	0.5971742910
1477.6300000000	0.5975801855
1477.6400000000	0.5986026182
1477.6500000000	0.5985347729
1477.6600000000	0.5981486821
1477.6700000000	0.5974079447
1477.6800000000	0.5966434655
1477.6900000000	0.5954038136
1477.7000000000	0.5932658498
1477.7100000000	0.5921729877
1477.7200000000	0.5898888364
1477.7300000000	0.5871066621
1477.7400000000	0.5849378547
1477.7500000000	0.5827506954
1477.7600000000	0.5814290873
1477.7700000000	0.5793123665
1477.7800000000	0.5781556760
1477.7900000000	0.5770851033
1477.8000000000	0.5753198159
1477.8100000000	0.5750393920
1477.8200000000	0.5747513608
1477.8300000000	0.5743140310
1477.8400000000	0.5727848016
1477.8500000000	0.5708595272
1477.8600000000	0.5711001935
1477.8700000000	0.5747174597
1477.8800000000	0.5785468966
1477.8900000000	0.5806739708
1477.9000000000	0.5815405601
1477.9100000000	0.5822628966
1477.9200000000	0.5843478255
1477.9300000000	0.5862082365
1477.9400000000	0.5869821069
1477.9500000000	0.5878074880
1477.9600000000	0.5876234512
1477.9700000000	0.5878488337
1477.9800000000	0.5875210725
1477.9900000000	0.5879568018
1478.0000000000	0.5886493323
1478.0100000000	0.5872251396
1478.0200000000	0.5869065998
1478.0300000000	0.5866948837
1478.0400000000	0.5859475202
1478.0500000000	0.5865301172
1478.0600000000	0.5866158911
1478.0700000000	0.5868097052
1478.0800000000	0.5868771932
1478.0900000000	0.5867442963
1478.1000000000	0.5880210242
1478.1100000000	0.5895204870
1478.1200000000	0.5893878499
1478.1300000000	0.5902666405
1478.1400000000	0.5912092276
1478.1500000000	0.5919865198
1478.1600000000	0.5942401794
1478.1700000000	0.5954665958
1478.1800000000	0.5957306618
1478.1900000000	0.5962403099
1478.2000000000	0.5956794071
1478.2100000000	0.5963259405
1478.2200000000	0.5963356346
1478.2300000000	0.5950787724
1478.2400000000	0.5943073563
1478.2500000000	0.5929681227
1478.2600000000	0.5913454358
1478.2700000000	0.5901538765
1478.2800000000	0.5891604815
1478.2900000000	0.5879626656
1478.3000000000	0.5862673013
1478.3100000000	0.5853202904
1478.3200000000	0.5844689706
1478.3300000000	0.5830210401
1478.3400000000	0.5835818117
1478.3500000000	0.5832420464
1478.3600000000	0.5826751609
1478.3700000000	0.5829906282
1478.3800000000	0.5832073229
1478.3900000000	0.5841540103
1478.4000000000	0.5840532090
1478.4100000000	0.5837242585
1478.4200000000	0.5840653705
1478.4300000000	0.5848839386
1478.4400000000	0.5858325811
1478.4500000000	0.5873663608
1478.4600000000	0.5877906481
1478.4700000000	0.5874590556
1478.4800000000	0.5878075026
1478.4900000000	0.5880528696
1478.5000000000	0.5887571233
1478.5100000000	0.5888313871
1478.5200000000	0.5890092294
1478.5300000000	0.5898226448
1478.5400000000	0.5890582822
1478.5500000000	0.5896012202
1478.5600000000	0.5911638587
1478.5700000000	0.5904334841
1478.5800000000	0.5912280726
1478.5900000000	0.5916530036
1478.6000000000	0.5917390773
1478.6100000000	0.5928489845
1478.6200000000	0.5937421206
1478.6300000000	0.5937070819
1478.6400000000	0.5941673258
1478.6500000000	0.5942066166
1478.6600000000	0.5938299352
1478.6700000000	0.5958648196
1478.6800000000	0.5960311518
1478.6900000000	0.5954559715
1478.7000000000	0.5957118476
1478.7100000000	0.5949113076
1478.7200000000	0.5946466284
1478.7300000000	0.5949170282
1478.7400000000	0.5943810207
1478.7500000000	0.5938908790
1478.7600000000	0.5932357744
1478.7700000000	0.5925214547
1478.7800000000	0.5917960226
1478.7900000000	0.5910001340
1478.8000000000	0.5894636824
1478.8100000000	0.5886230974
1478.8200000000	0.5880931360
1478.8300000000	0.5858519010
1478.8400000000	0.5860138173
1478.8500000000	0.5856913815
1478.8600000000	0.5836369001
1478.8700000000	0.5833781301
1478.8800000000	0.5826399965
1478.8900000000	0.5828918749
1478.9000000000	0.5839101505
1478.9100000000	0.5838663288
1478.9200000000	0.5835956895
1478.9300000000	0.5832365902
1478.9400000000	0.5832904306
1478.9500000000	0.5841441885
1478.9600000000	0.5847525123
1478.9700000000	0.5846833268
1478.9800000000	0.5855043489
1478.9900000000	0.5860018594
1479.0000000000	0.5863621047
1479.0100000000	0.5871804844
1479.0200000000	0.5871569350
1479.0300000000	0.5871986624
1479.0400000000	0.5869970450
1479.0500000000	0.5872023263
1479.0600000000	0.5887897062
1479.0700000000	0.5882684139
1479.0800000000	0.5886856513
1479.0900000000	0.5896581616
1479.1000000000	0.5887707880
1479.1100000000	0.5892271806
1479.1200000000	0.5902384966
1479.1300000000	0.5911284842
1479.1400000000	0.5921665332
1479.1500000000	0.5917797473
1479.1600000000	0.5909041755
1479.1700000000	0.5914025955
1479.1800000000	0.5913971656
1479.1900000000	0.5914008769
1479.2000000000	0.5920644611
1479.2100000000	0.5913336610
1479.2200000000	0.5911031550
1479.2300000000	0.5914198302
1479.2400000000	0.5903092405
1479.2500000000	0.5901979748
1479.2600000000	0.5899450411
1479.2700000000	0.5891827239
1479.2800000000	0.5893176312
1479.2900000000	0.5892802490
1479.3000000000	0.5891049098
1479.3100000000	0.5897047100
1479.3200000000	0.5889126438
1479.3300000000	0.5879727387
1479.3400000000	0.5887932992
1479.3500000000	0.5882968691
1479.3600000000	0.5871047746
1479.3700000000	0.5876236716
1479.3800000000	0.5862873119
1479.3900000000	0.5852146749
1479.4000000000	0.5850820353
1479.4100000000	0.5848144553
1479.4200000000	0.5851455324
1479.4300000000	0.5844217382
1479.4400000000	0.5841118470
1479.4500000000	0.5843170674
1479.4600000000	0.5838497051
1479.4700000000	0.5838496068
1479.4800000000	0.5836757566
1479.4900000000	0.5828667080
1479.5000000000	0.5828692897
1479.5100000000	0.5826799164
1479.5200000000	0.5821581645
1479.5300000000	0.5823104746
1479.5400000000	0.5828959442
1479.5500000000	0.5835544056
1479.5600000000	0.5846808545
1479.5700000000	0.5842677143
1479.5800000000	0.5853382788
1479.5900000000	0.5869996402
1479.6000000000	0.5862363837
1479.6100000000	0.5866866968
1479.6200000000	0.5877636497
1479.6300000000	0.5882913185
1479.6400000000	0.5899056299
1479.6500000000	0.5911859824
1479.6600000000	0.5918917974
1479.6700000000	0.5924018274
1479.6800000000	0.5927416787
1479.6900000000	0.5939573748
1479.7000000000	0.5947418038
1479.7100000000	0.5945240217
1479.7200000000	0.5945962140
1479.7300000000	0.5943467258
1479.7400000000	0.5939911188
1479.7500000000	0.5938561704
1479.7600000000	0.5932530401
1479.7700000000	0.5922135204
1479.7800000000	0.5911769672
1479.7900000000	0.5901291071
1479.8000000000	0.5896495807
1479.8100000000	0.5891010319
1479.8200000000	0.5881130170
1479.8300000000	0.5875536398
1479.8400000000	0.5868926616
1479.8500000000	0.5858924426
1479.8600000000	0.5858074799
1479.8700000000	0.5861208948
1479.8800000000	0.5857009698
1479.8900000000	0.5850733488
1479.9000000000	0.5850091799
1479.9100000000	0.5842059777
1479.9200000000	0.5838274903
1479.9300000000	0.5835410880
1479.9400000000	0.5831560000
1479.9500000000	0.5831110049
1479.9600000000	0.5833884138
1479.9700000000	0.5838427130
1479.9800000000	0.5838608147
1479.9900000000	0.5833983820
1480.0000000000	0.5829915608
1480.0100000000	0.5832226498
1480.0200000000	0.5835890730
1480.0300000000	0.5842831983
1480.0400000000	0.5855607863
1480.0500000000	0.5857808893
1480.0600000000	0.5853253801
1480.0700000000	0.5859156654
1480.0800000000	0.5863086344
1480.0900000000	0.5867584259
1480.1000000000	0.5872249773
1480.1100000000	0.5881182229
1480.1200000000	0.5882801197
1480.1300000000	0.5876806975
1480.1400000000	0.5880337094
1480.1500000000	0.5893427381
1480.1600000000	0.5902322573
1480.1700000000	0.5903172679
1480.1800000000	0.5908914597
1480.1900000000	0.5917235764
1480.2000000000	0.5923321270
1480.2100000000	0.5929432204
1480.2200000000	0.5932146236
1480.2300000000	0.5932020966
1480.2400000000	0.5930796922
1480.2500000000	0.5932371781
1480.2600000000	0.5937944309
1480.2700000000	0.5939842085
1480.2800000000	0.5933797361
1480.2900000000	0.5925931619
1480.3000000000	0.5918222845
1480.3100000000	0.5909685504
1480.3200000000	0.5905270556
1480.3300000000	0.5897918962
1480.3400000000	0.5881783010
1480.3500000000	0.5868971942
1480.3600000000	0.5852338353
1480.3700000000	0.5831880670
1480.3800000000	0.5821224186
1480.3900000000	0.5830803542
1480.4000000000	0.5847534048
1480.4100000000	0.5846118875
1480.4200000000	0.5845931746
1480.4300000000	0.5855986905
1480.4400000000	0.5848051326
1480.4500000000	0.5841670250
1480.4600000000	0.5840002759
1480.4700000000	0.5837040628
1480.4800000000	0.5834474463
1480.4900000000	0.5832371369
1480.5000000000	0.5828344404
1480.5100000000	0.5822984346
1480.5200000000	0.5818448623
1480.5300000000	0.5815200566
1480.5400000000	0.5819696346
1480.5500000000	0.5825908474
1480.5600000000	0.5822926015
1480.5700000000	0.5825362980
1480.5800000000	0.5830162845
1480.5900000000	0.5834643053
1480.6000000000	0.5841972741
1480.6100000000	0.5849981419
1480.6200000000	0.5857396560
1480.6300000000	0.5860599558
1480.6400000000	0.5870089517
1480.6500000000	0.5869940481
1480.6600000000	0.5875271745
1480.6700000000	0.5880155262
1480.6800000000	0.5872060981
1480.6900000000	0.5858338071
1480.7000000000	0.5854732259
1480.7100000000	0.5876769513
1480.7200000000	0.5893091826
1480.7300000000	0.5892608144
1480.7400000000	0.5893611496
1480.7500000000	0.5891877798
1480.7600000000	0.5886170504
1480.7700000000	0.5886414443
1480.7800000000	0.5892649702
1480.7900000000	0.5895631419
1480.8000000000	0.5892863642
1480.8100000000	0.5888086453
1480.8200000000	0.5887230597
1480.8300000000	0.5889582277
1480.8400000000	0.5884933211
1480.8500000000	0.5882802458
1480.8600000000	0.5883590251
1480.8700000000	0.5875176520
1480.8800000000	0.5873867863
1480.8900000000	0.5870071881
1480.9000000000	0.5864530559
1480.9100000000	0.5857765826
1480.9200000000	0.5845357163
1480.9300000000	0.5842319806
1480.9400000000	0.5838335551
1480.9500000000	0.5833227532
1480.9600000000	0.5826385194
1480.9700000000	0.5805473442
1480.9800000000	0.5794036988
1480.9900000000	0.5788045449
1481.0000000000	0.5780979614
1481.0100000000	0.5771330640
1481.0200000000	0.5762706248
1481.0300000000	0.5750690686
1481.0400000000	0.5733842821
1481.0500000000	0.5728997556
1481.0600000000	0.5727988947
1481.0700000000	0.5724771228
1481.0800000000	0.5721324403
1481.0900000000	0.5719121848
1481.1000000000	0.5729187215
1481.1100000000	0.5742083316
1481.1200000000	0.5748556615
1481.1300000000	0.5760539132
1481.1400000000	0.5782580356
1481.1500000000	0.5785747734
1481.1600000000	0.5797169051
1481.1700000000	0.5830792012
1481.1800000000	0.5835797940
1481.1900000000	0.5849098740
1481.2000000000	0.5863486719
1481.2100000000	0.5862685898
1481.2200000000	0.5876909364
1481.2300000000	0.5886311949
1481.2400000000	0.5891304463
1481.2500000000	0.5893376281
1481.2600000000	0.5886944549
1481.2700000000	0.5880303480
1481.2800000000	0.5879366606
1481.2900000000	0.5877937697
1481.3000000000	0.5872318559
1481.3100000000	0.5865981785
1481.3200000000	0.5857726141
1481.3300000000	0.5849300783
1481.3400000000	0.5844647758
1481.3500000000	0.5838855787
1481.3600000000	0.5830413060
1481.3700000000	0.5822193062
1481.3800000000	0.5823404956
1481.3900000000	0.5816951294
1481.4000000000	0.5810989884
1481.4100000000	0.5816158292
1481.4200000000	0.5808621153
1481.4300000000	0.5802095038
1481.4400000000	0.5798204208
1481.4500000000	0.5796944006
1481.4600000000	0.5805260341
1481.4700000000	0.5794905510
1481.4800000000	0.5793705641
1481.4900000000	0.5796028510
1481.5000000000	0.5794006789
1481.5100000000	0.5796589611
1481.5200000000	0.5800110756
1481.5300000000	0.5801869609
1481.5400000000	0.5796292892
1481.5500000000	0.5793267244
1481.5600000000	0.5796668514
1481.5700000000	0.5796924711
1481.5800000000	0.5791768025
1481.5900000000	0.5782867207
1481.6000000000	0.5773685196
1481.6100000000	0.5769146012
1481.6200000000	0.5780009986
1481.6300000000	0.5776724723
1481.6400000000	0.5771434924
1481.6500000000	0.5770494434
1481.6600000000	0.5757890688
1481.6700000000	0.5766927206
1481.6800000000	0.5758826049
1481.6900000000	0.5756175049
1481.7000000000	0.5774176437
1481.7100000000	0.5755630123
1481.7200000000	0.5737845118
1481.7300000000	0.5746783766
1481.7400000000	0.5775107074
1481.7500000000	0.5805700813
1481.7600000000	0.5825525334
1481.7700000000	0.5835409502
1481.7800000000	0.5845012178
1481.7900000000	0.5850705995
1481.8000000000	0.5855048634
1481.8100000000	0.5864301836
1481.8200000000	0.5866473248
1481.8300000000	0.5866877955
1481.8400000000	0.5876098968
1481.8500000000	0.5876625655
1481.8600000000	0.5875679315
1481.8700000000	0.5874669273
1481.8800000000	0.5868792860
1481.8900000000	0.5864402116
1481.9000000000	0.5856341372
1481.9100000000	0.5857436162
1481.9200000000	0.5853713332
1481.9300000000	0.5842434217
1481.9400000000	0.5841644209
1481.9500000000	0.5830136284
1481.9600000000	0.5820893338
1481.9700000000	0.5814270176
1481.9800000000	0.5808452400
1481.9900000000	0.5800999134
1482.0000000000	0.5785941007
1482.0100000000	0.5776945152
1482.0200000000	0.5771773579
1482.0300000000	0.5765159935
1482.0400000000	0.5761198717
1482.0500000000	0.5753682635
1482.0600000000	0.5758508193
1482.0700000000	0.5756865023
1482.0800000000	0.5764111021
1482.0900000000	0.5778871219
1482.1000000000	0.5768263433
1482.1100000000	0.5770224415
1482.1200000000	0.5780427624
1482.1300000000	0.5769539857
1482.1400000000	0.5783933240
1482.1500000000	0.5798821468
1482.1600000000	0.5786103655
1482.1700000000	0.5815203767
1482.1800000000	0.5816158761
1482.1900000000	0.5801622157
1482.2000000000	0.5829368537
1482.2100000000	0.5824823296
1482.2200000000	0.5815603959
1482.2300000000	0.5834364196
1482.2400000000	0.5823223721
1482.2500000000	0.5811476680
1482.2600000000	0.5829536603
1482.2700000000	0.5829179776
1482.2800000000	0.5824367803
1482.2900000000	0.5832565820
1482.3000000000	0.5829492729
1482.3100000000	0.5835600762
1482.3200000000	0.5838751798
1482.3300000000	0.5826520282
1482.3400000000	0.5830787716
1482.3500000000	0.5823283643
1482.3600000000	0.5819490615
1482.3700000000	0.5830606259
1482.3800000000	0.5825617011
1482.3900000000	0.5825024360
1482.4000000000	0.5820534383
1482.4100000000	0.5815331889
1482.4200000000	0.5820987928
1482.4300000000	0.5819436545
1482.4400000000	0.5820367391
1482.4500000000	0.5822235458
1482.4600000000	0.5818311029
1482.4700000000	0.5820940064
1482.4800000000	0.5826093125
1482.4900000000	0.5825844316
1482.5000000000	0.5828320341
1482.5100000000	0.5830661323
1482.5200000000	0.5825237592
1482.5300000000	0.5821426348
1482.5400000000	0.5824129057
1482.5500000000	0.5820475785
1482.5600000000	0.5810855267
1482.5700000000	0.5800869375
1482.5800000000	0.5796687964
1482.5900000000	0.5805613713
1482.6000000000	0.5806491458
1482.6100000000	0.5804142007
1482.6200000000	0.5806330972
1482.6300000000	0.5796750074
1482.6400000000	0.5799012707
1482.6500000000	0.5810935192
1482.6600000000	0.5812050376
1482.6700000000	0.5819746060
1482.6800000000	0.5824057147
1482.6900000000	0.5822065447
1482.7000000000	0.5830360626
1482.7100000000	0.5838100682
1482.7200000000	0.5839026882
1482.7300000000	0.5845786322
1482.7400000000	0.5849232407
1482.7500000000	0.5848398141
1482.7600000000	0.5858246904
1482.7700000000	0.5857163371
1482.7800000000	0.5857891365
1482.7900000000	0.5867109802
1482.8000000000	0.5862955586
1482.8100000000	0.5864545772
1482.8200000000	0.5877266667
1482.8300000000	0.5887527695
1482.8400000000	0.5892727234
1482.8500000000	0.5890105143
1482.8600000000	0.5891214823
1482.8700000000	0.5894969072
1482.8800000000	0.5899170210
1482.8900000000	0.5904265272
1482.9000000000	0.5908469987
1482.9100000000	0.5905331300
1482.9200000000	0.5900392244
1482.9300000000	0.5896105081
1482.9400000000	0.5894948655
1482.9500000000	0.5888657190
1482.9600000000	0.5881024654
1482.9700000000	0.5878789816
1482.9800000000	0.5871479828
1482.9900000000	0.5862378484
1483.0000000000	0.5862147417
1483.0100000000	0.5855798366
1483.0200000000	0.5850414445
1483.0300000000	0.5845979191
1483.0400000000	0.5841497914
1483.0500000000	0.5847464330
1483.0600000000	0.5845671913
1483.0700000000	0.5844226689
1483.0800000000	0.5836569156
1483.0900000000	0.5820151564
1483.1000000000	0.5827545468
1483.1100000000	0.5831784496
1483.1200000000	0.5828922213
1483.1300000000	0.5830220052
1483.1400000000	0.5823590299
1483.1500000000	0.5817280617
1483.1600000000	0.5817652244
1483.1700000000	0.5815874896
1483.1800000000	0.5818016242
1483.1900000000	0.5819375598
1483.2000000000	0.5815112052
1483.2100000000	0.5818822516
1483.2200000000	0.5826944835
1483.2300000000	0.5826288127
1483.2400000000	0.5826702932
1483.2500000000	0.5828711014
1483.2600000000	0.5834703753
1483.2700000000	0.5836184615
1483.2800000000	0.5841561663
1483.2900000000	0.5854891287
1483.3000000000	0.5853852601
1483.3100000000	0.5856128667
1483.3200000000	0.5858913762
1483.3300000000	0.5863956997
1483.3400000000	0.5876665562
1483.3500000000	0.5886036739
1483.3600000000	0.5894227789
1483.3700000000	0.5894210478
1483.3800000000	0.5895981024
1483.3900000000	0.5906795764
1483.4000000000	0.5912707222
1483.4100000000	0.5916218506
1483.4200000000	0.5921781589
1483.4300000000	0.5924904312
1483.4400000000	0.5924838500
1483.4500000000	0.5924546433
1483.4600000000	0.5923579717
1483.4700000000	0.5919414569
1483.4800000000	0.5913888376
1483.4900000000	0.5902288885
1483.5000000000	0.5901658838
1483.5100000000	0.5892474484
1483.5200000000	0.5881553871
1483.5300000000	0.5878478813
1483.5400000000	0.5866333527
1483.5500000000	0.5860366503
1483.5600000000	0.5855564621
1483.5700000000	0.5855594980
1483.5800000000	0.5861591920
1483.5900000000	0.5854770448
1483.6000000000	0.5853439419
1483.6100000000	0.5854726653
1483.6200000000	0.5856373630
1483.6300000000	0.5864838028
1483.6400000000	0.5867924727
1483.6500000000	0.5858351766
1483.6600000000	0.5860353008
1483.6700000000	0.5862152168
1483.6800000000	0.5856591563
1483.6900000000	0.5853477143
1483.7000000000	0.5852406929
1483.7100000000	0.5842745921
1483.7200000000	0.5833817995
1483.7300000000	0.5833835987
1483.7400000000	0.5834811018
1483.7500000000	0.5834977080
1483.7600000000	0.5832647684
1483.7700000000	0.5825099925
1483.7800000000	0.5825757098
1483.7900000000	0.5832825505
1483.8000000000	0.5829630524
1483.8100000000	0.5846382193
1483.8200000000	0.5850438371
1483.8300000000	0.5847783872
1483.8400000000	0.5859303369
1483.8500000000	0.5865788502
1483.8600000000	0.5875112256
1483.8700000000	0.5886088986
1483.8800000000	0.5891567051
1483.8900000000	0.5900102328
1483.9000000000	0.5906629980
1483.9100000000	0.5912993732
1483.9200000000	0.5921374680
1483.9300000000	0.5926701706
1483.9400000000	0.5927416884
1483.9500000000	0.5931426016
1483.9600000000	0.5937482230
1483.9700000000	0.5940837883
1483.9800000000	0.5942894461
1483.9900000000	0.5940932402
1484.0000000000	0.5938515337
1484.0100000000	0.5935204600
1484.0200000000	0.5929531231
1484.0300000000	0.5931505344
1484.0400000000	0.5924121196
1484.0500000000	0.5919104749
1484.0600000000	0.5910091522
1484.0700000000	0.5899357937
1484.0800000000	0.5893945253
1484.0900000000	0.5891417565
1484.1000000000	0.5888998688
1484.1100000000	0.5879034441
1484.1200000000	0.5876421177
1484.1300000000	0.5879482584
1484.1400000000	0.5872922141
1484.1500000000	0.5874953773
1484.1600000000	0.5875220919
1484.1700000000	0.5872069845
1484.1800000000	0.5871628383
1484.1900000000	0.5876701429
1484.2000000000	0.5878704088
1484.2100000000	0.5873908141
1484.2200000000	0.5867037866
1484.2300000000	0.5860797875
1484.2400000000	0.5859297922
1484.2500000000	0.5859657458
1484.2600000000	0.5862975021
1484.2700000000	0.5865714874
1484.2800000000	0.5861385259
1484.2900000000	0.5858529953
1484.3000000000	0.5858890813
1484.3100000000	0.5869425589
1484.3200000000	0.5873550608
1484.3300000000	0.5879204755
1484.3400000000	0.5892238304
1484.3500000000	0.5887349122
1484.3600000000	0.5893551861
1484.3700000000	0.5905358180
1484.3800000000	0.5911538955
1484.3900000000	0.5921417938
1484.4000000000	0.5932462238
1484.4100000000	0.5939767400
1484.4200000000	0.5946956032
1484.4300000000	0.5955747608
1484.4400000000	0.5957111405
1484.4500000000	0.5952894286
1484.4600000000	0.5952188256
1484.4700000000	0.5949946152
1484.4800000000	0.5949978280
1484.4900000000	0.5955144879
1484.5000000000	0.5947926541
1484.5100000000	0.5937729509
1484.5200000000	0.5934982034
1484.5300000000	0.5929682600
1484.5400000000	0.5928926485
1484.5500000000	0.5932090583
1484.5600000000	0.5924827531
1484.5700000000	0.5920710427
1484.5800000000	0.5916974408
1484.5900000000	0.5909233389
1484.6000000000	0.5908390039
1484.6100000000	0.5901805815
1484.6200000000	0.5894889939
1484.6300000000	0.5888985226
1484.6400000000	0.5876424492
1484.6500000000	0.5874431177
1484.6600000000	0.5877512610
1484.6700000000	0.5868313539
1484.6800000000	0.5861440130
1484.6900000000	0.5862550935
1484.7000000000	0.5858543098
1484.7100000000	0.5859635172
1484.7200000000	0.5867467521
1484.7300000000	0.5865138215
1484.7400000000	0.5861177750
1484.7500000000	0.5857458365
1484.7600000000	0.5856382063
1484.7700000000	0.5867900999
1484.7800000000	0.5866301320
1484.7900000000	0.5865092533
1484.8000000000	0.5872719018
1484.8100000000	0.5869003572
1484.8200000000	0.5870902255
1484.8300000000	0.5879136522
1484.8400000000	0.5882411805
1484.8500000000	0.5883748580
1484.8600000000	0.5890836832
1484.8700000000	0.5894279293
1484.8800000000	0.5901896729
1484.8900000000	0.5913732700
1484.9000000000	0.5917857425
1484.9100000000	0.5922183145
1484.9200000000	0.5927099885
1484.9300000000	0.5931588378
1484.9400000000	0.5945587234
1484.9500000000	0.5955116399
1484.9600000000	0.5953713377
1484.9700000000	0.5956819196
1484.9800000000	0.5954185736
1484.9900000000	0.5950665057
1485.0000000000	0.5957451490
1485.0100000000	0.5957210515
1485.0200000000	0.5951194034
1485.0300000000	0.5947233516
1485.0400000000	0.5939458333
1485.0500000000	0.5938250334
1485.0600000000	0.5933144985
1485.0700000000	0.5926430987
1485.0800000000	0.5927470658
1485.0900000000	0.5919456904
1485.1000000000	0.5913399611
1485.1100000000	0.5915407485
1485.1200000000	0.5912601013
1485.1300000000	0.5907099489
1485.1400000000	0.5901848528
1485.1500000000	0.5895945667
1485.1600000000	0.5892884391
1485.1700000000	0.5892565829
1485.1800000000	0.5889635650
1485.1900000000	0.5881162731
1485.2000000000	0.5868206557
1485.2100000000	0.5858702152
1485.2200000000	0.5859248839
1485.2300000000	0.5863086689
1485.2400000000	0.5861273658
1485.2500000000	0.5859308811
1485.2600000000	0.5855975200
1485.2700000000	0.5858462261
1485.2800000000	0.5864811798
1485.2900000000	0.5868974209
1485.3000000000	0.5872951163
1485.3100000000	0.5870501151
1485.3200000000	0.5879175989
1485.3300000000	0.5888658320
1485.3400000000	0.5889003076
1485.3500000000	0.5894554024
1485.3600000000	0.5902186708
1485.3700000000	0.5900862651
1485.3800000000	0.5902626823
1485.3900000000	0.5912219352
1485.4000000000	0.5917494806
1485.4100000000	0.5920068883
1485.4200000000	0.5928164764
1485.4300000000	0.5926059883
1485.4400000000	0.5928132256
1485.4500000000	0.5938757494
1485.4600000000	0.5943896151
1485.4700000000	0.5954622797
1485.4800000000	0.5958223079
1485.4900000000	0.5954258273
1485.5000000000	0.5960550043
1485.5100000000	0.5962833748
1485.5200000000	0.5964429452
1485.5300000000	0.5969768006
1485.5400000000	0.5961755902
1485.5500000000	0.5956045505
1485.5600000000	0.5951866014
1485.5700000000	0.5946589540
1485.5800000000	0.5945484344
1485.5900000000	0.5938114185
1485.6000000000	0.5930996097
1485.6100000000	0.5928186803
1485.6200000000	0.5917726704
1485.6300000000	0.5912131843
1485.6400000000	0.5913177916
1485.6500000000	0.5906589574
1485.6600000000	0.5899221578
1485.6700000000	0.5897250034
1485.6800000000	0.5894711975
1485.6900000000	0.5895543893
1485.7000000000	0.5893384364
1485.7100000000	0.5885984348
1485.7200000000	0.5883124035
1485.7300000000	0.5879147405
1485.7400000000	0.5878984331
1485.7500000000	0.5882042441
1485.7600000000	0.5874413676
1485.7700000000	0.5868939859
1485.7800000000	0.5867205397
1485.7900000000	0.5864087376
1485.8000000000	0.5871295556
1485.8100000000	0.5875700759
1485.8200000000	0.5871602382
1485.8300000000	0.5870456641
1485.8400000000	0.5873404728
1485.8500000000	0.5880884294
1485.8600000000	0.5884868248
1485.8700000000	0.5887508198
1485.8800000000	0.5891658594
1485.8900000000	0.5894666081
1485.9000000000	0.5894628674
1485.9100000000	0.5897340735
1485.9200000000	0.5907627747
1485.9300000000	0.5914237089
1485.9400000000	0.5912175471
1485.9500000000	0.5913157126
1485.9600000000	0.5915026477
1485.9700000000	0.5918057440
1485.9800000000	0.5923708303
1485.9900000000	0.5929018315
1486.0000000000	0.5932156525
1486.0100000000	0.5932856398
1486.0200000000	0.5938038293
1486.0300000000	0.5943047576
1486.0400000000	0.5946188467
1486.0500000000	0.5946924582
1486.0600000000	0.5947753095
1486.0700000000	0.5948674516
1486.0800000000	0.5948541606
1486.0900000000	0.5949478364
1486.1000000000	0.5946454176
1486.1100000000	0.5941442549
1486.1200000000	0.5936509615
1486.1300000000	0.5931754933
1486.1400000000	0.5928318133
1486.1500000000	0.5923296093
1486.1600000000	0.5918138416
1486.1700000000	0.5910769408
1486.1800000000	0.5900214031
1486.1900000000	0.5891840473
1486.2000000000	0.5889418776
1486.2100000000	0.5892340310
1486.2200000000	0.5886898350
1486.2300000000	0.5884332058
1486.2400000000	0.5882220811
1486.2500000000	0.5876321173
1486.2600000000	0.5880725732
1486.2700000000	0.5883795675
1486.2800000000	0.5877901673
1486.2900000000	0.5874716109
1486.3000000000	0.5873983081
1486.3100000000	0.5873514990
1486.3200000000	0.5877308657
1486.3300000000	0.5873544454
1486.3400000000	0.5867211116
1486.3500000000	0.5869803948
1486.3600000000	0.5868912340
1486.3700000000	0.5873315314
1486.3800000000	0.5880553385
1486.3900000000	0.5880601962
1486.4000000000	0.5882035475
1486.4100000000	0.5887572538
1486.4200000000	0.5890833615
1486.4300000000	0.5897172480
1486.4400000000	0.5907903859
1486.4500000000	0.5916917038
1486.4600000000	0.5915081638
1486.4700000000	0.5915528503
1486.4800000000	0.5921854490
1486.4900000000	0.5924374036
1486.5000000000	0.5928240505
1486.5100000000	0.5937529413
1486.5200000000	0.5945088706
1486.5300000000	0.5945132156
1486.5400000000	0.5947156130
1486.5500000000	0.5952905512
1486.5600000000	0.5955833356
1486.5700000000	0.5952931076
1486.5800000000	0.5950130289
1486.5900000000	0.5953875869
1486.6000000000	0.5958030011
1486.6100000000	0.5958711041
1486.6200000000	0.5956805493
1486.6300000000	0.5954445009
1486.6400000000	0.5952182692
1486.6500000000	0.5948613115
1486.6600000000	0.5947286560
1486.6700000000	0.5942237390
1486.6800000000	0.5935385505
1486.6900000000	0.5928745080
1486.7000000000	0.5909108038
1486.7100000000	0.5885295824
1486.7200000000	0.5882479702
1486.7300000000	0.5895005276
1486.7400000000	0.5895974718
1486.7500000000	0.5887840440
1486.7600000000	0.5886925129
1486.7700000000	0.5886875836
1486.7800000000	0.5884305045
1486.7900000000	0.5886219254
1486.8000000000	0.5887627685
1486.8100000000	0.5879667746
1486.8200000000	0.5883233536
1486.8300000000	0.5892075384
1486.8400000000	0.5890866888
1486.8500000000	0.5887206530
1486.8600000000	0.5882719600
1486.8700000000	0.5879464421
1486.8800000000	0.5882163115
1486.8900000000	0.5885644262
1486.9000000000	0.5884951473
1486.9100000000	0.5884792631
1486.9200000000	0.5884224665
1486.9300000000	0.5879400250
1486.9400000000	0.5878793608
1486.9500000000	0.5884408685
1486.9600000000	0.5883160047
1486.9700000000	0.5888216441
1486.9800000000	0.5889870331
1486.9900000000	0.5884537112
1487.0000000000	0.5897092737
1487.0100000000	0.5905606085
1487.0200000000	0.5906073556
1487.0300000000	0.5911613859
1487.0400000000	0.5914773769
1487.0500000000	0.5920566716
1487.0600000000	0.5928346759
1487.0700000000	0.5932344095
1487.0800000000	0.5934038729
1487.0900000000	0.5934793048
1487.1000000000	0.5931588239
1487.1100000000	0.5934718261
1487.1200000000	0.5942791597
1487.1300000000	0.5943426535
1487.1400000000	0.5939103109
1487.1500000000	0.5938884445
1487.1600000000	0.5934618724
1487.1700000000	0.5931153012
1487.1800000000	0.5929555157
1487.1900000000	0.5924639844
1487.2000000000	0.5916940933
1487.2100000000	0.5912768397
1487.2200000000	0.5907029006
1487.2300000000	0.5900699625
1487.2400000000	0.5894841805
1487.2500000000	0.5884822656
1487.2600000000	0.5876237324
1487.2700000000	0.5858692073
1487.2800000000	0.5849835481
1487.2900000000	0.5846753262
1487.3000000000	0.5835049281
1487.3100000000	0.5827869384
1487.3200000000	0.5826207984
1487.3300000000	0.5820888169
1487.3400000000	0.5821965794
1487.3500000000	0.5829269077
1487.3600000000	0.5831950693
1487.3700000000	0.5832211393
1487.3800000000	0.5834876228
1487.3900000000	0.5836813478
1487.4000000000	0.5845534063
1487.4100000000	0.5855549243
1487.4200000000	0.5857000527
1487.4300000000	0.5863751524
1487.4400000000	0.5868905775
1487.4500000000	0.5866739361
1487.4600000000	0.5871131472
1487.4700000000	0.5877006014
1487.4800000000	0.5877967379
1487.4900000000	0.5877959512
1487.5000000000	0.5874790735
1487.5100000000	0.5870429473
1487.5200000000	0.5875280386
1487.5300000000	0.5880843987
1487.5400000000	0.5880665160
1487.5500000000	0.5881307573
1487.5600000000	0.5883441695
1487.5700000000	0.5889271828
1487.5800000000	0.5894856807
1487.5900000000	0.5896844775
1487.6000000000	0.5898501317
1487.6100000000	0.5899528041
1487.6200000000	0.5897582811
1487.6300000000	0.5899683802
1487.6400000000	0.5905652751
1487.6500000000	0.5910032807
1487.6600000000	0.5907211907
1487.6700000000	0.5903721057
1487.6800000000	0.5903761508
1487.6900000000	0.5903032189
1487.7000000000	0.5899493455
1487.7100000000	0.5901973643
1487.7200000000	0.5901616186
1487.7300000000	0.5896310031
1487.7400000000	0.5898051936
1487.7500000000	0.5897103208
1487.7600000000	0.5895448430
1487.7700000000	0.5896122484
1487.7800000000	0.5890814073
1487.7900000000	0.5885679293
1487.8000000000	0.5880169254
1487.8100000000	0.5876217115
1487.8200000000	0.5874298839
1487.8300000000	0.5867058216
1487.8400000000	0.5855335191
1487.8500000000	0.5848317156
1487.8600000000	0.5845811176
1487.8700000000	0.5838889202
1487.8800000000	0.5838484754
1487.8900000000	0.5839144394
1487.9000000000	0.5827345021
1487.9100000000	0.5825269196
1487.9200000000	0.5829118360
1487.9300000000	0.5823985280
1487.9400000000	0.5826114455
1487.9500000000	0.5820189650
1487.9600000000	0.5818911552
1487.9700000000	0.5833251653
1487.9800000000	0.5842234846
1487.9900000000	0.5849554881
1488.0000000000	0.5855616424
1488.0100000000	0.5852359504
1488.0200000000	0.5854312646
1488.0300000000	0.5864476846
1488.0400000000	0.5864230698
1488.0500000000	0.5871977864
1488.0600000000	0.5877061782
1488.0700000000	0.5875070803
1488.0800000000	0.5878091618
1488.0900000000	0.5884520877
1488.1000000000	0.5890925537
1488.1100000000	0.5902048043
1488.1200000000	0.5902178305
1488.1300000000	0.5900250216
1488.1400000000	0.5905320169
1488.1500000000	0.5910251126
1488.1600000000	0.5913451017
1488.1700000000	0.5920845136
1488.1800000000	0.5918213580
1488.1900000000	0.5911108958
1488.2000000000	0.5912190997
1488.2100000000	0.5905248690
1488.2200000000	0.5902713588
1488.2300000000	0.5895652717
1488.2400000000	0.5888609978
1488.2500000000	0.5882235357
1488.2600000000	0.5869843655
1488.2700000000	0.5867226696
1488.2800000000	0.5864385784
1488.2900000000	0.5851462774
1488.3000000000	0.5846252898
1488.3100000000	0.5842660072
1488.3200000000	0.5837596087
1488.3300000000	0.5838935228
1488.3400000000	0.5837824366
1488.3500000000	0.5828320237
1488.3600000000	0.5825323779
1488.3700000000	0.5817599821
1488.3800000000	0.5808272787
1488.3900000000	0.5821501248
1488.4000000000	0.5811700095
1488.4100000000	0.5800460902
1488.4200000000	0.5804195716
1488.4300000000	0.5788498797
1488.4400000000	0.5793067176
1488.4500000000	0.5800963166
1488.4600000000	0.5787495199
1488.4700000000	0.5796073832
1488.4800000000	0.5802106425
1488.4900000000	0.5802587263
1488.5000000000	0.5819071649
1488.5100000000	0.5815727395
1488.5200000000	0.5818792968
1488.5300000000	0.5829913707
1488.5400000000	0.5823968894
1488.5500000000	0.5834953632
1488.5600000000	0.5850270196
1488.5700000000	0.5845874308
1488.5800000000	0.5847219361
1488.5900000000	0.5851074538
1488.6000000000	0.5845547653
1488.6100000000	0.5851098152
1488.6200000000	0.5863097354
1488.6300000000	0.5860146855
1488.6400000000	0.5861827731
1488.6500000000	0.5858550236
1488.6600000000	0.5855191557
1488.6700000000	0.5861705568
1488.6800000000	0.5864173267
1488.6900000000	0.5862714467
1488.7000000000	0.5867427080
1488.7100000000	0.5863623555
1488.7200000000	0.5864856544
1488.7300000000	0.5867809935
1488.7400000000	0.5862299092
1488.7500000000	0.5860808602
1488.7600000000	0.5856314803
1488.7700000000	0.5852045282
1488.7800000000	0.5849868176
1488.7900000000	0.5843945017
1488.8000000000	0.5843084853
1488.8100000000	0.5839007849
1488.8200000000	0.5828344850
1488.8300000000	0.5824337609
1488.8400000000	0.5826344483
1488.8500000000	0.5824636380
1488.8600000000	0.5818710053
1488.8700000000	0.5820744717
1488.8800000000	0.5814912254
1488.8900000000	0.5809181927
1488.9000000000	0.5810140283
1488.9100000000	0.5810264133
1488.9200000000	0.5809403455
1488.9300000000	0.5804240331
1488.9400000000	0.5798208712
1488.9500000000	0.5797493555
1488.9600000000	0.5796716293
1488.9700000000	0.5792721058
1488.9800000000	0.5787267187
1488.9900000000	0.5781095169
1489.0000000000	0.5781473010
1489.0100000000	0.5788916244
1489.0200000000	0.5791355921
1489.0300000000	0.5792444833
1489.0400000000	0.5796482779
1489.0500000000	0.5797983031
1489.0600000000	0.5796942997
1489.0700000000	0.5800759134
1489.0800000000	0.5812213873
1489.0900000000	0.5822296953
1489.1000000000	0.5821696250
1489.1100000000	0.5822025146
1489.1200000000	0.5829776847
1489.1300000000	0.5834610830
1489.1400000000	0.5843629352
1489.1500000000	0.5846182501
1489.1600000000	0.5849290052
1489.1700000000	0.5852618032
1489.1800000000	0.5852623125
1489.1900000000	0.5854560927
1489.2000000000	0.5857383123
1489.2100000000	0.5857536716
1489.2200000000	0.5855412324
1489.2300000000	0.5857223440
1489.2400000000	0.5860659887
1489.2500000000	0.5861121272
1489.2600000000	0.5861065135
1489.2700000000	0.5857786434
1489.2800000000	0.5852330942
1489.2900000000	0.5852434149
1489.3000000000	0.5852091532
1489.3100000000	0.5847733454
1489.3200000000	0.5846350456
1489.3300000000	0.5845743520
1489.3400000000	0.5836167187
1489.3500000000	0.5827874702
1489.3600000000	0.5824597665
1489.3700000000	0.5822100141
1489.3800000000	0.5819429370
1489.3900000000	0.5806982721
1489.4000000000	0.5800854415
1489.4100000000	0.5801387253
1489.4200000000	0.5796906907
1489.4300000000	0.5794746348
1489.4400000000	0.5798074442
1489.4500000000	0.5795800231
1489.4600000000	0.5793195491
1489.4700000000	0.5798192112
1489.4800000000	0.5797446938
1489.4900000000	0.5795480392
1489.5000000000	0.5791923337
1489.5100000000	0.5783938165
1489.5200000000	0.5786158270
1489.5300000000	0.5790729192
1489.5400000000	0.5792600079
1489.5500000000	0.5794083645
1489.5600000000	0.5794274044
1489.5700000000	0.5792569800
1489.5800000000	0.5794144778
1489.5900000000	0.5800027753
1489.6000000000	0.5801264265
1489.6100000000	0.5810588790
1489.6200000000	0.5818219247
1489.6300000000	0.5810833726
1489.6400000000	0.5816225521
1489.6500000000	0.5823090801
1489.6600000000	0.5823862604
1489.6700000000	0.5829550606
1489.6800000000	0.5835590314
1489.6900000000	0.5839541989
1489.7000000000	0.5837555850
1489.7100000000	0.5840094005
1489.7200000000	0.5844829668
1489.7300000000	0.5841669662
1489.7400000000	0.5833475841
1489.7500000000	0.5829250832
1489.7600000000	0.5826638662
1489.7700000000	0.5821625712
1489.7800000000	0.5817167537
1489.7900000000	0.5808893769
1489.8000000000	0.5800066686
1489.8100000000	0.5795720132
1489.8200000000	0.5794565995
1489.8300000000	0.5794479162
1489.8400000000	0.5794686104
1489.8500000000	0.5795043880
1489.8600000000	0.5793017698
1489.8700000000	0.5793167178
1489.8800000000	0.5794169265
1489.8900000000	0.5796356008
1489.9000000000	0.5805521361
1489.9100000000	0.5802018598
1489.9200000000	0.5795093386
1489.9300000000	0.5799267519
1489.9400000000	0.5797381157
1489.9500000000	0.5795612129
1489.9600000000	0.5793096934
1489.9700000000	0.5781084458
1489.9800000000	0.5774876230
1489.9900000000	0.5772969010
1490.0000000000	0.5767233670
1490.0100000000	0.5762095569
1490.0200000000	0.5752022072
1490.0300000000	0.5740725179
1490.0400000000	0.5736031194
1490.0500000000	0.5730298522
1490.0600000000	0.5724037413
1490.0700000000	0.5721028676
1490.0800000000	0.5715567677
1490.0900000000	0.5710260616
1490.1000000000	0.5711033132
1490.1100000000	0.5713199647
1490.1200000000	0.5713601131
1490.1300000000	0.5718253040
1490.1400000000	0.5728705231
1490.1500000000	0.5733819227
1490.1600000000	0.5739814492
1490.1700000000	0.5756608579
1490.1800000000	0.5772469185
1490.1900000000	0.5784485693
1490.2000000000	0.5795725248
1490.2100000000	0.5812244563
1490.2200000000	0.5826505361
1490.2300000000	0.5839044444
1490.2400000000	0.5850435887
1490.2500000000	0.5854008108
1490.2600000000	0.5856561486
1490.2700000000	0.5860342218
1490.2800000000	0.5865422559
1490.2900000000	0.5871553855
1490.3000000000	0.5869050031
1490.3100000000	0.5862489821
1490.3200000000	0.5858145735
1490.3300000000	0.5853604460
1490.3400000000	0.5847011759
1490.3500000000	0.5845194813
1490.3600000000	0.5844717797
1490.3700000000	0.5837423544
1490.3800000000	0.5835633527
1490.3900000000	0.5833981524
1490.4000000000	0.5830781598
1490.4100000000	0.5834253400
1490.4200000000	0.5835883785
1490.4300000000	0.5833726928
1490.4400000000	0.5827713939
1490.4500000000	0.5825407070
1490.4600000000	0.5825771997
1490.4700000000	0.5819500161
1490.4800000000	0.5811602459
1490.4900000000	0.5804855336
1490.5000000000	0.5797700269
1490.5100000000	0.5790861774
1490.5200000000	0.5789402057
1490.5300000000	0.5781543291
1490.5400000000	0.5770448544
1490.5500000000	0.5767427556
1490.5600000000	0.5763200575
1490.5700000000	0.5764178031
1490.5800000000	0.5767820473
1490.5900000000	0.5765496206
1490.6000000000	0.5766883364
1490.6100000000	0.5772225081
1490.6200000000	0.5774643130
1490.6300000000	0.5780346305
1490.6400000000	0.5788361327
1490.6500000000	0.5789405809
1490.6600000000	0.5797679137
1490.6700000000	0.5808521742
1490.6800000000	0.5807317150
1490.6900000000	0.5822447159
1490.7000000000	0.5830197518
1490.7100000000	0.5830877926
1490.7200000000	0.5837924896
1490.7300000000	0.5841481798
1490.7400000000	0.5850760117
1490.7500000000	0.5864458864
1490.7600000000	0.5867304980
1490.7700000000	0.5869374392
1490.7800000000	0.5877225301
1490.7900000000	0.5877300190
1490.8000000000	0.5878845792
1490.8100000000	0.5889119261
1490.8200000000	0.5895088480
1490.8300000000	0.5892061739
1490.8400000000	0.5894646228
1490.8500000000	0.5892908038
1490.8600000000	0.5888858694
1490.8700000000	0.5891103949
1490.8800000000	0.5885840813
1490.8900000000	0.5878789816
1490.9000000000	0.5876944395
1490.9100000000	0.5870311455
1490.9200000000	0.5867994398
1490.9300000000	0.5867043906
1490.9400000000	0.5861101922
1490.9500000000	0.5862488571
1490.9600000000	0.5857606848
1490.9700000000	0.5852703126
1490.9800000000	0.5863884471
1490.9900000000	0.5858707385
1491.0000000000	0.5848770355
1491.0100000000	0.5851616188
1491.0200000000	0.5844312027
1491.0300000000	0.5847256762
1491.0400000000	0.5849113222
1491.0500000000	0.5843502205
1491.0600000000	0.5839651567
1491.0700000000	0.5835388751
1491.0800000000	0.5824695798
1491.0900000000	0.5824565960
1491.1000000000	0.5829805450
1491.1100000000	0.5823522794
1491.1200000000	0.5826262837
1491.1300000000	0.5828652529
1491.1400000000	0.5824267098
1491.1500000000	0.5834243553
1491.1600000000	0.5834460881
1491.1700000000	0.5834490246
1491.1800000000	0.5844063826
1491.1900000000	0.5846931017
1491.2000000000	0.5849978057
1491.2100000000	0.5856585381
1491.2200000000	0.5860305726
1491.2300000000	0.5866402009
1491.2400000000	0.5868338502
1491.2500000000	0.5862303013
1491.2600000000	0.5876912910
1491.2700000000	0.5888273715
1491.2800000000	0.5883510178
1491.2900000000	0.5887197415
1491.3000000000	0.5889435635
1491.3100000000	0.5886487625
1491.3200000000	0.5890832092
1491.3300000000	0.5896241992
1491.3400000000	0.5896583744
1491.3500000000	0.5899564820
1491.3600000000	0.5897265914
1491.3700000000	0.5891866096
1491.3800000000	0.5891866096
1491.3900000000	0.5886451904
1491.4000000000	0.5877262341
1491.4100000000	0.5864466140
1491.4200000000	0.5847732679
1491.4300000000	0.5854054906
1491.4400000000	0.5858661791
1491.4500000000	0.5851183295
1491.4600000000	0.5843760834
1491.4700000000	0.5836613139
1491.4800000000	0.5834024283
1491.4900000000	0.5828537896
1491.5000000000	0.5827302812
1491.5100000000	0.5831690928
1491.5200000000	0.5822404055
1491.5300000000	0.5820738024
1491.5400000000	0.5826839263
1491.5500000000	0.5832194567
1491.5600000000	0.5836425182
1491.5700000000	0.5842039120
1491.5800000000	0.5841663542
1491.5900000000	0.5837712118
1491.6000000000	0.5839970284
1491.6100000000	0.5837915016
1491.6200000000	0.5837144445
1491.6300000000	0.5838261626
1491.6400000000	0.5832517707
1491.6500000000	0.5836763140
1491.6600000000	0.5837994489
1491.6700000000	0.5831680814
1491.6800000000	0.5839778695
1491.6900000000	0.5842574489
1491.7000000000	0.5831724162
1491.7100000000	0.5839760335
1491.7200000000	0.5850436236
1491.7300000000	0.5849410600
1491.7400000000	0.5860236836
1491.7500000000	0.5864224929
1491.7600000000	0.5861858425
1491.7700000000	0.5870931106
1491.7800000000	0.5872562777
1491.7900000000	0.5879244521
1491.8000000000	0.5891006181
1491.8100000000	0.5887394616
1491.8200000000	0.5882755610
1491.8300000000	0.5882132112
1491.8400000000	0.5881531203
1491.8500000000	0.5883470788
1491.8600000000	0.5884270033
1491.8700000000	0.5877274550
1491.8800000000	0.5872840050
1491.8900000000	0.5871419234
1491.9000000000	0.5867924906
1491.9100000000	0.5865249231
1491.9200000000	0.5864237907
1491.9300000000	0.5862807701
1491.9400000000	0.5860744363
1491.9500000000	0.5859266016
1491.9600000000	0.5865749759
1491.9700000000	0.5870683293
1491.9800000000	0.5866096744
1491.9900000000	0.5865903283
1492.0000000000	0.5866275751
1492.0100000000	0.5871639005
1492.0200000000	0.5871639005
1492.0300000000	0.5879902423
1492.0400000000	0.5881226561
1492.0500000000	0.5873082447
1492.0600000000	0.5870723492
1492.0700000000	0.5871443903
1492.0800000000	0.5871639005
1492.0900000000	0.5871639005
1492.1000000000	0.5867947816
1492.1100000000	0.5861233554
1492.1200000000	0.5854815915
1492.1300000000	0.5856184806
1492.1400000000	0.5851881203
1492.1500000000	0.5847344260
1492.1600000000	0.5835198997
1492.1700000000	0.5827356980
1492.1800000000	0.5828743639
1492.1900000000	0.5820454663
1492.2000000000	0.5819479949
1492.2100000000	0.5819841796
1492.2200000000	0.5815160580
1492.2300000000	0.5810457191
1492.2400000000	0.5820557192
1492.2500000000	0.5826550456
1492.2600000000	0.5829522713
1492.2700000000	0.5840419476
1492.2800000000	0.5843433435
1492.2900000000	0.5844795494
1492.3000000000	0.5861331895
1492.3100000000	0.5875068459
1492.3200000000	0.5893181442
1492.3300000000	0.5902239202
1492.3400000000	0.5906219178
1492.3500000000	0.5912891174
1492.3600000000	0.5923670037
1492.3700000000	0.5932307062
1492.3800000000	0.5941018747
1492.3900000000	0.5944044696
1492.4000000000	0.5943882469
1492.4100000000	0.5944207190
1492.4200000000	0.5948512699
1492.4300000000	0.5945847580
1492.4400000000	0.5941842010
1492.4500000000	0.5938381655
1492.4600000000	0.5934524569
1492.4700000000	0.5934257425
1492.4800000000	0.5935124084
1492.4900000000	0.5937876153
1492.5000000000	0.5933668926
1492.5100000000	0.5929062168
1492.5200000000	0.5923820562
1492.5300000000	0.5923534578
1492.5400000000	0.5925220952
1492.5500000000	0.5919986754
1492.5600000000	0.5920177187
1492.5700000000	0.5913748472
1492.5800000000	0.5901928644
1492.5900000000	0.5898965922
1492.6000000000	0.5896930364
1492.6100000000	0.5892493586
1492.6200000000	0.5884795207
1492.6300000000	0.5881467867
1492.6400000000	0.5872375843
1492.6500000000	0.5872697173
1492.6600000000	0.5873883269
1492.6700000000	0.5867835122
1492.6800000000	0.5866038742
1492.6900000000	0.5866933480
1492.7000000000	0.5868745978
1492.7100000000	0.5871753499
1492.7200000000	0.5872246646
1492.7300000000	0.5868301701
1492.7400000000	0.5868056129
1492.7500000000	0.5863801134
1492.7600000000	0.5863880947
1492.7700000000	0.5871089228
1492.7800000000	0.5870616460
1492.7900000000	0.5866138658
1492.8000000000	0.5875104428
1492.8100000000	0.5871428641
1492.8200000000	0.5870587916
1492.8300000000	0.5882598860
1492.8400000000	0.5888444139
1492.8500000000	0.5894897282
1492.8600000000	0.5896667717
1492.8700000000	0.5901224464
1492.8800000000	0.5914498862
1492.8900000000	0.5922113841
1492.9000000000	0.5929641070
1492.9100000000	0.5937227252
1492.9200000000	0.5939611369
1492.9300000000	0.5941311788
1492.9400000000	0.5949865513
1492.9500000000	0.5953238734
1492.9600000000	0.5948434787
1492.9700000000	0.5947147223
1492.9800000000	0.5941083202
1492.9900000000	0.5938643869
1493.0000000000	0.5936724113
1493.0100000000	0.5933784035
1493.0200000000	0.5930383190
1493.0300000000	0.5924092989
1493.0400000000	0.5916913367
1493.0500000000	0.5910214823
1493.0600000000	0.5911418263
1493.0700000000	0.5906776271
1493.0800000000	0.5903212753
1493.0900000000	0.5901835534
1493.1000000000	0.5887858552
1493.1100000000	0.5888689393
1493.1200000000	0.5888216194
1493.1300000000	0.5881412201
1493.1400000000	0.5879209306
1493.1500000000	0.5873934321
1493.1600000000	0.5867859694
1493.1700000000	0.5869504501
1493.1800000000	0.5869736930
1493.1900000000	0.5863090152
1493.2000000000	0.5863826571
1493.2100000000	0.5859132081
1493.2200000000	0.5861181303
1493.2300000000	0.5873251512
1493.2400000000	0.5873783957
1493.2500000000	0.5874998411
1493.2600000000	0.5877421238
1493.2700000000	0.5874509713
1493.2800000000	0.5872698152
1493.2900000000	0.5883171632
1493.3000000000	0.5888256665
1493.3100000000	0.5885415132
1493.3200000000	0.5891626802
1493.3300000000	0.5888121217
1493.3400000000	0.5886298604
1493.3500000000	0.5898812669
1493.3600000000	0.5898891331
1493.3700000000	0.5906712031
1493.3800000000	0.5909690727
1493.3900000000	0.5905759629
1493.4000000000	0.5918109583
1493.4100000000	0.5928532733
1493.4200000000	0.5930104102
1493.4300000000	0.5939774116
1493.4400000000	0.5943832221
1493.4500000000	0.5947669798
1493.4600000000	0.5959932371
1493.4700000000	0.5967469983
1493.4800000000	0.5966260267
1493.4900000000	0.5968123897
1493.5000000000	0.5964032366
1493.5100000000	0.5960497063
1493.5200000000	0.5968143847
1493.5300000000	0.5964771098
1493.5400000000	0.5962293933
1493.5500000000	0.5962418757
1493.5600000000	0.5952161480
1493.5700000000	0.5945523769
1493.5800000000	0.5947675582
1493.5900000000	0.5941741107
1493.6000000000	0.5936359299
1493.6100000000	0.5939768954
1493.6200000000	0.5930634798
1493.6300000000	0.5925226997
1493.6400000000	0.5934435038
1493.6500000000	0.5927984429
1493.6600000000	0.5926222567
1493.6700000000	0.5921829077
1493.6800000000	0.5915470424
1493.6900000000	0.5915610248
1493.7000000000	0.5911699455
1493.7100000000	0.5906113526
1493.7200000000	0.5899889042
1493.7300000000	0.5889681460
1493.7400000000	0.5882962356
1493.7500000000	0.5887481160
1493.7600000000	0.5888079482
1493.7700000000	0.5879549113
1493.7800000000	0.5881088276
1493.7900000000	0.5875898691
1493.8000000000	0.5869537742
1493.8100000000	0.5873964850
1493.8200000000	0.5876264774
1493.8300000000	0.5880592693
1493.8400000000	0.5881366465
1493.8500000000	0.5882864542
1493.8600000000	0.5884981878
1493.8700000000	0.5891583336
1493.8800000000	0.5895803656
1493.8900000000	0.5894045355
1493.9000000000	0.5904260002
1493.9100000000	0.5903826219
1493.9200000000	0.5913366133
1493.9300000000	0.5922953029
1493.9400000000	0.5924262891
1493.9500000000	0.5931936367
1493.9600000000	0.5935184020
1493.9700000000	0.5937821598
1493.9800000000	0.5949475580
1493.9900000000	0.5961906281
1494.0000000000	0.5967741704
1494.0100000000	0.5968621591
1494.0200000000	0.5969906051
1494.0300000000	0.5975799200
1494.0400000000	0.5983929993
1494.0500000000	0.5984932579
1494.0600000000	0.5988413932
1494.0700000000	0.5994452266
1494.0800000000	0.5990474677
1494.0900000000	0.5986492327
1494.1000000000	0.5981103791
1494.1100000000	0.5981049617
1494.1200000000	0.5977473920
1494.1300000000	0.5963172298
1494.1400000000	0.5959254266
1494.1500000000	0.5953137904
1494.1600000000	0.5945309964
1494.1700000000	0.5942405504
1494.1800000000	0.5935916999
1494.1900000000	0.5929344334
1494.2000000000	0.5928149826
1494.2100000000	0.5928868920
1494.2200000000	0.5924519976
1494.2300000000	0.5930204619
1494.2400000000	0.5926191308
1494.2500000000	0.5915401930
1494.2600000000	0.5919449559
1494.2700000000	0.5922525757
1494.2800000000	0.5922390869
1494.2900000000	0.5929898030
1494.3000000000	0.5917972515
1494.3100000000	0.5912242620
1494.3200000000	0.5921959634
1494.3300000000	0.5911814832
1494.3400000000	0.5904533667
1494.3500000000	0.5922143893
1494.3600000000	0.5906131654
1494.3700000000	0.5900137519
1494.3800000000	0.5907870849
1494.3900000000	0.5897232056
1494.4000000000	0.5903707018
1494.4100000000	0.5904526642
1494.4200000000	0.5896434921
1494.4300000000	0.5901072494
1494.4400000000	0.5903103738
1494.4500000000	0.5907018399
1494.4600000000	0.5915201690
1494.4700000000	0.5912757479
1494.4800000000	0.5916971505
1494.4900000000	0.5924556754
1494.5000000000	0.5926393659
1494.5100000000	0.5935696376
1494.5200000000	0.5954065912
1494.5300000000	0.5948887792
1494.5400000000	0.5950657651
1494.5500000000	0.5961173835
1494.5600000000	0.5958608794
1494.5700000000	0.5971229333
1494.5800000000	0.5976511315
1494.5900000000	0.5965660802
1494.6000000000	0.5976723076
1494.6100000000	0.5967490834
1494.6200000000	0.5954366476
1494.6300000000	0.5960766912
1494.6400000000	0.5945064777
1494.6500000000	0.5929154095
1494.6600000000	0.5925217552
1494.6700000000	0.5902348691
1494.6800000000	0.5889834308
1494.6900000000	0.5888381196
1494.7000000000	0.5865407376
1494.7100000000	0.5856131560
1494.7200000000	0.5848755566
1494.7300000000	0.5838771691
1494.7400000000	0.5847193500
1494.7500000000	0.5847163909
1494.7600000000	0.5841288864
1494.7700000000	0.5850203180
1494.7800000000	0.5848078623
1494.7900000000	0.5850258506
1494.8000000000	0.5872891877
1494.8100000000	0.5883372600
1494.8200000000	0.5880957211
1494.8300000000	0.5897893570
1494.8400000000	0.5895631579
1494.8500000000	0.5900772153
1494.8600000000	0.5909663367
1494.8700000000	0.5904219597
1494.8800000000	0.5907824855
1494.8900000000	0.5903193014
1494.9000000000	0.5898112431
1494.9100000000	0.5899204128
1494.9200000000	0.5895130531
1494.9300000000	0.5892105930
1494.9400000000	0.5885236565
1494.9500000000	0.5883318760
1494.9600000000	0.5884646671
1494.9700000000	0.5889220954
1494.9800000000	0.5895031197
1494.9900000000	0.5894343485
1495.0000000000	0.5894034201
1495.0100000000	0.5896263081
1495.0200000000	0.5903875610
1495.0300000000	0.5911119863
1495.0400000000	0.5923817837
1495.0500000000	0.5934996226
1495.0600000000	0.5935998051
1495.0700000000	0.5939653046
1495.0800000000	0.5948909663
1495.0900000000	0.5954287392
1495.1000000000	0.5964775507
1495.1100000000	0.5967743559
1495.1200000000	0.5970622720
1495.1300000000	0.5977759661
1495.1400000000	0.5981350581
1495.1500000000	0.5980485370
1495.1600000000	0.5982216619
1495.1700000000	0.5983767216
1495.1800000000	0.5981121445
1495.1900000000	0.5983409705
1495.2000000000	0.5979976850
1495.2100000000	0.5980549031
1495.2200000000	0.5981478957
1495.2300000000	0.5974041531
1495.2400000000	0.5964888493
1495.2500000000	0.5959907156
1495.2600000000	0.5958024753
1495.2700000000	0.5956473024
1495.2800000000	0.5948795178
1495.2900000000	0.5945049376
1495.3000000000	0.5936713424
1495.3100000000	0.5933086120
1495.3200000000	0.5930817231
1495.3300000000	0.5933987484
1495.3400000000	0.5930589171
1495.3500000000	0.5924055760
1495.3600000000	0.5921533160
1495.3700000000	0.5925134619
1495.3800000000	0.5921825576
1495.3900000000	0.5919482259
1495.4000000000	0.5915982839
1495.4100000000	0.5909146592
1495.4200000000	0.5903652216
1495.4300000000	0.5904175923
1495.4400000000	0.5903163444
1495.4500000000	0.5899881679
1495.4600000000	0.5897484739
1495.4700000000	0.5894414046
1495.4800000000	0.5896161898
1495.4900000000	0.5899521441
1495.5000000000	0.5908551751
1495.5100000000	0.5914115186
1495.5200000000	0.5907860872
1495.5300000000	0.5911502624
1495.5400000000	0.5920516240
1495.5500000000	0.5927034740
1495.5600000000	0.5938844348
1495.5700000000	0.5945959559
1495.5800000000	0.5952689749
1495.5900000000	0.5950526816
1495.6000000000	0.5958442666
1495.6100000000	0.5960205759
1495.6200000000	0.5964762073
1495.6300000000	0.5965576324
1495.6400000000	0.5961026764
1495.6500000000	0.5960876576
1495.6600000000	0.5959453480
1495.6700000000	0.5955828249
1495.6800000000	0.5952345638
1495.6900000000	0.5950453425
1495.7000000000	0.5942032630
1495.7100000000	0.5938406269
1495.7200000000	0.5938333212
1495.7300000000	0.5933569419
1495.7400000000	0.5933853099
1495.7500000000	0.5932807393
1495.7600000000	0.5922605167
1495.7700000000	0.5918518989
1495.7800000000	0.5916048814
1495.7900000000	0.5915635322
1495.8000000000	0.5911288352
1495.8100000000	0.5908035536
1495.8200000000	0.5896248792
1495.8300000000	0.5891545265
1495.8400000000	0.5888248702
1495.8500000000	0.5884655496
1495.8600000000	0.5881325924
1495.8700000000	0.5876036234
1495.8800000000	0.5864148639
1495.8900000000	0.5864428660
1495.9000000000	0.5862799656
1495.9100000000	0.5855397765
1495.9200000000	0.5855995342
1495.9300000000	0.5851818309
1495.9400000000	0.5847044397
1495.9500000000	0.5848654705
1495.9600000000	0.5852439543
1495.9700000000	0.5850713711
1495.9800000000	0.5850100923
1495.9900000000	0.5844975822
1496.0000000000	0.5843886174
1496.0100000000	0.5845197313
1496.0200000000	0.5845653303
1496.0300000000	0.5857231084
1496.0400000000	0.5860004592
1496.0500000000	0.5854820394
1496.0600000000	0.5858886418
1496.0700000000	0.5865589547
1496.0800000000	0.5872776488
1496.0900000000	0.5880328580
1496.1000000000	0.5889998046
1496.1100000000	0.5889560110
1496.1200000000	0.5897221973
1496.1300000000	0.5909539177
1496.1400000000	0.5915496311
1496.1500000000	0.5921137502
1496.1600000000	0.5923004937
1496.1700000000	0.5923014509
1496.1800000000	0.5929329898
1496.1900000000	0.5931902507
1496.2000000000	0.5931621976
1496.2100000000	0.5934203283
1496.2200000000	0.5929411575
1496.2300000000	0.5923483986
1496.2400000000	0.5923427879
1496.2500000000	0.5922545986
1496.2600000000	0.5918835523
1496.2700000000	0.5922240948
1496.2800000000	0.5916322780
1496.2900000000	0.5909859574
1496.3000000000	0.5908518048
1496.3100000000	0.5911290705
1496.3200000000	0.5915216467
1496.3300000000	0.5913976169
1496.3400000000	0.5909882463
1496.3500000000	0.5909539177
1496.3600000000	0.5905881402
1496.3700000000	0.5904941331
1496.3800000000	0.5904533900
1496.3900000000	0.5899366262
1496.4000000000	0.5886557145
1496.4100000000	0.5886490160
1496.4200000000	0.5888079171
1496.4300000000	0.5884024501
1496.4400000000	0.5877760793
1496.4500000000	0.5870566432
1496.4600000000	0.5867140236
1496.4700000000	0.5863859316
1496.4800000000	0.5864184397
1496.4900000000	0.5867168004
1496.5000000000	0.5864895511
1496.5100000000	0.5857597473
1496.5200000000	0.5859963511
1496.5300000000	0.5867983112
1496.5400000000	0.5865918356
1496.5500000000	0.5871967508
1496.5600000000	0.5870338699
1496.5700000000	0.5863892920
1496.5800000000	0.5884399777
1496.5900000000	0.5892440377
1496.6000000000	0.5894765316
1496.6100000000	0.5906815789
1496.6200000000	0.5912810559
1496.6300000000	0.5910071728
1496.6400000000	0.5914243980
1496.6500000000	0.5920071202
1496.6600000000	0.5925848745
1496.6700000000	0.5928195879
1496.6800000000	0.5925441723
1496.6900000000	0.5924621646
1496.7000000000	0.5928124764
1496.7100000000	0.5925195591
1496.7200000000	0.5924112282
1496.7300000000	0.5922934398
1496.7400000000	0.5915427410
1496.7500000000	0.5908854051
1496.7600000000	0.5905883867
1496.7700000000	0.5903210666
1496.7800000000	0.5899025098
1496.7900000000	0.5896122265
1496.8000000000	0.5889629760
1496.8100000000	0.5885208283
1496.8200000000	0.5882210363
1496.8300000000	0.5881329244
1496.8400000000	0.5888498148
1496.8500000000	0.5891228617
1496.8600000000	0.5888176488
1496.8700000000	0.5892403026
1496.8800000000	0.5893276582
1496.8900000000	0.5898717005
1496.9000000000	0.5906095113
1496.9100000000	0.5902926487
1496.9200000000	0.5900159102
1496.9300000000	0.5899564820
1496.9400000000	0.5896062879
1496.9500000000	0.5893633814
1496.9600000000	0.5883003247
1496.9700000000	0.5870432069
1496.9800000000	0.5862461791
1496.9900000000	0.5853568728
1497.0000000000	0.5843839463
1497.0100000000	0.5844416390
1497.0200000000	0.5837946413
1497.0300000000	0.5821477485
1497.0400000000	0.5820325222
1497.0500000000	0.5815889946
1497.0600000000	0.5813278323
1497.0700000000	0.5819239471
1497.0800000000	0.5825110182
1497.0900000000	0.5823092153
1497.1000000000	0.5826507030
1497.1100000000	0.5832401926
1497.1200000000	0.5841108374
1497.1300000000	0.5857204105
1497.1400000000	0.5861627287
1497.1500000000	0.5865796354
1497.1600000000	0.5874628484
1497.1700000000	0.5876716226
1497.1800000000	0.5889409222
1497.1900000000	0.5896792747
1497.2000000000	0.5893377966
1497.2100000000	0.5897788887
1497.2200000000	0.5902079368
1497.2300000000	0.5901506769
1497.2400000000	0.5905623587
1497.2500000000	0.5908797112
1497.2600000000	0.5901247618
1497.2700000000	0.5902582314
1497.2800000000	0.5900767360
1497.2900000000	0.5893318223
1497.3000000000	0.5904028496
1497.3100000000	0.5900217719
1497.3200000000	0.5895762921
1497.3300000000	0.5900014233
1497.3400000000	0.5891741021
1497.3500000000	0.5887685786
1497.3600000000	0.5895022978
1497.3700000000	0.5892849689
1497.3800000000	0.5889970268
1497.3900000000	0.5891823287
1497.4000000000	0.5884995260
1497.4100000000	0.5889087333
1497.4200000000	0.5891056314
1497.4300000000	0.5886620359
1497.4400000000	0.5888383155
1497.4500000000	0.5882321762
1497.4600000000	0.5879028503
1497.4700000000	0.5885941209
1497.4800000000	0.5879425832
1497.4900000000	0.5873665214
1497.5000000000	0.5873449878
1497.5100000000	0.5861736631
1497.5200000000	0.5851526415
1497.5300000000	0.5863349319
1497.5400000000	0.5853991220
1497.5500000000	0.5845625378
1497.5600000000	0.5853421866
1497.5700000000	0.5840628379
1497.5800000000	0.5840153207
1497.5900000000	0.5850543268
1497.6000000000	0.5845966865
1497.6100000000	0.5858318145
1497.6200000000	0.5861962427
1497.6300000000	0.5858675775
1497.6400000000	0.5878858402
1497.6500000000	0.5887342850
1497.6600000000	0.5891392881
1497.6700000000	0.5903990252
1497.6800000000	0.5908406148
1497.6900000000	0.5908571707
1497.7000000000	0.5919930456
1497.7100000000	0.5923429689
1497.7200000000	0.5921551663
1497.7300000000	0.5923433944
1497.7400000000	0.5919724631
1497.7500000000	0.5917565845
1497.7600000000	0.5920259293
1497.7700000000	0.5916987931
1497.7800000000	0.5911201217
1497.7900000000	0.5905001083
1497.8000000000	0.5899676477
1497.8100000000	0.5896396787
1497.8200000000	0.5894994037
1497.8300000000	0.5895594950
1497.8400000000	0.5895716464
1497.8500000000	0.5896053816
1497.8600000000	0.5894879578
1497.8700000000	0.5894779060
1497.8800000000	0.5897672351
1497.8900000000	0.5905736312
1497.9000000000	0.5906172001
1497.9100000000	0.5903515160
1497.9200000000	0.5904526445
1497.9300000000	0.5902264467
1497.9400000000	0.5903895226
1497.9500000000	0.5907124088
1497.9600000000	0.5902877399
1497.9700000000	0.5899693252
1497.9800000000	0.5899739075
1497.9900000000	0.5899015342
1498.0000000000	0.5897988959
1498.0100000000	0.5896983185
1498.0200000000	0.5893652794
1498.0300000000	0.5890680454
1498.0400000000	0.5893154970
1498.0500000000	0.5892362431
1498.0600000000	0.5895047810
1498.0700000000	0.5897899003
1498.0800000000	0.5890697393
1498.0900000000	0.5890139584
1498.1000000000	0.5890050832
1498.1100000000	0.5888834652
1498.1200000000	0.5893980587
1498.1300000000	0.5899701428
1498.1400000000	0.5896719174
1498.1500000000	0.5894507463
1498.1600000000	0.5899999926
1498.1700000000	0.5903905134
1498.1800000000	0.5909337002
1498.1900000000	0.5912587518
1498.2000000000	0.5916603682
1498.2100000000	0.5920444673
1498.2200000000	0.5924337763
1498.2300000000	0.5930404648
1498.2400000000	0.5934706915
1498.2500000000	0.5934588075
1498.2600000000	0.5931957067
1498.2700000000	0.5932672285
1498.2800000000	0.5936450182
1498.2900000000	0.5940032307
1498.3000000000	0.5940050592
1498.3100000000	0.5935268745
1498.3200000000	0.5927590261
1498.3300000000	0.5926956586
1498.3400000000	0.5927220115
1498.3500000000	0.5922527894
1498.3600000000	0.5922139389
1498.3700000000	0.5925492250
1498.3800000000	0.5920585369
1498.3900000000	0.5917907643
1498.4000000000	0.5918181405
1498.4100000000	0.5921696196
1498.4200000000	0.5924206205
1498.4300000000	0.5920058780
1498.4400000000	0.5919025367
1498.4500000000	0.5923671663
1498.4600000000	0.5919813037
1498.4700000000	0.5917748890
1498.4800000000	0.5916669224
1498.4900000000	0.5907990077
1498.5000000000	0.5898823092
1498.5100000000	0.5893245906
1498.5200000000	0.5889730142
1498.5300000000	0.5881318149
1498.5400000000	0.5875572044
1498.5500000000	0.5859774015
1498.5600000000	0.5846350228
1498.5700000000	0.5843628151
1498.5800000000	0.5837843398
1498.5900000000	0.5835715937
1498.6000000000	0.5828596634
1498.6100000000	0.5820258940
1498.6200000000	0.5818106133
1498.6300000000	0.5815030515
1498.6400000000	0.5814046317
1498.6500000000	0.5819086067
1498.6600000000	0.5817570147
1498.6700000000	0.5809149717
1498.6800000000	0.5812860909
1498.6900000000	0.5818338238
1498.7000000000	0.5824029848
1498.7100000000	0.5831560702
1498.7200000000	0.5835774343
1498.7300000000	0.5841071548
1498.7400000000	0.5848721979
1498.7500000000	0.5858930842
1498.7600000000	0.5870964043
1498.7700000000	0.5879752651
1498.7800000000	0.5887746384
1498.7900000000	0.5893669072
1498.8000000000	0.5903581318
1498.8100000000	0.5914541626
1498.8200000000	0.5923281712
1498.8300000000	0.5928056815
1498.8400000000	0.5927698662
1498.8500000000	0.5927990666
1498.8600000000	0.5930500932
1498.8700000000	0.5931618034
1498.8800000000	0.5929875127
1498.8900000000	0.5927529125
1498.9000000000	0.5923755636
1498.9100000000	0.5916321904
1498.9200000000	0.5909682484
1498.9300000000	0.5908240647
1498.9400000000	0.5907394225
1498.9500000000	0.5903421358
1498.9600000000	0.5899111981
1498.9700000000	0.5897686601
1498.9800000000	0.5894744712
1498.9900000000	0.5896453709
1499.0000000000	0.5900145339
1499.0100000000	0.5898812669
1499.0200000000	0.5898879351
1499.0300000000	0.5899289778
1499.0400000000	0.5900884468
1499.0500000000	0.5906441728
1499.0600000000	0.5904453491
1499.0700000000	0.5901534792
1499.0800000000	0.5898685385
1499.0900000000	0.5896042021
1499.1000000000	0.5895110850
1499.1100000000	0.5898704706
1499.1200000000	0.5894522128
1499.1300000000	0.5886875648
1499.1400000000	0.5883296484
1499.1500000000	0.5877449039
1499.1600000000	0.5875747071
1499.1700000000	0.5875380764
1499.1800000000	0.5872259439
1499.1900000000	0.5864390417
1499.2000000000	0.5857726845
1499.2100000000	0.5856903545
1499.2200000000	0.5858631667
1499.2300000000	0.5859131527
1499.2400000000	0.5854688024
1499.2500000000	0.5850570259
1499.2600000000	0.5850451433
1499.2700000000	0.5850308275
1499.2800000000	0.5856764736
1499.2900000000	0.5863139784
1499.3000000000	0.5863581489
1499.3100000000	0.5865589087
1499.3200000000	0.5872783205
1499.3300000000	0.5884418820
1499.3400000000	0.5898802122
1499.3500000000	0.5911412006
1499.3600000000	0.5918549863
1499.3700000000	0.5923346901
1499.3800000000	0.5932659983
1499.3900000000	0.5942818255
1499.4000000000	0.5952159641
1499.4100000000	0.5957391073
1499.4200000000	0.5961791985
1499.4300000000	0.5963830569
1499.4400000000	0.5960129568
1499.4500000000	0.5956647922
1499.4600000000	0.5952824659
1499.4700000000	0.5944565369
1499.4800000000	0.5932019264
1499.4900000000	0.5921159862
1499.5000000000	0.5911293610
1499.5100000000	0.5900279653
1499.5200000000	0.5892554269
1499.5300000000	0.5883671740
1499.5400000000	0.5869434741
1499.5500000000	0.5861087435
1499.5600000000	0.5850433889
1499.5700000000	0.5849275475
1499.5800000000	0.5846415244
1499.5900000000	0.5844858254
1499.6000000000	0.5841550642
1499.6100000000	0.5840201298
1499.6200000000	0.5844069349
1499.6300000000	0.5852977216
1499.6400000000	0.5857747759
1499.6500000000	0.5859310424
1499.6600000000	0.5865116219
1499.6700000000	0.5869808252
1499.6800000000	0.5875271745
1499.6900000000	0.5883463491
1499.7000000000	0.5889107849
1499.7100000000	0.5892203660
1499.7200000000	0.5891076712
1499.7300000000	0.5892122765
1499.7400000000	0.5898187786
1499.7500000000	0.5901856870
1499.7600000000	0.5898569812
1499.7700000000	0.5895141720
1499.7800000000	0.5894965678
1499.7900000000	0.5886914787
1499.8000000000	0.5883406068
1499.8100000000	0.5886702053
1499.8200000000	0.5879749499
1499.8300000000	0.5870969853
1499.8400000000	0.5866296642
1499.8500000000	0.5858480814
1499.8600000000	0.5862163671
1499.8700000000	0.5863351300
1499.8800000000	0.5861236368
1499.8900000000	0.5858595198
1499.9000000000	0.5858095129
1499.9100000000	0.5861348461
1499.9200000000	0.5868821370
1499.9300000000	0.5875788788
1499.9400000000	0.5882843362
1499.9500000000	0.5892478012
1499.9600000000	0.5897426075
1499.9700000000	0.5902868310
1499.9800000000	0.5912346228
1499.9900000000	0.5919430677
1500.0000000000	0.5923898507
1500.0100000000	0.5927599519
1500.0200000000	0.5930992775
1500.0300000000	0.5931062852
1500.0400000000	0.5932016043
1500.0500000000	0.5935358967
1500.0600000000	0.5930967716
1500.0700000000	0.5930078603
1500.0800000000	0.5922654201
1500.0900000000	0.5921576812
1500.1000000000	0.5923837472
1500.1100000000	0.5920831936
1500.1200000000	0.5917304916
1500.1300000000	0.5911811265
1500.1400000000	0.5909081210
1500.1500000000	0.5912057042
1500.1600000000	0.5914679132
1500.1700000000	0.5915231102
1500.1800000000	0.5913721609
1500.1900000000	0.5912505659
1500.2000000000	0.5909897154
1500.2100000000	0.5909090738
1500.2200000000	0.5909355097
1500.2300000000	0.5911270918
1500.2400000000	0.5907765866
1500.2500000000	0.5901894599
1500.2600000000	0.5903341613
1500.2700000000	0.5905452999
1500.2800000000	0.5902984302
1500.2900000000	0.5905256103
1500.3000000000	0.5906922161
1500.3100000000	0.5907842792
1500.3200000000	0.5910079297
1500.3300000000	0.5917210993
1500.3400000000	0.5923255160
1500.3500000000	0.5927632994
1500.3600000000	0.5930896121
1500.3700000000	0.5932260832
1500.3800000000	0.5940330325
1500.3900000000	0.5951775403
1500.4000000000	0.5960770742
1500.4100000000	0.5964294334
1500.4200000000	0.5964832415
1500.4300000000	0.5970053988
1500.4400000000	0.5975703981
1500.4500000000	0.5979226838
1500.4600000000	0.5983972512
1500.4700000000	0.5987702730
1500.4800000000	0.5989651819
1500.4900000000	0.5991133922
1500.5000000000	0.5992934931
1500.5100000000	0.5994576980
1500.5200000000	0.6001096270
1500.5300000000	0.5997624890
1500.5400000000	0.5990747298
1500.5500000000	0.5997858196
1500.5600000000	0.5993031189
1500.5700000000	0.5991704937
1500.5800000000	0.5996702792
1500.5900000000	0.5988883896
1500.6000000000	0.5982719752
1500.6100000000	0.5981251926
1500.6200000000	0.5976524353
1500.6300000000	0.5974644914
1500.6400000000	0.5975209667
1500.6500000000	0.5963486643
1500.6600000000	0.5960586279
1500.6700000000	0.5962728825
1500.6800000000	0.5959668232
1500.6900000000	0.5965302860
1500.7000000000	0.5962741668
1500.7100000000	0.5956658867
1500.7200000000	0.5962522890
1500.7300000000	0.5958483726
1500.7400000000	0.5954618338
1500.7500000000	0.5962031428
1500.7600000000	0.5960750992
1500.7700000000	0.5949942861
1500.7800000000	0.5951535906
1500.7900000000	0.5951780680
1500.8000000000	0.5947153233
1500.8100000000	0.5954791070
1500.8200000000	0.5946867866
1500.8300000000	0.5944622471
1500.8400000000	0.5949184624
1500.8500000000	0.5943909176
1500.8600000000	0.5954352479
1500.8700000000	0.5961384377
1500.8800000000	0.5959447638
1500.8900000000	0.5968649965
1500.9000000000	0.5973302630
1500.9100000000	0.5981925613
1500.9200000000	0.6001966452
1500.9300000000	0.6007248462
1500.9400000000	0.6006654977
1500.9500000000	0.6016144144
1500.9600000000	0.6018433852
1500.9700000000	0.6024634322
1500.9800000000	0.6033532186
1500.9900000000	0.6030792845
1501.0000000000	0.6030358271
1501.0100000000	0.6036690186
1501.0200000000	0.6027402847
1501.0300000000	0.6027198184
1501.0400000000	0.6035206680
1501.0500000000	0.6025664013
1501.0600000000	0.6018993748
1501.0700000000	0.6021041296
1501.0800000000	0.6012929759
1501.0900000000	0.6010111902
1501.1000000000	0.6014346373
1501.1100000000	0.6005720934
1501.1200000000	0.6005912527
1501.1300000000	0.6003549554
1501.1400000000	0.5999284913
1501.1500000000	0.6004423413
1501.1600000000	0.6002491807
1501.1700000000	0.5999133291
1501.1800000000	0.5995476029
1501.1900000000	0.5989110849
1501.2000000000	0.5988764096
1501.2100000000	0.5991877016
1501.2200000000	0.5988684533
1501.2300000000	0.5982757712
1501.2400000000	0.5980618555
1501.2500000000	0.5974661354
1501.2600000000	0.5967959734
1501.2700000000	0.5966720200
1501.2800000000	0.5962879391
1501.2900000000	0.5954963141
1501.3000000000	0.5945681832
1501.3100000000	0.5939282033
1501.3200000000	0.5934629874
1501.3300000000	0.5930152157
1501.3400000000	0.5925501741
1501.3500000000	0.5915217067
1501.3600000000	0.5910740583
1501.3700000000	0.5905436926
1501.3800000000	0.5903091871
1501.3900000000	0.5903860963
1501.4000000000	0.5899335887
1501.4100000000	0.5897906797
1501.4200000000	0.5897552635
1501.4300000000	0.5901616429
1501.4400000000	0.5912467057
1501.4500000000	0.5925986916
1501.4600000000	0.5932422646
1501.4700000000	0.5937249516
1501.4800000000	0.5947618629
1501.4900000000	0.5957723602
1501.5000000000	0.5968687657
1501.5100000000	0.5980284865
1501.5200000000	0.5990299682
1501.5300000000	0.6001344300
1501.5400000000	0.6010820572
1501.5500000000	0.6017863355
1501.5600000000	0.6025729538
1501.5700000000	0.6032565900
1501.5800000000	0.6034515947
1501.5900000000	0.6035762269
1501.6000000000	0.6037421449
1501.6100000000	0.6037603629
1501.6200000000	0.6041377899
1501.6300000000	0.6040912927
1501.6400000000	0.6038028367
1501.6500000000	0.6035358644
1501.6600000000	0.6029662502
1501.6700000000	0.6028023424
1501.6800000000	0.6027188397
1501.6900000000	0.6024851670
1501.7000000000	0.6022308794
1501.7100000000	0.6015203055
1501.7200000000	0.6007237861
1501.7300000000	0.6006395484
1501.7400000000	0.6004961346
1501.7500000000	0.5996903412
1501.7600000000	0.5989161198
1501.7700000000	0.5985730412
1501.7800000000	0.5977424246
1501.7900000000	0.5975274705
1501.8000000000	0.5972611718
1501.8100000000	0.5968604025
1501.8200000000	0.5967003027
1501.8300000000	0.5964569699
1501.8400000000	0.5962359596
1501.8500000000	0.5964123126
1501.8600000000	0.5966047481
1501.8700000000	0.5965697904
1501.8800000000	0.5971098472
1501.8900000000	0.5974485978
1501.9000000000	0.5979440757
1501.9100000000	0.5985884072
1501.9200000000	0.5985282021
1501.9300000000	0.5989040008
1501.9400000000	0.5990827839
1501.9500000000	0.5989200489
1501.9600000000	0.5991586409
1501.9700000000	0.5996819055
1501.9800000000	0.5999284913
1501.9900000000	0.5996628825
1502.0000000000	0.5991360988
1502.0100000000	0.5988625838
1502.0200000000	0.5991725101
1502.0300000000	0.5995692600
1502.0400000000	0.5993070303
1502.0500000000	0.5990634884
1502.0600000000	0.5990259286
1502.0700000000	0.5984943127
1502.0800000000	0.5986138507
1502.0900000000	0.5985799908
1502.1000000000	0.5984379554
1502.1100000000	0.5986584595
1502.1200000000	0.5987240054
1502.1300000000	0.5984312374
1502.1400000000	0.5990780822
1502.1500000000	0.5998212146
1502.1600000000	0.5998514519
1502.1700000000	0.6000640944
1502.1800000000	0.6002099322
1502.1900000000	0.6006573820
1502.2000000000	0.6015898509
1502.2100000000	0.6020075975
1502.2200000000	0.6025092426
1502.2300000000	0.6027393484
1502.2400000000	0.6024076483
1502.2500000000	0.6022539170
1502.2600000000	0.6024765338
1502.2700000000	0.6025683152
1502.2800000000	0.6020952548
1502.2900000000	0.6015255415
1502.3000000000	0.6002731112
1502.3100000000	0.5989303075
1502.3200000000	0.5981978413
1502.3300000000	0.5967072582
1502.3400000000	0.5950950330
1502.3500000000	0.5937571643
1502.3600000000	0.5924693906
1502.3700000000	0.5913923327
1502.3800000000	0.5901450184
1502.3900000000	0.5893329014
1502.4000000000	0.5888143975
1502.4100000000	0.5880881059
1502.4200000000	0.5879783074
1502.4300000000	0.5889494997
1502.4400000000	0.5895865851
1502.4500000000	0.5904176347
1502.4600000000	0.5916094430
1502.4700000000	0.5921892589
1502.4800000000	0.5935210972
1502.4900000000	0.5948711187
1502.5000000000	0.5962185560
1502.5100000000	0.5976421375
1502.5200000000	0.5987138116
1502.5300000000	0.5992256737
1502.5400000000	0.5995528917
1502.5500000000	0.6004928591
1502.5600000000	0.6012330108
1502.5700000000	0.6014613635
1502.5800000000	0.6014512185
1502.5900000000	0.6005391530
1502.6000000000	0.6000700915
1502.6100000000	0.6001627833
1502.6200000000	0.5989066344
1502.6300000000	0.5981331268
1502.6400000000	0.5973868446
1502.6500000000	0.5963129461
1502.6600000000	0.5956778323
1502.6700000000	0.5954704397
1502.6800000000	0.5950661385
1502.6900000000	0.5948603532
1502.7000000000	0.5945581985
1502.7100000000	0.5942178755
1502.7200000000	0.5945958689
1502.7300000000	0.5949355886
1502.7400000000	0.5953296786
1502.7500000000	0.5957845764
1502.7600000000	0.5959310469
1502.7700000000	0.5963405809
1502.7800000000	0.5970554673
1502.7900000000	0.5975307581
1502.8000000000	0.5983039426
1502.8100000000	0.5988638738
1502.8200000000	0.5992560924
1502.8300000000	0.5990025197
1502.8400000000	0.5990532191
1502.8500000000	0.5989158976
1502.8600000000	0.5986889737
1502.8700000000	0.5978852776
1502.8800000000	0.5970146098
1502.8900000000	0.5965332239
1502.9000000000	0.5956268083
1502.9100000000	0.5946926103
1502.9200000000	0.5939713776
1502.9300000000	0.5928875962
1502.9400000000	0.5918675285
1502.9500000000	0.5915700834
1502.9600000000	0.5910601255
1502.9700000000	0.5909559919
1502.9800000000	0.5913606449
1502.9900000000	0.5910462893
1503.0000000000	0.5910254549
1503.0100000000	0.5918394706
1503.0200000000	0.5926583885
1503.0300000000	0.5937023594
1503.0400000000	0.5947669363
1503.0500000000	0.5950150561
1503.0600000000	0.5956353092
1503.0700000000	0.5966561742
1503.0800000000	0.5971643906
1503.0900000000	0.5983066326
1503.1000000000	0.5993482698
1503.1100000000	0.5990560690
1503.1200000000	0.5989273428
1503.1300000000	0.5995298617
1503.1400000000	0.5991727579
1503.1500000000	0.5991841014
1503.1600000000	0.5988957201
1503.1700000000	0.5984430393
1503.1800000000	0.5985895958
1503.1900000000	0.5984804011
1503.2000000000	0.5983888992
1503.2100000000	0.5987807567
1503.2200000000	0.5987003178
1503.2300000000	0.5984092510
1503.2400000000	0.5987939780
1503.2500000000	0.5989186765
1503.2600000000	0.5991223152
1503.2700000000	0.6000604660
1503.2800000000	0.5999568022
1503.2900000000	0.5993302191
1503.3000000000	0.5997642922
1503.3100000000	0.5995561040
1503.3200000000	0.5996818494
1503.3300000000	0.6002421649
1503.3400000000	0.5998987627
1503.3500000000	0.5993103668
1503.3600000000	0.5991758530
1503.3700000000	0.5987254967
1503.3800000000	0.5985652344
1503.3900000000	0.5985119682
1503.4000000000	0.5976097297
1503.4100000000	0.5976670701
1503.4200000000	0.5972217083
1503.4300000000	0.5965853634
1503.4400000000	0.5967101557
1503.4500000000	0.5959676058
1503.4600000000	0.5950636055
1503.4700000000	0.5949585466
1503.4800000000	0.5943077038
1503.4900000000	0.5939593800
1503.5000000000	0.5943289660
1503.5100000000	0.5939546962
1503.5200000000	0.5930140457
1503.5300000000	0.5930077110
1503.5400000000	0.5925297032
1503.5500000000	0.5923862633
1503.5600000000	0.5943159852
1503.5700000000	0.5938744388
1503.5800000000	0.5940649851
1503.5900000000	0.5954390665
1503.6000000000	0.5947758327
1503.6100000000	0.5957493323
1503.6200000000	0.5976614447
1503.6300000000	0.5974499633
1503.6400000000	0.5981726795
1503.6500000000	0.5989024066
1503.6600000000	0.5986394820
1503.6700000000	0.5996966114
1503.6800000000	0.5998634839
1503.6900000000	0.5992531207
1503.7000000000	0.5998978325
1503.7100000000	0.5995406054
1503.7200000000	0.5995171419
1503.7300000000	0.6003422480
1503.7400000000	0.5999863996
1503.7500000000	0.5995777541
1503.7600000000	0.5999744587
1503.7700000000	0.5996884207
1503.7800000000	0.5991803824
1503.7900000000	0.5999397342
1503.8000000000	0.6001251168
1503.8100000000	0.5995212990
1503.8200000000	0.6001018478
1503.8300000000	0.5994852174
1503.8400000000	0.5990248597
1503.8500000000	0.5996850498
1503.8600000000	0.5992177252
1503.8700000000	0.5991311511
1503.8800000000	0.5986402252
1503.8900000000	0.5975917369
1503.9000000000	0.5976928637
1503.9100000000	0.5970680844
1503.9200000000	0.5960505562
1503.9300000000	0.5958578302
1503.9400000000	0.5948241692
1503.9500000000	0.5939931434
1503.9600000000	0.5939025014
1503.9700000000	0.5930456391
1503.9800000000	0.5925531087
1503.9900000000	0.5922807700
1504.0000000000	0.5912175482
1504.0100000000	0.5909975158
1504.0200000000	0.5912818680
1504.0300000000	0.5908026752
1504.0400000000	0.5904584541
1504.0500000000	0.5903578869
1504.0600000000	0.5896605159
1504.0700000000	0.5896634836
1504.0800000000	0.5902745761
1504.0900000000	0.5902095740
1504.1000000000	0.5906169683
1504.1100000000	0.5909331783
1504.1200000000	0.5899693880
1504.1300000000	0.5906309854
1504.1400000000	0.5918790170
1504.1500000000	0.5926179014
1504.1600000000	0.5934765678
1504.1700000000	0.5941985474
1504.1800000000	0.5948370862
1504.1900000000	0.5955439056
1504.2000000000	0.5961709926
1504.2100000000	0.5967509704
1504.2200000000	0.5972782612
1504.2300000000	0.5975485995
1504.2400000000	0.5980229959
1504.2500000000	0.5986091703
1504.2600000000	0.5989786695
1504.2700000000	0.5991208883
1504.2800000000	0.5989511847
1504.2900000000	0.5986098526
1504.3000000000	0.5986116935
1504.3100000000	0.5985211534
1504.3200000000	0.5989065906
1504.3300000000	0.5987839742
1504.3400000000	0.5986644446
1504.3500000000	0.5986176052
1504.3600000000	0.5979803754
1504.3700000000	0.5979010838
1504.3800000000	0.5982762086
1504.3900000000	0.5986097298
1504.4000000000	0.5984147110
1504.4100000000	0.5980527820
1504.4200000000	0.5980499228
1504.4300000000	0.5980198749
1504.4400000000	0.5978961580
1504.4500000000	0.5976510904
1504.4600000000	0.5973021322
1504.4700000000	0.5967860527
1504.4800000000	0.5963442120
1504.4900000000	0.5959859546
1504.5000000000	0.5955615624
1504.5100000000	0.5951143366
1504.5200000000	0.5944174249
1504.5300000000	0.5936033840
1504.5400000000	0.5931969816
1504.5500000000	0.5931212166
1504.5600000000	0.5930645477
1504.5700000000	0.5926439023
1504.5800000000	0.5921393369
1504.5900000000	0.5917644012
1504.6000000000	0.5915909578
1504.6100000000	0.5916039214
1504.6200000000	0.5914819758
1504.6300000000	0.5920209518
1504.6400000000	0.5913416163
1504.6500000000	0.5908824221
1504.6600000000	0.5916048219
1504.6700000000	0.5919988521
1504.6800000000	0.5923432657
1504.6900000000	0.5925500276
1504.7000000000	0.5925397895
1504.7100000000	0.5929222651
1504.7200000000	0.5937392794
1504.7300000000	0.5940646515
1504.7400000000	0.5946254879
1504.7500000000	0.5952418074
1504.7600000000	0.5953875661
1504.7700000000	0.5958971696
1504.7800000000	0.5966643116
1504.7900000000	0.5968879385
1504.8000000000	0.5971739818
1504.8100000000	0.5975044249
1504.8200000000	0.5972479332
1504.8300000000	0.5972764053
1504.8400000000	0.5976954073
1504.8500000000	0.5977275761
1504.8600000000	0.5978192871
1504.8700000000	0.5980077176
1504.8800000000	0.5972691406
1504.8900000000	0.5969318816
1504.9000000000	0.5971068400
1504.9100000000	0.5971429533
1504.9200000000	0.5976913374
1504.9300000000	0.5973333679
1504.9400000000	0.5970847030
1504.9500000000	0.5973666179
1504.9600000000	0.5973773455
1504.9700000000	0.5975095037
1504.9800000000	0.5977782512
1504.9900000000	0.5974769587
1505.0000000000	0.5969820633
1505.0100000000	0.5968927123
1505.0200000000	0.5965317444
1505.0300000000	0.5960209694
1505.0400000000	0.5957229878
1505.0500000000	0.5946177621
1505.0600000000	0.5936259836
1505.0700000000	0.5931397270
1505.0800000000	0.5922907398
1505.0900000000	0.5915103485
1505.1000000000	0.5908499689
1505.1100000000	0.5898217011
1505.1200000000	0.5889626111
1505.1300000000	0.5885837262
1505.1400000000	0.5879089923
1505.1500000000	0.5883126593
1505.1600000000	0.5881730899
1505.1700000000	0.5874092083
1505.1800000000	0.5877795111
1505.1900000000	0.5880627630
1505.2000000000	0.5885926646
1505.2100000000	0.5893922738
1505.2200000000	0.5899578512
1505.2300000000	0.5904244131
1505.2400000000	0.5912334785
1505.2500000000	0.5919577347
1505.2600000000	0.5925391020
1505.2700000000	0.5932462453
1505.2800000000	0.5936893574
1505.2900000000	0.5938080294
1505.3000000000	0.5944299789
1505.3100000000	0.5950300359
1505.3200000000	0.5956275906
1505.3300000000	0.5959617948
1505.3400000000	0.5955815801
1505.3500000000	0.5953160580
1505.3600000000	0.5953500421
1505.3700000000	0.5953898243
1505.3800000000	0.5951308897
1505.3900000000	0.5949562728
1505.4000000000	0.5944812658
1505.4100000000	0.5938360277
1505.4200000000	0.5932986081
1505.4300000000	0.5929705175
1505.4400000000	0.5933614448
1505.4500000000	0.5932182989
1505.4600000000	0.5927599422
1505.4700000000	0.5927232854
1505.4800000000	0.5925706058
1505.4900000000	0.5927339574
1505.5000000000	0.5931755450
1505.5100000000	0.5933103784
1505.5200000000	0.5933260329
1505.5300000000	0.5937407773
1505.5400000000	0.5941073539
1505.5500000000	0.5941046014
1505.5600000000	0.5945207798
1505.5700000000	0.5943995731
1505.5800000000	0.5937247711
1505.5900000000	0.5936049381
1505.6000000000	0.5932997023
1505.6100000000	0.5931095880
1505.6200000000	0.5931707759
1505.6300000000	0.5923436106
1505.6400000000	0.5914102892
1505.6500000000	0.5905986580
1505.6600000000	0.5894649106
1505.6700000000	0.5890363411
1505.6800000000	0.5887430646
1505.6900000000	0.5876718972
1505.7000000000	0.5872904527
1505.7100000000	0.5869815526
1505.7200000000	0.5868649867
1505.7300000000	0.5874163091
1505.7400000000	0.5877759421
1505.7500000000	0.5882163653
1505.7600000000	0.5886730350
1505.7700000000	0.5890009671
1505.7800000000	0.5897591085
1505.7900000000	0.5907218669
1505.8000000000	0.5912164704
1505.8100000000	0.5914774831
1505.8200000000	0.5922042912
1505.8300000000	0.5930715172
1505.8400000000	0.5936478429
1505.8500000000	0.5949816601
1505.8600000000	0.5951218864
1505.8700000000	0.5949133089
1505.8800000000	0.5954727856
1505.8900000000	0.5953437617
1505.9000000000	0.5953609448
1505.9100000000	0.5959375895
1505.9200000000	0.5958858640
1505.9300000000	0.5955817680
1505.9400000000	0.5953939502
1505.9500000000	0.5947997390
1505.9600000000	0.5946958514
1505.9700000000	0.5949728261
1505.9800000000	0.5943392392
1505.9900000000	0.5940560740
1506.0000000000	0.5936112534
1506.0100000000	0.5927125458
1506.0200000000	0.5927176240
1506.0300000000	0.5930999021
1506.0400000000	0.5926157437
1506.0500000000	0.5920825919
1506.0600000000	0.5922476465
1506.0700000000	0.5916011299
1506.0800000000	0.5917166903
1506.0900000000	0.5923147969
1506.1000000000	0.5918355462
1506.1100000000	0.5920312780
1506.1200000000	0.5922010239
1506.1300000000	0.5918870510
1506.1400000000	0.5924994701
1506.1500000000	0.5926263628
1506.1600000000	0.5924967254
1506.1700000000	0.5926235757
1506.1800000000	0.5921179545
1506.1900000000	0.5919640331
1506.2000000000	0.5924069132
1506.2100000000	0.5917609764
1506.2200000000	0.5913246138
1506.2300000000	0.5912186785
1506.2400000000	0.5902869939
1506.2500000000	0.5900421820
1506.2600000000	0.5902820965
1506.2700000000	0.5901889131
1506.2800000000	0.5902653876
1506.2900000000	0.5903148301
1506.3000000000	0.5899606930
1506.3100000000	0.5901447459
1506.3200000000	0.5910886975
1506.3300000000	0.5911870464
1506.3400000000	0.5912240642
1506.3500000000	0.5918349267
1506.3600000000	0.5916522309
1506.3700000000	0.5921364307
1506.3800000000	0.5930875736
1506.3900000000	0.5927796257
1506.4000000000	0.5930167806
1506.4100000000	0.5933232546
1506.4200000000	0.5933086825
1506.4300000000	0.5937887888
1506.4400000000	0.5945403982
1506.4500000000	0.5945995473
1506.4600000000	0.5948227093
1506.4700000000	0.5949131196
1506.4800000000	0.5947175447
1506.4900000000	0.5953344749
1506.5000000000	0.5955113514
1506.5100000000	0.5956225347
1506.5200000000	0.5960827604
1506.5300000000	0.5956174407
1506.5400000000	0.5953245841
1506.5500000000	0.5957227611
1506.5600000000	0.5952765727
1506.5700000000	0.5949019926
1506.5800000000	0.5943266193
1506.5900000000	0.5936356029
1506.6000000000	0.5925983263
1506.6100000000	0.5925341423
1506.6200000000	0.5915823918
1506.6300000000	0.5907485130
1506.6400000000	0.5899815353
1506.6500000000	0.5887386480
1506.6600000000	0.5883278463
1506.6700000000	0.5880335417
1506.6800000000	0.5874370059
1506.6900000000	0.5872986248
1506.7000000000	0.5869082676
1506.7100000000	0.5864881789
1506.7200000000	0.5865517643
1506.7300000000	0.5867041681
1506.7400000000	0.5867268968
1506.7500000000	0.5869851448
1506.7600000000	0.5868323567
1506.7700000000	0.5868699130
1506.7800000000	0.5872484496
1506.7900000000	0.5875810311
1506.8000000000	0.5880460702
1506.8100000000	0.5885426246
1506.8200000000	0.5884705566
1506.8300000000	0.5892834446
1506.8400000000	0.5896717391
1506.8500000000	0.5900473132
1506.8600000000	0.5910443690
1506.8700000000	0.5915199791
1506.8800000000	0.5909925226
1506.8900000000	0.5915731977
1506.9000000000	0.5924404547
1506.9100000000	0.5925918280
1506.9200000000	0.5931350170
1506.9300000000	0.5928992419
1506.9400000000	0.5929419212
1506.9500000000	0.5936281304
1506.9600000000	0.5932833912
1506.9700000000	0.5935586441
1506.9800000000	0.5943994355
1506.9900000000	0.5939205503
1507.0000000000	0.5939869619
1507.0100000000	0.5948154721
1507.0200000000	0.5948154721
1507.0300000000	0.5952792801
1507.0400000000	0.5966346142
1507.0500000000	0.5959505426
1507.0600000000	0.5960423624
1507.0700000000	0.5972673673
1507.0800000000	0.5967855401
1507.0900000000	0.5973270428
1507.1000000000	0.5985110641
1507.1100000000	0.5977083876
1507.1200000000	0.5973147333
1507.1300000000	0.5971696345
1507.1400000000	0.5962532436
1507.1500000000	0.5959513836
1507.1600000000	0.5952430675
1507.1700000000	0.5933065003
1507.1800000000	0.5925983171
1507.1900000000	0.5913373779
1507.2000000000	0.5897254872
1507.2100000000	0.5889294149
1507.2200000000	0.5875097734
1507.2300000000	0.5860102401
1507.2400000000	0.5849934194
1507.2500000000	0.5835192871
1507.2600000000	0.5829158964
1507.2700000000	0.5831221787
1507.2800000000	0.5826778485
1507.2900000000	0.5821469257
1507.3000000000	0.5820250022
1507.3100000000	0.5817192235
1507.3200000000	0.5822725827
1507.3300000000	0.5832439673
1507.3400000000	0.5830376686
1507.3500000000	0.5836675576
1507.3600000000	0.5843228362
1507.3700000000	0.5841694219
1507.3800000000	0.5855996278
1507.3900000000	0.5866633437
1507.4000000000	0.5871460307
1507.4100000000	0.5882196354
1507.4200000000	0.5890368385
1507.4300000000	0.5896840462
1507.4400000000	0.5910494235
1507.4500000000	0.5916499482
1507.4600000000	0.5920981057
1507.4700000000	0.5928825997
1507.4800000000	0.5933095113
1507.4900000000	0.5941701503
1507.5000000000	0.5950041912
1507.5100000000	0.5951394467
1507.5200000000	0.5953844025
1507.5300000000	0.5956786379
1507.5400000000	0.5955075591
1507.5500000000	0.5954834861
1507.5600000000	0.5961852148
1507.5700000000	0.5967885213
1507.5800000000	0.5962702744
1507.5900000000	0.5966604454
1507.6000000000	0.5965671500
1507.6100000000	0.5965137147
1507.6200000000	0.5969243495
1507.6300000000	0.5971906951
1507.6400000000	0.5971105714
1507.6500000000	0.5971603509
1507.6600000000	0.5971802971
1507.6700000000	0.5970909013
1507.6800000000	0.5974374170
1507.6900000000	0.5973141416
1507.7000000000	0.5968177575
1507.7100000000	0.5965794028
1507.7200000000	0.5960619754
1507.7300000000	0.5958166439
1507.7400000000	0.5956885918
1507.7500000000	0.5950760144
1507.7600000000	0.5943368074
1507.7700000000	0.5939105731
1507.7800000000	0.5932950603
1507.7900000000	0.5928245770
1507.8000000000	0.5929956618
1507.8100000000	0.5927692360
1507.8200000000	0.5922053824
1507.8300000000	0.5921796395
1507.8400000000	0.5921009753
1507.8500000000	0.5923100434
1507.8600000000	0.5924480044
1507.8700000000	0.5925112525
1507.8800000000	0.5927081137
1507.8900000000	0.5925003388
1507.9000000000	0.5929486942
1507.9100000000	0.5933987177
1507.9200000000	0.5936858615
1507.9300000000	0.5937229251
1507.9400000000	0.5937599744
1507.9500000000	0.5936127272
1507.9600000000	0.5938865907
1507.9700000000	0.5944658852
1507.9800000000	0.5944308430
1507.9900000000	0.5944048447
1508.0000000000	0.5943871690
1508.0100000000	0.5947197074
1508.0200000000	0.5952874697
1508.0300000000	0.5956640933
1508.0400000000	0.5959065520
1508.0500000000	0.5962038330
1508.0600000000	0.5964496755
1508.0700000000	0.5964319687
1508.0800000000	0.5968760100
1508.0900000000	0.5976623209
1508.1000000000	0.5975975853
1508.1100000000	0.5976365745
1508.1200000000	0.5977835390
1508.1300000000	0.5972030548
1508.1400000000	0.5973790169
1508.1500000000	0.5976445177
1508.1600000000	0.5976444932
1508.1700000000	0.5971357949
1508.1800000000	0.5967462639
1508.1900000000	0.5961610213
1508.2000000000	0.5958311631
1508.2100000000	0.5956832605
1508.2200000000	0.5953220822
1508.2300000000	0.5948970350
1508.2400000000	0.5943399807
1508.2500000000	0.5940589332
1508.2600000000	0.5939352012
1508.2700000000	0.5936169694
1508.2800000000	0.5933273630
1508.2900000000	0.5929575989
1508.3000000000	0.5926688406
1508.3100000000	0.5926081069
1508.3200000000	0.5928617650
1508.3300000000	0.5929680300
1508.3400000000	0.5927672610
1508.3500000000	0.5929326529
1508.3600000000	0.5927037647
1508.3700000000	0.5927099305
1508.3800000000	0.5929712550
1508.3900000000	0.5931404179
1508.4000000000	0.5936498812
1508.4100000000	0.5935651997
1508.4200000000	0.5936774673
1508.4300000000	0.5941265475
1508.4400000000	0.5945671168
1508.4500000000	0.5949815294
1508.4600000000	0.5955577618
1508.4700000000	0.5955313065
1508.4800000000	0.5951462314
1508.4900000000	0.5955822287
1508.5000000000	0.5960358651
1508.5100000000	0.5960465653
1508.5200000000	0.5962370373
1508.5300000000	0.5963119038
1508.5400000000	0.5962122912
1508.5500000000	0.5964589218
1508.5600000000	0.5970296377
1508.5700000000	0.5972390472
1508.5800000000	0.5972060835
1508.5900000000	0.5977141451
1508.6000000000	0.5978932977
1508.6100000000	0.5983187747
1508.6200000000	0.5990101669
1508.6300000000	0.5993921659
1508.6400000000	0.5999463610
1508.6500000000	0.6002742590
1508.6600000000	0.6001548312
1508.6700000000	0.6004884106
1508.6800000000	0.6011289450
1508.6900000000	0.6012156664
1508.7000000000	0.6012741801
1508.7100000000	0.6010886876
1508.7200000000	0.6004550590
1508.7300000000	0.6002184948
1508.7400000000	0.5999671365
1508.7500000000	0.5995866639
1508.7600000000	0.5990519315
1508.7700000000	0.5983298044
1508.7800000000	0.5976040509
1508.7900000000	0.5970539916
1508.8000000000	0.5966414408
1508.8100000000	0.5961789395
1508.8200000000	0.5958084533
1508.8300000000	0.5955801171
1508.8400000000	0.5954386683
1508.8500000000	0.5955846003
1508.8600000000	0.5955492207
1508.8700000000	0.5954112935
1508.8800000000	0.5955813246
1508.8900000000	0.5953279712
1508.9000000000	0.5950657651
1508.9100000000	0.5952910258
1508.9200000000	0.5957346581
1508.9300000000	0.5958219668
1508.9400000000	0.5960304057
1508.9500000000	0.5957272660
1508.9600000000	0.5955238208
1508.9700000000	0.5959939887
1508.9800000000	0.5962370285
1508.9900000000	0.5967033643
1509.0000000000	0.5967645190
1509.0100000000	0.5967076839
1509.0200000000	0.5972903112
1509.0300000000	0.5977353932
1509.0400000000	0.5978416077
1509.0500000000	0.5982874220
1509.0600000000	0.5986770266
1509.0700000000	0.5984304350
1509.0800000000	0.5983545946
1509.0900000000	0.5990448075
1509.1000000000	0.5989608935
1509.1100000000	0.5987937271
1509.1200000000	0.5987584288
1509.1300000000	0.5984053103
1509.1400000000	0.5985850060
1509.1500000000	0.5988579663
1509.1600000000	0.5991068098
1509.1700000000	0.5991908420
1509.1800000000	0.5992941386
1509.1900000000	0.5991849385
1509.2000000000	0.5994509988
1509.2100000000	0.6000425521
1509.2200000000	0.6006159785
1509.2300000000	0.6011462945
1509.2400000000	0.6009460753
1509.2500000000	0.6009146082
1509.2600000000	0.6011712484
1509.2700000000	0.6013190193
1509.2800000000	0.6014713278
1509.2900000000	0.6012663410
1509.3000000000	0.6008521103
1509.3100000000	0.6004992261
1509.3200000000	0.6002533053
1509.3300000000	0.5999642502
1509.3400000000	0.5995733505
1509.3500000000	0.5993062965
1509.3600000000	0.5985929422
1509.3700000000	0.5980155838
1509.3800000000	0.5979977141
1509.3900000000	0.5974613596
1509.4000000000	0.5974613596
1509.4100000000	0.5973014111
1509.4200000000	0.5967745153
1509.4300000000	0.5967205749
1509.4400000000	0.5968222823
1509.4500000000	0.5966426486
1509.4600000000	0.5968914994
1509.4700000000	0.5968892947
1509.4800000000	0.5964930959
1509.4900000000	0.5967725456
1509.5000000000	0.5967670515
1509.5100000000	0.5971348265
1509.5200000000	0.5976547379
1509.5300000000	0.5971873487
1509.5400000000	0.5972097088
1509.5500000000	0.5976248779
1509.5600000000	0.5975569545
1509.5700000000	0.5980126325
1509.5800000000	0.5990380712
1509.5900000000	0.5989478210
1509.6000000000	0.5985819243
1509.6100000000	0.5993512851
1509.6200000000	0.5993921553
1509.6300000000	0.5994180677
1509.6400000000	0.6001311210
1509.6500000000	0.5994695227
1509.6600000000	0.5991623038
1509.6700000000	0.5994755904
1509.6800000000	0.5991101545
1509.6900000000	0.5992092413
1509.7000000000	0.5992935309
1509.7100000000	0.5985887965
1509.7200000000	0.5989495444
1509.7300000000	0.5991103619
1509.7400000000	0.5989068166
1509.7500000000	0.6001019686
1509.7600000000	0.6002648082
1509.7700000000	0.5999284913
1509.7800000000	0.6005869410
1509.7900000000	0.6008093792
1509.8000000000	0.6012691324
1509.8100000000	0.6024500600
1509.8200000000	0.6030173336
1509.8300000000	0.6030624718
1509.8400000000	0.6035099763
1509.8500000000	0.6037085282
1509.8600000000	0.6031504082
1509.8700000000	0.6036137603
1509.8800000000	0.6035079138
1509.8900000000	0.6023805244
1509.9000000000	0.6024479914
1509.9100000000	0.6016510306
1509.9200000000	0.6004276347
1509.9300000000	0.6004240594
1509.9400000000	0.5985202133
1509.9500000000	0.5971991923
1509.9600000000	0.5964025835
1509.9700000000	0.5947439960
1509.9800000000	0.5941523969
1509.9900000000	0.5937120819
1510.0000000000	0.5924270442
1510.0100000000	0.5920343305
1510.0200000000	0.5912657956
1510.0300000000	0.5904621461
1510.0400000000	0.5913726828
1510.0500000000	0.5909525965
1510.0600000000	0.5906331885
1510.0700000000	0.5916315940
1510.0800000000	0.5914497339
1510.0900000000	0.5909553493
1510.1000000000	0.5926540820
1510.1100000000	0.5935513020
1510.1200000000	0.5935039895
1510.1300000000	0.5950419440
1510.1400000000	0.5954912718
1510.1500000000	0.5957718628
1510.1600000000	0.5976730632
1510.1700000000	0.5976803950
1510.1800000000	0.5976580336
1510.1900000000	0.5986859930
1510.2000000000	0.5984804011
1510.2100000000	0.5992924603
1510.2200000000	0.5995904306
1510.2300000000	0.5989101867
1510.2400000000	0.5991028685
1510.2500000000	0.5985823140
1510.2600000000	0.5975726203
1510.2700000000	0.5977989105
1510.2800000000	0.5976358568
1510.2900000000	0.5970585160
1510.3000000000	0.5972202817
1510.3100000000	0.5970003189
1510.3200000000	0.5965964519
1510.3300000000	0.5971173161
1510.3400000000	0.5972928151
1510.3500000000	0.5976050573
1510.3600000000	0.5985469552
1510.3700000000	0.5986361981
1510.3800000000	0.5990244123
1510.3900000000	0.6002015223
1510.4000000000	0.6008559134
1510.4100000000	0.6013944459
1510.4200000000	0.6023162231
1510.4300000000	0.6022565649
1510.4400000000	0.6023015786
1510.4500000000	0.6026584498
1510.4600000000	0.6019597720
1510.4700000000	0.6014857382
1510.4800000000	0.6008374223
1510.4900000000	0.5996814633
1510.5000000000	0.5986817673
1510.5100000000	0.5977163091
1510.5200000000	0.5969788604
1510.5300000000	0.5960883899
1510.5400000000	0.5948169325
1510.5500000000	0.5937768117
1510.5600000000	0.5934085132
1510.5700000000	0.5928540102
1510.5800000000	0.5923745949
1510.5900000000	0.5926129691
1510.6000000000	0.5925241043
1510.6100000000	0.5920789754
1510.6200000000	0.5925464694
1510.6300000000	0.5927742194
1510.6400000000	0.5935125984
1510.6500000000	0.5943563520
1510.6600000000	0.5947632925
1510.6700000000	0.5949492921
1510.6800000000	0.5956228392
1510.6900000000	0.5966245600
1510.7000000000	0.5971190577
1510.7100000000	0.5974689873
1510.7200000000	0.5977002698
1510.7300000000	0.5983111024
1510.7400000000	0.5985634771
1510.7500000000	0.5985326293
1510.7600000000	0.5987485638
1510.7700000000	0.5987638807
1510.7800000000	0.5983711324
1510.7900000000	0.5978218467
1510.8000000000	0.5979020157
1510.8100000000	0.5978586786
1510.8200000000	0.5977328746
1510.8300000000	0.5977209485
1510.8400000000	0.5972060624
1510.8500000000	0.5968659113
1510.8600000000	0.5971095098
1510.8700000000	0.5972404799
1510.8800000000	0.5978635313
1510.8900000000	0.5982104235
1510.9000000000	0.5986958141
1510.9100000000	0.5988501303
1510.9200000000	0.5991397193
1510.9300000000	0.5999210468
1510.9400000000	0.6008776965
1510.9500000000	0.6015218175
1510.9600000000	0.6013788152
1510.9700000000	0.6015757487
1510.9800000000	0.6017782797
1510.9900000000	0.6014883508
1511.0000000000	0.6012554025
1511.0100000000	0.6006465149
1511.0200000000	0.5996789386
1511.0300000000	0.5987788686
1511.0400000000	0.5978395224
1511.0500000000	0.5966623676
1511.0600000000	0.5955806579
1511.0700000000	0.5945456237
1511.0800000000	0.5930703555
1511.0900000000	0.5920674635
1511.1000000000	0.5910186391
1511.1100000000	0.5903920724
1511.1200000000	0.5903818778
1511.1300000000	0.5896751477
1511.1400000000	0.5891712915
1511.1500000000	0.5892442346
1511.1600000000	0.5893653903
1511.1700000000	0.5898904150
1511.1800000000	0.5905747001
1511.1900000000	0.5914311540
1511.2000000000	0.5914480108
1511.2100000000	0.5923080861
1511.2200000000	0.5936108541
1511.2300000000	0.5947770699
1511.2400000000	0.5954474217
1511.2500000000	0.5957544234
1511.2600000000	0.5958767107
1511.2700000000	0.5963050504
1511.2800000000	0.5968571198
1511.2900000000	0.5969307863
1511.3000000000	0.5970409909
1511.3100000000	0.5971853674
1511.3200000000	0.5972422101
1511.3300000000	0.5974825617
1511.3400000000	0.5976972888
1511.3500000000	0.5980639145
1511.3600000000	0.5983819866
1511.3700000000	0.5984888847
1511.3800000000	0.5984568212
1511.3900000000	0.5987778046
1511.4000000000	0.5996656575
1511.4100000000	0.6000420424
1511.4200000000	0.6003863162
1511.4300000000	0.6009947928
1511.4400000000	0.6004031131
1511.4500000000	0.6008619428
1511.4600000000	0.6013137977
1511.4700000000	0.6015876585
1511.4800000000	0.6020576160
1511.4900000000	0.6020552046
1511.5000000000	0.6018804473
1511.5100000000	0.6018613862
1511.5200000000	0.6021810696
1511.5300000000	0.6021810696
1511.5400000000	0.6021547977
1511.5500000000	0.6019704995
1511.5600000000	0.6018479560
1511.5700000000	0.6022211380
1511.5800000000	0.6019748904
1511.5900000000	0.6017630080
1511.6000000000	0.6020527423
1511.6100000000	0.6017520209
1511.6200000000	0.6013587117
1511.6300000000	0.6010400680
1511.6400000000	0.6013908755
1511.6500000000	0.6007572851
1511.6600000000	0.6009244974
1511.6700000000	0.6004052402
1511.6800000000	0.5996468375
1511.6900000000	0.5997520168
1511.7000000000	0.5997899895
1511.7100000000	0.5998020177
1511.7200000000	0.5996311457
1511.7300000000	0.5994056754
1511.7400000000	0.5994822850
1511.7500000000	0.5993228347
1511.7600000000	0.5994242763
1511.7700000000	0.5999467281
1511.7800000000	0.6001057823
1511.7900000000	0.5999118492
1511.8000000000	0.6000853538
1511.8100000000	0.6003272865
1511.8200000000	0.6005904672
1511.8300000000	0.6005170726
1511.8400000000	0.5998691302
1511.8500000000	0.5995638274
1511.8600000000	0.5997790343
1511.8700000000	0.5995142444
1511.8800000000	0.5998304097
1511.8900000000	0.5999198225
1511.9000000000	0.5996976867
1511.9100000000	0.5993857293
1511.9200000000	0.5992480490
1511.9300000000	0.5986845359
1511.9400000000	0.5988518836
1511.9500000000	0.5996771518
1511.9600000000	0.5986852926
1511.9700000000	0.5983351554
1511.9800000000	0.5984520740
1511.9900000000	0.5978189292
1512.0000000000	0.5977719993
1512.0100000000	0.5974978465
1512.0200000000	0.5971367355
1512.0300000000	0.5966990767
1512.0400000000	0.5964845361
1512.0500000000	0.5963561667
1512.0600000000	0.5965769609
1512.0700000000	0.5968018593
1512.0800000000	0.5964563640
1512.0900000000	0.5966373409
1512.1000000000	0.5968545153
1512.1100000000	0.5972381348
1512.1200000000	0.5981404080
1512.1300000000	0.5986576880
1512.1400000000	0.5989752664
1512.1500000000	0.5994351885
1512.1600000000	0.5999141146
1512.1700000000	0.6001054230
1512.1800000000	0.6005720934
1512.1900000000	0.6014262179
1512.2000000000	0.6010484396
1512.2100000000	0.6015985102
1512.2200000000	0.6012575700
1512.2300000000	0.6011208259
1512.2400000000	0.6012360237
1512.2500000000	0.6005845830
1512.2600000000	0.6004412094
1512.2700000000	0.6001101073
1512.2800000000	0.5995469762
1512.2900000000	0.5997898790
1512.3000000000	0.6000963218
1512.3100000000	0.5997106470
1512.3200000000	0.5996373342
1512.3300000000	0.5997109253
1512.3400000000	0.5995169779
1512.3500000000	0.6001052608
1512.3600000000	0.6008894992
1512.3700000000	0.6006171908
1512.3800000000	0.6005727653
1512.3900000000	0.6009293014
1512.4000000000	0.6007071402
1512.4100000000	0.6010286031
1512.4200000000	0.6018563514
1512.4300000000	0.6018234999
1512.4400000000	0.6019007339
1512.4500000000	0.6025995630
1512.4600000000	0.6018647991
1512.4700000000	0.6025794760
1512.4800000000	0.6031661570
1512.4900000000	0.6028604165
1512.5000000000	0.6034902839
1512.5100000000	0.6033963638
1512.5200000000	0.6034357410
1512.5300000000	0.6042945768
1512.5400000000	0.6049090565
1512.5500000000	0.6048359821
1512.5600000000	0.6049284300
1512.5700000000	0.6049630307
1512.5800000000	0.6047158730
1512.5900000000	0.6052917452
1512.6000000000	0.6052667520
1512.6100000000	0.6051844851
1512.6200000000	0.6053275096
1512.6300000000	0.6046106850
1512.6400000000	0.6038615247
1512.6500000000	0.6039296554
1512.6600000000	0.6037229323
1512.6700000000	0.6028276204
1512.6800000000	0.6029437267
1512.6900000000	0.6024421691
1512.7000000000	0.6018007777
1512.7100000000	0.6022233360
1512.7200000000	0.6015732328
1512.7300000000	0.6010657338
1512.7400000000	0.6013860860
1512.7500000000	0.6007758240
1512.7600000000	0.6003697066
1512.7700000000	0.6004204636
1512.7800000000	0.6003561243
1512.7900000000	0.6000429078
1512.8000000000	0.5997532874
1512.8100000000	0.5995038094
1512.8200000000	0.5995475839
1512.8300000000	0.5998829799
1512.8400000000	0.5996015697
1512.8500000000	0.5995311555
1512.8600000000	0.5996802169
1512.8700000000	0.5995574295
1512.8800000000	0.6000586788
1512.8900000000	0.6007365766
1512.9000000000	0.6010226090
1512.9100000000	0.6014516577
1512.9200000000	0.6022740039
1512.9300000000	0.6023952340
1512.9400000000	0.6028035795
1512.9500000000	0.6038859771
1512.9600000000	0.6037213886
1512.9700000000	0.6038836238
1512.9800000000	0.6037354665
1512.9900000000	0.6034682738
1513.0000000000	0.6032763049
1513.0100000000	0.6028352649
1513.0200000000	0.6026009324
1513.0300000000	0.6022554380
1513.0400000000	0.6015937773
1513.0500000000	0.6010464003
1513.0600000000	0.6011131960
1513.0700000000	0.6010478412
1513.0800000000	0.6008720024
1513.0900000000	0.6009072689
1513.1000000000	0.6005768093
1513.1100000000	0.6007063093
1513.1200000000	0.6015880554
1513.1300000000	0.6022057038
1513.1400000000	0.6028475529
1513.1500000000	0.6033640854
1513.1600000000	0.6036456540
1513.1700000000	0.6039856009
1513.1800000000	0.6046163922
1513.1900000000	0.6050381962
1513.2000000000	0.6056294243
1513.2100000000	0.6059710868
1513.2200000000	0.6059643856
1513.2300000000	0.6058785798
1513.2400000000	0.6055546934
1513.2500000000	0.6051196730
1513.2600000000	0.6046995732
1513.2700000000	0.6038526074
1513.2800000000	0.6029892726
1513.2900000000	0.6020296578
1513.3000000000	0.6011416371
1513.3100000000	0.6002094240
1513.3200000000	0.5991014092
1513.3300000000	0.5981176982
1513.3400000000	0.5970733606
1513.3500000000	0.5963214912
1513.3600000000	0.5961893994
1513.3700000000	0.5964595343
1513.3800000000	0.5961598828
1513.3900000000	0.5952237922
1513.4000000000	0.5951406961
1513.4100000000	0.5955590673
1513.4200000000	0.5955739964
1513.4300000000	0.5965729055
1513.4400000000	0.5978378907
1513.4500000000	0.5984158033
1513.4600000000	0.5991429299
1513.4700000000	0.6002388266
1513.4800000000	0.6006563395
1513.4900000000	0.6022525874
1513.5000000000	0.6034096748
1513.5100000000	0.6035732078
1513.5200000000	0.6044343965
1513.5300000000	0.6047058724
1513.5400000000	0.6048304760
1513.5500000000	0.6050835928
1513.5600000000	0.6047473001
1513.5700000000	0.6040916202
1513.5800000000	0.6038257852
1513.5900000000	0.6030977026
1513.6000000000	0.6023945312
1513.6100000000	0.6024419563
1513.6200000000	0.6018057928
1513.6300000000	0.6006591262
1513.6400000000	0.6002034822
1513.6500000000	0.5999883028
1513.6600000000	0.5997928945
1513.6700000000	0.6002002151
1513.6800000000	0.6004740169
1513.6900000000	0.6004916213
1513.7000000000	0.6005988980
1513.7100000000	0.6010637153
1513.7200000000	0.6014570245
1513.7300000000	0.6024125308
1513.7400000000	0.6034174462
1513.7500000000	0.6037241792
1513.7600000000	0.6041457252
1513.7700000000	0.6044515118
1513.7800000000	0.6046969052
1513.7900000000	0.6049363420
1513.8000000000	0.6050335942
1513.8100000000	0.6048645387
1513.8200000000	0.6047727657
1513.8300000000	0.6042643324
1513.8400000000	0.6037819074
1513.8500000000	0.6037383189
1513.8600000000	0.6033644268
1513.8700000000	0.6027778021
1513.8800000000	0.6022286218
1513.8900000000	0.6019508933
1513.9000000000	0.6020450377
1513.9100000000	0.6018398003
1513.9200000000	0.6015101167
1513.9300000000	0.6013572328
1513.9400000000	0.6011961589
1513.9500000000	0.6011988693
1513.9600000000	0.6016913121
1513.9700000000	0.6020088545
1513.9800000000	0.6019361917
1513.9900000000	0.6019420820
1514.0000000000	0.6016934640
1514.0100000000	0.6018423028
1514.0200000000	0.6025855237
1514.0300000000	0.6027531344
1514.0400000000	0.6025743642
1514.0500000000	0.6027416931
1514.0600000000	0.6028504041
1514.0700000000	0.6026873575
1514.0800000000	0.6028618361
1514.0900000000	0.6029128032
1514.1000000000	0.6028604112
1514.1100000000	0.6030979543
1514.1200000000	0.6028713824
1514.1300000000	0.6029226352
1514.1400000000	0.6031653061
1514.1500000000	0.6030610196
1514.1600000000	0.6028968187
1514.1700000000	0.6027842226
1514.1800000000	0.6027028074
1514.1900000000	0.6028427002
1514.2000000000	0.6032587521
1514.2100000000	0.6035887165
1514.2200000000	0.6032200659
1514.2300000000	0.6030720845
1514.2400000000	0.6031722156
1514.2500000000	0.6034071363
1514.2600000000	0.6041902872
1514.2700000000	0.6047162204
1514.2800000000	0.6051229561
1514.2900000000	0.6052269658
1514.3000000000	0.6054230939
1514.3100000000	0.6057268515
1514.3200000000	0.6059647502
1514.3300000000	0.6062283892
1514.3400000000	0.6065166360
1514.3500000000	0.6063885082
1514.3600000000	0.6063279195
1514.3700000000	0.6063868113
1514.3800000000	0.6060763504
1514.3900000000	0.6058098636
1514.4000000000	0.6056628069
1514.4100000000	0.6052684102
1514.4200000000	0.6049487418
1514.4300000000	0.6049699732
1514.4400000000	0.6049975740
1514.4500000000	0.6049179438
1514.4600000000	0.6045084006
1514.4700000000	0.6040403270
1514.4800000000	0.6039124735
1514.4900000000	0.6043304741
1514.5000000000	0.6047867191
1514.5100000000	0.6047723972
1514.5200000000	0.6045677243
1514.5300000000	0.6044074544
1514.5400000000	0.6041683908
1514.5500000000	0.6042426901
1514.5600000000	0.6046656838
1514.5700000000	0.6046824618
1514.5800000000	0.6049101108
1514.5900000000	0.6048139367
1514.6000000000	0.6046678523
1514.6100000000	0.6049242158
1514.6200000000	0.6053498599
1514.6300000000	0.6055514067
1514.6400000000	0.6055991185
1514.6500000000	0.6059852905
1514.6600000000	0.6063106165
1514.6700000000	0.6063920693
1514.6800000000	0.6068067620
1514.6900000000	0.6071328107
1514.7000000000	0.6068766744
1514.7100000000	0.6069357735
1514.7200000000	0.6067694090
1514.7300000000	0.6068570573
1514.7400000000	0.6070318567
1514.7500000000	0.6067447195
1514.7600000000	0.6061726252
1514.7700000000	0.6054168916
1514.7800000000	0.6049658350
1514.7900000000	0.6049560536
1514.8000000000	0.6049225327
1514.8100000000	0.6047077477
1514.8200000000	0.6047058597
1514.8300000000	0.6044364190
1514.8400000000	0.6043440783
1514.8500000000	0.6046218044
1514.8600000000	0.6049829641
1514.8700000000	0.6055477681
1514.8800000000	0.6059078903
1514.8900000000	0.6058204475
1514.9000000000	0.6060255697
1514.9100000000	0.6064098762
1514.9200000000	0.6065432099
1514.9300000000	0.6066472217
1514.9400000000	0.6069361433
1514.9500000000	0.6066486551
1514.9600000000	0.6059841059
1514.9700000000	0.6059138919
1514.9800000000	0.6050986936
1514.9900000000	0.6042834604
1515.0000000000	0.6037900341
1515.0100000000	0.6024922143
1515.0200000000	0.6015739971
1515.0300000000	0.6013594659
1515.0400000000	0.6005317592
1515.0500000000	0.5997836359
1515.0600000000	0.5992310630
1515.0700000000	0.5982241516
1515.0800000000	0.5982544983
1515.0900000000	0.5984377325
1515.1000000000	0.5984778483
1515.1100000000	0.5988923058
1515.1200000000	0.5990615832
1515.1300000000	0.5990185986
1515.1400000000	0.5994626380
1515.1500000000	0.6002029410
1515.1600000000	0.6006284630
1515.1700000000	0.6011983101
1515.1800000000	0.6019168780
1515.1900000000	0.6021084908
1515.2000000000	0.6026996817
1515.2100000000	0.6037174755
1515.2200000000	0.6042902672
1515.2300000000	0.6051556039
1515.2400000000	0.6059968728
1515.2500000000	0.6066464031
1515.2600000000	0.6073821263
1515.2700000000	0.6081798941
1515.2800000000	0.6089321657
1515.2900000000	0.6092751989
1515.3000000000	0.6093096016
1515.3100000000	0.6093663741
1515.3200000000	0.6101259900
1515.3300000000	0.6104032951
1515.3400000000	0.6102967799
1515.3500000000	0.6103335845
1515.3600000000	0.6098898622
1515.3700000000	0.6094660014
1515.3800000000	0.6091399900
1515.3900000000	0.6088987823
1515.4000000000	0.6087880442
1515.4100000000	0.6089188973
1515.4200000000	0.6086637694
1515.4300000000	0.6081241136
1515.4400000000	0.6080392142
1515.4500000000	0.6081331854
1515.4600000000	0.6079497914
1515.4700000000	0.6079471145
1515.4800000000	0.6077771018
1515.4900000000	0.6076515885
1515.5000000000	0.6075443467
1515.5100000000	0.6072511431
1515.5200000000	0.6073083496
1515.5300000000	0.6072831861
1515.5400000000	0.6067934952
1515.5500000000	0.6061825425
1515.5600000000	0.6063624782
1515.5700000000	0.6063792136
1515.5800000000	0.6060454738
1515.5900000000	0.6055973195
1515.6000000000	0.6051051314
1515.6100000000	0.6056027117
1515.6200000000	0.6060170673
1515.6300000000	0.6064077342
1515.6400000000	0.6063405825
1515.6500000000	0.6066578300
1515.6600000000	0.6067695251
1515.6700000000	0.6068454037
1515.6800000000	0.6071594566
1515.6900000000	0.6076470058
1515.7000000000	0.6082884842
1515.7100000000	0.6084541703
1515.7200000000	0.6083302629
1515.7300000000	0.6085251225
1515.7400000000	0.6086180657
1515.7500000000	0.6087356852
1515.7600000000	0.6089373445
1515.7700000000	0.6092997323
1515.7800000000	0.6094996946
1515.7900000000	0.6094679586
1515.8000000000	0.6098572461
1515.8100000000	0.6102359761
1515.8200000000	0.6106135955
1515.8300000000	0.6106925837
1515.8400000000	0.6107480178
1515.8500000000	0.6111971370
1515.8600000000	0.6115710712
1515.8700000000	0.6121567567
1515.8800000000	0.6124070496
1515.8900000000	0.6121279597
1515.9000000000	0.6117799516
1515.9100000000	0.6118227916
1515.9200000000	0.6118630583
1515.9300000000	0.6118720443
1515.9400000000	0.6120729609
1515.9500000000	0.6118036197
1515.9600000000	0.6110878451
1515.9700000000	0.6107367469
1515.9800000000	0.6101338286
1515.9900000000	0.6097370797
1516.0000000000	0.6098976140
1516.0100000000	0.6098337330
1516.0200000000	0.6095032705
1516.0300000000	0.6093877018
1516.0400000000	0.6092378171
1516.0500000000	0.6090794848
1516.0600000000	0.6094593567
1516.0700000000	0.6089364892
1516.0800000000	0.6090654463
1516.0900000000	0.6095505922
1516.1000000000	0.6088336767
1516.1100000000	0.6094274612
1516.1200000000	0.6098326849
1516.1300000000	0.6087267331
1516.1400000000	0.6087807601
1516.1500000000	0.6091221873
1516.1600000000	0.6083277502
1516.1700000000	0.6088141671
1516.1800000000	0.6093434477
1516.1900000000	0.6084141276
1516.2000000000	0.6081187482
1516.2100000000	0.6085747419
1516.2200000000	0.6079564213
1516.2300000000	0.6082839905
1516.2400000000	0.6091912351
1516.2500000000	0.6088427446
1516.2600000000	0.6090945704
1516.2700000000	0.6095319039
1516.2800000000	0.6090315297
1516.2900000000	0.6096308240
1516.3000000000	0.6104602672
1516.3100000000	0.6097738433
1516.3200000000	0.6106732905
1516.3300000000	0.6104005598
1516.3400000000	0.6099298553
1516.3500000000	0.6108538090
1516.3600000000	0.6107852158
1516.3700000000	0.6102274329
1516.3800000000	0.6106798371
1516.3900000000	0.6102660840
1516.4000000000	0.6102529528
1516.4100000000	0.6112260940
1516.4200000000	0.6110351906
1516.4300000000	0.6105474465
1516.4400000000	0.6108317746
1516.4500000000	0.6105724007
1516.4600000000	0.6100649045
1516.4700000000	0.6108098710
1516.4800000000	0.6104248889
1516.4900000000	0.6096453150
1516.5000000000	0.6098907971
1516.5100000000	0.6090095744
1516.5200000000	0.6082004437
1516.5300000000	0.6084393342
1516.5400000000	0.6076731819
1516.5500000000	0.6070223055
1516.5600000000	0.6067137735
1516.5700000000	0.6053842929
1516.5800000000	0.6051122521
1516.5900000000	0.6049091528
1516.6000000000	0.6045176883
1516.6100000000	0.6049017097
1516.6200000000	0.6042005042
1516.6300000000	0.6039883275
1516.6400000000	0.6044607197
1516.6500000000	0.6039129340
1516.6600000000	0.6038450520
1516.6700000000	0.6043982118
1516.6800000000	0.6042090199
1516.6900000000	0.6042428328
1516.7000000000	0.6049723405
1516.7100000000	0.6049817773
1516.7200000000	0.6045601353
1516.7300000000	0.6049688892
1516.7400000000	0.6043632514
1516.7500000000	0.6040666117
1516.7600000000	0.6049809139
1516.7700000000	0.6047926424
1516.7800000000	0.6047958049
1516.7900000000	0.6051308563
1516.8000000000	0.6047482690
1516.8100000000	0.6049807197
1516.8200000000	0.6058440653
1516.8300000000	0.6060668665
1516.8400000000	0.6071985996
1516.8500000000	0.6076543890
1516.8600000000	0.6074475834
1516.8700000000	0.6081400088
1516.8800000000	0.6087228494
1516.8900000000	0.6090937390
1516.9000000000	0.6097380332
1516.9100000000	0.6100330884
1516.9200000000	0.6103754753
1516.9300000000	0.6108741875
1516.9400000000	0.6112132159
1516.9500000000	0.6113343989
1516.9600000000	0.6113241236
1516.9700000000	0.6111999199
1516.9800000000	0.6109600136
1516.9900000000	0.6113361497
1517.0000000000	0.6116318807
1517.0100000000	0.6119004407
1517.0200000000	0.6121896872
1517.0300000000	0.6118778605
1517.0400000000	0.6117351275
1517.0500000000	0.6116421149
1517.0600000000	0.6117086822
1517.0700000000	0.6116561708
1517.0800000000	0.6117124644
1517.0900000000	0.6114885962
1517.1000000000	0.6109582516
1517.1100000000	0.6104802338
1517.1200000000	0.6100829341
1517.1300000000	0.6100501122
1517.1400000000	0.6095436684
1517.1500000000	0.6088636191
1517.1600000000	0.6083470083
1517.1700000000	0.6078058455
1517.1800000000	0.6076468310
1517.1900000000	0.6075583221
1517.2000000000	0.6072235660
1517.2100000000	0.6070079980
1517.2200000000	0.6069365190
1517.2300000000	0.6069161800
1517.2400000000	0.6068744423
1517.2500000000	0.6068822989
1517.2600000000	0.6067168683
1517.2700000000	0.6064138082
1517.2800000000	0.6062801136
1517.2900000000	0.6062162782
1517.3000000000	0.6064136871
1517.3100000000	0.6062224975
1517.3200000000	0.6059145600
1517.3300000000	0.6056573091
1517.3400000000	0.6051246781
1517.3500000000	0.6048122770
1517.3600000000	0.6050749627
1517.3700000000	0.6051784742
1517.3800000000	0.6050014883
1517.3900000000	0.6050007092
1517.4000000000	0.6048878070
1517.4100000000	0.6051183533
1517.4200000000	0.6056983036
1517.4300000000	0.6063933834
1517.4400000000	0.6071006245
1517.4500000000	0.6071030156
1517.4600000000	0.6071639180
1517.4700000000	0.6076605156
1517.4800000000	0.6080713846
1517.4900000000	0.6084046158
1517.5000000000	0.6089037230
1517.5100000000	0.6092005013
1517.5200000000	0.6090460229
1517.5300000000	0.6092030763
1517.5400000000	0.6094616665
1517.5500000000	0.6090453364
1517.5600000000	0.6091532996
1517.5700000000	0.6089908483
1517.5800000000	0.6085662265
1517.5900000000	0.6087030915
1517.6000000000	0.6086508198
1517.6100000000	0.6087968209
1517.6200000000	0.6088672671
1517.6300000000	0.6084421126
1517.6400000000	0.6080098561
1517.6500000000	0.6080270105
1517.6600000000	0.6078573684
1517.6700000000	0.6078449797
1517.6800000000	0.6077683445
1517.6900000000	0.6070609467
1517.7000000000	0.6064942649
1517.7100000000	0.6059849369
1517.7200000000	0.6053244728
1517.7300000000	0.6049678277
1517.7400000000	0.6047072757
1517.7500000000	0.6042938301
1517.7600000000	0.6034110335
1517.7700000000	0.6029318902
1517.7800000000	0.6028425206
1517.7900000000	0.6026282049
1517.8000000000	0.6024831614
1517.8100000000	0.6023504201
1517.8200000000	0.6025423951
1517.8300000000	0.6028432860
1517.8400000000	0.6030026829
1517.8500000000	0.6032398390
1517.8600000000	0.6036145425
1517.8700000000	0.6035170147
1517.8800000000	0.6036645322
1517.8900000000	0.6037781325
1517.9000000000	0.6038510950
1517.9100000000	0.6043835776
1517.9200000000	0.6042685668
1517.9300000000	0.6037046477
1517.9400000000	0.6037122186
1517.9500000000	0.6038702355
1517.9600000000	0.6041111283
1517.9700000000	0.6041376559
1517.9800000000	0.6042618732
1517.9900000000	0.6044610370
1518.0000000000	0.6044102668
1518.0100000000	0.6046525502
1518.0200000000	0.6054145416
1518.0300000000	0.6062480228
1518.0400000000	0.6068314083
1518.0500000000	0.6068115080
1518.0600000000	0.6067976709
1518.0700000000	0.6072547703
1518.0800000000	0.6077857855
1518.0900000000	0.6081039958
1518.1000000000	0.6081455731
1518.1100000000	0.6082396209
1518.1200000000	0.6081733223
1518.1300000000	0.6083196316
1518.1400000000	0.6081407238
1518.1500000000	0.6080165777
1518.1600000000	0.6079805433
1518.1700000000	0.6076776031
1518.1800000000	0.6070505478
1518.1900000000	0.6068458262
1518.2000000000	0.6066347111
1518.2100000000	0.6058442731
1518.2200000000	0.6052101172
1518.2300000000	0.6044343079
1518.2400000000	0.6033946982
1518.2500000000	0.6025721915
1518.2600000000	0.6017448497
1518.2700000000	0.6007024721
1518.2800000000	0.5994236347
1518.2900000000	0.5982451057
1518.3000000000	0.5969564857
1518.3100000000	0.5957590777
1518.3200000000	0.5951000935
1518.3300000000	0.5947724648
1518.3400000000	0.5941534651
1518.3500000000	0.5934129723
1518.3600000000	0.5933438314
1518.3700000000	0.5935733824
1518.3800000000	0.5942956434
1518.3900000000	0.5950475700
1518.4000000000	0.5957522866
1518.4100000000	0.5971512398
1518.4200000000	0.5985099670
1518.4300000000	0.5996410072
1518.4400000000	0.6013254793
1518.4500000000	0.6029228804
1518.4600000000	0.6038698772
1518.4700000000	0.6047602753
1518.4800000000	0.6057461492
1518.4900000000	0.6061461705
1518.5000000000	0.6070086916
1518.5100000000	0.6079868933
1518.5200000000	0.6078136930
1518.5300000000	0.6075244811
1518.5400000000	0.6077881236
1518.5500000000	0.6073061959
1518.5600000000	0.6070004128
1518.5700000000	0.6071322420
1518.5800000000	0.6067869800
1518.5900000000	0.6061878074
1518.6000000000	0.6058266259
1518.6100000000	0.6053164754
1518.6200000000	0.6052416982
1518.6300000000	0.6051631781
1518.6400000000	0.6043760296
1518.6500000000	0.6042423518
1518.6600000000	0.6038512854
1518.6700000000	0.6037857407
1518.6800000000	0.6040832354
1518.6900000000	0.6040824023
1518.7000000000	0.6039164082
1518.7100000000	0.6041275868
1518.7200000000	0.6038753453
1518.7300000000	0.6036386791
1518.7400000000	0.6041238922
1518.7500000000	0.6045061588
1518.7600000000	0.6044997569
1518.7700000000	0.6047401141
1518.7800000000	0.6049054455
1518.7900000000	0.6049444331
1518.8000000000	0.6053041719
1518.8100000000	0.6055689560
1518.8200000000	0.6058730645
1518.8300000000	0.6058259623
1518.8400000000	0.6054018631
1518.8500000000	0.6050612941
1518.8600000000	0.6049496055
1518.8700000000	0.6044497958
1518.8800000000	0.6035393660
1518.8900000000	0.6028965086
1518.9000000000	0.6016419162
1518.9100000000	0.6011901763
1518.9200000000	0.6007526293
1518.9300000000	0.5999846949
1518.9400000000	0.5990331260
1518.9500000000	0.5986475004
1518.9600000000	0.5979874903
1518.9700000000	0.5975258026
1518.9800000000	0.5977984939
1518.9900000000	0.5977767054
1519.0000000000	0.5979333422
1519.0100000000	0.5982459033
1519.0200000000	0.5983743388
1519.0300000000	0.5988242377
1519.0400000000	0.5995382993
1519.0500000000	0.6001726077
1519.0600000000	0.6007763726
1519.0700000000	0.6012669570
1519.0800000000	0.6015017279
1519.0900000000	0.6021032807
1519.1000000000	0.6034818878
1519.1100000000	0.6039812157
1519.1200000000	0.6042312556
1519.1300000000	0.6051390592
1519.1400000000	0.6051375749
1519.1500000000	0.6058303370
1519.1600000000	0.6070318341
1519.1700000000	0.6074892590
1519.1800000000	0.6078204663
1519.1900000000	0.6086452311
1519.2000000000	0.6082890905
1519.2100000000	0.6087846400
1519.2200000000	0.6094428010
1519.2300000000	0.6093022310
1519.2400000000	0.6095254573
1519.2500000000	0.6097681765
1519.2600000000	0.6094159706
1519.2700000000	0.6093825692
1519.2800000000	0.6095673639
1519.2900000000	0.6090825595
1519.3000000000	0.6086667730
1519.3100000000	0.6085987493
1519.3200000000	0.6079405531
1519.3300000000	0.6074030884
1519.3400000000	0.6075004193
1519.3500000000	0.6071181223
1519.3600000000	0.6069464865
1519.3700000000	0.6068447585
1519.3800000000	0.6059866611
1519.3900000000	0.6061965124
1519.4000000000	0.6062721380
1519.4100000000	0.6062387619
1519.4200000000	0.6063095482
1519.4300000000	0.6059632287
1519.4400000000	0.6055437976
1519.4500000000	0.6059124867
1519.4600000000	0.6053122052
1519.4700000000	0.6051623615
1519.4800000000	0.6056515077
1519.4900000000	0.6046225471
1519.5000000000	0.6043162561
1519.5100000000	0.6047041498
1519.5200000000	0.6040996775
1519.5300000000	0.6035958478
1519.5400000000	0.6037486738
1519.5500000000	0.6032115642
1519.5600000000	0.6027944824
1519.5700000000	0.6034789718
1519.5800000000	0.6035712731
1519.5900000000	0.6036470295
1519.6000000000	0.6045230257
1519.6100000000	0.6042962624
1519.6200000000	0.6044712579
1519.6300000000	0.6053609951
1519.6400000000	0.6054824335
1519.6500000000	0.6065015961
1519.6600000000	0.6065380710
1519.6700000000	0.6060783529
1519.6800000000	0.6063439722
1519.6900000000	0.6070675956
1519.7000000000	0.6069289203
1519.7100000000	0.6075725803
1519.7200000000	0.6076833815
1519.7300000000	0.6070672551
1519.7400000000	0.6072627031
1519.7500000000	0.6072500255
1519.7600000000	0.6073471774
1519.7700000000	0.6076756634
1519.7800000000	0.6075681747
1519.7900000000	0.6073813756
1519.8000000000	0.6074528803
1519.8100000000	0.6074115518
1519.8200000000	0.6073619208
1519.8300000000	0.6074677592
1519.8400000000	0.6072356571
1519.8500000000	0.6069707993
1519.8600000000	0.6069906698
1519.8700000000	0.6062929169
1519.8800000000	0.6058102008
1519.8900000000	0.6058173059
1519.9000000000	0.6049478945
1519.9100000000	0.6043974891
1519.9200000000	0.6038634450
1519.9300000000	0.6036562298
1519.9400000000	0.6038304124
1519.9500000000	0.6037406984
1519.9600000000	0.6031400546
1519.9700000000	0.6030099096
1519.9800000000	0.6028019007
1519.9900000000	0.6027438422
1520.0000000000	0.6038489025
1520.0100000000	0.6041694562
1520.0200000000	0.6042819255
1520.0300000000	0.6045607604
1520.0400000000	0.6044416674
1520.0500000000	0.6042126228
1520.0600000000	0.6046394977
1520.0700000000	0.6050750747
1520.0800000000	0.6048244082
1520.0900000000	0.6048279822
1520.1000000000	0.6048988004
1520.1100000000	0.6044934807
1520.1200000000	0.6045788038
1520.1300000000	0.6046124035
1520.1400000000	0.6046620209
1520.1500000000	0.6046627863
1520.1600000000	0.6047073672
1520.1700000000	0.6052381214
1520.1800000000	0.6052113022
1520.1900000000	0.6056314305
1520.2000000000	0.6059800508
1520.2100000000	0.6057689737
1520.2200000000	0.6059075240
1520.2300000000	0.6062841288
1520.2400000000	0.6067977902
1520.2500000000	0.6069007213
1520.2600000000	0.6069513373
1520.2700000000	0.6067162365
1520.2800000000	0.6068149349
1520.2900000000	0.6072115357
1520.3000000000	0.6072156460
1520.3100000000	0.6074603179
1520.3200000000	0.6078211093
1520.3300000000	0.6074901627
1520.3400000000	0.6073774679
1520.3500000000	0.6075515033
1520.3600000000	0.6073265580
1520.3700000000	0.6073503702
1520.3800000000	0.6075972312
1520.3900000000	0.6069964488
1520.4000000000	0.6063102452
1520.4100000000	0.6058392864
1520.4200000000	0.6048420574
1520.4300000000	0.6040164881
1520.4400000000	0.6027616280
1520.4500000000	0.6012746569
1520.4600000000	0.5997301901
1520.4700000000	0.5980448856
1520.4800000000	0.5965646286
1520.4900000000	0.5951213678
1520.5000000000	0.5934504189
1520.5100000000	0.5920580332
1520.5200000000	0.5912254691
1520.5300000000	0.5902318288
1520.5400000000	0.5896458367
1520.5500000000	0.5892944858
1520.5600000000	0.5887195683
1520.5700000000	0.5886386978
1520.5800000000	0.5891610695
1520.5900000000	0.5896343248
1520.6000000000	0.5907824587
1520.6100000000	0.5920325990
1520.6200000000	0.5929354869
1520.6300000000	0.5939290455
1520.6400000000	0.5949763930
1520.6500000000	0.5961851784
1520.6600000000	0.5979635107
1520.6700000000	0.5993921569
1520.6800000000	0.6002098570
1520.6900000000	0.6015753595
1520.7000000000	0.6017551727
1520.7100000000	0.6024341588
1520.7200000000	0.6035726534
1520.7300000000	0.6043884062
1520.7400000000	0.6051100707
1520.7500000000	0.6054004547
1520.7600000000	0.6063213401
1520.7700000000	0.6065898563
1520.7800000000	0.6072850875
1520.7900000000	0.6080015425
1520.8000000000	0.6082791696
1520.8100000000	0.6084215637
1520.8200000000	0.6088487308
1520.8300000000	0.6095015114
1520.8400000000	0.6099479223
1520.8500000000	0.6102323515
1520.8600000000	0.6105427549
1520.8700000000	0.6104358818
1520.8800000000	0.6104086590
1520.8900000000	0.6104762433
1520.9000000000	0.6105794569
1520.9100000000	0.6106155816
1520.9200000000	0.6103575477
1520.9300000000	0.6100114260
1520.9400000000	0.6094961253
1520.9500000000	0.6090475018
1520.9600000000	0.6086782586
1520.9700000000	0.6084259102
1520.9800000000	0.6078339906
1520.9900000000	0.6069579511
1521.0000000000	0.6061162902
1521.0100000000	0.6050300062
1521.0200000000	0.6043018360
1521.0300000000	0.6035838578
1521.0400000000	0.6024976045
1521.0500000000	0.6014146899
1521.0600000000	0.6002451742
1521.0700000000	0.5991985453
1521.0800000000	0.5985885321
1521.0900000000	0.5979018596
1521.1000000000	0.5971220659
1521.1100000000	0.5964959855
1521.1200000000	0.5962124905
1521.1300000000	0.5957732880
1521.1400000000	0.5961598828
1521.1500000000	0.5967036452
1521.1600000000	0.5969515187
1521.1700000000	0.5976012748
1521.1800000000	0.5982277824
1521.1900000000	0.5988643743
1521.2000000000	0.6000909413
1521.2100000000	0.6014079168
1521.2200000000	0.6019845887
1521.2300000000	0.6029490731
1521.2400000000	0.6037482653
1521.2500000000	0.6039330619
1521.2600000000	0.6048524626
1521.2700000000	0.6052646551
1521.2800000000	0.6059418630
1521.2900000000	0.6061247097
1521.3000000000	0.6059115058
1521.3100000000	0.6063485376
1521.3200000000	0.6071410189
1521.3300000000	0.6077156678
1521.3400000000	0.6080045368
1521.3500000000	0.6081971419
1521.3600000000	0.6083727308
1521.3700000000	0.6087228263
1521.3800000000	0.6093944699
1521.3900000000	0.6095600772
1521.4000000000	0.6098312742
1521.4100000000	0.6102075525
1521.4200000000	0.6099660198
1521.4300000000	0.6099305373
1521.4400000000	0.6101559605
1521.4500000000	0.6101316963
1521.4600000000	0.6100432236
1521.4700000000	0.6097311270
1521.4800000000	0.6090861297
1521.4900000000	0.6089658639
1521.5000000000	0.6087789911
1521.5100000000	0.6081554333
1521.5200000000	0.6081662564
1521.5300000000	0.6077283297
1521.5400000000	0.6069443995
1521.5500000000	0.6066693599
1521.5600000000	0.6063881396
1521.5700000000	0.6060303444
1521.5800000000	0.6058122504
1521.5900000000	0.6054095686
1521.6000000000	0.6047612887
1521.6100000000	0.6040151751
1521.6200000000	0.6038575138
1521.6300000000	0.6032325636
1521.6400000000	0.6025655989
1521.6500000000	0.6018791352
1521.6600000000	0.6013090677
1521.6700000000	0.6010614399
1521.6800000000	0.6008180296
1521.6900000000	0.6004836559
1521.7000000000	0.6000053167
1521.7100000000	0.5996933955
1521.7200000000	0.5994651855
1521.7300000000	0.5997532563
1521.7400000000	0.6001440785
1521.7500000000	0.6009618236
1521.7600000000	0.6016297126
1521.7700000000	0.6019529537
1521.7800000000	0.6022016111
1521.7900000000	0.6028926087
1521.8000000000	0.6040546257
1521.8100000000	0.6048743892
1521.8200000000	0.6053843351
1521.8300000000	0.6062100401
1521.8400000000	0.6066444368
1521.8500000000	0.6066627384
1521.8600000000	0.6075622095
1521.8700000000	0.6081850240
1521.8800000000	0.6085322460
1521.8900000000	0.6089713767
1521.9000000000	0.6091460338
1521.9100000000	0.6094274383
1521.9200000000	0.6100864677
1521.9300000000	0.6106839555
1521.9400000000	0.6106185078
1521.9500000000	0.6110490884
1521.9600000000	0.6111358426
1521.9700000000	0.6116600794
1521.9800000000	0.6121549874
1521.9900000000	0.6121024024
1522.0000000000	0.6122325137
1522.0100000000	0.6125780709
1522.0200000000	0.6123311504
1522.0300000000	0.6122463323
1522.0400000000	0.6125073741
1522.0500000000	0.6119739198
1522.0600000000	0.6116238073
1522.0700000000	0.6111811242
1522.0800000000	0.6101902109
1522.0900000000	0.6095906317
1522.1000000000	0.6093114520
1522.1100000000	0.6087462489
1522.1200000000	0.6083969492
1522.1300000000	0.6079625596
1522.1400000000	0.6070941068
1522.1500000000	0.6064976756
1522.1600000000	0.6061451912
1522.1700000000	0.6060426240
1522.1800000000	0.6060313186
1522.1900000000	0.6057540375
1522.2000000000	0.6052176925
1522.2100000000	0.6051905104
1522.2200000000	0.6048766363
1522.2300000000	0.6046278562
1522.2400000000	0.6046082861
1522.2500000000	0.6043163559
1522.2600000000	0.6043771293
1522.2700000000	0.6044286443
1522.2800000000	0.6047443568
1522.2900000000	0.6050656615
1522.3000000000	0.6051324515
1522.3100000000	0.6050162209
1522.3200000000	0.6053402587
1522.3300000000	0.6057737870
1522.3400000000	0.6061718148
1522.3500000000	0.6072650584
1522.3600000000	0.6080924935
1522.3700000000	0.6079474168
1522.3800000000	0.6087679731
1522.3900000000	0.6093635210
1522.4000000000	0.6098185638
1522.4100000000	0.6110419653
1522.4200000000	0.6118349265
1522.4300000000	0.6118041410
1522.4400000000	0.6118565602
1522.4500000000	0.6121924962
1522.4600000000	0.6123606321
1522.4700000000	0.6129920738
1522.4800000000	0.6131114886
1522.4900000000	0.6128382232
1522.5000000000	0.6131423305
1522.5100000000	0.6131757691
1522.5200000000	0.6131207147
1522.5300000000	0.6136048178
1522.5400000000	0.6136840099
1522.5500000000	0.6133859439
1522.5600000000	0.6138985336
1522.5700000000	0.6137283080
1522.5800000000	0.6133607294
1522.5900000000	0.6138529345
1522.6000000000	0.6138930488
1522.6100000000	0.6129745680
1522.6200000000	0.6126930821
1522.6300000000	0.6124827538
1522.6400000000	0.6116141072
1522.6500000000	0.6109844221
1522.6600000000	0.6108673794
1522.6700000000	0.6095137168
1522.6800000000	0.6084540898
1522.6900000000	0.6078785739
1522.7000000000	0.6065506459
1522.7100000000	0.6062575150
1522.7200000000	0.6056947556
1522.7300000000	0.6045025657
1522.7400000000	0.6042548339
1522.7500000000	0.6037771230
1522.7600000000	0.6033834754
1522.7700000000	0.6038583180
1522.7800000000	0.6035675825
1522.7900000000	0.6031558627
1522.8000000000	0.6038355676
1522.8100000000	0.6034976915
1522.8200000000	0.6036028510
1522.8300000000	0.6045430063
1522.8400000000	0.6046439658
1522.8500000000	0.6046549755
1522.8600000000	0.6051129728
1522.8700000000	0.6052064888
1522.8800000000	0.6051558802
1522.8900000000	0.6060378270
1522.9000000000	0.6067020664
1522.9100000000	0.6068366143
1522.9200000000	0.6077507506
1522.9300000000	0.6078622450
1522.9400000000	0.6084697636
1522.9500000000	0.6100294886
1522.9600000000	0.6104649332
1522.9700000000	0.6111659922
1522.9800000000	0.6121830238
1522.9900000000	0.6118407435
1523.0000000000	0.6128749166
1523.0100000000	0.6138337593
1523.0200000000	0.6136108012
1523.0300000000	0.6140521393
1523.0400000000	0.6143511279
1523.0500000000	0.6137938192
1523.0600000000	0.6143191998
1523.0700000000	0.6141911756
1523.0800000000	0.6138336018
1523.0900000000	0.6141060817
1523.1000000000	0.6139856251
1523.1100000000	0.6137137518
1523.1200000000	0.6138312083
1523.1300000000	0.6139193642
1523.1400000000	0.6136584561
1523.1500000000	0.6138921155
1523.1600000000	0.6140417838
1523.1700000000	0.6134396512
1523.1800000000	0.6139589441
1523.1900000000	0.6143167126
1523.2000000000	0.6138601236
1523.2100000000	0.6140517653
1523.2200000000	0.6134939962
1523.2300000000	0.6127053675
1523.2400000000	0.6127291978
1523.2500000000	0.6125205858
1523.2600000000	0.6122699208
1523.2700000000	0.6119808733
1523.2800000000	0.6111714312
1523.2900000000	0.6106703368
1523.3000000000	0.6106192595
1523.3100000000	0.6101836904
1523.3200000000	0.6104966754
1523.3300000000	0.6103863323
1523.3400000000	0.6100166424
1523.3500000000	0.6099708358
1523.3600000000	0.6098843895
1523.3700000000	0.6096772794
1523.3800000000	0.6098051817
1523.3900000000	0.6100630305
1523.4000000000	0.6098024202
1523.4100000000	0.6095874705
1523.4200000000	0.6098167570
1523.4300000000	0.6097312310
1523.4400000000	0.6096538855
1523.4500000000	0.6095349344
1523.4600000000	0.6095699863
1523.4700000000	0.6095144525
1523.4800000000	0.6093062503
1523.4900000000	0.6097496277
1523.5000000000	0.6099406982
1523.5100000000	0.6100868059
1523.5200000000	0.6105337172
1523.5300000000	0.6107311824
1523.5400000000	0.6117174306
1523.5500000000	0.6126465916
1523.5600000000	0.6131471542
1523.5700000000	0.6133157288
1523.5800000000	0.6133884700
1523.5900000000	0.6134609129
1523.6000000000	0.6141745788
1523.6100000000	0.6145831495
1523.6200000000	0.6143909348
1523.6300000000	0.6145112234
1523.6400000000	0.6142529310
1523.6500000000	0.6135703245
1523.6600000000	0.6133997796
1523.6700000000	0.6134340281
1523.6800000000	0.6132386175
1523.6900000000	0.6129773380
1523.7000000000	0.6126201208
1523.7100000000	0.6117834745
1523.7200000000	0.6112700247
1523.7300000000	0.6112877304
1523.7400000000	0.6109775822
1523.7500000000	0.6110408673
1523.7600000000	0.6107762327
1523.7700000000	0.6106677994
1523.7800000000	0.6105554224
1523.7900000000	0.6104874727
1523.8000000000	0.6105601799
1523.8100000000	0.6105344233
1523.8200000000	0.6100840561
1523.8300000000	0.6097246754
1523.8400000000	0.6099919556
1523.8500000000	0.6100192611
1523.8600000000	0.6099988407
1523.8700000000	0.6098612794
1523.8800000000	0.6095439057
1523.8900000000	0.6094589497
1523.9000000000	0.6095976433
1523.9100000000	0.6096855269
1523.9200000000	0.6098858012
1523.9300000000	0.6102752529
1523.9400000000	0.6105120410
1523.9500000000	0.6105120410
1523.9600000000	0.6107090532
1523.9700000000	0.6110429208
1523.9800000000	0.6115584009
1523.9900000000	0.6119960512
1524.0000000000	0.6117190404
1524.0100000000	0.6120214214
1524.0200000000	0.6122290099
1524.0300000000	0.6121867149
1524.0400000000	0.6122282357
1524.0500000000	0.6118087337
1524.0600000000	0.6114130514
1524.0700000000	0.6111687041
1524.0800000000	0.6116980221
1524.0900000000	0.6116760520
1524.1000000000	0.6124091874
1524.1100000000	0.6126786301
1524.1200000000	0.6121729996
1524.1300000000	0.6122371997
1524.1400000000	0.6130248054
1524.1500000000	0.6139964907
1524.1600000000	0.6143902962
1524.1700000000	0.6147629817
1524.1800000000	0.6150900776
1524.1900000000	0.6150171394
1524.2000000000	0.6151201250
1524.2100000000	0.6150957566
1524.2200000000	0.6148458186
1524.2300000000	0.6148451017
1524.2400000000	0.6147424430
1524.2500000000	0.6139764681
1524.2600000000	0.6131052230
1524.2700000000	0.6122982465
1524.2800000000	0.6113223315
1524.2900000000	0.6106464425
1524.3000000000	0.6094949348
1524.3100000000	0.6082773209
1524.3200000000	0.6078321632
1524.3300000000	0.6067985912
1524.3400000000	0.6060240219
1524.3500000000	0.6055723180
1524.3600000000	0.6048648644
1524.3700000000	0.6041802946
1524.3800000000	0.6039688014
1524.3900000000	0.6037387527
1524.4000000000	0.6034801559
1524.4100000000	0.6034503749
1524.4200000000	0.6030703414
1524.4300000000	0.6027279031
1524.4400000000	0.6031535369
1524.4500000000	0.6035860950
1524.4600000000	0.6039773004
1524.4700000000	0.6044183321
1524.4800000000	0.6045978160
1524.4900000000	0.6052195023
1524.5000000000	0.6060937054
1524.5100000000	0.6065694782
1524.5200000000	0.6074086307
1524.5300000000	0.6088672865
1524.5400000000	0.6089741674
1524.5500000000	0.6094082060
1524.5600000000	0.6102952125
1524.5700000000	0.6106250221
1524.5800000000	0.6117453916
1524.5900000000	0.6121242186
1524.6000000000	0.6123434182
1524.6100000000	0.6123401661
1524.6200000000	0.6127087848
1524.6300000000	0.6127334677
1524.6400000000	0.6124799734
1524.6500000000	0.6129279639
1524.6600000000	0.6131273769
1524.6700000000	0.6130447130
1524.6800000000	0.6131365636
1524.6900000000	0.6136081808
1524.7000000000	0.6142277178
1524.7100000000	0.6143939681
1524.7200000000	0.6143703808
1524.7300000000	0.6145985989
1524.7400000000	0.6150536207
1524.7500000000	0.6155864241
1524.7600000000	0.6157529515
1524.7700000000	0.6158414490
1524.7800000000	0.6158395554
1524.7900000000	0.6154747797
1524.8000000000	0.6147421682
1524.8100000000	0.6143396051
1524.8200000000	0.6136577398
1524.8300000000	0.6127059576
1524.8400000000	0.6116390298
1524.8500000000	0.6098824460
1524.8600000000	0.6087001755
1524.8700000000	0.6074057388
1524.8800000000	0.6061316306
1524.8900000000	0.6050043476
1524.9000000000	0.6038224267
1524.9100000000	0.6028590570
1524.9200000000	0.6019307611
1524.9300000000	0.6011593730
1524.9400000000	0.6010000799
1524.9500000000	0.6010043285
1524.9600000000	0.6007069461
1524.9700000000	0.6005514855
1524.9800000000	0.6009198824
1524.9900000000	0.6012864597
1525.0000000000	0.6017653469
1525.0100000000	0.6026222824
1525.0200000000	0.6031613411
1525.0300000000	0.6036886606
1525.0400000000	0.6043447989
1525.0500000000	0.6047878269
1525.0600000000	0.6054027974
1525.0700000000	0.6065253256
1525.0800000000	0.6068575361
1525.0900000000	0.6072368589
1525.1000000000	0.6078446633
1525.1100000000	0.6077445461
1525.1200000000	0.6089173374
1525.1300000000	0.6093098085
1525.1400000000	0.6094719324
1525.1500000000	0.6102288048
1525.1600000000	0.6100316221
1525.1700000000	0.6100057600
1525.1800000000	0.6107619510
1525.1900000000	0.6110727157
1525.2000000000	0.6108655427
1525.2100000000	0.6109172316
1525.2200000000	0.6112249766
1525.2300000000	0.6110335376
1525.2400000000	0.6112092233
1525.2500000000	0.6113880081
1525.2600000000	0.6109035152
1525.2700000000	0.6109636079
1525.2800000000	0.6110637332
1525.2900000000	0.6111959735
1525.3000000000	0.6116044539
1525.3100000000	0.6117763746
1525.3200000000	0.6113731813
1525.3300000000	0.6114961845
1525.3400000000	0.6111287948
1525.3500000000	0.6108971683
1525.3600000000	0.6113987556
1525.3700000000	0.6110177017
1525.3800000000	0.6106951861
1525.3900000000	0.6098866520
1525.4000000000	0.6089891374
1525.4100000000	0.6082013095
1525.4200000000	0.6078337308
1525.4300000000	0.6075543493
1525.4400000000	0.6067374648
1525.4500000000	0.6057394089
1525.4600000000	0.6049931222
1525.4700000000	0.6040339664
1525.4800000000	0.6034318038
1525.4900000000	0.6034510909
1525.5000000000	0.6031775887
1525.5100000000	0.6028961507
1525.5200000000	0.6028625555
1525.5300000000	0.6026703245
1525.5400000000	0.6028099061
1525.5500000000	0.6032245179
1525.5600000000	0.6032661197
1525.5700000000	0.6036721110
1525.5800000000	0.6039400142
1525.5900000000	0.6038523351
1525.6000000000	0.6045963501
1525.6100000000	0.6049341949
1525.6200000000	0.6049710374
1525.6300000000	0.6054232345
1525.6400000000	0.6055138973
1525.6500000000	0.6050988484
1525.6600000000	0.6059259125
1525.6700000000	0.6062578661
1525.6800000000	0.6056249033
1525.6900000000	0.6063360949
1525.7000000000	0.6064699747
1525.7100000000	0.6061148070
1525.7200000000	0.6070161904
1525.7300000000	0.6078095829
1525.7400000000	0.6078533752
1525.7500000000	0.6087738973
1525.7600000000	0.6090818206
1525.7700000000	0.6089037438
1525.7800000000	0.6099657742
1525.7900000000	0.6106439518
1525.8000000000	0.6102281035
1525.8100000000	0.6107700857
1525.8200000000	0.6105944276
1525.8300000000	0.6102928082
1525.8400000000	0.6110886837
1525.8500000000	0.6104401420
1525.8600000000	0.6100539317
1525.8700000000	0.6105176312
1525.8800000000	0.6099310796
1525.8900000000	0.6095739753
1525.9000000000	0.6102307121
1525.9100000000	0.6099399244
1525.9200000000	0.6102522187
1525.9300000000	0.6104214710
1525.9400000000	0.6100408904
1525.9500000000	0.6103079826
1525.9600000000	0.6106729270
1525.9700000000	0.6106746789
1525.9800000000	0.6110063557
1525.9900000000	0.6112043464
1526.0000000000	0.6107297034
1526.0100000000	0.6107240437
1526.0200000000	0.6107765879
1526.0300000000	0.6104203300
1526.0400000000	0.6104029628
1526.0500000000	0.6104497216
1526.0600000000	0.6095525063
1526.0700000000	0.6093442543
1526.0800000000	0.6093132806
1526.0900000000	0.6090242826
1526.1000000000	0.6092454717
1526.1100000000	0.6088680090
1526.1200000000	0.6087348412
1526.1300000000	0.6092091403
1526.1400000000	0.6091883210
1526.1500000000	0.6089347566
1526.1600000000	0.6093499750
1526.1700000000	0.6089278262
1526.1800000000	0.6087249665
1526.1900000000	0.6088754058
1526.2000000000	0.6085359169
1526.2100000000	0.6087038200
1526.2200000000	0.6088604569
1526.2300000000	0.6080261748
1526.2400000000	0.6072276322
1526.2500000000	0.6071425399
1526.2600000000	0.6071422873
1526.2700000000	0.6071562037
1526.2800000000	0.6072546429
1526.2900000000	0.6071661753
1526.3000000000	0.6067366176
1526.3100000000	0.6066894769
1526.3200000000	0.6070166081
1526.3300000000	0.6078023298
1526.3400000000	0.6084409242
1526.3500000000	0.6086977176
1526.3600000000	0.6086767250
1526.3700000000	0.6086250462
1526.3800000000	0.6091838141
1526.3900000000	0.6092889731
1526.4000000000	0.6092349980
1526.4100000000	0.6089940293
1526.4200000000	0.6092150844
1526.4300000000	0.6090948044
1526.4400000000	0.6089568546
1526.4500000000	0.6088895815
1526.4600000000	0.6089328251
1526.4700000000	0.6091089604
1526.4800000000	0.6089103268
1526.4900000000	0.6085013224
1526.5000000000	0.6086789331
1526.5100000000	0.6089640100
1526.5200000000	0.6090541887
1526.5300000000	0.6093621138
1526.5400000000	0.6092377030
1526.5500000000	0.6093764352
1526.5600000000	0.6097111106
1526.5700000000	0.6100069731
1526.5800000000	0.6101336233
1526.5900000000	0.6101058098
1526.6000000000	0.6098721345
1526.6100000000	0.6094849437
1526.6200000000	0.6092189703
1526.6300000000	0.6091930425
1526.6400000000	0.6091839584
1526.6500000000	0.6084905508
1526.6600000000	0.6080673847
1526.6700000000	0.6078237939
1526.6800000000	0.6075657120
1526.6900000000	0.6075327606
1526.7000000000	0.6076838873
1526.7100000000	0.6074896699
1526.7200000000	0.6072863448
1526.7300000000	0.6073201814
1526.7400000000	0.6073270477
1526.7500000000	0.6074203920
1526.7600000000	0.6078138540
1526.7700000000	0.6080513809
1526.7800000000	0.6079565964
1526.7900000000	0.6076255831
1526.8000000000	0.6077010561
1526.8100000000	0.6081879255
1526.8200000000	0.6081355554
1526.8300000000	0.6082194037
1526.8400000000	0.6081403658
1526.8500000000	0.6077550032
1526.8600000000	0.6077938671
1526.8700000000	0.6079368722
1526.8800000000	0.6084648528
1526.8900000000	0.6089096248
1526.9000000000	0.6088609779
1526.9100000000	0.6086760002
1526.9200000000	0.6092879168
1526.9300000000	0.6096538855
1526.9400000000	0.6102407863
1526.9500000000	0.6108099866
1526.9600000000	0.6107475122
1526.9700000000	0.6108780919
1526.9800000000	0.6110711736
1526.9900000000	0.6109190979
1527.0000000000	0.6106768981
1527.0100000000	0.6107754076
1527.0200000000	0.6109299720
1527.0300000000	0.6105520089
1527.0400000000	0.6102102622
1527.0500000000	0.6102102483
1527.0600000000	0.6097855783
1527.0700000000	0.6095949013
1527.0800000000	0.6091361667
1527.0900000000	0.6089504667
1527.1000000000	0.6088796960
1527.1100000000	0.6088464106
1527.1200000000	0.6090949847
1527.1300000000	0.6090248982
1527.1400000000	0.6088860394
1527.1500000000	0.6089803522
1527.1600000000	0.6091056211
1527.1700000000	0.6092146006
1527.1800000000	0.6097261259
1527.1900000000	0.6098304858
1527.2000000000	0.6094893384
1527.2100000000	0.6093462031
1527.2200000000	0.6091477642
1527.2300000000	0.6089332746
1527.2400000000	0.6090297445
1527.2500000000	0.6090403268
1527.2600000000	0.6088233348
1527.2700000000	0.6086823636
1527.2800000000	0.6084331162
1527.2900000000	0.6081470638
1527.3000000000	0.6081997297
1527.3100000000	0.6083769306
1527.3200000000	0.6081215355
1527.3300000000	0.6080590179
1527.3400000000	0.6074649654
1527.3500000000	0.6072084452
1527.3600000000	0.6074588833
1527.3700000000	0.6073770722
1527.3800000000	0.6071702297
1527.3900000000	0.6068807298
1527.4000000000	0.6065979436
1527.4100000000	0.6062270437
1527.4200000000	0.6062378639
1527.4300000000	0.6063509494
1527.4400000000	0.6064741629
1527.4500000000	0.6063008679
1527.4600000000	0.6063962155
1527.4700000000	0.6069982615
1527.4800000000	0.6073969922
1527.4900000000	0.6078637823
1527.5000000000	0.6083489883
1527.5100000000	0.6088351964
1527.5200000000	0.6094032618
1527.5300000000	0.6099883214
1527.5400000000	0.6106022876
1527.5500000000	0.6110744434
1527.5600000000	0.6114384018
1527.5700000000	0.6117634475
1527.5800000000	0.6116814124
1527.5900000000	0.6115096160
1527.6000000000	0.6115691054
1527.6100000000	0.6118524377
1527.6200000000	0.6115523382
1527.6300000000	0.6109410897
1527.6400000000	0.6102952359
1527.6500000000	0.6093499798
1527.6600000000	0.6090155912
1527.6700000000	0.6085569074
1527.6800000000	0.6079229963
1527.6900000000	0.6074966866
1527.7000000000	0.6070156174
1527.7100000000	0.6067082362
1527.7200000000	0.6070188300
1527.7300000000	0.6072582910
1527.7400000000	0.6071994951
1527.7500000000	0.6073150239
1527.7600000000	0.6073380517
1527.7700000000	0.6075116533
1527.7800000000	0.6081330995
1527.7900000000	0.6084010842
1527.8000000000	0.6085179764
1527.8100000000	0.6089285764
1527.8200000000	0.6088373448
1527.8300000000	0.6086191608
1527.8400000000	0.6086786464
1527.8500000000	0.6091323819
1527.8600000000	0.6093158524
1527.8700000000	0.6095018441
1527.8800000000	0.6092309563
1527.8900000000	0.6088591875
1527.9000000000	0.6090990845
1527.9100000000	0.6091940681
1527.9200000000	0.6095016424
1527.9300000000	0.6094861892
1527.9400000000	0.6095233979
1527.9500000000	0.6095344765
1527.9600000000	0.6095827447
1527.9700000000	0.6098136988
1527.9800000000	0.6102566317
1527.9900000000	0.6103270434
1528.0000000000	0.6096582493
1528.0100000000	0.6097651589
1528.0200000000	0.6099041784
1528.0300000000	0.6098420181
1528.0400000000	0.6096670327
1528.0500000000	0.6095816620
1528.0600000000	0.6095650494
1528.0700000000	0.6095287390
1528.0800000000	0.6098326703
1528.0900000000	0.6099609720
1528.1000000000	0.6099468808
1528.1100000000	0.6103395529
1528.1200000000	0.6106192595
1528.1300000000	0.6107440184
1528.1400000000	0.6110662071
1528.1500000000	0.6117109430
1528.1600000000	0.6118409538
1528.1700000000	0.6116919103
1528.1800000000	0.6119436282
1528.1900000000	0.6118564121
1528.2000000000	0.6120480457
1528.2100000000	0.6122975863
1528.2200000000	0.6122169499
1528.2300000000	0.6120841553
1528.2400000000	0.6116074098
1528.2500000000	0.6111474176
1528.2600000000	0.6110997405
1528.2700000000	0.6112962257
1528.2800000000	0.6111852243
1528.2900000000	0.6110435701
1528.3000000000	0.6109700067
1528.3100000000	0.6106282090
1528.3200000000	0.6106192983
1528.3300000000	0.6109279656
1528.3400000000	0.6106783973
1528.3500000000	0.6108257720
1528.3600000000	0.6108812380
1528.3700000000	0.6104629132
1528.3800000000	0.6102825235
1528.3900000000	0.6103725866
1528.4000000000	0.6101046033
1528.4100000000	0.6099733538
1528.4200000000	0.6094428264
1528.4300000000	0.6088167505
1528.4400000000	0.6087242509
1528.4500000000	0.6084110454
1528.4600000000	0.6086311383
1528.4700000000	0.6084768078
1528.4800000000	0.6080834987
1528.4900000000	0.6079733721
1528.5000000000	0.6079206654
1528.5100000000	0.6080871099
1528.5200000000	0.6083392737
1528.5300000000	0.6092044391
1528.5400000000	0.6093401890
1528.5500000000	0.6092455457
1528.5600000000	0.6096316090
1528.5700000000	0.6101144539
1528.5800000000	0.6102102553
1528.5900000000	0.6102054544
1528.6000000000	0.6103961833
1528.6100000000	0.6103813867
1528.6200000000	0.6103856192
1528.6300000000	0.6104599723
1528.6400000000	0.6100281014
1528.6500000000	0.6099216896
1528.6600000000	0.6099494485
1528.6700000000	0.6095938028
1528.6800000000	0.6094751297
1528.6900000000	0.6096386875
1528.7000000000	0.6098183832
1528.7100000000	0.6098914396
1528.7200000000	0.6099499250
1528.7300000000	0.6099756574
1528.7400000000	0.6106431053
1528.7500000000	0.6109034869
1528.7600000000	0.6109692304
1528.7700000000	0.6116800165
1528.7800000000	0.6117232115
1528.7900000000	0.6114242826
1528.8000000000	0.6116424338
1528.8100000000	0.6121209881
1528.8200000000	0.6123025221
1528.8300000000	0.6122182065
1528.8400000000	0.6119734999
1528.8500000000	0.6114781083
1528.8600000000	0.6113100681
1528.8700000000	0.6114145690
1528.8800000000	0.6110562064
1528.8900000000	0.6110970897
1528.9000000000	0.6109790150
1528.9100000000	0.6105889351
1528.9200000000	0.6103614261
1528.9300000000	0.6099513588
1528.9400000000	0.6097991829
1528.9500000000	0.6098326412
1528.9600000000	0.6093659567
1528.9700000000	0.6090696302
1528.9800000000	0.6088325702
1528.9900000000	0.6079454988
1529.0000000000	0.6078982982
1529.0100000000	0.6077230986
1529.0200000000	0.6069151768
1529.0300000000	0.6067362824
1529.0400000000	0.6064005294
1529.0500000000	0.6060138819
1529.0600000000	0.6063178628
1529.0700000000	0.6065958076
1529.0800000000	0.6063259657
1529.0900000000	0.6062968750
1529.1000000000	0.6066796963
1529.1100000000	0.6067412649
1529.1200000000	0.6076855599
1529.1300000000	0.6087624985
1529.1400000000	0.6085952559
1529.1500000000	0.6091858930
1529.1600000000	0.6100935833
1529.1700000000	0.6097692437
1529.1800000000	0.6102098256
1529.1900000000	0.6109556698
1529.2000000000	0.6103101449
1529.2100000000	0.6108352611
1529.2200000000	0.6110118796
1529.2300000000	0.6101172743
1529.2400000000	0.6108370620
1529.2500000000	0.6108542367
1529.2600000000	0.6102339836
1529.2700000000	0.6105279188
1529.2800000000	0.6107973322
1529.2900000000	0.6105613789
1529.3000000000	0.6109614873
1529.3100000000	0.6115647232
1529.3200000000	0.6113139680
1529.3300000000	0.6114598754
1529.3400000000	0.6118570815
1529.3500000000	0.6118741003
1529.3600000000	0.6123201872
1529.3700000000	0.6131015423
1529.3800000000	0.6128444073
1529.3900000000	0.6124199065
1529.4000000000	0.6124492960
1529.4100000000	0.6118796585
1529.4200000000	0.6115085003
1529.4300000000	0.6115535484
1529.4400000000	0.6108166405
1529.4500000000	0.6101325352
1529.4600000000	0.6097527865
1529.4700000000	0.6085497212
1529.4800000000	0.6083925750
1529.4900000000	0.6084346586
1529.5000000000	0.6080296923
1529.5100000000	0.6077949898
1529.5200000000	0.6075252175
1529.5300000000	0.6071196086
1529.5400000000	0.6073498214
1529.5500000000	0.6076635327
1529.5600000000	0.6075075112
1529.5700000000	0.6080341233
1529.5800000000	0.6078675006
1529.5900000000	0.6076212575
1529.6000000000	0.6080563910
1529.6100000000	0.6082471709
1529.6200000000	0.6083150705
1529.6300000000	0.6087653775
1529.6400000000	0.6086267319
1529.6500000000	0.6083616542
1529.6600000000	0.6088415242
1529.6700000000	0.6091774899
1529.6800000000	0.6091490085
1529.6900000000	0.6094635746
1529.7000000000	0.6094424195
1529.7100000000	0.6098207280
1529.7200000000	0.6101616798
1529.7300000000	0.6103798267
1529.7400000000	0.6110992452
1529.7500000000	0.6114638073
1529.7600000000	0.6114019197
1529.7700000000	0.6113982968
1529.7800000000	0.6114629631
1529.7900000000	0.6114485347
1529.8000000000	0.6119682115
1529.8100000000	0.6120299244
1529.8200000000	0.6113472100
1529.8300000000	0.6115563293
1529.8400000000	0.6115376716
1529.8500000000	0.6113502456
1529.8600000000	0.6114787771
1529.8700000000	0.6116851934
1529.8800000000	0.6118492689
1529.8900000000	0.6119515322
1529.9000000000	0.6119064637
1529.9100000000	0.6120519881
1529.9200000000	0.6123129965
1529.9300000000	0.6122825964
1529.9400000000	0.6121263566
1529.9500000000	0.6121327961
1529.9600000000	0.6122958200
1529.9700000000	0.6124252748
1529.9800000000	0.6124213301
1529.9900000000	0.6117208321
1530.0000000000	0.6112026608
1530.0100000000	0.6107350674
1530.0200000000	0.6104498205
1530.0300000000	0.6101994273
1530.0400000000	0.6100064184
1530.0500000000	0.6098301127
1530.0600000000	0.6093809812
1530.0700000000	0.6087787939
1530.0800000000	0.6086133641
1530.0900000000	0.6088488996
1530.1000000000	0.6087736238
1530.1100000000	0.6090583113
1530.1200000000	0.6093750048
1530.1300000000	0.6090698880
1530.1400000000	0.6093678583
1530.1500000000	0.6099292007
1530.1600000000	0.6098990932
1530.1700000000	0.6104294106
1530.1800000000	0.6109074672
1530.1900000000	0.6107351172
1530.2000000000	0.6106675352
1530.2100000000	0.6110099340
1530.2200000000	0.6111454537
1530.2300000000	0.6113486830
1530.2400000000	0.6108255236
1530.2500000000	0.6106098940
1530.2600000000	0.6111041037
1530.2700000000	0.6112249561
1530.2800000000	0.6111420220
1530.2900000000	0.6114405894
1530.3000000000	0.6116586726
1530.3100000000	0.6117905915
1530.3200000000	0.6121310103
1530.3300000000	0.6124049874
1530.3400000000	0.6125657004
1530.3500000000	0.6130677995
1530.3600000000	0.6131647027
1530.3700000000	0.6129939772
1530.3800000000	0.6131255589
1530.3900000000	0.6133356481
1530.4000000000	0.6136080599
1530.4100000000	0.6136548361
1530.4200000000	0.6134850873
1530.4300000000	0.6137632093
1530.4400000000	0.6133630581
1530.4500000000	0.6133605105
1530.4600000000	0.6136573731
1530.4700000000	0.6136370328
1530.4800000000	0.6136288708
1530.4900000000	0.6135124205
1530.5000000000	0.6135594884
1530.5100000000	0.6137836026
1530.5200000000	0.6140675659
1530.5300000000	0.6141749742
1530.5400000000	0.6142057764
1530.5500000000	0.6140789529
1530.5600000000	0.6142737301
1530.5700000000	0.6145976500
1530.5800000000	0.6145409099
1530.5900000000	0.6145622632
1530.6000000000	0.6143163744
1530.6100000000	0.6136614927
1530.6200000000	0.6132125569
1530.6300000000	0.6130506517
1530.6400000000	0.6128212674
1530.6500000000	0.6124172360
1530.6600000000	0.6125565463
1530.6700000000	0.6120935514
1530.6800000000	0.6115099038
1530.6900000000	0.6115992011
1530.7000000000	0.6114602578
1530.7100000000	0.6118749676
1530.7200000000	0.6121481612
1530.7300000000	0.6120137211
1530.7400000000	0.6118983698
1530.7500000000	0.6119906508
1530.7600000000	0.6122161013
1530.7700000000	0.6126620315
1530.7800000000	0.6127957022
1530.7900000000	0.6123734538
1530.8000000000	0.6121996441
1530.8100000000	0.6119655528
1530.8200000000	0.6117991870
1530.8300000000	0.6116824486
1530.8400000000	0.6113796191
1530.8500000000	0.6109155271
1530.8600000000	0.6104232967
1530.8700000000	0.6102862297
1530.8800000000	0.6102404116
1530.8900000000	0.6102219318
1530.9000000000	0.6104473263
1530.9100000000	0.6106683319
1530.9200000000	0.6106676323
1530.9300000000	0.6106192595
1530.9400000000	0.6109476220
1530.9500000000	0.6116225785
1530.9600000000	0.6116442770
1530.9700000000	0.6121946395
1530.9800000000	0.6125271542
1530.9900000000	0.6126275771
1531.0000000000	0.6133323745
1531.0100000000	0.6136729053
1531.0200000000	0.6140677464
1531.0300000000	0.6142518436
1531.0400000000	0.6142518436
1531.0500000000	0.6144590957
1531.0600000000	0.6146259633
1531.0700000000	0.6147700611
1531.0800000000	0.6153032009
1531.0900000000	0.6153117825
1531.1000000000	0.6150318199
1531.1100000000	0.6154937774
1531.1200000000	0.6156285771
1531.1300000000	0.6155784688
1531.1400000000	0.6157902947
1531.1500000000	0.6158004036
1531.1600000000	0.6156189160
1531.1700000000	0.6155719054
1531.1800000000	0.6156486028
1531.1900000000	0.6153259428
1531.2000000000	0.6151079759
1531.2100000000	0.6148995046
1531.2200000000	0.6141460300
1531.2300000000	0.6138558476
1531.2400000000	0.6134139234
1531.2500000000	0.6134443220
1531.2600000000	0.6134279420
1531.2700000000	0.6128057202
1531.2800000000	0.6125858054
1531.2900000000	0.6123127585
1531.3000000000	0.6124063090
1531.3100000000	0.6127808398
1531.3200000000	0.6131860486
1531.3300000000	0.6132803327
1531.3400000000	0.6131936680
1531.3500000000	0.6129025520
1531.3600000000	0.6131156432
1531.3700000000	0.6135127041
1531.3800000000	0.6134388137
1531.3900000000	0.6135845509
1531.4000000000	0.6135216575
1531.4100000000	0.6131302551
1531.4200000000	0.6129668737
1531.4300000000	0.6127380300
1531.4400000000	0.6124972904
1531.4500000000	0.6123243489
1531.4600000000	0.6122220520
1531.4700000000	0.6119750929
1531.4800000000	0.6113539055
1531.4900000000	0.6118052988
1531.5000000000	0.6119999401
1531.5100000000	0.6120816630
1531.5200000000	0.6121460348
1531.5300000000	0.6122465414
1531.5400000000	0.6124732416
1531.5500000000	0.6125188826
1531.5600000000	0.6131812262
1531.5700000000	0.6134898291
1531.5800000000	0.6134618015
1531.5900000000	0.6135533325
1531.6000000000	0.6135133376
1531.6100000000	0.6134525116
1531.6200000000	0.6134024716
1531.6300000000	0.6131342961
1531.6400000000	0.6124656717
1531.6500000000	0.6122808840
1531.6600000000	0.6121022577
1531.6700000000	0.6114898710
1531.6800000000	0.6113503805
1531.6900000000	0.6111541724
1531.7000000000	0.6107319106
1531.7100000000	0.6108451231
1531.7200000000	0.6106678850
1531.7300000000	0.6103646907
1531.7400000000	0.6106192660
1531.7500000000	0.6109224830
1531.7600000000	0.6103522092
1531.7700000000	0.6107600372
1531.7800000000	0.6107752338
1531.7900000000	0.6104024601
1531.8000000000	0.6110970255
1531.8100000000	0.6108912216
1531.8200000000	0.6106681552
1531.8300000000	0.6109594721
1531.8400000000	0.6109941574
1531.8500000000	0.6110519488
1531.8600000000	0.6116226070
1531.8700000000	0.6117713767
1531.8800000000	0.6116702576
1531.8900000000	0.6120008822
1531.9000000000	0.6121182378
1531.9100000000	0.6125875335
1531.9200000000	0.6135168126
1531.9300000000	0.6138405934
1531.9400000000	0.6136553927
1531.9500000000	0.6137442858
1531.9600000000	0.6139635613
1531.9700000000	0.6136559426
1531.9800000000	0.6139933985
1531.9900000000	0.6145263406
1532.0000000000	0.6139737564
1532.0100000000	0.6139759789
1532.0200000000	0.6142093190
1532.0300000000	0.6133888639
1532.0400000000	0.6135683705
1532.0500000000	0.6141947815
1532.0600000000	0.6139072006
1532.0700000000	0.6138180021
1532.0800000000	0.6142086143
1532.0900000000	0.6138176124
1532.1000000000	0.6145902090
1532.1100000000	0.6154455091
1532.1200000000	0.6154798823
1532.1300000000	0.6160226379
1532.1400000000	0.6162553531
1532.1500000000	0.6161245042
1532.1600000000	0.6167155516
1532.1700000000	0.6169810207
1532.1800000000	0.6165753334
1532.1900000000	0.6164002448
1532.2000000000	0.6159808798
1532.2100000000	0.6143813590
1532.2200000000	0.6138323190
1532.2300000000	0.6134984335
1532.2400000000	0.6115237628
1532.2500000000	0.6106833721
1532.2600000000	0.6097289833
1532.2700000000	0.6074951270
1532.2800000000	0.6066475995
1532.2900000000	0.6059650493
1532.3000000000	0.6044001564
1532.3100000000	0.6040854913
1532.3200000000	0.6038431072
1532.3300000000	0.6026769259
1532.3400000000	0.6030384339
1532.3500000000	0.6031724348
1532.3600000000	0.6031886994
1532.3700000000	0.6039970004
1532.3800000000	0.6042479375
1532.3900000000	0.6047489534
1532.4000000000	0.6060187812
1532.4100000000	0.6065857960
1532.4200000000	0.6071431081
1532.4300000000	0.6084337510
1532.4400000000	0.6089374292
1532.4500000000	0.6091700268
1532.4600000000	0.6106349595
1532.4700000000	0.6112414296
1532.4800000000	0.6111092838
1532.4900000000	0.6124705995
1532.5000000000	0.6126244343
1532.5100000000	0.6122466963
1532.5200000000	0.6132647843
1532.5300000000	0.6139430945
1532.5400000000	0.6137406797
1532.5500000000	0.6140424730
1532.5600000000	0.6138640799
1532.5700000000	0.6131663573
1532.5800000000	0.6135277455
1532.5900000000	0.6131129245
1532.6000000000	0.6133039492
1532.6100000000	0.6130078611
1532.6200000000	0.6123486195
1532.6300000000	0.6120757750
1532.6400000000	0.6119574594
1532.6500000000	0.6122437989
1532.6600000000	0.6126912805
1532.6700000000	0.6130863912
1532.6800000000	0.6130091520
1532.6900000000	0.6131485189
1532.7000000000	0.6137911070
1532.7100000000	0.6141840947
1532.7200000000	0.6148421001
1532.7300000000	0.6157669824
1532.7400000000	0.6161354027
1532.7500000000	0.6162931426
1532.7600000000	0.6167733963
1532.7700000000	0.6169140118
1532.7800000000	0.6171009736
1532.7900000000	0.6175771005
1532.8000000000	0.6168581743
1532.8100000000	0.6162753776
1532.8200000000	0.6163716935
1532.8300000000	0.6151112330
1532.8400000000	0.6147755463
1532.8500000000	0.6144330469
1532.8600000000	0.6135136196
1532.8700000000	0.6128937465
1532.8800000000	0.6123842910
1532.8900000000	0.6115243357
1532.9000000000	0.6113690448
1532.9100000000	0.6116872723
1532.9200000000	0.6110414709
1532.9300000000	0.6110345757
1532.9400000000	0.6111920399
1532.9500000000	0.6106966226
1532.9600000000	0.6109848217
1532.9700000000	0.6111616638
1532.9800000000	0.6111832069
1532.9900000000	0.6111293798
1533.0000000000	0.6112594568
1533.0100000000	0.6110892132
1533.0200000000	0.6111913826
1533.0300000000	0.6114335661
1533.0400000000	0.6110647833
1533.0500000000	0.6113503143
1533.0600000000	0.6110819828
1533.0700000000	0.6110642957
1533.0800000000	0.6113503132
1533.0900000000	0.6108777142
1533.1000000000	0.6111625983
1533.1100000000	0.6115143320
1533.1200000000	0.6116873157
1533.1300000000	0.6118826374
1533.1400000000	0.6123004885
1533.1500000000	0.6127351457
1533.1600000000	0.6129146170
1533.1700000000	0.6130845709
1533.1800000000	0.6131741366
1533.1900000000	0.6138054346
1533.2000000000	0.6140875048
1533.2100000000	0.6142880112
1533.2200000000	0.6146489226
1533.2300000000	0.6141088904
1533.2400000000	0.6142699891
1533.2500000000	0.6147016778
1533.2600000000	0.6149148280
1533.2700000000	0.6154055414
1533.2800000000	0.6157575014
1533.2900000000	0.6156320126
1533.3000000000	0.6154891365
1533.3100000000	0.6159279946
1533.3200000000	0.6160497596
1533.3300000000	0.6165689230
1533.3400000000	0.6173412548
1533.3500000000	0.6167274478
1533.3600000000	0.6172663670
1533.3700000000	0.6172292372
1533.3800000000	0.6172201289
1533.3900000000	0.6173908727
1533.4000000000	0.6175025073
1533.4100000000	0.6169305927
1533.4200000000	0.6167333922
1533.4300000000	0.6164784625
1533.4400000000	0.6156582279
1533.4500000000	0.6158437292
1533.4600000000	0.6159124188
1533.4700000000	0.6151833051
1533.4800000000	0.6147626692
1533.4900000000	0.6144417116
1533.5000000000	0.6146034021
1533.5100000000	0.6144229556
1533.5200000000	0.6146953674
1533.5300000000	0.6148997040
1533.5400000000	0.6142236760
1533.5500000000	0.6140214426
1533.5600000000	0.6139109163
1533.5700000000	0.6138025560
1533.5800000000	0.6137660902
1533.5900000000	0.6140517653
1533.6000000000	0.6132651470
1533.6100000000	0.6122640334
1533.6200000000	0.6124881680
1533.6300000000	0.6117061787
1533.6400000000	0.6114312789
1533.6500000000	0.6107751513
1533.6600000000	0.6103899466
1533.6700000000	0.6100232474
1533.6800000000	0.6093045435
1533.6900000000	0.6090274410
1533.7000000000	0.6092664084
1533.7100000000	0.6094870235
1533.7200000000	0.6094889701
1533.7300000000	0.6097026907
1533.7400000000	0.6098910131
1533.7500000000	0.6101025249
1533.7600000000	0.6114089404
1533.7700000000	0.6118184709
1533.7800000000	0.6120568689
1533.7900000000	0.6128891848
1533.8000000000	0.6131641978
1533.8100000000	0.6138542621
1533.8200000000	0.6142877712
1533.8300000000	0.6149867094
1533.8400000000	0.6151701673
1533.8500000000	0.6156592677
1533.8600000000	0.6156060214
1533.8700000000	0.6159707501
1533.8800000000	0.6165590579
1533.8900000000	0.6165682601
1533.9000000000	0.6164540609
1533.9100000000	0.6165641976
1533.9200000000	0.6168130203
1533.9300000000	0.6167829644
1533.9400000000	0.6169982244
1533.9500000000	0.6171787465
1533.9600000000	0.6170902392
1533.9700000000	0.6172886830
1533.9800000000	0.6171337297
1533.9900000000	0.6167621708
1534.0000000000	0.6167460164
1534.0100000000	0.6167887367
1534.0200000000	0.6166167002
1534.0300000000	0.6158422527
1534.0400000000	0.6159096857
1534.0500000000	0.6157127275
1534.0600000000	0.6149244751
1534.0700000000	0.6152170981
1534.0800000000	0.6146769632
1534.0900000000	0.6143410817
1534.1000000000	0.6141233025
1534.1100000000	0.6145505636
1534.1200000000	0.6143761231
1534.1300000000	0.6146145030
1534.1400000000	0.6141714668
1534.1500000000	0.6139523049
1534.1600000000	0.6138170530
1534.1700000000	0.6139967090
1534.1800000000	0.6145534133
1534.1900000000	0.6144837133
1534.2000000000	0.6139677385
1534.2100000000	0.6139415398
1534.2200000000	0.6134594075
1534.2300000000	0.6131363536
1534.2400000000	0.6131730012
1534.2500000000	0.6128374525
1534.2600000000	0.6124252401
1534.2700000000	0.6126074015
1534.2800000000	0.6124380853
1534.2900000000	0.6118335592
1534.3000000000	0.6122272354
1534.3100000000	0.6127393418
1534.3200000000	0.6128276964
1534.3300000000	0.6129671820
1534.3400000000	0.6126638177
1534.3500000000	0.6132805377
1534.3600000000	0.6137025293
1534.3700000000	0.6142662772
1534.3800000000	0.6144633089
1534.3900000000	0.6143800935
1534.4000000000	0.6143192117
1534.4100000000	0.6139840159
1534.4200000000	0.6140841612
1534.4300000000	0.6139456448
1534.4400000000	0.6136227258
1534.4500000000	0.6128851902
1534.4600000000	0.6121939057
1534.4700000000	0.6116055445
1534.4800000000	0.6112649839
1534.4900000000	0.6111581071
1534.5000000000	0.6105488533
1534.5100000000	0.6101798470
1534.5200000000	0.6097150396
1534.5300000000	0.6092822916
1534.5400000000	0.6090804423
1534.5500000000	0.6093637818
1534.5600000000	0.6096255482
1534.5700000000	0.6094510116
1534.5800000000	0.6095571244
1534.5900000000	0.6092839485
1534.6000000000	0.6090203868
1534.6100000000	0.6098221803
1534.6200000000	0.6100731729
1534.6300000000	0.6107290521
1534.6400000000	0.6111942307
1534.6500000000	0.6107817336
1534.6600000000	0.6113055254
1534.6700000000	0.6118329886
1534.6800000000	0.6122428577
1534.6900000000	0.6129455340
1534.7000000000	0.6131788391
1534.7100000000	0.6130863621
1534.7200000000	0.6137162481
1534.7300000000	0.6141984966
1534.7400000000	0.6143869723
1534.7500000000	0.6146732485
1534.7600000000	0.6145777807
1534.7700000000	0.6142707309
1534.7800000000	0.6144604058
1534.7900000000	0.6148424698
1534.8000000000	0.6147311147
1534.8100000000	0.6146283574
1534.8200000000	0.6146203954
1534.8300000000	0.6140378604
1534.8400000000	0.6135997772
1534.8500000000	0.6135313206
1534.8600000000	0.6139517257
1534.8700000000	0.6141247327
1534.8800000000	0.6139206816
1534.8900000000	0.6139892714
1534.9000000000	0.6138014724
1534.9100000000	0.6140717887
1534.9200000000	0.6144613356
1534.9300000000	0.6145694587
1534.9400000000	0.6148195525
1534.9500000000	0.6143499619
1534.9600000000	0.6139858963
1534.9700000000	0.6137653774
1534.9800000000	0.6131284468
1534.9900000000	0.6125056184
1535.0000000000	0.6118885940
1535.0100000000	0.6105306337
1535.0200000000	0.6092284486
1535.0300000000	0.6083130720
1535.0400000000	0.6068292423
1535.0500000000	0.6054692214
1535.0600000000	0.6045806286
1535.0700000000	0.6035410678
1535.0800000000	0.6024637809
1535.0900000000	0.6019257915
1535.1000000000	0.6014577189
1535.1100000000	0.6009299783
1535.1200000000	0.6011770666
1535.1300000000	0.6015143537
1535.1400000000	0.6016011146
1535.1500000000	0.6027206358
1535.1600000000	0.6034661073
1535.1700000000	0.6046527365
1535.1800000000	0.6057223140
1535.1900000000	0.6064367029
1535.2000000000	0.6076327929
1535.2100000000	0.6091795857
1535.2200000000	0.6103657493
1535.2300000000	0.6114037318
1535.2400000000	0.6123990946
1535.2500000000	0.6125752341
1535.2600000000	0.6128386440
1535.2700000000	0.6132472772
1535.2800000000	0.6133395738
1535.2900000000	0.6136632695
1535.3000000000	0.6138420082
1535.3100000000	0.6137052260
1535.3200000000	0.6137189831
1535.3300000000	0.6139225152
1535.3400000000	0.6138307724
1535.3500000000	0.6135288445
1535.3600000000	0.6138413810
1535.3700000000	0.6136814672
1535.3800000000	0.6135631296
1535.3900000000	0.6138007620
1535.4000000000	0.6135858500
1535.4100000000	0.6137483758
1535.4200000000	0.6138805754
1535.4300000000	0.6135771929
1535.4400000000	0.6130296717
1535.4500000000	0.6133895244
1535.4600000000	0.6136824173
1535.4700000000	0.6135972204
1535.4800000000	0.6140333312
1535.4900000000	0.6134677530
1535.5000000000	0.6130821558
1535.5100000000	0.6132499311
1535.5200000000	0.6132595676
1535.5300000000	0.6133688497
1535.5400000000	0.6134731706
1535.5500000000	0.6130248797
1535.5600000000	0.6123741425
1535.5700000000	0.6120461632
1535.5800000000	0.6114403150
1535.5900000000	0.6110794297
1535.6000000000	0.6108989577
1535.6100000000	0.6099332137
1535.6200000000	0.6094729789
1535.6300000000	0.6088619266
1535.6400000000	0.6075574484
1535.6500000000	0.6072225515
1535.6600000000	0.6070600286
1535.6700000000	0.6060526427
1535.6800000000	0.6055882656
1535.6900000000	0.6055849378
1535.7000000000	0.6045521929
1535.7100000000	0.6051318156
1535.7200000000	0.6055985063
1535.7300000000	0.6052756923
1535.7400000000	0.6059342526
1535.7500000000	0.6061225342
1535.7600000000	0.6062491073
1535.7700000000	0.6071265611
1535.7800000000	0.6077912985
1535.7900000000	0.6080660625
1535.8000000000	0.6087548990
1535.8100000000	0.6089092158
1535.8200000000	0.6088748229
1535.8300000000	0.6097122062
1535.8400000000	0.6102865009
1535.8500000000	0.6101320065
1535.8600000000	0.6103628759
1535.8700000000	0.6105488143
1535.8800000000	0.6098701269
1535.8900000000	0.6099946581
1535.9000000000	0.6107781664
1535.9100000000	0.6103751936
1535.9200000000	0.6108280528
1535.9300000000	0.6115124503
1535.9400000000	0.6107792859
1535.9500000000	0.6110547663
1535.9600000000	0.6119518686
1535.9700000000	0.6120619453
1535.9800000000	0.6125331500
1535.9900000000	0.6129954304
1536.0000000000	0.6124189453
1536.0100000000	0.6126257837
1536.0200000000	0.6132707846
1536.0300000000	0.6129836930
1536.0400000000	0.6130685215
1536.0500000000	0.6132472772
1536.0600000000	0.6128456750
1536.0700000000	0.6130674132
1536.0800000000	0.6134337247
1536.0900000000	0.6132300607
1536.1000000000	0.6132487727
1536.1100000000	0.6134148549
1536.1200000000	0.6131207941
1536.1300000000	0.6131410676
1536.1400000000	0.6139182095
1536.1500000000	0.6138919162
1536.1600000000	0.6138267396
1536.1700000000	0.6140914699
1536.1800000000	0.6137083295
1536.1900000000	0.6132844719
1536.2000000000	0.6134246360
1536.2100000000	0.6131146899
1536.2200000000	0.6127288216
1536.2300000000	0.6126071796
1536.2400000000	0.6120282560
1536.2500000000	0.6112643630
1536.2600000000	0.6105973865
1536.2700000000	0.6100471946
1536.2800000000	0.6097352521
1536.2900000000	0.6089944080
1536.3000000000	0.6086332477
1536.3100000000	0.6081752927
1536.3200000000	0.6076516001
1536.3300000000	0.6076691263
1536.3400000000	0.6075257720
1536.3500000000	0.6071059254
1536.3600000000	0.6068485091
1536.3700000000	0.6069242455
1536.3800000000	0.6068057220
1536.3900000000	0.6066325877
1536.4000000000	0.6066586528
1536.4100000000	0.6061990174
1536.4200000000	0.6064164283
1536.4300000000	0.6062531729
1536.4400000000	0.6060003635
1536.4500000000	0.6062116661
1536.4600000000	0.6059703764
1536.4700000000	0.6057207938
1536.4800000000	0.6056756535
1536.4900000000	0.6054220890
1536.5000000000	0.6053159802
1536.5100000000	0.6057927072
1536.5200000000	0.6056643011
1536.5300000000	0.6058578377
1536.5400000000	0.6063708599
1536.5500000000	0.6064341639
1536.5600000000	0.6069579720
1536.5700000000	0.6076056529
1536.5800000000	0.6082550782
1536.5900000000	0.6086480459
1536.6000000000	0.6088457357
1536.6100000000	0.6091495974
1536.6200000000	0.6094572309
1536.6300000000	0.6098916901
1536.6400000000	0.6102320999
1536.6500000000	0.6103346218
1536.6600000000	0.6103936427
1536.6700000000	0.6104985872
1536.6800000000	0.6108338130
1536.6900000000	0.6108496972
1536.7000000000	0.6109468346
1536.7100000000	0.6109982892
1536.7200000000	0.6107005298
1536.7300000000	0.6107013591
1536.7400000000	0.6110505675
1536.7500000000	0.6114219598
1536.7600000000	0.6117371887
1536.7700000000	0.6120033164
1536.7800000000	0.6119504057
1536.7900000000	0.6118930542
1536.8000000000	0.6119109336
1536.8100000000	0.6120673497
1536.8200000000	0.6125125271
1536.8300000000	0.6124127703
1536.8400000000	0.6122611731
1536.8500000000	0.6119432915
1536.8600000000	0.6115899430
1536.8700000000	0.6117952946
1536.8800000000	0.6116498467
1536.8900000000	0.6115462323
1536.9000000000	0.6116335813
1536.9100000000	0.6112527571
1536.9200000000	0.6110264304
1536.9300000000	0.6113957897
1536.9400000000	0.6116334063
1536.9500000000	0.6114924228
1536.9600000000	0.6120137405
1536.9700000000	0.6118548277
1536.9800000000	0.6113247277
1536.9900000000	0.6117525962
1537.0000000000	0.6118835974
1537.0100000000	0.6116087467
1537.0200000000	0.6116838608
1537.0300000000	0.6111144778
1537.0400000000	0.6104501143
1537.0500000000	0.6104090981
1537.0600000000	0.6102284992
1537.0700000000	0.6099020340
1537.0800000000	0.6097727102
1537.0900000000	0.6092759075
1537.1000000000	0.6087943053
1537.1100000000	0.6082795200
1537.1200000000	0.6085210456
1537.1300000000	0.6087242742
1537.1400000000	0.6084355154
1537.1500000000	0.6081865498
1537.1600000000	0.6079829065
1537.1700000000	0.6078902865
1537.1800000000	0.6080397887
1537.1900000000	0.6081755542
1537.2000000000	0.6082032425
1537.2100000000	0.6079445199
1537.2200000000	0.6072823878
1537.2300000000	0.6069386610
1537.2400000000	0.6063897074
1537.2500000000	0.6062777194
1537.2600000000	0.6061119552
1537.2700000000	0.6059082754
1537.2800000000	0.6050295779
1537.2900000000	0.6044724500
1537.3000000000	0.6042822596
1537.3100000000	0.6038805648
1537.3200000000	0.6040019449
1537.3300000000	0.6041476154
1537.3400000000	0.6039691749
1537.3500000000	0.6041762616
1537.3600000000	0.6046032073
1537.3700000000	0.6047947284
1537.3800000000	0.6055134279
1537.3900000000	0.6060773019
1537.4000000000	0.6061702734
1537.4100000000	0.6065799357
1537.4200000000	0.6069434333
1537.4300000000	0.6072397562
1537.4400000000	0.6078855269
1537.4500000000	0.6083452376
1537.4600000000	0.6082311312
1537.4700000000	0.6081503630
1537.4800000000	0.6083155848
1537.4900000000	0.6083753059
1537.5000000000	0.6084089092
1537.5100000000	0.6090188498
1537.5200000000	0.6088894256
1537.5300000000	0.6087950077
1537.5400000000	0.6086626573
1537.5500000000	0.6087254238
1537.5600000000	0.6087957881
1537.5700000000	0.6089435406
1537.5800000000	0.6090326963
1537.5900000000	0.6089037657
1537.6000000000	0.6088130870
1537.6100000000	0.6086297359
1537.6200000000	0.6085290575
1537.6300000000	0.6084852889
1537.6400000000	0.6085006141
1537.6500000000	0.6080992406
1537.6600000000	0.6076061411
1537.6700000000	0.6074192061
1537.6800000000	0.6072655816
1537.6900000000	0.6073028127
1537.7000000000	0.6072296861
1537.7100000000	0.6069661096
1537.7200000000	0.6073815654
1537.7300000000	0.6072691511
1537.7400000000	0.6072872014
1537.7500000000	0.6080051864
1537.7600000000	0.6082561978
1537.7700000000	0.6083038740
1537.7800000000	0.6089166307
1537.7900000000	0.6093913425
1537.8000000000	0.6093607168
1537.8100000000	0.6099665671
1537.8200000000	0.6101608730
1537.8300000000	0.6099463306
1537.8400000000	0.6102940999
1537.8500000000	0.6101700399
1537.8600000000	0.6099574373
1537.8700000000	0.6100266404
1537.8800000000	0.6099331987
1537.8900000000	0.6095966802
1537.9000000000	0.6093547338
1537.9100000000	0.6091836840
1537.9200000000	0.6090782146
1537.9300000000	0.6090574131
1537.9400000000	0.6090380272
1537.9500000000	0.6092568945
1537.9600000000	0.6093246750
1537.9700000000	0.6088159516
1537.9800000000	0.6094274286
1537.9900000000	0.6095572331
1538.0000000000	0.6096131920
1538.0100000000	0.6096434393
1538.0200000000	0.6100573110
1538.0300000000	0.6101294537
1538.0400000000	0.6101956259
1538.0500000000	0.6101711807
1538.0600000000	0.6098710589
1538.0700000000	0.6096595371
1538.0800000000	0.6093072448
1538.0900000000	0.6092266652
1538.1000000000	0.6092709031
1538.1100000000	0.6090659515
1538.1200000000	0.6088934300
1538.1300000000	0.6085097266
1538.1400000000	0.6083504660
1538.1500000000	0.6082506758
1538.1600000000	0.6081749029
1538.1700000000	0.6082042029
1538.1800000000	0.6081690046
1538.1900000000	0.6081521860
1538.2000000000	0.6080980166
1538.2100000000	0.6078276914
1538.2200000000	0.6075800629
1538.2300000000	0.6078172119
1538.2400000000	0.6079666672
1538.2500000000	0.6072856575
1538.2600000000	0.6074045721
1538.2700000000	0.6072123236
1538.2800000000	0.6066775337
1538.2900000000	0.6071729712
1538.3000000000	0.6072119185
1538.3100000000	0.6071038044
1538.3200000000	0.6070752561
1538.3300000000	0.6074116888
1538.3400000000	0.6073598349
1538.3500000000	0.6080456829
1538.3600000000	0.6085454952
1538.3700000000	0.6086601758
1538.3800000000	0.6090039197
1538.3900000000	0.6091696052
1538.4000000000	0.6094605940
1538.4100000000	0.6100858234
1538.4200000000	0.6103503675
1538.4300000000	0.6101800986
1538.4400000000	0.6103592300
1538.4500000000	0.6103252075
1538.4600000000	0.6101119567
1538.4700000000	0.6103035445
1538.4800000000	0.6103912382
1538.4900000000	0.6101947217
1538.5000000000	0.6100430020
1538.5100000000	0.6097719046
1538.5200000000	0.6095129921
1538.5300000000	0.6094430039
1538.5400000000	0.6102657127
1538.5500000000	0.6104200884
1538.5600000000	0.6098435013
1538.5700000000	0.6104335189
1538.5800000000	0.6102875515
1538.5900000000	0.6100678458
1538.6000000000	0.6109746281
1538.6100000000	0.6111518984
1538.6200000000	0.6107324566
1538.6300000000	0.6108673188
1538.6400000000	0.6102911922
1538.6500000000	0.6100428826
1538.6600000000	0.6105530619
1538.6700000000	0.6099606695
1538.6800000000	0.6094071973
1538.6900000000	0.6093271077
1538.7000000000	0.6086665706
1538.7100000000	0.6084561173
1538.7200000000	0.6086706417
1538.7300000000	0.6083209328
1538.7400000000	0.6080168407
1538.7500000000	0.6080435727
1538.7600000000	0.6074458443
1538.7700000000	0.6068638906
1538.7800000000	0.6076700114
1538.7900000000	0.6074984752
1538.8000000000	0.6073106549
1538.8100000000	0.6075657893
1538.8200000000	0.6067348225
1538.8300000000	0.6060347660
1538.8400000000	0.6064967217
1538.8500000000	0.6064566663
1538.8600000000	0.6056690646
1538.8700000000	0.6056538686
1538.8800000000	0.6046892451
1538.8900000000	0.6039287499
1538.9000000000	0.6043652970
1538.9100000000	0.6040499848
1538.9200000000	0.6038111332
1538.9300000000	0.6039688014
1538.9400000000	0.6031566579
1538.9500000000	0.6028643693
1538.9600000000	0.6038155822
1538.9700000000	0.6037428206
1538.9800000000	0.6038915044
1538.9900000000	0.6048222169
1539.0000000000	0.6048153770
1539.0100000000	0.6045879015
1539.0200000000	0.6056297319
1539.0300000000	0.6061652309
1539.0400000000	0.6061340749
1539.0500000000	0.6071900293
1539.0600000000	0.6077942665
1539.0700000000	0.6070448241
1539.0800000000	0.6077946034
1539.0900000000	0.6083461257
1539.1000000000	0.6079447758
1539.1100000000	0.6088986869
1539.1200000000	0.6090997049
1539.1300000000	0.6085736343
1539.1400000000	0.6091393788
1539.1500000000	0.6093047163
1539.1600000000	0.6094660873
1539.1700000000	0.6099749999
1539.1800000000	0.6099197637
1539.1900000000	0.6096556666
1539.2000000000	0.6098007941
1539.2100000000	0.6098253736
1539.2200000000	0.6103028903
1539.2300000000	0.6106422652
1539.2400000000	0.6102465582
1539.2500000000	0.6098744804
1539.2600000000	0.6095237013
1539.2700000000	0.6090993696
1539.2800000000	0.6089932823
1539.2900000000	0.6090596307
1539.3000000000	0.6088074343
1539.3100000000	0.6085361878
1539.3200000000	0.6082772999
1539.3300000000	0.6075595133
1539.3400000000	0.6075461151
1539.3500000000	0.6078693709
1539.3600000000	0.6078074733
1539.3700000000	0.6078501390
1539.3800000000	0.6072865272
1539.3900000000	0.6075334270
1539.4000000000	0.6076900043
1539.4100000000	0.6076692894
1539.4200000000	0.6076512391
1539.4300000000	0.6074316581
1539.4400000000	0.6070892795
1539.4500000000	0.6068025238
1539.4600000000	0.6067252146
1539.4700000000	0.6065392000
1539.4800000000	0.6062228161
1539.4900000000	0.6058423880
1539.5000000000	0.6053656661
1539.5100000000	0.6048544601
1539.5200000000	0.6047898349
1539.5300000000	0.6051487289
1539.5400000000	0.6050506651
1539.5500000000	0.6049372838
1539.5600000000	0.6052709944
1539.5700000000	0.6053152587
1539.5800000000	0.6053268013
1539.5900000000	0.6057858382
1539.6000000000	0.6064613303
1539.6100000000	0.6067966943
1539.6200000000	0.6072783133
1539.6300000000	0.6078646798
1539.6400000000	0.6075168011
1539.6500000000	0.6081187417
1539.6600000000	0.6086839390
1539.6700000000	0.6090460229
1539.6800000000	0.6089737599
1539.6900000000	0.6090386098
1539.7000000000	0.6091996882
1539.7100000000	0.6091325707
1539.7200000000	0.6092722438
1539.7300000000	0.6094991897
1539.7400000000	0.6096289761
1539.7500000000	0.6096896250
1539.7600000000	0.6097228645
1539.7700000000	0.6096651240
1539.7800000000	0.6097449541
1539.7900000000	0.6100471946
1539.8000000000	0.6099426224
1539.8100000000	0.6098210773
1539.8200000000	0.6101372630
1539.8300000000	0.6098252831
1539.8400000000	0.6097835870
1539.8500000000	0.6096885802
1539.8600000000	0.6094588634
1539.8700000000	0.6091772811
1539.8800000000	0.6088373061
1539.8900000000	0.6082296556
1539.9000000000	0.6082504842
1539.9100000000	0.6083637739
1539.9200000000	0.6076631410
1539.9300000000	0.6076357359
1539.9400000000	0.6071763431
1539.9500000000	0.6070326859
1539.9600000000	0.6075469026
1539.9700000000	0.6076126098
1539.9800000000	0.6078457524
1539.9900000000	0.6080795652
1540.0000000000	0.6081879255
1540.0100000000	0.6085177030
1540.0200000000	0.6089977868
1540.0300000000	0.6091224655
1540.0400000000	0.6092130286
1540.0500000000	0.6094825320
1540.0600000000	0.6095736221
1540.0700000000	0.6095570905
1540.0800000000	0.6097969017
1540.0900000000	0.6097391127
1540.1000000000	0.6093542423
1540.1100000000	0.6090247536
1540.1200000000	0.6093942898
1540.1300000000	0.6091508601
1540.1400000000	0.6090596435
1540.1500000000	0.6094330012
1540.1600000000	0.6092133909
1540.1700000000	0.6091902120
1540.1800000000	0.6094562842
1540.1900000000	0.6095639434
1540.2000000000	0.6094239946
1540.2100000000	0.6099721958
1540.2200000000	0.6098514348
1540.2300000000	0.6093685658
1540.2400000000	0.6094857587
1540.2500000000	0.6090964117
1540.2600000000	0.6086075030
1540.2700000000	0.6082696574
1540.2800000000	0.6075151459
1540.2900000000	0.6062908742
1540.3000000000	0.6052423740
1540.3100000000	0.6043067980
1540.3200000000	0.6031103515
1540.3300000000	0.6020432389
1540.3400000000	0.6007484542
1540.3500000000	0.5995963007
1540.3600000000	0.5985965395
1540.3700000000	0.5970669688
1540.3800000000	0.5961008648
1540.3900000000	0.5952234140
1540.4000000000	0.5941722805
1540.4100000000	0.5934855993
1540.4200000000	0.5933948644
1540.4300000000	0.5930481640
1540.4400000000	0.5928693833
1540.4500000000	0.5933358483
1540.4600000000	0.5931867462
1540.4700000000	0.5935823230
1540.4800000000	0.5943255581
1540.4900000000	0.5951186968
1540.5000000000	0.5958838691
1540.5100000000	0.5972139421
1540.5200000000	0.5986798950
1540.5300000000	0.5995122856
1540.5400000000	0.6007968626
1540.5500000000	0.6020991714
1540.5600000000	0.6031782576
1540.5700000000	0.6047306837
1540.5800000000	0.6061408649
1540.5900000000	0.6070036782
1540.6000000000	0.6077048876
1540.6100000000	0.6086184006
1540.6200000000	0.6090655299
1540.6300000000	0.6091754767
1540.6400000000	0.6096754909
1540.6500000000	0.6093158119
1540.6600000000	0.6091390154
1540.6700000000	0.6090761479
1540.6800000000	0.6083788467
1540.6900000000	0.6078143748
1540.7000000000	0.6070441140
1540.7100000000	0.6063792253
1540.7200000000	0.6056470478
1540.7300000000	0.6051054013
1540.7400000000	0.6046467067
1540.7500000000	0.6047411100
1540.7600000000	0.6047554327
1540.7700000000	0.6046254209
1540.7800000000	0.6049823691
1540.7900000000	0.6052679453
1540.8000000000	0.6059306812
1540.8100000000	0.6066408320
1540.8200000000	0.6072960980
1540.8300000000	0.6080545326
1540.8400000000	0.6086864395
1540.8500000000	0.6091643154
1540.8600000000	0.6094255950
1540.8700000000	0.6099756720
1540.8800000000	0.6103745109
1540.8900000000	0.6102617481
1540.9000000000	0.6101577666
1540.9100000000	0.6096344000
1540.9200000000	0.6092168688
1540.9300000000	0.6088391129
1540.9400000000	0.6083552469
1540.9500000000	0.6075107694
1540.9600000000	0.6063465553
1540.9700000000	0.6058972932
1540.9800000000	0.6047316078
1540.9900000000	0.6037196896
1541.0000000000	0.6031677365
1541.0100000000	0.6024695721
1541.0200000000	0.6016415289
1541.0300000000	0.6012693048
1541.0400000000	0.6004722511
1541.0500000000	0.5998201310
1541.0600000000	0.6000910024
1541.0700000000	0.5998082131
1541.0800000000	0.5995987525
1541.0900000000	0.5998740176
1541.1000000000	0.5999952752
1541.1100000000	0.6001827995
1541.1200000000	0.6006405703
1541.1300000000	0.6012977050
1541.1400000000	0.6019562537
1541.1500000000	0.6024860195
1541.1600000000	0.6029818220
1541.1700000000	0.6036535135
1541.1800000000	0.6052259705
1541.1900000000	0.6061657914
1541.2000000000	0.6068946677
1541.2100000000	0.6075940248
1541.2200000000	0.6082028024
1541.2300000000	0.6089286088
1541.2400000000	0.6094810597
1541.2500000000	0.6097117409
1541.2600000000	0.6096285651
1541.2700000000	0.6099554210
1541.2800000000	0.6097390463
1541.2900000000	0.6092355540
1541.3000000000	0.6091150831
1541.3100000000	0.6090628478
1541.3200000000	0.6086480879
1541.3300000000	0.6084252564
1541.3400000000	0.6084918568
1541.3500000000	0.6080565918
1541.3600000000	0.6081227398
1541.3700000000	0.6086679943
1541.3800000000	0.6085869298
1541.3900000000	0.6086487847
1541.4000000000	0.6092759535
1541.4100000000	0.6093552273
1541.4200000000	0.6096163427
1541.4300000000	0.6104210042
1541.4400000000	0.6109013456
1541.4500000000	0.6107307512
1541.4600000000	0.6112145150
1541.4700000000	0.6105597062
1541.4800000000	0.6101551619
1541.4900000000	0.6107498649
1541.5000000000	0.6100133597
1541.5100000000	0.6092314307
1541.5200000000	0.6084858705
1541.5300000000	0.6072742295
1541.5400000000	0.6062819456
1541.5500000000	0.6054991391
1541.5600000000	0.6044453153
1541.5700000000	0.6035977852
1541.5800000000	0.6027476873
1541.5900000000	0.6013145618
1541.6000000000	0.6004407520
1541.6100000000	0.6001406185
1541.6200000000	0.5998755453
1541.6300000000	0.5994654222
1541.6400000000	0.5990607337
1541.6500000000	0.5989443478
1541.6600000000	0.5983769303
1541.6700000000	0.5984649427
1541.6800000000	0.5990502315
1541.6900000000	0.5988306639
1541.7000000000	0.5994950806
1541.7100000000	0.6001029028
1541.7200000000	0.6000162437
1541.7300000000	0.6005253871
1541.7400000000	0.6016252234
1541.7500000000	0.6020329144
1541.7600000000	0.6028679940
1541.7700000000	0.6036283982
1541.7800000000	0.6037768601
1541.7900000000	0.6053126175
1541.8000000000	0.6062273678
1541.8100000000	0.6065237391
1541.8200000000	0.6074966793
1541.8300000000	0.6080087964
1541.8400000000	0.6079393944
1541.8500000000	0.6085829942
1541.8600000000	0.6091722308
1541.8700000000	0.6092867605
1541.8800000000	0.6099990529
1541.8900000000	0.6101160483
1541.9000000000	0.6093528224
1541.9100000000	0.6094757787
1541.9200000000	0.6097254227
1541.9300000000	0.6097604672
1541.9400000000	0.6100330346
1541.9500000000	0.6098848686
1541.9600000000	0.6096736963
1541.9700000000	0.6095137001
1541.9800000000	0.6095292617
1541.9900000000	0.6093557914
1542.0000000000	0.6103081090
1542.0100000000	0.6104770446
1542.0200000000	0.6097162519
1542.0300000000	0.6098790649
1542.0400000000	0.6095906830
1542.0500000000	0.6096571504
1542.0600000000	0.6098212209
1542.0700000000	0.6096925142
1542.0800000000	0.6088293740
1542.0900000000	0.6085162791
1542.1000000000	0.6082699025
1542.1100000000	0.6074969139
1542.1200000000	0.6075833520
1542.1300000000	0.6075030299
1542.1400000000	0.6067365650
1542.1500000000	0.6063029795
1542.1600000000	0.6061932733
1542.1700000000	0.6057448817
1542.1800000000	0.6057606840
1542.1900000000	0.6065067495
1542.2000000000	0.6060443299
1542.2100000000	0.6058266695
1542.2200000000	0.6067223143
1542.2300000000	0.6063401257
1542.2400000000	0.6073455187
1542.2500000000	0.6079405206
1542.2600000000	0.6079865062
1542.2700000000	0.6081322855
1542.2800000000	0.6082117889
1542.2900000000	0.6079749412
1542.3000000000	0.6088029360
1542.3100000000	0.6092027538
1542.3200000000	0.6086395649
1542.3300000000	0.6086017762
1542.3400000000	0.6081493344
1542.3500000000	0.6079422293
1542.3600000000	0.6086318575
1542.3700000000	0.6084089406
1542.3800000000	0.6083023478
1542.3900000000	0.6084992677
1542.4000000000	0.6082608737
1542.4100000000	0.6083041896
1542.4200000000	0.6091763591
1542.4300000000	0.6095760499
1542.4400000000	0.6096588897
1542.4500000000	0.6105265405
1542.4600000000	0.6101243403
1542.4700000000	0.6102787401
1542.4800000000	0.6111180756
1542.4900000000	0.6109410897
1542.5000000000	0.6114367193
1542.5100000000	0.6115117392
1542.5200000000	0.6111978181
1542.5300000000	0.6105668974
1542.5400000000	0.6109798087
1542.5500000000	0.6112425880
1542.5600000000	0.6108725308
1542.5700000000	0.6108142834
1542.5800000000	0.6100738365
1542.5900000000	0.6095195246
1542.6000000000	0.6093967428
1542.6100000000	0.6095101446
1542.6200000000	0.6092584285
1542.6300000000	0.6089287496
1542.6400000000	0.6088786887
1542.6500000000	0.6080659120
1542.6600000000	0.6078471836
1542.6700000000	0.6078885544
1542.6800000000	0.6075716536
1542.6900000000	0.6074845173
1542.7000000000	0.6072215137
1542.7100000000	0.6066091883
1542.7200000000	0.6060591259
1542.7300000000	0.6066095185
1542.7400000000	0.6063450734
1542.7500000000	0.6066059328
1542.7600000000	0.6067197984
1542.7700000000	0.6059710868
1542.7800000000	0.6063286564
1542.7900000000	0.6067534571
1542.8000000000	0.6068992912
1542.8100000000	0.6077502953
1542.8200000000	0.6079157315
1542.8300000000	0.6080814093
1542.8400000000	0.6080814468
1542.8500000000	0.6090106413
1542.8600000000	0.6095324562
1542.8700000000	0.6098684244
1542.8800000000	0.6097434550
1542.8900000000	0.6097329738
1542.9000000000	0.6097871687
1542.9100000000	0.6097344231
1542.9200000000	0.6103202468
1542.9300000000	0.6103358965
1542.9400000000	0.6099540904
1542.9500000000	0.6099760363
1542.9600000000	0.6097186596
1542.9700000000	0.6092720319
1542.9800000000	0.6096538855
1542.9900000000	0.6104790350
1543.0000000000	0.6099788001
1543.0100000000	0.6100367794
1543.0200000000	0.6100471946
1543.0300000000	0.6096610508
1543.0400000000	0.6104226515
1543.0500000000	0.6108981848
1543.0600000000	0.6112694165
1543.0700000000	0.6112986011
1543.0800000000	0.6110242435
1543.0900000000	0.6109425484
1543.1000000000	0.6109760846
1543.1100000000	0.6109410897
1543.1200000000	0.6109209753
1543.1300000000	0.6106206882
1543.1400000000	0.6098312349
1543.1500000000	0.6093048153
1543.1600000000	0.6093088572
1543.1700000000	0.6088471037
1543.1800000000	0.6089179038
1543.1900000000	0.6083702977
1543.2000000000	0.6080066773
1543.2100000000	0.6076077643
1543.2200000000	0.6075153948
1543.2300000000	0.6078559373
1543.2400000000	0.6078333953
1543.2500000000	0.6078613806
1543.2600000000	0.6078972000
1543.2700000000	0.6076530449
1543.2800000000	0.6072387667
1543.2900000000	0.6079104799
1543.3000000000	0.6084452731
1543.3100000000	0.6080120010
1543.3200000000	0.6083380448
1543.3300000000	0.6079412391
1543.3400000000	0.6076698600
1543.3500000000	0.6081765144
1543.3600000000	0.6084769701
1543.3700000000	0.6085261854
1543.3800000000	0.6083211893
1543.3900000000	0.6082272448
1543.4000000000	0.6082666107
1543.4100000000	0.6083851160
1543.4200000000	0.6089228878
1543.4300000000	0.6094025236
1543.4400000000	0.6095834589
1543.4500000000	0.6091652360
1543.4600000000	0.6094998826
1543.4700000000	0.6097628641
1543.4800000000	0.6097969017
1543.4900000000	0.6104845357
1543.5000000000	0.6099509371
1543.5100000000	0.6099041784
1543.5200000000	0.6099041784
1543.5300000000	0.6099041784
1543.5400000000	0.6096116214
1543.5500000000	0.6099612354
1543.5600000000	0.6099284912
1543.5700000000	0.6095744344
1543.5800000000	0.6095411937
1543.5900000000	0.6093642878
1543.6000000000	0.6097925949
1543.6100000000	0.6102066848
1543.6200000000	0.6105593006
1543.6300000000	0.6106896555
1543.6400000000	0.6101932674
1543.6500000000	0.6108001381
1543.6600000000	0.6111191618
1543.6700000000	0.6114725188
1543.6800000000	0.6118159988
1543.6900000000	0.6114857064
1543.7000000000	0.6108320079
1543.7100000000	0.6108024055
1543.7200000000	0.6108417427
1543.7300000000	0.6104976289
1543.7400000000	0.6107592402
1543.7500000000	0.6104556817
1543.7600000000	0.6094471352
1543.7700000000	0.6094521932
1543.7800000000	0.6093281836
1543.7900000000	0.6092675841
1543.8000000000	0.6092605763
1543.8100000000	0.6092885310
1543.8200000000	0.6090174569
1543.8300000000	0.6089666812
1543.8400000000	0.6092813250
1543.8500000000	0.6094236067
1543.8600000000	0.6098460581
1543.8700000000	0.6098794924
1543.8800000000	0.6099000833
1543.8900000000	0.6095760990
1543.9000000000	0.6091696875
1543.9100000000	0.6100471946
1543.9200000000	0.6097015842
1543.9300000000	0.6091046752
1543.9400000000	0.6084718608
1543.9500000000	0.6075733103
1543.9600000000	0.6069654517
1543.9700000000	0.6064152083
1543.9800000000	0.6065546221
1543.9900000000	0.6057065318
1544.0000000000	0.6049763778
1544.0100000000	0.6041118177
1544.0200000000	0.6041074329
1544.0300000000	0.6036689535
1544.0400000000	0.6037431737
1544.0500000000	0.6043907161
1544.0600000000	0.6039534679
1544.0700000000	0.6037062420
1544.0800000000	0.6044128214
1544.0900000000	0.6045694381
1544.1000000000	0.6049949734
1544.1100000000	0.6061033870
1544.1200000000	0.6064466434
1544.1300000000	0.6061498600
1544.1400000000	0.6073251979
1544.1500000000	0.6078673065
1544.1600000000	0.6080198069
1544.1700000000	0.6090617762
1544.1800000000	0.6093434369
1544.1900000000	0.6093821401
1544.2000000000	0.6093034812
1544.2100000000	0.6095845319
1544.2200000000	0.6097622358
1544.2300000000	0.6095394269
1544.2400000000	0.6092020882
1544.2500000000	0.6085069906
1544.2600000000	0.6079757974
1544.2700000000	0.6077404866
1544.2800000000	0.6075061858
1544.2900000000	0.6065527443
1544.3000000000	0.6055901714
1544.3100000000	0.6047505891
1544.3200000000	0.6034503615
1544.3300000000	0.6029534287
1544.3400000000	0.6021667679
1544.3500000000	0.6015517487
1544.3600000000	0.6014057746
1544.3700000000	0.6005835370
1544.3800000000	0.6002145404
1544.3900000000	0.6002408771
1544.4000000000	0.6004407341
1544.4100000000	0.6008826565
1544.4200000000	0.6018638941
1544.4300000000	0.6018481048
1544.4400000000	0.6025671133
1544.4500000000	0.6038976377
1544.4600000000	0.6042362656
1544.4700000000	0.6052811542
1544.4800000000	0.6064394838
1544.4900000000	0.6069525428
1544.5000000000	0.6075122510
1544.5100000000	0.6079610083
1544.5200000000	0.6083871300
1544.5300000000	0.6086956543
1544.5400000000	0.6089772981
1544.5500000000	0.6084381935
1544.5600000000	0.6080263579
1544.5700000000	0.6081643270
1544.5800000000	0.6077667291
1544.5900000000	0.6072890642
1544.6000000000	0.6066375587
1544.6100000000	0.6064209156
1544.6200000000	0.6061574677
1544.6300000000	0.6057182921
1544.6400000000	0.6056625303
1544.6500000000	0.6053815329
1544.6600000000	0.6056798144
1544.6700000000	0.6061796836
1544.6800000000	0.6061647922
1544.6900000000	0.6064294174
1544.7000000000	0.6071616199
1544.7100000000	0.6073818129
1544.7200000000	0.6076837614
1544.7300000000	0.6085293955
1544.7400000000	0.6084948689
1544.7500000000	0.6088744220
1544.7600000000	0.6091604568
1544.7700000000	0.6090088976
1544.7800000000	0.6093128244
1544.7900000000	0.6093609800
1544.8000000000	0.6092660971
1544.8100000000	0.6089070592
1544.8200000000	0.6089185646
1544.8300000000	0.6085812347
1544.8400000000	0.6083451093
1544.8500000000	0.6078870260
1544.8600000000	0.6068133516
1544.8700000000	0.6064952735
1544.8800000000	0.6057323813
1544.8900000000	0.6049091928
1544.9000000000	0.6045051443
1544.9100000000	0.6037935964
1544.9200000000	0.6030427699
1544.9300000000	0.6025493261
1544.9400000000	0.6021880646
1544.9500000000	0.6015491254
1544.9600000000	0.6017162232
1544.9700000000	0.6016768969
1544.9800000000	0.6016309236
1544.9900000000	0.6020716392
1545.0000000000	0.6025572022
1545.0100000000	0.6029658252
1545.0200000000	0.6034771941
1545.0300000000	0.6045335154
1545.0400000000	0.6053116786
1545.0500000000	0.6058962295
1545.0600000000	0.6067691841
1545.0700000000	0.6070120341
1545.0800000000	0.6075950522
1545.0900000000	0.6085045051
1545.1000000000	0.6087738789
1545.1100000000	0.6089631018
1545.1200000000	0.6094261409
1545.1300000000	0.6087665860
1545.1400000000	0.6079733721
1545.1500000000	0.6084274920
1545.1600000000	0.6073565385
1545.1700000000	0.6064817855
1545.1800000000	0.6069186248
1545.1900000000	0.6051530487
1545.2000000000	0.6041633477
1545.2100000000	0.6045013656
1545.2200000000	0.6035199968
1545.2300000000	0.6029174534
1545.2400000000	0.6036025968
1545.2500000000	0.6029340439
1545.2600000000	0.6025612843
1545.2700000000	0.6037921343
1545.2800000000	0.6036594018
1545.2900000000	0.6038983667
1545.3000000000	0.6053101846
1545.3100000000	0.6059324951
1545.3200000000	0.6057701586
1545.3300000000	0.6069128878
1545.3400000000	0.6081447508
1545.3500000000	0.6079794740
1545.3600000000	0.6087692005
1545.3700000000	0.6098929410
1545.3800000000	0.6089579207
1545.3900000000	0.6097020578
1545.4000000000	0.6105152119
1545.4100000000	0.6097321079
1545.4200000000	0.6097236328
1545.4300000000	0.6101962161
1545.4400000000	0.6089151930
1545.4500000000	0.6083273818
1545.4600000000	0.6085812347
1545.4700000000	0.6071115096
1545.4800000000	0.6070512678
1545.4900000000	0.6068444063
1545.5000000000	0.6052016839
1545.5100000000	0.6045062492
1545.5200000000	0.6040953950
1545.5300000000	0.6028560426
1545.5400000000	0.6024419254
1545.5500000000	0.6025488048
1545.5600000000	0.6010266738
1545.5700000000	0.6007209354
1545.5800000000	0.6007079617
1545.5900000000	0.5997607099
1545.6000000000	0.6002887855
1545.6100000000	0.6008086180
1545.6200000000	0.6002255250
1545.6300000000	0.6005005562
1545.6400000000	0.6014725676
1545.6500000000	0.6016017841
1545.6600000000	0.6024070352
1545.6700000000	0.6035644346
1545.6800000000	0.6034142571
1545.6900000000	0.6043610640
1545.7000000000	0.6056764131
1545.7100000000	0.6057229417
1545.7200000000	0.6067732601
1545.7300000000	0.6078482606
1545.7400000000	0.6076469867
1545.7500000000	0.6075931665
1545.7600000000	0.6081644779
1545.7700000000	0.6077160130
1545.7800000000	0.6084290211
1545.7900000000	0.6091419912
1545.8000000000	0.6082268595
1545.8100000000	0.6079471157
1545.8200000000	0.6083382545
1545.8300000000	0.6081076358
1545.8400000000	0.6083936908
1545.8500000000	0.6092794729
1545.8600000000	0.6091391705
1545.8700000000	0.6085697832
1545.8800000000	0.6094872567
1545.8900000000	0.6092647424
1545.9000000000	0.6093818748
1545.9100000000	0.6107840517
1545.9200000000	0.6106262038
1545.9300000000	0.6104173817
1545.9400000000	0.6104383594
1545.9500000000	0.6106401872
1545.9600000000	0.6104555225
1545.9700000000	0.6108062813
1545.9800000000	0.6105623740
1545.9900000000	0.6100625187
1546.0000000000	0.6098720501
1546.0100000000	0.6091532996
1546.0200000000	0.6091547912
1546.0300000000	0.6091741961
1546.0400000000	0.6089655944
1546.0500000000	0.6085224882
1546.0600000000	0.6077985001
1546.0700000000	0.6076108490
1546.0800000000	0.6076048490
1546.0900000000	0.6077728228
1546.1000000000	0.6078753539
1546.1100000000	0.6078775623
1546.1200000000	0.6074113073
1546.1300000000	0.6072832676
1546.1400000000	0.6077445744
1546.1500000000	0.6075149928
1546.1600000000	0.6081558811
1546.1700000000	0.6083820453
1546.1800000000	0.6077198619
1546.1900000000	0.6078488159
1546.2000000000	0.6078661536
1546.2100000000	0.6082019977
1546.2200000000	0.6083594582
1546.2300000000	0.6085365545
1546.2400000000	0.6084082574
1546.2500000000	0.6084367889
1546.2600000000	0.6085892228
1546.2700000000	0.6088799714
1546.2800000000	0.6092895105
1546.2900000000	0.6091211468
1546.3000000000	0.6093002998
1546.3100000000	0.6093488709
1546.3200000000	0.6091776112
1546.3300000000	0.6096762948
1546.3400000000	0.6098158952
1546.3500000000	0.6095224185
1546.3600000000	0.6091435525
1546.3700000000	0.6090412848
1546.3800000000	0.6087218755
1546.3900000000	0.6083990145
1546.4000000000	0.6086527409
1546.4100000000	0.6081415128
1546.4200000000	0.6076294646
1546.4300000000	0.6071867538
1546.4400000000	0.6072211746
1546.4500000000	0.6068265066
1546.4600000000	0.6066289940
1546.4700000000	0.6072661029
1546.4800000000	0.6065163837
1546.4900000000	0.6058502552
1546.5000000000	0.6062478642
1546.5100000000	0.6061318073
1546.5200000000	0.6064037501
1546.5300000000	0.6069186260
1546.5400000000	0.6070068452
1546.5500000000	0.6066704218
1546.5600000000	0.6071152748
1546.5700000000	0.6071808263
1546.5800000000	0.6076137429
1546.5900000000	0.6082099925
1546.6000000000	0.6081780879
1546.6100000000	0.6087084130
1546.6200000000	0.6089339707
1546.6300000000	0.6092846499
1546.6400000000	0.6100803856
1546.6500000000	0.6104250052
1546.6600000000	0.6105214816
1546.6700000000	0.6106186028
1546.6800000000	0.6110382471
1546.6900000000	0.6105322797
1546.7000000000	0.6111917221
1546.7100000000	0.6111938353
1546.7200000000	0.6105328880
1546.7300000000	0.6103459711
1546.7400000000	0.6098730926
1546.7500000000	0.6094339293
1546.7600000000	0.6088715722
1546.7700000000	0.6086971791
1546.7800000000	0.6082727323
1546.7900000000	0.6070393144
1546.8000000000	0.6066028937
1546.8100000000	0.6062947656
1546.8200000000	0.6058928428
1546.8300000000	0.6061736979
1546.8400000000	0.6064344319
1546.8500000000	0.6062843394
1546.8600000000	0.6065205573
1546.8700000000	0.6072997802
1546.8800000000	0.6072933512
1546.8900000000	0.6081883007
1546.9000000000	0.6088736619
1546.9100000000	0.6092796869
1546.9200000000	0.6098815195
1546.9300000000	0.6103689666
1546.9400000000	0.6103382774
1546.9500000000	0.6101234522
1546.9600000000	0.6101840813
1546.9700000000	0.6095711269
1546.9800000000	0.6087838273
1546.9900000000	0.6081010291
1547.0000000000	0.6064341422
1547.0100000000	0.6054190453
1547.0200000000	0.6039273564
1547.0300000000	0.6027871202
1547.0400000000	0.6013658206
1547.0500000000	0.5995888141
1547.0600000000	0.5985416455
1547.0700000000	0.5970192655
1547.0800000000	0.5962072972
1547.0900000000	0.5955953724
1547.1000000000	0.5950853948
1547.1100000000	0.5946579593
1547.1200000000	0.5948112587
1547.1300000000	0.5951540994
1547.1400000000	0.5955700109
1547.1500000000	0.5964721333
1547.1600000000	0.5974165094
1547.1700000000	0.5985784848
1547.1800000000	0.5995250485
1547.1900000000	0.6001683917
1547.2000000000	0.6015506389
1547.2100000000	0.6025288570
1547.2200000000	0.6038196834
1547.2300000000	0.6049637954
1547.2400000000	0.6061192502
1547.2500000000	0.6067312598
1547.2600000000	0.6078823618
1547.2700000000	0.6087614154
1547.2800000000	0.6091695730
1547.2900000000	0.6101744645
1547.3000000000	0.6106088204
1547.3100000000	0.6105649448
1547.3200000000	0.6108511236
1547.3300000000	0.6109964772
1547.3400000000	0.6111116831
1547.3500000000	0.6109052920
1547.3600000000	0.6108810726
1547.3700000000	0.6105339559
1547.3800000000	0.6102168403
1547.3900000000	0.6101272117
1547.4000000000	0.6098723198
1547.4100000000	0.6095594204
1547.4200000000	0.6093642192
1547.4300000000	0.6095524125
1547.4400000000	0.6090664787
1547.4500000000	0.6088417162
1547.4600000000	0.6093000661
1547.4700000000	0.6093362373
1547.4800000000	0.6093995069
1547.4900000000	0.6091952257
1547.5000000000	0.6089809805
1547.5100000000	0.6089402198
1547.5200000000	0.6094879867
1547.5300000000	0.6097854604
1547.5400000000	0.6094570335
1547.5500000000	0.6090693878
1547.5600000000	0.6083402515
1547.5700000000	0.6084615690
1547.5800000000	0.6077739312
1547.5900000000	0.6074796186
1547.6000000000	0.6076720789
1547.6100000000	0.6060465692
1547.6200000000	0.6055194345
1547.6300000000	0.6055326690
1547.6400000000	0.6050035290
1547.6500000000	0.6047625584
1547.6600000000	0.6045161177
1547.6700000000	0.6038758758
1547.6800000000	0.6032268924
1547.6900000000	0.6036359090
1547.7000000000	0.6034026489
1547.7100000000	0.6037372559
1547.7200000000	0.6039455602
1547.7300000000	0.6041556350
1547.7400000000	0.6044229550
1547.7500000000	0.6043053342
1547.7600000000	0.6049746489
1547.7700000000	0.6056108703
1547.7800000000	0.6062457291
1547.7900000000	0.6068119182
1547.8000000000	0.6069640385
1547.8100000000	0.6071099004
1547.8200000000	0.6075089460
1547.8300000000	0.6082215568
1547.8400000000	0.6086227240
1547.8500000000	0.6091290014
1547.8600000000	0.6093204499
1547.8700000000	0.6091033512
1547.8800000000	0.6098599807
1547.8900000000	0.6100922474
1547.9000000000	0.6108238164
1547.9100000000	0.6112013792
1547.9200000000	0.6107787637
1547.9300000000	0.6105156475
1547.9400000000	0.6111487399
1547.9500000000	0.6114445770
1547.9600000000	0.6111436847
1547.9700000000	0.6112601371
1547.9800000000	0.6106330368
1547.9900000000	0.6099510260
1548.0000000000	0.6102194182
1548.0100000000	0.6095662051
1548.0200000000	0.6091762108
1548.0300000000	0.6089917319
1548.0400000000	0.6085996470
1548.0500000000	0.6074884328
1548.0600000000	0.6071738969
1548.0700000000	0.6074213516
1548.0800000000	0.6070523523
1548.0900000000	0.6070923922
1548.1000000000	0.6071152748
1548.1100000000	0.6068357557
1548.1200000000	0.6070156500
1548.1300000000	0.6078794696
1548.1400000000	0.6081787956
1548.1500000000	0.6084145224
1548.1600000000	0.6095104783
1548.1700000000	0.6090169596
1548.1800000000	0.6094952984
1548.1900000000	0.6107868565
1548.2000000000	0.6106890413
1548.2100000000	0.6112433732
1548.2200000000	0.6115073017
1548.2300000000	0.6108348819
1548.2400000000	0.6105412666
1548.2500000000	0.6114920899
1548.2600000000	0.6109180329
1548.2700000000	0.6101494742
1548.2800000000	0.6103753591
1548.2900000000	0.6095641578
1548.3000000000	0.6088397390
1548.3100000000	0.6086352112
1548.3200000000	0.6080531207
1548.3300000000	0.6074628187
1548.3400000000	0.6071578246
1548.3500000000	0.6066404609
1548.3600000000	0.6056231976
1548.3700000000	0.6055238011
1548.3800000000	0.6052263117
1548.3900000000	0.6048830189
1548.4000000000	0.6045443116
1548.4100000000	0.6047182215
1548.4200000000	0.6046706694
1548.4300000000	0.6045186417
1548.4400000000	0.6049736070
1548.4500000000	0.6047947999
1548.4600000000	0.6054282709
1548.4700000000	0.6062409234
1548.4800000000	0.6062770309
1548.4900000000	0.6070914581
1548.5000000000	0.6078976970
1548.5100000000	0.6081535665
1548.5200000000	0.6087414576
1548.5300000000	0.6094751297
1548.5400000000	0.6094903088
1548.5500000000	0.6099962761
1548.5600000000	0.6108948635
1548.5700000000	0.6103570922
1548.5800000000	0.6106344570
1548.5900000000	0.6111884932
1548.6000000000	0.6106658645
1548.6100000000	0.6107093743
1548.6200000000	0.6104748277
1548.6300000000	0.6096538762
1548.6400000000	0.6095151580
1548.6500000000	0.6098255306
1548.6600000000	0.6089002728
1548.6700000000	0.6086943417
1548.6800000000	0.6086846355
1548.6900000000	0.6081206830
1548.7000000000	0.6086155955
1548.7100000000	0.6089412439
1548.7200000000	0.6092198736
1548.7300000000	0.6096900324
1548.7400000000	0.6094825640
1548.7500000000	0.6095289340
1548.7600000000	0.6103826232
1548.7700000000	0.6112496963
1548.7800000000	0.6111353676
1548.7900000000	0.6112544605
1548.8000000000	0.6115135166
1548.8100000000	0.6109341719
1548.8200000000	0.6114161918
1548.8300000000	0.6119318893
1548.8400000000	0.6113979085
1548.8500000000	0.6107169393
1548.8600000000	0.6111756363
1548.8700000000	0.6101318182
1548.8800000000	0.6093678297
1548.8900000000	0.6101329869
1548.9000000000	0.6097383818
1548.9100000000	0.6094293355
1548.9200000000	0.6094686914
1548.9300000000	0.6088243530
1548.9400000000	0.6085176856
1548.9500000000	0.6095097286
1548.9600000000	0.6094648586
1548.9700000000	0.6094677562
1548.9800000000	0.6099560569
1548.9900000000	0.6093749492
1549.0000000000	0.6097920248
1549.0100000000	0.6103847409
1549.0200000000	0.6102202600
1549.0300000000	0.6109568058
1549.0400000000	0.6106721889
1549.0500000000	0.6100498920
1549.0600000000	0.6100930535
1549.0700000000	0.6105990208
1549.0800000000	0.6108135721
1549.0900000000	0.6109248970
1549.1000000000	0.6108509772
1549.1100000000	0.6101967037
1549.1200000000	0.6102956831
1549.1300000000	0.6105459761
1549.1400000000	0.6108291034
1549.1500000000	0.6108695525
1549.1600000000	0.6109324185
1549.1700000000	0.6108775011
1549.1800000000	0.6104931598
1549.1900000000	0.6109388072
1549.2000000000	0.6108338130
1549.2100000000	0.6108183297
1549.2200000000	0.6106576058
1549.2300000000	0.6102529599
1549.2400000000	0.6098912695
1549.2500000000	0.6097886133
1549.2600000000	0.6098548125
1549.2700000000	0.6094451358
1549.2800000000	0.6091929972
1549.2900000000	0.6088967117
1549.3000000000	0.6087827930
1549.3100000000	0.6093390950
1549.3200000000	0.6091617329
1549.3300000000	0.6094336951
1549.3400000000	0.6098560608
1549.3500000000	0.6094801427
1549.3600000000	0.6095804013
1549.3700000000	0.6102765614
1549.3800000000	0.6107892063
1549.3900000000	0.6109948701
1549.4000000000	0.6117526907
1549.4100000000	0.6114526059
1549.4200000000	0.6113122737
1549.4300000000	0.6118838267
1549.4400000000	0.6121287166
1549.4500000000	0.6123649211
1549.4600000000	0.6122176035
1549.4700000000	0.6121248193
1549.4800000000	0.6120122190
1549.4900000000	0.6118732012
1549.5000000000	0.6119064637
1549.5100000000	0.6119100406
1549.5200000000	0.6119691488
1549.5300000000	0.6118123230
1549.5400000000	0.6120816130
1549.5500000000	0.6114918600
1549.5600000000	0.6117021430
1549.5700000000	0.6121113765
1549.5800000000	0.6117252986
1549.5900000000	0.6116939939
1549.6000000000	0.6117634475
1549.6100000000	0.6119009631
1549.6200000000	0.6116372567
1549.6300000000	0.6115878147
1549.6400000000	0.6115527546
1549.6500000000	0.6112993168
1549.6600000000	0.6112628616
1549.6700000000	0.6111357361
1549.6800000000	0.6108948346
1549.6900000000	0.6107395377
1549.7000000000	0.6107936485
1549.7100000000	0.6107294561
1549.7200000000	0.6104080815
1549.7300000000	0.6107584724
1549.7400000000	0.6103941142
1549.7500000000	0.6102963631
1549.7600000000	0.6105337128
1549.7700000000	0.6107244328
1549.7800000000	0.6110809345
1549.7900000000	0.6111296768
1549.8000000000	0.6107990889
1549.8100000000	0.6104444502
1549.8200000000	0.6107767277
1549.8300000000	0.6108413941
1549.8400000000	0.6109569545
1549.8500000000	0.6109784906
1549.8600000000	0.6099830926
1549.8700000000	0.6102292959
1549.8800000000	0.6102506167
1549.8900000000	0.6098795703
1549.9000000000	0.6101774674
1549.9100000000	0.6103248144
1549.9200000000	0.6100670187
1549.9300000000	0.6097509096
1549.9400000000	0.6101201475
1549.9500000000	0.6102873753
1549.9600000000	0.6108960375
1549.9700000000	0.6111405703
1549.9800000000	0.6108470819
1549.9900000000	0.6109052920
1550.0000000000	0.6110594235
1550.0100000000	0.6114282260
1550.0200000000	0.6117634475
1550.0300000000	0.6117634475
1550.0400000000	0.6116051536
1550.0500000000	0.6108470244
1550.0600000000	0.6107091957
1550.0700000000	0.6105277664
1550.0800000000	0.6104655284
1550.0900000000	0.6099623633
1550.1000000000	0.6094697994
1550.1100000000	0.6086443301
1550.1200000000	0.6083433463
1550.1300000000	0.6085380600
1550.1400000000	0.6083054191
1550.1500000000	0.6083973706
1550.1600000000	0.6082952023
1550.1700000000	0.6076822479
1550.1800000000	0.6076852165
1550.1900000000	0.6076873397
1550.2000000000	0.6079478841
1550.2100000000	0.6081666826
1550.2200000000	0.6079928770
1550.2300000000	0.6077781814
1550.2400000000	0.6079560392
1550.2500000000	0.6080720667
1550.2600000000	0.6080452936
1550.2700000000	0.6086143236
1550.2800000000	0.6079558900
1550.2900000000	0.6081374424
1550.3000000000	0.6084024790
1550.3100000000	0.6084024790
1550.3200000000	0.6084445391
1550.3300000000	0.6087784249
1550.3400000000	0.6089244271
1550.3500000000	0.6088782268
1550.3600000000	0.6092038202
1550.3700000000	0.6096178203
1550.3800000000	0.6098269341
1550.3900000000	0.6102350588
1550.4000000000	0.6103312041
1550.4100000000	0.6102637711
1550.4200000000	0.6101587199
1550.4300000000	0.6111976622
1550.4400000000	0.6112295991
1550.4500000000	0.6107661866
1550.4600000000	0.6116804946
1550.4700000000	0.6112749135
1550.4800000000	0.6108692108
1550.4900000000	0.6112242473
1550.5000000000	0.6114620898
1550.5100000000	0.6112758649
1550.5200000000	0.6115372193
1550.5300000000	0.6116875765
1550.5400000000	0.6109178444
1550.5500000000	0.6113088723
1550.5600000000	0.6113716499
1550.5700000000	0.6111619381
1550.5800000000	0.6110618130
1550.5900000000	0.6111640148
1550.6000000000	0.6112964993
1550.6100000000	0.6108727927
1550.6200000000	0.6106032334
1550.6300000000	0.6101414646
1550.6400000000	0.6100074506
1550.6500000000	0.6097096767
1550.6600000000	0.6097360829
1550.6700000000	0.6092542137
1550.6800000000	0.6085525122
1550.6900000000	0.6084786821
1550.7000000000	0.6081118020
1550.7100000000	0.6080806488
1550.7200000000	0.6083355292
1550.7300000000	0.6081146329
1550.7400000000	0.6085168029
1550.7500000000	0.6082390557
1550.7600000000	0.6086499088
1550.7700000000	0.6096774666
1550.7800000000	0.6101597794
1550.7900000000	0.6104672107
1550.8000000000	0.6111966520
1550.8100000000	0.6114416756
1550.8200000000	0.6115434665
1550.8300000000	0.6125738987
1550.8400000000	0.6127601848
1550.8500000000	0.6127388368
1550.8600000000	0.6127447393
1550.8700000000	0.6123373227
1550.8800000000	0.6119690253
1550.8900000000	0.6121688051
1550.9000000000	0.6123642704
1550.9100000000	0.6117645189
1550.9200000000	0.6109573607
1550.9300000000	0.6107299650
1550.9400000000	0.6100846388
1550.9500000000	0.6101187319
1550.9600000000	0.6102549378
1550.9700000000	0.6107146065
1550.9800000000	0.6099899882
1550.9900000000	0.6101294421
1551.0000000000	0.6104762841
1551.0100000000	0.6102545594
1551.0200000000	0.6113844342
1551.0300000000	0.6117705838
1551.0400000000	0.6113486597
1551.0500000000	0.6114916992
1551.0600000000	0.6115816477
1551.0700000000	0.6116607358
1551.0800000000	0.6118402928
1551.0900000000	0.6113529683
1551.1000000000	0.6103339337
1551.1100000000	0.6100086053
1551.1200000000	0.6092470128
1551.1300000000	0.6086987144
1551.1400000000	0.6083508680
1551.1500000000	0.6072130601
1551.1600000000	0.6063414372
1551.1700000000	0.6053541866
1551.1800000000	0.6048358179
1551.1900000000	0.6043345468
1551.2000000000	0.6043979083
1551.2100000000	0.6043876915
1551.2200000000	0.6038768500
1551.2300000000	0.6039606280
1551.2400000000	0.6041269830
1551.2500000000	0.6044772459
1551.2600000000	0.6048706686
1551.2700000000	0.6056250143
1551.2800000000	0.6061509573
1551.2900000000	0.6061606226
1551.3000000000	0.6072243406
1551.3100000000	0.6076808768
1551.3200000000	0.6084458155
1551.3300000000	0.6094989626
1551.3400000000	0.6098918759
1551.3500000000	0.6099902682
1551.3600000000	0.6106927145
1551.3700000000	0.6110848084
1551.3800000000	0.6113860822
1551.3900000000	0.6120368609
1551.4000000000	0.6118991731
1551.4100000000	0.6118237471
1551.4200000000	0.6123853805
1551.4300000000	0.6119866686
1551.4400000000	0.6121260713
1551.4500000000	0.6121547161
1551.4600000000	0.6116891862
1551.4700000000	0.6115529803
1551.4800000000	0.6115158776
1551.4900000000	0.6114505254
1551.5000000000	0.6110412633
1551.5100000000	0.6109768292
1551.5200000000	0.6105817592
1551.5300000000	0.6103615540
1551.5400000000	0.6100298346
1551.5500000000	0.6095459114
1551.5600000000	0.6090402774
1551.5700000000	0.6084403616
1551.5800000000	0.6084977795
1551.5900000000	0.6077216046
1551.6000000000	0.6069796305
1551.6100000000	0.6065208472
1551.6200000000	0.6046912971
1551.6300000000	0.6042667810
1551.6400000000	0.6036201322
1551.6500000000	0.6026834487
1551.6600000000	0.6018349319
1551.6700000000	0.6008061305
1551.6800000000	0.5994843878
1551.6900000000	0.5989697746
1551.7000000000	0.5988395231
1551.7100000000	0.5981021826
1551.7200000000	0.5985298057
1551.7300000000	0.5984748790
1551.7400000000	0.5982620130
1551.7500000000	0.5987298503
1551.7600000000	0.5997109421
1551.7700000000	0.6004160017
1551.7800000000	0.6017264810
1551.7900000000	0.6031664465
1551.8000000000	0.6037479114
1551.8100000000	0.6051236074
1551.8200000000	0.6069379358
1551.8300000000	0.6082105781
1551.8400000000	0.6099413708
1551.8500000000	0.6110569183
1551.8600000000	0.6115842756
1551.8700000000	0.6120390852
1551.8800000000	0.6127772898
1551.8900000000	0.6130874424
1551.9000000000	0.6131235193
1551.9100000000	0.6132623700
1551.9200000000	0.6122345609
1551.9300000000	0.6114858415
1551.9400000000	0.6113730582
1551.9500000000	0.6110927736
1551.9600000000	0.6103762639
1551.9700000000	0.6104047643
1551.9800000000	0.6094172298
1551.9900000000	0.6083973595
1552.0000000000	0.6092853146
1552.0100000000	0.6092343779
1552.0200000000	0.6088483360
1552.0300000000	0.6099784776
1552.0400000000	0.6100632970
1552.0500000000	0.6095024634
1552.0600000000	0.6101577512
1552.0700000000	0.6110093514
1552.0800000000	0.6107199790
1552.0900000000	0.6117385188
1552.1000000000	0.6118517485
1552.1100000000	0.6105127263
1552.1200000000	0.6108237873
1552.1300000000	0.6109846919
1552.1400000000	0.6095673664
1552.1500000000	0.6092963158
1552.1600000000	0.6088365254
1552.1700000000	0.6072667311
1552.1800000000	0.6062670877
1552.1900000000	0.6064590382
1552.2000000000	0.6048542005
1552.2100000000	0.6040045992
1552.2200000000	0.6038783503
1552.2300000000	0.6020250519
1552.2400000000	0.6016378968
1552.2500000000	0.6022777352
1552.2600000000	0.6013507243
1552.2700000000	0.6004801612
1552.2800000000	0.6011752151
1552.2900000000	0.6004631346
1552.3000000000	0.6002668009
1552.3100000000	0.6011771620
1552.3200000000	0.6011483046
1552.3300000000	0.6012648082
1552.3400000000	0.6023383647
1552.3500000000	0.6028521080
1552.3600000000	0.6031128403
1552.3700000000	0.6042427081
1552.3800000000	0.6051769799
1552.3900000000	0.6057126496
1552.4000000000	0.6072266732
1552.4100000000	0.6076873397
1552.4200000000	0.6085130483
1552.4300000000	0.6101117541
1552.4400000000	0.6104316538
1552.4500000000	0.6110826175
1552.4600000000	0.6119521251
1552.4700000000	0.6124862657
1552.4800000000	0.6126732580
1552.4900000000	0.6129062028
1552.5000000000	0.6127347976
1552.5100000000	0.6125767061
1552.5200000000	0.6126636376
1552.5300000000	0.6122776928
1552.5400000000	0.6119994175
1552.5500000000	0.6118184493
1552.5600000000	0.6114624042
1552.5700000000	0.6107787922
1552.5800000000	0.6102942931
1552.5900000000	0.6101080827
1552.6000000000	0.6098453979
1552.6100000000	0.6098284013
1552.6200000000	0.6095662800
1552.6300000000	0.6090836017
1552.6400000000	0.6092337833
1552.6500000000	0.6096324476
1552.6600000000	0.6096774825
1552.6700000000	0.6097329260
1552.6800000000	0.6099726393
1552.6900000000	0.6095864988
1552.7000000000	0.6100233489
1552.7100000000	0.6105806679
1552.7200000000	0.6102400790
1552.7300000000	0.6106554117
1552.7400000000	0.6105068569
1552.7500000000	0.6100515507
1552.7600000000	0.6101305066
1552.7700000000	0.6106305970
1552.7800000000	0.6108761373
1552.7900000000	0.6106096575
1552.8000000000	0.6102062078
1552.8100000000	0.6100912754
1552.8200000000	0.6102111404
1552.8300000000	0.6100964603
1552.8400000000	0.6100978046
1552.8500000000	0.6097045020
1552.8600000000	0.6088813652
1552.8700000000	0.6085122557
1552.8800000000	0.6080627919
1552.8900000000	0.6073980476
1552.9000000000	0.6069114635
1552.9100000000	0.6062928995
1552.9200000000	0.6052631565
1552.9300000000	0.6041529530
1552.9400000000	0.6034674694
1552.9500000000	0.6028254178
1552.9600000000	0.6024979155
1552.9700000000	0.6019117730
1552.9800000000	0.6012946766
1552.9900000000	0.6008897337
1553.0000000000	0.6006674181
1553.0100000000	0.6010994693
1553.0200000000	0.6014162523
1553.0300000000	0.6017109395
1553.0400000000	0.6022811984
1553.0500000000	0.6026458926
1553.0600000000	0.6031742604
1553.0700000000	0.6041479129
1553.0800000000	0.6052723598
1553.0900000000	0.6061258180
1553.1000000000	0.6066672772
1553.1100000000	0.6072058707
1553.1200000000	0.6076102122
1553.1300000000	0.6083014750
1553.1400000000	0.6090839382
1553.1500000000	0.6098188788
1553.1600000000	0.6100643711
1553.1700000000	0.6098005001
1553.1800000000	0.6100364970
1553.1900000000	0.6098859440
1553.2000000000	0.6100836752
1553.2100000000	0.6105079885
1553.2200000000	0.6104796145
1553.2300000000	0.6100922728
1553.2400000000	0.6098985832
1553.2500000000	0.6099030676
1553.2600000000	0.6099311909
1553.2700000000	0.6103668288
1553.2800000000	0.6102369172
1553.2900000000	0.6099980703
1553.3000000000	0.6099900513
1553.3100000000	0.6099944412
1553.3200000000	0.6102757328
1553.3300000000	0.6104252603
1553.3400000000	0.6103375693
1553.3500000000	0.6102570058
1553.3600000000	0.6101902109
1553.3700000000	0.6101996515
1553.3800000000	0.6103282166
1553.3900000000	0.6106907967
1553.4000000000	0.6106757739
1553.4100000000	0.6105516874
1553.4200000000	0.6102974876
1553.4300000000	0.6103904452
1553.4400000000	0.6106773156
1553.4500000000	0.6103468192
1553.4600000000	0.6103604544
1553.4700000000	0.6101590660
1553.4800000000	0.6101613730
1553.4900000000	0.6099855905
1553.5000000000	0.6094176440
1553.5100000000	0.6093036996
1553.5200000000	0.6093731609
1553.5300000000	0.6090523846
1553.5400000000	0.6086384528
1553.5500000000	0.6085025612
1553.5600000000	0.6080735009
1553.5700000000	0.6079304847
1553.5800000000	0.6081882742
1553.5900000000	0.6080202963
1553.6000000000	0.6081441556
1553.6100000000	0.6084652027
1553.6200000000	0.6085277752
1553.6300000000	0.6082143988
1553.6400000000	0.6084892491
1553.6500000000	0.6091974272
1553.6600000000	0.6094115382
1553.6700000000	0.6101996017
1553.6800000000	0.6106561294
1553.6900000000	0.6106983814
1553.7000000000	0.6109512025
1553.7100000000	0.6112056843
1553.7200000000	0.6114665790
1553.7300000000	0.6112821714
1553.7400000000	0.6115637029
1553.7500000000	0.6111713642
1553.7600000000	0.6106873512
1553.7700000000	0.6107980735
1553.7800000000	0.6106617782
1553.7900000000	0.6102588680
1553.8000000000	0.6099034511
1553.8100000000	0.6094661768
1553.8200000000	0.6089876733
1553.8300000000	0.6094312520
1553.8400000000	0.6096305359
1553.8500000000	0.6094262270
1553.8600000000	0.6093266848
1553.8700000000	0.6089847352
1553.8800000000	0.6090361625
1553.8900000000	0.6095013093
1553.9000000000	0.6098267997
1553.9100000000	0.6103222113
1553.9200000000	0.6100423222
1553.9300000000	0.6097611622
1553.9400000000	0.6097741619
1553.9500000000	0.6099832426
1553.9600000000	0.6101086806
1553.9700000000	0.6103816506
1553.9800000000	0.6100822393
1553.9900000000	0.6097033014
1554.0000000000	0.6095630287
1554.0100000000	0.6097228159
1554.0200000000	0.6100099539
1554.0300000000	0.6097701116
1554.0400000000	0.6095898449
1554.0500000000	0.6097730948
1554.0600000000	0.6097085870
1554.0700000000	0.6100948667
1554.0800000000	0.6104387530
1554.0900000000	0.6104902993
1554.1000000000	0.6105234532
1554.1100000000	0.6107470766
1554.1200000000	0.6106779235
1554.1300000000	0.6106392876
1554.1400000000	0.6112295164
1554.1500000000	0.6108627649
1554.1600000000	0.6105957836
1554.1700000000	0.6106240686
1554.1800000000	0.6103961822
1554.1900000000	0.6103061564
1554.2000000000	0.6103918928
1554.2100000000	0.6102166953
1554.2200000000	0.6097449117
1554.2300000000	0.6095859804
1554.2400000000	0.6096181460
1554.2500000000	0.6096142146
1554.2600000000	0.6095660125
1554.2700000000	0.6095240150
1554.2800000000	0.6099682117
1554.2900000000	0.6099846214
1554.3000000000	0.6101595936
1554.3100000000	0.6101741693
1554.3200000000	0.6100450080
1554.3300000000	0.6101059285
1554.3400000000	0.6101059345
1554.3500000000	0.6103912488
1554.3600000000	0.6103548874
1554.3700000000	0.6101726927
1554.3800000000	0.6097357955
1554.3900000000	0.6092114054
1554.4000000000	0.6088436721
1554.4100000000	0.6089116994
1554.4200000000	0.6086287904
1554.4300000000	0.6074748811
1554.4400000000	0.6069599950
1554.4500000000	0.6067634921
1554.4600000000	0.6057894430
1554.4700000000	0.6057171891
1554.4800000000	0.6052242501
1554.4900000000	0.6042852253
1554.5000000000	0.6034682738
1554.5100000000	0.6034379329
1554.5200000000	0.6032108155
1554.5300000000	0.6029839419
1554.5400000000	0.6029754649
1554.5500000000	0.6023629305
1554.5600000000	0.6019416539
1554.5700000000	0.6022794831
1554.5800000000	0.6029552678
1554.5900000000	0.6031464436
1554.6000000000	0.6033956600
1554.6100000000	0.6037337491
1554.6200000000	0.6039841599
1554.6300000000	0.6048043225
1554.6400000000	0.6057836546
1554.6500000000	0.6064085488
1554.6600000000	0.6072177668
1554.6700000000	0.6081838085
1554.6800000000	0.6086714566
1554.6900000000	0.6092172592
1554.7000000000	0.6102491290
1554.7100000000	0.6107002652
1554.7200000000	0.6112657121
1554.7300000000	0.6117543375
1554.7400000000	0.6117189412
1554.7500000000	0.6116919103
1554.7600000000	0.6116211368
1554.7700000000	0.6112406287
1554.7800000000	0.6107174929
1554.7900000000	0.6105846030
1554.8000000000	0.6102140760
1554.8100000000	0.6094585018
1554.8200000000	0.6090068547
1554.8300000000	0.6084325048
1554.8400000000	0.6077946164
1554.8500000000	0.6078792760
1554.8600000000	0.6078494803
1554.8700000000	0.6073892611
1554.8800000000	0.6077220429
1554.8900000000	0.6080548121
1554.9000000000	0.6081112886
1554.9100000000	0.6089592103
1554.9200000000	0.6096575055
1554.9300000000	0.6094382724
1554.9400000000	0.6097233505
1554.9500000000	0.6102164237
1554.9600000000	0.6102637621
1554.9700000000	0.6108324409
1554.9800000000	0.6115836066
1554.9900000000	0.6109445981
1555.0000000000	0.6101052634
1555.0100000000	0.6100436348
1555.0200000000	0.6098443267
1555.0300000000	0.6095488100
1555.0400000000	0.6093526673
1555.0500000000	0.6086414315
1555.0600000000	0.6074905108
1555.0700000000	0.6072225515
1555.0800000000	0.6068175579
1555.0900000000	0.6063219553
1555.1000000000	0.6063857253
1555.1100000000	0.6059007323
1555.1200000000	0.6054074125
1555.1300000000	0.6061600478
1555.1400000000	0.6059123276
1555.1500000000	0.6057390309
1555.1600000000	0.6068667534
1555.1700000000	0.6066754879
1555.1800000000	0.6066085518
1555.1900000000	0.6078137626
1555.2000000000	0.6078646844
1555.2100000000	0.6074359902
1555.2200000000	0.6087682744
1555.2300000000	0.6094128010
1555.2400000000	0.6092495683
1555.2500000000	0.6100939667
1555.2600000000	0.6103418418
1555.2700000000	0.6098933630
1555.2800000000	0.6108602765
1555.2900000000	0.6116908422
1555.3000000000	0.6116106612
1555.3100000000	0.6114626139
1555.3200000000	0.6119801429
1555.3300000000	0.6117764490
1555.3400000000	0.6118951954
1555.3500000000	0.6126752050
1555.3600000000	0.6121262736
1555.3700000000	0.6114953067
1555.3800000000	0.6116059864
1555.3900000000	0.6110555489
1555.4000000000	0.6109454218
1555.4100000000	0.6113145348
1555.4200000000	0.6105990021
1555.4300000000	0.6098684389
1555.4400000000	0.6097392702
1555.4500000000	0.6090599108
1555.4600000000	0.6093405262
1555.4700000000	0.6097611622
1555.4800000000	0.6091710043
1555.4900000000	0.6093913233
1555.5000000000	0.6096599424
1555.5100000000	0.6095684017
1555.5200000000	0.6099470775
1555.5300000000	0.6107197442
1555.5400000000	0.6103201256
1555.5500000000	0.6106455682
1555.5600000000	0.6115664324
1555.5700000000	0.6110045622
1555.5800000000	0.6114557530
1555.5900000000	0.6120298419
1555.6000000000	0.6113416266
1555.6100000000	0.6113115163
1555.6200000000	0.6117348443
1555.6300000000	0.6109996025
1555.6400000000	0.6106947043
1555.6500000000	0.6110294318
1555.6600000000	0.6103248326
1555.6700000000	0.6100779709
1555.6800000000	0.6104825628
1555.6900000000	0.6098735196
1555.7000000000	0.6095271333
1555.7100000000	0.6098155109
1555.7200000000	0.6098355539
1555.7300000000	0.6096612998
1555.7400000000	0.6100972649
1555.7500000000	0.6096733202
1555.7600000000	0.6091461650
1555.7700000000	0.6098612877
1555.7800000000	0.6097663197
1555.7900000000	0.6096641023
1555.8000000000	0.6101489416
1555.8100000000	0.6099007139
1555.8200000000	0.6092996048
1555.8300000000	0.6095488048
1555.8400000000	0.6098911646
1555.8500000000	0.6099706034
1555.8600000000	0.6110716927
1555.8700000000	0.6107766065
1555.8800000000	0.6104500764
1555.8900000000	0.6109153200
1555.9000000000	0.6112362347
1555.9100000000	0.6119132951
1555.9200000000	0.6125926528
1555.9300000000	0.6129020248
1555.9400000000	0.6128637095
1555.9500000000	0.6133201663
1555.9600000000	0.6137143758
1555.9700000000	0.6143743175
1555.9800000000	0.6144039164
1555.9900000000	0.6142363018
1556.0000000000	0.6143573414
1556.0100000000	0.6140274795
1556.0200000000	0.6136227166
1556.0300000000	0.6138251255
1556.0400000000	0.6135835670
1556.0500000000	0.6131949881
1556.0600000000	0.6126097485
1556.0700000000	0.6125059851
1556.0800000000	0.6122504885
1556.0900000000	0.6123341488
1556.1000000000	0.6123048952
1556.1100000000	0.6121079945
1556.1200000000	0.6119429475
1556.1300000000	0.6119064637
1556.1400000000	0.6120479787
1556.1500000000	0.6116938189
1556.1600000000	0.6120636584
1556.1700000000	0.6122867386
1556.1800000000	0.6116416607
1556.1900000000	0.6118975252
1556.2000000000	0.6114483622
1556.2100000000	0.6110019472
1556.2200000000	0.6108575006
1556.2300000000	0.6103203422
1556.2400000000	0.6097300090
1556.2500000000	0.6093261370
1556.2600000000	0.6087139689
1556.2700000000	0.6078275528
1556.2800000000	0.6077440080
1556.2900000000	0.6070083384
1556.3000000000	0.6070423760
1556.3100000000	0.6070437375
1556.3200000000	0.6064549748
1556.3300000000	0.6062179865
1556.3400000000	0.6060697971
1556.3500000000	0.6061286578
1556.3600000000	0.6066647824
1556.3700000000	0.6073083379
1556.3800000000	0.6073214780
1556.3900000000	0.6072647891
1556.4000000000	0.6079619308
1556.4100000000	0.6085014126
1556.4200000000	0.6090810388
1556.4300000000	0.6097825845
1556.4400000000	0.6102829611
1556.4500000000	0.6102646084
1556.4600000000	0.6104337932
1556.4700000000	0.6118710816
1556.4800000000	0.6119086093
1556.4900000000	0.6121242674
1556.5000000000	0.6124349230
1556.5100000000	0.6120523692
1556.5200000000	0.6122182409
1556.5300000000	0.6130589027
1556.5400000000	0.6133339339
1556.5500000000	0.6132692348
1556.5600000000	0.6133298056
1556.5700000000	0.6128415777
1556.5800000000	0.6125059406
1556.5900000000	0.6128915849
1556.6000000000	0.6129303283
1556.6100000000	0.6128718378
1556.6200000000	0.6126781180
1556.6300000000	0.6123942713
1556.6400000000	0.6120722286
1556.6500000000	0.6120356016
1556.6600000000	0.6120852195
1556.6700000000	0.6120610321
1556.6800000000	0.6121477133
1556.6900000000	0.6117688749
1556.7000000000	0.6118872373
1556.7100000000	0.6118551436
1556.7200000000	0.6118687787
1556.7300000000	0.6120757556
1556.7400000000	0.6117645097
1556.7500000000	0.6118707242
1556.7600000000	0.6114851270
1556.7700000000	0.6113733248
1556.7800000000	0.6112628616
1556.7900000000	0.6104047643
1556.8000000000	0.6103955471
1556.8100000000	0.6101638856
1556.8200000000	0.6093867266
1556.8300000000	0.6085434294
1556.8400000000	0.6081859135
1556.8500000000	0.6071408196
1556.8600000000	0.6068232954
1556.8700000000	0.6068799022
1556.8800000000	0.6061996728
1556.8900000000	0.6056514137
1556.9000000000	0.6052675402
1556.9100000000	0.6053235459
1556.9200000000	0.6057294791
1556.9300000000	0.6062275280
1556.9400000000	0.6067620507
1556.9500000000	0.6070097740
1556.9600000000	0.6074533078
1556.9700000000	0.6081013836
1556.9800000000	0.6094147842
1556.9900000000	0.6103625962
1557.0000000000	0.6110505850
1557.0100000000	0.6117917383
1557.0200000000	0.6114136662
1557.0300000000	0.6121273105
1557.0400000000	0.6128704633
1557.0500000000	0.6134121000
1557.0600000000	0.6134775560
1557.0700000000	0.6131099898
1557.0800000000	0.6128511159
1557.0900000000	0.6128025032
1557.1000000000	0.6130516396
1557.1100000000	0.6129991662
1557.1200000000	0.6128721865
1557.1300000000	0.6125160083
1557.1400000000	0.6125373074
1557.1500000000	0.6126687594
1557.1600000000	0.6126463350
1557.1700000000	0.6132490758
1557.1800000000	0.6134707481
1557.1900000000	0.6132438294
1557.2000000000	0.6135118450
1557.2100000000	0.6138593890
1557.2200000000	0.6138692075
1557.2300000000	0.6138646450
1557.2400000000	0.6139026658
1557.2500000000	0.6133712706
1557.2600000000	0.6132353026
1557.2700000000	0.6129552930
1557.2800000000	0.6124479498
1557.2900000000	0.6118535611
1557.3000000000	0.6110097367
1557.3100000000	0.6108584686
1557.3200000000	0.6097547262
1557.3300000000	0.6091126038
1557.3400000000	0.6086169742
1557.3500000000	0.6075653558
1557.3600000000	0.6073708773
1557.3700000000	0.6069878351
1557.3800000000	0.6063948211
1557.3900000000	0.6059984252
1557.4000000000	0.6058799009
1557.4100000000	0.6055049576
1557.4200000000	0.6055402572
1557.4300000000	0.6061520426
1557.4400000000	0.6061303800
1557.4500000000	0.6060953307
1557.4600000000	0.6060612085
1557.4700000000	0.6059357230
1557.4800000000	0.6061945896
1557.4900000000	0.6066415081
1557.5000000000	0.6070682123
1557.5100000000	0.6072714490
1557.5200000000	0.6075499543
1557.5300000000	0.6073090848
1557.5400000000	0.6079054525
1557.5500000000	0.6088297062
1557.5600000000	0.6094508152
1557.5700000000	0.6095437496
1557.5800000000	0.6094065112
1557.5900000000	0.6103592153
1557.6000000000	0.6106648085
1557.6100000000	0.6116287623
1557.6200000000	0.6120453144
1557.6300000000	0.6114368203
1557.6400000000	0.6118346197
1557.6500000000	0.6122220295
1557.6600000000	0.6122339768
1557.6700000000	0.6125922192
1557.6800000000	0.6129528261
1557.6900000000	0.6125429146
1557.7000000000	0.6121567373
1557.7100000000	0.6122304223
1557.7200000000	0.6119804845
1557.7300000000	0.6122087696
1557.7400000000	0.6124724327
1557.7500000000	0.6122065830
1557.7600000000	0.6119050086
1557.7700000000	0.6120949772
1557.7800000000	0.6123047562
1557.7900000000	0.6121510004
1557.8000000000	0.6124220297
1557.8100000000	0.6123737396
1557.8200000000	0.6126166859
1557.8300000000	0.6129650922
1557.8400000000	0.6129791145
1557.8500000000	0.6128161314
1557.8600000000	0.6125702915
1557.8700000000	0.6132213665
1557.8800000000	0.6128577674
1557.8900000000	0.6126302137
1557.9000000000	0.6127834896
1557.9100000000	0.6120110464
1557.9200000000	0.6119557360
1557.9300000000	0.6120832393
1557.9400000000	0.6120200646
1557.9500000000	0.6119780010
1557.9600000000	0.6119780010
1557.9700000000	0.6117196508
1557.9800000000	0.6115609484
1557.9900000000	0.6118911314
1558.0000000000	0.6120746435
1558.0100000000	0.6124219959
1558.0200000000	0.6123902454
1558.0300000000	0.6121166100
1558.0400000000	0.6123831845
1558.0500000000	0.6128447712
1558.0600000000	0.6130920245
1558.0700000000	0.6129008191
1558.0800000000	0.6128055708
1558.0900000000	0.6121703062
1558.1000000000	0.6120526664
1558.1100000000	0.6123585644
1558.1200000000	0.6122683245
1558.1300000000	0.6120601014
1558.1400000000	0.6115060183
1558.1500000000	0.6112735893
1558.1600000000	0.6106514396
1558.1700000000	0.6110608636
1558.1800000000	0.6113380600
1558.1900000000	0.6108952166
1558.2000000000	0.6108802409
1558.2100000000	0.6107535265
1558.2200000000	0.6104465165
1558.2300000000	0.6106006773
1558.2400000000	0.6108709881
1558.2500000000	0.6106296426
1558.2600000000	0.6103102074
1558.2700000000	0.6104362552
1558.2800000000	0.6102026206
1558.2900000000	0.6101473729
1558.3000000000	0.6100125648
1558.3100000000	0.6095202824
1558.3200000000	0.6093953160
1558.3300000000	0.6093449045
1558.3400000000	0.6093623827
1558.3500000000	0.6091817608
1558.3600000000	0.6093732540
1558.3700000000	0.6092109846
1558.3800000000	0.6096670110
1558.3900000000	0.6101349885
1558.4000000000	0.6103160651
1558.4100000000	0.6104266959
1558.4200000000	0.6104100201
1558.4300000000	0.6107026905
1558.4400000000	0.6111405331
1558.4500000000	0.6117949807
1558.4600000000	0.6121553784
1558.4700000000	0.6118305144
1558.4800000000	0.6121149394
1558.4900000000	0.6121179327
1558.5000000000	0.6119630244
1558.5100000000	0.6124564241
1558.5200000000	0.6124252532
1558.5300000000	0.6116445055
1558.5400000000	0.6113820515
1558.5500000000	0.6116962441
1558.5600000000	0.6115648148
1558.5700000000	0.6117157596
1558.5800000000	0.6114312408
1558.5900000000	0.6106473632
1558.6000000000	0.6108672354
1558.6100000000	0.6111822521
1558.6200000000	0.6109832658
1558.6300000000	0.6112196133
1558.6400000000	0.6115392409
1558.6500000000	0.6110633822
1558.6600000000	0.6112606729
1558.6700000000	0.6118313153
1558.6800000000	0.6114788738
1558.6900000000	0.6115502709
1558.7000000000	0.6115846918
1558.7100000000	0.6111377241
1558.7200000000	0.6109532381
1558.7300000000	0.6115485779
1558.7400000000	0.6113802720
1558.7500000000	0.6109424307
1558.7600000000	0.6115091135
1558.7700000000	0.6111407678
1558.7800000000	0.6109277125
1558.7900000000	0.6118111002
1558.8000000000	0.6119378694
1558.8100000000	0.6117991870
1558.8200000000	0.6127366784
1558.8300000000	0.6130357500
1558.8400000000	0.6126144133
1558.8500000000	0.6133423909
1558.8600000000	0.6137657329
1558.8700000000	0.6129872054
1558.8800000000	0.6137146246
1558.8900000000	0.6138372701
1558.9000000000	0.6130632314
1558.9100000000	0.6128830548
1558.9200000000	0.6126460834
1558.9300000000	0.6112334462
1558.9400000000	0.6110162215
1558.9500000000	0.6108812273
1558.9600000000	0.6091576675
1558.9700000000	0.6079828730
1558.9800000000	0.6074519039
1558.9900000000	0.6064206245
1559.0000000000	0.6055335481
1559.0100000000	0.6055267073
1559.0200000000	0.6045261877
1559.0300000000	0.6028681185
1559.0400000000	0.6024096208
1559.0500000000	0.6018024921
1559.0600000000	0.6011839248
1559.0700000000	0.6014356340
1559.0800000000	0.6010471344
1559.0900000000	0.6001982732
1559.1000000000	0.6001240512
1559.1100000000	0.6004250383
1559.1200000000	0.6004171187
1559.1300000000	0.6011616847
1559.1400000000	0.6012081316
1559.1500000000	0.6014678511
1559.1600000000	0.6025179234
1559.1700000000	0.6035397528
1559.1800000000	0.6043979083
1559.1900000000	0.6052475096
1559.2000000000	0.6062471657
1559.2100000000	0.6067173177
1559.2200000000	0.6073177913
1559.2300000000	0.6083810260
1559.2400000000	0.6087841057
1559.2500000000	0.6092813000
1559.2600000000	0.6097871041
1559.2700000000	0.6098633732
1559.2800000000	0.6097250504
1559.2900000000	0.6094498138
1559.3000000000	0.6086184023
1559.3100000000	0.6075662798
1559.3200000000	0.6070044165
1559.3300000000	0.6057445351
1559.3400000000	0.6045051501
1559.3500000000	0.6032912331
1559.3600000000	0.6017612969
1559.3700000000	0.6005853269
1559.3800000000	0.5997666440
1559.3900000000	0.5991809916
1559.4000000000	0.5988349549
1559.4100000000	0.5984406753
1559.4200000000	0.5980699634
1559.4300000000	0.5986901898
1559.4400000000	0.5997121581
1559.4500000000	0.6007694827
1559.4600000000	0.6022490008
1559.4700000000	0.6031312070
1559.4800000000	0.6043921551
1559.4900000000	0.6058137945
1559.5000000000	0.6073679938
1559.5100000000	0.6089301066
1559.5200000000	0.6098506918
1559.5300000000	0.6107428316
1559.5400000000	0.6111266074
1559.5500000000	0.6113451717
1559.5600000000	0.6114295179
1559.5700000000	0.6116378032
1559.5800000000	0.6113837223
1559.5900000000	0.6104026019
1559.6000000000	0.6095033669
1559.6100000000	0.6084443000
1559.6200000000	0.6075432542
1559.6300000000	0.6067187066
1559.6400000000	0.6053418270
1559.6500000000	0.6039116182
1559.6600000000	0.6026585508
1559.6700000000	0.6018404158
1559.6800000000	0.6011968544
1559.6900000000	0.6007029170
1559.7000000000	0.6005492989
1559.7100000000	0.6003138648
1559.7200000000	0.6001587765
1559.7300000000	0.6004644439
1559.7400000000	0.6010313920
1559.7500000000	0.6009369046
1559.7600000000	0.6021902688
1559.7700000000	0.6029676879
1559.7800000000	0.6039049442
1559.7900000000	0.6049768858
1559.8000000000	0.6054369037
1559.8100000000	0.6058537870
1559.8200000000	0.6067563299
1559.8300000000	0.6078650851
1559.8400000000	0.6085024193
1559.8500000000	0.6090996758
1559.8600000000	0.6093685682
1559.8700000000	0.6094035925
1559.8800000000	0.6100515108
1559.8900000000	0.6103989067
1559.9000000000	0.6103544700
1559.9100000000	0.6099613965
1559.9200000000	0.6094152721
1559.9300000000	0.6091550988
1559.9400000000	0.6089049457
1559.9500000000	0.6088999650
1559.9600000000	0.6080981458
1559.9700000000	0.6075248832
1559.9800000000	0.6070409605
1559.9900000000	0.6067632591
1560.0000000000	0.6067917651
1560.0100000000	0.6070902828
1560.0200000000	0.6067863107
1560.0300000000	0.6063922057
1560.0400000000	0.6070294755
1560.0500000000	0.6071127730
1560.0600000000	0.6073949457
1560.0700000000	0.6083943464
1560.0800000000	0.6087773880
1560.0900000000	0.6088561407
1560.1000000000	0.6094021989
1560.1100000000	0.6099812933
1560.1200000000	0.6101974976
1560.1300000000	0.6107843867
1560.1400000000	0.6112119599
1560.1500000000	0.6109966986
1560.1600000000	0.6109603995
1560.1700000000	0.6109205012
1560.1800000000	0.6108338130
1560.1900000000	0.6105551525
1560.2000000000	0.6103074543
1560.2100000000	0.6101854378
1560.2200000000	0.6097984188
1560.2300000000	0.6098380025
1560.2400000000	0.6093891694
1560.2500000000	0.6086474057
1560.2600000000	0.6086169742
1560.2700000000	0.6087921757
1560.2800000000	0.6086556322
1560.2900000000	0.6085465788
1560.3000000000	0.6080449093
1560.3100000000	0.6075800629
1560.3200000000	0.6080781459
1560.3300000000	0.6078290193
1560.3400000000	0.6076953593
1560.3500000000	0.6074971269
1560.3600000000	0.6067670716
1560.3700000000	0.6062868309
1560.3800000000	0.6061319873
1560.3900000000	0.6060875638
1560.4000000000	0.6057608675
1560.4100000000	0.6055699300
1560.4200000000	0.6046775368
1560.4300000000	0.6039486380
1560.4400000000	0.6041762000
1560.4500000000	0.6043518488
1560.4600000000	0.6044943584
1560.4700000000	0.6042894947
1560.4800000000	0.6045103109
1560.4900000000	0.6049126156
1560.5000000000	0.6053186803
1560.5100000000	0.6064673065
1560.5200000000	0.6066124782
1560.5300000000	0.6067175870
1560.5400000000	0.6076395489
1560.5500000000	0.6079563801
1560.5600000000	0.6080732138
1560.5700000000	0.6088708316
1560.5800000000	0.6096160151
1560.5900000000	0.6093110526
1560.6000000000	0.6096307359
1560.6100000000	0.6097499407
1560.6200000000	0.6098469836
1560.6300000000	0.6097877260
1560.6400000000	0.6096855577
1560.6500000000	0.6098418497
1560.6600000000	0.6099630222
1560.6700000000	0.6102104254
1560.6800000000	0.6101902303
1560.6900000000	0.6098525529
1560.7000000000	0.6096291345
1560.7100000000	0.6099417445
1560.7200000000	0.6102610208
1560.7300000000	0.6101444457
1560.7400000000	0.6102523918
1560.7500000000	0.6095935179
1560.7600000000	0.6096527176
1560.7700000000	0.6099264613
1560.7800000000	0.6096654423
1560.7900000000	0.6096881954
1560.8000000000	0.6091695519
1560.8100000000	0.6089105154
1560.8200000000	0.6090091887
1560.8300000000	0.6091197273
1560.8400000000	0.6093299242
1560.8500000000	0.6092028343
1560.8600000000	0.6086527719
1560.8700000000	0.6084824729
1560.8800000000	0.6088985773
1560.8900000000	0.6091264877
1560.9000000000	0.6093014597
1560.9100000000	0.6093041572
1560.9200000000	0.6091639678
1560.9300000000	0.6091672955
1560.9400000000	0.6089925906
1560.9500000000	0.6090276345
1560.9600000000	0.6087531413
1560.9700000000	0.6083349040
1560.9800000000	0.6082491842
1560.9900000000	0.6080563384
1561.0000000000	0.6074958151
1561.0100000000	0.6069436611
1561.0200000000	0.6067109823
1561.0300000000	0.6059800710
1561.0400000000	0.6063033962
1561.0500000000	0.6062989204
1561.0600000000	0.6053324494
1561.0700000000	0.6055777776
1561.0800000000	0.6054716207
1561.0900000000	0.6059261435
1561.1000000000	0.6065121555
1561.1100000000	0.6069788924
1561.1200000000	0.6071889455
1561.1300000000	0.6072634144
1561.1400000000	0.6077772655
1561.1500000000	0.6083902199
1561.1600000000	0.6090365311
1561.1700000000	0.6091134756
1561.1800000000	0.6093898287
1561.1900000000	0.6094107404
1561.2000000000	0.6095394223
1561.2100000000	0.6098144535
1561.2200000000	0.6097010954
1561.2300000000	0.6094658130
1561.2400000000	0.6089466350
1561.2500000000	0.6086076988
1561.2600000000	0.6087993283
1561.2700000000	0.6089030067
1561.2800000000	0.6090031180
1561.2900000000	0.6091962103
1561.3000000000	0.6090209589
1561.3100000000	0.6085918669
1561.3200000000	0.6091023654
1561.3300000000	0.6093229848
1561.3400000000	0.6093321135
1561.3500000000	0.6100564255
1561.3600000000	0.6095975900
1561.3700000000	0.6095466088
1561.3800000000	0.6099366530
1561.3900000000	0.6101709011
1561.4000000000	0.6098286843
1561.4100000000	0.6096653268
1561.4200000000	0.6096538855
1561.4300000000	0.6093637818
1561.4400000000	0.6093503062
1561.4500000000	0.6093174363
1561.4600000000	0.6091986117
1561.4700000000	0.6088129408
1561.4800000000	0.6089656986
1561.4900000000	0.6092613109
1561.5000000000	0.6089248456
1561.5100000000	0.6089904299
1561.5200000000	0.6089473609
1561.5300000000	0.6087943190
1561.5400000000	0.6093486672
1561.5500000000	0.6097999103
1561.5600000000	0.6092887997
1561.5700000000	0.6090922446
1561.5800000000	0.6093731089
1561.5900000000	0.6087870895
1561.6000000000	0.6097254227
1561.6100000000	0.6097260987
1561.6200000000	0.6083581864
1561.6300000000	0.6081532582
1561.6400000000	0.6081953600
1561.6500000000	0.6084325545
1561.6600000000	0.6081550180
1561.6700000000	0.6084382185
1561.6800000000	0.6079779745
1561.6900000000	0.6075177877
1561.7000000000	0.6087202520
1561.7100000000	0.6089227630
1561.7200000000	0.6089388044
1561.7300000000	0.6096335128
1561.7400000000	0.6099287055
1561.7500000000	0.6092659009
1561.7600000000	0.6097373307
1561.7700000000	0.6104305918
1561.7800000000	0.6098655982
1561.7900000000	0.6099661206
1561.8000000000	0.6099767440
1561.8100000000	0.6089674760
1561.8200000000	0.6084686351
1561.8300000000	0.6083149520
1561.8400000000	0.6066793724
1561.8500000000	0.6056584373
1561.8600000000	0.6053027048
1561.8700000000	0.6037694667
1561.8800000000	0.6029457870
1561.8900000000	0.6023890949
1561.9000000000	0.6010398062
1561.9100000000	0.6004062968
1561.9200000000	0.6005235274
1561.9300000000	0.6002340251
1561.9400000000	0.5994966390
1561.9500000000	0.5999333220
1561.9600000000	0.5998777817
1561.9700000000	0.5997684728
1561.9800000000	0.6009390751
1561.9900000000	0.6016753719
1562.0000000000	0.6017756224
1562.0100000000	0.6024160428
1562.0200000000	0.6031092358
1562.0300000000	0.6032894598
1562.0400000000	0.6045306925
1562.0500000000	0.6055488954
1562.0600000000	0.6053969230
1562.0700000000	0.6060422894
1562.0800000000	0.6066501128
1562.0900000000	0.6068046907
1562.1000000000	0.6078511285
1562.1100000000	0.6086216077
1562.1200000000	0.6083336287
1562.1300000000	0.6089733835
1562.1400000000	0.6093559205
1562.1500000000	0.6089628499
1562.1600000000	0.6100170522
1562.1700000000	0.6102691791
1562.1800000000	0.6098622907
1562.1900000000	0.6101656760
1562.2000000000	0.6102032176
1562.2100000000	0.6099532951
1562.2200000000	0.6101895465
1562.2300000000	0.6106962974
1562.2400000000	0.6102149508
1562.2500000000	0.6099756574
1562.2600000000	0.6103442367
1562.2700000000	0.6100758095
1562.2800000000	0.6098010255
1562.2900000000	0.6099811883
1562.3000000000	0.6099399470
1562.3100000000	0.6099417529
1562.3200000000	0.6104651961
1562.3300000000	0.6105245475
1562.3400000000	0.6102982024
1562.3500000000	0.6105726934
1562.3600000000	0.6105005695
1562.3700000000	0.6106721913
1562.3800000000	0.6111040893
1562.3900000000	0.6106934502
1562.4000000000	0.6103905047
1562.4100000000	0.6103415917
1562.4200000000	0.6096428923
1562.4300000000	0.6093575912
1562.4400000000	0.6093590066
1562.4500000000	0.6081465295
1562.4600000000	0.6075397544
1562.4700000000	0.6072402345
1562.4800000000	0.6065331842
1562.4900000000	0.6065732957
1562.5000000000	0.6065201439
1562.5100000000	0.6059394152
1562.5200000000	0.6053983684
1562.5300000000	0.6054307429
1562.5400000000	0.6058249675
1562.5500000000	0.6061029151
1562.5600000000	0.6064418313
1562.5700000000	0.6067493106
1562.5800000000	0.6066919281
1562.5900000000	0.6071733360
1562.6000000000	0.6081043820
1562.6100000000	0.6087005425
1562.6200000000	0.6089432083
1562.6300000000	0.6093280390
1562.6400000000	0.6091743126
1562.6500000000	0.6094640451
1562.6600000000	0.6099600993
1562.6700000000	0.6097877718
1562.6800000000	0.6097754347
1562.6900000000	0.6097147385
1562.7000000000	0.6096295826
1562.7100000000	0.6095218578
1562.7200000000	0.6094751297
1562.7300000000	0.6093074335
1562.7400000000	0.6092732115
1562.7500000000	0.6095151603
1562.7600000000	0.6096918310
1562.7700000000	0.6097994035
1562.7800000000	0.6095272090
1562.7900000000	0.6096947561
1562.8000000000	0.6098840962
1562.8100000000	0.6101626437
1562.8200000000	0.6106466154
1562.8300000000	0.6107031858
1562.8400000000	0.6104636613
1562.8500000000	0.6104514987
1562.8600000000	0.6106490330
1562.8700000000	0.6108784231
1562.8800000000	0.6109120498
1562.8900000000	0.6105297119
1562.9000000000	0.6098516733
1562.9100000000	0.6096982136
1562.9200000000	0.6096756257
1562.9300000000	0.6095466088
1562.9400000000	0.6093298874
1562.9500000000	0.6090117197
1562.9600000000	0.6085910623
1562.9700000000	0.6081749182
1562.9800000000	0.6082785583
1562.9900000000	0.6083755519
1563.0000000000	0.6082687213
1563.0100000000	0.6081210132
1563.0200000000	0.6079284374
1563.0300000000	0.6076694699
1563.0400000000	0.6078191401
1563.0500000000	0.6081583476
1563.0600000000	0.6079717016
1563.0700000000	0.6077793177
1563.0800000000	0.6076941071
1563.0900000000	0.6071602288
1563.1000000000	0.6074035032
1563.1100000000	0.6077198672
1563.1200000000	0.6075714965
1563.1300000000	0.6076942099
1563.1400000000	0.6077585345
1563.1500000000	0.6079758819
1563.1600000000	0.6083531212
1563.1700000000	0.6086488420
1563.1800000000	0.6088742164
1563.1900000000	0.6093632434
1563.2000000000	0.6098565063
1563.2100000000	0.6103362700
1563.2200000000	0.6105753635
1563.2300000000	0.6105023500
1563.2400000000	0.6106656482
1563.2500000000	0.6107336993
1563.2600000000	0.6111862604
1563.2700000000	0.6113686855
1563.2800000000	0.6110418454
1563.2900000000	0.6108181034
1563.3000000000	0.6108123382
1563.3100000000	0.6108090456
1563.3200000000	0.6108218859
1563.3300000000	0.6108324378
1563.3400000000	0.6102706779
1563.3500000000	0.6097376629
1563.3600000000	0.6100678136
1563.3700000000	0.6101104664
1563.3800000000	0.6106129685
1563.3900000000	0.6107640894
1563.4000000000	0.6105120410
1563.4100000000	0.6105120410
1563.4200000000	0.6105828400
1563.4300000000	0.6114356139
1563.4400000000	0.6118497954
1563.4500000000	0.6120781395
1563.4600000000	0.6119406661
1563.4700000000	0.6118646205
1563.4800000000	0.6116458891
1563.4900000000	0.6121639651
1563.5000000000	0.6121935645
1563.5100000000	0.6115988305
1563.5200000000	0.6113049503
1563.5300000000	0.6107778483
1563.5400000000	0.6103525264
1563.5500000000	0.6102070265
1563.5600000000	0.6098219374
1563.5700000000	0.6094314740
1563.5800000000	0.6089691746
1563.5900000000	0.6086183459
1563.6000000000	0.6082135446
1563.6100000000	0.6081001978
1563.6200000000	0.6076954349
1563.6300000000	0.6070281765
1563.6400000000	0.6069736740
1563.6500000000	0.6064624839
1563.6600000000	0.6067385899
1563.6700000000	0.6062585508
1563.6800000000	0.6060883746
1563.6900000000	0.6058478957
1563.7000000000	0.6053675851
1563.7100000000	0.6055268718
1563.7200000000	0.6053045152
1563.7300000000	0.6049829741
1563.7400000000	0.6048312908
1563.7500000000	0.6048314727
1563.7600000000	0.6050935978
1563.7700000000	0.6057358868
1563.7800000000	0.6055437982
1563.7900000000	0.6054894732
1563.8000000000	0.6062489955
1563.8100000000	0.6065506311
1563.8200000000	0.6074986621
1563.8300000000	0.6083412209
1563.8400000000	0.6087793002
1563.8500000000	0.6089904726
1563.8600000000	0.6091968899
1563.8700000000	0.6097376812
1563.8800000000	0.6101462990
1563.8900000000	0.6109553622
1563.9000000000	0.6108542422
1563.9100000000	0.6106765079
1563.9200000000	0.6105597002
1563.9300000000	0.6103568280
1563.9400000000	0.6105877960
1563.9500000000	0.6103357179
1563.9600000000	0.6099199248
1563.9700000000	0.6097126406
1563.9800000000	0.6093785900
1563.9900000000	0.6095613292
1564.0000000000	0.6092361285
1564.0100000000	0.6092244606
1564.0200000000	0.6092045757
1564.0300000000	0.6094758246
1564.0400000000	0.6098680339
1564.0500000000	0.6101187319
1564.0600000000	0.6101830839
1564.0700000000	0.6106387697
1564.0800000000	0.6113225827
1564.0900000000	0.6112489203
1564.1000000000	0.6118645123
1564.1100000000	0.6121103389
1564.1200000000	0.6118500594
1564.1300000000	0.6120116903
1564.1400000000	0.6124825384
1564.1500000000	0.6126161985
1564.1600000000	0.6124920207
1564.1700000000	0.6125086389
1564.1800000000	0.6120103738
1564.1900000000	0.6116504793
1564.2000000000	0.6119150593
1564.2100000000	0.6119586568
1564.2200000000	0.6117494777
1564.2300000000	0.6111251144
1564.2400000000	0.6108884888
1564.2500000000	0.6105624882
1564.2600000000	0.6106396048
1564.2700000000	0.6110939876
1564.2800000000	0.6105139080
1564.2900000000	0.6100559555
1564.3000000000	0.6099452452
1564.3100000000	0.6098391428
1564.3200000000	0.6096968480
1564.3300000000	0.6102042807
1564.3400000000	0.6099485856
1564.3500000000	0.6097276114
1564.3600000000	0.6101187319
1564.3700000000	0.6101391616
1564.3800000000	0.6106192595
1564.3900000000	0.6106275906
1564.4000000000	0.6109052920
1564.4100000000	0.6113219006
1564.4200000000	0.6118057696
1564.4300000000	0.6120633492
1564.4400000000	0.6120220681
1564.4500000000	0.6120445745
1564.4600000000	0.6125570157
1564.4700000000	0.6130134530
1564.4800000000	0.6130863912
1564.4900000000	0.6131457188
1564.5000000000	0.6128314236
1564.5100000000	0.6122250243
1564.5200000000	0.6129919738
1564.5300000000	0.6127938290
1564.5400000000	0.6122121878
1564.5500000000	0.6119903034
1564.5600000000	0.6112780774
1564.5700000000	0.6112837823
1564.5800000000	0.6116919297
1564.5900000000	0.6119136419
1564.6000000000	0.6114416756
1564.6100000000	0.6114695600
1564.6200000000	0.6116749507
1564.6300000000	0.6119205424
1564.6400000000	0.6127646047
1564.6500000000	0.6133290854
1564.6600000000	0.6130423862
1564.6700000000	0.6128952462
1564.6800000000	0.6136088327
1564.6900000000	0.6134130185
1564.7000000000	0.6128031358
1564.7100000000	0.6130808372
1564.7200000000	0.6121244811
1564.7300000000	0.6113187500
1564.7400000000	0.6109368422
1564.7500000000	0.6097339891
1564.7600000000	0.6078433644
1564.7700000000	0.6069636508
1564.7800000000	0.6061770325
1564.7900000000	0.6048386045
1564.8000000000	0.6044838334
1564.8100000000	0.6029443110
1564.8200000000	0.6019152616
1564.8300000000	0.6014225835
1564.8400000000	0.6012998631
1564.8500000000	0.6014081387
1564.8600000000	0.6016188654
1564.8700000000	0.6021746684
1564.8800000000	0.6026158226
1564.8900000000	0.6037316369
1564.9000000000	0.6051162544
1564.9100000000	0.6059512380
1564.9200000000	0.6066801143
1564.9300000000	0.6074908864
1564.9400000000	0.6084310789
1564.9500000000	0.6092820300
1564.9600000000	0.6105644745
1564.9700000000	0.6108930334
1564.9800000000	0.6107889189
1564.9900000000	0.6114388424
1565.0000000000	0.6113007046
1565.0100000000	0.6115110511
1565.0200000000	0.6118636437
1565.0300000000	0.6119061027
1565.0400000000	0.6115170877
1565.0500000000	0.6121210172
1565.0600000000	0.6122282357
1565.0700000000	0.6118766833
1565.0800000000	0.6120107929
1565.0900000000	0.6120394549
1565.1000000000	0.6125777633
1565.1100000000	0.6128992573
1565.1200000000	0.6128072586
1565.1300000000	0.6125242049
1565.1400000000	0.6125959176
1565.1500000000	0.6131210389
1565.1600000000	0.6132651470
1565.1700000000	0.6132496237
1565.1800000000	0.6129274779
1565.1900000000	0.6123875342
1565.2000000000	0.6124915436
1565.2100000000	0.6127172724
1565.2200000000	0.6120137338
1565.2300000000	0.6115247407
1565.2400000000	0.6115662644
1565.2500000000	0.6109308451
1565.2600000000	0.6106528736
1565.2700000000	0.6111075783
1565.2800000000	0.6107122288
1565.2900000000	0.6103917628
1565.3000000000	0.6108429356
1565.3100000000	0.6110185590
1565.3200000000	0.6106313062
1565.3300000000	0.6108989861
1565.3400000000	0.6110751419
1565.3500000000	0.6105944576
1565.3600000000	0.6113187465
1565.3700000000	0.6116971357
1565.3800000000	0.6111719910
1565.3900000000	0.6111310031
1565.4000000000	0.6115669775
1565.4100000000	0.6115459425
1565.4200000000	0.6122070037
1565.4300000000	0.6124106119
1565.4400000000	0.6117705408
1565.4500000000	0.6118828582
1565.4600000000	0.6124003033
1565.4700000000	0.6126448064
1565.4800000000	0.6131228471
1565.4900000000	0.6132937642
1565.5000000000	0.6128267492
1565.5100000000	0.6128634405
1565.5200000000	0.6133366842
1565.5300000000	0.6132810157
1565.5400000000	0.6133026781
1565.5500000000	0.6135771824
1565.5600000000	0.6131049688
1565.5700000000	0.6127531570
1565.5800000000	0.6129076355
1565.5900000000	0.6126499150
1565.6000000000	0.6119973003
1565.6100000000	0.6120108656
1565.6200000000	0.6117215993
1565.6300000000	0.6113632773
1565.6400000000	0.6114599014
1565.6500000000	0.6110126055
1565.6600000000	0.6105628851
1565.6700000000	0.6109841880
1565.6800000000	0.6112201126
1565.6900000000	0.6108013643
1565.7000000000	0.6109775588
1565.7100000000	0.6107316502
1565.7200000000	0.6105701428
1565.7300000000	0.6114297042
1565.7400000000	0.6114826344
1565.7500000000	0.6108844392
1565.7600000000	0.6107896425
1565.7700000000	0.6108914916
1565.7800000000	0.6106975948
1565.7900000000	0.6108943355
1565.8000000000	0.6109080455
1565.8100000000	0.6101506817
1565.8200000000	0.6095976223
1565.8300000000	0.6096031354
1565.8400000000	0.6095526583
1565.8500000000	0.6095255224
1565.8600000000	0.6096627209
1565.8700000000	0.6095609046
1565.8800000000	0.6092099397
1565.8900000000	0.6095891586
1565.9000000000	0.6100471946
1565.9100000000	0.6100646842
1565.9200000000	0.6104389694
1565.9300000000	0.6110354084
1565.9400000000	0.6113403931
1565.9500000000	0.6119634560
1565.9600000000	0.6121889444
1565.9700000000	0.6119673720
1565.9800000000	0.6124716203
1565.9900000000	0.6128816220
1566.0000000000	0.6130944322
1566.0100000000	0.6132174943
1566.0200000000	0.6127547954
1566.0300000000	0.6122500347
1566.0400000000	0.6121805869
1566.0500000000	0.6124724285
1566.0600000000	0.6125665677
1566.0700000000	0.6123492931
1566.0800000000	0.6121856389
1566.0900000000	0.6120845512
1566.1000000000	0.6121245737
1566.1100000000	0.6121903425
1566.1200000000	0.6125697406
1566.1300000000	0.6125379005
1566.1400000000	0.6122260879
1566.1500000000	0.6123344482
1566.1600000000	0.6124424509
1566.1700000000	0.6125023938
1566.1800000000	0.6124250940
1566.1900000000	0.6121349788
1566.2000000000	0.6116289650
1566.2100000000	0.6114975948
1566.2200000000	0.6111416651
1566.2300000000	0.6108224705
1566.2400000000	0.6102903222
1566.2500000000	0.6098111987
1566.2600000000	0.6097378031
1566.2700000000	0.6091717220
1566.2800000000	0.6090289063
1566.2900000000	0.6087484459
1566.3000000000	0.6084684775
1566.3100000000	0.6087063789
1566.3200000000	0.6088006098
1566.3300000000	0.6085292995
1566.3400000000	0.6082491214
1566.3500000000	0.6082797392
1566.3600000000	0.6084875181
1566.3700000000	0.6087868141
1566.3800000000	0.6089568268
1566.3900000000	0.6086702709
1566.4000000000	0.6082930664
1566.4100000000	0.6078375271
1566.4200000000	0.6073727272
1566.4300000000	0.6071081385
1566.4400000000	0.6067648763
1566.4500000000	0.6063357927
1566.4600000000	0.6057708017
1566.4700000000	0.6052202662
1566.4800000000	0.6050772499
1566.4900000000	0.6051894477
1566.5000000000	0.6050053675
1566.5100000000	0.6048847709
1566.5200000000	0.6049200564
1566.5300000000	0.6052917657
1566.5400000000	0.6058771872
1566.5500000000	0.6063508912
1566.5600000000	0.6069920962
1566.5700000000	0.6074507796
1566.5800000000	0.6081606009
1566.5900000000	0.6091052949
1566.6000000000	0.6095641699
1566.6100000000	0.6098800228
1566.6200000000	0.6105491826
1566.6300000000	0.6111425015
1566.6400000000	0.6115524048
1566.6500000000	0.6118756615
1566.6600000000	0.6119010999
1566.6700000000	0.6116794015
1566.6800000000	0.6117312645
1566.6900000000	0.6118206686
1566.7000000000	0.6117537681
1566.7100000000	0.6115691816
1566.7200000000	0.6111019829
1566.7300000000	0.6108393427
1566.7400000000	0.6107818685
1566.7500000000	0.6110349459
1566.7600000000	0.6110385722
1566.7700000000	0.6108706893
1566.7800000000	0.6105918214
1566.7900000000	0.6106950878
1566.8000000000	0.6110190885
1566.8100000000	0.6114158890
1566.8200000000	0.6111580775
1566.8300000000	0.6107120270
1566.8400000000	0.6108918835
1566.8500000000	0.6108614161
1566.8600000000	0.6108508096
1566.8700000000	0.6110074714
1566.8800000000	0.6107282603
1566.8900000000	0.6104558485
1566.9000000000	0.6103858246
1566.9100000000	0.6099062941
1566.9200000000	0.6091217716
1566.9300000000	0.6083620823
1566.9400000000	0.6075730031
1566.9500000000	0.6065635335
1566.9600000000	0.6056677073
1566.9700000000	0.6046640775
1566.9800000000	0.6030557401
1566.9900000000	0.6013289615
1567.0000000000	0.6001042833
1567.0100000000	0.5987568360
1567.0200000000	0.5971045624
1567.0300000000	0.5958656650
1567.0400000000	0.5942836287
1567.0500000000	0.5931044183
1567.0600000000	0.5928731719
1567.0700000000	0.5928102871
1567.0800000000	0.5924234977
1567.0900000000	0.5926102361
1567.1000000000	0.5930697936
1567.1100000000	0.5937708991
1567.1200000000	0.5953288216
1567.1300000000	0.5967112346
1567.1400000000	0.5981884148
1567.1500000000	0.5999892096
1567.1600000000	0.6017506503
1567.1700000000	0.6036787318
1567.1800000000	0.6056093043
1567.1900000000	0.6072990427
1567.2000000000	0.6090042713
1567.2100000000	0.6103618187
1567.2200000000	0.6113799469
1567.2300000000	0.6119807961
1567.2400000000	0.6124575259
1567.2500000000	0.6125381527
1567.2600000000	0.6124540943
1567.2700000000	0.6121684092
1567.2800000000	0.6118116085
1567.2900000000	0.6111435488
1567.3000000000	0.6100388798
1567.3100000000	0.6092020541
1567.3200000000	0.6084782328
1567.3300000000	0.6080773998
1567.3400000000	0.6080643714
1567.3500000000	0.6079841207
1567.3600000000	0.6076725007
1567.3700000000	0.6076244416
1567.3800000000	0.6082091656
1567.3900000000	0.6089330628
1567.4000000000	0.6098323242
1567.4100000000	0.6104777026
1567.4200000000	0.6108429998
1567.4300000000	0.6113295486
1567.4400000000	0.6118921563
1567.4500000000	0.6125342412
1567.4600000000	0.6125117337
1567.4700000000	0.6120137405
1567.4800000000	0.6118057776
1567.4900000000	0.6110833849
1567.5000000000	0.6101997944
1567.5100000000	0.6091454654
1567.5200000000	0.6074176140
1567.5300000000	0.6056135520
1567.5400000000	0.6040403260
1567.5500000000	0.6018608287
1567.5600000000	0.5995616261
1567.5700000000	0.5974421442
1567.5800000000	0.5955359112
1567.5900000000	0.5940030442
1567.6000000000	0.5924648641
1567.6100000000	0.5910643947
1567.6200000000	0.5895190554
1567.6300000000	0.5885699083
1567.6400000000	0.5880057649
1567.6500000000	0.5878432421
1567.6600000000	0.5877235095
1567.6700000000	0.5875316676
1567.6800000000	0.5875916082
1567.6900000000	0.5881415331
1567.7000000000	0.5892827209
1567.7100000000	0.5904551029
1567.7200000000	0.5914813340
1567.7300000000	0.5926820020
1567.7400000000	0.5936854834
1567.7500000000	0.5951523001
1567.7600000000	0.5972408321
1567.7700000000	0.5990167434
1567.7800000000	0.6007926812
1567.7900000000	0.6024030875
1567.8000000000	0.6038204220
1567.8100000000	0.6054765935
1567.8200000000	0.6071452442
1567.8300000000	0.6083524711
1567.8400000000	0.6093020828
1567.8500000000	0.6100818000
1567.8600000000	0.6107368344
1567.8700000000	0.6112395181
1567.8800000000	0.6113701384
1567.8900000000	0.6112674866
1567.9000000000	0.6110873786
1567.9100000000	0.6111191346
1567.9200000000	0.6110819047
1567.9300000000	0.6105871224
1567.9400000000	0.6100489392
1567.9500000000	0.6099302957
1567.9600000000	0.6100728767
1567.9700000000	0.6102280622
1567.9800000000	0.6103669129
1567.9900000000	0.6101305130
1568.0000000000	0.6099462420
1568.0100000000	0.6104089067
1568.0200000000	0.6107125978
1568.0300000000	0.6110288351
1568.0400000000	0.6114058895
1568.0500000000	0.6112199742
1568.0600000000	0.6114217744
1568.0700000000	0.6117302010
1568.0800000000	0.6119107870
1568.0900000000	0.6119982172
1568.1000000000	0.6119103098
1568.1100000000	0.6115827542
1568.1200000000	0.6114577935
1568.1300000000	0.6112453696
1568.1400000000	0.6108990215
1568.1500000000	0.6102684690
1568.1600000000	0.6099175131
1568.1700000000	0.6098684389
1568.1800000000	0.6094565336
1568.1900000000	0.6092017325
1568.2000000000	0.6089101778
1568.2100000000	0.6085276080
1568.2200000000	0.6086414051
1568.2300000000	0.6090501062
1568.2400000000	0.6090346979
1568.2500000000	0.6086743346
1568.2600000000	0.6086339685
1568.2700000000	0.6086956512
1568.2800000000	0.6088102749
1568.2900000000	0.6095398247
1568.3000000000	0.6097016717
1568.3100000000	0.6093986553
1568.3200000000	0.6092105206
1568.3300000000	0.6093405905
1568.3400000000	0.6097360873
1568.3500000000	0.6098412129
1568.3600000000	0.6100073776
1568.3700000000	0.6098068552
1568.3800000000	0.6099522010
1568.3900000000	0.6105906495
1568.4000000000	0.6109261740
1568.4100000000	0.6112315823
1568.4200000000	0.6114731887
1568.4300000000	0.6112497782
1568.4400000000	0.6114475968
1568.4500000000	0.6120052093
1568.4600000000	0.6120001164
1568.4700000000	0.6120607872
1568.4800000000	0.6124931981
1568.4900000000	0.6125504151
1568.5000000000	0.6124235707
1568.5100000000	0.6124930547
1568.5200000000	0.6122063216
1568.5300000000	0.6114794291
1568.5400000000	0.6113508216
1568.5500000000	0.6116654619
1568.5600000000	0.6112235272
1568.5700000000	0.6107601500
1568.5800000000	0.6104033483
1568.5900000000	0.6099181372
1568.6000000000	0.6097328324
1568.6100000000	0.6103961635
1568.6200000000	0.6104078022
1568.6300000000	0.6096682046
1568.6400000000	0.6102015068
1568.6500000000	0.6104559270
1568.6600000000	0.6105189941
1568.6700000000	0.6113402718
1568.6800000000	0.6113067274
1568.6900000000	0.6109440001
1568.7000000000	0.6117973949
1568.7100000000	0.6120256536
1568.7200000000	0.6116160975
1568.7300000000	0.6120177186
1568.7400000000	0.6120947176
1568.7500000000	0.6118276805
1568.7600000000	0.6120642259
1568.7700000000	0.6124161723
1568.7800000000	0.6118809272
1568.7900000000	0.6115744556
1568.8000000000	0.6119490357
1568.8100000000	0.6119166667
1568.8200000000	0.6115777980
1568.8300000000	0.6116790680
1568.8400000000	0.6115709354
1568.8500000000	0.6113136362
1568.8600000000	0.6119737299
1568.8700000000	0.6127267094
1568.8800000000	0.6123570027
1568.8900000000	0.6124183719
1568.9000000000	0.6126769266
1568.9100000000	0.6127607457
1568.9200000000	0.6136111871
1568.9300000000	0.6135238144
1568.9400000000	0.6129314230
1568.9500000000	0.6129801873
1568.9600000000	0.6128685870
1568.9700000000	0.6124728080
1568.9800000000	0.6127775825
1568.9900000000	0.6124807247
1569.0000000000	0.6117384182
1569.0100000000	0.6117153997
1569.0200000000	0.6117745511
1569.0300000000	0.6110552897
1569.0400000000	0.6105328449
1569.0500000000	0.6103759295
1569.0600000000	0.6096764750
1569.0700000000	0.6092254887
1569.0800000000	0.6091655581
1569.0900000000	0.6084392341
1569.1000000000	0.6073139263
1569.1100000000	0.6066179626
1569.1200000000	0.6058781524
1569.1300000000	0.6049526203
1569.1400000000	0.6042148464
1569.1500000000	0.6029404213
1569.1600000000	0.6013410005
1569.1700000000	0.6008177643
1569.1800000000	0.6003873973
1569.1900000000	0.5997304324
1569.2000000000	0.5990664301
1569.2100000000	0.5984392179
1569.2200000000	0.5982685183
1569.2300000000	0.5985244626
1569.2400000000	0.5988415098
1569.2500000000	0.5991999100
1569.2600000000	0.6000073795
1569.2700000000	0.6007637430
1569.2800000000	0.6021883604
1569.2900000000	0.6035393927
1569.3000000000	0.6043348694
1569.3100000000	0.6051497627
1569.3200000000	0.6063177505
1569.3300000000	0.6074611436
1569.3400000000	0.6082320164
1569.3500000000	0.6091908164
1569.3600000000	0.6098614726
1569.3700000000	0.6102148502
1569.3800000000	0.6110002969
1569.3900000000	0.6116410104
1569.4000000000	0.6115231873
1569.4100000000	0.6112592792
1569.4200000000	0.6113050651
1569.4300000000	0.6113676113
1569.4400000000	0.6117398420
1569.4500000000	0.6119693920
1569.4600000000	0.6113101507
1569.4700000000	0.6112336333
1569.4800000000	0.6115627556
1569.4900000000	0.6119912729
1569.5000000000	0.6121987912
1569.5100000000	0.6121451939
1569.5200000000	0.6121210172
1569.5300000000	0.6121472962
1569.5400000000	0.6126313320
1569.5500000000	0.6128813637
1569.5600000000	0.6129625083
1569.5700000000	0.6128956771
1569.5800000000	0.6129515291
1569.5900000000	0.6128796842
1569.6000000000	0.6128594664
1569.6100000000	0.6128282696
1569.6200000000	0.6123907159
1569.6300000000	0.6120852195
1569.6400000000	0.6119949739
1569.6500000000	0.6119404960
1569.6600000000	0.6118617032
1569.6700000000	0.6114588102
1569.6800000000	0.6110707211
1569.6900000000	0.6109768292
1569.7000000000	0.6111328398
1569.7100000000	0.6111570295
1569.7200000000	0.6106333664
1569.7300000000	0.6097275817
1569.7400000000	0.6092450374
1569.7500000000	0.6092139596
1569.7600000000	0.6083962254
1569.7700000000	0.6078801006
1569.7800000000	0.6068788024
1569.7900000000	0.6059297588
1569.8000000000	0.6057565915
1569.8100000000	0.6054167510
1569.8200000000	0.6048663416
1569.8300000000	0.6042873667
1569.8400000000	0.6041534504
1569.8500000000	0.6039352456
1569.8600000000	0.6038404938
1569.8700000000	0.6039836642
1569.8800000000	0.6042589007
1569.8900000000	0.6046737962
1569.9000000000	0.6054516211
1569.9100000000	0.6063721284
1569.9200000000	0.6067380834
1569.9300000000	0.6071573315
1569.9400000000	0.6078975811
1569.9500000000	0.6085992938
1569.9600000000	0.6096778484
1569.9700000000	0.6105795957
1569.9800000000	0.6109934148
1569.9900000000	0.6113000839
1570.0000000000	0.6119060749
1570.0100000000	0.6123653729
1570.0200000000	0.6125416833
1570.0300000000	0.6123453232
1570.0400000000	0.6119170959
1570.0500000000	0.6122361624
1570.0600000000	0.6121149596
1570.0700000000	0.6123866998
1570.0800000000	0.6125320094
1570.0900000000	0.6123150095
1570.1000000000	0.6123520003
1570.1100000000	0.6124601174
1570.1200000000	0.6129236787
1570.1300000000	0.6128368230
1570.1400000000	0.6127443438
1570.1500000000	0.6129885656
1570.1600000000	0.6133498342
1570.1700000000	0.6133700504
1570.1800000000	0.6134249909
1570.1900000000	0.6135753887
1570.2000000000	0.6132527781
1570.2100000000	0.6132651538
1570.2200000000	0.6136240896
1570.2300000000	0.6135539837
1570.2400000000	0.6132212440
1570.2500000000	0.6130478173
1570.2600000000	0.6130361053
1570.2700000000	0.6130521124
1570.2800000000	0.6133565594
1570.2900000000	0.6132383229
1570.3000000000	0.6126609995
1570.3100000000	0.6122316263
1570.3200000000	0.6123185860
1570.3300000000	0.6122780086
1570.3400000000	0.6119672523
1570.3500000000	0.6117125182
1570.3600000000	0.6105449132
1570.3700000000	0.6097311433
1570.3800000000	0.6092942394
1570.3900000000	0.6083879415
1570.4000000000	0.6073083403
1570.4100000000	0.6061923808
1570.4200000000	0.6052411885
1570.4300000000	0.6043144607
1570.4400000000	0.6035039883
1570.4500000000	0.6026203184
1570.4600000000	0.6018592685
1570.4700000000	0.6013765815
1570.4800000000	0.6011441583
1570.4900000000	0.6013050443
1570.5000000000	0.6013243300
1570.5100000000	0.6013533722
1570.5200000000	0.6018603229
1570.5300000000	0.6027325946
1570.5400000000	0.6038257852
1570.5500000000	0.6047415795
1570.5600000000	0.6056746927
1570.5700000000	0.6066081784
1570.5800000000	0.6079127426
1570.5900000000	0.6091652210
1570.6000000000	0.6101067864
1570.6100000000	0.6104101670
1570.6200000000	0.6109016582
1570.6300000000	0.6119779639
1570.6400000000	0.6119830674
1570.6500000000	0.6125186143
1570.6600000000	0.6125330636
1570.6700000000	0.6120019441
1570.6800000000	0.6122307072
1570.6900000000	0.6125493425
1570.7000000000	0.6128462187
1570.7100000000	0.6128507550
1570.7200000000	0.6130553594
1570.7300000000	0.6133070448
1570.7400000000	0.6134653767
1570.7500000000	0.6136069633
1570.7600000000	0.6139745447
1570.7700000000	0.6143964711
1570.7800000000	0.6145348318
1570.7900000000	0.6150036301
1570.8000000000	0.6155478854
1570.8100000000	0.6154830437
1570.8200000000	0.6149188399
1570.8300000000	0.6142231597
1570.8400000000	0.6139243089
1570.8500000000	0.6138469819
1570.8600000000	0.6133858869
1570.8700000000	0.6122239819
1570.8800000000	0.6112943900
1570.8900000000	0.6104576524
1570.9000000000	0.6099596408
1570.9100000000	0.6093984421
1570.9200000000	0.6081791754
1570.9300000000	0.6075808244
1570.9400000000	0.6067756028
1570.9500000000	0.6066601881
1570.9600000000	0.6065830894
1570.9700000000	0.6062720938
1570.9800000000	0.6062193752
1570.9900000000	0.6062571774
1571.0000000000	0.6065762136
1571.0100000000	0.6068844132
1571.0200000000	0.6069718975
1571.0300000000	0.6073330496
1571.0400000000	0.6082594416
1571.0500000000	0.6089629946
1571.0600000000	0.6094758156
1571.0700000000	0.6102376328
1571.0800000000	0.6104369287
1571.0900000000	0.6107311675
1571.1000000000	0.6118131923
1571.1100000000	0.6125808020
1571.1200000000	0.6125519842
1571.1300000000	0.6125627351
1571.1400000000	0.6126138363
1571.1500000000	0.6125663433
1571.1600000000	0.6133058084
1571.1700000000	0.6135777619
1571.1800000000	0.6132629576
1571.1900000000	0.6128217084
1571.2000000000	0.6128152998
1571.2100000000	0.6128656381
1571.2200000000	0.6125294240
1571.2300000000	0.6129045309
1571.2400000000	0.6123997573
1571.2500000000	0.6121320140
1571.2600000000	0.6125885702
1571.2700000000	0.6124002393
1571.2800000000	0.6119790241
1571.2900000000	0.6120787243
1571.3000000000	0.6125587335
1571.3100000000	0.6131396429
1571.3200000000	0.6135056981
1571.3300000000	0.6136266877
1571.3400000000	0.6137576005
1571.3500000000	0.6141877148
1571.3600000000	0.6149013822
1571.3700000000	0.6155676553
1571.3800000000	0.6156996067
1571.3900000000	0.6156799932
1571.4000000000	0.6156815103
1571.4100000000	0.6154081678
1571.4200000000	0.6153950315
1571.4300000000	0.6148909520
1571.4400000000	0.6140315799
1571.4500000000	0.6129338786
1571.4600000000	0.6118306003
1571.4700000000	0.6103846990
1571.4800000000	0.6096015256
1571.4900000000	0.6087779038
1571.5000000000	0.6071793586
1571.5100000000	0.6062190426
1571.5200000000	0.6054968486
1571.5300000000	0.6048381794
1571.5400000000	0.6041833549
1571.5500000000	0.6036415356
1571.5600000000	0.6034988085
1571.5700000000	0.6035820446
1571.5800000000	0.6040078259
1571.5900000000	0.6047210959
1571.6000000000	0.6049945080
1571.6100000000	0.6055810238
1571.6200000000	0.6065734232
1571.6300000000	0.6071816648
1571.6400000000	0.6079007925
1571.6500000000	0.6088713019
1571.6600000000	0.6091502858
1571.6700000000	0.6099813859
1571.6800000000	0.6111065320
1571.6900000000	0.6113191491
1571.7000000000	0.6117423408
1571.7100000000	0.6119064637
1571.7200000000	0.6118292245
1571.7300000000	0.6119266583
1571.7400000000	0.6125799330
1571.7500000000	0.6122547886
1571.7600000000	0.6123661671
1571.7700000000	0.6125883737
1571.7800000000	0.6126774120
1571.7900000000	0.6128766302
1571.8000000000	0.6129681178
1571.8100000000	0.6132338290
1571.8200000000	0.6132399054
1571.8300000000	0.6137296311
1571.8400000000	0.6144689168
1571.8500000000	0.6142796163
1571.8600000000	0.6144822455
1571.8700000000	0.6151300246
1571.8800000000	0.6151049534
1571.8900000000	0.6153350754
1571.9000000000	0.6157144089
1571.9100000000	0.6152641349
1571.9200000000	0.6150711513
1571.9300000000	0.6156607664
1571.9400000000	0.6156987707
1571.9500000000	0.6157992884
1571.9600000000	0.6158459098
1571.9700000000	0.6156428863
1571.9800000000	0.6154027697
1571.9900000000	0.6159939025
1572.0000000000	0.6163607976
1572.0100000000	0.6162356718
1572.0200000000	0.6162356775
1572.0300000000	0.6159754916
1572.0400000000	0.6159124640
1572.0500000000	0.6162115761
1572.0600000000	0.6163624985
1572.0700000000	0.6158496725
1572.0800000000	0.6154462462
1572.0900000000	0.6154624302
1572.1000000000	0.6150656569
1572.1100000000	0.6145958112
1572.1200000000	0.6143941139
1572.1300000000	0.6135458785
1572.1400000000	0.6133734871
1572.1500000000	0.6134540332
1572.1600000000	0.6125457608
1572.1700000000	0.6119593943
1572.1800000000	0.6117291863
1572.1900000000	0.6113254458
1572.2000000000	0.6114610272
1572.2100000000	0.6119452119
1572.2200000000	0.6114040232
1572.2300000000	0.6111828109
1572.2400000000	0.6117137682
1572.2500000000	0.6118557916
1572.2600000000	0.6117834616
1572.2700000000	0.6125435572
1572.2800000000	0.6121313752
1572.2900000000	0.6118445919
1572.3000000000	0.6129572995
1572.3100000000	0.6129809062
1572.3200000000	0.6126272946
1572.3300000000	0.6131503871
1572.3400000000	0.6132978408
1572.3500000000	0.6126573090
1572.3600000000	0.6131418781
1572.3700000000	0.6135975972
1572.3800000000	0.6129670627
1572.3900000000	0.6134725933
1572.4000000000	0.6145254333
1572.4100000000	0.6144008389
1572.4200000000	0.6143941203
1572.4300000000	0.6145711061
1572.4400000000	0.6146209984
1572.4500000000	0.6151832093
1572.4600000000	0.6162457681
1572.4700000000	0.6165736630
1572.4800000000	0.6163530312
1572.4900000000	0.6168120467
1572.5000000000	0.6171476650
1572.5100000000	0.6175134580
1572.5200000000	0.6179212760
1572.5300000000	0.6175059437
1572.5400000000	0.6169064855
1572.5500000000	0.6174279313
1572.5600000000	0.6171592331
1572.5700000000	0.6170469889
1572.5800000000	0.6174561647
1572.5900000000	0.6173346531
1572.6000000000	0.6171353941
1572.6100000000	0.6171853804
1572.6200000000	0.6171905563
1572.6300000000	0.6169105263
1572.6400000000	0.6170384858
1572.6500000000	0.6174572638
1572.6600000000	0.6175879599
1572.6700000000	0.6179275034
1572.6800000000	0.6180288253
1572.6900000000	0.6175425631
1572.7000000000	0.6175200106
1572.7100000000	0.6175327701
1572.7200000000	0.6175558083
1572.7300000000	0.6173270994
1572.7400000000	0.6167368471
1572.7500000000	0.6162063062
1572.7600000000	0.6157853403
1572.7700000000	0.6159376576
1572.7800000000	0.6158774071
1572.7900000000	0.6153354356
1572.8000000000	0.6149913326
1572.8100000000	0.6148851180
1572.8200000000	0.6150222533
1572.8300000000	0.6155199110
1572.8400000000	0.6155928963
1572.8500000000	0.6157082033
1572.8600000000	0.6158835425
1572.8700000000	0.6161585625
1572.8800000000	0.6163984083
1572.8900000000	0.6164291464
1572.9000000000	0.6165800906
1572.9100000000	0.6167382363
1572.9200000000	0.6166694735
1572.9300000000	0.6165880080
1572.9400000000	0.6164116203
1572.9500000000	0.6159637576
1572.9600000000	0.6154039675
1572.9700000000	0.6154819963
1572.9800000000	0.6156842442
1572.9900000000	0.6150988178
1573.0000000000	0.6148762664
1573.0100000000	0.6143904026
1573.0200000000	0.6139744805
1573.0300000000	0.6144089388
1573.0400000000	0.6144320115
1573.0500000000	0.6140633148
1573.0600000000	0.6135322676
1573.0700000000	0.6133786745
1573.0800000000	0.6134996725
1573.0900000000	0.6134260329
1573.1000000000	0.6133702988
1573.1100000000	0.6131006940
1573.1200000000	0.6124059662
1573.1300000000	0.6119990599
1573.1400000000	0.6114642735
1573.1500000000	0.6106702559
1573.1600000000	0.6101623187
1573.1700000000	0.6094512824
1573.1800000000	0.6087205278
1573.1900000000	0.6084169655
1573.2000000000	0.6081180752
1573.2100000000	0.6082867676
1573.2200000000	0.6077128956
1573.2300000000	0.6073045627
1573.2400000000	0.6073206204
1573.2500000000	0.6073907956
1573.2600000000	0.6083341109
1573.2700000000	0.6091104145
1573.2800000000	0.6102259874
1573.2900000000	0.6109518261
1573.3000000000	0.6118385558
1573.3100000000	0.6133709194
1573.3200000000	0.6141809857
1573.3300000000	0.6150875544
1573.3400000000	0.6158395554
1573.3500000000	0.6161489515
1573.3600000000	0.6170277828
1573.3700000000	0.6173787003
1573.3800000000	0.6173818521
1573.3900000000	0.6176814596
1573.4000000000	0.6170355598
1573.4100000000	0.6168820794
1573.4200000000	0.6168163661
1573.4300000000	0.6164712249
1573.4400000000	0.6165536589
1573.4500000000	0.6160727837
1573.4600000000	0.6157266004
1573.4700000000	0.6156583397
1573.4800000000	0.6157526023
1573.4900000000	0.6161009202
1573.5000000000	0.6160764845
1573.5100000000	0.6158636113
1573.5200000000	0.6158267987
1573.5300000000	0.6158990108
1573.5400000000	0.6165659645
1573.5500000000	0.6169685788
1573.5600000000	0.6169317339
1573.5700000000	0.6165177821
1573.5800000000	0.6163607468
1573.5900000000	0.6163386279
1573.6000000000	0.6157005840
1573.6100000000	0.6153669716
1573.6200000000	0.6144933766
1573.6300000000	0.6134407468
1573.6400000000	0.6127631881
1573.6500000000	0.6119574600
1573.6600000000	0.6110232293
1573.6700000000	0.6101923406
1573.6800000000	0.6091497760
1573.6900000000	0.6083772117
1573.7000000000	0.6079153293
1573.7100000000	0.6074191770
1573.7200000000	0.6070588014
1573.7300000000	0.6067410359
1573.7400000000	0.6063681109
1573.7500000000	0.6063016766
1573.7600000000	0.6063530858
1573.7700000000	0.6063356722
1573.7800000000	0.6059498554
1573.7900000000	0.6060252925
1573.8000000000	0.6068166113
1573.8100000000	0.6074452102
1573.8200000000	0.6085072464
1573.8300000000	0.6089447282
1573.8400000000	0.6092771624
1573.8500000000	0.6099708407
1573.8600000000	0.6113790787
1573.8700000000	0.6125413982
1573.8800000000	0.6132797500
1573.8900000000	0.6144649333
1573.9000000000	0.6151204485
1573.9100000000	0.6159482055
1573.9200000000	0.6173591129
1573.9300000000	0.6180067759
1573.9400000000	0.6179984193
1573.9500000000	0.6182828026
1573.9600000000	0.6185660502
1573.9700000000	0.6186960629
1573.9800000000	0.6187104748
1573.9900000000	0.6185295966
1574.0000000000	0.6183221390
1574.0100000000	0.6177858049
1574.0200000000	0.6176599923
1574.0300000000	0.6175897451
1574.0400000000	0.6163522822
1574.0500000000	0.6155817537
1574.0600000000	0.6153368234
1574.0700000000	0.6152674323
1574.0800000000	0.6152642140
1574.0900000000	0.6151462119
1574.1000000000	0.6146782055
1574.1100000000	0.6141532907
1574.1200000000	0.6150836932
1574.1300000000	0.6152997501
1574.1400000000	0.6150690625
1574.1500000000	0.6149890767
1574.1600000000	0.6154611611
1574.1700000000	0.6160923637
1574.1800000000	0.6164583159
1574.1900000000	0.6169620249
1574.2000000000	0.6168835680
1574.2100000000	0.6168634246
1574.2200000000	0.6170258921
1574.2300000000	0.6169261983
1574.2400000000	0.6168270038
1574.2500000000	0.6167263307
1574.2600000000	0.6166408523
1574.2700000000	0.6167447672
1574.2800000000	0.6165706975
1574.2900000000	0.6159023647
1574.3000000000	0.6155140021
1574.3100000000	0.6152016594
1574.3200000000	0.6148373382
1574.3300000000	0.6152882124
1574.3400000000	0.6150186097
1574.3500000000	0.6144234650
1574.3600000000	0.6135119013
1574.3700000000	0.6134425290
1574.3800000000	0.6133840917
1574.3900000000	0.6127842109
1574.4000000000	0.6122046777
1574.4100000000	0.6113024218
1574.4200000000	0.6106307004
1574.4300000000	0.6099738979
1574.4400000000	0.6094793409
1574.4500000000	0.6087542698
1574.4600000000	0.6083861733
1574.4700000000	0.6084461747
1574.4800000000	0.6080301052
1574.4900000000	0.6077556014
1574.5000000000	0.6079376326
1574.5100000000	0.6080282450
1574.5200000000	0.6085392506
1574.5300000000	0.6096153577
1574.5400000000	0.6105942749
1574.5500000000	0.6111600809
1574.5600000000	0.6116516961
1574.5700000000	0.6124610378
1574.5800000000	0.6134528572
1574.5900000000	0.6143483785
1574.6000000000	0.6153931291
1574.6100000000	0.6159811105
1574.6200000000	0.6160117830
1574.6300000000	0.6170624049
1574.6400000000	0.6176359561
1574.6500000000	0.6177053067
1574.6600000000	0.6173766216
1574.6700000000	0.6170381226
1574.6800000000	0.6168900512
1574.6900000000	0.6167629573
1574.7000000000	0.6162986004
1574.7100000000	0.6157115498
1574.7200000000	0.6156728066
1574.7300000000	0.6153400388
1574.7400000000	0.6147615064
1574.7500000000	0.6141758124
1574.7600000000	0.6139269764
1574.7700000000	0.6143009547
1574.7800000000	0.6147581194
1574.7900000000	0.6150656213
1574.8000000000	0.6150209273
1574.8100000000	0.6151625824
1574.8200000000	0.6159151660
1574.8300000000	0.6165331895
1574.8400000000	0.6169812909
1574.8500000000	0.6173167150
1574.8600000000	0.6174536272
1574.8700000000	0.6173845299
1574.8800000000	0.6179644499
1574.8900000000	0.6182926829
1574.9000000000	0.6182365364
1574.9100000000	0.6184163526
1574.9200000000	0.6179061579
1574.9300000000	0.6175405717
1574.9400000000	0.6171467609
1574.9500000000	0.6169306179
1574.9600000000	0.6161924797
1574.9700000000	0.6157984045
1574.9800000000	0.6155277351
1574.9900000000	0.6153828477
1575.0000000000	0.6150326009
1575.0100000000	0.6143636627
1575.0200000000	0.6139264396
1575.0300000000	0.6137355027
1575.0400000000	0.6139854086
1575.0500000000	0.6137863624
1575.0600000000	0.6134715621
1575.0700000000	0.6136777195
1575.0800000000	0.6140394062
1575.0900000000	0.6146148210
1575.1000000000	0.6150525738
1575.1100000000	0.6148953124
1575.1200000000	0.6148818533
1575.1300000000	0.6156274320
1575.1400000000	0.6164403783
1575.1500000000	0.6167625375
1575.1600000000	0.6172580464
1575.1700000000	0.6177972044
1575.1800000000	0.6182800001
1575.1900000000	0.6186128959
1575.2000000000	0.6187823767
1575.2100000000	0.6186453845
1575.2200000000	0.6184774496
1575.2300000000	0.6190839112
1575.2400000000	0.6188429619
1575.2500000000	0.6180501305
1575.2600000000	0.6175837606
1575.2700000000	0.6170750170
1575.2800000000	0.6166155004
1575.2900000000	0.6165775284
1575.3000000000	0.6157382833
1575.3100000000	0.6150303074
1575.3200000000	0.6151074896
1575.3300000000	0.6146851395
1575.3400000000	0.6144808140
1575.3500000000	0.6146572109
1575.3600000000	0.6150632264
1575.3700000000	0.6152095683
1575.3800000000	0.6155672622
1575.3900000000	0.6161860790
1575.4000000000	0.6164115912
1575.4100000000	0.6167899933
1575.4200000000	0.6178160357
1575.4300000000	0.6185601945
1575.4400000000	0.6188385521
1575.4500000000	0.6192588979
1575.4600000000	0.6190662638
1575.4700000000	0.6187561298
1575.4800000000	0.6192771193
1575.4900000000	0.6190249961
1575.5000000000	0.6182402413
1575.5100000000	0.6179086286
1575.5200000000	0.6177648813
1575.5300000000	0.6169580675
1575.5400000000	0.6166735737
1575.5500000000	0.6165318985
1575.5600000000	0.6155000201
1575.5700000000	0.6159088519
1575.5800000000	0.6164170213
1575.5900000000	0.6157471762
1575.6000000000	0.6157319246
1575.6100000000	0.6174388060
1575.6200000000	0.6178227158
1575.6300000000	0.6169222309
1575.6400000000	0.6176703883
1575.6500000000	0.6179129727
1575.6600000000	0.6178782742
1575.6700000000	0.6189425042
1575.6800000000	0.6196590428
1575.6900000000	0.6190420599
1575.7000000000	0.6192117249
1575.7100000000	0.6198997948
1575.7200000000	0.6191893663
1575.7300000000	0.6186284591
1575.7400000000	0.6190878304
1575.7500000000	0.6188801653
1575.7600000000	0.6180780057
1575.7700000000	0.6185765727
1575.7800000000	0.6182087053
1575.7900000000	0.6172328038
1575.8000000000	0.6179755152
1575.8100000000	0.6181393876
1575.8200000000	0.6179232317
1575.8300000000	0.6181367877
1575.8400000000	0.6179338613
1575.8500000000	0.6179526541
1575.8600000000	0.6186485322
1575.8700000000	0.6190738774
1575.8800000000	0.6188333998
1575.8900000000	0.6191491138
1575.9000000000	0.6192128712
1575.9100000000	0.6189234877
1575.9200000000	0.6185541715
1575.9300000000	0.6180355321
1575.9400000000	0.6179143909
1575.9500000000	0.6181834465
1575.9600000000	0.6184468454
1575.9700000000	0.6178092640
1575.9800000000	0.6172048821
1575.9900000000	0.6177327404
1576.0000000000	0.6178878040
1576.0100000000	0.6175472980
1576.0200000000	0.6176926762
1576.0300000000	0.6177820074
1576.0400000000	0.6180715334
1576.0500000000	0.6187635202
1576.0600000000	0.6189168236
1576.0700000000	0.6189090863
1576.0800000000	0.6194242554
1576.0900000000	0.6197425975
1576.1000000000	0.6195650751
1576.1100000000	0.6193351069
1576.1200000000	0.6192224630
1576.1300000000	0.6191279544
1576.1400000000	0.6195288163
1576.1500000000	0.6195157943
1576.1600000000	0.6190696551
1576.1700000000	0.6186154170
1576.1800000000	0.6188159602
1576.1900000000	0.6190723199
1576.2000000000	0.6190703200
1576.2100000000	0.6191620860
1576.2200000000	0.6190842380
1576.2300000000	0.6190141878
1576.2400000000	0.6194837884
1576.2500000000	0.6198350869
1576.2600000000	0.6200717893
1576.2700000000	0.6202088029
1576.2800000000	0.6199849557
1576.2900000000	0.6200829498
1576.3000000000	0.6204592456
1576.3100000000	0.6205537921
1576.3200000000	0.6203169611
1576.3300000000	0.6199697899
1576.3400000000	0.6198282997
1576.3500000000	0.6197552834
1576.3600000000	0.6193879477
1576.3700000000	0.6189144799
1576.3800000000	0.6185080631
1576.3900000000	0.6185151558
1576.4000000000	0.6188621081
1576.4100000000	0.6188128909
1576.4200000000	0.6185594389
1576.4300000000	0.6184853846
1576.4400000000	0.6188379049
1576.4500000000	0.6192590215
1576.4600000000	0.6195492801
1576.4700000000	0.6193935971
1576.4800000000	0.6193927937
1576.4900000000	0.6199428462
1576.5000000000	0.6203736936
1576.5100000000	0.6206285970
1576.5200000000	0.6206457352
1576.5300000000	0.6200968735
1576.5400000000	0.6199463771
1576.5500000000	0.6197837935
1576.5600000000	0.6196295726
1576.5700000000	0.6194204057
1576.5800000000	0.6191077664
1576.5900000000	0.6193371992
1576.6000000000	0.6193166470
1576.6100000000	0.6186865588
1576.6200000000	0.6183370703
1576.6300000000	0.6183743826
1576.6400000000	0.6185607053
1576.6500000000	0.6190499806
1576.6600000000	0.6189881236
1576.6700000000	0.6187834793
1576.6800000000	0.6190227933
1576.6900000000	0.6195941645
1576.7000000000	0.6200043065
1576.7100000000	0.6200944190
1576.7200000000	0.6201988208
1576.7300000000	0.6199241872
1576.7400000000	0.6198815171
1576.7500000000	0.6200920363
1576.7600000000	0.6203790953
1576.7700000000	0.6203129910
1576.7800000000	0.6202572460
1576.7900000000	0.6205316000
1576.8000000000	0.6202846323
1576.8100000000	0.6199064301
1576.8200000000	0.6198653661
1576.8300000000	0.6195959868
1576.8400000000	0.6196440951
1576.8500000000	0.6201501755
1576.8600000000	0.6204113597
1576.8700000000	0.6199904728
1576.8800000000	0.6197379553
1576.8900000000	0.6200765274
1576.9000000000	0.6204176737
1576.9100000000	0.6205015028
1576.9200000000	0.6200697185
1576.9300000000	0.6196008312
1576.9400000000	0.6196331325
1576.9500000000	0.6201873650
1576.9600000000	0.6201995524
1576.9700000000	0.6198309019
1576.9800000000	0.6194854836
1576.9900000000	0.6191895354
1577.0000000000	0.6191168353
1577.0100000000	0.6189637934
1577.0200000000	0.6188125590
1577.0300000000	0.6187515501
1577.0400000000	0.6190574786
1577.0500000000	0.6194109990
1577.0600000000	0.6194508169
1577.0700000000	0.6192895601
1577.0800000000	0.6190281775
1577.0900000000	0.6193671207
1577.1000000000	0.6200182252
1577.1100000000	0.6203271548
1577.1200000000	0.6202220405
1577.1300000000	0.6196782127
1577.1400000000	0.6197341804
1577.1500000000	0.6198094864
1577.1600000000	0.6197208806
1577.1700000000	0.6195185436
1577.1800000000	0.6188916333
1577.1900000000	0.6184317717
1577.2000000000	0.6183682018
1577.2100000000	0.6178399685
1577.2200000000	0.6172010954
1577.2300000000	0.6172748029
1577.2400000000	0.6172311323
1577.2500000000	0.6171156355
1577.2600000000	0.6169001445
1577.2700000000	0.6168406690
1577.2800000000	0.6167066022
1577.2900000000	0.6171929141
1577.3000000000	0.6183255090
1577.3100000000	0.6188746265
1577.3200000000	0.6188214989
1577.3300000000	0.6189331922
1577.3400000000	0.6194872727
1577.3500000000	0.6199913903
1577.3600000000	0.6204912391
1577.3700000000	0.6209514542
1577.3800000000	0.6208670716
1577.3900000000	0.6211001557
1577.4000000000	0.6215260411
1577.4100000000	0.6213515461
1577.4200000000	0.6211124906
1577.4300000000	0.6207248404
1577.4400000000	0.6204445078
1577.4500000000	0.6202761666
1577.4600000000	0.6200322867
1577.4700000000	0.6197057994
1577.4800000000	0.6195439738
1577.4900000000	0.6194970255
1577.5000000000	0.6199942640
1577.5100000000	0.6202529420
1577.5200000000	0.6197068095
1577.5300000000	0.6197697390
1577.5400000000	0.6199808182
1577.5500000000	0.6206363392
1577.5600000000	0.6212297035
1577.5700000000	0.6214520311
1577.5800000000	0.6216204075
1577.5900000000	0.6217033952
1577.6000000000	0.6218106428
1577.6100000000	0.6218703501
1577.6200000000	0.6216787215
1577.6300000000	0.6211334681
1577.6400000000	0.6205556425
1577.6500000000	0.6203468074
1577.6600000000	0.6200214371
1577.6700000000	0.6195173110
1577.6800000000	0.6186992361
1577.6900000000	0.6179962691
1577.7000000000	0.6175419323
1577.7100000000	0.6167740973
1577.7200000000	0.6159121792
1577.7300000000	0.6147630864
1577.7400000000	0.6144976300
1577.7500000000	0.6148877653
1577.7600000000	0.6148307400
1577.7700000000	0.6144932544
1577.7800000000	0.6145183671
1577.7900000000	0.6145523512
1577.8000000000	0.6150635389
1577.8100000000	0.6156607415
1577.8200000000	0.6158037577
1577.8300000000	0.6161928565
1577.8400000000	0.6168243662
1577.8500000000	0.6178237549
1577.8600000000	0.6184469467
1577.8700000000	0.6186790108
1577.8800000000	0.6190487261
1577.8900000000	0.6194831836
1577.9000000000	0.6199942762
1577.9100000000	0.6205465679
1577.9200000000	0.6207043678
1577.9300000000	0.6207169039
1577.9400000000	0.6210426311
1577.9500000000	0.6214476842
1577.9600000000	0.6215431960
1577.9700000000	0.6213529757
1577.9800000000	0.6206558331
1577.9900000000	0.6203284849
1578.0000000000	0.6205641647
1578.0100000000	0.6201903850
1578.0200000000	0.6199365604
1578.0300000000	0.6192555645
1578.0400000000	0.6187039003
1578.0500000000	0.6185926613
1578.0600000000	0.6187487002
1578.0700000000	0.6186207721
1578.0800000000	0.6181776901
1578.0900000000	0.6182759164
1578.1000000000	0.6191175351
1578.1100000000	0.6195847787
1578.1200000000	0.6195657616
1578.1300000000	0.6201211188
1578.1400000000	0.6205285517
1578.1500000000	0.6210519345
1578.1600000000	0.6218201558
1578.1700000000	0.6220649928
1578.1800000000	0.6219014502
1578.1900000000	0.6222310441
1578.2000000000	0.6228682777
1578.2100000000	0.6227638741
1578.2200000000	0.6222637868
1578.2300000000	0.6216038235
1578.2400000000	0.6202937105
1578.2500000000	0.6191973317
1578.2600000000	0.6184035202
1578.2700000000	0.6172539765
1578.2800000000	0.6155208328
1578.2900000000	0.6143551267
1578.3000000000	0.6133908507
1578.3100000000	0.6123178507
1578.3200000000	0.6117131988
1578.3300000000	0.6107545122
1578.3400000000	0.6100948473
1578.3500000000	0.6102176490
1578.3600000000	0.6104805971
1578.3700000000	0.6106723678
1578.3800000000	0.6114244573
1578.3900000000	0.6123591357
1578.4000000000	0.6133861960
1578.4100000000	0.6146155449
1578.4200000000	0.6154438403
1578.4300000000	0.6159588279
1578.4400000000	0.6167167216
1578.4500000000	0.6178906299
1578.4600000000	0.6191122300
1578.4700000000	0.6198565278
1578.4800000000	0.6204801294
1578.4900000000	0.6207624297
1578.5000000000	0.6206859782
1578.5100000000	0.6208967534
1578.5200000000	0.6209843201
1578.5300000000	0.6203704275
1578.5400000000	0.6198608006
1578.5500000000	0.6198717716
1578.5600000000	0.6193435402
1578.5700000000	0.6191901329
1578.5800000000	0.6187789057
1578.5900000000	0.6184160155
1578.6000000000	0.6184733806
1578.6100000000	0.6183144460
1578.6200000000	0.6180270840
1578.6300000000	0.6173897745
1578.6400000000	0.6178212370
1578.6500000000	0.6184597574
1578.6600000000	0.6186451220
1578.6700000000	0.6189338963
1578.6800000000	0.6190344832
1578.6900000000	0.6187428604
1578.7000000000	0.6190802087
1578.7100000000	0.6200846912
1578.7200000000	0.6203346404
1578.7300000000	0.6200329819
1578.7400000000	0.6206982453
1578.7500000000	0.6212614407
1578.7600000000	0.6214487684
1578.7700000000	0.6219043280
1578.7800000000	0.6220761628
1578.7900000000	0.6217051460
1578.8000000000	0.6217870396
1578.8100000000	0.6218910065
1578.8200000000	0.6211592826
1578.8300000000	0.6205984266
1578.8400000000	0.6197737492
1578.8500000000	0.6185850061
1578.8600000000	0.6176892410
1578.8700000000	0.6166994122
1578.8800000000	0.6147845554
1578.8900000000	0.6131589387
1578.9000000000	0.6123074427
1578.9100000000	0.6110745233
1578.9200000000	0.6101121413
1578.9300000000	0.6092481733
1578.9400000000	0.6079785865
1578.9500000000	0.6074790060
1578.9600000000	0.6079043084
1578.9700000000	0.6079237475
1578.9800000000	0.6078269468
1578.9900000000	0.6085638916
1579.0000000000	0.6096181437
1579.0100000000	0.6107654371
1579.0200000000	0.6122946762
1579.0300000000	0.6135708952
1579.0400000000	0.6144873303
1579.0500000000	0.6160336447
1579.0600000000	0.6178604229
1579.0700000000	0.6186470366
1579.0800000000	0.6193421083
1579.0900000000	0.6204004702
1579.1000000000	0.6212024463
1579.1100000000	0.6221423490
1579.1200000000	0.6223945337
1579.1300000000	0.6214968242
1579.1400000000	0.6212038416
1579.1500000000	0.6214968989
1579.1600000000	0.6209185375
1579.1700000000	0.6208375608
1579.1800000000	0.6206433719
1579.1900000000	0.6198415441
1579.2000000000	0.6199918318
1579.2100000000	0.6202135701
1579.2200000000	0.6197090821
1579.2300000000	0.6193947893
1579.2400000000	0.6197435959
1579.2500000000	0.6198515547
1579.2600000000	0.6198351067
1579.2700000000	0.6205592217
1579.2800000000	0.6209497393
1579.2900000000	0.6206998126
1579.3000000000	0.6211926970
1579.3100000000	0.6222581089
1579.3200000000	0.6221056293
1579.3300000000	0.6217463477
1579.3400000000	0.6222178012
1579.3500000000	0.6218778171
1579.3600000000	0.6220302852
1579.3700000000	0.6228919721
1579.3800000000	0.6225734244
1579.3900000000	0.6220890674
1579.4000000000	0.6224323165
1579.4100000000	0.6219658362
1579.4200000000	0.6217773667
1579.4300000000	0.6217929427
1579.4400000000	0.6211245540
1579.4500000000	0.6209755060
1579.4600000000	0.6212626313
1579.4700000000	0.6210517758
1579.4800000000	0.6202739290
1579.4900000000	0.6201199282
1579.5000000000	0.6201334986
1579.5100000000	0.6196623095
1579.5200000000	0.6190838022
1579.5300000000	0.6184628077
1579.5400000000	0.6179301474
1579.5500000000	0.6182187941
1579.5600000000	0.6189761665
1579.5700000000	0.6189228939
1579.5800000000	0.6184259367
1579.5900000000	0.6184614392
1579.6000000000	0.6185321317
1579.6100000000	0.6190518010
1579.6200000000	0.6199985834
1579.6300000000	0.6201710244
1579.6400000000	0.6205134919
1579.6500000000	0.6211955072
1579.6600000000	0.6217513273
1579.6700000000	0.6219202014
1579.6800000000	0.6220662630
1579.6900000000	0.6222999287
1579.7000000000	0.6228135870
1579.7100000000	0.6229342987
1579.7200000000	0.6225629477
1579.7300000000	0.6219708314
1579.7400000000	0.6218325330
1579.7500000000	0.6221443570
1579.7600000000	0.6221287756
1579.7700000000	0.6218865006
1579.7800000000	0.6212912069
1579.7900000000	0.6209377041
1579.8000000000	0.6212527525
1579.8100000000	0.6214551263
1579.8200000000	0.6215393180
1579.8300000000	0.6218057334
1579.8400000000	0.6219789057
1579.8500000000	0.6222102526
1579.8600000000	0.6225041608
1579.8700000000	0.6228703372
1579.8800000000	0.6229094902
1579.8900000000	0.6230263389
1579.9000000000	0.6231587797
1579.9100000000	0.6236367210
1579.9200000000	0.6238789582
1579.9300000000	0.6235345369
1579.9400000000	0.6233380591
1579.9500000000	0.6233951641
1579.9600000000	0.6234710236
1579.9700000000	0.6231782754
1579.9800000000	0.6225026035
1579.9900000000	0.6219936675
1580.0000000000	0.6221135007
1580.0100000000	0.6223111995
1580.0200000000	0.6221066788
1580.0300000000	0.6215646327
1580.0400000000	0.6210526428
1580.0500000000	0.6211041426
1580.0600000000	0.6214163122
1580.0700000000	0.6217806744
1580.0800000000	0.6221395917
1580.0900000000	0.6223047357
1580.1000000000	0.6227480081
1580.1100000000	0.6233229870
1580.1200000000	0.6232566266
1580.1300000000	0.6229594289
1580.1400000000	0.6229075129
1580.1500000000	0.6232961261
1580.1600000000	0.6232680217
1580.1700000000	0.6229306067
1580.1800000000	0.6224568272
1580.1900000000	0.6220455000
1580.2000000000	0.6219246146
1580.2100000000	0.6220832693
1580.2200000000	0.6217884231
1580.2300000000	0.6211178934
1580.2400000000	0.6209581594
1580.2500000000	0.6209435815
1580.2600000000	0.6209854339
1580.2700000000	0.6211842038
1580.2800000000	0.6213887292
1580.2900000000	0.6216132897
1580.3000000000	0.6220658917
1580.3100000000	0.6221177755
1580.3200000000	0.6219805812
1580.3300000000	0.6219314935
1580.3400000000	0.6221250803
1580.3500000000	0.6226836111
1580.3600000000	0.6230620784
1580.3700000000	0.6230479174
1580.3800000000	0.6228496615
1580.3900000000	0.6224065631
1580.4000000000	0.6223494501
1580.4100000000	0.6226207713
1580.4200000000	0.6222046738
1580.4300000000	0.6216839135
1580.4400000000	0.6211929836
1580.4500000000	0.6210937771
1580.4600000000	0.6212456362
1580.4700000000	0.6211603286
1580.4800000000	0.6204806904
1580.4900000000	0.6201487898
1580.5000000000	0.6199451163
1580.5100000000	0.6200631051
1580.5200000000	0.6198942206
1580.5300000000	0.6193973336
1580.5400000000	0.6195056652
1580.5500000000	0.6198798656
1580.5600000000	0.6201832658
1580.5700000000	0.6201147917
1580.5800000000	0.6197769084
1580.5900000000	0.6197835849
1580.6000000000	0.6204004586
1580.6100000000	0.6208095001
1580.6200000000	0.6209714184
1580.6300000000	0.6211241591
1580.6400000000	0.6210849809
1580.6500000000	0.6213928052
1580.6600000000	0.6220181055
1580.6700000000	0.6221059966
1580.6800000000	0.6220956278
1580.6900000000	0.6219626084
1580.7000000000	0.6220072974
1580.7100000000	0.6223296295
1580.7200000000	0.6221681833
1580.7300000000	0.6221596058
1580.7400000000	0.6221141790
1580.7500000000	0.6220044574
1580.7600000000	0.6216977245
1580.7700000000	0.6209750917
1580.7800000000	0.6202503081
1580.7900000000	0.6197932231
1580.8000000000	0.6192779227
1580.8100000000	0.6190774039
1580.8200000000	0.6181761308
1580.8300000000	0.6172219320
1580.8400000000	0.6169193215
1580.8500000000	0.6168208530
1580.8600000000	0.6167066138
1580.8700000000	0.6166460290
1580.8800000000	0.6165417633
1580.8900000000	0.6167076738
1580.9000000000	0.6176981423
1580.9100000000	0.6185612591
1580.9200000000	0.6189602492
1580.9300000000	0.6195439124
1580.9400000000	0.6202637745
1580.9500000000	0.6211517208
1580.9600000000	0.6217308333
1580.9700000000	0.6217748936
1580.9800000000	0.6224320771
1580.9900000000	0.6227552798
1581.0000000000	0.6233173772
1581.0100000000	0.6234847102
1581.0200000000	0.6223484684
1581.0300000000	0.6213078395
1581.0400000000	0.6210469757
1581.0500000000	0.6204519304
1581.0600000000	0.6192255886
1581.0700000000	0.6178783363
1581.0800000000	0.6166706812
1581.0900000000	0.6157241536
1581.1000000000	0.6148305775
1581.1100000000	0.6139592254
1581.1200000000	0.6124757030
1581.1300000000	0.6115666111
1581.1400000000	0.6115184624
1581.1500000000	0.6113491083
1581.1600000000	0.6110940087
1581.1700000000	0.6112993169
1581.1800000000	0.6118676877
1581.1900000000	0.6126075168
1581.2000000000	0.6136009850
1581.2100000000	0.6143735955
1581.2200000000	0.6145852915
1581.2300000000	0.6155026706
1581.2400000000	0.6167649149
1581.2500000000	0.6181455764
1581.2600000000	0.6193477766
1581.2700000000	0.6199156167
1581.2800000000	0.6205372796
1581.2900000000	0.6208534568
1581.3000000000	0.6214975989
1581.3100000000	0.6220590685
1581.3200000000	0.6217956083
1581.3300000000	0.6213345332
1581.3400000000	0.6208806311
1581.3500000000	0.6203649574
1581.3600000000	0.6198973777
1581.3700000000	0.6188330098
1581.3800000000	0.6176469734
1581.3900000000	0.6168636616
1581.4000000000	0.6156845872
1581.4100000000	0.6143837735
1581.4200000000	0.6131829333
1581.4300000000	0.6124109248
1581.4400000000	0.6119633064
1581.4500000000	0.6118857430
1581.4600000000	0.6117062543
1581.4700000000	0.6112271221
1581.4800000000	0.6110258700
1581.4900000000	0.6112467241
1581.5000000000	0.6118260341
1581.5100000000	0.6124955587
1581.5200000000	0.6134267664
1581.5300000000	0.6151401519
1581.5400000000	0.6164265047
1581.5500000000	0.6177519260
1581.5600000000	0.6190031511
1581.5700000000	0.6197973709
1581.5800000000	0.6209439701
1581.5900000000	0.6221061021
1581.6000000000	0.6226657909
1581.6100000000	0.6222754600
1581.6200000000	0.6215459023
1581.6300000000	0.6209900358
1581.6400000000	0.6203360084
1581.6500000000	0.6192148232
1581.6600000000	0.6174672848
1581.6700000000	0.6154008291
1581.6800000000	0.6137338714
1581.6900000000	0.6123226625
1581.7000000000	0.6106732694
1581.7100000000	0.6092935467
1581.7200000000	0.6081339305
1581.7300000000	0.6071489256
1581.7400000000	0.6066696924
1581.7500000000	0.6062861709
1581.7600000000	0.6058500346
1581.7700000000	0.6057004101
1581.7800000000	0.6066598504
1581.7900000000	0.6078296469
1581.8000000000	0.6092822349
1581.8100000000	0.6108087883
1581.8200000000	0.6116323509
1581.8300000000	0.6135193974
1581.8400000000	0.6154458729
1581.8500000000	0.6169093424
1581.8600000000	0.6179459540
1581.8700000000	0.6188098923
1581.8800000000	0.6199890916
1581.8900000000	0.6204527285
1581.9000000000	0.6207401890
1581.9100000000	0.6207751970
1581.9200000000	0.6205209053
1581.9300000000	0.6205227221
1581.9400000000	0.6203999334
1581.9500000000	0.6196342698
1581.9600000000	0.6192362634
1581.9700000000	0.6191452531
1581.9800000000	0.6190483977
1581.9900000000	0.6190000088
1582.0000000000	0.6188177161
1582.0100000000	0.6184762917
1582.0200000000	0.6179729093
1582.0300000000	0.6179998696
1582.0400000000	0.6184274734
1582.0500000000	0.6184055373
1582.0600000000	0.6184005361
1582.0700000000	0.6187324603
1582.0800000000	0.6190358386
1582.0900000000	0.6195111147
1582.1000000000	0.6199364411
1582.1100000000	0.6196274908
1582.1200000000	0.6188540985
1582.1300000000	0.6196197869
1582.1400000000	0.6196903326
1582.1500000000	0.6192830376
1582.1600000000	0.6193640652
1582.1700000000	0.6187033698
1582.1800000000	0.6185887949
1582.1900000000	0.6186128640
1582.2000000000	0.6182698085
1582.2100000000	0.6175982636
1582.2200000000	0.6174536206
1582.2300000000	0.6178100399
1582.2400000000	0.6177192251
1582.2500000000	0.6173976022
1582.2600000000	0.6173244362
1582.2700000000	0.6170958787
1582.2800000000	0.6172108537
1582.2900000000	0.6176693680
1582.3000000000	0.6172186584
1582.3100000000	0.6166388697
1582.3200000000	0.6168154811
1582.3300000000	0.6168406690
1582.3400000000	0.6168327268
1582.3500000000	0.6169118307
1582.3600000000	0.6172115688
1582.3700000000	0.6171653117
1582.3800000000	0.6177302590
1582.3900000000	0.6179791107
1582.4000000000	0.6178032118
1582.4100000000	0.6180806668
1582.4200000000	0.6186215173
1582.4300000000	0.6196649511
1582.4400000000	0.6198072106
1582.4500000000	0.6200628252
1582.4600000000	0.6199395825
1582.4700000000	0.6200850935
1582.4800000000	0.6207869819
1582.4900000000	0.6206561229
1582.5000000000	0.6202030968
1582.5100000000	0.6202363228
1582.5200000000	0.6198798364
1582.5300000000	0.6194865564
1582.5400000000	0.6197316429
1582.5500000000	0.6194308494
1582.5600000000	0.6186489165
1582.5700000000	0.6185031261
1582.5800000000	0.6186874629
1582.5900000000	0.6183295775
1582.6000000000	0.6176549453
1582.6100000000	0.6182085845
1582.6200000000	0.6186396091
1582.6300000000	0.6181986270
1582.6400000000	0.6189614122
1582.6500000000	0.6186479269
1582.6600000000	0.6177972075
1582.6700000000	0.6181771925
1582.6800000000	0.6192390903
1582.6900000000	0.6184771733
1582.7000000000	0.6180586731
1582.7100000000	0.6183695938
1582.7200000000	0.6175868697
1582.7300000000	0.6179137278
1582.7400000000	0.6177278459
1582.7500000000	0.6170183994
1582.7600000000	0.6167284653
1582.7700000000	0.6170166152
1582.7800000000	0.6168052835
1582.7900000000	0.6162686041
1582.8000000000	0.6166407381
1582.8100000000	0.6169250701
1582.8200000000	0.6166497412
1582.8300000000	0.6166857340
1582.8400000000	0.6165955066
1582.8500000000	0.6161119506
1582.8600000000	0.6165266112
1582.8700000000	0.6174621206
1582.8800000000	0.6176644018
1582.8900000000	0.6179562271
1582.9000000000	0.6181452046
1582.9100000000	0.6180248011
1582.9200000000	0.6180846560
1582.9300000000	0.6183869751
1582.9400000000	0.6188061394
1582.9500000000	0.6183880781
1582.9600000000	0.6184868549
1582.9700000000	0.6179554321
1582.9800000000	0.6180563360
1582.9900000000	0.6180426411
1583.0000000000	0.6179216731
1583.0100000000	0.6177147635
1583.0200000000	0.6177352763
1583.0300000000	0.6183325827
1583.0400000000	0.6180609632
1583.0500000000	0.6179512123
1583.0600000000	0.6182177928
1583.0700000000	0.6186477479
1583.0800000000	0.6195371000
1583.0900000000	0.6196288642
1583.1000000000	0.6188864771
1583.1100000000	0.6187285413
1583.1200000000	0.6188702021
1583.1300000000	0.6190742044
1583.1400000000	0.6195119831
1583.1500000000	0.6193386801
1583.1600000000	0.6190956773
1583.1700000000	0.6190592260
1583.1800000000	0.6187606741
1583.1900000000	0.6186360402
1583.2000000000	0.6178636121
1583.2100000000	0.6177053226
1583.2200000000	0.6176988245
1583.2300000000	0.6172329327
1583.2400000000	0.6172311473
1583.2500000000	0.6164848997
1583.2600000000	0.6164116203
1583.2700000000	0.6164116203
1583.2800000000	0.6166565878
1583.2900000000	0.6163694657
1583.3000000000	0.6158752803
1583.3100000000	0.6155631199
1583.3200000000	0.6149376910
1583.3300000000	0.6154847360
1583.3400000000	0.6156222516
1583.3500000000	0.6151694525
1583.3600000000	0.6148448191
1583.3700000000	0.6136470300
1583.3800000000	0.6133424048
1583.3900000000	0.6136286624
1583.4000000000	0.6131772801
1583.4100000000	0.6129477303
1583.4200000000	0.6128060126
1583.4300000000	0.6126714656
1583.4400000000	0.6132590637
1583.4500000000	0.6137326638
1583.4600000000	0.6137830920
1583.4700000000	0.6138813310
1583.4800000000	0.6142666754
1583.4900000000	0.6150866054
1583.5000000000	0.6156789981
1583.5100000000	0.6159882830
1583.5200000000	0.6168016645
1583.5300000000	0.6172350416
1583.5400000000	0.6180599076
1583.5500000000	0.6187356776
1583.5600000000	0.6188591483
1583.5700000000	0.6188675579
1583.5800000000	0.6189234009
1583.5900000000	0.6189018433
1583.6000000000	0.6189526610
1583.6100000000	0.6193379317
1583.6200000000	0.6188604965
1583.6300000000	0.6179367129
1583.6400000000	0.6173872787
1583.6500000000	0.6169380129
1583.6600000000	0.6169507667
1583.6700000000	0.6169456212
1583.6800000000	0.6166328382
1583.6900000000	0.6164122742
1583.7000000000	0.6167063697
1583.7100000000	0.6171364537
1583.7200000000	0.6177163496
1583.7300000000	0.6178775802
1583.7400000000	0.6178898495
1583.7500000000	0.6181438036
1583.7600000000	0.6186785002
1583.7700000000	0.6193686594
1583.7800000000	0.6188411667
1583.7900000000	0.6186696713
1583.8000000000	0.6191983115
1583.8100000000	0.6191092864
1583.8200000000	0.6187342438
1583.8300000000	0.6178182245
1583.8400000000	0.6168749030
1583.8500000000	0.6160894421
1583.8600000000	0.6156871261
1583.8700000000	0.6146974868
1583.8800000000	0.6130779785
1583.8900000000	0.6121062895
1583.9000000000	0.6111598021
1583.9100000000	0.6101977955
1583.9200000000	0.6091233203
1583.9300000000	0.6080205890
1583.9400000000	0.6073565243
1583.9500000000	0.6068292423
1583.9600000000	0.6068764674
1583.9700000000	0.6070653666
1583.9800000000	0.6069965432
1583.9900000000	0.6073098451
1584.0000000000	0.6081005737
1584.0100000000	0.6083885911
1584.0200000000	0.6090883247
1584.0300000000	0.6098166974
1584.0400000000	0.6101873377
1584.0500000000	0.6116561514
1584.0600000000	0.6133942516
1584.0700000000	0.6144779682
1584.0800000000	0.6150473911
1584.0900000000	0.6158347476
1584.1000000000	0.6169258292
1584.1100000000	0.6178866128
1584.1200000000	0.6187535582
1584.1300000000	0.6190405846
1584.1400000000	0.6192340388
1584.1500000000	0.6194755615
1584.1600000000	0.6197177307
1584.1700000000	0.6194971715
1584.1800000000	0.6188656103
1584.1900000000	0.6188691460
1584.2000000000	0.6181846359
1584.2100000000	0.6180708884
1584.2200000000	0.6178198636
1584.2300000000	0.6170652483
1584.2400000000	0.6171726174
1584.2500000000	0.6175098923
1584.2600000000	0.6178441625
1584.2700000000	0.6177864962
1584.2800000000	0.6176230929
1584.2900000000	0.6175628160
1584.3000000000	0.6178923170
1584.3100000000	0.6182582481
1584.3200000000	0.6191575830
1584.3300000000	0.6193606951
1584.3400000000	0.6191261555
1584.3500000000	0.6196281314
1584.3600000000	0.6198649620
1584.3700000000	0.6193435305
1584.3800000000	0.6186789173
1584.3900000000	0.6178150106
1584.4000000000	0.6167755468
1584.4100000000	0.6158615142
1584.4200000000	0.6144469677
1584.4300000000	0.6124119984
1584.4400000000	0.6110880111
1584.4500000000	0.6102900629
1584.4600000000	0.6089917012
1584.4700000000	0.6074258620
1584.4800000000	0.6060750813
1584.4900000000	0.6059949519
1584.5000000000	0.6057262583
1584.5100000000	0.6065697664
1584.5200000000	0.6067467039
1584.5300000000	0.6066732602
1584.5400000000	0.6081375432
1584.5500000000	0.6091732671
1584.5600000000	0.6104569903
1584.5700000000	0.6115909577
1584.5800000000	0.6129483238
1584.5900000000	0.6147584577
1584.6000000000	0.6165546551
1584.6100000000	0.6175168391
1584.6200000000	0.6183738320
1584.6300000000	0.6192630733
1584.6400000000	0.6199885861
1584.6500000000	0.6207884733
1584.6600000000	0.6204380812
1584.6700000000	0.6199959886
1584.6800000000	0.6191513761
1584.6900000000	0.6185055390
1584.7000000000	0.6181814982
1584.7100000000	0.6172851369
1584.7200000000	0.6164321232
1584.7300000000	0.6160347730
1584.7400000000	0.6158402475
1584.7500000000	0.6154704289
1584.7600000000	0.6153421861
1584.7700000000	0.6154234659
1584.7800000000	0.6160147255
1584.7900000000	0.6169715582
1584.8000000000	0.6172213931
1584.8100000000	0.6178002544
1584.8200000000	0.6180732409
1584.8300000000	0.6185988197
1584.8400000000	0.6201283575
1584.8500000000	0.6205886722
1584.8600000000	0.6206909000
1584.8700000000	0.6209401118
1584.8800000000	0.6213480121
1584.8900000000	0.6213869889
1584.9000000000	0.6208649313
1584.9100000000	0.6197300061
1584.9200000000	0.6189494646
1584.9300000000	0.6182815912
1584.9400000000	0.6173345664
1584.9500000000	0.6166261737
1584.9600000000	0.6152056206
1584.9700000000	0.6146769113
1584.9800000000	0.6140078258
1584.9900000000	0.6129226205
1585.0000000000	0.6118735511
1585.0100000000	0.6112210464
1585.0200000000	0.6111852970
1585.0300000000	0.6112300218
1585.0400000000	0.6115435149
1585.0500000000	0.6114285123
1585.0600000000	0.6117674121
1585.0700000000	0.6123544450
1585.0800000000	0.6132074195
1585.0900000000	0.6139087491
1585.1000000000	0.6139881689
1585.1100000000	0.6147209696
1585.1200000000	0.6155657340
1585.1300000000	0.6158313706
1585.1400000000	0.6167411042
1585.1500000000	0.6171267014
1585.1600000000	0.6181344405
1585.1700000000	0.6187866428
1585.1800000000	0.6192748933
1585.1900000000	0.6193211939
1585.2000000000	0.6189346004
1585.2100000000	0.6192583746
1585.2200000000	0.6201182550
1585.2300000000	0.6200040776
1585.2400000000	0.6192513147
1585.2500000000	0.6195486701
1585.2600000000	0.6193586037
1585.2700000000	0.6190574961
1585.2800000000	0.6187418258
1585.2900000000	0.6184753880
1585.3000000000	0.6183506123
1585.3100000000	0.6185915924
1585.3200000000	0.6186327082
1585.3300000000	0.6182362082
1585.3400000000	0.6183381216
1585.3500000000	0.6189131089
1585.3600000000	0.6191936297
1585.3700000000	0.6189417233
1585.3800000000	0.6188295587
1585.3900000000	0.6190932618
1585.4000000000	0.6191442158
1585.4100000000	0.6200958315
1585.4200000000	0.6205266391
1585.4300000000	0.6204559144
1585.4400000000	0.6207112444
1585.4500000000	0.6211298564
1585.4600000000	0.6210565317
1585.4700000000	0.6205156496
1585.4800000000	0.6206057606
1585.4900000000	0.6204969382
1585.5000000000	0.6199826821
1585.5100000000	0.6193602866
1585.5200000000	0.6184873030
1585.5300000000	0.6175120429
1585.5400000000	0.6174055976
1585.5500000000	0.6169879902
1585.5600000000	0.6160473325
1585.5700000000	0.6155735016
1585.5800000000	0.6152996077
1585.5900000000	0.6150252668
1585.6000000000	0.6150164409
1585.6100000000	0.6151517215
1585.6200000000	0.6150411209
1585.6300000000	0.6153908188
1585.6400000000	0.6155781408
1585.6500000000	0.6152317122
1585.6600000000	0.6151454770
1585.6700000000	0.6160511896
1585.6800000000	0.6169836997
1585.6900000000	0.6170227137
1585.7000000000	0.6177381345
1585.7100000000	0.6183356891
1585.7200000000	0.6181816991
1585.7300000000	0.6186087163
1585.7400000000	0.6187714753
1585.7500000000	0.6190694015
1585.7600000000	0.6195357273
1585.7700000000	0.6197560033
1585.7800000000	0.6192980751
1585.7900000000	0.6189321766
1585.8000000000	0.6197818288
1585.8100000000	0.6201042648
1585.8200000000	0.6196140029
1585.8300000000	0.6196770378
1585.8400000000	0.6200085860
1585.8500000000	0.6196355876
1585.8600000000	0.6201218665
1585.8700000000	0.6200157455
1585.8800000000	0.6191362186
1585.8900000000	0.6192548847
1585.9000000000	0.6194324358
1585.9100000000	0.6186534137
1585.9200000000	0.6178722316
1585.9300000000	0.6178009833
1585.9400000000	0.6172950160
1585.9500000000	0.6171365162
1585.9600000000	0.6175831179
1585.9700000000	0.6169573856
1585.9800000000	0.6156285218
1585.9900000000	0.6153529155
1586.0000000000	0.6158989033
1586.0100000000	0.6152670697
1586.0200000000	0.6153468171
1586.0300000000	0.6160095259
1586.0400000000	0.6157326541
1586.0500000000	0.6165839032
1586.0600000000	0.6175681827
1586.0700000000	0.6175603726
1586.0800000000	0.6180700581
1586.0900000000	0.6191537163
1586.1000000000	0.6193616087
1586.1100000000	0.6196947857
1586.1200000000	0.6201602363
1586.1300000000	0.6202204265
1586.1400000000	0.6208145808
1586.1500000000	0.6212165086
1586.1600000000	0.6207244949
1586.1700000000	0.6196916790
1586.1800000000	0.6190915592
1586.1900000000	0.6184650036
1586.2000000000	0.6174223862
1586.2100000000	0.6167998072
1586.2200000000	0.6161182263
1586.2300000000	0.6153820706
1586.2400000000	0.6152012108
1586.2500000000	0.6147495167
1586.2600000000	0.6133513799
1586.2700000000	0.6131965855
1586.2800000000	0.6138524235
1586.2900000000	0.6133775317
1586.3000000000	0.6134797004
1586.3100000000	0.6133366842
1586.3200000000	0.6133738985
1586.3300000000	0.6146101385
1586.3400000000	0.6157196044
1586.3500000000	0.6160738295
1586.3600000000	0.6164673457
1586.3700000000	0.6176782574
1586.3800000000	0.6181261039
1586.3900000000	0.6184058187
1586.4000000000	0.6190326882
1586.4100000000	0.6194150192
1586.4200000000	0.6195212126
1586.4300000000	0.6199058473
1586.4400000000	0.6198355183
1586.4500000000	0.6190160080
1586.4600000000	0.6191310251
1586.4700000000	0.6191538558
1586.4800000000	0.6188658908
1586.4900000000	0.6189410225
1586.5000000000	0.6185295814
1586.5100000000	0.6180879676
1586.5200000000	0.6179911668
1586.5300000000	0.6186221492
1586.5400000000	0.6179690416
1586.5500000000	0.6177388972
1586.5600000000	0.6177703035
1586.5700000000	0.6177017137
1586.5800000000	0.6179798005
1586.5900000000	0.6177575483
1586.6000000000	0.6184835796
1586.6100000000	0.6184929869
1586.6200000000	0.6192153737
1586.6300000000	0.6197650026
1586.6400000000	0.6192864626
1586.6500000000	0.6195223143
1586.6600000000	0.6201596013
1586.6700000000	0.6204196874
1586.6800000000	0.6201936083
1586.6900000000	0.6199699339
1586.7000000000	0.6197103683
1586.7100000000	0.6199170326
1586.7200000000	0.6199513562
1586.7300000000	0.6194507936
1586.7400000000	0.6190028683
1586.7500000000	0.6183019086
1586.7600000000	0.6182600957
1586.7700000000	0.6181137056
1586.7800000000	0.6174053294
1586.7900000000	0.6165105388
1586.8000000000	0.6161213404
1586.8100000000	0.6161214172
1586.8200000000	0.6160022013
1586.8300000000	0.6159514746
1586.8400000000	0.6154126428
1586.8500000000	0.6155932206
1586.8600000000	0.6163642933
1586.8700000000	0.6173430677
1586.8800000000	0.6171384966
1586.8900000000	0.6168436177
1586.9000000000	0.6180609500
1586.9100000000	0.6183119685
1586.9200000000	0.6187969374
1586.9300000000	0.6192438998
1586.9400000000	0.6191746965
1586.9500000000	0.6196960935
1586.9600000000	0.6199135102
1586.9700000000	0.6195402093
1586.9800000000	0.6189762375
1586.9900000000	0.6187170930
1587.0000000000	0.6185984651
1587.0100000000	0.6181918690
1587.0200000000	0.6174093897
1587.0300000000	0.6168905809
1587.0400000000	0.6169530031
1587.0500000000	0.6170204608
1587.0600000000	0.6173932959
1587.0700000000	0.6169072985
1587.0800000000	0.6164165280
1587.0900000000	0.6165490825
1587.1000000000	0.6169248098
1587.1100000000	0.6173472583
1587.1200000000	0.6178093015
1587.1300000000	0.6184673731
1587.1400000000	0.6189487875
1587.1500000000	0.6199258460
1587.1600000000	0.6201568699
1587.1700000000	0.6200619053
1587.1800000000	0.6200236038
1587.1900000000	0.6199381872
1587.2000000000	0.6203875718
1587.2100000000	0.6197040937
1587.2200000000	0.6192069078
1587.2300000000	0.6186642054
1587.2400000000	0.6181806070
1587.2500000000	0.6181965450
1587.2600000000	0.6176170677
1587.2700000000	0.6165647464
1587.2800000000	0.6158194672
1587.2900000000	0.6154642630
1587.3000000000	0.6151431589
1587.3100000000	0.6153951399
1587.3200000000	0.6155452284
1587.3300000000	0.6158670976
1587.3400000000	0.6169178146
1587.3500000000	0.6174786626
1587.3600000000	0.6178313240
1587.3700000000	0.6179448130
1587.3800000000	0.6185211652
1587.3900000000	0.6195075294
1587.4000000000	0.6202512845
1587.4100000000	0.6205184112
1587.4200000000	0.6203818960
1587.4300000000	0.6205584703
1587.4400000000	0.6204818884
1587.4500000000	0.6202789812
1587.4600000000	0.6192507064
1587.4700000000	0.6189631903
1587.4800000000	0.6184078396
1587.4900000000	0.6173344148
1587.5000000000	0.6162580845
1587.5100000000	0.6152578845
1587.5200000000	0.6151135621
1587.5300000000	0.6153602124
1587.5400000000	0.6149384950
1587.5500000000	0.6143248139
1587.5600000000	0.6142226630
1587.5700000000	0.6148390920
1587.5800000000	0.6156907651
1587.5900000000	0.6163033200
1587.6000000000	0.6168548293
1587.6100000000	0.6176522622
1587.6200000000	0.6183201681
1587.6300000000	0.6187714753
1587.6400000000	0.6195075739
1587.6500000000	0.6195222959
1587.6600000000	0.6201550160
1587.6700000000	0.6209142062
1587.6800000000	0.6210211632
1587.6900000000	0.6205336837
1587.7000000000	0.6199571812
1587.7100000000	0.6195580936
1587.7200000000	0.6192297630
1587.7300000000	0.6188809021
1587.7400000000	0.6177547443
1587.7500000000	0.6164923787
1587.7600000000	0.6155089090
1587.7700000000	0.6150460129
1587.7800000000	0.6143357194
1587.7900000000	0.6137019218
1587.8000000000	0.6136269543
1587.8100000000	0.6132132896
1587.8200000000	0.6132651470
1587.8300000000	0.6132553998
1587.8400000000	0.6134013282
1587.8500000000	0.6141409947
1587.8600000000	0.6151068824
1587.8700000000	0.6157537357
1587.8800000000	0.6159980543
1587.8900000000	0.6162771279
1587.9000000000	0.6166931289
1587.9100000000	0.6179341473
1587.9200000000	0.6183541716
1587.9300000000	0.6189443294
1587.9400000000	0.6193626176
1587.9500000000	0.6197568565
1587.9600000000	0.6205353702
1587.9700000000	0.6206979329
1587.9800000000	0.6202513789
1587.9900000000	0.6201312532
1588.0000000000	0.6199506802
1588.0100000000	0.6198762175
1588.0200000000	0.6196782875
1588.0300000000	0.6190669282
1588.0400000000	0.6182123281
1588.0500000000	0.6180684199
1588.0600000000	0.6178467930
1588.0700000000	0.6171418000
1588.0800000000	0.6159365224
1588.0900000000	0.6151074563
1588.1000000000	0.6151818706
1588.1100000000	0.6147628883
1588.1200000000	0.6148412294
1588.1300000000	0.6146314289
1588.1400000000	0.6144900257
1588.1500000000	0.6152746545
1588.1600000000	0.6159876440
1588.1700000000	0.6162019194
1588.1800000000	0.6159683834
1588.1900000000	0.6169149682
1588.2000000000	0.6176832053
1588.2100000000	0.6183480336
1588.2200000000	0.6186379451
1588.2300000000	0.6195832678
1588.2400000000	0.6204165666
1588.2500000000	0.6211283688
1588.2600000000	0.6215711856
1588.2700000000	0.6208355295
1588.2800000000	0.6204021176
1588.2900000000	0.6205830335
1588.3000000000	0.6203827389
1588.3100000000	0.6195489240
1588.3200000000	0.6189570884
1588.3300000000	0.6184245564
1588.3400000000	0.6177383577
1588.3500000000	0.6170310114
1588.3600000000	0.6160606722
1588.3700000000	0.6154251853
1588.3800000000	0.6147840444
1588.3900000000	0.6146935471
1588.4000000000	0.6142888253
1588.4100000000	0.6135762442
1588.4200000000	0.6139455347
1588.4300000000	0.6143540146
1588.4400000000	0.6148106403
1588.4500000000	0.6153389695
1588.4600000000	0.6153396568
1588.4700000000	0.6154083866
1588.4800000000	0.6160839292
1588.4900000000	0.6168365698
1588.5000000000	0.6172871031
1588.5100000000	0.6181189435
1588.5200000000	0.6184550531
1588.5300000000	0.6188314967
1588.5400000000	0.6194765656
1588.5500000000	0.6197186090
1588.5600000000	0.6198353688
1588.5700000000	0.6196762599
1588.5800000000	0.6200082871
1588.5900000000	0.6202271640
1588.6000000000	0.6198844658
1588.6100000000	0.6196181763
1588.6200000000	0.6197368493
1588.6300000000	0.6197368493
1588.6400000000	0.6197368493
1588.6500000000	0.6195223192
1588.6600000000	0.6186495991
1588.6700000000	0.6185364731
1588.6800000000	0.6182285427
1588.6900000000	0.6177068286
1588.7000000000	0.6171100346
1588.7100000000	0.6168161746
1588.7200000000	0.6168488363
1588.7300000000	0.6161085330
1588.7400000000	0.6154679657
1588.7500000000	0.6152800942
1588.7600000000	0.6149283283
1588.7700000000	0.6153820706
1588.7800000000	0.6156178511
1588.7900000000	0.6149081146
1588.8000000000	0.6147496996
1588.8100000000	0.6156650325
1588.8200000000	0.6158862403
1588.8300000000	0.6164448469
1588.8400000000	0.6172449247
1588.8500000000	0.6175092051
1588.8600000000	0.6183766168
1588.8700000000	0.6191982192
1588.8800000000	0.6194797213
1588.8900000000	0.6192750830
1588.9000000000	0.6200460404
1588.9100000000	0.6204983439
1588.9200000000	0.6205133064
1588.9300000000	0.6203156761
1588.9400000000	0.6197314313
1588.9500000000	0.6194150192
1588.9600000000	0.6195565990
1588.9700000000	0.6193709707
1588.9800000000	0.6177527555
1588.9900000000	0.6169019683
1589.0000000000	0.6164146773
1589.0100000000	0.6154019757
1589.0200000000	0.6150359122
1589.0300000000	0.6143815648
1589.0400000000	0.6138282439
1589.0500000000	0.6133769368
1589.0600000000	0.6136816996
1589.0700000000	0.6134862003
1589.0800000000	0.6126472895
1589.0900000000	0.6125164924
1589.1000000000	0.6133552617
1589.1100000000	0.6140095248
1589.1200000000	0.6142739028
1589.1300000000	0.6150193066
1589.1400000000	0.6151540853
1589.1500000000	0.6162012578
1589.1600000000	0.6175858447
1589.1700000000	0.6174759257
1589.1800000000	0.6174563089
1589.1900000000	0.6183094331
1589.2000000000	0.6186762020
1589.2100000000	0.6186400994
1589.2200000000	0.6192203922
1589.2300000000	0.6194066313
1589.2400000000	0.6195779207
1589.2500000000	0.6202034578
1589.2600000000	0.6200514850
1589.2700000000	0.6191205084
1589.2800000000	0.6185834007
1589.2900000000	0.6194021215
1589.3000000000	0.6189733782
1589.3100000000	0.6180209641
1589.3200000000	0.6185576083
1589.3300000000	0.6178616498
1589.3400000000	0.6173522003
1589.3500000000	0.6178600680
1589.3600000000	0.6173791868
1589.3700000000	0.6163273314
1589.3800000000	0.6166554257
1589.3900000000	0.6168749782
1589.4000000000	0.6162458607
1589.4100000000	0.6164292895
1589.4200000000	0.6171010483
1589.4300000000	0.6175896401
1589.4400000000	0.6179329514
1589.4500000000	0.6183112536
1589.4600000000	0.6180921337
1589.4700000000	0.6186291466
1589.4800000000	0.6194010037
1589.4900000000	0.6192582170
1589.5000000000	0.6193381174
1589.5100000000	0.6200301720
1589.5200000000	0.6201204102
1589.5300000000	0.6198108795
1589.5400000000	0.6198154879
1589.5500000000	0.6194385395
1589.5600000000	0.6191089400
1589.5700000000	0.6191514931
1589.5800000000	0.6185637915
1589.5900000000	0.6179016334
1589.6000000000	0.6171480580
1589.6100000000	0.6170689740
1589.6200000000	0.6171548968
1589.6300000000	0.6165137498
1589.6400000000	0.6168862032
1589.6500000000	0.6165683835
1589.6600000000	0.6161799113
1589.6700000000	0.6172644351
1589.6800000000	0.6177416886
1589.6900000000	0.6172590365
1589.7000000000	0.6182533974
1589.7100000000	0.6193138840
1589.7200000000	0.6195778433
1589.7300000000	0.6205363650
1589.7400000000	0.6209048249
1589.7500000000	0.6208399289
1589.7600000000	0.6214075188
1589.7700000000	0.6220294047
1589.7800000000	0.6212789178
1589.7900000000	0.6204229657
1589.8000000000	0.6201821714
1589.8100000000	0.6195230363
1589.8200000000	0.6187639731
1589.8300000000	0.6181261309
1589.8400000000	0.6171869702
1589.8500000000	0.6159811836
1589.8600000000	0.6156659909
1589.8700000000	0.6152459520
1589.8800000000	0.6141226006
1589.8900000000	0.6140875048
1589.9000000000	0.6139486541
1589.9100000000	0.6141214779
1589.9200000000	0.6145217197
1589.9300000000	0.6147975504
1589.9400000000	0.6155505615
1589.9500000000	0.6161484448
1589.9600000000	0.6173119881
1589.9700000000	0.6182218785
1589.9800000000	0.6184911660
1589.9900000000	0.6191186045
1590.0000000000	0.6203704447
1590.0100000000	0.6206895416
1590.0200000000	0.6207117775
1590.0300000000	0.6204393302
1590.0400000000	0.6200108507
1590.0500000000	0.6199170407
1590.0600000000	0.6194374256
1590.0700000000	0.6183543010
1590.0800000000	0.6173727231
1590.0900000000	0.6167637531
1590.1000000000	0.6159229670
1590.1100000000	0.6146362419
1590.1200000000	0.6136428143
1590.1300000000	0.6129433750
1590.1400000000	0.6129550591
1590.1500000000	0.6130329046
1590.1600000000	0.6131131791
1590.1700000000	0.6126847510
1590.1800000000	0.6125872801
1590.1900000000	0.6137585098
1590.2000000000	0.6136796330
1590.2100000000	0.6146332492
1590.2200000000	0.6156347279
1590.2300000000	0.6165665444
1590.2400000000	0.6177266090
1590.2500000000	0.6185601850
1590.2600000000	0.6189079328
1590.2700000000	0.6194066918
1590.2800000000	0.6198714911
1590.2900000000	0.6202153646
1590.3000000000	0.6201273634
1590.3100000000	0.6195622948
1590.3200000000	0.6193554727
1590.3300000000	0.6194395862
1590.3400000000	0.6192755827
1590.3500000000	0.6185962528
1590.3600000000	0.6175665010
1590.3700000000	0.6168871594
1590.3800000000	0.6162092388
1590.3900000000	0.6155249097
1590.4000000000	0.6148751615
1590.4100000000	0.6145434942
1590.4200000000	0.6144863703
1590.4300000000	0.6145610286
1590.4400000000	0.6147165279
1590.4500000000	0.6139875758
1590.4600000000	0.6139115272
1590.4700000000	0.6143595092
1590.4800000000	0.6150813798
1590.4900000000	0.6156965392
1590.5000000000	0.6154877642
1590.5100000000	0.6160726433
1590.5200000000	0.6170024657
1590.5300000000	0.6179326278
1590.5400000000	0.6185673016
1590.5500000000	0.6189440554
1590.5600000000	0.6195911274
1590.5700000000	0.6201047668
1590.5800000000	0.6201606126
1590.5900000000	0.6200186942
1590.6000000000	0.6201043270
1590.6100000000	0.6203022105
1590.6200000000	0.6207547813
1590.6300000000	0.6203719591
1590.6400000000	0.6194223557
1590.6500000000	0.6189965459
1590.6600000000	0.6187477249
1590.6700000000	0.6184943727
1590.6800000000	0.6176933088
1590.6900000000	0.6171669279
1590.7000000000	0.6168115222
1590.7100000000	0.6168461673
1590.7200000000	0.6167972619
1590.7300000000	0.6161908211
1590.7400000000	0.6161515908
1590.7500000000	0.6166279535
1590.7600000000	0.6175886597
1590.7700000000	0.6175883093
1590.7800000000	0.6179274798
1590.7900000000	0.6180977579
1590.8000000000	0.6186372980
1590.8100000000	0.6200094433
1590.8200000000	0.6203019179
1590.8300000000	0.6202823747
1590.8400000000	0.6209075162
1590.8500000000	0.6216287955
1590.8600000000	0.6219536881
1590.8700000000	0.6217570267
1590.8800000000	0.6213240838
1590.8900000000	0.6213047885
1590.9000000000	0.6212850369
1590.9100000000	0.6208777830
1590.9200000000	0.6201773626
1590.9300000000	0.6194193242
1590.9400000000	0.6195127654
1590.9500000000	0.6193600420
1590.9600000000	0.6188497884
1590.9700000000	0.6184510309
1590.9800000000	0.6177531155
1590.9900000000	0.6175977969
1591.0000000000	0.6177101700
1591.0100000000	0.6180883518
1591.0200000000	0.6175766364
1591.0300000000	0.6176959058
1591.0400000000	0.6186335665
1591.0500000000	0.6191289867
1591.0600000000	0.6191042081
1591.0700000000	0.6186799449
1591.0800000000	0.6199184382
1591.0900000000	0.6199807057
1591.1000000000	0.6197830833
1591.1100000000	0.6200302931
1591.1200000000	0.6197205354
1591.1300000000	0.6205335370
1591.1400000000	0.6207900155
1591.1500000000	0.6202255026
1591.1600000000	0.6198894381
1591.1700000000	0.6200968735
1591.1800000000	0.6204322325
1591.1900000000	0.6205613938
1591.2000000000	0.6203198739
1591.2100000000	0.6203450388
1591.2200000000	0.6207012023
1591.2300000000	0.6207586339
1591.2400000000	0.6209954320
1591.2500000000	0.6207868070
1591.2600000000	0.6208186819
1591.2700000000	0.6214125536
1591.2800000000	0.6216264119
1591.2900000000	0.6215470976
1591.3000000000	0.6211043868
1591.3100000000	0.6206307444
1591.3200000000	0.6208612930
1591.3300000000	0.6216099671
1591.3400000000	0.6210764174
1591.3500000000	0.6207683968
1591.3600000000	0.6206558624
1591.3700000000	0.6204705243
1591.3800000000	0.6208614132
1591.3900000000	0.6196253454
1591.4000000000	0.6197045553
1591.4100000000	0.6201562906
1591.4200000000	0.6202547713
1591.4300000000	0.6203917795
1591.4400000000	0.6200200746
1591.4500000000	0.6200699868
1591.4600000000	0.6207925405
1591.4700000000	0.6210352347
1591.4800000000	0.6205234735
1591.4900000000	0.6202840049
1591.5000000000	0.6204048444
1591.5100000000	0.6207226759
1591.5200000000	0.6209353092
1591.5300000000	0.6207132101
1591.5400000000	0.6205275679
1591.5500000000	0.6201250639
1591.5600000000	0.6204041576
1591.5700000000	0.6201555840
1591.5800000000	0.6191241891
1591.5900000000	0.6188830282
1591.6000000000	0.6194450379
1591.6100000000	0.6197368493
1591.6200000000	0.6194157275
1591.6300000000	0.6194865564
1591.6400000000	0.6189201555
1591.6500000000	0.6196578039
1591.6600000000	0.6204013221
1591.6700000000	0.6205822762
1591.6800000000	0.6208368026
1591.6900000000	0.6205907157
1591.7000000000	0.6215653058
1591.7100000000	0.6217104423
1591.7200000000	0.6215865349
1591.7300000000	0.6217663816
1591.7400000000	0.6218154311
1591.7500000000	0.6219945178
1591.7600000000	0.6215836068
1591.7700000000	0.6207978360
1591.7800000000	0.6203996745
1591.7900000000	0.6204653423
1591.8000000000	0.6200780824
1591.8100000000	0.6197794585
1591.8200000000	0.6191861982
1591.8300000000	0.6187670006
1591.8400000000	0.6187080971
1591.8500000000	0.6184111542
1591.8600000000	0.6183423684
1591.8700000000	0.6177824677
1591.8800000000	0.6181835161
1591.8900000000	0.6184588455
1591.9000000000	0.6181950634
1591.9100000000	0.6182188419
1591.9200000000	0.6187385815
1591.9300000000	0.6196492357
1591.9400000000	0.6198515510
1591.9500000000	0.6200726265
1591.9600000000	0.6198798611
1591.9700000000	0.6205467653
1591.9800000000	0.6207889632
1591.9900000000	0.6205463340
1592.0000000000	0.6205262806
1592.0100000000	0.6203907827
1592.0200000000	0.6201879346
1592.0300000000	0.6192720353
1592.0400000000	0.6184603728
1592.0500000000	0.6181798632
1592.0600000000	0.6177634440
1592.0700000000	0.6173543247
1592.0800000000	0.6167966863
1592.0900000000	0.6157522137
1592.1000000000	0.6147783605
1592.1100000000	0.6144042160
1592.1200000000	0.6141958199
1592.1300000000	0.6138331639
1592.1400000000	0.6135365871
1592.1500000000	0.6134089104
1592.1600000000	0.6137386575
1592.1700000000	0.6138631356
1592.1800000000	0.6142400226
1592.1900000000	0.6141687361
1592.2000000000	0.6148292610
1592.2100000000	0.6157939742
1592.2200000000	0.6165538747
1592.2300000000	0.6171313985
1592.2400000000	0.6178721505
1592.2500000000	0.6190769099
1592.2600000000	0.6199170430
1592.2700000000	0.6204491593
1592.2800000000	0.6199566881
1592.2900000000	0.6198582619
1592.3000000000	0.6202487210
1592.3100000000	0.6200785547
1592.3200000000	0.6196682688
1592.3300000000	0.6189166773
1592.3400000000	0.6182361648
1592.3500000000	0.6172693831
1592.3600000000	0.6159349854
1592.3700000000	0.6145575441
1592.3800000000	0.6131578869
1592.3900000000	0.6117532251
1592.4000000000	0.6111528492
1592.4100000000	0.6104456194
1592.4200000000	0.6090537265
1592.4300000000	0.6088650721
1592.4400000000	0.6091343548
1592.4500000000	0.6094364359
1592.4600000000	0.6097310838
1592.4700000000	0.6105215663
1592.4800000000	0.6114631135
1592.4900000000	0.6123617162
1592.5000000000	0.6140855751
1592.5100000000	0.6156465313
1592.5200000000	0.6171049393
1592.5300000000	0.6190705750
1592.5400000000	0.6204017449
1592.5500000000	0.6204595151
1592.5600000000	0.6208387386
1592.5700000000	0.6212360206
1592.5800000000	0.6204412039
1592.5900000000	0.6197892195
1592.6000000000	0.6186999381
1592.6100000000	0.6168227992
1592.6200000000	0.6151473273
1592.6300000000	0.6137504593
1592.6400000000	0.6119509044
1592.6500000000	0.6096222883
1592.6600000000	0.6078738038
1592.6700000000	0.6065775856
1592.6800000000	0.6050578369
1592.6900000000	0.6037543062
1592.7000000000	0.6037326341
1592.7100000000	0.6035000228
1592.7200000000	0.6033967179
1592.7300000000	0.6050826562
1592.7400000000	0.6059360629
1592.7500000000	0.6063861496
1592.7600000000	0.6082743069
1592.7700000000	0.6107791092
1592.7800000000	0.6127911338
1592.7900000000	0.6150871421
1592.8000000000	0.6175295517
1592.8100000000	0.6188513300
1592.8200000000	0.6203945018
1592.8300000000	0.6213372247
1592.8400000000	0.6216130686
1592.8500000000	0.6213450909
1592.8600000000	0.6216212826
1592.8700000000	0.6210731496
1592.8800000000	0.6191209826
1592.8900000000	0.6177439372
1592.9000000000	0.6158563586
1592.9100000000	0.6138383058
1592.9200000000	0.6125220280
1592.9300000000	0.6106781931
1592.9400000000	0.6086321752
1592.9500000000	0.6074166269
1592.9600000000	0.6069330820
1592.9700000000	0.6065074288
1592.9800000000	0.6058096940
1592.9900000000	0.6054278715
1593.0000000000	0.6062683333
1593.0100000000	0.6067559159
1593.0200000000	0.6080055926
1593.0300000000	0.6091329748
1593.0400000000	0.6102015493
1593.0500000000	0.6126251203
1593.0600000000	0.6144823824
1593.0700000000	0.6153085312
1593.0800000000	0.6166455463
1593.0900000000	0.6180297487
1593.1000000000	0.6189989908
1593.1100000000	0.6198484619
1593.1200000000	0.6203479298
1593.1300000000	0.6199232214
1593.1400000000	0.6198232255
1593.1500000000	0.6194331056
1593.1600000000	0.6185290427
1593.1700000000	0.6174517157
1593.1800000000	0.6167413337
1593.1900000000	0.6161450281
1593.2000000000	0.6148149976
1593.2100000000	0.6138351582
1593.2200000000	0.6128401184
1593.2300000000	0.6115219121
1593.2400000000	0.6113968704
1593.2500000000	0.6116248013
1593.2600000000	0.6105791501
1593.2700000000	0.6103417243
1593.2800000000	0.6107370376
1593.2900000000	0.6108621175
1593.3000000000	0.6119560204
1593.3100000000	0.6123397581
1593.3200000000	0.6129024013
1593.3300000000	0.6135280693
1593.3400000000	0.6149933130
1593.3500000000	0.6163608173
1593.3600000000	0.6166827564
1593.3700000000	0.6180480974
1593.3800000000	0.6189955292
1593.3900000000	0.6199514028
1593.4000000000	0.6207656184
1593.4100000000	0.6207737606
1593.4200000000	0.6210190972
1593.4300000000	0.6214445212
1593.4400000000	0.6223898018
1593.4500000000	0.6222103594
1593.4600000000	0.6219264714
1593.4700000000	0.6213289337
1593.4800000000	0.6200967628
1593.4900000000	0.6203217408
1593.5000000000	0.6201710314
1593.5100000000	0.6195430510
1593.5200000000	0.6192169118
1593.5300000000	0.6188182459
1593.5400000000	0.6185027822
1593.5500000000	0.6182049141
1593.5600000000	0.6176973807
1593.5700000000	0.6175439656
1593.5800000000	0.6177208989
1593.5900000000	0.6179813752
1593.6000000000	0.6186841089
1593.6100000000	0.6190411824
1593.6200000000	0.6190925713
1593.6300000000	0.6194295092
1593.6400000000	0.6192437998
1593.6500000000	0.6200247689
1593.6600000000	0.6202129574
1593.6700000000	0.6202247887
1593.6800000000	0.6200582646
1593.6900000000	0.6200136723
1593.7000000000	0.6205374832
1593.7100000000	0.6204233307
1593.7200000000	0.6200671282
1593.7300000000	0.6194736925
1593.7400000000	0.6190810871
1593.7500000000	0.6193084633
1593.7600000000	0.6189746301
1593.7700000000	0.6189103515
1593.7800000000	0.6186954729
1593.7900000000	0.6185477942
1593.8000000000	0.6192618000
1593.8100000000	0.6185535181
1593.8200000000	0.6185313964
1593.8300000000	0.6187356776
1593.8400000000	0.6189127211
1593.8500000000	0.6200359652
1593.8600000000	0.6201637525
1593.8700000000	0.6203046662
1593.8800000000	0.6204435994
1593.8900000000	0.6199995304
1593.9000000000	0.6211073221
1593.9100000000	0.6212441005
1593.9200000000	0.6212066113
1593.9300000000	0.6212712466
1593.9400000000	0.6208960917
1593.9500000000	0.6215596691
1593.9600000000	0.6210460404
1593.9700000000	0.6207022234
1593.9800000000	0.6205633727
1593.9900000000	0.6203571520
1594.0000000000	0.6210840750
1594.0100000000	0.6204183717
1594.0200000000	0.6202785386
1594.0300000000	0.6200014439
1594.0400000000	0.6203075535
1594.0500000000	0.6204647823
1594.0600000000	0.6205997126
1594.0700000000	0.6208405015
1594.0800000000	0.6203581941
1594.0900000000	0.6206064531
1594.1000000000	0.6213215397
1594.1100000000	0.6215225868
1594.1200000000	0.6212304435
1594.1300000000	0.6209075806
1594.1400000000	0.6208063154
1594.1500000000	0.6210045528
1594.1600000000	0.6212183790
1594.1700000000	0.6212385488
1594.1800000000	0.6211484608
1594.1900000000	0.6209496953
1594.2000000000	0.6211479897
1594.2100000000	0.6209723443
1594.2200000000	0.6205320141
1594.2300000000	0.6205844579
1594.2400000000	0.6206732587
1594.2500000000	0.6211240490
1594.2600000000	0.6207451283
1594.2700000000	0.6203739904
1594.2800000000	0.6204439370
1594.2900000000	0.6204322503
1594.3000000000	0.6201908320
1594.3100000000	0.6197554354
1594.3200000000	0.6197215695
1594.3300000000	0.6197097845
1594.3400000000	0.6197011098
1594.3500000000	0.6192012066
1594.3600000000	0.6191757420
1594.3700000000	0.6191834691
1594.3800000000	0.6188608397
1594.3900000000	0.6186834429
1594.4000000000	0.6180050585
1594.4100000000	0.6174344253
1594.4200000000	0.6178353268
1594.4300000000	0.6183662335
1594.4400000000	0.6185965860
1594.4500000000	0.6185320398
1594.4600000000	0.6185622326
1594.4700000000	0.6187930622
1594.4800000000	0.6192478036
1594.4900000000	0.6193899478
1594.5000000000	0.6195784650
1594.5100000000	0.6198901609
1594.5200000000	0.6205783488
1594.5300000000	0.6205606384
1594.5400000000	0.6203305306
1594.5500000000	0.6205546607
1594.5600000000	0.6205903174
1594.5700000000	0.6210207804
1594.5800000000	0.6211513025
1594.5900000000	0.6206421461
1594.6000000000	0.6200558855
1594.6100000000	0.6199967443
1594.6200000000	0.6201686606
1594.6300000000	0.6202992920
1594.6400000000	0.6201539810
1594.6500000000	0.6198134656
1594.6600000000	0.6199142428
1594.6700000000	0.6200729404
1594.6800000000	0.6196240946
1594.6900000000	0.6194788860
1594.7000000000	0.6197480305
1594.7100000000	0.6202680441
1594.7200000000	0.6206600891
1594.7300000000	0.6204362132
1594.7400000000	0.6204101667
1594.7500000000	0.6207451259
1594.7600000000	0.6209690115
1594.7700000000	0.6209682260
1594.7800000000	0.6207639235
1594.7900000000	0.6207737460
1594.8000000000	0.6211398676
1594.8100000000	0.6208296670
1594.8200000000	0.6204304704
1594.8300000000	0.6200457830
1594.8400000000	0.6201984196
1594.8500000000	0.6199079383
1594.8600000000	0.6189809405
1594.8700000000	0.6186269792
1594.8800000000	0.6183655179
1594.8900000000	0.6183897158
1594.9000000000	0.6184139056
1594.9100000000	0.6179669478
1594.9200000000	0.6171348782
1594.9300000000	0.6167705265
1594.9400000000	0.6166462204
1594.9500000000	0.6162252556
1594.9600000000	0.6159668645
1594.9700000000	0.6159201760
1594.9800000000	0.6161949232
1594.9900000000	0.6162583797
1595.0000000000	0.6156179794
1595.0100000000	0.6153523924
1595.0200000000	0.6156793302
1595.0300000000	0.6163797703
1595.0400000000	0.6167691899
1595.0500000000	0.6168176112
1595.0600000000	0.6172174540
1595.0700000000	0.6181109523
1595.0800000000	0.6182101911
1595.0900000000	0.6182297802
1595.1000000000	0.6185728396
1595.1100000000	0.6190589129
1595.1200000000	0.6195996396
1595.1300000000	0.6191463254
1595.1400000000	0.6187280316
1595.1500000000	0.6181570602
1595.1600000000	0.6178924491
1595.1700000000	0.6178110010
1595.1800000000	0.6162432197
1595.1900000000	0.6151049373
1595.2000000000	0.6144794662
1595.2100000000	0.6137983421
1595.2200000000	0.6124376350
1595.2300000000	0.6113694274
1595.2400000000	0.6107651733
1595.2500000000	0.6100972486
1595.2600000000	0.6095494609
1595.2700000000	0.6087978929
1595.2800000000	0.6084513244
1595.2900000000	0.6088429689
1595.3000000000	0.6097923073
1595.3100000000	0.6104819640
1595.3200000000	0.6105316401
1595.3300000000	0.6114591688
1595.3400000000	0.6134465790
1595.3500000000	0.6145637779
1595.3600000000	0.6157152958
1595.3700000000	0.6170559347
1595.3800000000	0.6181028085
1595.3900000000	0.6191669298
1595.4000000000	0.6193933500
1595.4100000000	0.6192311483
1595.4200000000	0.6190607673
1595.4300000000	0.6192156750
1595.4400000000	0.6188039410
1595.4500000000	0.6173323048
1595.4600000000	0.6165351511
1595.4700000000	0.6157770279
1595.4800000000	0.6139864936
1595.4900000000	0.6127001149
1595.5000000000	0.6115360901
1595.5100000000	0.6111348167
1595.5200000000	0.6102920772
1595.5300000000	0.6094699908
1595.5400000000	0.6090160595
1595.5500000000	0.6090836250
1595.5600000000	0.6092605763
1595.5700000000	0.6093277064
1595.5800000000	0.6098046427
1595.5900000000	0.6108169102
1595.6000000000	0.6118722621
1595.6100000000	0.6128441572
1595.6200000000	0.6138847805
1595.6300000000	0.6154073743
1595.6400000000	0.6161036642
1595.6500000000	0.6163245745
1595.6600000000	0.6165858039
1595.6700000000	0.6173083942
1595.6800000000	0.6174762414
1595.6900000000	0.6168092386
1595.7000000000	0.6165364068
1595.7100000000	0.6157389288
1595.7200000000	0.6147160101
1595.7300000000	0.6133724237
1595.7400000000	0.6114954498
1595.7500000000	0.6109052920
1595.7600000000	0.6102457370
1595.7700000000	0.6090358873
1595.7800000000	0.6076554085
1595.7900000000	0.6066232990
1595.8000000000	0.6065760902
1595.8100000000	0.6058223802
1595.8200000000	0.6053289329
1595.8300000000	0.6058343774
1595.8400000000	0.6066692703
1595.8500000000	0.6068292423
1595.8600000000	0.6073495285
1595.8700000000	0.6080171555
1595.8800000000	0.6089402354
1595.8900000000	0.6104565347
1595.9000000000	0.6115271712
1595.9100000000	0.6124311096
1595.9200000000	0.6135784041
1595.9300000000	0.6145958035
1595.9400000000	0.6149378519
1595.9500000000	0.6152246702
1595.9600000000	0.6160639736
1595.9700000000	0.6165808432
1595.9800000000	0.6165611505
1595.9900000000	0.6162870083
1596.0000000000	0.6157300950
1596.0100000000	0.6153237720
1596.0200000000	0.6152454298
1596.0300000000	0.6145605920
1596.0400000000	0.6135567047
1596.0500000000	0.6129227359
1596.0600000000	0.6123035801
1596.0700000000	0.6115017137
1596.0800000000	0.6105309311
1596.0900000000	0.6100909549
1596.1000000000	0.6099256873
1596.1100000000	0.6098049986
1596.1200000000	0.6095291084
1596.1300000000	0.6088869829
1596.1400000000	0.6086701034
1596.1500000000	0.6093108504
1596.1600000000	0.6100757979
1596.1700000000	0.6102539396
1596.1800000000	0.6106818758
1596.1900000000	0.6113759197
1596.2000000000	0.6117945380
1596.2100000000	0.6125292763
1596.2200000000	0.6129707007
1596.2300000000	0.6135597181
1596.2400000000	0.6143672714
1596.2500000000	0.6148539533
1596.2600000000	0.6146877687
1596.2700000000	0.6146056159
1596.2800000000	0.6150518458
1596.2900000000	0.6151013176
1596.3000000000	0.6146884316
1596.3100000000	0.6145011223
1596.3200000000	0.6140538365
1596.3300000000	0.6135005043
1596.3400000000	0.6137411000
1596.3500000000	0.6134742361
1596.3600000000	0.6123031314
1596.3700000000	0.6123702524
1596.3800000000	0.6131582623
1596.3900000000	0.6125630585
1596.4000000000	0.6119341694
1596.4100000000	0.6125207980
1596.4200000000	0.6128451975
1596.4300000000	0.6128360886
1596.4400000000	0.6134042881
1596.4500000000	0.6135035450
1596.4600000000	0.6130630626
1596.4700000000	0.6139414036
1596.4800000000	0.6149580965
1596.4900000000	0.6145350485
1596.5000000000	0.6147944708
1596.5100000000	0.6152617804
1596.5200000000	0.6149063335
1596.5300000000	0.6149856479
1596.5400000000	0.6152948799
1596.5500000000	0.6149191759
1596.5600000000	0.6149644267
1596.5700000000	0.6155213236
1596.5800000000	0.6149099092
1596.5900000000	0.6138245343
1596.6000000000	0.6140486953
1596.6100000000	0.6145110819
1596.6200000000	0.6142285104
1596.6300000000	0.6141096819
1596.6400000000	0.6146238574
1596.6500000000	0.6141222664
1596.6600000000	0.6137683288
1596.6700000000	0.6146085465
1596.6800000000	0.6139046799
1596.6900000000	0.6136205202
1596.7000000000	0.6144231515
1596.7100000000	0.6146160586
1596.7200000000	0.6138372701
1596.7300000000	0.6138415163
1596.7400000000	0.6138168193
1596.7500000000	0.6134710275
1596.7600000000	0.6135688554
1596.7700000000	0.6130202888
1596.7800000000	0.6126215449
1596.7900000000	0.6128422295
1596.8000000000	0.6128783676
1596.8100000000	0.6122856955
1596.8200000000	0.6123398462
1596.8300000000	0.6127830023
1596.8400000000	0.6124998497
1596.8500000000	0.6123239644
1596.8600000000	0.6123508075
1596.8700000000	0.6124964275
1596.8800000000	0.6132033723
1596.8900000000	0.6139108457
1596.9000000000	0.6137758434
1596.9100000000	0.6133237288
1596.9200000000	0.6135144121
1596.9300000000	0.6140374850
1596.9400000000	0.6140467530
1596.9500000000	0.6135511794
1596.9600000000	0.6136827677
1596.9700000000	0.6140657351
1596.9800000000	0.6138160122
1596.9900000000	0.6134903109
1597.0000000000	0.6129172485
1597.0100000000	0.6126467050
1597.0200000000	0.6131365823
1597.0300000000	0.6134287303
1597.0400000000	0.6128322752
1597.0500000000	0.6126519974
1597.0600000000	0.6129235197
1597.0700000000	0.6129916495
1597.0800000000	0.6129693727
1597.0900000000	0.6130527600
1597.1000000000	0.6133791418
1597.1100000000	0.6136110330
1597.1200000000	0.6138701712
1597.1300000000	0.6137777565
1597.1400000000	0.6134373337
1597.1500000000	0.6136164182
1597.1600000000	0.6139528580
1597.1700000000	0.6140636979
1597.1800000000	0.6137313421
1597.1900000000	0.6133254218
1597.2000000000	0.6131468981
1597.2100000000	0.6133417798
1597.2200000000	0.6130903746
1597.2300000000	0.6123362597
1597.2400000000	0.6118689198
1597.2500000000	0.6116615859
1597.2600000000	0.6116692543
1597.2700000000	0.6114798661
1597.2800000000	0.6111039299
1597.2900000000	0.6112685383
1597.3000000000	0.6115352066
1597.3100000000	0.6113389638
1597.3200000000	0.6108961670
1597.3300000000	0.6109037897
1597.3400000000	0.6112263833
1597.3500000000	0.6117962496
1597.3600000000	0.6118641450
1597.3700000000	0.6117816748
1597.3800000000	0.6119259580
1597.3900000000	0.6120380387
1597.4000000000	0.6119765340
1597.4100000000	0.6116940855
1597.4200000000	0.6118724855
1597.4300000000	0.6120721585
1597.4400000000	0.6120459060
1597.4500000000	0.6118622121
1597.4600000000	0.6113323715
1597.4700000000	0.6111562845
1597.4800000000	0.6115205898
1597.4900000000	0.6115318902
1597.5000000000	0.6111577386
1597.5100000000	0.6107548448
1597.5200000000	0.6107980502
1597.5300000000	0.6110841059
1597.5400000000	0.6109018246
1597.5500000000	0.6101734025
1597.5600000000	0.6102730715
1597.5700000000	0.6103490031
1597.5800000000	0.6104108315
1597.5900000000	0.6100900820
1597.6000000000	0.6095739986
1597.6100000000	0.6098232514
1597.6200000000	0.6102676271
1597.6300000000	0.6101666326
1597.6400000000	0.6098573519
1597.6500000000	0.6100372411
1597.6600000000	0.6104206798
1597.6700000000	0.6109056672
1597.6800000000	0.6110876799
1597.6900000000	0.6113032468
1597.7000000000	0.6115581272
1597.7100000000	0.6117057516
1597.7200000000	0.6118204380
1597.7300000000	0.6114327819
1597.7400000000	0.6115435640
1597.7500000000	0.6121027883
1597.7600000000	0.6122451225
1597.7700000000	0.6119506329
1597.7800000000	0.6112784377
1597.7900000000	0.6105330563
1597.8000000000	0.6104320043
1597.8100000000	0.6102871940
1597.8200000000	0.6095573597
1597.8300000000	0.6089597191
1597.8400000000	0.6084664335
1597.8500000000	0.6081006565
1597.8600000000	0.6078135945
1597.8700000000	0.6065174948
1597.8800000000	0.6062634826
1597.8900000000	0.6066389154
1597.9000000000	0.6068597315
1597.9100000000	0.6069484322
1597.9200000000	0.6070264542
1597.9300000000	0.6074054102
1597.9400000000	0.6082088100
1597.9500000000	0.6087714527
1597.9600000000	0.6090963137
1597.9700000000	0.6096545840
1597.9800000000	0.6102627958
1597.9900000000	0.6107063200
1598.0000000000	0.6105220295
1598.0100000000	0.6106393109
1598.0200000000	0.6110456449
1598.0300000000	0.6108513620
1598.0400000000	0.6105072911
1598.0500000000	0.6098084756
1598.0600000000	0.6088544102
1598.0700000000	0.6083801739
1598.0800000000	0.6081593339
1598.0900000000	0.6073727272
1598.1000000000	0.6063072244
1598.1100000000	0.6058847830
1598.1200000000	0.6055949541
1598.1300000000	0.6050607824
1598.1400000000	0.6043263711
1598.1500000000	0.6044336333
1598.1600000000	0.6047967028
1598.1700000000	0.6051498295
1598.1800000000	0.6056344027
1598.1900000000	0.6054720101
1598.2000000000	0.6059282896
1598.2100000000	0.6072999629
1598.2200000000	0.6081269547
1598.2300000000	0.6083712181
1598.2400000000	0.6088865356
1598.2500000000	0.6095616874
1598.2600000000	0.6099211727
1598.2700000000	0.6100920807
1598.2800000000	0.6101618856
1598.2900000000	0.6103070215
1598.3000000000	0.6103507761
1598.3100000000	0.6106530189
1598.3200000000	0.6102583600
1598.3300000000	0.6091532996
1598.3400000000	0.6091603825
1598.3500000000	0.6092059056
1598.3600000000	0.6089805473
1598.3700000000	0.6085578698
1598.3800000000	0.6081770895
1598.3900000000	0.6079841009
1598.4000000000	0.6081651857
1598.4100000000	0.6083491608
1598.4200000000	0.6081112827
1598.4300000000	0.6080648163
1598.4400000000	0.6083470237
1598.4500000000	0.6089847552
1598.4600000000	0.6090095130
1598.4700000000	0.6089319433
1598.4800000000	0.6094522876
1598.4900000000	0.6100193389
1598.5000000000	0.6099774532
1598.5100000000	0.6094625090
1598.5200000000	0.6092350986
1598.5300000000	0.6093873376
1598.5400000000	0.6097365939
1598.5500000000	0.6095491574
1598.5600000000	0.6092295081
1598.5700000000	0.6091587370
1598.5800000000	0.6091185962
1598.5900000000	0.6086261882
1598.6000000000	0.6079536303
1598.6100000000	0.6079018931
1598.6200000000	0.6078552699
1598.6300000000	0.6076813928
1598.6400000000	0.6077135314
1598.6500000000	0.6070192024
1598.6600000000	0.6068864325
1598.6700000000	0.6070694840
1598.6800000000	0.6072153826
1598.6900000000	0.6068663974
1598.7000000000	0.6066493595
1598.7100000000	0.6069528950
1598.7200000000	0.6072886154
1598.7300000000	0.6072582910
1598.7400000000	0.6073367192
1598.7500000000	0.6076599499
1598.7600000000	0.6078222819
1598.7700000000	0.6082887158
1598.7800000000	0.6080257849
1598.7900000000	0.6079670413
1598.8000000000	0.6085352351
1598.8100000000	0.6090945704
1598.8200000000	0.6091471236
1598.8300000000	0.6088968937
1598.8400000000	0.6090460728
1598.8500000000	0.6092367500
1598.8600000000	0.6091737305
1598.8700000000	0.6090652896
1598.8800000000	0.6092146072
1598.8900000000	0.6093214431
1598.9000000000	0.6094088001
1598.9100000000	0.6094004951
1598.9200000000	0.6083309418
1598.9300000000	0.6084434159
1598.9400000000	0.6089745439
1598.9500000000	0.6089687678
1598.9600000000	0.6088840932
1598.9700000000	0.6086599538
1598.9800000000	0.6088544009
1598.9900000000	0.6087827814
1599.0000000000	0.6087174604
1599.0100000000	0.6087360671
1599.0200000000	0.6090038434
1599.0300000000	0.6093640787
1599.0400000000	0.6095968358
1599.0500000000	0.6092854340
1599.0600000000	0.6089019797
1599.0700000000	0.6087957881
1599.0800000000	0.6088504708
1599.0900000000	0.6088864123
1599.1000000000	0.6085769576
1599.1100000000	0.6081235735
1599.1200000000	0.6078933110
1599.1300000000	0.6075457484
1599.1400000000	0.6070243328
1599.1500000000	0.6064546367
1599.1600000000	0.6062929024
1599.1700000000	0.6061781519
1599.1800000000	0.6060388545
1599.1900000000	0.6054299398
1599.2000000000	0.6051556075
1599.2100000000	0.6052181808
1599.2200000000	0.6052072223
1599.2300000000	0.6059178351
1599.2400000000	0.6054889633
1599.2500000000	0.6052683004
1599.2600000000	0.6059375497
1599.2700000000	0.6063643959
1599.2800000000	0.6063775319
1599.2900000000	0.6065533962
1599.3000000000	0.6070810512
1599.3100000000	0.6071660149
1599.3200000000	0.6067561506
1599.3300000000	0.6063517236
1599.3400000000	0.6061692000
1599.3500000000	0.6062156882
1599.3600000000	0.6059639528
1599.3700000000	0.6051337055
1599.3800000000	0.6047287013
1599.3900000000	0.6045540302
1599.4000000000	0.6039536404
1599.4100000000	0.6035383082
1599.4200000000	0.6034668695
1599.4300000000	0.6036205366
1599.4400000000	0.6037334532
1599.4500000000	0.6037955441
1599.4600000000	0.6038370176
1599.4700000000	0.6039589411
1599.4800000000	0.6045855844
1599.4900000000	0.6053983439
1599.5000000000	0.6058450747
1599.5100000000	0.6054556666
1599.5200000000	0.6059657549
1599.5300000000	0.6071669465
1599.5400000000	0.6073177631
1599.5500000000	0.6077057477
1599.5600000000	0.6078218633
1599.5700000000	0.6077861365
1599.5800000000	0.6080205760
1599.5900000000	0.6080260598
1599.6000000000	0.6074378059
1599.6100000000	0.6069854417
1599.6200000000	0.6071043052
1599.6300000000	0.6067114574
1599.6400000000	0.6056000902
1599.6500000000	0.6049579265
1599.6600000000	0.6046182623
1599.6700000000	0.6039998896
1599.6800000000	0.6038867292
1599.6900000000	0.6034584790
1599.7000000000	0.6023966317
1599.7100000000	0.6020620830
1599.7200000000	0.6021907710
1599.7300000000	0.6019186157
1599.7400000000	0.6013146293
1599.7500000000	0.6018675317
1599.7600000000	0.6024820156
1599.7700000000	0.6022647258
1599.7800000000	0.6016534118
1599.7900000000	0.6018003997
1599.8000000000	0.6019491832
1599.8100000000	0.6018560327
1599.8200000000	0.6029032336
1599.8300000000	0.6029322901
1599.8400000000	0.6026731462
1599.8500000000	0.6037371163
1599.8600000000	0.6043216942
1599.8700000000	0.6038973224
1599.8800000000	0.6042330997
1599.8900000000	0.6052964094
1599.9000000000	0.6053930184
1599.9100000000	0.6054253317
1599.9200000000	0.6057827769
1599.9300000000	0.6058918062
1599.9400000000	0.6063734487
1599.9500000000	0.6068357139
1599.9600000000	0.6060218759
1599.9700000000	0.6054564505
1599.9800000000	0.6058182207
1599.9900000000	0.6054667689
1600.0000000000	0.6045235332
1600.0100000000	0.6043153878
1600.0200000000	0.6042328784
1600.0300000000	0.6034682469
1600.0400000000	0.6030625865
1600.0500000000	0.6028934239
1600.0600000000	0.6019879552
1600.0700000000	0.6016758974
1600.0800000000	0.6024485244
1600.0900000000	0.6029830471
1600.1000000000	0.6023251580
1600.1100000000	0.6023909326
1600.1200000000	0.6033956644
1600.1300000000	0.6033813773
1600.1400000000	0.6040722891
1600.1500000000	0.6050756876
1600.1600000000	0.6055131306
1600.1700000000	0.6062879870
1600.1800000000	0.6069007213
1600.1900000000	0.6068181553
1600.2000000000	0.6068974516
1600.2100000000	0.6076771486
1600.2200000000	0.6077714002
1600.2300000000	0.6072046788
1600.2400000000	0.6068846560
1600.2500000000	0.6063965935
1600.2600000000	0.6055007446
1600.2700000000	0.6047547441
1600.2800000000	0.6039351320
1600.2900000000	0.6028393725
1600.3000000000	0.6025813968
1600.3100000000	0.6020339766
1600.3200000000	0.6008196813
1600.3300000000	0.5996539126
1600.3400000000	0.5992491497
1600.3500000000	0.5990703357
1600.3600000000	0.5987843033
1600.3700000000	0.5986770266
1600.3800000000	0.5984982708
1600.3900000000	0.5988137906
1600.4000000000	0.5988544390
1600.4100000000	0.5994335556
1600.4200000000	0.5995302727
1600.4300000000	0.5999284913
1600.4400000000	0.6013148551
1600.4500000000	0.6017706170
1600.4600000000	0.6021507093
1600.4700000000	0.6024992077
1600.4800000000	0.6033967236
1600.4900000000	0.6042638996
1600.5000000000	0.6045966642
1600.5100000000	0.6044164789
1600.5200000000	0.6045165751
1600.5300000000	0.6049971352
1600.5400000000	0.6048841565
1600.5500000000	0.6044665305
1600.5600000000	0.6040217541
1600.5700000000	0.6039387826
1600.5800000000	0.6033663840
1600.5900000000	0.6027306580
1600.6000000000	0.6018112541
1600.6100000000	0.6009517786
1600.6200000000	0.6007681703
1600.6300000000	0.6001315871
1600.6400000000	0.5989526269
1600.6500000000	0.5978403671
1600.6600000000	0.5975544763
1600.6700000000	0.5972525687
1600.6800000000	0.5965133176
1600.6900000000	0.5960540654
1600.7000000000	0.5956557652
1600.7100000000	0.5962231245
1600.7200000000	0.5964199954
1600.7300000000	0.5967641482
1600.7400000000	0.5975668079
1600.7500000000	0.5985392315
1600.7600000000	0.5996328438
1600.7700000000	0.6003479699
1600.7800000000	0.6012545851
1600.7900000000	0.6022762788
1600.8000000000	0.6036596571
1600.8100000000	0.6048386245
1600.8200000000	0.6052347627
1600.8300000000	0.6055616895
1600.8400000000	0.6059385291
1600.8500000000	0.6063173463
1600.8600000000	0.6063854851
1600.8700000000	0.6062133726
1600.8800000000	0.6054956058
1600.8900000000	0.6053609211
1600.9000000000	0.6051247957
1600.9100000000	0.6037004999
1600.9200000000	0.6022801937
1600.9300000000	0.6012921608
1600.9400000000	0.6011505329
1600.9500000000	0.6005964801
1600.9600000000	0.5996352935
1600.9700000000	0.5989298282
1600.9800000000	0.5987603642
1600.9900000000	0.5985140788
1601.0000000000	0.5983921234
1601.0100000000	0.5985340104
1601.0200000000	0.5986574596
1601.0300000000	0.6000537915
1601.0400000000	0.6004536226
1601.0500000000	0.6008310348
1601.0600000000	0.6014642117
1601.0700000000	0.6024520961
1601.0800000000	0.6033620304
1601.0900000000	0.6036023551
1601.1000000000	0.6040858547
1601.1100000000	0.6044953979
1601.1200000000	0.6050967336
1601.1300000000	0.6053639715
1601.1400000000	0.6051062143
1601.1500000000	0.6050550856
1601.1600000000	0.6056135753
1601.1700000000	0.6054991557
1601.1800000000	0.6046124035
1601.1900000000	0.6045966304
1601.2000000000	0.6043033756
1601.2100000000	0.6047175768
1601.2200000000	0.6046124035
1601.2300000000	0.6043621106
1601.2400000000	0.6042190944
1601.2500000000	0.6041118177
1601.2600000000	0.6044693873
1601.2700000000	0.6039286839
1601.2800000000	0.6037974177
1601.2900000000	0.6040001932
1601.3000000000	0.6046945618
1601.3100000000	0.6041164086
1601.3200000000	0.6038067748
1601.3300000000	0.6039352953
1601.3400000000	0.6042622091
1601.3500000000	0.6044449758
1601.3600000000	0.6041896790
1601.3700000000	0.6043005396
1601.3800000000	0.6044035999
1601.3900000000	0.6046896323
1601.4000000000	0.6048405223
1601.4100000000	0.6047322048
1601.4200000000	0.6050812685
1601.4300000000	0.6057774722
1601.4400000000	0.6059512275
1601.4500000000	0.6056258339
1601.4600000000	0.6057552013
1601.4700000000	0.6057266387
1601.4800000000	0.6063111219
1601.4900000000	0.6066653968
1601.5000000000	0.6063272837
1601.5100000000	0.6062278181
1601.5200000000	0.6062864786
1601.5300000000	0.6067809730
1601.5400000000	0.6063737092
1601.5500000000	0.6059966275
1601.5600000000	0.6056996478
1601.5700000000	0.6059623307
1601.5800000000	0.6054756665
1601.5900000000	0.6048345642
1601.6000000000	0.6049490482
1601.6100000000	0.6049511194
1601.6200000000	0.6055616678
1601.6300000000	0.6049727774
1601.6400000000	0.6044233964
1601.6500000000	0.6045885966
1601.6600000000	0.6049801887
1601.6700000000	0.6056792169
1601.6800000000	0.6050454568
1601.6900000000	0.6054873241
1601.7000000000	0.6059336332
1601.7100000000	0.6057575938
1601.7200000000	0.6055241482
1601.7300000000	0.6051238859
1601.7400000000	0.6052726677
1601.7500000000	0.6058280705
1601.7600000000	0.6059682825
1601.7700000000	0.6052907183
1601.7800000000	0.6052892924
1601.7900000000	0.6048551260
1601.8000000000	0.6049966846
1601.8100000000	0.6047000294
1601.8200000000	0.6041006383
1601.8300000000	0.6044921254
1601.8400000000	0.6045402014
1601.8500000000	0.6045058428
1601.8600000000	0.6043281767
1601.8700000000	0.6041371925
1601.8800000000	0.6046050925
1601.8900000000	0.6051517917
1601.9000000000	0.6048064033
1601.9100000000	0.6047267712
1601.9200000000	0.6052488438
1601.9300000000	0.6051894501
1601.9400000000	0.6052669362
1601.9500000000	0.6048564980
1601.9600000000	0.6053632718
1601.9700000000	0.6054960790
1601.9800000000	0.6051538512
1601.9900000000	0.6050583235
1602.0000000000	0.6044693990
1602.0100000000	0.6047004135
1602.0200000000	0.6051473409
1602.0300000000	0.6048354531
1602.0400000000	0.6045144104
1602.0500000000	0.6048238625
1602.0600000000	0.6048269570
1602.0700000000	0.6049934452
1602.0800000000	0.6051374009
1602.0900000000	0.6048907389
1602.1000000000	0.6052769160
1602.1100000000	0.6055502518
1602.1200000000	0.6058613705
1602.1300000000	0.6054276414
1602.1400000000	0.6051430246
1602.1500000000	0.6054891982
1602.1600000000	0.6058533738
1602.1700000000	0.6054489972
1602.1800000000	0.6047809078
1602.1900000000	0.6047780758
1602.2000000000	0.6042003492
1602.2100000000	0.6042056628
1602.2200000000	0.6036776467
1602.2300000000	0.6034729274
1602.2400000000	0.6036083422
1602.2500000000	0.6032880270
1602.2600000000	0.6031755938
1602.2700000000	0.6022098592
1602.2800000000	0.6028291717
1602.2900000000	0.6035168393
1602.3000000000	0.6033361002
1602.3100000000	0.6034764461
1602.3200000000	0.6037488580
1602.3300000000	0.6043944550
1602.3400000000	0.6049457821
1602.3500000000	0.6051342829
1602.3600000000	0.6052137628
1602.3700000000	0.6059035129
1602.3800000000	0.6063326134
1602.3900000000	0.6064946681
1602.4000000000	0.6058631312
1602.4100000000	0.6056314509
1602.4200000000	0.6060595901
1602.4300000000	0.6056693057
1602.4400000000	0.6050783878
1602.4500000000	0.6040018903
1602.4600000000	0.6035968098
1602.4700000000	0.6030508417
1602.4800000000	0.6023154093
1602.4900000000	0.6015645393
1602.5000000000	0.6010885441
1602.5100000000	0.6012793165
1602.5200000000	0.6007858842
1602.5300000000	0.6002488662
1602.5400000000	0.5999009770
1602.5500000000	0.6007407735
1602.5600000000	0.6009571276
1602.5700000000	0.6000992522
1602.5800000000	0.6008036185
1602.5900000000	0.6009756166
1602.6000000000	0.6011798978
1602.6100000000	0.6022800785
1602.6200000000	0.6025529250
1602.6300000000	0.6026062640
1602.6400000000	0.6029252044
1602.6500000000	0.6037697255
1602.6600000000	0.6041713065
1602.6700000000	0.6039151602
1602.6800000000	0.6041654589
1602.6900000000	0.6052828394
1602.7000000000	0.6051666249
1602.7100000000	0.6051776247
1602.7200000000	0.6050460166
1602.7300000000	0.6049914261
1602.7400000000	0.6056464268
1602.7500000000	0.6055680675
1602.7600000000	0.6050443691
1602.7700000000	0.6045329695
1602.7800000000	0.6053020514
1602.7900000000	0.6050428942
1602.8000000000	0.6044515118
1602.8100000000	0.6043224902
1602.8200000000	0.6046283323
1602.8300000000	0.6047098375
1602.8400000000	0.6037521796
1602.8500000000	0.6036724870
1602.8600000000	0.6027956216
1602.8700000000	0.6029643140
1602.8800000000	0.6039354717
1602.8900000000	0.6035340495
1602.9000000000	0.6030831153
1602.9100000000	0.6030327338
1602.9200000000	0.6035036629
1602.9300000000	0.6036112900
1602.9400000000	0.6034954468
1602.9500000000	0.6039557209
1602.9600000000	0.6046991422
1602.9700000000	0.6051168963
1602.9800000000	0.6056039705
1602.9900000000	0.6054593541
1603.0000000000	0.6052479088
1603.0100000000	0.6062966380
1603.0200000000	0.6063702959
1603.0300000000	0.6059913604
1603.0400000000	0.6057259545
1603.0500000000	0.6059710868
1603.0600000000	0.6055087139
1603.0700000000	0.6043979083
1603.0800000000	0.6041174273
1603.0900000000	0.6031593019
1603.1000000000	0.6030107895
1603.1100000000	0.6026741801
1603.1200000000	0.6017751282
1603.1300000000	0.6004697758
1603.1400000000	0.6004478246
1603.1500000000	0.6009352999
1603.1600000000	0.6003602387
1603.1700000000	0.6002913872
1603.1800000000	0.6004023343
1603.1900000000	0.6005748789
1603.2000000000	0.6011496735
1603.2100000000	0.6017214596
1603.2200000000	0.6019644625
1603.2300000000	0.6023969957
1603.2400000000	0.6032784854
1603.2500000000	0.6042305641
1603.2600000000	0.6047554198
1603.2700000000	0.6047807559
1603.2800000000	0.6051241568
1603.2900000000	0.6056242273
1603.3000000000	0.6061208205
1603.3100000000	0.6062292459
1603.3200000000	0.6054984890
1603.3300000000	0.6052688695
1603.3400000000	0.6052445713
1603.3500000000	0.6050439122
1603.3600000000	0.6045324844
1603.3700000000	0.6037987300
1603.3800000000	0.6033168277
1603.3900000000	0.6027138842
1603.4000000000	0.6024040117
1603.4100000000	0.6018473650
1603.4200000000	0.6010551382
1603.4300000000	0.6012711081
1603.4400000000	0.6013159647
1603.4500000000	0.6012613556
1603.4600000000	0.6010478467
1603.4700000000	0.6005511952
1603.4800000000	0.6008031302
1603.4900000000	0.6007273698
1603.5000000000	0.6014714823
1603.5100000000	0.6016956042
1603.5200000000	0.6012163833
1603.5300000000	0.6020256624
1603.5400000000	0.6024611863
1603.5500000000	0.6026000370
1603.5600000000	0.6035258851
1603.5700000000	0.6032029918
1603.5800000000	0.6029479786
1603.5900000000	0.6036867930
1603.6000000000	0.6046102552
1603.6100000000	0.6044387475
1603.6200000000	0.6043545295
1603.6300000000	0.6055604829
1603.6400000000	0.6046743572
1603.6500000000	0.6049494317
1603.6600000000	0.6054137553
1603.6700000000	0.6044569862
1603.6800000000	0.6043721839
1603.6900000000	0.6050246473
1603.7000000000	0.6049887082
1603.7100000000	0.6037588299
1603.7200000000	0.6034891462
1603.7300000000	0.6033643555
1603.7400000000	0.6027136491
1603.7500000000	0.6026802903
1603.7600000000	0.6026395679
1603.7700000000	0.6018683620
1603.7800000000	0.6016629426
1603.7900000000	0.6019644241
1603.8000000000	0.6022683089
1603.8100000000	0.6014659302
1603.8200000000	0.6022668618
1603.8300000000	0.6035415543
1603.8400000000	0.6030673976
1603.8500000000	0.6033835571
1603.8600000000	0.6042925065
1603.8700000000	0.6048005981
1603.8800000000	0.6054411157
1603.8900000000	0.6058582615
1603.9000000000	0.6058763955
1603.9100000000	0.6062079810
1603.9200000000	0.6068017954
1603.9300000000	0.6067261720
1603.9400000000	0.6059245879
1603.9500000000	0.6061505935
1603.9600000000	0.6063520236
1603.9700000000	0.6058036591
1603.9800000000	0.6053420423
1603.9900000000	0.6048973848
1604.0000000000	0.6044610343
1604.0100000000	0.6043897851
1604.0200000000	0.6043310788
1604.0300000000	0.6037141374
1604.0400000000	0.6032021677
1604.0500000000	0.6035754923
1604.0600000000	0.6035849681
1604.0700000000	0.6036200497
1604.0800000000	0.6036553326
1604.0900000000	0.6039144588
1604.1000000000	0.6047434907
1604.1100000000	0.6051934179
1604.1200000000	0.6055940175
1604.1300000000	0.6055369241
1604.1400000000	0.6061351322
1604.1500000000	0.6068044043
1604.1600000000	0.6063930935
1604.1700000000	0.6060215565
1604.1800000000	0.6062720592
1604.1900000000	0.6064538029
1604.2000000000	0.6061456652
1604.2100000000	0.6053394321
1604.2200000000	0.6047026952
1604.2300000000	0.6045521415
1604.2400000000	0.6041216071
1604.2500000000	0.6034909983
1604.2600000000	0.6027729985
1604.2700000000	0.6025678489
1604.2800000000	0.6026553921
1604.2900000000	0.6022456935
1604.3000000000	0.6017043377
1604.3100000000	0.6015027399
1604.3200000000	0.6017051439
1604.3300000000	0.6017580745
1604.3400000000	0.6018531858
1604.3500000000	0.6016915629
1604.3600000000	0.6020709214
1604.3700000000	0.6028604112
1604.3800000000	0.6027717411
1604.3900000000	0.6025411229
1604.4000000000	0.6027642017
1604.4100000000	0.6034969953
1604.4200000000	0.6035207812
1604.4300000000	0.6034262244
1604.4400000000	0.6038092254
1604.4500000000	0.6041103122
1604.4600000000	0.6044097997
1604.4700000000	0.6044987552
1604.4800000000	0.6042555466
1604.4900000000	0.6045419327
1604.5000000000	0.6049608369
1604.5100000000	0.6047196734
1604.5200000000	0.6043034955
1604.5300000000	0.6040894630
1604.5400000000	0.6043456774
1604.5500000000	0.6044207473
1604.5600000000	0.6039330619
1604.5700000000	0.6035349936
1604.5800000000	0.6033109152
1604.5900000000	0.6031569953
1604.6000000000	0.6030218397
1604.6100000000	0.6025853783
1604.6200000000	0.6019838795
1604.6300000000	0.6021755217
1604.6400000000	0.6026009324
1604.6500000000	0.6021633456
1604.6600000000	0.6017399800
1604.6700000000	0.6017427901
1604.6800000000	0.6021756941
1604.6900000000	0.6027209602
1604.7000000000	0.6025708135
1604.7100000000	0.6027906784
1604.7200000000	0.6031072342
1604.7300000000	0.6038246567
1604.7400000000	0.6043310046
1604.7500000000	0.6043065867
1604.7600000000	0.6046984293
1604.7700000000	0.6050418260
1604.7800000000	0.6050520812
1604.7900000000	0.6047504583
1604.8000000000	0.6044369417
1604.8100000000	0.6044885604
1604.8200000000	0.6045611700
1604.8300000000	0.6039043044
1604.8400000000	0.6034304416
1604.8500000000	0.6031897921
1604.8600000000	0.6025991231
1604.8700000000	0.6020490255
1604.8800000000	0.6016002927
1604.8900000000	0.6014510268
1604.9000000000	0.6015767073
1604.9100000000	0.6017044432
1604.9200000000	0.6013175624
1604.9300000000	0.6009764603
1604.9400000000	0.6013998028
1604.9500000000	0.6019661616
1604.9600000000	0.6024800858
1604.9700000000	0.6024988640
1604.9800000000	0.6030182380
1604.9900000000	0.6036090940
1605.0000000000	0.6038452247
1605.0100000000	0.6037704429
1605.0200000000	0.6038817607
1605.0300000000	0.6043817397
1605.0400000000	0.6040442155
1605.0500000000	0.6035061216
1605.0600000000	0.6032296270
1605.0700000000	0.6032411841
1605.0800000000	0.6030189424
1605.0900000000	0.6023984965
1605.1000000000	0.6021095323
1605.1100000000	0.6022536404
1605.1200000000	0.6021820846
1605.1300000000	0.6019469270
1605.1400000000	0.6017758201
1605.1500000000	0.6016653631
1605.1600000000	0.6019171560
1605.1700000000	0.6023955842
1605.1800000000	0.6024773133
1605.1900000000	0.6025198742
1605.2000000000	0.6027349131
1605.2100000000	0.6034325019
1605.2200000000	0.6037247219
1605.2300000000	0.6038434745
1605.2400000000	0.6039294903
1605.2500000000	0.6044828506
1605.2600000000	0.6048269570
1605.2700000000	0.6044425536
1605.2800000000	0.6041959066
1605.2900000000	0.6042808054
1605.3000000000	0.6045149793
1605.3100000000	0.6037747288
1605.3200000000	0.6034277713
1605.3300000000	0.6032179861
1605.3400000000	0.6027247113
1605.3500000000	0.6022049153
1605.3600000000	0.6017691583
1605.3700000000	0.6019468295
1605.3800000000	0.6021774066
1605.3900000000	0.6017640568
1605.4000000000	0.6014212850
1605.4100000000	0.6014649119
1605.4200000000	0.6016604544
1605.4300000000	0.6017427135
1605.4400000000	0.6015464800
1605.4500000000	0.6019095783
1605.4600000000	0.6023455977
1605.4700000000	0.6022865961
1605.4800000000	0.6020905899
1605.4900000000	0.6021547918
1605.5000000000	0.6024551888
1605.5100000000	0.6025499446
1605.5200000000	0.6024127396
1605.5300000000	0.6022813031
1605.5400000000	0.6024415453
1605.5500000000	0.6026969462
1605.5600000000	0.6024499776
1605.5700000000	0.6021310617
1605.5800000000	0.6028577198
1605.5900000000	0.6025553436
1605.6000000000	0.6020350198
1605.6100000000	0.6026337152
1605.6200000000	0.6034701119
1605.6300000000	0.6033894297
1605.6400000000	0.6031092297
1605.6500000000	0.6035882813
1605.6600000000	0.6039060530
1605.6700000000	0.6037017665
1605.6800000000	0.6036901572
1605.6900000000	0.6042600689
1605.7000000000	0.6043370525
1605.7100000000	0.6040375053
1605.7200000000	0.6038436550
1605.7300000000	0.6036838306
1605.7400000000	0.6038152976
1605.7500000000	0.6038689273
1605.7600000000	0.6037542771
1605.7700000000	0.6040156280
1605.7800000000	0.6042190944
1605.7900000000	0.6037741386
1605.8000000000	0.6032868975
1605.8100000000	0.6036509759
1605.8200000000	0.6039471411
1605.8300000000	0.6037550213
1605.8400000000	0.6038792655
1605.8500000000	0.6043898673
1605.8600000000	0.6044277902
1605.8700000000	0.6039315241
1605.8800000000	0.6038485977
1605.8900000000	0.6041141367
1605.9000000000	0.6045200038
1605.9100000000	0.6041036928
1605.9200000000	0.6036391773
1605.9300000000	0.6034448691
1605.9400000000	0.6034990057
1605.9500000000	0.6035711602
1605.9600000000	0.6029643953
1605.9700000000	0.6029318902
1605.9800000000	0.6032750126
1605.9900000000	0.6031894738
1606.0000000000	0.6022782650
1606.0100000000	0.6022441393
1606.0200000000	0.6028024222
1606.0300000000	0.6030422967
1606.0400000000	0.6031028002
1606.0500000000	0.6030577391
1606.0600000000	0.6030642941
1606.0700000000	0.6030260926
1606.0800000000	0.6032465748
1606.0900000000	0.6030720934
1606.1000000000	0.6028360693
1606.1100000000	0.6031518416
1606.1200000000	0.6033004005
1606.1300000000	0.6027838469
1606.1400000000	0.6018820397
1606.1500000000	0.6017197269
1606.1600000000	0.6016001252
1606.1700000000	0.6010442007
1606.1800000000	0.5999999703
1606.1900000000	0.5997096040
1606.2000000000	0.5992668307
1606.2100000000	0.5983909941
1606.2200000000	0.5983865727
1606.2300000000	0.5983124502
1606.2400000000	0.5987256882
1606.2500000000	0.5990132424
1606.2600000000	0.5984566326
1606.2700000000	0.5985326828
1606.2800000000	0.5992932507
1606.2900000000	0.6000600649
1606.3000000000	0.6004175663
1606.3100000000	0.6010247381
1606.3200000000	0.6016042200
1606.3300000000	0.6022781017
1606.3400000000	0.6027494108
1606.3500000000	0.6026169285
1606.3600000000	0.6026343056
1606.3700000000	0.6033066171
1606.3800000000	0.6040932355
1606.3900000000	0.6033651675
1606.4000000000	0.6029499588
1606.4100000000	0.6030097224
1606.4200000000	0.6028713934
1606.4300000000	0.6024983087
1606.4400000000	0.6021151956
1606.4500000000	0.6015321569
1606.4600000000	0.6008581258
1606.4700000000	0.6007600495
1606.4800000000	0.5998912752
1606.4900000000	0.5993235811
1606.5000000000	0.5993797873
1606.5100000000	0.5995178201
1606.5200000000	0.5989198949
1606.5300000000	0.5977813807
1606.5400000000	0.5982010340
1606.5500000000	0.5985253329
1606.5600000000	0.5983608631
1606.5700000000	0.5986412871
1606.5800000000	0.5987464603
1606.5900000000	0.5990130089
1606.6000000000	0.5994105246
1606.6100000000	0.5997571219
1606.6200000000	0.5996557019
1606.6300000000	0.6000595784
1606.6400000000	0.6012521346
1606.6500000000	0.6019476020
1606.6600000000	0.6017302535
1606.6700000000	0.6019415921
1606.6800000000	0.6025331942
1606.6900000000	0.6027674302
1606.7000000000	0.6031428236
1606.7100000000	0.6032894598
1606.7200000000	0.6030551567
1606.7300000000	0.6033507110
1606.7400000000	0.6033297175
1606.7500000000	0.6017847954
1606.7600000000	0.6015408192
1606.7700000000	0.6018279093
1606.7800000000	0.6011427403
1606.7900000000	0.5998240993
1606.8000000000	0.5990403192
1606.8100000000	0.5990346218
1606.8200000000	0.5981435906
1606.8300000000	0.5973541411
1606.8400000000	0.5973055121
1606.8500000000	0.5967949075
1606.8600000000	0.5973677605
1606.8700000000	0.5975308529
1606.8800000000	0.5974627222
1606.8900000000	0.5978657103
1606.9000000000	0.5993308832
1606.9100000000	0.6004222418
1606.9200000000	0.6001544424
1606.9300000000	0.6012846669
1606.9400000000	0.6030213239
1606.9500000000	0.6034777450
1606.9600000000	0.6035040133
1606.9700000000	0.6047254886
1606.9800000000	0.6047911593
1606.9900000000	0.6041606163
1607.0000000000	0.6037228429
1607.0100000000	0.6021256221
1607.0200000000	0.6006078329
1607.0300000000	0.5997685244
1607.0400000000	0.5985221384
1607.0500000000	0.5956856626
1607.0600000000	0.5939272238
1607.0700000000	0.5929025938
1607.0800000000	0.5912410390
1607.0900000000	0.5892987115
1607.1000000000	0.5887056736
1607.1100000000	0.5883303826
1607.1200000000	0.5873962888
1607.1300000000	0.5878789816
1607.1400000000	0.5879093429
1607.1500000000	0.5882730026
1607.1600000000	0.5900777727
1607.1700000000	0.5923882210
1607.1800000000	0.5935834704
1607.1900000000	0.5946430222
1607.2000000000	0.5969356712
1607.2100000000	0.5991215208
1607.2200000000	0.6002368063
1607.2300000000	0.6018189677
1607.2400000000	0.6036937518
1607.2500000000	0.6044967255
1607.2600000000	0.6049989946
1607.2700000000	0.6050562022
1607.2800000000	0.6038619370
1607.2900000000	0.6031829536
1607.3000000000	0.6027303104
1607.3100000000	0.6008727948
1607.3200000000	0.5984158347
1607.3300000000	0.5966054901
1607.3400000000	0.5948144221
1607.3500000000	0.5924556542
1607.3600000000	0.5905641941
1607.3700000000	0.5895415903
1607.3800000000	0.5885998905
1607.3900000000	0.5872949712
1607.4000000000	0.5865755692
1607.4100000000	0.5861985264
1607.4200000000	0.5863948232
1607.4300000000	0.5877161697
1607.4400000000	0.5884679062
1607.4500000000	0.5894739822
1607.4600000000	0.5908219346
1607.4700000000	0.5924671310
1607.4800000000	0.5936126916
1607.4900000000	0.5944105170
1607.5000000000	0.5966115616
1607.5100000000	0.5985925390
1607.5200000000	0.5999114870
1607.5300000000	0.6007053413
1607.5400000000	0.6009545665
1607.5500000000	0.6013353468
1607.5600000000	0.6018628576
1607.5700000000	0.6015289870
1607.5800000000	0.6009696535
1607.5900000000	0.6005758967
1607.6000000000	0.5993370110
1607.6100000000	0.5981418629
1607.6200000000	0.5963632208
1607.6300000000	0.5953890043
1607.6400000000	0.5945026322
1607.6500000000	0.5935622768
1607.6600000000	0.5923330568
1607.6700000000	0.5911217720
1607.6800000000	0.5908694319
1607.6900000000	0.5908455695
1607.7000000000	0.5910402553
1607.7100000000	0.5914504072
1607.7200000000	0.5926612357
1607.7300000000	0.5936647850
1607.7400000000	0.5943936597
1607.7500000000	0.5952554755
1607.7600000000	0.5963451229
1607.7700000000	0.5984680118
1607.7800000000	0.5998748664
1607.7900000000	0.6009703548
1607.8000000000	0.6015704020
1607.8100000000	0.6024667458
1607.8200000000	0.6035730487
1607.8300000000	0.6039059777
1607.8400000000	0.6036595558
1607.8500000000	0.6036419754
1607.8600000000	0.6036470295
1607.8700000000	0.6027638149
1607.8800000000	0.6016318270
1607.8900000000	0.6001422670
1607.9000000000	0.5992768482
1607.9100000000	0.5987442264
1607.9200000000	0.5974956795
1607.9300000000	0.5962088753
1607.9400000000	0.5955500869
1607.9500000000	0.5951329585
1607.9600000000	0.5943449342
1607.9700000000	0.5939736094
1607.9800000000	0.5940969014
1607.9900000000	0.5951633223
1608.0000000000	0.5958836121
1608.0100000000	0.5959218144
1608.0200000000	0.5966223466
1608.0300000000	0.5974212085
1608.0400000000	0.5989876044
1608.0500000000	0.5995681568
1608.0600000000	0.6004300517
1608.0700000000	0.6014173268
1608.0800000000	0.6018835795
1608.0900000000	0.6026859023
1608.1000000000	0.6029776810
1608.1100000000	0.6029080703
1608.1200000000	0.6028961507
1608.1300000000	0.6027996016
1608.1400000000	0.6022363245
1608.1500000000	0.6011772512
1608.1600000000	0.6008984297
1608.1700000000	0.6009623598
1608.1800000000	0.6001006143
1608.1900000000	0.5992320093
1608.2000000000	0.5992863220
1608.2100000000	0.5990762052
1608.2200000000	0.5988278858
1608.2300000000	0.5989234126
1608.2400000000	0.5993411668
1608.2500000000	0.6001144066
1608.2600000000	0.6007221867
1608.2700000000	0.6007441918
1608.2800000000	0.6008535263
1608.2900000000	0.6017300484
1608.3000000000	0.6027684597
1608.3100000000	0.6028638149
1608.3200000000	0.6029336087
1608.3300000000	0.6036827690
1608.3400000000	0.6038189749
1608.3500000000	0.6034558410
1608.3600000000	0.6036321595
1608.3700000000	0.6031531853
1608.3800000000	0.6034364111
1608.3900000000	0.6037311925
1608.4000000000	0.6027674675
1608.4100000000	0.6019506566
1608.4200000000	0.6018950371
1608.4300000000	0.6022003921
1608.4400000000	0.6018666120
1608.4500000000	0.6012871745
1608.4600000000	0.6015478963
1608.4700000000	0.6020380533
1608.4800000000	0.6020179389
1608.4900000000	0.6018666318
1608.5000000000	0.6022076365
1608.5100000000	0.6026543098
1608.5200000000	0.6033712232
1608.5300000000	0.6036105546
1608.5400000000	0.6030593822
1608.5500000000	0.6030239332
1608.5600000000	0.6038776180
1608.5700000000	0.6039702440
1608.5800000000	0.6032399699
1608.5900000000	0.6030680871
1608.6000000000	0.6028961507
1608.6100000000	0.6027242702
1608.6200000000	0.6020903104
1608.6300000000	0.6018426185
1608.6400000000	0.6014407212
1608.6500000000	0.6017095374
1608.6600000000	0.6016274127
1608.6700000000	0.6003207368
1608.6800000000	0.6000788072
1608.6900000000	0.6002340127
1608.7000000000	0.6004474790
1608.7100000000	0.6001962964
1608.7200000000	0.6004188611
1608.7300000000	0.6009894673
1608.7400000000	0.6010011421
1608.7500000000	0.6007865886
1608.7600000000	0.6008515671
1608.7700000000	0.6013122930
1608.7800000000	0.6015560671
1608.7900000000	0.6014617254
1608.8000000000	0.6010011275
1608.8100000000	0.6009385688
1608.8200000000	0.6010270635
1608.8300000000	0.6007768521
1608.8400000000	0.6004137436
1608.8500000000	0.6004810742
1608.8600000000	0.6007804091
1608.8700000000	0.6002341375
1608.8800000000	0.5996781983
1608.8900000000	0.5997565822
1608.9000000000	0.6001124603
1608.9100000000	0.6001265361
1608.9200000000	0.5999944185
1608.9300000000	0.5999215487
1608.9400000000	0.5997932634
1608.9500000000	0.6001706421
1608.9600000000	0.5993564264
1608.9700000000	0.5990377827
1608.9800000000	0.5991047169
1608.9900000000	0.5994246552
1609.0000000000	0.5994632875
1609.0100000000	0.5987128243
1609.0200000000	0.5983909941
1609.0300000000	0.5984068021
1609.0400000000	0.5986203688
1609.0500000000	0.5984113466
1609.0600000000	0.5981609165
1609.0700000000	0.5981049617
1609.0800000000	0.5981346977
1609.0900000000	0.5982050789
1609.1000000000	0.5980695949
1609.1100000000	0.5983098439
1609.1200000000	0.5988742218
1609.1300000000	0.5995909357
1609.1400000000	0.5995201934
1609.1500000000	0.5995215371
1609.1600000000	0.5998947691
1609.1700000000	0.6004767337
1609.1800000000	0.6006456354
1609.1900000000	0.6007487861
1609.2000000000	0.6011590702
1609.2100000000	0.6014085308
1609.2200000000	0.6015249692
1609.2300000000	0.6006475370
1609.2400000000	0.6000541446
1609.2500000000	0.5997724842
1609.2600000000	0.5996839791
1609.2700000000	0.5990136785
1609.2800000000	0.5978882740
1609.2900000000	0.5977516843
1609.3000000000	0.5973400125
1609.3100000000	0.5965376590
1609.3200000000	0.5958830173
1609.3300000000	0.5959215341
1609.3400000000	0.5960164900
1609.3500000000	0.5956675339
1609.3600000000	0.5955392070
1609.3700000000	0.5959593126
1609.3800000000	0.5969322655
1609.3900000000	0.5974857020
1609.4000000000	0.5974498074
1609.4100000000	0.5978267902
1609.4200000000	0.5988704094
1609.4300000000	0.5992418703
1609.4400000000	0.5990766889
1609.4500000000	0.5995657293
1609.4600000000	0.6002131402
1609.4700000000	0.6006078329
1609.4800000000	0.6005899559
1609.4900000000	0.6004369710
1609.5000000000	0.6001448317
1609.5100000000	0.6001859350
1609.5200000000	0.6003074988
1609.5300000000	0.5999892863
1609.5400000000	0.5990864680
1609.5500000000	0.5987216736
1609.5600000000	0.5988529650
1609.5700000000	0.5978904502
1609.5800000000	0.5970368278
1609.5900000000	0.5971090985
1609.6000000000	0.5967387200
1609.6100000000	0.5961026647
1609.6200000000	0.5953789170
1609.6300000000	0.5953788876
1609.6400000000	0.5954590742
1609.6500000000	0.5954966341
1609.6600000000	0.5955160722
1609.6700000000	0.5953539506
1609.6800000000	0.5957898247
1609.6900000000	0.5964602460
1609.7000000000	0.5964185806
1609.7100000000	0.5964186186
1609.7200000000	0.5970316458
1609.7300000000	0.5975210965
1609.7400000000	0.5983960697
1609.7500000000	0.5987553741
1609.7600000000	0.5988915800
1609.7700000000	0.5995324683
1609.7800000000	0.6000510605
1609.7900000000	0.6002981996
1609.8000000000	0.5999360900
1609.8100000000	0.5998283683
1609.8200000000	0.6000786438
1609.8300000000	0.6000435528
1609.8400000000	0.5987439815
1609.8500000000	0.5980713246
1609.8600000000	0.5979976850
1609.8700000000	0.5969836258
1609.8800000000	0.5955595196
1609.8900000000	0.5942997287
1609.9000000000	0.5938541612
1609.9100000000	0.5928206356
1609.9200000000	0.5918673579
1609.9300000000	0.5912849453
1609.9400000000	0.5906732596
1609.9500000000	0.5908109015
1609.9600000000	0.5907637125
1609.9700000000	0.5905885308
1609.9800000000	0.5908307697
1609.9900000000	0.5921052711
1610.0000000000	0.5932812646
1610.0100000000	0.5936484667
1610.0200000000	0.5944909779
1610.0300000000	0.5962286932
1610.0400000000	0.5970628957
1610.0500000000	0.5971608911
1610.0600000000	0.5983446251
1610.0700000000	0.5996615740
1610.0800000000	0.5999606922
1610.0900000000	0.5999012466
1610.1000000000	0.6000966279
1610.1100000000	0.5997433627
1610.1200000000	0.5994293214
1610.1300000000	0.5995709216
1610.1400000000	0.5988629205
1610.1500000000	0.5981049617
1610.1600000000	0.5981016777
1610.1700000000	0.5979374846
1610.1800000000	0.5967911343
1610.1900000000	0.5965336379
1610.2000000000	0.5969897277
1610.2100000000	0.5970601942
1610.2200000000	0.5973033018
1610.2300000000	0.5973267561
1610.2400000000	0.5979686532
1610.2500000000	0.5988432060
1610.2600000000	0.5995556308
1610.2700000000	0.5997844062
1610.2800000000	0.6001846216
1610.2900000000	0.6012514138
1610.3000000000	0.6016629478
1610.3100000000	0.6011934305
1610.3200000000	0.6012271536
1610.3300000000	0.6018814165
1610.3400000000	0.6017051552
1610.3500000000	0.6007733975
1610.3600000000	0.6001138426
1610.3700000000	0.5992743878
1610.3800000000	0.5986430390
1610.3900000000	0.5979944506
1610.4000000000	0.5968410143
1610.4100000000	0.5956154688
1610.4200000000	0.5956693366
1610.4300000000	0.5956042583
1610.4400000000	0.5947350687
1610.4500000000	0.5939375266
1610.4600000000	0.5944472342
1610.4700000000	0.5949062627
1610.4800000000	0.5952190233
1610.4900000000	0.5956603930
1610.5000000000	0.5961868224
1610.5100000000	0.5970899631
1610.5200000000	0.5974291399
1610.5300000000	0.5975966970
1610.5400000000	0.5978785374
1610.5500000000	0.5983771668
1610.5600000000	0.5987290748
1610.5700000000	0.5979633818
1610.5800000000	0.5977140485
1610.5900000000	0.5978171992
1610.6000000000	0.5970062966
1610.6100000000	0.5959679256
1610.6200000000	0.5953976686
1610.6300000000	0.5946499041
1610.6400000000	0.5935362932
1610.6500000000	0.5931561633
1610.6600000000	0.5921566409
1610.6700000000	0.5915172847
1610.6800000000	0.5912472314
1610.6900000000	0.5913310152
1610.7000000000	0.5905122297
1610.7100000000	0.5904376437
1610.7200000000	0.5915104688
1610.7300000000	0.5917469744
1610.7400000000	0.5918785306
1610.7500000000	0.5927028409
1610.7600000000	0.5937230409
1610.7700000000	0.5941984315
1610.7800000000	0.5947667488
1610.7900000000	0.5953435226
1610.8000000000	0.5965859058
1610.8100000000	0.5975950149
1610.8200000000	0.5975343334
1610.8300000000	0.5973226647
1610.8400000000	0.5977860466
1610.8500000000	0.5983638647
1610.8600000000	0.5980393735
1610.8700000000	0.5978985025
1610.8800000000	0.5981764989
1610.8900000000	0.5979745731
1610.9000000000	0.5974112417
1610.9100000000	0.5968431855
1610.9200000000	0.5961548010
1610.9300000000	0.5951899215
1610.9400000000	0.5955638239
1610.9500000000	0.5954161938
1610.9600000000	0.5940426067
1610.9700000000	0.5934464507
1610.9800000000	0.5940267943
1610.9900000000	0.5935116966
1611.0000000000	0.5918814636
1611.0100000000	0.5924241262
1611.0200000000	0.5925191663
1611.0300000000	0.5922939819
1611.0400000000	0.5925298437
1611.0500000000	0.5927940071
1611.0600000000	0.5925268116
1611.0700000000	0.5933982902
1611.0800000000	0.5943358663
1611.0900000000	0.5944590296
1611.1000000000	0.5952866118
1611.1100000000	0.5960842724
1611.1200000000	0.5968388115
1611.1300000000	0.5970054178
1611.1400000000	0.5974098877
1611.1500000000	0.5986315540
1611.1600000000	0.5988022021
1611.1700000000	0.5991150392
1611.1800000000	0.5992061656
1611.1900000000	0.5990131292
1611.2000000000	0.5987733065
1611.2100000000	0.5986096825
1611.2200000000	0.5977958155
1611.2300000000	0.5975426492
1611.2400000000	0.5975715531
1611.2500000000	0.5968019185
1611.2600000000	0.5954319285
1611.2700000000	0.5947429242
1611.2800000000	0.5949013180
1611.2900000000	0.5942001322
1611.3000000000	0.5936761821
1611.3100000000	0.5937454756
1611.3200000000	0.5939789941
1611.3300000000	0.5941428741
1611.3400000000	0.5941559385
1611.3500000000	0.5946487709
1611.3600000000	0.5957391058
1611.3700000000	0.5964624751
1611.3800000000	0.5966414799
1611.3900000000	0.5969944679
1611.4000000000	0.5973927057
1611.4100000000	0.5981442547
1611.4200000000	0.5983090272
1611.4300000000	0.5981298957
1611.4400000000	0.5984592805
1611.4500000000	0.5985520900
1611.4600000000	0.5981629640
1611.4700000000	0.5973466707
1611.4800000000	0.5969102033
1611.4900000000	0.5968780545
1611.5000000000	0.5960939836
1611.5100000000	0.5953830613
1611.5200000000	0.5946766708
1611.5300000000	0.5942065946
1611.5400000000	0.5938185358
1611.5500000000	0.5933427987
1611.5600000000	0.5926070860
1611.5700000000	0.5924082004
1611.5800000000	0.5923163060
1611.5900000000	0.5923353954
1611.6000000000	0.5921794663
1611.6100000000	0.5918955095
1611.6200000000	0.5926686091
1611.6300000000	0.5932168870
1611.6400000000	0.5933018401
1611.6500000000	0.5934548699
1611.6600000000	0.5938932214
1611.6700000000	0.5940976055
1611.6800000000	0.5943836306
1611.6900000000	0.5945343600
1611.7000000000	0.5947862254
1611.7100000000	0.5953571951
1611.7200000000	0.5951643924
1611.7300000000	0.5950300256
1611.7400000000	0.5951091812
1611.7500000000	0.5955574368
1611.7600000000	0.5959482209
1611.7700000000	0.5953844565
1611.7800000000	0.5952889932
1611.7900000000	0.5952775029
1611.8000000000	0.5951095322
1611.8100000000	0.5948750962
1611.8200000000	0.5943065162
1611.8300000000	0.5944640978
1611.8400000000	0.5943295154
1611.8500000000	0.5934553443
1611.8600000000	0.5926931751
1611.8700000000	0.5918745312
1611.8800000000	0.5914902431
1611.8900000000	0.5911428033
1611.9000000000	0.5898766535
1611.9100000000	0.5891008343
1611.9200000000	0.5887667417
1611.9300000000	0.5880070328
1611.9400000000	0.5871599100
1611.9500000000	0.5869422061
1611.9600000000	0.5870208843
1611.9700000000	0.5870208843
1611.9800000000	0.5867585452
1611.9900000000	0.5869565159
1612.0000000000	0.5877073220
1612.0100000000	0.5884314334
1612.0200000000	0.5891998367
1612.0300000000	0.5897240260
1612.0400000000	0.5907043472
1612.0500000000	0.5917321233
1612.0600000000	0.5920852780
1612.0700000000	0.5927161602
1612.0800000000	0.5935380836
1612.0900000000	0.5943486279
1612.1000000000	0.5952459946
1612.1100000000	0.5950858095
1612.1200000000	0.5949999881
1612.1300000000	0.5952960579
1612.1400000000	0.5954250902
1612.1500000000	0.5952667241
1612.1600000000	0.5949957067
1612.1700000000	0.5947311071
1612.1800000000	0.5949460737
1612.1900000000	0.5941846156
1612.2000000000	0.5933141689
1612.2100000000	0.5931726780
1612.2200000000	0.5932589484
1612.2300000000	0.5930687235
1612.2400000000	0.5926428472
1612.2500000000	0.5925181327
1612.2600000000	0.5926272948
1612.2700000000	0.5928413799
1612.2800000000	0.5926455208
1612.2900000000	0.5926022551
1612.3000000000	0.5929281840
1612.3100000000	0.5934029987
1612.3200000000	0.5936061201
1612.3300000000	0.5931732542
1612.3400000000	0.5933376378
1612.3500000000	0.5935896105
1612.3600000000	0.5938364664
1612.3700000000	0.5940203583
1612.3800000000	0.5936204177
1612.3900000000	0.5942112572
1612.4000000000	0.5945705785
1612.4100000000	0.5944467313
1612.4200000000	0.5945779762
1612.4300000000	0.5946853419
1612.4400000000	0.5950070059
1612.4500000000	0.5953432410
1612.4600000000	0.5949528649
1612.4700000000	0.5952814536
1612.4800000000	0.5959709616
1612.4900000000	0.5961026764
1612.5000000000	0.5958874123
1612.5100000000	0.5956769539
1612.5200000000	0.5959596601
1612.5300000000	0.5957606169
1612.5400000000	0.5953606774
1612.5500000000	0.5950898584
1612.5600000000	0.5951752083
1612.5700000000	0.5951270243
1612.5800000000	0.5945391974
1612.5900000000	0.5936926581
1612.6000000000	0.5931496702
1612.6100000000	0.5931555943
1612.6200000000	0.5928540735
1612.6300000000	0.5926220496
1612.6400000000	0.5926926720
1612.6500000000	0.5929156502
1612.6600000000	0.5930705759
1612.6700000000	0.5922205982
1612.6800000000	0.5924570873
1612.6900000000	0.5932734060
1612.7000000000	0.5935212208
1612.7100000000	0.5937160167
1612.7200000000	0.5938755752
1612.7300000000	0.5942963157
1612.7400000000	0.5943149299
1612.7500000000	0.5942179843
1612.7600000000	0.5943348197
1612.7700000000	0.5945545146
1612.7800000000	0.5946994965
1612.7900000000	0.5944260115
1612.8000000000	0.5936234009
1612.8100000000	0.5935587285
1612.8200000000	0.5936647496
1612.8300000000	0.5934342529
1612.8400000000	0.5929117215
1612.8500000000	0.5927458733
1612.8600000000	0.5928493096
1612.8700000000	0.5924662663
1612.8800000000	0.5921152607
1612.8900000000	0.5922018133
1612.9000000000	0.5925780789
1612.9100000000	0.5929841366
1612.9200000000	0.5931258085
1612.9300000000	0.5931026535
1612.9400000000	0.5927774619
1612.9500000000	0.5935255590
1612.9600000000	0.5942221189
1612.9700000000	0.5938123124
1612.9800000000	0.5940361321
1612.9900000000	0.5941357859
1613.0000000000	0.5944102498
1613.0100000000	0.5942591629
1613.0200000000	0.5939010742
1613.0300000000	0.5942870158
1613.0400000000	0.5943312155
1613.0500000000	0.5941576266
1613.0600000000	0.5939289513
1613.0700000000	0.5930410741
1613.0800000000	0.5928561930
1613.0900000000	0.5930110155
1613.1000000000	0.5926168900
1613.1100000000	0.5921009377
1613.1200000000	0.5920588555
1613.1300000000	0.5924075226
1613.1400000000	0.5917086884
1613.1500000000	0.5911269714
1613.1600000000	0.5911645626
1613.1700000000	0.5911867029
1613.1800000000	0.5913973187
1613.1900000000	0.5908980932
1613.2000000000	0.5904000662
1613.2100000000	0.5903502122
1613.2200000000	0.5906185263
1613.2300000000	0.5904268290
1613.2400000000	0.5895414628
1613.2500000000	0.5898908440
1613.2600000000	0.5899803746
1613.2700000000	0.5900820125
1613.2800000000	0.5900341992
1613.2900000000	0.5898416437
1613.3000000000	0.5905921536
1613.3100000000	0.5913638673
1613.3200000000	0.5916979862
1613.3300000000	0.5917111660
1613.3400000000	0.5913529766
1613.3500000000	0.5922324637
1613.3600000000	0.5927443265
1613.3700000000	0.5925350584
1613.3800000000	0.5924833196
1613.3900000000	0.5920785567
1613.4000000000	0.5923537823
1613.4100000000	0.5915644809
1613.4200000000	0.5911070851
1613.4300000000	0.5903755896
1613.4400000000	0.5892300571
1613.4500000000	0.5892550604
1613.4600000000	0.5885541769
1613.4700000000	0.5871368220
1613.4800000000	0.5858237608
1613.4900000000	0.5850740752
1613.5000000000	0.5850307292
1613.5100000000	0.5848588461
1613.5200000000	0.5842319806
1613.5300000000	0.5840408397
1613.5400000000	0.5834838200
1613.5500000000	0.5837979797
1613.5600000000	0.5847325665
1613.5700000000	0.5848387695
1613.5800000000	0.5858721221
1613.5900000000	0.5866794290
1613.6000000000	0.5881760043
1613.6100000000	0.5889211515
1613.6200000000	0.5890656514
1613.6300000000	0.5904672297
1613.6400000000	0.5912681053
1613.6500000000	0.5929474861
1613.6600000000	0.5931342497
1613.6700000000	0.5928312634
1613.6800000000	0.5933600683
1613.6900000000	0.5933773083
1613.7000000000	0.5935230310
1613.7100000000	0.5925264297
1613.7200000000	0.5924266303
1613.7300000000	0.5925099854
1613.7400000000	0.5909124599
1613.7500000000	0.5906880364
1613.7600000000	0.5895181596
1613.7700000000	0.5888072431
1613.7800000000	0.5894133378
1613.7900000000	0.5889258475
1613.8000000000	0.5884012112
1613.8100000000	0.5869916344
1613.8200000000	0.5880498564
1613.8300000000	0.5877136467
1613.8400000000	0.5867822657
1613.8500000000	0.5876504572
1613.8600000000	0.5879597104
1613.8700000000	0.5881969009
1613.8800000000	0.5877560168
1613.8900000000	0.5879618226
1613.9000000000	0.5881110375
1613.9100000000	0.5881589383
1613.9200000000	0.5894095508
1613.9300000000	0.5887982514
1613.9400000000	0.5892741821
1613.9500000000	0.5901238628
1613.9600000000	0.5903482019
1613.9700000000	0.5899867882
1613.9800000000	0.5906125058
1613.9900000000	0.5923084111
1614.0000000000	0.5921632063
1614.0100000000	0.5918725942
1614.0200000000	0.5930953444
1614.0300000000	0.5927070093
1614.0400000000	0.5928111049
1614.0500000000	0.5940499124
1614.0600000000	0.5935672043
1614.0700000000	0.5933652899
1614.0800000000	0.5939327705
1614.0900000000	0.5943442548
1614.1000000000	0.5931697483
1614.1100000000	0.5926919724
1614.1200000000	0.5930553624
1614.1300000000	0.5927441860
1614.1400000000	0.5920474887
1614.1500000000	0.5916279930
1614.1600000000	0.5915260408
1614.1700000000	0.5909992523
1614.1800000000	0.5909458816
1614.1900000000	0.5909865209
1614.2000000000	0.5904632705
1614.2100000000	0.5906656275
1614.2200000000	0.5910421692
1614.2300000000	0.5908395164
1614.2400000000	0.5906274149
1614.2500000000	0.5919288414
1614.2600000000	0.5927278187
1614.2700000000	0.5923053333
1614.2800000000	0.5927554025
1614.2900000000	0.5937142414
1614.3000000000	0.5933267900
1614.3100000000	0.5936684675
1614.3200000000	0.5941581048
1614.3300000000	0.5936605914
1614.3400000000	0.5943325993
1614.3500000000	0.5943903548
1614.3600000000	0.5934469308
1614.3700000000	0.5927345599
1614.3800000000	0.5931905282
1614.3900000000	0.5931081206
1614.4000000000	0.5918195112
1614.4100000000	0.5912042301
1614.4200000000	0.5913320289
1614.4300000000	0.5910045647
1614.4400000000	0.5903632566
1614.4500000000	0.5903375312
1614.4600000000	0.5903389491
1614.4700000000	0.5902974866
1614.4800000000	0.5902865087
1614.4900000000	0.5898186913
1614.5000000000	0.5895773647
1614.5100000000	0.5899557921
1614.5200000000	0.5907982291
1614.5300000000	0.5901488757
1614.5400000000	0.5897877415
1614.5500000000	0.5910077349
1614.5600000000	0.5902594488
1614.5700000000	0.5898812669
1614.5800000000	0.5906449740
1614.5900000000	0.5912739960
1614.6000000000	0.5911770521
1614.6100000000	0.5911012262
1614.6200000000	0.5913322093
1614.6300000000	0.5916833424
1614.6400000000	0.5919901415
1614.6500000000	0.5924461071
1614.6600000000	0.5925831694
1614.6700000000	0.5925462310
1614.6800000000	0.5930770235
1614.6900000000	0.5930718873
1614.7000000000	0.5925840832
1614.7100000000	0.5924514490
1614.7200000000	0.5928049131
1614.7300000000	0.5928793480
1614.7400000000	0.5921988579
1614.7500000000	0.5916189682
1614.7600000000	0.5912801063
1614.7700000000	0.5904872615
1614.7800000000	0.5894372702
1614.7900000000	0.5888454978
1614.8000000000	0.5884817719
1614.8100000000	0.5882264579
1614.8200000000	0.5874398440
1614.8300000000	0.5865834217
1614.8400000000	0.5863863957
1614.8500000000	0.5868420703
1614.8600000000	0.5869128993
1614.8700000000	0.5868094860
1614.8800000000	0.5875849224
1614.8900000000	0.5886710174
1614.9000000000	0.5892026547
1614.9100000000	0.5892802975
1614.9200000000	0.5903461133
1614.9300000000	0.5913180682
1614.9400000000	0.5918474534
1614.9500000000	0.5923355376
1614.9600000000	0.5927311756
1614.9700000000	0.5935106287
1614.9800000000	0.5935462056
1614.9900000000	0.5934410323
1615.0000000000	0.5932141746
1615.0100000000	0.5928073785
1615.0200000000	0.5929277496
1615.0300000000	0.5919087681
1615.0400000000	0.5908995636
1615.0500000000	0.5907445281
1615.0600000000	0.5899332764
1615.0700000000	0.5892639343
1615.0800000000	0.5883556141
1615.0900000000	0.5885166271
1615.1000000000	0.5883002119
1615.1100000000	0.5879954929
1615.1200000000	0.5885780859
1615.1300000000	0.5891934576
1615.1400000000	0.5895723907
1615.1500000000	0.5898562088
1615.1600000000	0.5909804868
1615.1700000000	0.5919474358
1615.1800000000	0.5923259059
1615.1900000000	0.5930138559
1615.2000000000	0.5936997916
1615.2100000000	0.5942127148
1615.2200000000	0.5941565947
1615.2300000000	0.5943310243
1615.2400000000	0.5945167009
1615.2500000000	0.5942319753
1615.2600000000	0.5935612158
1615.2700000000	0.5932780332
1615.2800000000	0.5933935925
1615.2900000000	0.5925968755
1615.3000000000	0.5918549636
1615.3100000000	0.5918471024
1615.3200000000	0.5917237574
1615.3300000000	0.5912096381
1615.3400000000	0.5905146827
1615.3500000000	0.5909807514
1615.3600000000	0.5914023592
1615.3700000000	0.5912480764
1615.3800000000	0.5913588102
1615.3900000000	0.5920930397
1615.4000000000	0.5925259889
1615.4100000000	0.5925640941
1615.4200000000	0.5932240462
1615.4300000000	0.5937275044
1615.4400000000	0.5936879486
1615.4500000000	0.5937515882
1615.4600000000	0.5938464067
1615.4700000000	0.5938482416
1615.4800000000	0.5932742836
1615.4900000000	0.5927819020
1615.5000000000	0.5922734108
1615.5100000000	0.5916277465
1615.5200000000	0.5908312508
1615.5300000000	0.5900444456
1615.5400000000	0.5895097252
1615.5500000000	0.5890281126
1615.5600000000	0.5885081933
1615.5700000000	0.5877639275
1615.5800000000	0.5871599171
1615.5900000000	0.5875474519
1615.6000000000	0.5876172869
1615.6100000000	0.5871989344
1615.6200000000	0.5876640849
1615.6300000000	0.5884695247
1615.6400000000	0.5886875193
1615.6500000000	0.5887779882
1615.6600000000	0.5895127203
1615.6700000000	0.5903543647
1615.6800000000	0.5907504327
1615.6900000000	0.5911750821
1615.7000000000	0.5916015032
1615.7100000000	0.5917047965
1615.7200000000	0.5915707297
1615.7300000000	0.5914447706
1615.7400000000	0.5918030522
1615.7500000000	0.5920583822
1615.7600000000	0.5916755463
1615.7700000000	0.5912479275
1615.7800000000	0.5910851494
1615.7900000000	0.5910342146
1615.8000000000	0.5906089028
1615.8100000000	0.5901757600
1615.8200000000	0.5903906180
1615.8300000000	0.5908221594
1615.8400000000	0.5906712695
1615.8500000000	0.5902912540
1615.8600000000	0.5902172924
1615.8700000000	0.5903534646
1615.8800000000	0.5907668394
1615.8900000000	0.5911901952
1615.9000000000	0.5911151906
1615.9100000000	0.5911390215
1615.9200000000	0.5916094330
1615.9300000000	0.5921450759
1615.9400000000	0.5919796859
1615.9500000000	0.5918688888
1615.9600000000	0.5927394413
1615.9700000000	0.5931584710
1615.9800000000	0.5929974188
1615.9900000000	0.5926940287
1616.0000000000	0.5926666240
1616.0100000000	0.5930082454
1616.0200000000	0.5931882758
1616.0300000000	0.5930365895
1616.0400000000	0.5928324895
1616.0500000000	0.5928609834
1616.0600000000	0.5928425898
1616.0700000000	0.5924553187
1616.0800000000	0.5918591581
1616.0900000000	0.5918449808
1616.1000000000	0.5922104664
1616.1100000000	0.5918665556
1616.1200000000	0.5912733518
1616.1300000000	0.5910237669
1616.1400000000	0.5911970860
1616.1500000000	0.5913829897
1616.1600000000	0.5910111242
1616.1700000000	0.5907823099
1616.1800000000	0.5912829074
1616.1900000000	0.5913461550
1616.2000000000	0.5909031676
1616.2100000000	0.5908992485
1616.2200000000	0.5912313036
1616.2300000000	0.5916176500
1616.2400000000	0.5912588217
1616.2500000000	0.5910288055
1616.2600000000	0.5910375974
1616.2700000000	0.5907998779
1616.2800000000	0.5902635668
1616.2900000000	0.5901244236
1616.3000000000	0.5903257680
1616.3100000000	0.5900632437
1616.3200000000	0.5892871248
1616.3300000000	0.5888599836
1616.3400000000	0.5887831129
1616.3500000000	0.5885466662
1616.3600000000	0.5883502908
1616.3700000000	0.5878629288
1616.3800000000	0.5879791104
1616.3900000000	0.5882764146
1616.4000000000	0.5881057869
1616.4100000000	0.5881506049
1616.4200000000	0.5887498570
1616.4300000000	0.5895711751
1616.4400000000	0.5901567085
1616.4500000000	0.5902983087
1616.4600000000	0.5908362928
1616.4700000000	0.5919402073
1616.4800000000	0.5926272832
1616.4900000000	0.5928561091
1616.5000000000	0.5934239386
1616.5100000000	0.5940113548
1616.5200000000	0.5941101482
1616.5300000000	0.5937564455
1616.5400000000	0.5934793520
1616.5500000000	0.5933441590
1616.5600000000	0.5932558902
1616.5700000000	0.5927924643
1616.5800000000	0.5919929347
1616.5900000000	0.5914975671
1616.6000000000	0.5911481504
1616.6100000000	0.5904558159
1616.6200000000	0.5899017311
1616.6300000000	0.5900348781
1616.6400000000	0.5899962205
1616.6500000000	0.5898918601
1616.6600000000	0.5895883587
1616.6700000000	0.5896134647
1616.6800000000	0.5901573705
1616.6900000000	0.5906359337
1616.7000000000	0.5910209942
1616.7100000000	0.5914878425
1616.7200000000	0.5922356056
1616.7300000000	0.5929048407
1616.7400000000	0.5927931936
1616.7500000000	0.5926588599
1616.7600000000	0.5933280569
1616.7700000000	0.5939001567
1616.7800000000	0.5937338186
1616.7900000000	0.5935447558
1616.8000000000	0.5937749990
1616.8100000000	0.5937263998
1616.8200000000	0.5930369540
1616.8300000000	0.5924706322
1616.8400000000	0.5922907192
1616.8500000000	0.5920615860
1616.8600000000	0.5919168080
1616.8700000000	0.5914350217
1616.8800000000	0.5911649147
1616.8900000000	0.5914330657
1616.9000000000	0.5915617803
1616.9100000000	0.5909207041
1616.9200000000	0.5911619519
1616.9300000000	0.5917690954
1616.9400000000	0.5919717207
1616.9500000000	0.5916581865
1616.9600000000	0.5917271131
1616.9700000000	0.5927041950
1616.9800000000	0.5926959840
1616.9900000000	0.5923786079
1617.0000000000	0.5923552716
1617.0100000000	0.5923640130
1617.0200000000	0.5921926384
1617.0300000000	0.5918885779
1617.0400000000	0.5919699595
1617.0500000000	0.5919990729
1617.0600000000	0.5916563866
1617.0700000000	0.5911587134
1617.0800000000	0.5906241907
1617.0900000000	0.5907816501
1617.1000000000	0.5911684828
1617.1100000000	0.5907032737
1617.1200000000	0.5904680449
1617.1300000000	0.5911394770
1617.1400000000	0.5910604729
1617.1500000000	0.5906313891
1617.1600000000	0.5904980644
1617.1700000000	0.5911054395
1617.1800000000	0.5913598865
1617.1900000000	0.5912582359
1617.2000000000	0.5909959899
1617.2100000000	0.5909539177
1617.2200000000	0.5907440762
1617.2300000000	0.5907036248
1617.2400000000	0.5904913044
1617.2500000000	0.5899670854
1617.2600000000	0.5903073198
1617.2700000000	0.5903649946
1617.2800000000	0.5896965158
1617.2900000000	0.5890518605
1617.3000000000	0.5891785904
1617.3100000000	0.5896012587
1617.3200000000	0.5892387537
1617.3300000000	0.5891753965
1617.3400000000	0.5897740279
1617.3500000000	0.5900059217
1617.3600000000	0.5900215080
1617.3700000000	0.5903923821
1617.3800000000	0.5909528456
1617.3900000000	0.5912561901
1617.4000000000	0.5914939209
1617.4100000000	0.5917828708
1617.4200000000	0.5917006503
1617.4300000000	0.5918504382
1617.4400000000	0.5927492356
1617.4500000000	0.5924759855
1617.4600000000	0.5919842272
1617.4700000000	0.5923315498
1617.4800000000	0.5923834634
1617.4900000000	0.5915491766
1617.5000000000	0.5910619511
1617.5100000000	0.5914409947
1617.5200000000	0.5914297929
1617.5300000000	0.5911633382
1617.5400000000	0.5906559778
1617.5500000000	0.5904641466
1617.5600000000	0.5904291739
1617.5700000000	0.5903471645
1617.5800000000	0.5904254146
1617.5900000000	0.5904891295
1617.6000000000	0.5910555581
1617.6100000000	0.5911352398
1617.6200000000	0.5907166474
1617.6300000000	0.5908174635
1617.6400000000	0.5911922975
1617.6500000000	0.5914808775
1617.6600000000	0.5912179435
1617.6700000000	0.5913632797
1617.6800000000	0.5916954192
1617.6900000000	0.5911262283
1617.7000000000	0.5906579186
1617.7100000000	0.5909347367
1617.7200000000	0.5908559260
1617.7300000000	0.5907036248
1617.7400000000	0.5907737593
1617.7500000000	0.5903329363
1617.7600000000	0.5907765515
1617.7700000000	0.5909412986
1617.7800000000	0.5906318034
1617.7900000000	0.5900814955
1617.8000000000	0.5908845693
1617.8100000000	0.5914351851
1617.8200000000	0.5909447630
1617.8300000000	0.5909324740
1617.8400000000	0.5913305490
1617.8500000000	0.5916057127
1617.8600000000	0.5915750749
1617.8700000000	0.5915478249
1617.8800000000	0.5912001372
1617.8900000000	0.5912307933
1617.9000000000	0.5916474701
1617.9100000000	0.5915044337
1617.9200000000	0.5910711064
1617.9300000000	0.5908693195
1617.9400000000	0.5909557251
1617.9500000000	0.5906707415
1617.9600000000	0.5898441118
1617.9700000000	0.5896653351
1617.9800000000	0.5897429149
1617.9900000000	0.5891911769
1618.0000000000	0.5886629155
1618.0100000000	0.5881269782
1618.0200000000	0.5876077533
1618.0300000000	0.5873798404
1618.0400000000	0.5864874481
1618.0500000000	0.5856621719
1618.0600000000	0.5852666959
1618.0700000000	0.5848369067
1618.0800000000	0.5836057262
1618.0900000000	0.5830170127
1618.1000000000	0.5831130536
1618.1100000000	0.5824210581
1618.1200000000	0.5816558167
1618.1300000000	0.5814788165
1618.1400000000	0.5816795892
1618.1500000000	0.5817169649
1618.1600000000	0.5816706521
1618.1700000000	0.5816145460
1618.1800000000	0.5821238230
1618.1900000000	0.5830552015
1618.2000000000	0.5835967924
1618.2100000000	0.5839185923
1618.2200000000	0.5845299315
1618.2300000000	0.5857188659
1618.2400000000	0.5865827564
1618.2500000000	0.5866405713
1618.2600000000	0.5873087872
1618.2700000000	0.5879751031
1618.2800000000	0.5880577955
1618.2900000000	0.5880331846
1618.3000000000	0.5875527046
1618.3100000000	0.5868823306
1618.3200000000	0.5865314888
1618.3300000000	0.5857210235
1618.3400000000	0.5840833605
1618.3500000000	0.5829572956
1618.3600000000	0.5824536869
1618.3700000000	0.5808772831
1618.3800000000	0.5795241838
1618.3900000000	0.5796319575
1618.4000000000	0.5792645494
1618.4100000000	0.5784526319
1618.4200000000	0.5785479377
1618.4300000000	0.5790903660
1618.4400000000	0.5796052366
1618.4500000000	0.5802188906
1618.4600000000	0.5812678321
1618.4700000000	0.5827698618
1618.4800000000	0.5844896809
1618.4900000000	0.5858080245
1618.5000000000	0.5868194535
1618.5100000000	0.5877116835
1618.5200000000	0.5887714607
1618.5300000000	0.5898759293
1618.5400000000	0.5902089845
1618.5500000000	0.5902796924
1618.5600000000	0.5904703165
1618.5700000000	0.5903180156
1618.5800000000	0.5890657535
1618.5900000000	0.5875963509
1618.6000000000	0.5868993001
1618.6100000000	0.5859222275
1618.6200000000	0.5845454142
1618.6300000000	0.5828778188
1618.6400000000	0.5820734851
1618.6500000000	0.5816702272
1618.6600000000	0.5808252026
1618.6700000000	0.5798240751
1618.6800000000	0.5799098848
1618.6900000000	0.5802030792
1618.7000000000	0.5803666660
1618.7100000000	0.5807723109
1618.7200000000	0.5813531705
1618.7300000000	0.5823108177
1618.7400000000	0.5833856520
1618.7500000000	0.5842014267
1618.7600000000	0.5849372543
1618.7700000000	0.5859999259
1618.7800000000	0.5869511270
1618.7900000000	0.5873851420
1618.8000000000	0.5876394373
1618.8100000000	0.5879826751
1618.8200000000	0.5884218280
1618.8300000000	0.5881527793
1618.8400000000	0.5874391063
1618.8500000000	0.5870226611
1618.8600000000	0.5867837994
1618.8700000000	0.5863065712
1618.8800000000	0.5853885985
1618.8900000000	0.5852984044
1618.9000000000	0.5848419713
1618.9100000000	0.5841754586
1618.9200000000	0.5835840735
1618.9300000000	0.5839208886
1618.9400000000	0.5848551423
1618.9500000000	0.5848972518
1618.9600000000	0.5847515380
1618.9700000000	0.5855495181
1618.9800000000	0.5861557472
1618.9900000000	0.5860252835
1619.0000000000	0.5864203946
1619.0100000000	0.5868610135
1619.0200000000	0.5874290128
1619.0300000000	0.5877421149
1619.0400000000	0.5876685537
1619.0500000000	0.5873784074
1619.0600000000	0.5872353795
1619.0700000000	0.5872152097
1619.0800000000	0.5869815676
1619.0900000000	0.5867479128
1619.1000000000	0.5866422914
1619.1100000000	0.5866282759
1619.1200000000	0.5863093141
1619.1300000000	0.5856390521
1619.1400000000	0.5854297779
1619.1500000000	0.5859984432
1619.1600000000	0.5861620117
1619.1700000000	0.5854928045
1619.1800000000	0.5856123141
1619.1900000000	0.5855899165
1619.2000000000	0.5855191266
1619.2100000000	0.5854931343
1619.2200000000	0.5854575556
1619.2300000000	0.5859524107
1619.2400000000	0.5860388386
1619.2500000000	0.5856908605
1619.2600000000	0.5852178962
1619.2700000000	0.5851013286
1619.2800000000	0.5851948777
1619.2900000000	0.5852557779
1619.3000000000	0.5850563741
1619.3100000000	0.5848344173
1619.3200000000	0.5850091539
1619.3300000000	0.5851474383
1619.3400000000	0.5847757053
1619.3500000000	0.5846366985
1619.3600000000	0.5852161240
1619.3700000000	0.5857151170
1619.3800000000	0.5857523013
1619.3900000000	0.5856092635
1619.4000000000	0.5857705045
1619.4100000000	0.5864234141
1619.4200000000	0.5867784916
1619.4300000000	0.5868286935
1619.4400000000	0.5872609860
1619.4500000000	0.5876499399
1619.4600000000	0.5870171100
1619.4700000000	0.5866558058
1619.4800000000	0.5869061049
1619.4900000000	0.5871168595
1619.5000000000	0.5868747026
1619.5100000000	0.5863611723
1619.5200000000	0.5863241864
1619.5300000000	0.5862546067
1619.5400000000	0.5858759800
1619.5500000000	0.5852739643
1619.5600000000	0.5851940897
1619.5700000000	0.5854994471
1619.5800000000	0.5855906638
1619.5900000000	0.5851912113
1619.6000000000	0.5850259935
1619.6100000000	0.5855481090
1619.6200000000	0.5859482335
1619.6300000000	0.5857003706
1619.6400000000	0.5855486139
1619.6500000000	0.5859524267
1619.6600000000	0.5860876933
1619.6700000000	0.5856821983
1619.6800000000	0.5857018157
1619.6900000000	0.5860683671
1619.7000000000	0.5861882902
1619.7100000000	0.5859825202
1619.7200000000	0.5856889195
1619.7300000000	0.5856749628
1619.7400000000	0.5860124447
1619.7500000000	0.5859428883
1619.7600000000	0.5860316257
1619.7700000000	0.5866351601
1619.7800000000	0.5871218078
1619.7900000000	0.5871061798
1619.8000000000	0.5868547185
1619.8100000000	0.5875635929
1619.8200000000	0.5883835250
1619.8300000000	0.5885941209
1619.8400000000	0.5884707393
1619.8500000000	0.5886373698
1619.8600000000	0.5889269087
1619.8700000000	0.5886432555
1619.8800000000	0.5880797689
1619.8900000000	0.5876080904
1619.9000000000	0.5873780842
1619.9100000000	0.5871941461
1619.9200000000	0.5866013456
1619.9300000000	0.5855504351
1619.9400000000	0.5846056098
1619.9500000000	0.5841300094
1619.9600000000	0.5834990076
1619.9700000000	0.5827388377
1619.9800000000	0.5824204821
1619.9900000000	0.5824792413
1620.0000000000	0.5824495197
1620.0100000000	0.5821309157
1620.0200000000	0.5820128097
1620.0300000000	0.5826679827
1620.0400000000	0.5832677313
1620.0500000000	0.5835507056
1620.0600000000	0.5841826228
1620.0700000000	0.5848262011
1620.0800000000	0.5855541828
1620.0900000000	0.5858134030
1620.1000000000	0.5860677485
1620.1100000000	0.5865983679
1620.1200000000	0.5870974467
1620.1300000000	0.5868160886
1620.1400000000	0.5861899164
1620.1500000000	0.5864874087
1620.1600000000	0.5864960002
1620.1700000000	0.5859067640
1620.1800000000	0.5855081746
1620.1900000000	0.5853706366
1620.2000000000	0.5852237521
1620.2100000000	0.5846521196
1620.2200000000	0.5842663191
1620.2300000000	0.5847597250
1620.2400000000	0.5850922235
1620.2500000000	0.5851054448
1620.2600000000	0.5856535904
1620.2700000000	0.5861613277
1620.2800000000	0.5865320901
1620.2900000000	0.5871749762
1620.3000000000	0.5876491941
1620.3100000000	0.5879888443
1620.3200000000	0.5888163704
1620.3300000000	0.5891393666
1620.3400000000	0.5887050449
1620.3500000000	0.5886223971
1620.3600000000	0.5887441221
1620.3700000000	0.5883091464
1620.3800000000	0.5874632311
1620.3900000000	0.5875771783
1620.4000000000	0.5875722929
1620.4100000000	0.5867250256
1620.4200000000	0.5857421853
1620.4300000000	0.5853017513
1620.4400000000	0.5855941845
1620.4500000000	0.5855777778
1620.4600000000	0.5854833871
1620.4700000000	0.5854833871
1620.4800000000	0.5858173316
1620.4900000000	0.5865897950
1620.5000000000	0.5871432276
1620.5100000000	0.5871348606
1620.5200000000	0.5875410644
1620.5300000000	0.5885863148
1620.5400000000	0.5891264934
1620.5500000000	0.5892044335
1620.5600000000	0.5895448267
1620.5700000000	0.5898744828
1620.5800000000	0.5899918181
1620.5900000000	0.5894463838
1620.6000000000	0.5889700777
1620.6100000000	0.5886911697
1620.6200000000	0.5880808351
1620.6300000000	0.5871581192
1620.6400000000	0.5865030126
1620.6500000000	0.5861190005
1620.6600000000	0.5860446305
1620.6700000000	0.5850494784
1620.6800000000	0.5845075014
1620.6900000000	0.5845944340
1620.7000000000	0.5847295979
1620.7100000000	0.5845548472
1620.7200000000	0.5846193586
1620.7300000000	0.5858971355
1620.7400000000	0.5861075844
1620.7500000000	0.5856873567
1620.7600000000	0.5857936073
1620.7700000000	0.5863527584
1620.7800000000	0.5868091351
1620.7900000000	0.5867039618
1620.8000000000	0.5862973391
1620.8100000000	0.5859496145
1620.8200000000	0.5853875680
1620.8300000000	0.5844174642
1620.8400000000	0.5832086579
1620.8500000000	0.5819775979
1620.8600000000	0.5811400267
1620.8700000000	0.5804324209
1620.8800000000	0.5790481980
1620.8900000000	0.5780214072
1620.9000000000	0.5776853105
1620.9100000000	0.5773911929
1620.9200000000	0.5769974863
1620.9300000000	0.5778899915
1620.9400000000	0.5791189615
1620.9500000000	0.5798113451
1620.9600000000	0.5805391632
1620.9700000000	0.5820866581
1620.9800000000	0.5836685475
1620.9900000000	0.5847682737
1621.0000000000	0.5862099258
1621.0100000000	0.5868096010
1621.0200000000	0.5883587331
1621.0300000000	0.5888350300
1621.0400000000	0.5883070202
1621.0500000000	0.5881428070
1621.0600000000	0.5877676035
1621.0700000000	0.5869851269
1621.0800000000	0.5851217205
1621.0900000000	0.5832088198
1621.1000000000	0.5818714093
1621.1100000000	0.5799148901
1621.1200000000	0.5775170866
1621.1300000000	0.5757401232
1621.1400000000	0.5741401744
1621.1500000000	0.5723867447
1621.1600000000	0.5710783079
1621.1700000000	0.5700934487
1621.1800000000	0.5692584550
1621.1900000000	0.5694033615
1621.2000000000	0.5704602760
1621.2100000000	0.5708764779
1621.2200000000	0.5718435562
1621.2300000000	0.5741277092
1621.2400000000	0.5757404617
1621.2500000000	0.5767370822
1621.2600000000	0.5790253681
1621.2700000000	0.5815503451
1621.2800000000	0.5827596920
1621.2900000000	0.5840742065
1621.3000000000	0.5851022381
1621.3100000000	0.5857954595
1621.3200000000	0.5858953227
1621.3300000000	0.5859424942
1621.3400000000	0.5855402499
1621.3500000000	0.5841080005
1621.3600000000	0.5834882530
1621.3700000000	0.5826301291
1621.3800000000	0.5801721669
1621.3900000000	0.5782226488
1621.4000000000	0.5774034513
1621.4100000000	0.5759834877
1621.4200000000	0.5737653724
1621.4300000000	0.5728546066
1621.4400000000	0.5725771980
1621.4500000000	0.5713386484
1621.4600000000	0.5711035583
1621.4700000000	0.5715939950
1621.4800000000	0.5714014111
1621.4900000000	0.5721839380
1621.5000000000	0.5735670268
1621.5100000000	0.5742433355
1621.5200000000	0.5759687195
1621.5300000000	0.5782585779
1621.5400000000	0.5789303801
1621.5500000000	0.5796244573
1621.5600000000	0.5820618740
1621.5700000000	0.5833429784
1621.5800000000	0.5833922540
1621.5900000000	0.5843493525
1621.6000000000	0.5862555511
1621.6100000000	0.5862960190
1621.6200000000	0.5856686405
1621.6300000000	0.5861085817
1621.6400000000	0.5857408396
1621.6500000000	0.5850318614
1621.6600000000	0.5845822319
1621.6700000000	0.5842351052
1621.6800000000	0.5837293061
1621.6900000000	0.5832197381
1621.7000000000	0.5829957755
1621.7100000000	0.5817838269
1621.7200000000	0.5805010465
1621.7300000000	0.5810068455
1621.7400000000	0.5812097703
1621.7500000000	0.5806338026
1621.7600000000	0.5806932747
1621.7700000000	0.5814249992
1621.7800000000	0.5817787061
1621.7900000000	0.5817351977
1621.8000000000	0.5822415934
1621.8100000000	0.5832559360
1621.8200000000	0.5839112151
1621.8300000000	0.5845709585
1621.8400000000	0.5847203870
1621.8500000000	0.5847884323
1621.8600000000	0.5851811435
1621.8700000000	0.5852652513
1621.8800000000	0.5847526101
1621.8900000000	0.5847126659
1621.9000000000	0.5849828012
1621.9100000000	0.5841962120
1621.9200000000	0.5830930364
1621.9300000000	0.5824208459
1621.9400000000	0.5820715232
1621.9500000000	0.5816667901
1621.9600000000	0.5806647107
1621.9700000000	0.5803841565
1621.9800000000	0.5800020440
1621.9900000000	0.5793700058
1622.0000000000	0.5793021016
1622.0100000000	0.5785989131
1622.0200000000	0.5789518732
1622.0300000000	0.5793187712
1622.0400000000	0.5795384848
1622.0500000000	0.5797098251
1622.0600000000	0.5800001585
1622.0700000000	0.5813611788
1622.0800000000	0.5819298050
1622.0900000000	0.5823027385
1622.1000000000	0.5835414508
1622.1100000000	0.5841962411
1622.1200000000	0.5842525579
1622.1300000000	0.5843034596
1622.1400000000	0.5847130299
1622.1500000000	0.5850743963
1622.1600000000	0.5850283126
1622.1700000000	0.5849199863
1622.1800000000	0.5846687532
1622.1900000000	0.5844380922
1622.2000000000	0.5835845282
1622.2100000000	0.5827604122
1622.2200000000	0.5825344655
1622.2300000000	0.5827247425
1622.2400000000	0.5826701950
1622.2500000000	0.5821012293
1622.2600000000	0.5821362265
1622.2700000000	0.5820775587
1622.2800000000	0.5818696532
1622.2900000000	0.5821082632
1622.3000000000	0.5819496369
1622.3100000000	0.5828375136
1622.3200000000	0.5834226970
1622.3300000000	0.5834514159
1622.3400000000	0.5836469804
1622.3500000000	0.5840215065
1622.3600000000	0.5847602686
1622.3700000000	0.5848246900
1622.3800000000	0.5847598239
1622.3900000000	0.5851652642
1622.4000000000	0.5852710515
1622.4100000000	0.5850694430
1622.4200000000	0.5848724299
1622.4300000000	0.5847162299
1622.4400000000	0.5847589323
1622.4500000000	0.5848144884
1622.4600000000	0.5845566327
1622.4700000000	0.5841861863
1622.4800000000	0.5843106343
1622.4900000000	0.5846152693
1622.5000000000	0.5843220169
1622.5100000000	0.5841719262
1622.5200000000	0.5844437999
1622.5300000000	0.5848251688
1622.5400000000	0.5844801507
1622.5500000000	0.5843923331
1622.5600000000	0.5848573552
1622.5700000000	0.5848058288
1622.5800000000	0.5853078910
1622.5900000000	0.5842462648
1622.6000000000	0.5840784488
1622.6100000000	0.5842562643
1622.6200000000	0.5838466006
1622.6300000000	0.5835417736
1622.6400000000	0.5829917300
1622.6500000000	0.5832568347
1622.6600000000	0.5827440707
1622.6700000000	0.5813806684
1622.6800000000	0.5809318453
1622.6900000000	0.5808550223
1622.7000000000	0.5805654835
1622.7100000000	0.5800560535
1622.7200000000	0.5799034436
1622.7300000000	0.5801781657
1622.7400000000	0.5801024222
1622.7500000000	0.5799296623
1622.7600000000	0.5796827344
1622.7700000000	0.5800157287
1622.7800000000	0.5807279376
1622.7900000000	0.5806019574
1622.8000000000	0.5804584362
1622.8100000000	0.5808090093
1622.8200000000	0.5811494585
1622.8300000000	0.5808063090
1622.8400000000	0.5806385855
1622.8500000000	0.5814121317
1622.8600000000	0.5811085045
1622.8700000000	0.5808802008
1622.8800000000	0.5803619290
1622.8900000000	0.5801718032
1622.9000000000	0.5806908102
1622.9100000000	0.5806214131
1622.9200000000	0.5806554075
1622.9300000000	0.5805217734
1622.9400000000	0.5807770409
1622.9500000000	0.5815612526
1622.9600000000	0.5814430770
1622.9700000000	0.5814927581
1622.9800000000	0.5822896259
1622.9900000000	0.5828223892
1623.0000000000	0.5831497949
1623.0100000000	0.5826730464
1623.0200000000	0.5832923606
1623.0300000000	0.5835685533
1623.0400000000	0.5840075992
1623.0500000000	0.5844673862
1623.0600000000	0.5835097682
1623.0700000000	0.5838443562
1623.0800000000	0.5837564741
1623.0900000000	0.5837450893
1623.1000000000	0.5835432719
1623.1100000000	0.5829527250
1623.1200000000	0.5830563888
1623.1300000000	0.5834172899
1623.1400000000	0.5831800180
1623.1500000000	0.5828052566
1623.1600000000	0.5819870287
1623.1700000000	0.5818146496
1623.1800000000	0.5825535559
1623.1900000000	0.5825281983
1623.2000000000	0.5827176130
1623.2100000000	0.5821938976
1623.2200000000	0.5823754781
1623.2300000000	0.5834209918
1623.2400000000	0.5827660207
1623.2500000000	0.5827021161
1623.2600000000	0.5827189705
1623.2700000000	0.5831221547
1623.2800000000	0.5826909628
1623.2900000000	0.5822247390
1623.3000000000	0.5824923790
1623.3100000000	0.5821678217
1623.3200000000	0.5823347999
1623.3300000000	0.5815288634
1623.3400000000	0.5811284063
1623.3500000000	0.5811487622
1623.3600000000	0.5805312830
1623.3700000000	0.5808943399
1623.3800000000	0.5800671631
1623.3900000000	0.5803131964
1623.4000000000	0.5812224051
1623.4100000000	0.5800292012
1623.4200000000	0.5804378190
1623.4300000000	0.5797676858
1623.4400000000	0.5808142082
1623.4500000000	0.5806164734
1623.4600000000	0.5805849214
1623.4700000000	0.5815412299
1623.4800000000	0.5809168550
1623.4900000000	0.5817106999
1623.5000000000	0.5808924534
1623.5100000000	0.5810815233
1623.5200000000	0.5811544343
1623.5300000000	0.5817112324
1623.5400000000	0.5814650358
1623.5500000000	0.5802295954
1623.5600000000	0.5815094223
1623.5700000000	0.5806484289
1623.5800000000	0.5805657543
1623.5900000000	0.5804752339
1623.6000000000	0.5807783020
1623.6100000000	0.5815552306
1623.6200000000	0.5809313830
1623.6300000000	0.5808136349
1623.6400000000	0.5810727638
1623.6500000000	0.5807796658
1623.6600000000	0.5813021850
1623.6700000000	0.5814019401
1623.6800000000	0.5808622013
1623.6900000000	0.5815081718
1623.7000000000	0.5815560855
1623.7100000000	0.5812423852
1623.7200000000	0.5806224258
1623.7300000000	0.5807980913
1623.7400000000	0.5809424911
1623.7500000000	0.5807796792
1623.7600000000	0.5806242208
1623.7700000000	0.5805624055
1623.7800000000	0.5808391356
1623.7900000000	0.5808144936
1623.8000000000	0.5808731574
1623.8100000000	0.5807471121
1623.8200000000	0.5812373135
1623.8300000000	0.5814293382
1623.8400000000	0.5809364797
1623.8500000000	0.5810659624
1623.8600000000	0.5811863885
1623.8700000000	0.5817863140
1623.8800000000	0.5811626404
1623.8900000000	0.5805975719
1623.9000000000	0.5808108271
1623.9100000000	0.5802600028
1623.9200000000	0.5794180060
1623.9300000000	0.5789029778
1623.9400000000	0.5784385633
1623.9500000000	0.5780611366
1623.9600000000	0.5771531253
1623.9700000000	0.5761481577
1623.9800000000	0.5757466665
1623.9900000000	0.5753740574
1624.0000000000	0.5749005952
1624.0100000000	0.5740460474
1624.0200000000	0.5741830169
1624.0300000000	0.5746388866
1624.0400000000	0.5741621181
1624.0500000000	0.5741207465
1624.0600000000	0.5748311765
1624.0700000000	0.5757222394
1624.0800000000	0.5762047526
1624.0900000000	0.5771914606
1624.1000000000	0.5783824134
1624.1100000000	0.5796357967
1624.1200000000	0.5798490577
1624.1300000000	0.5804807334
1624.1400000000	0.5819946007
1624.1500000000	0.5822950885
1624.1600000000	0.5829069174
1624.1700000000	0.5830107029
1624.1800000000	0.5830814232
1624.1900000000	0.5832473227
1624.2000000000	0.5832022953
1624.2100000000	0.5827353476
1624.2200000000	0.5822625591
1624.2300000000	0.5825655394
1624.2400000000	0.5823236082
1624.2500000000	0.5814069758
1624.2600000000	0.5812688255
1624.2700000000	0.5821182036
1624.2800000000	0.5819213863
1624.2900000000	0.5814328651
1624.3000000000	0.5814764577
1624.3100000000	0.5822317143
1624.3200000000	0.5826551841
1624.3300000000	0.5824491520
1624.3400000000	0.5831571923
1624.3500000000	0.5840411598
1624.3600000000	0.5842885392
1624.3700000000	0.5842635155
1624.3800000000	0.5842319806
1624.3900000000	0.5839767800
1624.4000000000	0.5840356846
1624.4100000000	0.5841756752
1624.4200000000	0.5834286171
1624.4300000000	0.5832430015
1624.4400000000	0.5829548851
1624.4500000000	0.5819892418
1624.4600000000	0.5807001532
1624.4700000000	0.5804906867
1624.4800000000	0.5805422528
1624.4900000000	0.5798178132
1624.5000000000	0.5793261914
1624.5100000000	0.5792923515
1624.5200000000	0.5792679440
1624.5300000000	0.5785274385
1624.5400000000	0.5783106305
1624.5500000000	0.5787214158
1624.5600000000	0.5791045444
1624.5700000000	0.5792936354
1624.5800000000	0.5794799889
1624.5900000000	0.5792716245
1624.6000000000	0.5795204162
1624.6100000000	0.5800040009
1624.6200000000	0.5795512398
1624.6300000000	0.5796007912
1624.6400000000	0.5804383051
1624.6500000000	0.5805148750
1624.6600000000	0.5796852861
1624.6700000000	0.5792522517
1624.6800000000	0.5794189337
1624.6900000000	0.5786899274
1624.7000000000	0.5781758105
1624.7100000000	0.5784954883
1624.7200000000	0.5787101071
1624.7300000000	0.5776763200
1624.7400000000	0.5776608052
1624.7500000000	0.5788120596
1624.7600000000	0.5788584424
1624.7700000000	0.5786615945
1624.7800000000	0.5796290940
1624.7900000000	0.5805370051
1624.8000000000	0.5802111790
1624.8100000000	0.5809512519
1624.8200000000	0.5818286337
1624.8300000000	0.5823310388
1624.8400000000	0.5826746878
1624.8500000000	0.5830667608
1624.8600000000	0.5829538054
1624.8700000000	0.5830513638
1624.8800000000	0.5833794358
1624.8900000000	0.5834285368
1624.9000000000	0.5831523175
1624.9100000000	0.5829978524
1624.9200000000	0.5838148345
1624.9300000000	0.5830159361
1624.9400000000	0.5821942762
1624.9500000000	0.5828886179
1624.9600000000	0.5830527612
1624.9700000000	0.5822493819
1624.9800000000	0.5823168826
1624.9900000000	0.5835242520
1625.0000000000	0.5828553985
1625.0100000000	0.5821496325
1625.0200000000	0.5829459443
1625.0300000000	0.5831279393
1625.0400000000	0.5829469657
1625.0500000000	0.5829097301
1625.0600000000	0.5833712794
1625.0700000000	0.5831125992
1625.0800000000	0.5823664720
1625.0900000000	0.5824434801
1625.1000000000	0.5826875894
1625.1100000000	0.5824658820
1625.1200000000	0.5819877125
1625.1300000000	0.5820934632
1625.1400000000	0.5818331265
1625.1500000000	0.5811782661
1625.1600000000	0.5806525737
1625.1700000000	0.5807849575
1625.1800000000	0.5811078124
1625.1900000000	0.5806841091
1625.2000000000	0.5805313288
1625.2100000000	0.5807644530
1625.2200000000	0.5807607774
1625.2300000000	0.5804672522
1625.2400000000	0.5805357663
1625.2500000000	0.5810206858
1625.2600000000	0.5806937127
1625.2700000000	0.5807825401
1625.2800000000	0.5810706098
1625.2900000000	0.5808352144
1625.3000000000	0.5805818136
1625.3100000000	0.5805554127
1625.3200000000	0.5807186219
1625.3300000000	0.5800297593
1625.3400000000	0.5793799763
1625.3500000000	0.5793835706
1625.3600000000	0.5792012147
1625.3700000000	0.5786398571
1625.3800000000	0.5786243128
1625.3900000000	0.5786765226
1625.4000000000	0.5785468966
1625.4100000000	0.5785634768
1625.4200000000	0.5786826221
1625.4300000000	0.5788752867
1625.4400000000	0.5792092382
1625.4500000000	0.5797511430
1625.4600000000	0.5801462707
1625.4700000000	0.5804297748
1625.4800000000	0.5808393544
1625.4900000000	0.5809077784
1625.5000000000	0.5808920148
1625.5100000000	0.5814338525
1625.5200000000	0.5822321372
1625.5300000000	0.5820084376
1625.5400000000	0.5815545309
1625.5500000000	0.5812713027
1625.5600000000	0.5817223723
1625.5700000000	0.5812993679
1625.5800000000	0.5804569755
1625.5900000000	0.5809477031
1625.6000000000	0.5809579155
1625.6100000000	0.5807510800
1625.6200000000	0.5802063033
1625.6300000000	0.5797338856
1625.6400000000	0.5797296704
1625.6500000000	0.5798763013
1625.6600000000	0.5796167010
1625.6700000000	0.5795270748
1625.6800000000	0.5799663841
1625.6900000000	0.5800922518
1625.7000000000	0.5796227128
1625.7100000000	0.5793777614
1625.7200000000	0.5795627538
1625.7300000000	0.5796645200
1625.7400000000	0.5793907330
1625.7500000000	0.5791687057
1625.7600000000	0.5790512626
1625.7700000000	0.5790856046
1625.7800000000	0.5791110953
1625.7900000000	0.5787213191
1625.8000000000	0.5785154476
1625.8100000000	0.5786445184
1625.8200000000	0.5783182586
1625.8300000000	0.5778631763
1625.8400000000	0.5778014505
1625.8500000000	0.5784497321
1625.8600000000	0.5785254284
1625.8700000000	0.5779962570
1625.8800000000	0.5786503861
1625.8900000000	0.5788276781
1625.9000000000	0.5784336875
1625.9100000000	0.5783913333
1625.9200000000	0.5786675811
1625.9300000000	0.5788827044
1625.9400000000	0.5785719329
1625.9500000000	0.5781857867
1625.9600000000	0.5782022420
1625.9700000000	0.5777974695
1625.9800000000	0.5765138543
1625.9900000000	0.5759046075
1626.0000000000	0.5760082859
1626.0100000000	0.5756028288
1626.0200000000	0.5745664026
1626.0300000000	0.5740589494
1626.0400000000	0.5742930745
1626.0500000000	0.5740348497
1626.0600000000	0.5740007173
1626.0700000000	0.5741321839
1626.0800000000	0.5741331013
1626.0900000000	0.5747161888
1626.1000000000	0.5749356234
1626.1100000000	0.5754992068
1626.1200000000	0.5762274464
1626.1300000000	0.5772403872
1626.1400000000	0.5783143264
1626.1500000000	0.5787263936
1626.1600000000	0.5791308746
1626.1700000000	0.5800735189
1626.1800000000	0.5799093943
1626.1900000000	0.5792703794
1626.2000000000	0.5795640234
1626.2100000000	0.5793831942
1626.2200000000	0.5782948745
1626.2300000000	0.5773584892
1626.2400000000	0.5767416111
1626.2500000000	0.5758928756
1626.2600000000	0.5746692640
1626.2700000000	0.5734414380
1626.2800000000	0.5729086761
1626.2900000000	0.5724109599
1626.3000000000	0.5716437540
1626.3100000000	0.5708629880
1626.3200000000	0.5705693497
1626.3300000000	0.5711275260
1626.3400000000	0.5714597561
1626.3500000000	0.5715471298
1626.3600000000	0.5717204569
1626.3700000000	0.5725084350
1626.3800000000	0.5734594722
1626.3900000000	0.5737687114
1626.4000000000	0.5748385643
1626.4100000000	0.5762444614
1626.4200000000	0.5769522162
1626.4300000000	0.5771145727
1626.4400000000	0.5776413658
1626.4500000000	0.5781483090
1626.4600000000	0.5784015927
1626.4700000000	0.5784442295
1626.4800000000	0.5793669524
1626.4900000000	0.5786760900
1626.5000000000	0.5782353761
1626.5100000000	0.5773751424
1626.5200000000	0.5767294165
1626.5300000000	0.5766440795
1626.5400000000	0.5763886855
1626.5500000000	0.5759728956
1626.5600000000	0.5758608625
1626.5700000000	0.5759544630
1626.5800000000	0.5754309108
1626.5900000000	0.5747405737
1626.6000000000	0.5748209239
1626.6100000000	0.5756054110
1626.6200000000	0.5760552423
1626.6300000000	0.5759010091
1626.6400000000	0.5762837998
1626.6500000000	0.5766063045
1626.6600000000	0.5762313947
1626.6700000000	0.5762005100
1626.6800000000	0.5764212797
1626.6900000000	0.5768385279
1626.7000000000	0.5768295764
1626.7100000000	0.5766447238
1626.7200000000	0.5766571918
1626.7300000000	0.5765356589
1626.7400000000	0.5764454518
1626.7500000000	0.5759523968
1626.7600000000	0.5759747414
1626.7700000000	0.5763580869
1626.7800000000	0.5762228102
1626.7900000000	0.5759144381
1626.8000000000	0.5760947000
1626.8100000000	0.5765937822
1626.8200000000	0.5767051685
1626.8300000000	0.5764345417
1626.8400000000	0.5767991157
1626.8500000000	0.5772134412
1626.8600000000	0.5768792611
1626.8700000000	0.5764812387
1626.8800000000	0.5766572285
1626.8900000000	0.5768467265
1626.9000000000	0.5766284754
1626.9100000000	0.5762754162
1626.9200000000	0.5759522703
1626.9300000000	0.5758915696
1626.9400000000	0.5760575821
1626.9500000000	0.5757451669
1626.9600000000	0.5754910447
1626.9700000000	0.5755382703
1626.9800000000	0.5759753683
1626.9900000000	0.5760161439
1627.0000000000	0.5754583527
1627.0100000000	0.5758059153
1627.0200000000	0.5762650610
1627.0300000000	0.5766022790
1627.0400000000	0.5766128659
1627.0500000000	0.5769935217
1627.0600000000	0.5773766059
1627.0700000000	0.5770728683
1627.0800000000	0.5769017616
1627.0900000000	0.5771767725
1627.1000000000	0.5775422483
1627.1100000000	0.5774696514
1627.1200000000	0.5768916516
1627.1300000000	0.5767198480
1627.1400000000	0.5768405972
1627.1500000000	0.5760888940
1627.1600000000	0.5751656334
1627.1700000000	0.5751822574
1627.1800000000	0.5752489943
1627.1900000000	0.5747133697
1627.2000000000	0.5740799865
1627.2100000000	0.5739474556
1627.2200000000	0.5740445431
1627.2300000000	0.5735529810
1627.2400000000	0.5732782747
1627.2500000000	0.5740144075
1627.2600000000	0.5742905647
1627.2700000000	0.5739184277
1627.2800000000	0.5740493282
1627.2900000000	0.5749797850
1627.3000000000	0.5754165497
1627.3100000000	0.5752340721
1627.3200000000	0.5757708708
1627.3300000000	0.5759782461
1627.3400000000	0.5756564838
1627.3500000000	0.5754270644
1627.3600000000	0.5755700047
1627.3700000000	0.5757952929
1627.3800000000	0.5754290440
1627.3900000000	0.5750321667
1627.4000000000	0.5746102426
1627.4100000000	0.5744207534
1627.4200000000	0.5745727801
1627.4300000000	0.5744318940
1627.4400000000	0.5742091920
1627.4500000000	0.5747331462
1627.4600000000	0.5752234177
1627.4700000000	0.5750061076
1627.4800000000	0.5748132917
1627.4900000000	0.5754813280
1627.5000000000	0.5761921788
1627.5100000000	0.5764826589
1627.5200000000	0.5768258934
1627.5300000000	0.5774088487
1627.5400000000	0.5779514385
1627.5500000000	0.5779411773
1627.5600000000	0.5777588673
1627.5700000000	0.5779450864
1627.5800000000	0.5783796677
1627.5900000000	0.5786026735
1627.6000000000	0.5781546704
1627.6100000000	0.5780113058
1627.6200000000	0.5777337488
1627.6300000000	0.5773548253
1627.6400000000	0.5768678776
1627.6500000000	0.5765733658
1627.6600000000	0.5767919259
1627.6700000000	0.5762886728
1627.6800000000	0.5753237141
1627.6900000000	0.5750562905
1627.7000000000	0.5750085258
1627.7100000000	0.5747526336
1627.7200000000	0.5745166173
1627.7300000000	0.5745651034
1627.7400000000	0.5748341958
1627.7500000000	0.5746268199
1627.7600000000	0.5742686608
1627.7700000000	0.5742609613
1627.7800000000	0.5744292128
1627.7900000000	0.5744135344
1627.8000000000	0.5743436083
1627.8100000000	0.5744472197
1627.8200000000	0.5744304577
1627.8300000000	0.5742247107
1627.8400000000	0.5739925309
1627.8500000000	0.5739044080
1627.8600000000	0.5740251561
1627.8700000000	0.5741969304
1627.8800000000	0.5738629526
1627.8900000000	0.5733480793
1627.9000000000	0.5738362476
1627.9100000000	0.5739666737
1627.9200000000	0.5738297377
1627.9300000000	0.5741747550
1627.9400000000	0.5748656948
1627.9500000000	0.5750240726
1627.9600000000	0.5748590838
1627.9700000000	0.5757245354
1627.9800000000	0.5762837107
1627.9900000000	0.5763406908
1628.0000000000	0.5764787582
1628.0100000000	0.5771552920
1628.0200000000	0.5773402729
1628.0300000000	0.5767721503
1628.0400000000	0.5766947987
1628.0500000000	0.5769360983
1628.0600000000	0.5771836229
1628.0700000000	0.5774034223
1628.0800000000	0.5771503373
1628.0900000000	0.5770185460
1628.1000000000	0.5772752459
1628.1100000000	0.5771333740
1628.1200000000	0.5767100940
1628.1300000000	0.5768735677
1628.1400000000	0.5776180036
1628.1500000000	0.5779659726
1628.1600000000	0.5777674261
1628.1700000000	0.5778961582
1628.1800000000	0.5783639111
1628.1900000000	0.5785052306
1628.2000000000	0.5782016104
1628.2100000000	0.5784796188
1628.2200000000	0.5789759841
1628.2300000000	0.5789333620
1628.2400000000	0.5787918431
1628.2500000000	0.5786587085
1628.2600000000	0.5787851325
1628.2700000000	0.5787149566
1628.2800000000	0.5784042555
1628.2900000000	0.5778003507
1628.3000000000	0.5777115214
1628.3100000000	0.5779589216
1628.3200000000	0.5775143113
1628.3300000000	0.5771120084
1628.3400000000	0.5775005454
1628.3500000000	0.5776599644
1628.3600000000	0.5772183444
1628.3700000000	0.5768678144
1628.3800000000	0.5771084465
1628.3900000000	0.5775347527
1628.4000000000	0.5774784000
1628.4100000000	0.5773614746
1628.4200000000	0.5775573458
1628.4300000000	0.5774827430
1628.4400000000	0.5771440132
1628.4500000000	0.5767870871
1628.4600000000	0.5764925948
1628.4700000000	0.5763300911
1628.4800000000	0.5762271643
1628.4900000000	0.5752993307
1628.5000000000	0.5746499519
1628.5100000000	0.5741652351
1628.5200000000	0.5729070767
1628.5300000000	0.5717360776
1628.5400000000	0.5717090021
1628.5500000000	0.5716523636
1628.5600000000	0.5703776159
1628.5700000000	0.5704320147
1628.5800000000	0.5699165654
1628.5900000000	0.5691089158
1628.6000000000	0.5691733602
1628.6100000000	0.5701325307
1628.6200000000	0.5708010497
1628.6300000000	0.5710321870
1628.6400000000	0.5720228585
1628.6500000000	0.5726310403
1628.6600000000	0.5727690099
1628.6700000000	0.5739886147
1628.6800000000	0.5750098678
1628.6900000000	0.5750511504
1628.7000000000	0.5756892586
1628.7100000000	0.5768970730
1628.7200000000	0.5769860537
1628.7300000000	0.5764077807
1628.7400000000	0.5771405325
1628.7500000000	0.5780749256
1628.7600000000	0.5770820285
1628.7700000000	0.5766854651
1628.7800000000	0.5775346590
1628.7900000000	0.5770423501
1628.8000000000	0.5758867017
1628.8100000000	0.5759939784
1628.8200000000	0.5761551695
1628.8300000000	0.5753612526
1628.8400000000	0.5751674574
1628.8500000000	0.5749325965
1628.8600000000	0.5742166649
1628.8700000000	0.5742729211
1628.8800000000	0.5748837218
1628.8900000000	0.5743929856
1628.9000000000	0.5741771951
1628.9100000000	0.5751877307
1628.9200000000	0.5751215504
1628.9300000000	0.5744176963
1628.9400000000	0.5752792841
1628.9500000000	0.5763273221
1628.9600000000	0.5761304745
1628.9700000000	0.5761471366
1628.9800000000	0.5771687870
1628.9900000000	0.5775127407
1629.0000000000	0.5769828501
1629.0100000000	0.5772184522
1629.0200000000	0.5776443427
1629.0300000000	0.5773066812
1629.0400000000	0.5773884314
1629.0500000000	0.5772788480
1629.0600000000	0.5764444341
1629.0700000000	0.5756307230
1629.0800000000	0.5752323074
1629.0900000000	0.5742938363
1629.1000000000	0.5730286939
1629.1100000000	0.5726899006
1629.1200000000	0.5721117400
1629.1300000000	0.5704761356
1629.1400000000	0.5695098031
1629.1500000000	0.5691554637
1629.1600000000	0.5677443733
1629.1700000000	0.5672287200
1629.1800000000	0.5676844914
1629.1900000000	0.5676538420
1629.2000000000	0.5669099971
1629.2100000000	0.5671989021
1629.2200000000	0.5682140199
1629.2300000000	0.5685100536
1629.2400000000	0.5692105042
1629.2500000000	0.5699070101
1629.2600000000	0.5708540372
1629.2700000000	0.5719542180
1629.2800000000	0.5729027437
1629.2900000000	0.5737622352
1629.3000000000	0.5746747155
1629.3100000000	0.5755540673
1629.3200000000	0.5762399739
1629.3300000000	0.5764525780
1629.3400000000	0.5767114561
1629.3500000000	0.5771333068
1629.3600000000	0.5768303002
1629.3700000000	0.5761828305
1629.3800000000	0.5760396764
1629.3900000000	0.5758878827
1629.4000000000	0.5748480444
1629.4100000000	0.5739447019
1629.4200000000	0.5736646249
1629.4300000000	0.5733191207
1629.4400000000	0.5726830568
1629.4500000000	0.5722791888
1629.4600000000	0.5726788276
1629.4700000000	0.5727373845
1629.4800000000	0.5725863105
1629.4900000000	0.5725869925
1629.5000000000	0.5735270879
1629.5100000000	0.5744779541
1629.5200000000	0.5748164258
1629.5300000000	0.5752474203
1629.5400000000	0.5757817383
1629.5500000000	0.5764874048
1629.5600000000	0.5770101259
1629.5700000000	0.5770410711
1629.5800000000	0.5772473445
1629.5900000000	0.5777238447
1629.6000000000	0.5777575131
1629.6100000000	0.5774519232
1629.6200000000	0.5771715798
1629.6300000000	0.5768649722
1629.6400000000	0.5765669036
1629.6500000000	0.5760225828
1629.6600000000	0.5754254607
1629.6700000000	0.5751508772
1629.6800000000	0.5747697316
1629.6900000000	0.5737585737
1629.7000000000	0.5730663561
1629.7100000000	0.5731986302
1629.7200000000	0.5730071646
1629.7300000000	0.5726069250
1629.7400000000	0.5726012168
1629.7500000000	0.5731054207
1629.7600000000	0.5730549918
1629.7700000000	0.5729075584
1629.7800000000	0.5732108158
1629.7900000000	0.5740313820
1629.8000000000	0.5740571395
1629.8100000000	0.5738397269
1629.8200000000	0.5744962126
1629.8300000000	0.5744932169
1629.8400000000	0.5742934777
1629.8500000000	0.5741769087
1629.8600000000	0.5745560629
1629.8700000000	0.5746725037
1629.8800000000	0.5740507035
1629.8900000000	0.5737855839
1629.9000000000	0.5740183965
1629.9100000000	0.5740654726
1629.9200000000	0.5738193390
1629.9300000000	0.5739511119
1629.9400000000	0.5743306108
1629.9500000000	0.5744707887
1629.9600000000	0.5745699331
1629.9700000000	0.5748855794
1629.9800000000	0.5752610993
1629.9900000000	0.5757638875
1630.0000000000	0.5760307612
1630.0100000000	0.5761855864
1630.0200000000	0.5767576458
1630.0300000000	0.5768943198
1630.0400000000	0.5763915360
1630.0500000000	0.5762585788
1630.0600000000	0.5767822942
1630.0700000000	0.5768178177
1630.0800000000	0.5767401993
1630.0900000000	0.5761372592
1630.1000000000	0.5759105633
1630.1100000000	0.5759532313
1630.1200000000	0.5751713905
1630.1300000000	0.5750185763
1630.1400000000	0.5752766738
1630.1500000000	0.5755499238
1630.1600000000	0.5753908117
1630.1700000000	0.5750593991
1630.1800000000	0.5751838229
1630.1900000000	0.5753101776
1630.2000000000	0.5752903714
1630.2100000000	0.5753320671
1630.2200000000	0.5754505098
1630.2300000000	0.5758552486
1630.2400000000	0.5760526354
1630.2500000000	0.5758309411
1630.2600000000	0.5757630926
1630.2700000000	0.5759342487
1630.2800000000	0.5759725464
1630.2900000000	0.5756008993
1630.3000000000	0.5753738124
1630.3100000000	0.5756781023
1630.3200000000	0.5749919095
1630.3300000000	0.5741430054
1630.3400000000	0.5742834666
1630.3500000000	0.5743476046
1630.3600000000	0.5734782247
1630.3700000000	0.5731478450
1630.3800000000	0.5730458928
1630.3900000000	0.5730802411
1630.4000000000	0.5728367891
1630.4100000000	0.5723470857
1630.4200000000	0.5729080876
1630.4300000000	0.5728558776
1630.4400000000	0.5727853588
1630.4500000000	0.5728169630
1630.4600000000	0.5730701089
1630.4700000000	0.5735828427
1630.4800000000	0.5736328380
1630.4900000000	0.5737088380
1630.5000000000	0.5735913615
1630.5100000000	0.5734598030
1630.5200000000	0.5735909999
1630.5300000000	0.5731316156
1630.5400000000	0.5732229736
1630.5500000000	0.5736353382
1630.5600000000	0.5732400971
1630.5700000000	0.5729583721
1630.5800000000	0.5728352141
1630.5900000000	0.5725689574
1630.6000000000	0.5722532415
1630.6100000000	0.5719823926
1630.6200000000	0.5727574747
1630.6300000000	0.5729101375
1630.6400000000	0.5727158966
1630.6500000000	0.5727450539
1630.6600000000	0.5735944619
1630.6700000000	0.5733743328
1630.6800000000	0.5732952082
1630.6900000000	0.5738572381
1630.7000000000	0.5741232703
1630.7100000000	0.5743982331
1630.7200000000	0.5737195979
1630.7300000000	0.5738926330
1630.7400000000	0.5739045658
1630.7500000000	0.5742982299
1630.7600000000	0.5737746340
1630.7700000000	0.5732159524
1630.7800000000	0.5735446500
1630.7900000000	0.5729295363
1630.8000000000	0.5723903510
1630.8100000000	0.5721942910
1630.8200000000	0.5723002695
1630.8300000000	0.5723506357
1630.8400000000	0.5717702460
1630.8500000000	0.5714379932
1630.8600000000	0.5718151647
1630.8700000000	0.5718544595
1630.8800000000	0.5715378105
1630.8900000000	0.5717039505
1630.9000000000	0.5721657350
1630.9100000000	0.5722765805
1630.9200000000	0.5721486278
1630.9300000000	0.5720827306
1630.9400000000	0.5722434714
1630.9500000000	0.5725934914
1630.9600000000	0.5722781837
1630.9700000000	0.5723325925
1630.9800000000	0.5724234716
1630.9900000000	0.5720623303
1631.0000000000	0.5714606279
1631.0100000000	0.5708448787
1631.0200000000	0.5708358027
1631.0300000000	0.5705924088
1631.0400000000	0.5707883888
1631.0500000000	0.5699783992
1631.0600000000	0.5699418252
1631.0700000000	0.5698205376
1631.0800000000	0.5686016642
1631.0900000000	0.5686395538
1631.1000000000	0.5691027719
1631.1100000000	0.5695110678
1631.1200000000	0.5693596714
1631.1300000000	0.5693990590
1631.1400000000	0.5701553826
1631.1500000000	0.5700419163
1631.1600000000	0.5703423751
1631.1700000000	0.5712039847
1631.1800000000	0.5716383660
1631.1900000000	0.5714235332
1631.2000000000	0.5715708211
1631.2100000000	0.5721897677
1631.2200000000	0.5722799799
1631.2300000000	0.5717548561
1631.2400000000	0.5725468879
1631.2500000000	0.5722702792
1631.2600000000	0.5721039785
1631.2700000000	0.5719573231
1631.2800000000	0.5710000664
1631.2900000000	0.5709878374
1631.3000000000	0.5713215682
1631.3100000000	0.5712358444
1631.3200000000	0.5704028014
1631.3300000000	0.5712090345
1631.3400000000	0.5709499534
1631.3500000000	0.5707726864
1631.3600000000	0.5703027587
1631.3700000000	0.5702442223
1631.3800000000	0.5709015441
1631.3900000000	0.5704394106
1631.4000000000	0.5705745216
1631.4100000000	0.5709647209
1631.4200000000	0.5713041997
1631.4300000000	0.5712503651
1631.4400000000	0.5711681122
1631.4500000000	0.5717612284
1631.4600000000	0.5719510109
1631.4700000000	0.5718846481
1631.4800000000	0.5717972027
1631.4900000000	0.5717792137
1631.5000000000	0.5724485866
1631.5100000000	0.5725891933
1631.5200000000	0.5719894010
1631.5300000000	0.5724797029
1631.5400000000	0.5726663947
1631.5500000000	0.5724081449
1631.5600000000	0.5718845156
1631.5700000000	0.5718468083
1631.5800000000	0.5721495971
1631.5900000000	0.5720427143
1631.6000000000	0.5717075464
1631.6100000000	0.5718859505
1631.6200000000	0.5718446902
1631.6300000000	0.5706607566
1631.6400000000	0.5708800344
1631.6500000000	0.5709051072
1631.6600000000	0.5706478632
1631.6700000000	0.5706002091
1631.6800000000	0.5703142524
1631.6900000000	0.5705913645
1631.7000000000	0.5700393178
1631.7100000000	0.5703217359
1631.7200000000	0.5699028208
1631.7300000000	0.5694943230
1631.7400000000	0.5702383345
1631.7500000000	0.5697283989
1631.7600000000	0.5692762124
1631.7700000000	0.5690349334
1631.7800000000	0.5699045423
1631.7900000000	0.5696865208
1631.8000000000	0.5685700416
1631.8100000000	0.5698732428
1631.8200000000	0.5701122631
1631.8300000000	0.5685921100
1631.8400000000	0.5692330381
1631.8500000000	0.5704119103
1631.8600000000	0.5693733986
1631.8700000000	0.5681507173
1631.8800000000	0.5691204197
1631.8900000000	0.5695365824
1631.9000000000	0.5678687457
1631.9100000000	0.5680918642
1631.9200000000	0.5686101041
1631.9300000000	0.5687107875
1631.9400000000	0.5683669705
1631.9500000000	0.5686260812
1631.9600000000	0.5688043143
1631.9700000000	0.5686340285
1631.9800000000	0.5691921244
1631.9900000000	0.5694068729
1632.0000000000	0.5700538001
1632.0100000000	0.5700038694
1632.0200000000	0.5707203850
1632.0300000000	0.5704938534
1632.0400000000	0.5693649757
1632.0500000000	0.5703253544
1632.0600000000	0.5702543632
1632.0700000000	0.5695083467
1632.0800000000	0.5694293068
1632.0900000000	0.5700729089
1632.1000000000	0.5692052121
1632.1100000000	0.5678044981
1632.1200000000	0.5681594995
1632.1300000000	0.5685691174
1632.1400000000	0.5677418382
1632.1500000000	0.5677221868
1632.1600000000	0.5682473317
1632.1700000000	0.5682051449
1632.1800000000	0.5679969984
1632.1900000000	0.5679552202
1632.2000000000	0.5688543816
1632.2100000000	0.5687331157
1632.2200000000	0.5696776174
1632.2300000000	0.5704345913
1632.2400000000	0.5701643636
1632.2500000000	0.5705428748
1632.2600000000	0.5711497723
1632.2700000000	0.5709058194
1632.2800000000	0.5703884332
1632.2900000000	0.5715227761
1632.3000000000	0.5713664831
1632.3100000000	0.5702466966
1632.3200000000	0.5695673800
1632.3300000000	0.5694293068
1632.3400000000	0.5689390603
1632.3500000000	0.5670454019
1632.3600000000	0.5670974911
1632.3700000000	0.5668002425
1632.3800000000	0.5653536226
1632.3900000000	0.5646369799
1632.4000000000	0.5644935638
1632.4100000000	0.5642784509
1632.4200000000	0.5634739817
1632.4300000000	0.5641750989
1632.4400000000	0.5641949080
1632.4500000000	0.5638985657
1632.4600000000	0.5653982108
1632.4700000000	0.5655911067
1632.4800000000	0.5660472112
1632.4900000000	0.5677859791
1632.5000000000	0.5680951440
1632.5100000000	0.5684130811
1632.5200000000	0.5691006590
1632.5300000000	0.5700945946
1632.5400000000	0.5701774097
1632.5500000000	0.5695674461
1632.5600000000	0.5705630773
1632.5700000000	0.5708995125
1632.5800000000	0.5701486987
1632.5900000000	0.5689413793
1632.6000000000	0.5691786744
1632.6100000000	0.5690282358
1632.6200000000	0.5679733055
1632.6300000000	0.5676000833
1632.6400000000	0.5675420830
1632.6500000000	0.5676458508
1632.6600000000	0.5669652762
1632.6700000000	0.5667876158
1632.6800000000	0.5669527250
1632.6900000000	0.5673555424
1632.7000000000	0.5678157288
1632.7100000000	0.5677152352
1632.7200000000	0.5684069532
1632.7300000000	0.5691493343
1632.7400000000	0.5692450527
1632.7500000000	0.5697249927
1632.7600000000	0.5700312537
1632.7700000000	0.5707742860
1632.7800000000	0.5713487794
1632.7900000000	0.5709692060
1632.8000000000	0.5712583616
1632.8100000000	0.5714907580
1632.8200000000	0.5714815508
1632.8300000000	0.5712912941
1632.8400000000	0.5708298589
1632.8500000000	0.5706726718
1632.8600000000	0.5708111509
1632.8700000000	0.5704789857
1632.8800000000	0.5697553473
1632.8900000000	0.5692080906
1632.9000000000	0.5694651045
1632.9100000000	0.5691029382
1632.9200000000	0.5683340092
1632.9300000000	0.5682522505
1632.9400000000	0.5681550878
1632.9500000000	0.5680386602
1632.9600000000	0.5678813090
1632.9700000000	0.5680454141
1632.9800000000	0.5682099829
1632.9900000000	0.5678236593
1633.0000000000	0.5672338758
1633.0100000000	0.5671306862
1633.0200000000	0.5675278953
1633.0300000000	0.5673562432
1633.0400000000	0.5674513523
1633.0500000000	0.5674198817
1633.0600000000	0.5676387215
1633.0700000000	0.5673634987
1633.0800000000	0.5664387718
1633.0900000000	0.5670144089
1633.1000000000	0.5672884833
1633.1100000000	0.5673486521
1633.1200000000	0.5673433940
1633.1300000000	0.5675879656
1633.1400000000	0.5680327817
1633.1500000000	0.5677803716
1633.1600000000	0.5678743165
1633.1700000000	0.5681842038
1633.1800000000	0.5681810948
1633.1900000000	0.5687995633
1633.2000000000	0.5686466097
1633.2100000000	0.5686972152
1633.2200000000	0.5690288614
1633.2300000000	0.5685839483
1633.2400000000	0.5685068376
1633.2500000000	0.5684085190
1633.2600000000	0.5687537147
1633.2700000000	0.5685727320
1633.2800000000	0.5678069598
1633.2900000000	0.5675343273
1633.3000000000	0.5676446989
1633.3100000000	0.5680314114
1633.3200000000	0.5678000253
1633.3300000000	0.5678699738
1633.3400000000	0.5684926879
1633.3500000000	0.5687520770
1633.3600000000	0.5689056296
1633.3700000000	0.5686903993
1633.3800000000	0.5693743095
1633.3900000000	0.5701581764
1633.4000000000	0.5700674374
1633.4100000000	0.5703218384
1633.4200000000	0.5706202445
1633.4300000000	0.5713807500
1633.4400000000	0.5707055097
1633.4500000000	0.5706023747
1633.4600000000	0.5713243736
1633.4700000000	0.5704701511
1633.4800000000	0.5708533878
1633.4900000000	0.5702395656
1633.5000000000	0.5696481088
1633.5100000000	0.5698509792
1633.5200000000	0.5691075348
1633.5300000000	0.5693553496
1633.5400000000	0.5684115700
1633.5500000000	0.5687796771
1633.5600000000	0.5685210245
1633.5700000000	0.5675708195
1633.5800000000	0.5677820341
1633.5900000000	0.5675587525
1633.6000000000	0.5683093632
1633.6100000000	0.5674773913
1633.6200000000	0.5676977869
1633.6300000000	0.5683253248
1633.6400000000	0.5677329656
1633.6500000000	0.5678426146
1633.6600000000	0.5679347640
1633.6700000000	0.5685520726
1633.6800000000	0.5680248677
1633.6900000000	0.5679748184
1633.7000000000	0.5685615828
1633.7100000000	0.5679606200
1633.7200000000	0.5674724481
1633.7300000000	0.5670089919
1633.7400000000	0.5676840607
1633.7500000000	0.5675300403
1633.7600000000	0.5662743957
1633.7700000000	0.5667391082
1633.7800000000	0.5662049213
1633.7900000000	0.5661431139
1633.8000000000	0.5660036497
1633.8100000000	0.5661684641
1633.8200000000	0.5666714260
1633.8300000000	0.5664539806
1633.8400000000	0.5667688627
1633.8500000000	0.5667323641
1633.8600000000	0.5673620066
1633.8700000000	0.5676351225
1633.8800000000	0.5673627608
1633.8900000000	0.5680123087
1633.9000000000	0.5680886996
1633.9100000000	0.5679675817
1633.9200000000	0.5676897345
1633.9300000000	0.5681010875
1633.9400000000	0.5684192496
1633.9500000000	0.5677163400
1633.9600000000	0.5674956995
1633.9700000000	0.5675014178
1633.9800000000	0.5675097911
1633.9900000000	0.5672458389
1634.0000000000	0.5671382760
1634.0100000000	0.5678121233
1634.0200000000	0.5677612386
1634.0300000000	0.5678002230
1634.0400000000	0.5674841137
1634.0500000000	0.5675804563
1634.0600000000	0.5683111529
1634.0700000000	0.5680728072
1634.0800000000	0.5683309422
1634.0900000000	0.5686925636
1634.1000000000	0.5692484032
1634.1100000000	0.5687759734
1634.1200000000	0.5683111917
1634.1300000000	0.5685567575
1634.1400000000	0.5685323305
1634.1500000000	0.5685312464
1634.1600000000	0.5681872363
1634.1700000000	0.5682886294
1634.1800000000	0.5679385664
1634.1900000000	0.5671258497
1634.2000000000	0.5669658802
1634.2100000000	0.5666743805
1634.2200000000	0.5663427250
1634.2300000000	0.5660697946
1634.2400000000	0.5663193641
1634.2500000000	0.5660091111
1634.2600000000	0.5651517104
1634.2700000000	0.5650586053
1634.2800000000	0.5652206895
1634.2900000000	0.5656178226
1634.3000000000	0.5653851315
1634.3100000000	0.5655979791
1634.3200000000	0.5658264786
1634.3300000000	0.5656806604
1634.3400000000	0.5659271423
1634.3500000000	0.5660924320
1634.3600000000	0.5662669951
1634.3700000000	0.5662742152
1634.3800000000	0.5665316962
1634.3900000000	0.5665154817
1634.4000000000	0.5664383073
1634.4100000000	0.5663128140
1634.4200000000	0.5655884927
1634.4300000000	0.5661353771
1634.4400000000	0.5660867919
1634.4500000000	0.5654694469
1634.4600000000	0.5654228146
1634.4700000000	0.5653547943
1634.4800000000	0.5654074372
1634.4900000000	0.5653252811
1634.5000000000	0.5657781097
1634.5100000000	0.5659380533
1634.5200000000	0.5657823058
1634.5300000000	0.5658431262
1634.5400000000	0.5663901434
1634.5500000000	0.5667661317
1634.5600000000	0.5665528535
1634.5700000000	0.5669822310
1634.5800000000	0.5677092738
1634.5900000000	0.5674053009
1634.6000000000	0.5667610185
1634.6100000000	0.5670822557
1634.6200000000	0.5671456283
1634.6300000000	0.5668871575
1634.6400000000	0.5668740752
1634.6500000000	0.5670637292
1634.6600000000	0.5669232130
1634.6700000000	0.5661575588
1634.6800000000	0.5660604220
1634.6900000000	0.5665604246
1634.7000000000	0.5663922472
1634.7100000000	0.5656142486
1634.7200000000	0.5664039336
1634.7300000000	0.5668070281
1634.7400000000	0.5662866261
1634.7500000000	0.5659102738
1634.7600000000	0.5659291147
1634.7700000000	0.5662142199
1634.7800000000	0.5664106921
1634.7900000000	0.5664115958
1634.8000000000	0.5662333195
1634.8100000000	0.5660654634
1634.8200000000	0.5658245540
1634.8300000000	0.5653203698
1634.8400000000	0.5650300300
1634.8500000000	0.5651210207
1634.8600000000	0.5648208316
1634.8700000000	0.5644469575
1634.8800000000	0.5639509286
1634.8900000000	0.5639581110
1634.9000000000	0.5634488663
1634.9100000000	0.5624699378
1634.9200000000	0.5627542415
1634.9300000000	0.5631271098
1634.9400000000	0.5627202371
1634.9500000000	0.5619808182
1634.9600000000	0.5624349008
1634.9700000000	0.5629222677
1634.9800000000	0.5626322818
1634.9900000000	0.5622988842
1635.0000000000	0.5629290594
1635.0100000000	0.5634514474
1635.0200000000	0.5630807400
1635.0300000000	0.5633010478
1635.0400000000	0.5639023423
1635.0500000000	0.5640184985
1635.0600000000	0.5637929655
1635.0700000000	0.5642627366
1635.0800000000	0.5638526526
1635.0900000000	0.5630893134
1635.1000000000	0.5629818137
1635.1100000000	0.5630291416
1635.1200000000	0.5629335693
1635.1300000000	0.5626570064
1635.1400000000	0.5622901036
1635.1500000000	0.5624950258
1635.1600000000	0.5626336669
1635.1700000000	0.5623986150
1635.1800000000	0.5623702048
1635.1900000000	0.5627137040
1635.2000000000	0.5632919058
1635.2100000000	0.5635761196
1635.2200000000	0.5634873665
1635.2300000000	0.5640798190
1635.2400000000	0.5646523713
1635.2500000000	0.5647513159
1635.2600000000	0.5646138215
1635.2700000000	0.5652585789
1635.2800000000	0.5656653349
1635.2900000000	0.5651029642
1635.3000000000	0.5651125235
1635.3100000000	0.5652073771
1635.3200000000	0.5651461254
1635.3300000000	0.5648380078
1635.3400000000	0.5650126381
1635.3500000000	0.5643558848
1635.3600000000	0.5642339122
1635.3700000000	0.5639883072
1635.3800000000	0.5630232740
1635.3900000000	0.5628788387
1635.4000000000	0.5629378669
1635.4100000000	0.5633080669
1635.4200000000	0.5629162505
1635.4300000000	0.5621338496
1635.4400000000	0.5626394390
1635.4500000000	0.5630131989
1635.4600000000	0.5624074392
1635.4700000000	0.5620539796
1635.4800000000	0.5628059271
1635.4900000000	0.5632158477
1635.5000000000	0.5622876035
1635.5100000000	0.5623463635
1635.5200000000	0.5624157809
1635.5300000000	0.5624213372
1635.5400000000	0.5621034975
1635.5500000000	0.5619325465
1635.5600000000	0.5623859423
1635.5700000000	0.5617495397
1635.5800000000	0.5610272320
1635.5900000000	0.5608892039
1635.6000000000	0.5612955534
1635.6100000000	0.5611412833
1635.6200000000	0.5606312414
1635.6300000000	0.5605120846
1635.6400000000	0.5600841557
1635.6500000000	0.5599461147
1635.6600000000	0.5595329676
1635.6700000000	0.5594503360
1635.6800000000	0.5602044985
1635.6900000000	0.5599032387
1635.7000000000	0.5593694018
1635.7100000000	0.5594465125
1635.7200000000	0.5593226680
1635.7300000000	0.5586157368
1635.7400000000	0.5587438878
1635.7500000000	0.5593673188
1635.7600000000	0.5589401955
1635.7700000000	0.5581967125
1635.7800000000	0.5580796322
1635.7900000000	0.5583225463
1635.8000000000	0.5577858605
1635.8100000000	0.5572817645
1635.8200000000	0.5578383707
1635.8300000000	0.5588327318
1635.8400000000	0.5588681232
1635.8500000000	0.5585511622
1635.8600000000	0.5595817739
1635.8700000000	0.5595173017
1635.8800000000	0.5598712491
1635.8900000000	0.5610717516
1635.9000000000	0.5616755908
1635.9100000000	0.5621491250
1635.9200000000	0.5624063381
1635.9300000000	0.5625087980
1635.9400000000	0.5627167828
1635.9500000000	0.5631006788
1635.9600000000	0.5629753345
1635.9700000000	0.5626038968
1635.9800000000	0.5625258098
1635.9900000000	0.5626758314
1636.0000000000	0.5619610231
1636.0100000000	0.5608925077
1636.0200000000	0.5605978076
1636.0300000000	0.5603399301
1636.0400000000	0.5594929998
1636.0500000000	0.5588958015
1636.0600000000	0.5588073109
1636.0700000000	0.5581852125
1636.0800000000	0.5576304517
1636.0900000000	0.5578092317
1636.1000000000	0.5579689355
1636.1100000000	0.5576592656
1636.1200000000	0.5580314036
1636.1300000000	0.5582662259
1636.1400000000	0.5580213204
1636.1500000000	0.5588922824
1636.1600000000	0.5589745298
1636.1700000000	0.5588999895
1636.1800000000	0.5594922631
1636.1900000000	0.5603713410
1636.2000000000	0.5601001205
1636.2100000000	0.5589453174
1636.2200000000	0.5600853048
1636.2300000000	0.5605609040
1636.2400000000	0.5593482744
1636.2500000000	0.5593810329
1636.2600000000	0.5596649123
1636.2700000000	0.5582444931
1636.2800000000	0.5574966032
1636.2900000000	0.5582671539
1636.3000000000	0.5572411653
1636.3100000000	0.5558022400
1636.3200000000	0.5566181440
1636.3300000000	0.5565660470
1636.3400000000	0.5549062202
1636.3500000000	0.5545784341
1636.3600000000	0.5551058392
1636.3700000000	0.5547190317
1636.3800000000	0.5546088214
1636.3900000000	0.5553817491
1636.4000000000	0.5555657164
1636.4100000000	0.5549251282
1636.4200000000	0.5550364811
1636.4300000000	0.5559340612
1636.4400000000	0.5559978026
1636.4500000000	0.5559525441
1636.4600000000	0.5570107288
1636.4700000000	0.5571837149
1636.4800000000	0.5569598094
1636.4900000000	0.5579099822
1636.5000000000	0.5586575592
1636.5100000000	0.5581892275
1636.5200000000	0.5589399347
1636.5300000000	0.5602402380
1636.5400000000	0.5597961190
1636.5500000000	0.5597776581
1636.5600000000	0.5609605517
1636.5700000000	0.5612077369
1636.5800000000	0.5607828436
1636.5900000000	0.5609494144
1636.6000000000	0.5616013947
1636.6100000000	0.5615766473
1636.6200000000	0.5609550129
1636.6300000000	0.5610633398
1636.6400000000	0.5612342595
1636.6500000000	0.5607765925
1636.6600000000	0.5603585159
1636.6700000000	0.5600683642
1636.6800000000	0.5597451997
1636.6900000000	0.5594626791
1636.7000000000	0.5591516490
1636.7100000000	0.5587174982
1636.7200000000	0.5588128143
1636.7300000000	0.5590971703
1636.7400000000	0.5586541514
1636.7500000000	0.5583162270
1636.7600000000	0.5585923011
1636.7700000000	0.5590183576
1636.7800000000	0.5589636543
1636.7900000000	0.5594081542
1636.8000000000	0.5599746447
1636.8100000000	0.5600949348
1636.8200000000	0.5599306116
1636.8300000000	0.5596826111
1636.8400000000	0.5600101264
1636.8500000000	0.5597805412
1636.8600000000	0.5595197418
1636.8700000000	0.5597433441
1636.8800000000	0.5595717600
1636.8900000000	0.5587295175
1636.9000000000	0.5578525997
1636.9100000000	0.5574676007
1636.9200000000	0.5575542960
1636.9300000000	0.5570026173
1636.9400000000	0.5564576350
1636.9500000000	0.5564802582
1636.9600000000	0.5561455921
1636.9700000000	0.5552097797
1636.9800000000	0.5549363282
1636.9900000000	0.5553496874
1637.0000000000	0.5552057206
1637.0100000000	0.5552345538
1637.0200000000	0.5561942638
1637.0300000000	0.5567544803
1637.0400000000	0.5566486629
1637.0500000000	0.5568760192
1637.0600000000	0.5576658587
1637.0700000000	0.5586001883
1637.0800000000	0.5591332784
1637.0900000000	0.5593913548
1637.1000000000	0.5601978670
1637.1100000000	0.5604139273
1637.1200000000	0.5604219893
1637.1300000000	0.5607237157
1637.1400000000	0.5609365493
1637.1500000000	0.5612026616
1637.1600000000	0.5612492278
1637.1700000000	0.5611860035
1637.1800000000	0.5611698725
1637.1900000000	0.5613013534
1637.2000000000	0.5612719100
1637.2100000000	0.5613921935
1637.2200000000	0.5619064264
1637.2300000000	0.5620995071
1637.2400000000	0.5619761656
1637.2500000000	0.5621816969
1637.2600000000	0.5625151680
1637.2700000000	0.5629534621
1637.2800000000	0.5630325714
1637.2900000000	0.5628299334
1637.3000000000	0.5630768409
1637.3100000000	0.5634431033
1637.3200000000	0.5631364239
1637.3300000000	0.5626340833
1637.3400000000	0.5627145205
1637.3500000000	0.5628807819
1637.3600000000	0.5625840276
1637.3700000000	0.5622354819
1637.3800000000	0.5618368678
1637.3900000000	0.5616602167
1637.4000000000	0.5611405111
1637.4100000000	0.5604309263
1637.4200000000	0.5607308109
1637.4300000000	0.5609230683
1637.4400000000	0.5603725315
1637.4500000000	0.5601719535
1637.4600000000	0.5605018964
1637.4700000000	0.5603666662
1637.4800000000	0.5600933553
1637.4900000000	0.5603424233
1637.5000000000	0.5609364081
1637.5100000000	0.5609042971
1637.5200000000	0.5605492898
1637.5300000000	0.5607926764
1637.5400000000	0.5610580320
1637.5500000000	0.5606328486
1637.5600000000	0.5607465480
1637.5700000000	0.5611632917
1637.5800000000	0.5608221445
1637.5900000000	0.5604509746
1637.6000000000	0.5604568937
1637.6100000000	0.5605648994
1637.6200000000	0.5603142963
1637.6300000000	0.5598930875
1637.6400000000	0.5596806784
1637.6500000000	0.5598093439
1637.6600000000	0.5597317294
1637.6700000000	0.5593412872
1637.6800000000	0.5594128361
1637.6900000000	0.5596913979
1637.7000000000	0.5597754498
1637.7100000000	0.5599651652
1637.7200000000	0.5605801305
1637.7300000000	0.5608905412
1637.7400000000	0.5613329971
1637.7500000000	0.5615430673
1637.7600000000	0.5624183492
1637.7700000000	0.5631614115
1637.7800000000	0.5625591114
1637.7900000000	0.5626379553
1637.8000000000	0.5631947577
1637.8100000000	0.5635118432
1637.8200000000	0.5632704851
1637.8300000000	0.5632526154
1637.8400000000	0.5637084832
1637.8500000000	0.5639527314
1637.8600000000	0.5633131751
1637.8700000000	0.5630012308
1637.8800000000	0.5633104232
1637.8900000000	0.5634554691
1637.9000000000	0.5633172859
1637.9100000000	0.5634214406
1637.9200000000	0.5637862809
1637.9300000000	0.5638944567
1637.9400000000	0.5639000470
1637.9500000000	0.5641236290
1637.9600000000	0.5641017924
1637.9700000000	0.5642003927
1637.9800000000	0.5643377895
1637.9900000000	0.5643019056
1638.0000000000	0.5643245898
