1460.0000000000	0.0203187086
1460.0100000000	0.0203490934
1460.0200000000	0.0203608887
1460.0300000000	0.0203258498
1460.0400000000	0.0201835390
1460.0500000000	0.0200519591
1460.0600000000	0.0198653230
1460.0700000000	0.0197652116
1460.0800000000	0.0197502538
1460.0900000000	0.0197294430
1460.1000000000	0.0197294430
1460.1100000000	0.0197865804
1460.1200000000	0.0199715423
1460.1300000000	0.0201430308
1460.1400000000	0.0202886655
1460.1500000000	0.0204026596
1460.1600000000	0.0204745866
1460.1700000000	0.0205160613
1460.1800000000	0.0204135664
1460.1900000000	0.0202173078
1460.2000000000	0.0200083392
1460.2100000000	0.0196571520
1460.2200000000	0.0191893954
1460.2300000000	0.0188046019
1460.2400000000	0.0185983195
1460.2500000000	0.0183453265
1460.2600000000	0.0182261912
1460.2700000000	0.0181962499
1460.2800000000	0.0182715595
1460.2900000000	0.0184693438
1460.3000000000	0.0186059687
1460.3100000000	0.0188435610
1460.3200000000	0.0190711358
1460.3300000000	0.0193662571
1460.3400000000	0.0195386293
1460.3500000000	0.0196706017
1460.3600000000	0.0198122564
1460.3700000000	0.0197856373
1460.3800000000	0.0195991961
1460.3900000000	0.0193580328
1460.4000000000	0.0191540800
1460.4100000000	0.0190170385
1460.4200000000	0.0189025208
1460.4300000000	0.0187929678
1460.4400000000	0.0187640544
1460.4500000000	0.0187154289
1460.4600000000	0.0187416630
1460.4700000000	0.0187887347
1460.4800000000	0.0188491636
1460.4900000000	0.0188967644
1460.5000000000	0.0189336243
1460.5100000000	0.0189428392
1460.5200000000	0.0189140885
1460.5300000000	0.0187431451
1460.5400000000	0.0186159305
1460.5500000000	0.0185144506
1460.5600000000	0.0184126431
1460.5700000000	0.0183929649
1460.5800000000	0.0185028616
1460.5900000000	0.0186780212
1460.6000000000	0.0189206307
1460.6100000000	0.0192373611
1460.6200000000	0.0196885407
1460.6300000000	0.0202249191
1460.6400000000	0.0207499655
1460.6500000000	0.0213026797
1460.6600000000	0.0218032526
1460.6700000000	0.0221210794
1460.6800000000	0.0222433722
1460.6900000000	0.0222319494
1460.7000000000	0.0221091971
1460.7100000000	0.0218791372
1460.7200000000	0.0214892308
1460.7300000000	0.0211008347
1460.7400000000	0.0207125224
1460.7500000000	0.0204087992
1460.7600000000	0.0202893876
1460.7700000000	0.0202657830
1460.7800000000	0.0203313899
1460.7900000000	0.0205813296
1460.8000000000	0.0209617115
1460.8100000000	0.0214367610
1460.8200000000	0.0219547546
1460.8300000000	0.0225695919
1460.8400000000	0.0232330842
1460.8500000000	0.0238117349
1460.8600000000	0.0243356035
1460.8700000000	0.0247052542
1460.8800000000	0.0248939622
1460.8900000000	0.0249801388
1460.9000000000	0.0250208375
1460.9100000000	0.0249424860
1460.9200000000	0.0248045121
1460.9300000000	0.0247734277
1460.9400000000	0.0248142642
1460.9500000000	0.0249169666
1460.9600000000	0.0249741731
1460.9700000000	0.0251623523
1460.9800000000	0.0253418788
1460.9900000000	0.0254884188
1461.0000000000	0.0256565577
1461.0100000000	0.0259116932
1461.0200000000	0.0260859233
1461.0300000000	0.0262714060
1461.0400000000	0.0262508577
1461.0500000000	0.0261711303
1461.0600000000	0.0259656472
1461.0700000000	0.0258197494
1461.0800000000	0.0257169995
1461.0900000000	0.0257889002
1461.1000000000	0.0258899945
1461.1100000000	0.0260041032
1461.1200000000	0.0262209097
1461.1300000000	0.0263810351
1461.1400000000	0.0266919225
1461.1500000000	0.0268605400
1461.1600000000	0.0270043089
1461.1700000000	0.0271699067
1461.1800000000	0.0270938702
1461.1900000000	0.0269286609
1461.2000000000	0.0266735594
1461.2100000000	0.0263159234
1461.2200000000	0.0260063077
1461.2300000000	0.0255962185
1461.2400000000	0.0251920452
1461.2500000000	0.0248832969
1461.2600000000	0.0245108317
1461.2700000000	0.0242724594
1461.2800000000	0.0242055715
1461.2900000000	0.0240000835
1461.3000000000	0.0240086620
1461.3100000000	0.0240200752
1461.3200000000	0.0240200752
1461.3300000000	0.0240536177
1461.3400000000	0.0239798971
1461.3500000000	0.0239061637
1461.3600000000	0.0238059049
1461.3700000000	0.0235210230
1461.3800000000	0.0233087686
1461.3900000000	0.0231258102
1461.4000000000	0.0229223060
1461.4100000000	0.0228759018
1461.4200000000	0.0227992859
1461.4300000000	0.0227620048
1461.4400000000	0.0229087371
1461.4500000000	0.0230872472
1461.4600000000	0.0233521673
1461.4700000000	0.0236384481
1461.4800000000	0.0239042244
1461.4900000000	0.0241826550
1461.5000000000	0.0243556911
1461.5100000000	0.0243658102
1461.5200000000	0.0243418617
1461.5300000000	0.0242696009
1461.5400000000	0.0239248521
1461.5500000000	0.0234860028
1461.5600000000	0.0230132812
1461.5700000000	0.0225398073
1461.5800000000	0.0221979839
1461.5900000000	0.0219863118
1461.6000000000	0.0219934626
1461.6100000000	0.0221539518
1461.6200000000	0.0224562552
1461.6300000000	0.0229603507
1461.6400000000	0.0234961645
1461.6500000000	0.0240677424
1461.6600000000	0.0247103673
1461.6700000000	0.0253874362
1461.6800000000	0.0258713947
1461.6900000000	0.0262150749
1461.7000000000	0.0263591741
1461.7100000000	0.0263545303
1461.7200000000	0.0260902975
1461.7300000000	0.0256908445
1461.7400000000	0.0252536243
1461.7500000000	0.0248039075
1461.7600000000	0.0243526286
1461.7700000000	0.0239884522
1461.7800000000	0.0237127992
1461.7900000000	0.0236519821
1461.8000000000	0.0237161512
1461.8100000000	0.0238438185
1461.8200000000	0.0240737032
1461.8300000000	0.0243270545
1461.8400000000	0.0247243335
1461.8500000000	0.0251214829
1461.8600000000	0.0255406267
1461.8700000000	0.0260315874
1461.8800000000	0.0262680385
1461.8900000000	0.0265406319
1461.9000000000	0.0267274464
1461.9100000000	0.0270068652
1461.9200000000	0.0272108556
1461.9300000000	0.0273182179
1461.9400000000	0.0274329017
1461.9500000000	0.0276116733
1461.9600000000	0.0277865104
1461.9700000000	0.0279214699
1461.9800000000	0.0280576758
1461.9900000000	0.0281595668
1462.0000000000	0.0281676621
1462.0100000000	0.0281355940
1462.0200000000	0.0279660387
1462.0300000000	0.0277817395
1462.0400000000	0.0274558840
1462.0500000000	0.0271307654
1462.0600000000	0.0268054033
1462.0700000000	0.0264503403
1462.0800000000	0.0263411504
1462.0900000000	0.0262011308
1462.1000000000	0.0262056001
1462.1100000000	0.0262549525
1462.1200000000	0.0263817034
1462.1300000000	0.0265905101
1462.1400000000	0.0268972914
1462.1500000000	0.0271700979
1462.1600000000	0.0274904874
1462.1700000000	0.0276470685
1462.1800000000	0.0277028448
1462.1900000000	0.0276452808
1462.2000000000	0.0273966758
1462.2100000000	0.0271266399
1462.2200000000	0.0267534363
1462.2300000000	0.0264067294
1462.2400000000	0.0260636998
1462.2500000000	0.0257182463
1462.2600000000	0.0253385351
1462.2700000000	0.0250904880
1462.2800000000	0.0248044900
1462.2900000000	0.0246684546
1462.3000000000	0.0245356003
1462.3100000000	0.0244013302
1462.3200000000	0.0242977397
1462.3300000000	0.0240695160
1462.3400000000	0.0238591674
1462.3500000000	0.0236101982
1462.3600000000	0.0233371075
1462.3700000000	0.0230416765
1462.3800000000	0.0226971228
1462.3900000000	0.0223807477
1462.4000000000	0.0220521192
1462.4100000000	0.0218043130
1462.4200000000	0.0216690848
1462.4300000000	0.0216450128
1462.4400000000	0.0216792813
1462.4500000000	0.0218463564
1462.4600000000	0.0221183604
1462.4700000000	0.0223895021
1462.4800000000	0.0227030291
1462.4900000000	0.0229496495
1462.5000000000	0.0231586314
1462.5100000000	0.0233429306
1462.5200000000	0.0234172327
1462.5300000000	0.0233303504
1462.5400000000	0.0231462107
1462.5500000000	0.0227986668
1462.5600000000	0.0223760832
1462.5700000000	0.0219440163
1462.5800000000	0.0215921058
1462.5900000000	0.0213941348
1462.6000000000	0.0214294440
1462.6100000000	0.0215729896
1462.6200000000	0.0218325043
1462.6300000000	0.0221786780
1462.6400000000	0.0226000294
1462.6500000000	0.0231031792
1462.6600000000	0.0236526996
1462.6700000000	0.0242593823
1462.6800000000	0.0248046245
1462.6900000000	0.0252103018
1462.7000000000	0.0254488985
1462.7100000000	0.0254894730
1462.7200000000	0.0253551762
1462.7300000000	0.0250846996
1462.7400000000	0.0247193285
1462.7500000000	0.0243717854
1462.7600000000	0.0240799007
1462.7700000000	0.0238080902
1462.7800000000	0.0236566827
1462.7900000000	0.0235837152
1462.8000000000	0.0236248642
1462.8100000000	0.0238409100
1462.8200000000	0.0241627078
1462.8300000000	0.0244427379
1462.8400000000	0.0248152600
1462.8500000000	0.0249995466
1462.8600000000	0.0251731726
1462.8700000000	0.0253823462
1462.8800000000	0.0253844248
1462.8900000000	0.0253787584
1462.9000000000	0.0252916743
1462.9100000000	0.0251568001
1462.9200000000	0.0251819441
1462.9300000000	0.0252492343
1462.9400000000	0.0253619025
1462.9500000000	0.0256408570
1462.9600000000	0.0260887545
1462.9700000000	0.0266655821
1462.9800000000	0.0273321645
1462.9900000000	0.0280253794
1463.0000000000	0.0287603366
1463.0100000000	0.0293744000
1463.0200000000	0.0298203472
1463.0300000000	0.0301914095
1463.0400000000	0.0302886507
1463.0500000000	0.0301009975
1463.0600000000	0.0297913967
1463.0700000000	0.0292461574
1463.0800000000	0.0286353432
1463.0900000000	0.0280228435
1463.1000000000	0.0275787816
1463.1100000000	0.0272130030
1463.1200000000	0.0270238503
1463.1300000000	0.0271675608
1463.1400000000	0.0274122511
1463.1500000000	0.0277038959
1463.1600000000	0.0280798184
1463.1700000000	0.0284884416
1463.1800000000	0.0289377797
1463.1900000000	0.0294167213
1463.2000000000	0.0298237168
1463.2100000000	0.0300092385
1463.2200000000	0.0300269312
1463.2300000000	0.0298496203
1463.2400000000	0.0296234128
1463.2500000000	0.0294552204
1463.2600000000	0.0292052940
1463.2700000000	0.0288904339
1463.2800000000	0.0285282646
1463.2900000000	0.0282308940
1463.3000000000	0.0279960426
1463.3100000000	0.0277702275
1463.3200000000	0.0276444726
1463.3300000000	0.0275992310
1463.3400000000	0.0276612534
1463.3500000000	0.0276670908
1463.3600000000	0.0275692010
1463.3700000000	0.0275282401
1463.3800000000	0.0273713388
1463.3900000000	0.0270797403
1463.4000000000	0.0268575504
1463.4100000000	0.0266278145
1463.4200000000	0.0264149951
1463.4300000000	0.0262777522
1463.4400000000	0.0262587751
1463.4500000000	0.0262497858
1463.4600000000	0.0263317522
1463.4700000000	0.0266243566
1463.4800000000	0.0269841692
1463.4900000000	0.0274369858
1463.5000000000	0.0278630329
1463.5100000000	0.0283049676
1463.5200000000	0.0287729775
1463.5300000000	0.0291199268
1463.5400000000	0.0293071406
1463.5500000000	0.0293475896
1463.5600000000	0.0292157691
1463.5700000000	0.0290365185
1463.5800000000	0.0287494963
1463.5900000000	0.0284537091
1463.6000000000	0.0282051069
1463.6100000000	0.0279689910
1463.6200000000	0.0278391295
1463.6300000000	0.0278489402
1463.6400000000	0.0279357814
1463.6500000000	0.0280919476
1463.6600000000	0.0283176275
1463.6700000000	0.0285616786
1463.6800000000	0.0288253491
1463.6900000000	0.0291284089
1463.7000000000	0.0294050128
1463.7100000000	0.0296522205
1463.7200000000	0.0298287941
1463.7300000000	0.0298481609
1463.7400000000	0.0297721836
1463.7500000000	0.0296240448
1463.7600000000	0.0294541069
1463.7700000000	0.0293604905
1463.7800000000	0.0293960065
1463.7900000000	0.0294190977
1463.8000000000	0.0295783431
1463.8100000000	0.0297157250
1463.8200000000	0.0297125167
1463.8300000000	0.0296759577
1463.8400000000	0.0296129978
1463.8500000000	0.0296246944
1463.8600000000	0.0295565640
1463.8700000000	0.0294531328
1463.8800000000	0.0292822107
1463.8900000000	0.0289061558
1463.9000000000	0.0285262453
1463.9100000000	0.0281999854
1463.9200000000	0.0278122812
1463.9300000000	0.0275226152
1463.9400000000	0.0274150066
1463.9500000000	0.0273810583
1463.9600000000	0.0275977797
1463.9700000000	0.0279173837
1463.9800000000	0.0282969631
1463.9900000000	0.0288123529
1464.0000000000	0.0292633317
1464.0100000000	0.0296952268
1464.0200000000	0.0300718978
1464.0300000000	0.0302673121
1464.0400000000	0.0303747352
1464.0500000000	0.0302736126
1464.0600000000	0.0299590045
1464.0700000000	0.0295140866
1464.0800000000	0.0290138770
1464.0900000000	0.0285322418
1464.1000000000	0.0281095284
1464.1100000000	0.0277165544
1464.1200000000	0.0273624758
1464.1300000000	0.0271973661
1464.1400000000	0.0270666184
1464.1500000000	0.0270052756
1464.1600000000	0.0271168246
1464.1700000000	0.0273753377
1464.1800000000	0.0276284797
1464.1900000000	0.0278044009
1464.2000000000	0.0281025556
1464.2100000000	0.0284307512
1464.2200000000	0.0287194232
1464.2300000000	0.0289828837
1464.2400000000	0.0292262343
1464.2500000000	0.0293633214
1464.2600000000	0.0294469064
1464.2700000000	0.0295746344
1464.2800000000	0.0297006754
1464.2900000000	0.0298861496
1464.3000000000	0.0301885774
1464.3100000000	0.0304548771
1464.3200000000	0.0306098127
1464.3300000000	0.0306519817
1464.3400000000	0.0305851891
1464.3500000000	0.0304694865
1464.3600000000	0.0302535008
1464.3700000000	0.0299007404
1464.3800000000	0.0294768045
1464.3900000000	0.0288753335
1464.4000000000	0.0281868083
1464.4100000000	0.0274406436
1464.4200000000	0.0266706476
1464.4300000000	0.0259862402
1464.4400000000	0.0253942487
1464.4500000000	0.0249262403
1464.4600000000	0.0247034714
1464.4700000000	0.0246975738
1464.4800000000	0.0248210577
1464.4900000000	0.0250292801
1464.5000000000	0.0253554009
1464.5100000000	0.0257012606
1464.5200000000	0.0259661673
1464.5300000000	0.0263044268
1464.5400000000	0.0266050203
1464.5500000000	0.0267696057
1464.5600000000	0.0268447329
1464.5700000000	0.0267679713
1464.5800000000	0.0265416249
1464.5900000000	0.0262188410
1464.6000000000	0.0258049613
1464.6100000000	0.0255005474
1464.6200000000	0.0253312055
1464.6300000000	0.0252278763
1464.6400000000	0.0251837041
1464.6500000000	0.0253573075
1464.6600000000	0.0254966552
1464.6700000000	0.0256190416
1464.6800000000	0.0259033071
1464.6900000000	0.0261923848
1464.7000000000	0.0265628699
1464.7100000000	0.0267427855
1464.7200000000	0.0268680970
1464.7300000000	0.0269391236
1464.7400000000	0.0270104052
1464.7500000000	0.0271035923
1464.7600000000	0.0272251312
1464.7700000000	0.0272862006
1464.7800000000	0.0273360893
1464.7900000000	0.0274237443
1464.8000000000	0.0276116274
1464.8100000000	0.0278896492
1464.8200000000	0.0281235580
1464.8300000000	0.0283714073
1464.8400000000	0.0286671734
1464.8500000000	0.0289106605
1464.8600000000	0.0291295126
1464.8700000000	0.0293604610
1464.8800000000	0.0294462708
1464.8900000000	0.0293536059
1464.9000000000	0.0291015871
1464.9100000000	0.0288155531
1464.9200000000	0.0285107617
1464.9300000000	0.0280871214
1464.9400000000	0.0278816296
1464.9500000000	0.0278710916
1464.9600000000	0.0279375171
1464.9700000000	0.0282475872
1464.9800000000	0.0286710144
1464.9900000000	0.0292455780
1465.0000000000	0.0299970214
1465.0100000000	0.0307905685
1465.0200000000	0.0315644072
1465.0300000000	0.0323203754
1465.0400000000	0.0329191284
1465.0500000000	0.0333971868
1465.0600000000	0.0338944465
1465.0700000000	0.0341825522
1465.0800000000	0.0343162123
1465.0900000000	0.0344248256
1465.1000000000	0.0341355281
1465.1100000000	0.0338083099
1465.1200000000	0.0333814927
1465.1300000000	0.0331701721
1465.1400000000	0.0330650552
1465.1500000000	0.0330335916
1465.1600000000	0.0331399426
1465.1700000000	0.0332167513
1465.1800000000	0.0333110836
1465.1900000000	0.0335096448
1465.2000000000	0.0337524840
1465.2100000000	0.0339784163
1465.2200000000	0.0340402797
1465.2300000000	0.0340509864
1465.2400000000	0.0339797095
1465.2500000000	0.0338892263
1465.2600000000	0.0337154938
1465.2700000000	0.0334718374
1465.2800000000	0.0332973811
1465.2900000000	0.0332448981
1465.3000000000	0.0332629406
1465.3100000000	0.0334296419
1465.3200000000	0.0337275924
1465.3300000000	0.0341528628
1465.3400000000	0.0344490222
1465.3500000000	0.0347726150
1465.3600000000	0.0350276026
1465.3700000000	0.0351714273
1465.3800000000	0.0350726611
1465.3900000000	0.0348967937
1465.4000000000	0.0345837725
1465.4100000000	0.0339881548
1465.4200000000	0.0332194127
1465.4300000000	0.0323359738
1465.4400000000	0.0314571465
1465.4500000000	0.0308387854
1465.4600000000	0.0301462419
1465.4700000000	0.0297401958
1465.4800000000	0.0294548518
1465.4900000000	0.0291556834
1465.5000000000	0.0290817692
1465.5100000000	0.0292479116
1465.5200000000	0.0295382800
1465.5300000000	0.0298337936
1465.5400000000	0.0301004588
1465.5500000000	0.0303009488
1465.5600000000	0.0305956819
1465.5700000000	0.0308233006
1465.5800000000	0.0309764291
1465.5900000000	0.0309923198
1465.6000000000	0.0310244623
1465.6100000000	0.0310280739
1465.6200000000	0.0309335557
1465.6300000000	0.0309519637
1465.6400000000	0.0311105685
1465.6500000000	0.0312334841
1465.6600000000	0.0313825861
1465.6700000000	0.0316420077
1465.6800000000	0.0318064427
1465.6900000000	0.0320711733
1465.7000000000	0.0321729349
1465.7100000000	0.0322073138
1465.7200000000	0.0323427666
1465.7300000000	0.0322501911
1465.7400000000	0.0321106512
1465.7500000000	0.0320674879
1465.7600000000	0.0319984826
1465.7700000000	0.0319324531
1465.7800000000	0.0318392936
1465.7900000000	0.0317900908
1465.8000000000	0.0318005874
1465.8100000000	0.0318354879
1465.8200000000	0.0320657090
1465.8300000000	0.0325164342
1465.8400000000	0.0330705005
1465.8500000000	0.0335811401
1465.8600000000	0.0340741274
1465.8700000000	0.0345056248
1465.8800000000	0.0347346941
1465.8900000000	0.0348604916
1465.9000000000	0.0349184768
1465.9100000000	0.0348938718
1465.9200000000	0.0345816827
1465.9300000000	0.0342986211
1465.9400000000	0.0339157582
1465.9500000000	0.0335298948
1465.9600000000	0.0332374655
1465.9700000000	0.0330791293
1465.9800000000	0.0331325282
1465.9900000000	0.0332383973
1466.0000000000	0.0335843948
1466.0100000000	0.0339764074
1466.0200000000	0.0345155320
1466.0300000000	0.0350743133
1466.0400000000	0.0355670022
1466.0500000000	0.0361883838
1466.0600000000	0.0368211369
1466.0700000000	0.0373277793
1466.0800000000	0.0377500493
1466.0900000000	0.0380290163
1466.1000000000	0.0381522138
1466.1100000000	0.0382449619
1466.1200000000	0.0382863800
1466.1300000000	0.0383534189
1466.1400000000	0.0386104345
1466.1500000000	0.0389981342
1466.1600000000	0.0393806322
1466.1700000000	0.0396801339
1466.1800000000	0.0400092242
1466.1900000000	0.0403587815
1466.2000000000	0.0405872089
1466.2100000000	0.0407170135
1466.2200000000	0.0408950783
1466.2300000000	0.0408736212
1466.2400000000	0.0406362093
1466.2500000000	0.0403441063
1466.2600000000	0.0399740876
1466.2700000000	0.0395948845
1466.2800000000	0.0392398453
1466.2900000000	0.0388971623
1466.3000000000	0.0387261326
1466.3100000000	0.0386660510
1466.3200000000	0.0386586791
1466.3300000000	0.0388488121
1466.3400000000	0.0392127642
1466.3500000000	0.0395835727
1466.3600000000	0.0400126359
1466.3700000000	0.0403544135
1466.3800000000	0.0405838410
1466.3900000000	0.0406169325
1466.4000000000	0.0404548885
1466.4100000000	0.0402249452
1466.4200000000	0.0397809478
1466.4300000000	0.0392963774
1466.4400000000	0.0388809893
1466.4500000000	0.0382530992
1466.4600000000	0.0377433191
1466.4700000000	0.0372816525
1466.4800000000	0.0368763522
1466.4900000000	0.0366853406
1466.5000000000	0.0366603476
1466.5100000000	0.0366773893
1466.5200000000	0.0367321955
1466.5300000000	0.0368695367
1466.5400000000	0.0370134920
1466.5500000000	0.0371570189
1466.5600000000	0.0372494833
1466.5700000000	0.0372622273
1466.5800000000	0.0372976274
1466.5900000000	0.0372480482
1466.6000000000	0.0370342364
1466.6100000000	0.0368304759
1466.6200000000	0.0365904090
1466.6300000000	0.0363615618
1466.6400000000	0.0363847221
1466.6500000000	0.0365946709
1466.6600000000	0.0369066504
1466.6700000000	0.0372873321
1466.6800000000	0.0377367258
1466.6900000000	0.0381727993
1466.7000000000	0.0385103739
1466.7100000000	0.0387773933
1466.7200000000	0.0389180495
1466.7300000000	0.0389657216
1466.7400000000	0.0389021588
1466.7500000000	0.0386214211
1466.7600000000	0.0382493006
1466.7700000000	0.0377858087
1466.7800000000	0.0370531858
1466.7900000000	0.0364769492
1466.8000000000	0.0360476647
1466.8100000000	0.0357033330
1466.8200000000	0.0356176113
1466.8300000000	0.0357802730
1466.8400000000	0.0361625178
1466.8500000000	0.0367444312
1466.8600000000	0.0374200620
1466.8700000000	0.0381330339
1466.8800000000	0.0388327644
1466.8900000000	0.0393402724
1466.9000000000	0.0396693905
1466.9100000000	0.0398596021
1466.9200000000	0.0398267084
1466.9300000000	0.0396601473
1466.9400000000	0.0393845188
1466.9500000000	0.0389748471
1466.9600000000	0.0384959603
1466.9700000000	0.0380758261
1466.9800000000	0.0376812185
1466.9900000000	0.0373163130
1467.0000000000	0.0370823944
1467.0100000000	0.0369119772
1467.0200000000	0.0370216749
1467.0300000000	0.0372341591
1467.0400000000	0.0373866019
1467.0500000000	0.0374975727
1467.0600000000	0.0377800877
1467.0700000000	0.0380286531
1467.0800000000	0.0382441898
1467.0900000000	0.0383893517
1467.1000000000	0.0384644206
1467.1100000000	0.0384293962
1467.1200000000	0.0384644280
1467.1300000000	0.0384251899
1467.1400000000	0.0382867340
1467.1500000000	0.0383221341
1467.1600000000	0.0384272930
1467.1700000000	0.0386028706
1467.1800000000	0.0391366735
1467.1900000000	0.0395875290
1467.2000000000	0.0400894617
1467.2100000000	0.0404606367
1467.2200000000	0.0406905030
1467.2300000000	0.0409560981
1467.2400000000	0.0410951470
1467.2500000000	0.0410938228
1467.2600000000	0.0409958237
1467.2700000000	0.0407339804
1467.2800000000	0.0402897566
1467.2900000000	0.0397989362
1467.3000000000	0.0393283919
1467.3100000000	0.0388924149
1467.3200000000	0.0385851887
1467.3300000000	0.0384268682
1467.3400000000	0.0385691700
1467.3500000000	0.0388157735
1467.3600000000	0.0392030069
1467.3700000000	0.0397866519
1467.3800000000	0.0403153993
1467.3900000000	0.0408499190
1467.4000000000	0.0414277771
1467.4100000000	0.0418041122
1467.4200000000	0.0422225455
1467.4300000000	0.0424339814
1467.4400000000	0.0423772486
1467.4500000000	0.0422215053
1467.4600000000	0.0418561067
1467.4700000000	0.0415114977
1467.4800000000	0.0413413857
1467.4900000000	0.0409986633
1467.5000000000	0.0408556412
1467.5100000000	0.0411110377
1467.5200000000	0.0411227125
1467.5300000000	0.0413576728
1467.5400000000	0.0418716438
1467.5500000000	0.0422219507
1467.5600000000	0.0425766365
1467.5700000000	0.0427965331
1467.5800000000	0.0429853235
1467.5900000000	0.0431299360
1467.6000000000	0.0428884244
1467.6100000000	0.0425508972
1467.6200000000	0.0422601615
1467.6300000000	0.0419074655
1467.6400000000	0.0416576291
1467.6500000000	0.0415620490
1467.6600000000	0.0414798487
1467.6700000000	0.0415477864
1467.6800000000	0.0417082774
1467.6900000000	0.0418922981
1467.7000000000	0.0424886250
1467.7100000000	0.0429608621
1467.7200000000	0.0436043590
1467.7300000000	0.0441201981
1467.7400000000	0.0445414833
1467.7500000000	0.0450214415
1467.7600000000	0.0452575846
1467.7700000000	0.0451825176
1467.7800000000	0.0449580781
1467.7900000000	0.0444422287
1467.8000000000	0.0437256303
1467.8100000000	0.0429490795
1467.8200000000	0.0422663719
1467.8300000000	0.0417630393
1467.8400000000	0.0413713845
1467.8500000000	0.0411096356
1467.8600000000	0.0411054292
1467.8700000000	0.0410803914
1467.8800000000	0.0411684609
1467.8900000000	0.0413095092
1467.9000000000	0.0413898602
1467.9100000000	0.0414572317
1467.9200000000	0.0415795306
1467.9300000000	0.0416370045
1467.9400000000	0.0415775415
1467.9500000000	0.0413870091
1467.9600000000	0.0411215536
1467.9700000000	0.0407219004
1467.9800000000	0.0401368847
1467.9900000000	0.0394757854
1468.0000000000	0.0388190552
1468.0100000000	0.0382484507
1468.0200000000	0.0376975094
1468.0300000000	0.0371764918
1468.0400000000	0.0367463487
1468.0500000000	0.0362464879
1468.0600000000	0.0356229848
1468.0700000000	0.0350333647
1468.0800000000	0.0345201746
1468.0900000000	0.0340525533
1468.1000000000	0.0335519732
1468.1100000000	0.0329790347
1468.1200000000	0.0323772194
1468.1300000000	0.0318146980
1468.1400000000	0.0313267459
1468.1500000000	0.0309672023
1468.1600000000	0.0307227149
1468.1700000000	0.0305874293
1468.1800000000	0.0305876489
1468.1900000000	0.0306963175
1468.2000000000	0.0308682120
1468.2100000000	0.0310402243
1468.2200000000	0.0312096090
1468.2300000000	0.0312783668
1468.2400000000	0.0313484728
1468.2500000000	0.0312468191
1468.2600000000	0.0312089619
1468.2700000000	0.0309102969
1468.2800000000	0.0305424007
1468.2900000000	0.0302090334
1468.3000000000	0.0296528028
1468.3100000000	0.0291101403
1468.3200000000	0.0287315047
1468.3300000000	0.0284564595
1468.3400000000	0.0282818813
1468.3500000000	0.0281416286
1468.3600000000	0.0282326831
1468.3700000000	0.0284768228
1468.3800000000	0.0286953338
1468.3900000000	0.0290160374
1468.4000000000	0.0293439798
1468.4100000000	0.0296746848
1468.4200000000	0.0299262902
1468.4300000000	0.0301818751
1468.4400000000	0.0303003379
1468.4500000000	0.0303364531
1468.4600000000	0.0303248962
1468.4700000000	0.0303129782
1468.4800000000	0.0303616037
1468.4900000000	0.0304331118
1468.5000000000	0.0305532553
1468.5100000000	0.0307449017
1468.5200000000	0.0309401785
1468.5300000000	0.0313141172
1468.5400000000	0.0317893634
1468.5500000000	0.0323331381
1468.5600000000	0.0327979550
1468.5700000000	0.0332173916
1468.5800000000	0.0335274700
1468.5900000000	0.0336777430
1468.6000000000	0.0338064616
1468.6100000000	0.0339476134
1468.6200000000	0.0339494924
1468.6300000000	0.0339242542
1468.6400000000	0.0339242542
1468.6500000000	0.0339406818
1468.6600000000	0.0339342396
1468.6700000000	0.0339167784
1468.6800000000	0.0340630252
1468.6900000000	0.0344552722
1468.7000000000	0.0350530414
1468.7100000000	0.0358327198
1468.7200000000	0.0367517062
1468.7300000000	0.0376594200
1468.7400000000	0.0385296515
1468.7500000000	0.0393055799
1468.7600000000	0.0401023694
1468.7700000000	0.0406913858
1468.7800000000	0.0409849576
1468.7900000000	0.0411731369
1468.8000000000	0.0410947228
1468.8100000000	0.0409030416
1468.8200000000	0.0406299022
1468.8300000000	0.0402549912
1468.8400000000	0.0398946482
1468.8500000000	0.0395038293
1468.8600000000	0.0393125505
1468.8700000000	0.0392623886
1468.8800000000	0.0393232767
1468.8900000000	0.0393302939
1468.9000000000	0.0394305389
1468.9100000000	0.0394973689
1468.9200000000	0.0397195913
1468.9300000000	0.0398765763
1468.9400000000	0.0400210499
1468.9500000000	0.0400069234
1468.9600000000	0.0398119317
1468.9700000000	0.0394698700
1468.9800000000	0.0389264293
1468.9900000000	0.0383235660
1469.0000000000	0.0378415867
1469.0100000000	0.0374252753
1469.0200000000	0.0369470496
1469.0300000000	0.0367131579
1469.0400000000	0.0364201684
1469.0500000000	0.0362473091
1469.0600000000	0.0361441584
1469.0700000000	0.0359727074
1469.0800000000	0.0358644039
1469.0900000000	0.0355998327
1469.1000000000	0.0353506043
1469.1100000000	0.0350137326
1469.1200000000	0.0345738032
1469.1300000000	0.0340646737
1469.1400000000	0.0336157846
1469.1500000000	0.0332137008
1469.1600000000	0.0328043617
1469.1700000000	0.0324050215
1469.1800000000	0.0319898218
1469.1900000000	0.0316738429
1469.2000000000	0.0315822908
1469.2100000000	0.0316933451
1469.2200000000	0.0319820287
1469.2300000000	0.0323055201
1469.2400000000	0.0327425468
1469.2500000000	0.0332314983
1469.2600000000	0.0336167548
1469.2700000000	0.0338609346
1469.2800000000	0.0340471588
1469.2900000000	0.0341030245
1469.3000000000	0.0339808943
1469.3100000000	0.0337540550
1469.3200000000	0.0335536011
1469.3300000000	0.0332393491
1469.3400000000	0.0327464150
1469.3500000000	0.0323373528
1469.3600000000	0.0320031882
1469.3700000000	0.0318130214
1469.3800000000	0.0318116848
1469.3900000000	0.0319346578
1469.4000000000	0.0321468519
1469.4100000000	0.0323969912
1469.4200000000	0.0326998210
1469.4300000000	0.0330502371
1469.4400000000	0.0334368074
1469.4500000000	0.0337740777
1469.4600000000	0.0341210836
1469.4700000000	0.0344977638
1469.4800000000	0.0346879754
1469.4900000000	0.0347949036
1469.5000000000	0.0348726873
1469.5100000000	0.0350049314
1469.5200000000	0.0352077497
1469.5300000000	0.0355993820
1469.5400000000	0.0360461982
1469.5500000000	0.0365515414
1469.5600000000	0.0371279113
1469.5700000000	0.0376726370
1469.5800000000	0.0383165227
1469.5900000000	0.0390035639
1469.6000000000	0.0396114226
1469.6100000000	0.0401763909
1469.6200000000	0.0403688613
1469.6300000000	0.0402886653
1469.6400000000	0.0403149767
1469.6500000000	0.0405135250
1469.6600000000	0.0406757098
1469.6700000000	0.0409464961
1469.6800000000	0.0410505876
1469.6900000000	0.0411898452
1469.7000000000	0.0416130714
1469.7100000000	0.0420327302
1469.7200000000	0.0426649269
1469.7300000000	0.0433896797
1469.7400000000	0.0442846787
1469.7500000000	0.0453854373
1469.7600000000	0.0465056019
1469.7700000000	0.0477114430
1469.7800000000	0.0488948319
1469.7900000000	0.0496994298
1469.8000000000	0.0502679338
1469.8100000000	0.0505073557
1469.8200000000	0.0504837988
1469.8300000000	0.0502716516
1469.8400000000	0.0499583351
1469.8500000000	0.0495896415
1469.8600000000	0.0492271185
1469.8700000000	0.0487864745
1469.8800000000	0.0484936466
1469.8900000000	0.0482605927
1469.9000000000	0.0481102040
1469.9100000000	0.0479070659
1469.9200000000	0.0479336313
1469.9300000000	0.0478514227
1469.9400000000	0.0477257418
1469.9500000000	0.0477257418
1469.9600000000	0.0477206856
1469.9700000000	0.0476899877
1469.9800000000	0.0476564655
1469.9900000000	0.0474706570
1470.0000000000	0.0472126343
1470.0100000000	0.0467058151
1470.0200000000	0.0461897287
1470.0300000000	0.0458372148
1470.0400000000	0.0455352816
1470.0500000000	0.0454237388
1470.0600000000	0.0455664045
1470.0700000000	0.0455958490
1470.0800000000	0.0455730684
1470.0900000000	0.0456268837
1470.1000000000	0.0455325287
1470.1100000000	0.0454491047
1470.1200000000	0.0452316536
1470.1300000000	0.0446919423
1470.1400000000	0.0443111271
1470.1500000000	0.0436917464
1470.1600000000	0.0427852018
1470.1700000000	0.0420157484
1470.1800000000	0.0409059944
1470.1900000000	0.0399083669
1470.2000000000	0.0391723096
1470.2100000000	0.0384770683
1470.2200000000	0.0382327489
1470.2300000000	0.0381481514
1470.2400000000	0.0381642105
1470.2500000000	0.0384204577
1470.2600000000	0.0386630668
1470.2700000000	0.0391001621
1470.2800000000	0.0395950128
1470.2900000000	0.0400113016
1470.3000000000	0.0405663761
1470.3100000000	0.0410662584
1470.3200000000	0.0412464172
1470.3300000000	0.0413255621
1470.3400000000	0.0413140938
1470.3500000000	0.0412503783
1470.3600000000	0.0412061564
1470.3700000000	0.0409025705
1470.3800000000	0.0407177286
1470.3900000000	0.0407826696
1470.4000000000	0.0405820091
1470.4100000000	0.0407253127
1470.4200000000	0.0408278510
1470.4300000000	0.0408838597
1470.4400000000	0.0411532275
1470.4500000000	0.0412250038
1470.4600000000	0.0412658491
1470.4700000000	0.0410633632
1470.4800000000	0.0407881309
1470.4900000000	0.0405874782
1470.5000000000	0.0402966107
1470.5100000000	0.0399267429
1470.5200000000	0.0395952347
1470.5300000000	0.0392053904
1470.5400000000	0.0390014757
1470.5500000000	0.0389519156
1470.5600000000	0.0389192453
1470.5700000000	0.0392166892
1470.5800000000	0.0393870298
1470.5900000000	0.0397361515
1470.6000000000	0.0403101190
1470.6100000000	0.0405568359
1470.6200000000	0.0410097358
1470.6300000000	0.0414730160
1470.6400000000	0.0415155200
1470.6500000000	0.0415964407
1470.6600000000	0.0416393367
1470.6700000000	0.0414685928
1470.6800000000	0.0413938310
1470.6900000000	0.0410395260
1470.7000000000	0.0406447307
1470.7100000000	0.0403376987
1470.7200000000	0.0400871763
1470.7300000000	0.0403469501
1470.7400000000	0.0409386305
1470.7500000000	0.0415479633
1470.7600000000	0.0422273140
1470.7700000000	0.0429519053
1470.7800000000	0.0437039856
1470.7900000000	0.0443449672
1470.8000000000	0.0449894219
1470.8100000000	0.0457037346
1470.8200000000	0.0462226912
1470.8300000000	0.0465568431
1470.8400000000	0.0468605982
1470.8500000000	0.0467603531
1470.8600000000	0.0465742858
1470.8700000000	0.0462021369
1470.8800000000	0.0456877024
1470.8900000000	0.0456703659
1470.9000000000	0.0454536613
1470.9100000000	0.0452550637
1470.9200000000	0.0452301081
1470.9300000000	0.0453187207
1470.9400000000	0.0455450423
1470.9500000000	0.0457968075
1470.9600000000	0.0460400855
1470.9700000000	0.0463374922
1470.9800000000	0.0464651852
1470.9900000000	0.0464483032
1471.0000000000	0.0464027980
1471.0100000000	0.0461178233
1471.0200000000	0.0457420443
1471.0300000000	0.0452834150
1471.0400000000	0.0448109797
1471.0500000000	0.0444648661
1471.0600000000	0.0440640695
1471.0700000000	0.0437385349
1471.0800000000	0.0436452217
1471.0900000000	0.0436556087
1471.1000000000	0.0441822121
1471.1100000000	0.0446951138
1471.1200000000	0.0450887992
1471.1300000000	0.0458495022
1471.1400000000	0.0461449355
1471.1500000000	0.0463312939
1471.1600000000	0.0465971083
1471.1700000000	0.0465350136
1471.1800000000	0.0464005864
1471.1900000000	0.0459737385
1471.2000000000	0.0454245025
1471.2100000000	0.0448925818
1471.2200000000	0.0443079668
1471.2300000000	0.0438864894
1471.2400000000	0.0436464714
1471.2500000000	0.0433924889
1471.2600000000	0.0433743672
1471.2700000000	0.0437204733
1471.2800000000	0.0441120396
1471.2900000000	0.0446120330
1471.3000000000	0.0450294000
1471.3100000000	0.0453802711
1471.3200000000	0.0458684775
1471.3300000000	0.0459353076
1471.3400000000	0.0462882388
1471.3500000000	0.0463663217
1471.3600000000	0.0461868289
1471.3700000000	0.0460335678
1471.3800000000	0.0454556507
1471.3900000000	0.0450202633
1471.4000000000	0.0446128691
1471.4100000000	0.0440936092
1471.4200000000	0.0438373700
1471.4300000000	0.0436258124
1471.4400000000	0.0435215297
1471.4500000000	0.0435516012
1471.4600000000	0.0434808303
1471.4700000000	0.0435504127
1471.4800000000	0.0436614436
1471.4900000000	0.0436606224
1471.5000000000	0.0436017380
1471.5100000000	0.0435299962
1471.5200000000	0.0433761251
1471.5300000000	0.0431102538
1471.5400000000	0.0426961778
1471.5500000000	0.0423478280
1471.5600000000	0.0419793771
1471.5700000000	0.0416637504
1471.5800000000	0.0415401009
1471.5900000000	0.0415624472
1471.6000000000	0.0417446767
1471.6100000000	0.0420894278
1471.6200000000	0.0424237598
1471.6300000000	0.0431079102
1471.6400000000	0.0435514151
1471.6500000000	0.0438543972
1471.6600000000	0.0443549733
1471.6700000000	0.0444921325
1471.6800000000	0.0445758958
1471.6900000000	0.0444157274
1471.7000000000	0.0438697887
1471.7100000000	0.0433402450
1471.7200000000	0.0427947158
1471.7300000000	0.0422254685
1471.7400000000	0.0417081530
1471.7500000000	0.0412257420
1471.7600000000	0.0408736244
1471.7700000000	0.0406957513
1471.7800000000	0.0406336403
1471.7900000000	0.0408071173
1471.8000000000	0.0412328689
1471.8100000000	0.0415375224
1471.8200000000	0.0421589945
1471.8300000000	0.0427237024
1471.8400000000	0.0431586637
1471.8500000000	0.0435119953
1471.8600000000	0.0436579549
1471.8700000000	0.0436939835
1471.8800000000	0.0436353468
1471.8900000000	0.0433189198
1471.9000000000	0.0430899888
1471.9100000000	0.0427155542
1471.9200000000	0.0423650748
1471.9300000000	0.0421515460
1471.9400000000	0.0419745814
1471.9500000000	0.0419487843
1471.9600000000	0.0420312823
1471.9700000000	0.0422367949
1471.9800000000	0.0424591155
1471.9900000000	0.0426163271
1472.0000000000	0.0427943600
1472.0100000000	0.0429541163
1472.0200000000	0.0430418149
1472.0300000000	0.0430124696
1472.0400000000	0.0429110572
1472.0500000000	0.0427803607
1472.0600000000	0.0424622834
1472.0700000000	0.0419699051
1472.0800000000	0.0416160783
1472.0900000000	0.0413580753
1472.1000000000	0.0411212532
1472.1100000000	0.0411287342
1472.1200000000	0.0412594712
1472.1300000000	0.0415332459
1472.1400000000	0.0418946056
1472.1500000000	0.0421243520
1472.1600000000	0.0425984530
1472.1700000000	0.0429370308
1472.1800000000	0.0432840398
1472.1900000000	0.0436797470
1472.2000000000	0.0437462968
1472.2100000000	0.0437057823
1472.2200000000	0.0435770569
1472.2300000000	0.0431805468
1472.2400000000	0.0427629249
1472.2500000000	0.0423631276
1472.2600000000	0.0419492941
1472.2700000000	0.0416771582
1472.2800000000	0.0415215572
1472.2900000000	0.0413255621
1472.3000000000	0.0413790132
1472.3100000000	0.0415510461
1472.3200000000	0.0417852240
1472.3300000000	0.0421978538
1472.3400000000	0.0426099249
1472.3500000000	0.0431728052
1472.3600000000	0.0440096864
1472.3700000000	0.0447064972
1472.3800000000	0.0451227650
1472.3900000000	0.0452194979
1472.4000000000	0.0453309000
1472.4100000000	0.0452500505
1472.4200000000	0.0450390441
1472.4300000000	0.0448953634
1472.4400000000	0.0447330321
1472.4500000000	0.0445542551
1472.4600000000	0.0444913280
1472.4700000000	0.0445463893
1472.4800000000	0.0445985902
1472.4900000000	0.0446330811
1472.5000000000	0.0447142104
1472.5100000000	0.0448486225
1472.5200000000	0.0449597747
1472.5300000000	0.0450187745
1472.5400000000	0.0450321822
1472.5500000000	0.0449685376
1472.5600000000	0.0447994025
1472.5700000000	0.0444939111
1472.5800000000	0.0441794810
1472.5900000000	0.0438247781
1472.6000000000	0.0433354391
1472.6100000000	0.0429833782
1472.6200000000	0.0427283877
1472.6300000000	0.0426599166
1472.6400000000	0.0428911874
1472.6500000000	0.0429703068
1472.6600000000	0.0431494276
1472.6700000000	0.0433211316
1472.6800000000	0.0433883960
1472.6900000000	0.0436537134
1472.7000000000	0.0437306462
1472.7100000000	0.0438848254
1472.7200000000	0.0440761578
1472.7300000000	0.0437292866
1472.7400000000	0.0435781403
1472.7500000000	0.0434611270
1472.7600000000	0.0431339961
1472.7700000000	0.0427572507
1472.7800000000	0.0424667801
1472.7900000000	0.0421709192
1472.8000000000	0.0420226109
1472.8100000000	0.0418955454
1472.8200000000	0.0417377998
1472.8300000000	0.0416831172
1472.8400000000	0.0416995921
1472.8500000000	0.0417358073
1472.8600000000	0.0418299046
1472.8700000000	0.0419795924
1472.8800000000	0.0420850826
1472.8900000000	0.0419519929
1472.9000000000	0.0418392314
1472.9100000000	0.0418036083
1472.9200000000	0.0416552290
1472.9300000000	0.0415758550
1472.9400000000	0.0413699023
1472.9500000000	0.0412309402
1472.9600000000	0.0412415400
1472.9700000000	0.0412325353
1472.9800000000	0.0411616893
1472.9900000000	0.0410461507
1473.0000000000	0.0408730029
1473.0100000000	0.0406562763
1473.0200000000	0.0404424912
1473.0300000000	0.0401073087
1473.0400000000	0.0396301736
1473.0500000000	0.0389603048
1473.0600000000	0.0380986641
1473.0700000000	0.0372357597
1473.0800000000	0.0364092339
1473.0900000000	0.0355559120
1473.1000000000	0.0347637341
1473.1100000000	0.0340603452
1473.1200000000	0.0335332272
1473.1300000000	0.0331519410
1473.1400000000	0.0329574355
1473.1500000000	0.0328144082
1473.1600000000	0.0328072539
1473.1700000000	0.0328712901
1473.1800000000	0.0329736067
1473.1900000000	0.0330832752
1473.2000000000	0.0330413189
1473.2100000000	0.0329459544
1473.2200000000	0.0328201829
1473.2300000000	0.0324556364
1473.2400000000	0.0321552056
1473.2500000000	0.0319245146
1473.2600000000	0.0314819521
1473.2700000000	0.0310704008
1473.2800000000	0.0307117599
1473.2900000000	0.0303645117
1473.3000000000	0.0301987054
1473.3100000000	0.0301079098
1473.3200000000	0.0301825746
1473.3300000000	0.0303399839
1473.3400000000	0.0305005063
1473.3500000000	0.0309200613
1473.3600000000	0.0312561617
1473.3700000000	0.0315328627
1473.3800000000	0.0318154002
1473.3900000000	0.0318862003
1473.4000000000	0.0320154210
1473.4100000000	0.0321429940
1473.4200000000	0.0321722473
1473.4300000000	0.0323860602
1473.4400000000	0.0323770241
1473.4500000000	0.0324507455
1473.4600000000	0.0327602265
1473.4700000000	0.0330972896
1473.4800000000	0.0335097497
1473.4900000000	0.0341266129
1473.5000000000	0.0347974854
1473.5100000000	0.0355069618
1473.5200000000	0.0363504429
1473.5300000000	0.0372083052
1473.5400000000	0.0381336074
1473.5500000000	0.0389697024
1473.5600000000	0.0396717967
1473.5700000000	0.0403175025
1473.5800000000	0.0406127731
1473.5900000000	0.0407008127
1473.6000000000	0.0406577540
1473.6100000000	0.0404355779
1473.6200000000	0.0403364554
1473.6300000000	0.0402057159
1473.6400000000	0.0403283134
1473.6500000000	0.0406045053
1473.6600000000	0.0409345006
1473.6700000000	0.0415378654
1473.6800000000	0.0422760528
1473.6900000000	0.0429660396
1473.7000000000	0.0440730906
1473.7100000000	0.0451245542
1473.7200000000	0.0461991990
1473.7300000000	0.0472154239
1473.7400000000	0.0479760298
1473.7500000000	0.0486503155
1473.7600000000	0.0491400524
1473.7700000000	0.0495050853
1473.7800000000	0.0497616780
1473.7900000000	0.0497213670
1473.8000000000	0.0496123522
1473.8100000000	0.0495395734
1473.8200000000	0.0494401128
1473.8300000000	0.0492758766
1473.8400000000	0.0491447745
1473.8500000000	0.0492038581
1473.8600000000	0.0493379039
1473.8700000000	0.0496182588
1473.8800000000	0.0500777129
1473.8900000000	0.0504431341
1473.9000000000	0.0506273249
1473.9100000000	0.0508573903
1473.9200000000	0.0510524154
1473.9300000000	0.0510330938
1473.9400000000	0.0507956702
1473.9500000000	0.0504508138
1473.9600000000	0.0501226728
1473.9700000000	0.0496937392
1473.9800000000	0.0492449745
1473.9900000000	0.0489618459
1474.0000000000	0.0485948047
1474.0100000000	0.0483621785
1474.0200000000	0.0482263131
1474.0300000000	0.0480260816
1474.0400000000	0.0478759088
1474.0500000000	0.0476715340
1474.0600000000	0.0473533567
1474.0700000000	0.0468960679
1474.0800000000	0.0463092311
1474.0900000000	0.0457369106
1474.1000000000	0.0449225408
1474.1100000000	0.0439813661
1474.1200000000	0.0430475402
1474.1300000000	0.0419602165
1474.1400000000	0.0408854436
1474.1500000000	0.0399419124
1474.1600000000	0.0391599879
1474.1700000000	0.0385877858
1474.1800000000	0.0379589006
1474.1900000000	0.0374362763
1474.2000000000	0.0371408740
1474.2100000000	0.0368937339
1474.2200000000	0.0366152752
1474.2300000000	0.0365343731
1474.2400000000	0.0364552808
1474.2500000000	0.0364530501
1474.2600000000	0.0363619123
1474.2700000000	0.0363689229
1474.2800000000	0.0363436848
1474.2900000000	0.0360962817
1474.3000000000	0.0358911619
1474.3100000000	0.0356834003
1474.3200000000	0.0353661272
1474.3300000000	0.0353187061
1474.3400000000	0.0352886160
1474.3500000000	0.0351937318
1474.3600000000	0.0351462932
1474.3700000000	0.0352296712
1474.3800000000	0.0354898899
1474.3900000000	0.0356572751
1474.4000000000	0.0357390999
1474.4100000000	0.0359225669
1474.4200000000	0.0360417471
1474.4300000000	0.0361410639
1474.4400000000	0.0362827645
1474.4500000000	0.0363758273
1474.4600000000	0.0364524963
1474.4700000000	0.0366015474
1474.4800000000	0.0368018218
1474.4900000000	0.0371223517
1474.5000000000	0.0374557011
1474.5100000000	0.0378716126
1474.5200000000	0.0384185648
1474.5300000000	0.0389194389
1474.5400000000	0.0395201223
1474.5500000000	0.0401975829
1474.5600000000	0.0408464519
1474.5700000000	0.0414554919
1474.5800000000	0.0418590670
1474.5900000000	0.0421876214
1474.6000000000	0.0423670722
1474.6100000000	0.0424844794
1474.6200000000	0.0425054895
1474.6300000000	0.0425054895
1474.6400000000	0.0424092853
1474.6500000000	0.0425485949
1474.6600000000	0.0428009779
1474.6700000000	0.0429669338
1474.6800000000	0.0431497517
1474.6900000000	0.0435227164
1474.7000000000	0.0440535818
1474.7100000000	0.0446465099
1474.7200000000	0.0453916483
1474.7300000000	0.0462826685
1474.7400000000	0.0470024987
1474.7500000000	0.0477432650
1474.7600000000	0.0484755280
1474.7700000000	0.0490351317
1474.7800000000	0.0495500054
1474.7900000000	0.0497197472
1474.8000000000	0.0496986711
1474.8100000000	0.0495453628
1474.8200000000	0.0491323526
1474.8300000000	0.0490486855
1474.8400000000	0.0490486855
1474.8500000000	0.0489009143
1474.8600000000	0.0490213204
1474.8700000000	0.0491100813
1474.8800000000	0.0493398256
1474.8900000000	0.0495744144
1474.9000000000	0.0497796718
1474.9100000000	0.0500736593
1474.9200000000	0.0503211667
1474.9300000000	0.0505486295
1474.9400000000	0.0508360860
1474.9500000000	0.0509989327
1474.9600000000	0.0509769847
1474.9700000000	0.0508868597
1474.9800000000	0.0506641691
1474.9900000000	0.0503794872
1475.0000000000	0.0501678165
1475.0100000000	0.0499447924
1475.0200000000	0.0497043165
1475.0300000000	0.0494330466
1475.0400000000	0.0491350911
1475.0500000000	0.0489204660
1475.0600000000	0.0486618770
1475.0700000000	0.0483489534
1475.0800000000	0.0480511436
1475.0900000000	0.0475123121
1475.1000000000	0.0468906032
1475.1100000000	0.0460905859
1475.1200000000	0.0450703733
1475.1300000000	0.0439285388
1475.1400000000	0.0428434411
1475.1500000000	0.0418363571
1475.1600000000	0.0409143854
1475.1700000000	0.0399733099
1475.1800000000	0.0391076859
1475.1900000000	0.0384276136
1475.2000000000	0.0377965305
1475.2100000000	0.0372392582
1475.2200000000	0.0369484780
1475.2300000000	0.0367174816
1475.2400000000	0.0363862491
1475.2500000000	0.0360943990
1475.2600000000	0.0358617353
1475.2700000000	0.0355144146
1475.2800000000	0.0351734422
1475.2900000000	0.0347130482
1475.3000000000	0.0343058749
1475.3100000000	0.0337673602
1475.3200000000	0.0330799919
1475.3300000000	0.0325352198
1475.3400000000	0.0320227300
1475.3500000000	0.0313762387
1475.3600000000	0.0309087819
1475.3700000000	0.0305077882
1475.3800000000	0.0302030428
1475.3900000000	0.0300807318
1475.4000000000	0.0300626853
1475.4100000000	0.0300884799
1475.4200000000	0.0301723919
1475.4300000000	0.0302057160
1475.4400000000	0.0302501483
1475.4500000000	0.0303433150
1475.4600000000	0.0304964526
1475.4700000000	0.0306997866
1475.4800000000	0.0308009092
1475.4900000000	0.0309573029
1475.5000000000	0.0312286017
1475.5100000000	0.0316020070
1475.5200000000	0.0320347566
1475.5300000000	0.0325578918
1475.5400000000	0.0332204512
1475.5500000000	0.0340318762
1475.5600000000	0.0348104687
1475.5700000000	0.0356696902
1475.5800000000	0.0365453166
1475.5900000000	0.0372261310
1475.6000000000	0.0380820690
1475.6100000000	0.0387890327
1475.6200000000	0.0394894391
1475.6300000000	0.0399401480
1475.6400000000	0.0402111982
1475.6500000000	0.0403692872
1475.6600000000	0.0404527249
1475.6700000000	0.0404115067
1475.6800000000	0.0404232688
1475.6900000000	0.0404036681
1475.7000000000	0.0404250468
1475.7100000000	0.0405223691
1475.7200000000	0.0407896053
1475.7300000000	0.0410844973
1475.7400000000	0.0414499702
1475.7500000000	0.0421339274
1475.7600000000	0.0427971089
1475.7700000000	0.0433762804
1475.7800000000	0.0443211848
1475.7900000000	0.0450046238
1475.8000000000	0.0455540665
1475.8100000000	0.0461618157
1475.8200000000	0.0463735447
1475.8300000000	0.0464299711
1475.8400000000	0.0465134653
1475.8500000000	0.0463813456
1475.8600000000	0.0464681179
1475.8700000000	0.0463925826
1475.8800000000	0.0461882737
1475.8900000000	0.0463231947
1475.9000000000	0.0463947028
1475.9100000000	0.0464027980
1475.9200000000	0.0467347149
1475.9300000000	0.0468873165
1475.9400000000	0.0471287397
1475.9500000000	0.0474153820
1475.9600000000	0.0473898558
1475.9700000000	0.0474259710
1475.9800000000	0.0473510393
1475.9900000000	0.0471226032
1476.0000000000	0.0471124910
1476.0100000000	0.0468646375
1476.0200000000	0.0464009369
1476.0300000000	0.0460585131
1476.0400000000	0.0455804256
1476.0500000000	0.0451871310
1476.0600000000	0.0450415975
1476.0700000000	0.0447934643
1476.0800000000	0.0447577138
1476.0900000000	0.0447223138
1476.1000000000	0.0445098990
1476.1100000000	0.0445428209
1476.1200000000	0.0442659925
1476.1300000000	0.0439932435
1476.1400000000	0.0439081923
1476.1500000000	0.0435403455
1476.1600000000	0.0430999182
1476.1700000000	0.0427439755
1476.1800000000	0.0422308714
1476.1900000000	0.0414966872
1476.2000000000	0.0408839695
1476.2100000000	0.0402399111
1476.2200000000	0.0395837861
1476.2300000000	0.0389332197
1476.2400000000	0.0384189236
1476.2500000000	0.0381034696
1476.2600000000	0.0376823492
1476.2700000000	0.0371685644
1476.2800000000	0.0368075461
1476.2900000000	0.0364964496
1476.3000000000	0.0361153210
1476.3100000000	0.0359079448
1476.3200000000	0.0354170272
1476.3300000000	0.0349797136
1476.3400000000	0.0345872795
1476.3500000000	0.0340813648
1476.3600000000	0.0337722014
1476.3700000000	0.0334714664
1476.3800000000	0.0330384704
1476.3900000000	0.0328428212
1476.4000000000	0.0326175010
1476.4100000000	0.0323663437
1476.4200000000	0.0323736375
1476.4300000000	0.0321202414
1476.4400000000	0.0320044221
1476.4500000000	0.0320542589
1476.4600000000	0.0320035893
1476.4700000000	0.0319012190
1476.4800000000	0.0318247033
1476.4900000000	0.0317165587
1476.5000000000	0.0317074300
1476.5100000000	0.0315644138
1476.5200000000	0.0315803438
1476.5300000000	0.0317632075
1476.5400000000	0.0320048050
1476.5500000000	0.0321590193
1476.5600000000	0.0324783166
1476.5700000000	0.0327765418
1476.5800000000	0.0332391783
1476.5900000000	0.0337483315
1476.6000000000	0.0343937946
1476.6100000000	0.0350684131
1476.6200000000	0.0357093152
1476.6300000000	0.0365087364
1476.6400000000	0.0372292402
1476.6500000000	0.0379251741
1476.6600000000	0.0385264533
1476.6700000000	0.0391102100
1476.6800000000	0.0394692116
1476.6900000000	0.0398843806
1476.7000000000	0.0401538709
1476.7100000000	0.0404334644
1476.7200000000	0.0406247680
1476.7300000000	0.0408830430
1476.7400000000	0.0410794678
1476.7500000000	0.0414925557
1476.7600000000	0.0418647515
1476.7700000000	0.0424176974
1476.7800000000	0.0428387191
1476.7900000000	0.0432577729
1476.8000000000	0.0438479050
1476.8100000000	0.0443114797
1476.8200000000	0.0447931139
1476.8300000000	0.0451740196
1476.8400000000	0.0454586604
1476.8500000000	0.0457598851
1476.8600000000	0.0458273456
1476.8700000000	0.0460870815
1476.8800000000	0.0462968851
1476.8900000000	0.0463618836
1476.9000000000	0.0466808168
1476.9100000000	0.0470489790
1476.9200000000	0.0476465710
1476.9300000000	0.0481602214
1476.9400000000	0.0486274873
1476.9500000000	0.0492325111
1476.9600000000	0.0496708199
1476.9700000000	0.0501985499
1476.9800000000	0.0507611213
1476.9900000000	0.0511826983
1477.0000000000	0.0513496369
1477.0100000000	0.0513917005
1477.0200000000	0.0512467456
1477.0300000000	0.0508669407
1477.0400000000	0.0505384798
1477.0500000000	0.0501180841
1477.0600000000	0.0497934570
1477.0700000000	0.0494994178
1477.0800000000	0.0494154251
1477.0900000000	0.0494892293
1477.1000000000	0.0497188426
1477.1100000000	0.0502318769
1477.1200000000	0.0507281944
1477.1300000000	0.0512389677
1477.1400000000	0.0519102123
1477.1500000000	0.0525803279
1477.1600000000	0.0532762701
1477.1700000000	0.0536867899
1477.1800000000	0.0539176921
1477.1900000000	0.0540366953
1477.2000000000	0.0541416926
1477.2100000000	0.0541301964
1477.2200000000	0.0539529666
1477.2300000000	0.0537605929
1477.2400000000	0.0535971657
1477.2500000000	0.0533905867
1477.2600000000	0.0532677950
1477.2700000000	0.0532461237
1477.2800000000	0.0531305427
1477.2900000000	0.0531787553
1477.3000000000	0.0532677950
1477.3100000000	0.0533064094
1477.3200000000	0.0535252267
1477.3300000000	0.0537547457
1477.3400000000	0.0539386249
1477.3500000000	0.0542740454
1477.3600000000	0.0544443028
1477.3700000000	0.0550140088
1477.3800000000	0.0552711638
1477.3900000000	0.0553845658
1477.4000000000	0.0557391456
1477.4100000000	0.0558800378
1477.4200000000	0.0559890702
1477.4300000000	0.0563784852
1477.4400000000	0.0565908999
1477.4500000000	0.0568594504
1477.4600000000	0.0570985933
1477.4700000000	0.0571978178
1477.4800000000	0.0574690275
1477.4900000000	0.0574921083
1477.5000000000	0.0573796278
1477.5100000000	0.0573379726
1477.5200000000	0.0570545892
1477.5300000000	0.0567201477
1477.5400000000	0.0562983940
1477.5500000000	0.0557406740
1477.5600000000	0.0552677822
1477.5700000000	0.0547796768
1477.5800000000	0.0543532389
1477.5900000000	0.0541813566
1477.6000000000	0.0540159990
1477.6100000000	0.0540984711
1477.6200000000	0.0541554733
1477.6300000000	0.0543715049
1477.6400000000	0.0547153340
1477.6500000000	0.0550674716
1477.6600000000	0.0554208846
1477.6700000000	0.0558582813
1477.6800000000	0.0562043139
1477.6900000000	0.0565195495
1477.7000000000	0.0567647221
1477.7100000000	0.0568743929
1477.7200000000	0.0568024923
1477.7300000000	0.0567284561
1477.7400000000	0.0564743183
1477.7500000000	0.0563969039
1477.7600000000	0.0562943142
1477.7700000000	0.0561812818
1477.7800000000	0.0559494219
1477.7900000000	0.0558111975
1477.8000000000	0.0556727457
1477.8100000000	0.0554717984
1477.8200000000	0.0552456849
1477.8300000000	0.0549148863
1477.8400000000	0.0546009534
1477.8500000000	0.0540955836
1477.8600000000	0.0536968582
1477.8700000000	0.0536896337
1477.8800000000	0.0535863955
1477.8900000000	0.0532463411
1477.9000000000	0.0530143146
1477.9100000000	0.0526084598
1477.9200000000	0.0520705672
1477.9300000000	0.0519030114
1477.9400000000	0.0518566072
1477.9500000000	0.0518763861
1477.9600000000	0.0520639158
1477.9700000000	0.0521204668
1477.9800000000	0.0522454672
1477.9900000000	0.0524012559
1478.0000000000	0.0525240815
1478.0100000000	0.0526426117
1478.0200000000	0.0525526848
1478.0300000000	0.0523560338
1478.0400000000	0.0520299327
1478.0500000000	0.0517587955
1478.0600000000	0.0512804048
1478.0700000000	0.0506517025
1478.0800000000	0.0500557881
1478.0900000000	0.0493758910
1478.1000000000	0.0485953104
1478.1100000000	0.0477672757
1478.1200000000	0.0471482999
1478.1300000000	0.0465184749
1478.1400000000	0.0459201050
1478.1500000000	0.0456431721
1478.1600000000	0.0454289967
1478.1700000000	0.0453678445
1478.1800000000	0.0451871310
1478.1900000000	0.0451832849
1478.2000000000	0.0451513624
1478.2100000000	0.0451650890
1478.2200000000	0.0452155883
1478.2300000000	0.0451632918
1478.2400000000	0.0450630718
1478.2500000000	0.0449807013
1478.2600000000	0.0448602223
1478.2700000000	0.0446923926
1478.2800000000	0.0444890466
1478.2900000000	0.0443369117
1478.3000000000	0.0442105023
1478.3100000000	0.0440305812
1478.3200000000	0.0439714495
1478.3300000000	0.0439664935
1478.3400000000	0.0439310474
1478.3500000000	0.0439231815
1478.3600000000	0.0440880077
1478.3700000000	0.0441734618
1478.3800000000	0.0443383006
1478.3900000000	0.0444191048
1478.4000000000	0.0445929780
1478.4100000000	0.0448939332
1478.4200000000	0.0449109735
1478.4300000000	0.0451231401
1478.4400000000	0.0452696132
1478.4500000000	0.0453539833
1478.4600000000	0.0457294645
1478.4700000000	0.0460176353
1478.4800000000	0.0462454802
1478.4900000000	0.0466433297
1478.5000000000	0.0469673736
1478.5100000000	0.0473445935
1478.5200000000	0.0477631823
1478.5300000000	0.0480414602
1478.5400000000	0.0484206019
1478.5500000000	0.0486729160
1478.5600000000	0.0488106621
1478.5700000000	0.0489842574
1478.5800000000	0.0491145851
1478.5900000000	0.0489771774
1478.6000000000	0.0489771774
1478.6100000000	0.0489764692
1478.6200000000	0.0489056547
1478.6300000000	0.0489771774
1478.6400000000	0.0490129314
1478.6500000000	0.0491224517
1478.6600000000	0.0491890689
1478.6700000000	0.0494961903
1478.6800000000	0.0498633848
1478.6900000000	0.0503292969
1478.7000000000	0.0507569821
1478.7100000000	0.0511932612
1478.7200000000	0.0516905080
1478.7300000000	0.0520466455
1478.7400000000	0.0524126223
1478.7500000000	0.0527351180
1478.7600000000	0.0528417964
1478.7700000000	0.0529783101
1478.7800000000	0.0531741429
1478.7900000000	0.0533365528
1478.8000000000	0.0534746077
1478.8100000000	0.0535704655
1478.8200000000	0.0534942374
1478.8300000000	0.0535538275
1478.8400000000	0.0535589352
1478.8500000000	0.0536362831
1478.8600000000	0.0538821956
1478.8700000000	0.0539259761
1478.8800000000	0.0540477673
1478.8900000000	0.0542873676
1478.9000000000	0.0543710921
1478.9100000000	0.0545361761
1478.9200000000	0.0547702462
1478.9300000000	0.0549737180
1478.9400000000	0.0551985722
1478.9500000000	0.0553043600
1478.9600000000	0.0555759826
1478.9700000000	0.0558161568
1478.9800000000	0.0561274838
1478.9900000000	0.0565944609
1479.0000000000	0.0569402575
1479.0100000000	0.0572500254
1479.0200000000	0.0576580436
1479.0300000000	0.0579420957
1479.0400000000	0.0581139902
1479.0500000000	0.0582663614
1479.0600000000	0.0583450310
1479.0700000000	0.0583580950
1479.0800000000	0.0583575427
1479.0900000000	0.0579807477
1479.1000000000	0.0576971384
1479.1100000000	0.0573760629
1479.1200000000	0.0568739488
1479.1300000000	0.0565820766
1479.1400000000	0.0563098958
1479.1500000000	0.0561274741
1479.1600000000	0.0559851760
1479.1700000000	0.0559650643
1479.1800000000	0.0559136679
1479.1900000000	0.0559404834
1479.2000000000	0.0560574123
1479.2100000000	0.0562972320
1479.2200000000	0.0566058955
1479.2300000000	0.0568324679
1479.2400000000	0.0570640811
1479.2500000000	0.0573004081
1479.2600000000	0.0572779197
1479.2700000000	0.0571160293
1479.2800000000	0.0568972873
1479.2900000000	0.0565988685
1479.3000000000	0.0565387054
1479.3100000000	0.0565497037
1479.3200000000	0.0564035524
1479.3300000000	0.0565362599
1479.3400000000	0.0565675908
1479.3500000000	0.0564857619
1479.3600000000	0.0563895533
1479.3700000000	0.0561403705
1479.3800000000	0.0560924527
1479.3900000000	0.0560084066
1479.4000000000	0.0558935087
1479.4100000000	0.0559844305
1479.4200000000	0.0559001256
1479.4300000000	0.0558350090
1479.4400000000	0.0557659567
1479.4500000000	0.0556766185
1479.4600000000	0.0557771524
1479.4700000000	0.0556819816
1479.4800000000	0.0557749422
1479.4900000000	0.0560818274
1479.5000000000	0.0561771898
1479.5100000000	0.0564117456
1479.5200000000	0.0567449788
1479.5300000000	0.0570793528
1479.5400000000	0.0576146903
1479.5500000000	0.0581632441
1479.5600000000	0.0584865728
1479.5700000000	0.0589400858
1479.5800000000	0.0592661788
1479.5900000000	0.0594709480
1479.6000000000	0.0597483243
1479.6100000000	0.0596803588
1479.6200000000	0.0594319834
1479.6300000000	0.0592328877
1479.6400000000	0.0588672769
1479.6500000000	0.0583899068
1479.6600000000	0.0579334565
1479.6700000000	0.0575637377
1479.6800000000	0.0572281211
1479.6900000000	0.0569399502
1479.7000000000	0.0567778725
1479.7100000000	0.0566280701
1479.7200000000	0.0564731342
1479.7300000000	0.0564347713
1479.7400000000	0.0563900527
1479.7500000000	0.0564011412
1479.7600000000	0.0565402211
1479.7700000000	0.0566287781
1479.7800000000	0.0566013778
1479.7900000000	0.0564655191
1479.8000000000	0.0562196192
1479.8100000000	0.0560231745
1479.8200000000	0.0557618053
1479.8300000000	0.0554440677
1479.8400000000	0.0551664237
1479.8500000000	0.0549447039
1479.8600000000	0.0547348384
1479.8700000000	0.0545138613
1479.8800000000	0.0543451094
1479.8900000000	0.0540707278
1479.9000000000	0.0539113826
1479.9100000000	0.0539628992
1479.9200000000	0.0539304986
1479.9300000000	0.0540157844
1479.9400000000	0.0541836195
1479.9500000000	0.0542331836
1479.9600000000	0.0542857202
1479.9700000000	0.0542506958
1479.9800000000	0.0542606312
1479.9900000000	0.0543813076
1480.0000000000	0.0543855560
1480.0100000000	0.0544483763
1480.0200000000	0.0546572289
1480.0300000000	0.0546726055
1480.0400000000	0.0546828325
1480.0500000000	0.0548453952
1480.0600000000	0.0549710319
1480.0700000000	0.0551588390
1480.0800000000	0.0554074961
1480.0900000000	0.0557285881
1480.1000000000	0.0560609396
1480.1100000000	0.0562533460
1480.1200000000	0.0563258152
1480.1300000000	0.0562788302
1480.1400000000	0.0561401248
1480.1500000000	0.0559612171
1480.1600000000	0.0557296397
1480.1700000000	0.0554074922
1480.1800000000	0.0550042157
1480.1900000000	0.0545577789
1480.2000000000	0.0541909188
1480.2100000000	0.0538160384
1480.2200000000	0.0535967367
1480.2300000000	0.0535032662
1480.2400000000	0.0532942795
1480.2500000000	0.0531545653
1480.2600000000	0.0531976040
1480.2700000000	0.0533767125
1480.2800000000	0.0536745944
1480.2900000000	0.0540594609
1480.3000000000	0.0544221756
1480.3100000000	0.0548330782
1480.3200000000	0.0551556674
1480.3300000000	0.0553643476
1480.3400000000	0.0555203733
1480.3500000000	0.0554874729
1480.3600000000	0.0554134810
1480.3700000000	0.0552550867
1480.3800000000	0.0551397510
1480.3900000000	0.0553846471
1480.4000000000	0.0555370074
1480.4100000000	0.0556594955
1480.4200000000	0.0556991436
1480.4300000000	0.0557242776
1480.4400000000	0.0558652509
1480.4500000000	0.0558318390
1480.4600000000	0.0558064057
1480.4700000000	0.0558362622
1480.4800000000	0.0559544342
1480.4900000000	0.0560109160
1480.5000000000	0.0560677256
1480.5100000000	0.0561135042
1480.5200000000	0.0562900029
1480.5300000000	0.0564350350
1480.5400000000	0.0565991578
1480.5500000000	0.0570470010
1480.5600000000	0.0573587506
1480.5700000000	0.0576702768
1480.5800000000	0.0580324279
1480.5900000000	0.0584331709
1480.6000000000	0.0589743111
1480.6100000000	0.0596040639
1480.6200000000	0.0602716641
1480.6300000000	0.0607842797
1480.6400000000	0.0609951944
1480.6500000000	0.0611647294
1480.6600000000	0.0611503703
1480.6700000000	0.0609412057
1480.6800000000	0.0605465206
1480.6900000000	0.0599357681
1480.7000000000	0.0593085859
1480.7100000000	0.0589003279
1480.7200000000	0.0584155184
1480.7300000000	0.0580427935
1480.7400000000	0.0575331095
1480.7500000000	0.0571404804
1480.7600000000	0.0569348385
1480.7700000000	0.0567045767
1480.7800000000	0.0566148340
1480.7900000000	0.0568250768
1480.8000000000	0.0569726094
1480.8100000000	0.0571878561
1480.8200000000	0.0574218919
1480.8300000000	0.0576487007
1480.8400000000	0.0579349814
1480.8500000000	0.0581312528
1480.8600000000	0.0583126976
1480.8700000000	0.0584699820
1480.8800000000	0.0582973460
1480.8900000000	0.0582098661
1480.9000000000	0.0581377151
1480.9100000000	0.0578730498
1480.9200000000	0.0575127064
1480.9300000000	0.0572126533
1480.9400000000	0.0570593157
1480.9500000000	0.0568722462
1480.9600000000	0.0565317314
1480.9700000000	0.0564224127
1480.9800000000	0.0562262750
1480.9900000000	0.0560219541
1481.0000000000	0.0559851760
1481.0100000000	0.0558716043
1481.0200000000	0.0557862277
1481.0300000000	0.0555221320
1481.0400000000	0.0551707635
1481.0500000000	0.0549490119
1481.0600000000	0.0546524957
1481.0700000000	0.0545322202
1481.0800000000	0.0543970564
1481.0900000000	0.0539918307
1481.1000000000	0.0539471366
1481.1100000000	0.0538421091
1481.1200000000	0.0537326123
1481.1300000000	0.0540938015
1481.1400000000	0.0542806125
1481.1500000000	0.0545615381
1481.1600000000	0.0546651655
1481.1700000000	0.0547088355
1481.1800000000	0.0547972366
1481.1900000000	0.0546894862
1481.2000000000	0.0543489575
1481.2100000000	0.0540053642
1481.2200000000	0.0535626811
1481.2300000000	0.0530532571
1481.2400000000	0.0526977653
1481.2500000000	0.0521703790
1481.2600000000	0.0517956350
1481.2700000000	0.0513404444
1481.2800000000	0.0509769088
1481.2900000000	0.0509079546
1481.3000000000	0.0508201827
1481.3100000000	0.0508006779
1481.3200000000	0.0509845683
1481.3300000000	0.0510469162
1481.3400000000	0.0511483824
1481.3500000000	0.0512578335
1481.3600000000	0.0514386929
1481.3700000000	0.0517310498
1481.3800000000	0.0518063043
1481.3900000000	0.0519149346
1481.4000000000	0.0519697708
1481.4100000000	0.0518412359
1481.4200000000	0.0515591263
1481.4300000000	0.0513384179
1481.4400000000	0.0510930344
1481.4500000000	0.0508544990
1481.4600000000	0.0506839514
1481.4700000000	0.0505813405
1481.4800000000	0.0505084568
1481.4900000000	0.0503021694
1481.5000000000	0.0500958959
1481.5100000000	0.0498569492
1481.5200000000	0.0497346619
1481.5300000000	0.0497623218
1481.5400000000	0.0495160829
1481.5500000000	0.0494051459
1481.5600000000	0.0492913023
1481.5700000000	0.0490577143
1481.5800000000	0.0492077536
1481.5900000000	0.0489026752
1481.6000000000	0.0488833102
1481.6100000000	0.0489358919
1481.6200000000	0.0487905742
1481.6300000000	0.0491638169
1481.6400000000	0.0496314945
1481.6500000000	0.0500054931
1481.6600000000	0.0504345451
1481.6700000000	0.0508287984
1481.6800000000	0.0511412266
1481.6900000000	0.0515452938
1481.7000000000	0.0517334385
1481.7100000000	0.0519953080
1481.7200000000	0.0521196118
1481.7300000000	0.0520193668
1481.7400000000	0.0525025609
1481.7500000000	0.0527955549
1481.7600000000	0.0525629023
1481.7700000000	0.0523267339
1481.7800000000	0.0518802764
1481.7900000000	0.0515387739
1481.8000000000	0.0511832618
1481.8100000000	0.0508559487
1481.8200000000	0.0507356063
1481.8300000000	0.0506619521
1481.8400000000	0.0504453954
1481.8500000000	0.0505786264
1481.8600000000	0.0504073832
1481.8700000000	0.0503923645
1481.8800000000	0.0502647136
1481.8900000000	0.0500444650
1481.9000000000	0.0500087110
1481.9100000000	0.0499620682
1481.9200000000	0.0498767785
1481.9300000000	0.0498721390
1481.9400000000	0.0496740385
1481.9500000000	0.0495681270
1481.9600000000	0.0494687254
1481.9700000000	0.0493711405
1481.9800000000	0.0494045691
1481.9900000000	0.0495649619
1482.0000000000	0.0497488836
1482.0100000000	0.0498665880
1482.0200000000	0.0499064433
1482.0300000000	0.0500108881
1482.0400000000	0.0499046664
1482.0500000000	0.0497959952
1482.0600000000	0.0496168318
1482.0700000000	0.0492243801
1482.0800000000	0.0489018644
1482.0900000000	0.0484066335
1482.1000000000	0.0479718475
1482.1100000000	0.0476609558
1482.1200000000	0.0470618197
1482.1300000000	0.0466633570
1482.1400000000	0.0464675881
1482.1500000000	0.0461043642
1482.1600000000	0.0462633572
1482.1700000000	0.0465532513
1482.1800000000	0.0467031496
1482.1900000000	0.0472681436
1482.2000000000	0.0476329124
1482.2100000000	0.0477700246
1482.2200000000	0.0481964624
1482.2300000000	0.0483178303
1482.2400000000	0.0484549347
1482.2500000000	0.0487221894
1482.2600000000	0.0487626385
1482.2700000000	0.0487936975
1482.2800000000	0.0488291906
1482.2900000000	0.0485025330
1482.3000000000	0.0482029490
1482.3100000000	0.0478903546
1482.3200000000	0.0476438534
1482.3300000000	0.0475158169
1482.3400000000	0.0471894164
1482.3500000000	0.0471894164
1482.3600000000	0.0471830444
1482.3700000000	0.0471207686
1482.3800000000	0.0471536623
1482.3900000000	0.0471408920
1482.4000000000	0.0469715601
1482.4100000000	0.0469303673
1482.4200000000	0.0468727230
1482.4300000000	0.0469245591
1482.4400000000	0.0470464001
1482.4500000000	0.0470453976
1482.4600000000	0.0469451389
1482.4700000000	0.0468448931
1482.4800000000	0.0467048979
1482.4900000000	0.0465924174
1482.5000000000	0.0465815829
1482.5100000000	0.0466148089
1482.5200000000	0.0467852726
1482.5300000000	0.0470337591
1482.5400000000	0.0472501983
1482.5500000000	0.0475010906
1482.5600000000	0.0478318628
1482.5700000000	0.0478040964
1482.5800000000	0.0478573471
1482.5900000000	0.0477303407
1482.6000000000	0.0474754488
1482.6100000000	0.0474418188
1482.6200000000	0.0472393278
1482.6300000000	0.0469564587
1482.6400000000	0.0468282129
1482.6500000000	0.0466747601
1482.6600000000	0.0467603531
1482.6700000000	0.0467098353
1482.6800000000	0.0465401881
1482.6900000000	0.0467685536
1482.7000000000	0.0469325630
1482.7100000000	0.0471933874
1482.7200000000	0.0476342096
1482.7300000000	0.0480015209
1482.7400000000	0.0482341790
1482.7500000000	0.0484487160
1482.7600000000	0.0485708667
1482.7700000000	0.0486159739
1482.7800000000	0.0487496370
1482.7900000000	0.0485654494
1482.8000000000	0.0484081266
1482.8100000000	0.0481122760
1482.8200000000	0.0478954794
1482.8300000000	0.0477834438
1482.8400000000	0.0476857397
1482.8500000000	0.0476424348
1482.8600000000	0.0475586535
1482.8700000000	0.0476651788
1482.8800000000	0.0477614958
1482.8900000000	0.0477972519
1482.9000000000	0.0480409757
1482.9100000000	0.0481905590
1482.9200000000	0.0481846547
1482.9300000000	0.0481190509
1482.9400000000	0.0480862490
1482.9500000000	0.0479929063
1482.9600000000	0.0478860933
1482.9700000000	0.0475047043
1482.9800000000	0.0471661762
1482.9900000000	0.0468416144
1483.0000000000	0.0465476219
1483.0100000000	0.0464167421
1483.0200000000	0.0463399576
1483.0300000000	0.0463627535
1483.0400000000	0.0464674596
1483.0500000000	0.0464743061
1483.0600000000	0.0466248641
1483.0700000000	0.0467747992
1483.0800000000	0.0469113958
1483.0900000000	0.0469420126
1483.1000000000	0.0467245991
1483.1100000000	0.0467081814
1483.1200000000	0.0465242984
1483.1300000000	0.0459839474
1483.1400000000	0.0454654988
1483.1500000000	0.0449266195
1483.1600000000	0.0444397021
1483.1700000000	0.0440667936
1483.1800000000	0.0437476416
1483.1900000000	0.0436426378
1483.2000000000	0.0435076736
1483.2100000000	0.0435423863
1483.2200000000	0.0439980895
1483.2300000000	0.0445568485
1483.2400000000	0.0451687114
1483.2500000000	0.0457126216
1483.2600000000	0.0462840943
1483.2700000000	0.0467556580
1483.2800000000	0.0472705083
1483.2900000000	0.0477441724
1483.3000000000	0.0480980408
1483.3100000000	0.0482501491
1483.3200000000	0.0481333508
1483.3300000000	0.0479283481
1483.3400000000	0.0475408914
1483.3500000000	0.0472045828
1483.3600000000	0.0468012149
1483.3700000000	0.0466057777
1483.3800000000	0.0465212559
1483.3900000000	0.0464027980
1483.4000000000	0.0464068457
1483.4100000000	0.0464365283
1483.4200000000	0.0464027980
1483.4300000000	0.0464702585
1483.4400000000	0.0463773576
1483.4500000000	0.0463045612
1483.4600000000	0.0463852648
1483.4700000000	0.0463739865
1483.4800000000	0.0463086700
1483.4900000000	0.0461459526
1483.5000000000	0.0459022288
1483.5100000000	0.0456468278
1483.5200000000	0.0452884342
1483.5300000000	0.0449845108
1483.5400000000	0.0449725921
1483.5500000000	0.0449759441
1483.5600000000	0.0451030771
1483.5700000000	0.0454277276
1483.5800000000	0.0456932313
1483.5900000000	0.0459755804
1483.6000000000	0.0461820075
1483.6100000000	0.0463458834
1483.6200000000	0.0465100602
1483.6300000000	0.0464904305
1483.6400000000	0.0463844003
1483.6500000000	0.0461434026
1483.6600000000	0.0457486916
1483.6700000000	0.0451908741
1483.6800000000	0.0446651053
1483.6900000000	0.0442534091
1483.7000000000	0.0438120880
1483.7100000000	0.0434034564
1483.7200000000	0.0431797234
1483.7300000000	0.0429389759
1483.7400000000	0.0430622469
1483.7500000000	0.0433536049
1483.7600000000	0.0436525101
1483.7700000000	0.0440912269
1483.7800000000	0.0446178987
1483.7900000000	0.0450452189
1483.8000000000	0.0454652619
1483.8100000000	0.0458932882
1483.8200000000	0.0460668477
1483.8300000000	0.0462505778
1483.8400000000	0.0461977380
1483.8500000000	0.0460760522
1483.8600000000	0.0458211574
1483.8700000000	0.0453280411
1483.8800000000	0.0449517619
1483.8900000000	0.0444706164
1483.9000000000	0.0440443597
1483.9100000000	0.0438041458
1483.9200000000	0.0436037753
1483.9300000000	0.0434351241
1483.9400000000	0.0432327289
1483.9500000000	0.0430303467
1483.9600000000	0.0429739552
1483.9700000000	0.0426777604
1483.9800000000	0.0425489052
1483.9900000000	0.0424068950
1484.0000000000	0.0422942685
1484.0100000000	0.0421836885
1484.0200000000	0.0420012319
1484.0300000000	0.0418147225
1484.0400000000	0.0416033292
1484.0500000000	0.0414919246
1484.0600000000	0.0412540539
1484.0700000000	0.0412822238
1484.0800000000	0.0414003245
1484.0900000000	0.0415346837
1484.1000000000	0.0416430293
1484.1100000000	0.0417297058
1484.1200000000	0.0417098424
1484.1300000000	0.0416116090
1484.1400000000	0.0415877730
1484.1500000000	0.0414827549
1484.1600000000	0.0413424272
1484.1700000000	0.0412304428
1484.1800000000	0.0409767892
1484.1900000000	0.0407885070
1484.2000000000	0.0404324240
1484.2100000000	0.0401507548
1484.2200000000	0.0399376773
1484.2300000000	0.0397817220
1484.2400000000	0.0397462618
1484.2500000000	0.0397165859
1484.2600000000	0.0397795154
1484.2700000000	0.0401881801
1484.2800000000	0.0406379406
1484.2900000000	0.0409977432
1484.3000000000	0.0414896591
1484.3100000000	0.0418555830
1484.3200000000	0.0421705025
1484.3300000000	0.0424557143
1484.3400000000	0.0424546586
1484.3500000000	0.0423170511
1484.3600000000	0.0422330291
1484.3700000000	0.0420088472
1484.3800000000	0.0417585582
1484.3900000000	0.0414968675
1484.4000000000	0.0412205960
1484.4100000000	0.0410291274
1484.4200000000	0.0408990994
1484.4300000000	0.0407679154
1484.4400000000	0.0406560710
1484.4500000000	0.0406130202
1484.4600000000	0.0406440535
1484.4700000000	0.0405433363
1484.4800000000	0.0404030082
1484.4900000000	0.0402260957
1484.5000000000	0.0400153769
1484.5100000000	0.0399017928
1484.5200000000	0.0395001452
1484.5300000000	0.0393044386
1484.5400000000	0.0390090953
1484.5500000000	0.0385938765
1484.5600000000	0.0383653221
1484.5700000000	0.0382098636
1484.5800000000	0.0380360871
1484.5900000000	0.0380500967
1484.6000000000	0.0381557682
1484.6100000000	0.0384194477
1484.6200000000	0.0387843975
1484.6300000000	0.0390335580
1484.6400000000	0.0392828035
1484.6500000000	0.0395645476
1484.6600000000	0.0397287288
1484.6700000000	0.0398553116
1484.6800000000	0.0397079178
1484.6900000000	0.0394205278
1484.7000000000	0.0391573773
1484.7100000000	0.0385795766
1484.7200000000	0.0378670673
1484.7300000000	0.0372173032
1484.7400000000	0.0365737018
1484.7500000000	0.0359280602
1484.7600000000	0.0352855848
1484.7700000000	0.0349839702
1484.7800000000	0.0347466121
1484.7900000000	0.0347655445
1484.8000000000	0.0348531877
1484.8100000000	0.0350256485
1484.8200000000	0.0352987143
1484.8300000000	0.0355460025
1484.8400000000	0.0358090620
1484.8500000000	0.0360587212
1484.8600000000	0.0361760918
1484.8700000000	0.0363352656
1484.8800000000	0.0365098749
1484.8900000000	0.0365760861
1484.9000000000	0.0366419663
1484.9100000000	0.0366750719
1484.9200000000	0.0365786231
1484.9300000000	0.0365701271
1484.9400000000	0.0365701271
1484.9500000000	0.0366667693
1484.9600000000	0.0369348316
1484.9700000000	0.0371565213
1484.9800000000	0.0374354044
1484.9900000000	0.0377214499
1485.0000000000	0.0379212176
1485.0100000000	0.0382521474
1485.0200000000	0.0383251449
1485.0300000000	0.0383532401
1485.0400000000	0.0383083280
1485.0500000000	0.0381805463
1485.0600000000	0.0378905911
1485.0700000000	0.0375619588
1485.0800000000	0.0371584372
1485.0900000000	0.0367958364
1485.1000000000	0.0364857181
1485.1100000000	0.0362950195
1485.1200000000	0.0362296282
1485.1300000000	0.0363265317
1485.1400000000	0.0363943642
1485.1500000000	0.0364946092
1485.1600000000	0.0367341888
1485.1700000000	0.0370425812
1485.1800000000	0.0371983043
1485.1900000000	0.0373385179
1485.2000000000	0.0373884863
1485.2100000000	0.0372960719
1485.2200000000	0.0370882118
1485.2300000000	0.0367384385
1485.2400000000	0.0363360677
1485.2500000000	0.0358952088
1485.2600000000	0.0353448763
1485.2700000000	0.0348677519
1485.2800000000	0.0344427016
1485.2900000000	0.0342005356
1485.3000000000	0.0340738360
1485.3100000000	0.0338169775
1485.3200000000	0.0338270918
1485.3300000000	0.0339103904
1485.3400000000	0.0340806331
1485.3500000000	0.0343479085
1485.3600000000	0.0345327640
1485.3700000000	0.0348323014
1485.3800000000	0.0350684131
1485.3900000000	0.0351021434
1485.4000000000	0.0352980773
1485.4100000000	0.0355043521
1485.4200000000	0.0356526420
1485.4300000000	0.0357903962
1485.4400000000	0.0359334015
1485.4500000000	0.0359622936
1485.4600000000	0.0361070975
1485.4700000000	0.0362288358
1485.4800000000	0.0363692409
1485.4900000000	0.0365793421
1485.5000000000	0.0367032044
1485.5100000000	0.0368808702
1485.5200000000	0.0368919282
1485.5300000000	0.0367518307
1485.5400000000	0.0367489120
1485.5500000000	0.0364556416
1485.5600000000	0.0360944753
1485.5700000000	0.0357348972
1485.5800000000	0.0354115216
1485.5900000000	0.0350477851
1485.6000000000	0.0346366258
1485.6100000000	0.0343642139
1485.6200000000	0.0341552816
1485.6300000000	0.0341071500
1485.6400000000	0.0342252131
1485.6500000000	0.0345382733
1485.6600000000	0.0348566627
1485.6700000000	0.0351420040
1485.6800000000	0.0355431793
1485.6900000000	0.0359567618
1485.7000000000	0.0362428092
1485.7100000000	0.0365627552
1485.7200000000	0.0366379492
1485.7300000000	0.0366081158
1485.7400000000	0.0363979916
1485.7500000000	0.0361053098
1485.7600000000	0.0355351114
1485.7700000000	0.0348546306
1485.7800000000	0.0341670033
1485.7900000000	0.0336273699
1485.8000000000	0.0332084217
1485.8100000000	0.0328927717
1485.8200000000	0.0327721355
1485.8300000000	0.0327120780
1485.8400000000	0.0326533486
1485.8500000000	0.0328796342
1485.8600000000	0.0330264797
1485.8700000000	0.0332015297
1485.8800000000	0.0333732129
1485.8900000000	0.0336057637
1485.9000000000	0.0337712918
1485.9100000000	0.0337812235
1485.9200000000	0.0338126437
1485.9300000000	0.0337534148
1485.9400000000	0.0335863639
1485.9500000000	0.0333738308
1485.9600000000	0.0332556243
1485.9700000000	0.0330196475
1485.9800000000	0.0330267983
1485.9900000000	0.0330947310
1486.0000000000	0.0331357541
1486.0100000000	0.0333499256
1486.0200000000	0.0334668857
1486.0300000000	0.0336553692
1486.0400000000	0.0338527316
1486.0500000000	0.0338552354
1486.0600000000	0.0338809908
1486.0700000000	0.0337561956
1486.0800000000	0.0333958732
1486.0900000000	0.0329931884
1486.1000000000	0.0325169286
1486.1100000000	0.0319176093
1486.1200000000	0.0314163706
1486.1300000000	0.0309151320
1486.1400000000	0.0305081236
1486.1500000000	0.0301038388
1486.1600000000	0.0299075053
1486.1700000000	0.0298839150
1486.1800000000	0.0299812250
1486.1900000000	0.0301924456
1486.2000000000	0.0305452128
1486.2100000000	0.0308377467
1486.2200000000	0.0310920119
1486.2300000000	0.0313097870
1486.2400000000	0.0314617514
1486.2500000000	0.0315036683
1486.2600000000	0.0313191187
1486.2700000000	0.0311303907
1486.2800000000	0.0307919517
1486.2900000000	0.0302697865
1486.3000000000	0.0297019552
1486.3100000000	0.0292552823
1486.3200000000	0.0288897757
1486.3300000000	0.0286733515
1486.3400000000	0.0286405102
1486.3500000000	0.0287397561
1486.3600000000	0.0287925671
1486.3700000000	0.0290313667
1486.3800000000	0.0293249563
1486.3900000000	0.0295873714
1486.4000000000	0.0299445881
1486.4100000000	0.0303022515
1486.4200000000	0.0305582147
1486.4300000000	0.0308435829
1486.4400000000	0.0309180075
1486.4500000000	0.0309887798
1486.4600000000	0.0310256202
1486.4700000000	0.0308305416
1486.4800000000	0.0306720711
1486.4900000000	0.0306774534
1486.5000000000	0.0307926296
1486.5100000000	0.0309583211
1486.5200000000	0.0313320003
1486.5300000000	0.0316632654
1486.5400000000	0.0320748000
1486.5500000000	0.0324359351
1486.5600000000	0.0328600689
1486.5700000000	0.0331085857
1486.5800000000	0.0331295267
1486.5900000000	0.0330522201
1486.6000000000	0.0328029214
1486.6100000000	0.0323063238
1486.6200000000	0.0318076749
1486.6300000000	0.0311059462
1486.6400000000	0.0302908124
1486.6500000000	0.0295692665
1486.6600000000	0.0289213876
1486.6700000000	0.0284794529
1486.6800000000	0.0280463157
1486.6900000000	0.0279560270
1486.7000000000	0.0279531378
1486.7100000000	0.0280932648
1486.7200000000	0.0284780529
1486.7300000000	0.0290828444
1486.7400000000	0.0296351460
1486.7500000000	0.0300541075
1486.7600000000	0.0303395314
1486.7700000000	0.0305632711
1486.7800000000	0.0305332347
1486.7900000000	0.0303576708
1486.8000000000	0.0300051947
1486.8100000000	0.0294354910
1486.8200000000	0.0287655532
1486.8300000000	0.0282301579
1486.8400000000	0.0277851573
1486.8500000000	0.0273432964
1486.8600000000	0.0270440787
1486.8700000000	0.0269488403
1486.8800000000	0.0269259606
1486.8900000000	0.0270662679
1486.9000000000	0.0272429352
1486.9100000000	0.0274883205
1486.9200000000	0.0275945206
1486.9300000000	0.0277007208
1486.9400000000	0.0277729370
1486.9500000000	0.0277049693
1486.9600000000	0.0274770293
1486.9700000000	0.0270886120
1486.9800000000	0.0265568021
1486.9900000000	0.0260037658
1487.0000000000	0.0255022844
1487.0100000000	0.0250451703
1487.0200000000	0.0248084667
1487.0300000000	0.0246846729
1487.0400000000	0.0248190867
1487.0500000000	0.0250562347
1487.0600000000	0.0253798570
1487.0700000000	0.0258017542
1487.0800000000	0.0262739913
1487.0900000000	0.0267175577
1487.1000000000	0.0270139688
1487.1100000000	0.0272524675
1487.1200000000	0.0274869453
1487.1300000000	0.0274181875
1487.1400000000	0.0272126880
1487.1500000000	0.0268103407
1487.1600000000	0.0262365172
1487.1700000000	0.0255774480
1487.1800000000	0.0248851193
1487.1900000000	0.0242979982
1487.2000000000	0.0238945566
1487.2100000000	0.0235423559
1487.2200000000	0.0233801215
1487.2300000000	0.0234345753
1487.2400000000	0.0236499878
1487.2500000000	0.0240193187
1487.2600000000	0.0243908888
1487.2700000000	0.0247490386
1487.2800000000	0.0250978337
1487.2900000000	0.0254663238
1487.3000000000	0.0256998298
1487.3100000000	0.0257486899
1487.3200000000	0.0256696185
1487.3300000000	0.0255120660
1487.3400000000	0.0251845144
1487.3500000000	0.0248264289
1487.3600000000	0.0245492479
1487.3700000000	0.0242489012
1487.3800000000	0.0240091782
1487.3900000000	0.0237367525
1487.4000000000	0.0236267661
1487.4100000000	0.0235917343
1487.4200000000	0.0236661316
1487.4300000000	0.0238434573
1487.4400000000	0.0239200958
1487.4500000000	0.0240980841
1487.4600000000	0.0241963174
1487.4700000000	0.0241690504
1487.4800000000	0.0242256610
1487.4900000000	0.0241689890
1487.5000000000	0.0241634639
1487.5100000000	0.0240037879
1487.5200000000	0.0239563437
1487.5300000000	0.0239991892
1487.5400000000	0.0240699893
1487.5500000000	0.0241676934
1487.5600000000	0.0244112692
1487.5700000000	0.0247861493
1487.5800000000	0.0251260042
1487.5900000000	0.0255681389
1487.6000000000	0.0258953835
1487.6100000000	0.0261627036
1487.6200000000	0.0264275865
1487.6300000000	0.0264818314
1487.6400000000	0.0265491024
1487.6500000000	0.0264634634
1487.6600000000	0.0261889683
1487.6700000000	0.0257961478
1487.6800000000	0.0253986225
1487.6900000000	0.0249628439
1487.7000000000	0.0245293145
1487.7100000000	0.0242020960
1487.7200000000	0.0240543238
1487.7300000000	0.0240234272
1487.7400000000	0.0240851852
1487.7500000000	0.0243282778
1487.7600000000	0.0246372048
1487.7700000000	0.0248939215
1487.7800000000	0.0251477872
1487.7900000000	0.0252614851
1487.8000000000	0.0253787584
1487.8100000000	0.0253651719
1487.8200000000	0.0252596974
1487.8300000000	0.0249934808
1487.8400000000	0.0246589389
1487.8500000000	0.0243135275
1487.8600000000	0.0238412904
1487.8700000000	0.0234027835
1487.8800000000	0.0229649227
1487.8900000000	0.0226700451
1487.9000000000	0.0226613774
1487.9100000000	0.0228043937
1487.9200000000	0.0228751938
1487.9300000000	0.0232298813
1487.9400000000	0.0235488856
1487.9500000000	0.0238005308
1487.9600000000	0.0241349446
1487.9700000000	0.0243099113
1487.9800000000	0.0243296901
1487.9900000000	0.0242321697
1488.0000000000	0.0240124357
1488.0100000000	0.0235783906
1488.0200000000	0.0230387148
1488.0300000000	0.0224177176
1488.0400000000	0.0218390030
1488.0500000000	0.0213450661
1488.0600000000	0.0209750412
1488.0700000000	0.0207748025
1488.0800000000	0.0206662298
1488.0900000000	0.0207325504
1488.1000000000	0.0209275726
1488.1100000000	0.0211839344
1488.1200000000	0.0214680873
1488.1300000000	0.0218200313
1488.1400000000	0.0220896571
1488.1500000000	0.0223114065
1488.1600000000	0.0223395764
1488.1700000000	0.0223697220
1488.1800000000	0.0222266502
1488.1900000000	0.0219908739
1488.2000000000	0.0215994785
1488.2100000000	0.0211805834
1488.2200000000	0.0208344390
1488.2300000000	0.0205036713
1488.2400000000	0.0203267743
1488.2500000000	0.0201627548
1488.2600000000	0.0202700310
1488.2700000000	0.0204139596
1488.2800000000	0.0206777002
1488.2900000000	0.0210398557
1488.3000000000	0.0212934647
1488.3100000000	0.0215168688
1488.3200000000	0.0217408501
1488.3300000000	0.0218369812
1488.3400000000	0.0217695208
1488.3500000000	0.0217014371
1488.3600000000	0.0215315068
1488.3700000000	0.0212211604
1488.3800000000	0.0208993605
1488.3900000000	0.0204459846
1488.4000000000	0.0201097517
1488.4100000000	0.0198518881
1488.4200000000	0.0195990678
1488.4300000000	0.0195864268
1488.4400000000	0.0196925479
1488.4500000000	0.0196955922
1488.4600000000	0.0200797736
1488.4700000000	0.0202523309
1488.4800000000	0.0203873467
1488.4900000000	0.0205804894
1488.5000000000	0.0205586087
1488.5100000000	0.0205737056
1488.5200000000	0.0204386525
1488.5300000000	0.0200621892
1488.5400000000	0.0196703501
1488.5500000000	0.0193056875
1488.5600000000	0.0189415123
1488.5700000000	0.0185972021
1488.5800000000	0.0183985680
1488.5900000000	0.0181999208
1488.6000000000	0.0182249787
1488.6100000000	0.0183542562
1488.6200000000	0.0185234956
1488.6300000000	0.0188709847
1488.6400000000	0.0192061310
1488.6500000000	0.0195903995
1488.6600000000	0.0198977521
1488.6700000000	0.0202170252
1488.6800000000	0.0204224373
1488.6900000000	0.0206084260
1488.7000000000	0.0206233235
1488.7100000000	0.0204832561
1488.7200000000	0.0202350345
1488.7300000000	0.0199468713
1488.7400000000	0.0196253989
1488.7500000000	0.0193390087
1488.7600000000	0.0190128576
1488.7700000000	0.0189317804
1488.7800000000	0.0187574196
1488.7900000000	0.0186842954
1488.8000000000	0.0186210382
1488.8100000000	0.0186210382
1488.8200000000	0.0186203439
1488.8300000000	0.0185509186
1488.8400000000	0.0185155116
1488.8500000000	0.0183139604
1488.8600000000	0.0182023888
1488.8700000000	0.0180026888
1488.8800000000	0.0177828174
1488.8900000000	0.0176287419
1488.9000000000	0.0173455239
1488.9100000000	0.0171923067
1488.9200000000	0.0170843073
1488.9300000000	0.0171623750
1488.9400000000	0.0173426055
1488.9500000000	0.0175039771
1488.9600000000	0.0178470847
1488.9700000000	0.0182393987
1488.9800000000	0.0187029779
1488.9900000000	0.0190338174
1489.0000000000	0.0192288753
1489.0100000000	0.0193626984
1489.0200000000	0.0194519915
1489.0300000000	0.0194458405
1489.0400000000	0.0192846175
1489.0500000000	0.0190198987
1489.0600000000	0.0186609963
1489.0700000000	0.0182430999
1489.0800000000	0.0178491361
1489.0900000000	0.0175483874
1489.1000000000	0.0172476388
1489.1100000000	0.0171022825
1489.1200000000	0.0170525110
1489.1300000000	0.0171747795
1489.1400000000	0.0173837006
1489.1500000000	0.0176979044
1489.1600000000	0.0180558195
1489.1700000000	0.0184169862
1489.1800000000	0.0187781530
1489.1900000000	0.0190374611
1489.2000000000	0.0194039320
1489.2100000000	0.0195897787
1489.2200000000	0.0196962960
1489.2300000000	0.0197214977
1489.2400000000	0.0196362658
1489.2500000000	0.0194652205
1489.2600000000	0.0193437307
1489.2700000000	0.0191473524
1489.2800000000	0.0190858555
1489.2900000000	0.0191058777
1489.3000000000	0.0192539016
1489.3100000000	0.0194407121
1489.3200000000	0.0196768249
1489.3300000000	0.0199122755
1489.3400000000	0.0201146569
1489.3500000000	0.0202199084
1489.3600000000	0.0202300289
1489.3700000000	0.0201971507
1489.3800000000	0.0200945823
1489.3900000000	0.0198854753
1489.4000000000	0.0196035896
1489.4100000000	0.0191790334
1489.4200000000	0.0187837199
1489.4300000000	0.0183904245
1489.4400000000	0.0179751683
1489.4500000000	0.0177522616
1489.4600000000	0.0176198955
1489.4700000000	0.0176390115
1489.4800000000	0.0177753042
1489.4900000000	0.0180532492
1489.5000000000	0.0183201255
1489.5100000000	0.0186597433
1489.5200000000	0.0188912354
1489.5300000000	0.0190095556
1489.5400000000	0.0191216095
1489.5500000000	0.0190689535
1489.5600000000	0.0188568960
1489.5700000000	0.0185540795
1489.5800000000	0.0181640221
1489.5900000000	0.0176418742
1489.6000000000	0.0170920491
1489.6100000000	0.0165107619
1489.6200000000	0.0159664846
1489.6300000000	0.0155234822
1489.6400000000	0.0152356296
1489.6500000000	0.0150223821
1489.6600000000	0.0149764861
1489.6700000000	0.0151057097
1489.6800000000	0.0153315632
1489.6900000000	0.0155980031
1489.7000000000	0.0158502060
1489.7100000000	0.0161985396
1489.7200000000	0.0164038628
1489.7300000000	0.0165741488
1489.7400000000	0.0167030050
1489.7500000000	0.0167679713
1489.7600000000	0.0167905198
1489.7700000000	0.0167457162
1489.7800000000	0.0166552366
1489.7900000000	0.0165124896
1489.8000000000	0.0163724697
1489.8100000000	0.0162214339
1489.8200000000	0.0161896896
1489.8300000000	0.0161896896
1489.8400000000	0.0162948278
1489.8500000000	0.0164010280
1489.8600000000	0.0165759182
1489.8700000000	0.0167529191
1489.8800000000	0.0168310882
1489.8900000000	0.0169748485
1489.9000000000	0.0170835701
1489.9100000000	0.0171550782
1489.9200000000	0.0171550782
1489.9300000000	0.0171444281
1489.9400000000	0.0170835701
1489.9500000000	0.0170366204
1489.9600000000	0.0168949452
1489.9700000000	0.0168376110
1489.9800000000	0.0167292654
1489.9900000000	0.0166887866
1490.0000000000	0.0167993661
1490.0100000000	0.0169365316
1490.0200000000	0.0171196928
1490.0300000000	0.0172974256
1490.0400000000	0.0174544053
1490.0500000000	0.0176006693
1490.0600000000	0.0177697255
1490.0700000000	0.0179198276
1490.0800000000	0.0179774506
1490.0900000000	0.0179677311
1490.1000000000	0.0179021241
1490.1100000000	0.0178585125
1490.1200000000	0.0177125642
1490.1300000000	0.0175668062
1490.1400000000	0.0174411252
1490.1500000000	0.0174466542
1490.1600000000	0.0174835832
1490.1700000000	0.0175775067
1490.1800000000	0.0178263144
1490.1900000000	0.0179468043
1490.2000000000	0.0181356396
1490.2100000000	0.0183576256
1490.2200000000	0.0184541859
1490.2300000000	0.0185495301
1490.2400000000	0.0185365286
1490.2500000000	0.0184867781
1490.2600000000	0.0183718375
1490.2700000000	0.0181672222
1490.2800000000	0.0179641705
1490.2900000000	0.0178168968
1490.3000000000	0.0176728390
1490.3100000000	0.0176120637
1490.3200000000	0.0175964000
1490.3300000000	0.0176690573
1490.3400000000	0.0177782362
1490.3500000000	0.0179549661
1490.3600000000	0.0182789653
1490.3700000000	0.0185038239
1490.3800000000	0.0187666365
1490.3900000000	0.0190376969
1490.4000000000	0.0191833692
1490.4100000000	0.0192865277
1490.4200000000	0.0191985349
1490.4300000000	0.0190356476
1490.4400000000	0.0187975606
1490.4500000000	0.0185080655
1490.4600000000	0.0182258472
1490.4700000000	0.0180410134
1490.4800000000	0.0178129754
1490.4900000000	0.0176068940
1490.5000000000	0.0175319405
1490.5100000000	0.0175790853
1490.5200000000	0.0176892584
1490.5300000000	0.0178629578
1490.5400000000	0.0181505003
1490.5500000000	0.0183801963
1490.5600000000	0.0185771889
1490.5700000000	0.0187525911
1490.5800000000	0.0187896034
1490.5900000000	0.0187914209
1490.6000000000	0.0188225716
1490.6100000000	0.0186619000
1490.6200000000	0.0185202768
1490.6300000000	0.0183049112
1490.6400000000	0.0180925008
1490.6500000000	0.0178698303
1490.6600000000	0.0176220195
1490.6700000000	0.0174109537
1490.6800000000	0.0173338485
1490.6900000000	0.0173338485
1490.7000000000	0.0173904649
1490.7100000000	0.0175210461
1490.7200000000	0.0176119116
1490.7300000000	0.0176686192
1490.7400000000	0.0177036722
1490.7500000000	0.0177271577
1490.7600000000	0.0177271577
1490.7700000000	0.0176942356
1490.7800000000	0.0175880355
1490.7900000000	0.0174934321
1490.8000000000	0.0173994093
1490.8100000000	0.0172093714
1490.8200000000	0.0170785579
1490.8300000000	0.0169783129
1490.8400000000	0.0168690312
1490.8500000000	0.0168711984
1490.8600000000	0.0169806860
1490.8700000000	0.0171282627
1490.8800000000	0.0173125413
1490.8900000000	0.0175948677
1490.9000000000	0.0177672022
1490.9100000000	0.0178413409
1490.9200000000	0.0179416966
1490.9300000000	0.0179109373
1490.9400000000	0.0177370471
1490.9500000000	0.0174661483
1490.9600000000	0.0171312422
1490.9700000000	0.0168189852
1490.9800000000	0.0164614301
1490.9900000000	0.0161621292
1491.0000000000	0.0159179530
1491.0100000000	0.0156608130
1491.0200000000	0.0155293352
1491.0300000000	0.0154914701
1491.0400000000	0.0156109272
1491.0500000000	0.0158809253
1491.0600000000	0.0162247793
1491.0700000000	0.0165901496
1491.0800000000	0.0169325972
1491.0900000000	0.0172126456
1491.1000000000	0.0174300415
1491.1100000000	0.0175208568
1491.1200000000	0.0175239614
1491.1300000000	0.0173939267
1491.1400000000	0.0171636592
1491.1500000000	0.0168743114
1491.1600000000	0.0165528860
1491.1700000000	0.0161644687
1491.1800000000	0.0157643900
1491.1900000000	0.0154717559
1491.2000000000	0.0152667151
1491.2100000000	0.0150756152
1491.2200000000	0.0150232196
1491.2300000000	0.0151130256
1491.2400000000	0.0152669870
1491.2500000000	0.0153611777
1491.2600000000	0.0154796934
1491.2700000000	0.0155818561
1491.2800000000	0.0156074911
1491.2900000000	0.0156425706
1491.3000000000	0.0156088403
1491.3100000000	0.0155818561
1491.3200000000	0.0155641503
1491.3300000000	0.0154745794
1491.3400000000	0.0154620829
1491.3500000000	0.0153574666
1491.3600000000	0.0152600551
1491.3700000000	0.0152804860
1491.3800000000	0.0154264233
1491.3900000000	0.0155729176
1491.4000000000	0.0157464738
1491.4100000000	0.0159969020
1491.4200000000	0.0162403456
1491.4300000000	0.0165616201
1491.4400000000	0.0169026016
1491.4500000000	0.0171395971
1491.4600000000	0.0172565030
1491.4700000000	0.0172667185
1491.4800000000	0.0171934125
1491.4900000000	0.0170324929
1491.5000000000	0.0167770994
1491.5100000000	0.0165128455
1491.5200000000	0.0162553533
1491.5300000000	0.0160156806
1491.5400000000	0.0157895047
1491.5500000000	0.0156061550
1491.5600000000	0.0154677138
1491.5700000000	0.0153579448
1491.5800000000	0.0153482253
1491.5900000000	0.0154262962
1491.6000000000	0.0155366163
1491.6100000000	0.0156559444
1491.6200000000	0.0158241124
1491.6300000000	0.0159865919
1491.6400000000	0.0160485164
1491.6500000000	0.0161045434
1491.6600000000	0.0160381956
1491.6700000000	0.0159593091
1491.6800000000	0.0159051324
1491.6900000000	0.0158494587
1491.7000000000	0.0157930631
1491.7100000000	0.0157404019
1491.7200000000	0.0157656320
1491.7300000000	0.0157963805
1491.7400000000	0.0158171178
1491.7500000000	0.0159730762
1491.7600000000	0.0161397034
1491.7700000000	0.0161896896
1491.7800000000	0.0162237081
1491.7900000000	0.0161991341
1491.8000000000	0.0160364524
1491.8100000000	0.0158440525
1491.8200000000	0.0156431446
1491.8300000000	0.0153558907
1491.8400000000	0.0150447893
1491.8500000000	0.0147875762
1491.8600000000	0.0145313163
1491.8700000000	0.0142897105
1491.8800000000	0.0140890756
1491.8900000000	0.0139604754
1491.9000000000	0.0139371114
1491.9100000000	0.0139888459
1491.9200000000	0.0141714291
1491.9300000000	0.0144346469
1491.9400000000	0.0146589960
1491.9500000000	0.0148246198
1491.9600000000	0.0150016282
1491.9700000000	0.0151206143
1491.9800000000	0.0151333229
1491.9900000000	0.0150585243
1492.0000000000	0.0149704327
1492.0100000000	0.0148588006
1492.0200000000	0.0146951264
1492.0300000000	0.0145041855
1492.0400000000	0.0143688730
1492.0500000000	0.0143016836
1492.0600000000	0.0142346266
1492.0700000000	0.0141874043
1492.0800000000	0.0141874043
1492.0900000000	0.0142384815
1492.1000000000	0.0144249189
1492.1100000000	0.0146793080
1492.1200000000	0.0149321203
1492.1300000000	0.0152145499
1492.1400000000	0.0155395930
1492.1500000000	0.0158405992
1492.1600000000	0.0160328331
1492.1700000000	0.0161919963
1492.1800000000	0.0163104076
1492.1900000000	0.0163327059
1492.2000000000	0.0163574859
1492.2100000000	0.0164178105
1492.2200000000	0.0164399826
1492.2300000000	0.0164647915
1492.2400000000	0.0165262979
1492.2500000000	0.0166508585
1492.2600000000	0.0167166251
1492.2700000000	0.0168001963
1492.2800000000	0.0169452266
1492.2900000000	0.0171123070
1492.3000000000	0.0172793821
1492.3100000000	0.0174353967
1492.3200000000	0.0175452014
1492.3300000000	0.0176163201
1492.3400000000	0.0176234709
1492.3500000000	0.0175522814
1492.3600000000	0.0174811698
1492.3700000000	0.0174099668
1492.3800000000	0.0173849831
1492.3900000000	0.0174053712
1492.4000000000	0.0174234364
1492.4100000000	0.0175209132
1492.4200000000	0.0176714566
1492.4300000000	0.0179546928
1492.4400000000	0.0183135481
1492.4500000000	0.0186502915
1492.4600000000	0.0189499850
1492.4700000000	0.0192178235
1492.4800000000	0.0195484837
1492.4900000000	0.0197353511
1492.5000000000	0.0197918447
1492.5100000000	0.0197512972
1492.5200000000	0.0196629007
1492.5300000000	0.0195049870
1492.5400000000	0.0192713164
1492.5500000000	0.0190125773
1492.5600000000	0.0187952148
1492.5700000000	0.0185884701
1492.5800000000	0.0183842059
1492.5900000000	0.0182703450
1492.6000000000	0.0182277290
1492.6100000000	0.0182878019
1492.6200000000	0.0184314333
1492.6300000000	0.0186119095
1492.6400000000	0.0188573988
1492.6500000000	0.0190607515
1492.6600000000	0.0191441910
1492.6700000000	0.0192285165
1492.6800000000	0.0191658458
1492.6900000000	0.0190705323
1492.7000000000	0.0189975648
1492.7100000000	0.0187895966
1492.7200000000	0.0185896622
1492.7300000000	0.0183805109
1492.7400000000	0.0182485276
1492.7500000000	0.0181174022
1492.7600000000	0.0180063289
1492.7700000000	0.0179529336
1492.7800000000	0.0179186627
1492.7900000000	0.0178846925
1492.8000000000	0.0178701885
1492.8100000000	0.0178878952
1492.8200000000	0.0179219467
1492.8300000000	0.0179416966
1492.8400000000	0.0178935315
1492.8500000000	0.0177347419
1492.8600000000	0.0175170114
1492.8700000000	0.0172623477
1492.8800000000	0.0169719666
1492.8900000000	0.0166815049
1492.9000000000	0.0163912191
1492.9100000000	0.0161792614
1492.9200000000	0.0159423818
1492.9300000000	0.0157392477
1492.9400000000	0.0156891183
1492.9500000000	0.0156891183
1492.9600000000	0.0157892297
1492.9700000000	0.0159823117
1492.9800000000	0.0161968404
1492.9900000000	0.0164518957
1493.0000000000	0.0166366299
1493.0100000000	0.0168564406
1493.0200000000	0.0171110732
1493.0300000000	0.0172613380
1493.0400000000	0.0173284517
1493.0500000000	0.0173827627
1493.0600000000	0.0174053712
1493.0700000000	0.0173854628
1493.0800000000	0.0173226754
1493.0900000000	0.0172980945
1493.1000000000	0.0173253708
1493.1100000000	0.0174425760
1493.1200000000	0.0176096801
1493.1300000000	0.0178037801
1493.1400000000	0.0180759567
1493.1500000000	0.0183753662
1493.1600000000	0.0187020639
1493.1700000000	0.0190443960
1493.1800000000	0.0193357639
1493.1900000000	0.0195903597
1493.2000000000	0.0197370379
1493.2100000000	0.0198445856
1493.2200000000	0.0198460158
1493.2300000000	0.0198102617
1493.2400000000	0.0198009657
1493.2500000000	0.0198545968
1493.2600000000	0.0198456582
1493.2700000000	0.0199379105
1493.2800000000	0.0200737180
1493.2900000000	0.0202738724
1493.3000000000	0.0205903016
1493.3100000000	0.0209210453
1493.3200000000	0.0212129233
1493.3300000000	0.0214840038
1493.3400000000	0.0217824495
1493.3500000000	0.0219752953
1493.3600000000	0.0220390154
1493.3700000000	0.0220117573
1493.3800000000	0.0218588291
1493.3900000000	0.0215723623
1493.4000000000	0.0212322910
1493.4100000000	0.0208423787
1493.4200000000	0.0204558474
1493.4300000000	0.0201816446
1493.4400000000	0.0200694716
1493.4500000000	0.0199726559
1493.4600000000	0.0199951593
1493.4700000000	0.0201436990
1493.4800000000	0.0203781490
1493.4900000000	0.0207118166
1493.5000000000	0.0210187996
1493.5100000000	0.0213873041
1493.5200000000	0.0217168398
1493.5300000000	0.0219551237
1493.5400000000	0.0221031945
1493.5500000000	0.0221761293
1493.5600000000	0.0221329909
1493.5700000000	0.0219550233
1493.5800000000	0.0216862308
1493.5900000000	0.0214305275
1493.6000000000	0.0212145514
1493.6100000000	0.0209630016
1493.6200000000	0.0207836896
1493.6300000000	0.0206142015
1493.6400000000	0.0205377420
1493.6500000000	0.0205757782
1493.6600000000	0.0206663151
1493.6700000000	0.0208844510
1493.6800000000	0.0211372686
1493.6900000000	0.0213881319
1493.7000000000	0.0216125595
1493.7100000000	0.0218594359
1493.7200000000	0.0219989768
1493.7300000000	0.0220480568
1493.7400000000	0.0218984735
1493.7500000000	0.0218149398
1493.7600000000	0.0217461820
1493.7700000000	0.0217045836
1493.7800000000	0.0216186258
1493.7900000000	0.0215389369
1493.8000000000	0.0214453488
1493.8100000000	0.0214793468
1493.8200000000	0.0216293827
1493.8300000000	0.0218527288
1493.8400000000	0.0220827920
1493.8500000000	0.0223457160
1493.8600000000	0.0226815970
1493.8700000000	0.0229746961
1493.8800000000	0.0231553817
1493.8900000000	0.0231977028
1493.9000000000	0.0230897110
1493.9100000000	0.0229146078
1493.9200000000	0.0225264585
1493.9300000000	0.0221775886
1493.9400000000	0.0217534922
1493.9500000000	0.0213785675
1493.9600000000	0.0211111269
1493.9700000000	0.0209238166
1493.9800000000	0.0208758055
1493.9900000000	0.0209370293
1494.0000000000	0.0210638550
1494.0100000000	0.0212817636
1494.0200000000	0.0215691590
1494.0300000000	0.0218768218
1494.0400000000	0.0222316213
1494.0500000000	0.0225690359
1494.0600000000	0.0228796835
1494.0700000000	0.0231369144
1494.0800000000	0.0232334569
1494.0900000000	0.0231755353
1494.1000000000	0.0230103437
1494.1100000000	0.0228718472
1494.1200000000	0.0226915449
1494.1300000000	0.0224999221
1494.1400000000	0.0223996579
1494.1500000000	0.0222996824
1494.1600000000	0.0223485149
1494.1700000000	0.0223753304
1494.1800000000	0.0224930209
1494.1900000000	0.0226682370
1494.2000000000	0.0227277778
1494.2100000000	0.0228571219
1494.2200000000	0.0230644360
1494.2300000000	0.0231215927
1494.2400000000	0.0231261947
1494.2500000000	0.0229739621
1494.2600000000	0.0226765995
1494.2700000000	0.0223967858
1494.2800000000	0.0221263904
1494.2900000000	0.0217800960
1494.3000000000	0.0214749853
1494.3100000000	0.0212116264
1494.3200000000	0.0209518284
1494.3300000000	0.0208478146
1494.3400000000	0.0207840470
1494.3500000000	0.0208470664
1494.3600000000	0.0209798166
1494.3700000000	0.0210960067
1494.3800000000	0.0212810817
1494.3900000000	0.0215068238
1494.4000000000	0.0215529581
1494.4100000000	0.0215198952
1494.4200000000	0.0213757092
1494.4300000000	0.0209924465
1494.4400000000	0.0206778233
1494.4500000000	0.0202966296
1494.4600000000	0.0197175278
1494.4700000000	0.0192118812
1494.4800000000	0.0187436762
1494.4900000000	0.0182199427
1494.5000000000	0.0178730360
1494.5100000000	0.0176323602
1494.5200000000	0.0174545740
1494.5300000000	0.0173824005
1494.5400000000	0.0173494082
1494.5500000000	0.0173529896
1494.5600000000	0.0174281171
1494.5700000000	0.0174967427
1494.5800000000	0.0175126333
1494.5900000000	0.0174922535
1494.6000000000	0.0174365232
1494.6100000000	0.0173052517
1494.6200000000	0.0171064527
1494.6300000000	0.0168613480
1494.6400000000	0.0165940293
1494.6500000000	0.0163277650
1494.6600000000	0.0160900347
1494.6700000000	0.0159887518
1494.6800000000	0.0160041261
1494.6900000000	0.0160978017
1494.7000000000	0.0163209070
1494.7100000000	0.0166317517
1494.7200000000	0.0169894397
1494.7300000000	0.0174118697
1494.7400000000	0.0177224627
1494.7500000000	0.0181177140
1494.7600000000	0.0183595196
1494.7700000000	0.0185124009
1494.7800000000	0.0185997233
1494.7900000000	0.0185462797
1494.8000000000	0.0184884954
1494.8100000000	0.0183764804
1494.8200000000	0.0182580699
1494.8300000000	0.0181237172
1494.8400000000	0.0180580797
1494.8500000000	0.0180760451
1494.8600000000	0.0181945030
1494.8700000000	0.0184016184
1494.8800000000	0.0187476796
1494.8900000000	0.0191234913
1494.9000000000	0.0196996472
1494.9100000000	0.0201754798
1494.9200000000	0.0207490181
1494.9300000000	0.0211825456
1494.9400000000	0.0215807668
1494.9500000000	0.0219780485
1494.9600000000	0.0220892980
1494.9700000000	0.0221250521
1494.9800000000	0.0220889637
1494.9900000000	0.0220555351
1495.0000000000	0.0219278890
1495.0100000000	0.0218523711
1495.0200000000	0.0218390051
1495.0300000000	0.0218645937
1495.0400000000	0.0219240511
1495.0500000000	0.0220416211
1495.0600000000	0.0223206478
1495.0700000000	0.0226734081
1495.0800000000	0.0230747035
1495.0900000000	0.0235456944
1495.1000000000	0.0240000474
1495.1100000000	0.0244401948
1495.1200000000	0.0247642211
1495.1300000000	0.0249714530
1495.1400000000	0.0250755938
1495.1500000000	0.0251208185
1495.1600000000	0.0251284800
1495.1700000000	0.0250992931
1495.1800000000	0.0250038826
1495.1900000000	0.0249249008
1495.2000000000	0.0249759781
1495.2100000000	0.0251111447
1495.2200000000	0.0253211141
1495.2300000000	0.0256584942
1495.2400000000	0.0260365906
1495.2500000000	0.0264216263
1495.2600000000	0.0268363175
1495.2700000000	0.0271692964
1495.2800000000	0.0274793783
1495.2900000000	0.0276368907
1495.3000000000	0.0277163928
1495.3100000000	0.0276383444
1495.3200000000	0.0273600482
1495.3300000000	0.0270010221
1495.3400000000	0.0266040265
1495.3500000000	0.0261796813
1495.3600000000	0.0258627196
1495.3700000000	0.0255761354
1495.3800000000	0.0253480127
1495.3900000000	0.0252449691
1495.4000000000	0.0253361579
1495.4100000000	0.0256648054
1495.4200000000	0.0259742173
1495.4300000000	0.0263651934
1495.4400000000	0.0267870167
1495.4500000000	0.0272451078
1495.4600000000	0.0275980365
1495.4700000000	0.0278434217
1495.4800000000	0.0278809216
1495.4900000000	0.0277785738
1495.5000000000	0.0276384174
1495.5100000000	0.0273508806
1495.5200000000	0.0269963596
1495.5300000000	0.0265805397
1495.5400000000	0.0263123708
1495.5500000000	0.0260577534
1495.5600000000	0.0258359193
1495.5700000000	0.0256781681
1495.5800000000	0.0255575433
1495.5900000000	0.0254738788
1495.6000000000	0.0254028354
1495.6100000000	0.0253551608
1495.6200000000	0.0253666021
1495.6300000000	0.0253787584
1495.6400000000	0.0252121598
1495.6500000000	0.0249238329
1495.6600000000	0.0245548792
1495.6700000000	0.0240976628
1495.6800000000	0.0236943027
1495.6900000000	0.0232019945
1495.7000000000	0.0228329981
1495.7100000000	0.0225741242
1495.7200000000	0.0222580571
1495.7300000000	0.0221007393
1495.7400000000	0.0220892980
1495.7500000000	0.0221513616
1495.7600000000	0.0223058461
1495.7700000000	0.0224475132
1495.7800000000	0.0226085934
1495.7900000000	0.0228108944
1495.8000000000	0.0230546825
1495.8100000000	0.0232302065
1495.8200000000	0.0232428468
1495.8300000000	0.0231805409
1495.8400000000	0.0229502740
1495.8500000000	0.0226113110
1495.8600000000	0.0222537667
1495.8700000000	0.0217869313
1495.8800000000	0.0213454307
1495.8900000000	0.0209878743
1495.9000000000	0.0206501390
1495.9100000000	0.0204785196
1495.9200000000	0.0204499163
1495.9300000000	0.0205589669
1495.9400000000	0.0207038750
1495.9500000000	0.0208931195
1495.9600000000	0.0212229481
1495.9700000000	0.0216064096
1495.9800000000	0.0218495017
1495.9900000000	0.0219807092
1496.0000000000	0.0219495474
1496.0100000000	0.0218872238
1496.0200000000	0.0217674969
1496.0300000000	0.0214474699
1496.0400000000	0.0211365182
1496.0500000000	0.0208045863
1496.0600000000	0.0204994279
1496.0700000000	0.0202142872
1496.0800000000	0.0200255011
1496.0900000000	0.0199797360
1496.1000000000	0.0200040487
1496.1100000000	0.0200930839
1496.1200000000	0.0202620161
1496.1300000000	0.0204217315
1496.1400000000	0.0207324805
1496.1500000000	0.0209272475
1496.1600000000	0.0211703882
1496.1700000000	0.0214206681
1496.1800000000	0.0215100532
1496.1900000000	0.0216147283
1496.2000000000	0.0215916025
1496.2100000000	0.0216219516
1496.2200000000	0.0217588293
1496.2300000000	0.0217674969
1496.2400000000	0.0219173235
1496.2500000000	0.0220875924
1496.2600000000	0.0223640935
1496.2700000000	0.0227795019
1496.2800000000	0.0232813559
1496.2900000000	0.0238293772
1496.3000000000	0.0243902443
1496.3100000000	0.0249931994
1496.3200000000	0.0256741221
1496.3300000000	0.0261672198
1496.3400000000	0.0265454129
1496.3500000000	0.0268549453
1496.3600000000	0.0270315296
1496.3700000000	0.0270300039
1496.3800000000	0.0268739199
1496.3900000000	0.0267169182
1496.4000000000	0.0264984686
1496.4100000000	0.0262368849
1496.4200000000	0.0260938687
1496.4300000000	0.0260981591
1496.4400000000	0.0261783791
1496.4500000000	0.0264024407
1496.4600000000	0.0267213328
1496.4700000000	0.0270085775
1496.4800000000	0.0274273286
1496.4900000000	0.0279531378
1496.5000000000	0.0283036820
1496.5100000000	0.0286110269
1496.5200000000	0.0287908316
1496.5300000000	0.0289625314
1496.5400000000	0.0289614312
1496.5500000000	0.0288101697
1496.5600000000	0.0285095317
1496.5700000000	0.0282738554
1496.5800000000	0.0279327089
1496.5900000000	0.0276380649
1496.6000000000	0.0274150424
1496.6100000000	0.0273810583
1496.6200000000	0.0273215862
1496.6300000000	0.0274358305
1496.6400000000	0.0276556799
1496.6500000000	0.0280288300
1496.6600000000	0.0284452141
1496.6700000000	0.0288322969
1496.6800000000	0.0291787313
1496.6900000000	0.0294212217
1496.7000000000	0.0294884818
1496.7100000000	0.0293804832
1496.7200000000	0.0290944646
1496.7300000000	0.0288112642
1496.7400000000	0.0284179550
1496.7500000000	0.0279794482
1496.7600000000	0.0276360606
1496.7700000000	0.0273284391
1496.7800000000	0.0271631497
1496.7900000000	0.0271856605
1496.8000000000	0.0273135196
1496.8100000000	0.0275684096
1496.8200000000	0.0280257262
1496.8300000000	0.0286403537
1496.8400000000	0.0292509443
1496.8500000000	0.0298295656
1496.8600000000	0.0303458687
1496.8700000000	0.0306985125
1496.8800000000	0.0310094196
1496.8900000000	0.0309892108
1496.9000000000	0.0308167984
1496.9100000000	0.0304842401
1496.9200000000	0.0300626966
1496.9300000000	0.0294434087
1496.9400000000	0.0290615426
1496.9500000000	0.0287817739
1496.9600000000	0.0286324794
1496.9700000000	0.0286663939
1496.9800000000	0.0288443698
1496.9900000000	0.0291337215
1497.0000000000	0.0295525163
1497.0100000000	0.0301175008
1497.0200000000	0.0307523995
1497.0300000000	0.0314642873
1497.0400000000	0.0320706477
1497.0500000000	0.0325762820
1497.0600000000	0.0330768533
1497.0700000000	0.0332700321
1497.0800000000	0.0335113143
1497.0900000000	0.0336286492
1497.1000000000	0.0334127089
1497.1100000000	0.0333194497
1497.1200000000	0.0333517799
1497.1300000000	0.0333322143
1497.1400000000	0.0335612818
1497.1500000000	0.0338144256
1497.1600000000	0.0341127778
1497.1700000000	0.0346429638
1497.1800000000	0.0351308949
1497.1900000000	0.0357412593
1497.2000000000	0.0364585339
1497.2100000000	0.0369930537
1497.2200000000	0.0374491692
1497.2300000000	0.0376886656
1497.2400000000	0.0377409475
1497.2500000000	0.0376407682
1497.2600000000	0.0375732940
1497.2700000000	0.0373355707
1497.2800000000	0.0370925687
1497.2900000000	0.0370069020
1497.3000000000	0.0369065075
1497.3100000000	0.0369851054
1497.3200000000	0.0371563043
1497.3300000000	0.0374004449
1497.3400000000	0.0377818345
1497.3500000000	0.0382860104
1497.3600000000	0.0388070625
1497.3700000000	0.0394305389
1497.3800000000	0.0400451614
1497.3900000000	0.0402737690
1497.4000000000	0.0405077205
1497.4100000000	0.0404883041
1497.4200000000	0.0401922346
1497.4300000000	0.0398317902
1497.4400000000	0.0392438994
1497.4500000000	0.0387255521
1497.4600000000	0.0381601858
1497.4700000000	0.0376584100
1497.4800000000	0.0373076713
1497.4900000000	0.0372196858
1497.5000000000	0.0370911314
1497.5100000000	0.0372409704
1497.5200000000	0.0375169518
1497.5300000000	0.0378631057
1497.5400000000	0.0384419947
1497.5500000000	0.0390255689
1497.5600000000	0.0393947848
1497.5700000000	0.0398617913
1497.5800000000	0.0400708902
1497.5900000000	0.0399654197
1497.6000000000	0.0399094404
1497.6100000000	0.0394652086
1497.6200000000	0.0388546948
1497.6300000000	0.0382675602
1497.6400000000	0.0375351527
1497.6500000000	0.0369796197
1497.6600000000	0.0367381820
1497.6700000000	0.0365690651
1497.6800000000	0.0364896805
1497.6900000000	0.0365611886
1497.7000000000	0.0365694261
1497.7100000000	0.0367018186
1497.7200000000	0.0367846660
1497.7300000000	0.0367634231
1497.7400000000	0.0366389368
1497.7500000000	0.0364318781
1497.7600000000	0.0361744467
1497.7700000000	0.0356966771
1497.7800000000	0.0351858910
1497.7900000000	0.0345031957
1497.8000000000	0.0338527316
1497.8100000000	0.0332448981
1497.8200000000	0.0328144189
1497.8300000000	0.0326728186
1497.8400000000	0.0327078716
1497.8500000000	0.0329514312
1497.8600000000	0.0333365842
1497.8700000000	0.0339146436
1497.8800000000	0.0345724569
1497.8900000000	0.0352783297
1497.9000000000	0.0360054853
1497.9100000000	0.0365478285
1497.9200000000	0.0368692721
1497.9300000000	0.0370271564
1497.9400000000	0.0369378977
1497.9500000000	0.0365453259
1497.9600000000	0.0357791379
1497.9700000000	0.0348739468
1497.9800000000	0.0339419563
1497.9900000000	0.0331383075
1498.0000000000	0.0323773373
1498.0100000000	0.0318781037
1498.0200000000	0.0314499863
1498.0300000000	0.0312783668
1498.0400000000	0.0312873053
1498.0500000000	0.0314857418
1498.0600000000	0.0320540118
1498.0700000000	0.0325524590
1498.0800000000	0.0331199363
1498.0900000000	0.0337189197
1498.1000000000	0.0341795307
1498.1100000000	0.0346758659
1498.1200000000	0.0350843883
1498.1300000000	0.0351832825
1498.1400000000	0.0351835412
1498.1500000000	0.0350297987
1498.1600000000	0.0347251704
1498.1700000000	0.0343862074
1498.1800000000	0.0341170313
1498.1900000000	0.0339176829
1498.2000000000	0.0338284041
1498.2100000000	0.0338899500
1498.2200000000	0.0340682729
1498.2300000000	0.0343600529
1498.2400000000	0.0346754412
1498.2500000000	0.0351115900
1498.2600000000	0.0353857015
1498.2700000000	0.0356835373
1498.2800000000	0.0357863004
1498.2900000000	0.0358536428
1498.3000000000	0.0357147780
1498.3100000000	0.0353997722
1498.3200000000	0.0349740229
1498.3300000000	0.0344117281
1498.3400000000	0.0339085230
1498.3500000000	0.0335346312
1498.3600000000	0.0331361766
1498.3700000000	0.0330705510
1498.3800000000	0.0331862909
1498.3900000000	0.0334043031
1498.4000000000	0.0339301415
1498.4100000000	0.0345143976
1498.4200000000	0.0352136213
1498.4300000000	0.0357278946
1498.4400000000	0.0361345002
1498.4500000000	0.0365621855
1498.4600000000	0.0368651126
1498.4700000000	0.0368544715
1498.4800000000	0.0366488670
1498.4900000000	0.0362528081
1498.5000000000	0.0357371093
1498.5100000000	0.0352231175
1498.5200000000	0.0347445493
1498.5300000000	0.0345382759
1498.5400000000	0.0343653501
1498.5500000000	0.0343872473
1498.5600000000	0.0347356670
1498.5700000000	0.0351319756
1498.5800000000	0.0357835233
1498.5900000000	0.0365944555
1498.6000000000	0.0374049058
1498.6100000000	0.0381964432
1498.6200000000	0.0388334718
1498.6300000000	0.0392281862
1498.6400000000	0.0394305389
1498.6500000000	0.0393848954
1498.6600000000	0.0390963572
1498.6700000000	0.0385009087
1498.6800000000	0.0378006717
1498.6900000000	0.0371865512
1498.7000000000	0.0367237730
1498.7100000000	0.0363471854
1498.7200000000	0.0360943358
1498.7300000000	0.0361221396
1498.7400000000	0.0363522298
1498.7500000000	0.0367826337
1498.7600000000	0.0374408570
1498.7700000000	0.0381929487
1498.7800000000	0.0389660842
1498.7900000000	0.0396840831
1498.8000000000	0.0403161970
1498.8100000000	0.0406920868
1498.8200000000	0.0408079987
1498.8300000000	0.0405761135
1498.8400000000	0.0400798036
1498.8500000000	0.0394680624
1498.8600000000	0.0386185603
1498.8700000000	0.0377660267
1498.8800000000	0.0368896435
1498.8900000000	0.0362635517
1498.9000000000	0.0359132194
1498.9100000000	0.0358290922
1498.9200000000	0.0361067293
1498.9300000000	0.0367233153
1498.9400000000	0.0374466785
1498.9500000000	0.0383836374
1498.9600000000	0.0392994439
1498.9700000000	0.0401477865
1498.9800000000	0.0408995124
1498.9900000000	0.0415023442
1499.0000000000	0.0419006634
1499.0100000000	0.0419293622
1499.0200000000	0.0417269670
1499.0300000000	0.0410819186
1499.0400000000	0.0403419310
1499.0500000000	0.0394353301
1499.0600000000	0.0386547676
1499.0700000000	0.0378144108
1499.0800000000	0.0372920981
1499.0900000000	0.0369376921
1499.1000000000	0.0366773893
1499.1100000000	0.0367078207
1499.1200000000	0.0369238377
1499.1300000000	0.0372304551
1499.1400000000	0.0375041006
1499.1500000000	0.0377347314
1499.1600000000	0.0379067946
1499.1700000000	0.0379006550
1499.1800000000	0.0377417422
1499.1900000000	0.0373468888
1499.2000000000	0.0367709359
1499.2100000000	0.0361887441
1499.2200000000	0.0356501914
1499.2300000000	0.0351264333
1499.2400000000	0.0347068104
1499.2500000000	0.0344970083
1499.2600000000	0.0344165746
1499.2700000000	0.0345931843
1499.2800000000	0.0350058453
1499.2900000000	0.0356252215
1499.3000000000	0.0362550675
1499.3100000000	0.0369560030
1499.3200000000	0.0375197845
1499.3300000000	0.0380059976
1499.3400000000	0.0381422693
1499.3500000000	0.0380911913
1499.3600000000	0.0377423920
1499.3700000000	0.0371024512
1499.3800000000	0.0362542349
1499.3900000000	0.0353238096
1499.4000000000	0.0343547871
1499.4100000000	0.0334995662
1499.4200000000	0.0327790057
1499.4300000000	0.0321554615
1499.4400000000	0.0318417786
1499.4500000000	0.0318508074
1499.4600000000	0.0320739127
1499.4700000000	0.0325435456
1499.4800000000	0.0331121980
1499.4900000000	0.0337750392
1499.5000000000	0.0345073377
1499.5100000000	0.0353303957
1499.5200000000	0.0361164182
1499.5300000000	0.0366718351
1499.5400000000	0.0370517894
1499.5500000000	0.0372079502
1499.5600000000	0.0372483998
1499.5700000000	0.0371093420
1499.5800000000	0.0367879164
1499.5900000000	0.0364193699
1499.6000000000	0.0361701141
1499.6100000000	0.0360695558
1499.6200000000	0.0361041708
1499.6300000000	0.0364065743
1499.6400000000	0.0369105698
1499.6500000000	0.0375550911
1499.6600000000	0.0382735045
1499.6700000000	0.0391347514
1499.6800000000	0.0399321882
1499.6900000000	0.0405983062
1499.7000000000	0.0411983250
1499.7100000000	0.0416014437
1499.7200000000	0.0416957362
1499.7300000000	0.0415930310
1499.7400000000	0.0414007564
1499.7500000000	0.0411668408
1499.7600000000	0.0409379459
1499.7700000000	0.0407426889
1499.7800000000	0.0406111887
1499.7900000000	0.0406527212
1499.8000000000	0.0408764771
1499.8100000000	0.0412786129
1499.8200000000	0.0418986945
1499.8300000000	0.0426350546
1499.8400000000	0.0433818441
1499.8500000000	0.0442932505
1499.8600000000	0.0448950659
1499.8700000000	0.0454846980
1499.8800000000	0.0456319548
1499.8900000000	0.0454166459
1499.9000000000	0.0448982481
1499.9100000000	0.0442256289
1499.9200000000	0.0435176026
1499.9300000000	0.0426778955
1499.9400000000	0.0417717951
1499.9500000000	0.0409615174
1499.9600000000	0.0403730560
1499.9700000000	0.0400398136
1499.9800000000	0.0399549495
1499.9900000000	0.0400971974
1500.0000000000	0.0404644573
1500.0100000000	0.0408293348
1500.0200000000	0.0412637435
1500.0300000000	0.0417990462
1500.0400000000	0.0421997771
1500.0500000000	0.0424596226
1500.0600000000	0.0426756789
1500.0700000000	0.0426162917
1500.0800000000	0.0422091774
1500.0900000000	0.0417131514
1500.1000000000	0.0409843065
1500.1100000000	0.0402086990
1500.1200000000	0.0393751765
1500.1300000000	0.0387119808
1500.1400000000	0.0382749387
1500.1500000000	0.0380917158
1500.1600000000	0.0380607607
1500.1700000000	0.0382091512
1500.1800000000	0.0385468773
1500.1900000000	0.0390303015
1500.2000000000	0.0394207918
1500.2100000000	0.0397829904
1500.2200000000	0.0401105826
1500.2300000000	0.0403154809
1500.2400000000	0.0403429840
1500.2500000000	0.0400899528
1500.2600000000	0.0397703886
1500.2700000000	0.0393732614
1500.2800000000	0.0388493445
1500.2900000000	0.0382908918
1500.3000000000	0.0377782240
1500.3100000000	0.0375311819
1500.3200000000	0.0374318651
1500.3300000000	0.0375170979
1500.3400000000	0.0378245126
1500.3500000000	0.0383987529
1500.3600000000	0.0391747333
1500.3700000000	0.0400321746
1500.3800000000	0.0409458961
1500.3900000000	0.0418544447
1500.4000000000	0.0426204959
1500.4100000000	0.0430598803
1500.4200000000	0.0432491986
1500.4300000000	0.0430739936
1500.4400000000	0.0427700797
1500.4500000000	0.0423088379
1500.4600000000	0.0417903897
1500.4700000000	0.0413391937
1500.4800000000	0.0409578033
1500.4900000000	0.0405747103
1500.5000000000	0.0403703903
1500.5100000000	0.0404793682
1500.5200000000	0.0407177286
1500.5300000000	0.0413709556
1500.5400000000	0.0421489547
1500.5500000000	0.0430410903
1500.5600000000	0.0440343743
1500.5700000000	0.0451112860
1500.5800000000	0.0459851751
1500.5900000000	0.0468337030
1500.6000000000	0.0473229465
1500.6100000000	0.0474043055
1500.6200000000	0.0474317071
1500.6300000000	0.0471483358
1500.6400000000	0.0467090019
1500.6500000000	0.0463826388
1500.6600000000	0.0461005098
1500.6700000000	0.0458564615
1500.6800000000	0.0458408308
1500.6900000000	0.0459183160
1500.7000000000	0.0461593026
1500.7100000000	0.0465432905
1500.7200000000	0.0469140999
1500.7300000000	0.0473074091
1500.7400000000	0.0476652349
1500.7500000000	0.0479395887
1500.7600000000	0.0481909028
1500.7700000000	0.0482985088
1500.7800000000	0.0480908791
1500.7900000000	0.0478590069
1500.8000000000	0.0474743755
1500.8100000000	0.0467693796
1500.8200000000	0.0462176533
1500.8300000000	0.0459534041
1500.8400000000	0.0456816844
1500.8500000000	0.0459032906
1500.8600000000	0.0462401766
1500.8700000000	0.0470437004
1500.8800000000	0.0481186600
1500.8900000000	0.0491015515
1500.9000000000	0.0501698366
1500.9100000000	0.0512185350
1500.9200000000	0.0520949527
1500.9300000000	0.0528472233
1500.9400000000	0.0532677950
1500.9500000000	0.0531676786
1500.9600000000	0.0527794977
1500.9700000000	0.0520363858
1500.9800000000	0.0510032987
1500.9900000000	0.0500233361
1501.0000000000	0.0491228366
1501.0100000000	0.0481031570
1501.0200000000	0.0473812841
1501.0300000000	0.0468233648
1501.0400000000	0.0465472447
1501.0500000000	0.0466230009
1501.0600000000	0.0469062298
1501.0700000000	0.0471961425
1501.0800000000	0.0478687580
1501.0900000000	0.0484050834
1501.1000000000	0.0487983925
1501.1100000000	0.0493438475
1501.1200000000	0.0494686200
1501.1300000000	0.0493514656
1501.1400000000	0.0489641724
1501.1500000000	0.0482941799
1501.1600000000	0.0475469635
1501.1700000000	0.0467524037
1501.1800000000	0.0459660792
1501.1900000000	0.0452677555
1501.2000000000	0.0447927225
1501.2100000000	0.0446048216
1501.2200000000	0.0447641877
1501.2300000000	0.0451687331
1501.2400000000	0.0458460347
1501.2500000000	0.0467348091
1501.2600000000	0.0477376646
1501.2700000000	0.0486238724
1501.2800000000	0.0493662696
1501.2900000000	0.0500438101
1501.3000000000	0.0502802448
1501.3100000000	0.0503902195
1501.3200000000	0.0502253480
1501.3300000000	0.0498542497
1501.3400000000	0.0491673722
1501.3500000000	0.0484196867
1501.3600000000	0.0476221602
1501.3700000000	0.0469186925
1501.3800000000	0.0465387490
1501.3900000000	0.0464625150
1501.4000000000	0.0467514192
1501.4100000000	0.0473346493
1501.4200000000	0.0481493840
1501.4300000000	0.0489457103
1501.4400000000	0.0498345781
1501.4500000000	0.0507420469
1501.4600000000	0.0515470692
1501.4700000000	0.0521848209
1501.4800000000	0.0525707398
1501.4900000000	0.0526668334
1501.5000000000	0.0524831972
1501.5100000000	0.0520264760
1501.5200000000	0.0514746355
1501.5300000000	0.0508211216
1501.5400000000	0.0499715265
1501.5500000000	0.0492942687
1501.5600000000	0.0488284259
1501.5700000000	0.0485509745
1501.5800000000	0.0486976314
1501.5900000000	0.0490268759
1501.6000000000	0.0494940010
1501.6100000000	0.0500383874
1501.6200000000	0.0506523378
1501.6300000000	0.0513897095
1501.6400000000	0.0519288784
1501.6500000000	0.0524649933
1501.6600000000	0.0526599470
1501.6700000000	0.0525979969
1501.6800000000	0.0523162090
1501.6900000000	0.0519023679
1501.7000000000	0.0513899306
1501.7100000000	0.0508650465
1501.7200000000	0.0505310891
1501.7300000000	0.0503358606
1501.7400000000	0.0503729669
1501.7500000000	0.0505800265
1501.7600000000	0.0510148778
1501.7700000000	0.0516802584
1501.7800000000	0.0526345140
1501.7900000000	0.0536651460
1501.8000000000	0.0546571412
1501.8100000000	0.0555834050
1501.8200000000	0.0562211673
1501.8300000000	0.0563784852
1501.8400000000	0.0563430887
1501.8500000000	0.0560095017
1501.8600000000	0.0555430525
1501.8700000000	0.0547671995
1501.8800000000	0.0539117737
1501.8900000000	0.0529613766
1501.9000000000	0.0522223116
1501.9100000000	0.0517478408
1501.9200000000	0.0515794303
1501.9300000000	0.0517346086
1501.9400000000	0.0522048865
1501.9500000000	0.0529226417
1501.9600000000	0.0536827711
1501.9700000000	0.0546322693
1501.9800000000	0.0555367440
1501.9900000000	0.0562064029
1502.0000000000	0.0566174170
1502.0100000000	0.0567562784
1502.0200000000	0.0566466527
1502.0300000000	0.0562680661
1502.0400000000	0.0555171835
1502.0500000000	0.0546391084
1502.0600000000	0.0535513597
1502.0700000000	0.0524485748
1502.0800000000	0.0513009067
1502.0900000000	0.0503018757
1502.1000000000	0.0497466648
1502.1100000000	0.0494419946
1502.1200000000	0.0494600598
1502.1300000000	0.0495729674
1502.1400000000	0.0497122991
1502.1500000000	0.0498989460
1502.1600000000	0.0499504319
1502.1700000000	0.0498245738
1502.1800000000	0.0496077596
1502.1900000000	0.0492128582
1502.2000000000	0.0485574956
1502.2100000000	0.0476726436
1502.2200000000	0.0466265222
1502.2300000000	0.0455382092
1502.2400000000	0.0445342524
1502.2500000000	0.0435280823
1502.2600000000	0.0428446452
1502.2700000000	0.0424213611
1502.2800000000	0.0423006712
1502.2900000000	0.0424494053
1502.3000000000	0.0428383489
1502.3100000000	0.0434001005
1502.3200000000	0.0441380581
1502.3300000000	0.0449959447
1502.3400000000	0.0458926449
1502.3500000000	0.0463865819
1502.3600000000	0.0466888450
1502.3700000000	0.0466372382
1502.3800000000	0.0463510652
1502.3900000000	0.0458934739
1502.4000000000	0.0451536483
1502.4100000000	0.0442138263
1502.4200000000	0.0432202251
1502.4300000000	0.0423108217
1502.4400000000	0.0416376124
1502.4500000000	0.0411135586
1502.4600000000	0.0408081653
1502.4700000000	0.0408534619
1502.4800000000	0.0410942123
1502.4900000000	0.0415404492
1502.5000000000	0.0422622193
1502.5100000000	0.0430869199
1502.5200000000	0.0439557372
1502.5300000000	0.0448127017
1502.5400000000	0.0455832597
1502.5500000000	0.0461004689
1502.5600000000	0.0465125399
1502.5700000000	0.0468038952
1502.5800000000	0.0468640399
1502.5900000000	0.0468210267
1502.6000000000	0.0466970669
1502.6100000000	0.0464585744
1502.6200000000	0.0463438419
1502.6300000000	0.0464449502
1502.6400000000	0.0465914611
1502.6500000000	0.0471856468
1502.6600000000	0.0479213422
1502.6700000000	0.0486956372
1502.6800000000	0.0496060361
1502.6900000000	0.0504291090
1502.7000000000	0.0511712380
1502.7100000000	0.0517671536
1502.7200000000	0.0521157557
1502.7300000000	0.0522045235
1502.7400000000	0.0521853588
1502.7500000000	0.0519387770
1502.7600000000	0.0513990794
1502.7700000000	0.0508533091
1502.7800000000	0.0502545019
1502.7900000000	0.0499259783
1502.8000000000	0.0496236836
1502.8100000000	0.0496857074
1502.8200000000	0.0500119089
1502.8300000000	0.0506038519
1502.8400000000	0.0513291414
1502.8500000000	0.0523262341
1502.8600000000	0.0535141918
1502.8700000000	0.0546241787
1502.8800000000	0.0554892228
1502.8900000000	0.0560490009
1502.9000000000	0.0561997149
1502.9100000000	0.0560534417
1502.9200000000	0.0554958082
1502.9300000000	0.0545293367
1502.9400000000	0.0533166764
1502.9500000000	0.0520944343
1502.9600000000	0.0510632492
1502.9700000000	0.0502351722
1502.9800000000	0.0496518913
1502.9900000000	0.0494219456
1503.0000000000	0.0495489227
1503.0100000000	0.0499044628
1503.0200000000	0.0505437969
1503.0300000000	0.0514890545
1503.0400000000	0.0524888191
1503.0500000000	0.0535996530
1503.0600000000	0.0546500800
1503.0700000000	0.0553185804
1503.0800000000	0.0558607519
1503.0900000000	0.0559572878
1503.1000000000	0.0556891894
1503.1100000000	0.0549840406
1503.1200000000	0.0538394999
1503.1300000000	0.0525692759
1503.1400000000	0.0512552827
1503.1500000000	0.0499783117
1503.1600000000	0.0488244012
1503.1700000000	0.0480453492
1503.1800000000	0.0475469666
1503.1900000000	0.0473692701
1503.2000000000	0.0475648390
1503.2100000000	0.0479742195
1503.2200000000	0.0485082251
1503.2300000000	0.0490278478
1503.2400000000	0.0494385462
1503.2500000000	0.0498863204
1503.2600000000	0.0502024735
1503.2700000000	0.0503716292
1503.2800000000	0.0503537503
1503.2900000000	0.0501826277
1503.3000000000	0.0496718415
1503.3100000000	0.0491588654
1503.3200000000	0.0486115946
1503.3300000000	0.0481044559
1503.3400000000	0.0479846029
1503.3500000000	0.0480648781
1503.3600000000	0.0482602813
1503.3700000000	0.0488430889
1503.3800000000	0.0497657075
1503.3900000000	0.0509087100
1503.4000000000	0.0521738374
1503.4100000000	0.0533940706
1503.4200000000	0.0544348385
1503.4300000000	0.0553380539
1503.4400000000	0.0559387011
1503.4500000000	0.0562036478
1503.4600000000	0.0561795369
1503.4700000000	0.0557533098
1503.4800000000	0.0549850998
1503.4900000000	0.0541227256
1503.5000000000	0.0532201140
1503.5100000000	0.0525072370
1503.5200000000	0.0520521110
1503.5300000000	0.0516845338
1503.5400000000	0.0515992146
1503.5500000000	0.0520008305
1503.5600000000	0.0525281279
1503.5700000000	0.0534801542
1503.5800000000	0.0546342693
1503.5900000000	0.0557841063
1503.6000000000	0.0571937089
1503.6100000000	0.0584696406
1503.6200000000	0.0595296088
1503.6300000000	0.0605027706
1503.6400000000	0.0610701846
1503.6500000000	0.0610874014
1503.6600000000	0.0609880719
1503.6700000000	0.0607034505
1503.6800000000	0.0603370456
1503.6900000000	0.0601345474
1503.7000000000	0.0599707897
1503.7100000000	0.0598467450
1503.7200000000	0.0601386199
1503.7300000000	0.0605748474
1503.7400000000	0.0611051232
1503.7500000000	0.0617247159
1503.7600000000	0.0621738302
1503.7700000000	0.0626600416
1503.7800000000	0.0630461064
1503.7900000000	0.0632521498
1503.8000000000	0.0633443086
1503.8100000000	0.0632341848
1503.8200000000	0.0627149422
1503.8300000000	0.0619984174
1503.8400000000	0.0611643757
1503.8500000000	0.0600817996
1503.8600000000	0.0592362050
1503.8700000000	0.0584718983
1503.8800000000	0.0578290786
1503.8900000000	0.0576101419
1503.9000000000	0.0575930833
1503.9100000000	0.0578308634
1503.9200000000	0.0583569393
1503.9300000000	0.0590665577
1503.9400000000	0.0599766226
1503.9500000000	0.0607792944
1503.9600000000	0.0615102607
1503.9700000000	0.0622262837
1503.9800000000	0.0628950398
1503.9900000000	0.0632077281
1504.0000000000	0.0633406252
1504.0100000000	0.0632250910
1504.0200000000	0.0628425335
1504.0300000000	0.0624365331
1504.0400000000	0.0620961971
1504.0500000000	0.0618258938
1504.0600000000	0.0616539950
1504.0700000000	0.0618887585
1504.0800000000	0.0623131341
1504.0900000000	0.0629693564
1504.1000000000	0.0637261783
1504.1100000000	0.0644783483
1504.1200000000	0.0652591784
1504.1300000000	0.0660040735
1504.1400000000	0.0667705814
1504.1500000000	0.0674412130
1504.1600000000	0.0677977914
1504.1700000000	0.0679694292
1504.1800000000	0.0678505315
1504.1900000000	0.0676102559
1504.2000000000	0.0671654630
1504.2100000000	0.0666344987
1504.2200000000	0.0662406703
1504.2300000000	0.0658641257
1504.2400000000	0.0656297042
1504.2500000000	0.0657607155
1504.2600000000	0.0660464201
1504.2700000000	0.0664574317
1504.2800000000	0.0669793987
1504.2900000000	0.0674234646
1504.3000000000	0.0676924401
1504.3100000000	0.0679418550
1504.3200000000	0.0681028957
1504.3300000000	0.0680386438
1504.3400000000	0.0677385703
1504.3500000000	0.0673311404
1504.3600000000	0.0666509783
1504.3700000000	0.0657799885
1504.3800000000	0.0648340040
1504.3900000000	0.0639258653
1504.4000000000	0.0631984989
1504.4100000000	0.0626949818
1504.4200000000	0.0624211098
1504.4300000000	0.0624211098
1504.4400000000	0.0624579258
1504.4500000000	0.0626437797
1504.4600000000	0.0629288354
1504.4700000000	0.0630820472
1504.4800000000	0.0631540970
1504.4900000000	0.0631719740
1504.5000000000	0.0630221441
1504.5100000000	0.0628042007
1504.5200000000	0.0623751382
1504.5300000000	0.0618234903
1504.5400000000	0.0611978571
1504.5500000000	0.0603375635
1504.5600000000	0.0595821494
1504.5700000000	0.0588741313
1504.5800000000	0.0582866064
1504.5900000000	0.0580157216
1504.6000000000	0.0579234018
1504.6100000000	0.0580532642
1504.6200000000	0.0585541154
1504.6300000000	0.0590747380
1504.6400000000	0.0596831201
1504.6500000000	0.0602196682
1504.6600000000	0.0606447953
1504.6700000000	0.0610086039
1504.6800000000	0.0610570489
1504.6900000000	0.0607227434
1504.7000000000	0.0602194021
1504.7100000000	0.0594483225
1504.7200000000	0.0586347520
1504.7300000000	0.0577382792
1504.7400000000	0.0568757173
1504.7500000000	0.0561245260
1504.7600000000	0.0555183642
1504.7700000000	0.0551066777
1504.7800000000	0.0549597369
1504.7900000000	0.0552803960
1504.8000000000	0.0558793052
1504.8100000000	0.0566253088
1504.8200000000	0.0575892604
1504.8300000000	0.0583570673
1504.8400000000	0.0589581226
1504.8500000000	0.0594839318
1504.8600000000	0.0597695726
1504.8700000000	0.0598813932
1504.8800000000	0.0597545942
1504.8900000000	0.0592282065
1504.9000000000	0.0585580945
1504.9100000000	0.0578240252
1504.9200000000	0.0570639768
1504.9300000000	0.0563569575
1504.9400000000	0.0557739327
1504.9500000000	0.0554349868
1504.9600000000	0.0554076824
1504.9700000000	0.0556327464
1504.9800000000	0.0561762227
1504.9900000000	0.0568374633
1505.0000000000	0.0575584147
1505.0100000000	0.0582570079
1505.0200000000	0.0588053228
1505.0300000000	0.0593208334
1505.0400000000	0.0596679602
1505.0500000000	0.0598432394
1505.0600000000	0.0598807634
1505.0700000000	0.0594272656
1505.0800000000	0.0588813564
1505.0900000000	0.0582169581
1505.1000000000	0.0575252373
1505.1100000000	0.0568735263
1505.1200000000	0.0564021996
1505.1300000000	0.0563309379
1505.1400000000	0.0565534255
1505.1500000000	0.0570190369
1505.1600000000	0.0576629882
1505.1700000000	0.0584180571
1505.1800000000	0.0591758075
1505.1900000000	0.0599221441
1505.2000000000	0.0606649020
1505.2100000000	0.0611933975
1505.2200000000	0.0615209249
1505.2300000000	0.0616821732
1505.2400000000	0.0615447558
1505.2500000000	0.0611907162
1505.2600000000	0.0607657820
1505.2700000000	0.0605870009
1505.2800000000	0.0603711524
1505.2900000000	0.0602811051
1505.3000000000	0.0604135275
1505.3100000000	0.0606934296
1505.3200000000	0.0612486301
1505.3300000000	0.0621261373
1505.3400000000	0.0632238160
1505.3500000000	0.0643890553
1505.3600000000	0.0653909192
1505.3700000000	0.0663913690
1505.3800000000	0.0672516051
1505.3900000000	0.0678855035
1505.4000000000	0.0681776874
1505.4100000000	0.0681177108
1505.4200000000	0.0676141010
1505.4300000000	0.0668944008
1505.4400000000	0.0659739705
1505.4500000000	0.0650535403
1505.4600000000	0.0641763647
1505.4700000000	0.0635685642
1505.4800000000	0.0632366203
1505.4900000000	0.0632582894
1505.5000000000	0.0635843209
1505.5100000000	0.0642279211
1505.5200000000	0.0651465268
1505.5300000000	0.0662826642
1505.5400000000	0.0672851552
1505.5500000000	0.0682622097
1505.5600000000	0.0692034014
1505.5700000000	0.0699022461
1505.5800000000	0.0701377320
1505.5900000000	0.0700401748
1505.6000000000	0.0696515929
1505.6100000000	0.0690830094
1505.6200000000	0.0679502921
1505.6300000000	0.0667748663
1505.6400000000	0.0656831956
1505.6500000000	0.0647611689
1505.6600000000	0.0642922969
1505.6700000000	0.0642587097
1505.6800000000	0.0645864406
1505.6900000000	0.0653021143
1505.7000000000	0.0661664708
1505.7100000000	0.0671794413
1505.7200000000	0.0682856722
1505.7300000000	0.0692138766
1505.7400000000	0.0699715234
1505.7500000000	0.0704779405
1505.7600000000	0.0706754508
1505.7700000000	0.0706039413
1505.7800000000	0.0701830799
1505.7900000000	0.0695290953
1505.8000000000	0.0688001150
1505.8100000000	0.0678084459
1505.8200000000	0.0669981228
1505.8300000000	0.0663675373
1505.8400000000	0.0660526103
1505.8500000000	0.0660659729
1505.8600000000	0.0665094815
1505.8700000000	0.0675279590
1505.8800000000	0.0685855894
1505.8900000000	0.0697393667
1505.9000000000	0.0708593288
1505.9100000000	0.0717502310
1505.9200000000	0.0725335615
1505.9300000000	0.0728288396
1505.9400000000	0.0724790414
1505.9500000000	0.0717978975
1505.9600000000	0.0708182051
1505.9700000000	0.0693468821
1505.9800000000	0.0678332045
1505.9900000000	0.0662538610
1506.0000000000	0.0647176908
1506.0100000000	0.0634920378
1506.0200000000	0.0625593586
1506.0300000000	0.0620826240
1506.0400000000	0.0619981758
1506.0500000000	0.0622399539
1506.0600000000	0.0627466538
1506.0700000000	0.0634937698
1506.0800000000	0.0643771772
1506.0900000000	0.0652132288
1506.1000000000	0.0660724690
1506.1100000000	0.0668118487
1506.1200000000	0.0671992973
1506.1300000000	0.0674304109
1506.1400000000	0.0672498427
1506.1500000000	0.0668201442
1506.1600000000	0.0662233280
1506.1700000000	0.0653488449
1506.1800000000	0.0645639447
1506.1900000000	0.0639085207
1506.2000000000	0.0634544665
1506.2100000000	0.0634447788
1506.2200000000	0.0637213022
1506.2300000000	0.0643037314
1506.2400000000	0.0652685236
1506.2500000000	0.0663332293
1506.2600000000	0.0672983790
1506.2700000000	0.0684206306
1506.2800000000	0.0694899380
1506.2900000000	0.0702872470
1506.3000000000	0.0710885660
1506.3100000000	0.0716974307
1506.3200000000	0.0719406473
1506.3300000000	0.0719373427
1506.3400000000	0.0716888520
1506.3500000000	0.0711692143
1506.3600000000	0.0706624952
1506.3700000000	0.0701421183
1506.3800000000	0.0697537560
1506.3900000000	0.0697996104
1506.4000000000	0.0702104148
1506.4100000000	0.0707707040
1506.4200000000	0.0718472434
1506.4300000000	0.0726042566
1506.4400000000	0.0735609932
1506.4500000000	0.0745571300
1506.4600000000	0.0753029744
1506.4700000000	0.0758006994
1506.4800000000	0.0761489439
1506.4900000000	0.0760388214
1506.5000000000	0.0757803058
1506.5100000000	0.0751181667
1506.5200000000	0.0742303400
1506.5300000000	0.0732201681
1506.5400000000	0.0722918814
1506.5500000000	0.0715344727
1506.5600000000	0.0711523864
1506.5700000000	0.0710738677
1506.5800000000	0.0712382663
1506.5900000000	0.0717424780
1506.6000000000	0.0724607254
1506.6100000000	0.0732141684
1506.6200000000	0.0739886207
1506.6300000000	0.0747381897
1506.6400000000	0.0753519302
1506.6500000000	0.0757451054
1506.6600000000	0.0758916821
1506.6700000000	0.0756952110
1506.6800000000	0.0754002394
1506.6900000000	0.0746895979
1506.7000000000	0.0738891331
1506.7100000000	0.0728713759
1506.7200000000	0.0718167706
1506.7300000000	0.0710738661
1506.7400000000	0.0707625809
1506.7500000000	0.0705802939
1506.7600000000	0.0706787897
1506.7700000000	0.0711057670
1506.7800000000	0.0715724159
1506.7900000000	0.0722470345
1506.8000000000	0.0728268808
1506.8100000000	0.0732738106
1506.8200000000	0.0736860273
1506.8300000000	0.0739371960
1506.8400000000	0.0739390224
1506.8500000000	0.0738400060
1506.8600000000	0.0736022630
1506.8700000000	0.0732581109
1506.8800000000	0.0727736608
1506.8900000000	0.0721199702
1506.9000000000	0.0715043501
1506.9100000000	0.0712960811
1506.9200000000	0.0711107751
1506.9300000000	0.0712716574
1506.9400000000	0.0719193625
1506.9500000000	0.0723686830
1506.9600000000	0.0730319876
1506.9700000000	0.0737183395
1506.9800000000	0.0742055904
1506.9900000000	0.0746157243
1507.0000000000	0.0746812351
1507.0100000000	0.0742918201
1507.0200000000	0.0740113961
1507.0300000000	0.0734818270
1507.0400000000	0.0725214414
1507.0500000000	0.0717435221
1507.0600000000	0.0707173219
1507.0700000000	0.0694619558
1507.0800000000	0.0685273009
1507.0900000000	0.0677807369
1507.1000000000	0.0673036736
1507.1100000000	0.0672679162
1507.1200000000	0.0674528375
1507.1300000000	0.0677808143
1507.1400000000	0.0685121258
1507.1500000000	0.0693311841
1507.1600000000	0.0700447284
1507.1700000000	0.0707332291
1507.1800000000	0.0711096218
1507.1900000000	0.0710901502
1507.2000000000	0.0708807798
1507.2100000000	0.0703659069
1507.2200000000	0.0696945254
1507.2300000000	0.0687315337
1507.2400000000	0.0675278291
1507.2500000000	0.0665672492
1507.2600000000	0.0658382419
1507.2700000000	0.0654515347
1507.2800000000	0.0654074971
1507.2900000000	0.0656748307
1507.3000000000	0.0661807980
1507.3100000000	0.0670430845
1507.3200000000	0.0679363454
1507.3300000000	0.0688878393
1507.3400000000	0.0700169319
1507.3500000000	0.0708394634
1507.3600000000	0.0713653166
1507.3700000000	0.0717317560
1507.3800000000	0.0717871576
1507.3900000000	0.0716138791
1507.4000000000	0.0710281467
1507.4100000000	0.0700284775
1507.4200000000	0.0689218456
1507.4300000000	0.0678300957
1507.4400000000	0.0670067108
1507.4500000000	0.0666269498
1507.4600000000	0.0666142164
1507.4700000000	0.0668944736
1507.4800000000	0.0674748631
1507.4900000000	0.0682968746
1507.5000000000	0.0691162674
1507.5100000000	0.0700192589
1507.5200000000	0.0708992109
1507.5300000000	0.0715140284
1507.5400000000	0.0720808548
1507.5500000000	0.0724617106
1507.5600000000	0.0728698657
1507.5700000000	0.0730761531
1507.5800000000	0.0730761531
1507.5900000000	0.0727293246
1507.6000000000	0.0722330438
1507.6100000000	0.0718018353
1507.6200000000	0.0714421349
1507.6300000000	0.0711161225
1507.6400000000	0.0710380991
1507.6500000000	0.0711475428
1507.6600000000	0.0713673492
1507.6700000000	0.0717513285
1507.6800000000	0.0722824601
1507.6900000000	0.0725320065
1507.7000000000	0.0726828439
1507.7100000000	0.0726323650
1507.7200000000	0.0723458208
1507.7300000000	0.0719794259
1507.7400000000	0.0713353398
1507.7500000000	0.0706179846
1507.7600000000	0.0697173325
1507.7700000000	0.0687798101
1507.7800000000	0.0678664903
1507.7900000000	0.0670488983
1507.8000000000	0.0663528501
1507.8100000000	0.0662191765
1507.8200000000	0.0661483359
1507.8300000000	0.0663664759
1507.8400000000	0.0668879573
1507.8500000000	0.0677832857
1507.8600000000	0.0685556731
1507.8700000000	0.0693342499
1507.8800000000	0.0698778505
1507.8900000000	0.0703746870
1507.9000000000	0.0706004689
1507.9100000000	0.0705952981
1507.9200000000	0.0702982484
1507.9300000000	0.0698224285
1507.9400000000	0.0691582498
1507.9500000000	0.0683907914
1507.9600000000	0.0675554129
1507.9700000000	0.0666902799
1507.9800000000	0.0661027994
1507.9900000000	0.0658514435
1508.0000000000	0.0659134396
1508.0100000000	0.0664004054
1508.0200000000	0.0671288686
1508.0300000000	0.0679982469
1508.0400000000	0.0689940516
1508.0500000000	0.0698287833
1508.0600000000	0.0704863518
1508.0700000000	0.0710219759
1508.0800000000	0.0712673603
1508.0900000000	0.0714987100
1508.1000000000	0.0713879423
1508.1100000000	0.0710023451
1508.1200000000	0.0705115889
1508.1300000000	0.0698834249
1508.1400000000	0.0691178395
1508.1500000000	0.0683207181
1508.1600000000	0.0679563165
1508.1700000000	0.0678832869
1508.1800000000	0.0681820681
1508.1900000000	0.0688516176
1508.2000000000	0.0697892267
1508.2100000000	0.0710070468
1508.2200000000	0.0722711120
1508.2300000000	0.0734694549
1508.2400000000	0.0744099241
1508.2500000000	0.0750827327
1508.2600000000	0.0754453659
1508.2700000000	0.0756027312
1508.2800000000	0.0756466994
1508.2900000000	0.0754106510
1508.3000000000	0.0749935207
1508.3100000000	0.0743526827
1508.3200000000	0.0738507242
1508.3300000000	0.0736100718
1508.3400000000	0.0733694055
1508.3500000000	0.0734337082
1508.3600000000	0.0739943615
1508.3700000000	0.0748207762
1508.3800000000	0.0759216105
1508.3900000000	0.0773469122
1508.4000000000	0.0787714415
1508.4100000000	0.0800314297
1508.4200000000	0.0811695086
1508.4300000000	0.0820891462
1508.4400000000	0.0824328576
1508.4500000000	0.0822283234
1508.4600000000	0.0815744410
1508.4700000000	0.0806134076
1508.4800000000	0.0794362760
1508.4900000000	0.0780589945
1508.5000000000	0.0767463147
1508.5100000000	0.0757507725
1508.5200000000	0.0749326125
1508.5300000000	0.0744811208
1508.5400000000	0.0744911304
1508.5500000000	0.0748308257
1508.5600000000	0.0757276616
1508.5700000000	0.0769096434
1508.5800000000	0.0782806752
1508.5900000000	0.0796742459
1508.6000000000	0.0810370424
1508.6100000000	0.0821937152
1508.6200000000	0.0828958551
1508.6300000000	0.0833442592
1508.6400000000	0.0835468028
1508.6500000000	0.0832663645
1508.6600000000	0.0825583490
1508.6700000000	0.0813567434
1508.6800000000	0.0801245795
1508.6900000000	0.0789177023
1508.7000000000	0.0779069963
1508.7100000000	0.0771763144
1508.7200000000	0.0768757574
1508.7300000000	0.0769571775
1508.7400000000	0.0772731396
1508.7500000000	0.0779410659
1508.7600000000	0.0787126938
1508.7700000000	0.0793355185
1508.7800000000	0.0796320467
1508.7900000000	0.0797981193
1508.8000000000	0.0797596920
1508.8100000000	0.0795491879
1508.8200000000	0.0790901715
1508.8300000000	0.0784206386
1508.8400000000	0.0775029905
1508.8500000000	0.0764621608
1508.8600000000	0.0754052418
1508.8700000000	0.0744921958
1508.8800000000	0.0737554947
1508.8900000000	0.0734444344
1508.9000000000	0.0735823713
1508.9100000000	0.0740571863
1508.9200000000	0.0749211118
1508.9300000000	0.0759454961
1508.9400000000	0.0768713009
1508.9500000000	0.0778053141
1508.9600000000	0.0786716517
1508.9700000000	0.0792515833
1508.9800000000	0.0796720772
1508.9900000000	0.0798207392
1509.0000000000	0.0796883234
1509.0100000000	0.0793148775
1509.0200000000	0.0787502157
1509.0300000000	0.0780869787
1509.0400000000	0.0774465254
1509.0500000000	0.0769057313
1509.0600000000	0.0764532942
1509.0700000000	0.0762777752
1509.0800000000	0.0764185735
1509.0900000000	0.0768414480
1509.1000000000	0.0776849115
1509.1100000000	0.0788247066
1509.1200000000	0.0800422610
1509.1300000000	0.0810626794
1509.1400000000	0.0821098031
1509.1500000000	0.0828275546
1509.1600000000	0.0834145030
1509.1700000000	0.0835849152
1509.1800000000	0.0833082160
1509.1900000000	0.0826710898
1509.2000000000	0.0816140272
1509.2100000000	0.0802644554
1509.2200000000	0.0788563241
1509.2300000000	0.0776206265
1509.2400000000	0.0766402212
1509.2500000000	0.0758128495
1509.2600000000	0.0752568594
1509.2700000000	0.0751918401
1509.2800000000	0.0754188234
1509.2900000000	0.0759251218
1509.3000000000	0.0766423969
1509.3100000000	0.0772494793
1509.3200000000	0.0777594116
1509.3300000000	0.0780902231
1509.3400000000	0.0782660685
1509.3500000000	0.0782559539
1509.3600000000	0.0779792522
1509.3700000000	0.0775423002
1509.3800000000	0.0768435382
1509.3900000000	0.0759603984
1509.4000000000	0.0752423509
1509.4100000000	0.0744578588
1509.4200000000	0.0738635466
1509.4300000000	0.0733928986
1509.4400000000	0.0733450903
1509.4500000000	0.0737116729
1509.4600000000	0.0742532121
1509.4700000000	0.0749632293
1509.4800000000	0.0757381218
1509.4900000000	0.0764889781
1509.5000000000	0.0773124088
1509.5100000000	0.0780530512
1509.5200000000	0.0785091310
1509.5300000000	0.0788356493
1509.5400000000	0.0788019888
1509.5500000000	0.0784967713
1509.5600000000	0.0780822129
1509.5700000000	0.0773745342
1509.5800000000	0.0765582111
1509.5900000000	0.0758331929
1509.6000000000	0.0751857078
1509.6100000000	0.0747123873
1509.6200000000	0.0746458386
1509.6300000000	0.0749290502
1509.6400000000	0.0752836699
1509.6500000000	0.0759291226
1509.6600000000	0.0766322653
1509.6700000000	0.0770901368
1509.6800000000	0.0777389991
1509.6900000000	0.0783581281
1509.7000000000	0.0788143097
1509.7100000000	0.0794412855
1509.7200000000	0.0797421407
1509.7300000000	0.0796679745
1509.7400000000	0.0793590531
1509.7500000000	0.0788486230
1509.7600000000	0.0782213152
1509.7700000000	0.0775616383
1509.7800000000	0.0768662015
1509.7900000000	0.0763826538
1509.8000000000	0.0762226070
1509.8100000000	0.0760693656
1509.8200000000	0.0760868006
1509.8300000000	0.0762586981
1509.8400000000	0.0764306042
1509.8500000000	0.0765980312
1509.8600000000	0.0767199640
1509.8700000000	0.0766810425
1509.8800000000	0.0766216271
1509.8900000000	0.0766502292
1509.9000000000	0.0761850363
1509.9100000000	0.0757220259
1509.9200000000	0.0753037006
1509.9300000000	0.0747096861
1509.9400000000	0.0742374265
1509.9500000000	0.0737364739
1509.9600000000	0.0733001864
1509.9700000000	0.0732522608
1509.9800000000	0.0733769979
1509.9900000000	0.0736496679
1510.0000000000	0.0741390580
1510.0100000000	0.0745539118
1510.0200000000	0.0749286197
1510.0300000000	0.0753405210
1510.0400000000	0.0755564847
1510.0500000000	0.0756848471
1510.0600000000	0.0758400963
1510.0700000000	0.0757308061
1510.0800000000	0.0755705772
1510.0900000000	0.0754267970
1510.1000000000	0.0748035975
1510.1100000000	0.0741607196
1510.1200000000	0.0737172102
1510.1300000000	0.0730617045
1510.1400000000	0.0726534618
1510.1500000000	0.0726947619
1510.1600000000	0.0728393143
1510.1700000000	0.0734949418
1510.1800000000	0.0746720619
1510.1900000000	0.0757562516
1510.2000000000	0.0771580071
1510.2100000000	0.0782918369
1510.2200000000	0.0791461158
1510.2300000000	0.0801178134
1510.2400000000	0.0808076798
1510.2500000000	0.0812760021
1510.2600000000	0.0816924127
1510.2700000000	0.0817274371
1510.2800000000	0.0816443869
1510.2900000000	0.0814461421
1510.3000000000	0.0809631440
1510.3100000000	0.0806204916
1510.3200000000	0.0805976488
1510.3300000000	0.0805231612
1510.3400000000	0.0806020836
1510.3500000000	0.0808455327
1510.3600000000	0.0810293768
1510.3700000000	0.0814166539
1510.3800000000	0.0817288965
1510.3900000000	0.0817296188
1510.4000000000	0.0817646505
1510.4100000000	0.0817625053
1510.4200000000	0.0816875558
1510.4300000000	0.0815011985
1510.4400000000	0.0812864237
1510.4500000000	0.0809065241
1510.4600000000	0.0806319152
1510.4700000000	0.0801357666
1510.4800000000	0.0796507211
1510.4900000000	0.0793270316
1510.5000000000	0.0789912764
1510.5100000000	0.0789385382
1510.5200000000	0.0792672162
1510.5300000000	0.0797836783
1510.5400000000	0.0802203117
1510.5500000000	0.0806094904
1510.5600000000	0.0810134431
1510.5700000000	0.0813170227
1510.5800000000	0.0813641906
1510.5900000000	0.0813192426
1510.6000000000	0.0812131984
1510.6100000000	0.0810590883
1510.6200000000	0.0806827034
1510.6300000000	0.0802185145
1510.6400000000	0.0797809569
1510.6500000000	0.0792120953
1510.6600000000	0.0787513715
1510.6700000000	0.0784213631
1510.6800000000	0.0780709213
1510.6900000000	0.0779204314
1510.7000000000	0.0781413324
1510.7100000000	0.0784206057
1510.7200000000	0.0788528452
1510.7300000000	0.0794469658
1510.7400000000	0.0797800693
1510.7500000000	0.0800883726
1510.7600000000	0.0803163906
1510.7700000000	0.0803447107
1510.7800000000	0.0801815131
1510.7900000000	0.0798041341
1510.8000000000	0.0792979024
1510.8100000000	0.0786051022
1510.8200000000	0.0778365948
1510.8300000000	0.0769677775
1510.8400000000	0.0761089854
1510.8500000000	0.0754072567
1510.8600000000	0.0747385954
1510.8700000000	0.0742531778
1510.8800000000	0.0740523762
1510.8900000000	0.0740415417
1510.9000000000	0.0741433866
1510.9100000000	0.0743186356
1510.9200000000	0.0743948479
1510.9300000000	0.0743654880
1510.9400000000	0.0744305603
1510.9500000000	0.0742534035
1510.9600000000	0.0739844862
1510.9700000000	0.0736406232
1510.9800000000	0.0730534943
1510.9900000000	0.0725524442
1511.0000000000	0.0720201380
1511.0100000000	0.0714537206
1511.0200000000	0.0708907470
1511.0300000000	0.0703819955
1511.0400000000	0.0701247186
1511.0500000000	0.0702843914
1511.0600000000	0.0707401508
1511.0700000000	0.0713525511
1511.0800000000	0.0721548725
1511.0900000000	0.0729902749
1511.1000000000	0.0737314341
1511.1100000000	0.0745735728
1511.1200000000	0.0754078201
1511.1300000000	0.0760423951
1511.1400000000	0.0766817050
1511.1500000000	0.0771950786
1511.1600000000	0.0774750949
1511.1700000000	0.0775405354
1511.1800000000	0.0775759850
1511.1900000000	0.0774519719
1511.2000000000	0.0772652140
1511.2100000000	0.0770035702
1511.2200000000	0.0768537949
1511.2300000000	0.0771489829
1511.2400000000	0.0775065050
1511.2500000000	0.0781447107
1511.2600000000	0.0789132717
1511.2700000000	0.0797493681
1511.2800000000	0.0805976114
1511.2900000000	0.0813670122
1511.3000000000	0.0822103806
1511.3100000000	0.0829490927
1511.3200000000	0.0837406493
1511.3300000000	0.0844574013
1511.3400000000	0.0849819307
1511.3500000000	0.0855608853
1511.3600000000	0.0858703094
1511.3700000000	0.0860449545
1511.3800000000	0.0859583197
1511.3900000000	0.0858524259
1511.4000000000	0.0858722499
1511.4100000000	0.0860011061
1511.4200000000	0.0860195141
1511.4300000000	0.0860505732
1511.4400000000	0.0862419170
1511.4500000000	0.0863640678
1511.4600000000	0.0862826785
1511.4700000000	0.0863346804
1511.4800000000	0.0860701665
1511.4900000000	0.0858451670
1511.5000000000	0.0852990552
1511.5100000000	0.0847605844
1511.5200000000	0.0840104354
1511.5300000000	0.0833303785
1511.5400000000	0.0825781726
1511.5500000000	0.0816931424
1511.5600000000	0.0806415240
1511.5700000000	0.0798225462
1511.5800000000	0.0791113442
1511.5900000000	0.0785427142
1511.6000000000	0.0781255685
1511.6100000000	0.0778872054
1511.6200000000	0.0777124078
1511.6300000000	0.0775594099
1511.6400000000	0.0773638219
1511.6500000000	0.0772449151
1511.6600000000	0.0770942267
1511.6700000000	0.0768361660
1511.6800000000	0.0766798342
1511.6900000000	0.0764664545
1511.7000000000	0.0762955501
1511.7100000000	0.0760548310
1511.7200000000	0.0757177524
1511.7300000000	0.0751911415
1511.7400000000	0.0746981307
1511.7500000000	0.0743557562
1511.7600000000	0.0738305782
1511.7700000000	0.0735019659
1511.7800000000	0.0734475705
1511.7900000000	0.0732416538
1511.8000000000	0.0731148236
1511.8100000000	0.0728959089
1511.8200000000	0.0726932025
1511.8300000000	0.0725475115
1511.8400000000	0.0723236180
1511.8500000000	0.0722902030
1511.8600000000	0.0722234235
1511.8700000000	0.0724394267
1511.8800000000	0.0727405982
1511.8900000000	0.0729345092
1511.9000000000	0.0729688909
1511.9100000000	0.0729688909
1511.9200000000	0.0729957949
1511.9300000000	0.0730850916
1511.9400000000	0.0732996159
1511.9500000000	0.0737768813
1511.9600000000	0.0744735508
1511.9700000000	0.0751455659
1511.9800000000	0.0757467324
1511.9900000000	0.0762058275
1512.0000000000	0.0764172728
1512.0100000000	0.0765020772
1512.0200000000	0.0764757794
1512.0300000000	0.0762735343
1512.0400000000	0.0760232422
1512.0500000000	0.0758064201
1512.0600000000	0.0756916899
1512.0700000000	0.0755556321
1512.0800000000	0.0753555469
1512.0900000000	0.0750595324
1512.1000000000	0.0748927923
1512.1100000000	0.0748095843
1512.1200000000	0.0747413142
1512.1300000000	0.0747930888
1512.1400000000	0.0749643004
1512.1500000000	0.0752255185
1512.1600000000	0.0756370285
1512.1700000000	0.0760652057
1512.1800000000	0.0764933169
1512.1900000000	0.0768840728
1512.2000000000	0.0773131366
1512.2100000000	0.0776384398
1512.2200000000	0.0779976954
1512.2300000000	0.0784432240
1512.2400000000	0.0786166847
1512.2500000000	0.0788817982
1512.2600000000	0.0791305765
1512.2700000000	0.0792338278
1512.2800000000	0.0792868217
1512.2900000000	0.0791902858
1512.3000000000	0.0791688319
1512.3100000000	0.0789615869
1512.3200000000	0.0788134235
1512.3300000000	0.0785956800
1512.3400000000	0.0783498693
1512.3500000000	0.0781426957
1512.3600000000	0.0776080284
1512.3700000000	0.0772321082
1512.3800000000	0.0766292776
1512.3900000000	0.0758065408
1512.4000000000	0.0753543611
1512.4100000000	0.0749368523
1512.4200000000	0.0746264950
1512.4300000000	0.0745191030
1512.4400000000	0.0745063589
1512.4500000000	0.0743930788
1512.4600000000	0.0743913088
1512.4700000000	0.0744281469
1512.4800000000	0.0745582964
1512.4900000000	0.0749991077
1512.5000000000	0.0753816168
1512.5100000000	0.0758664578
1512.5200000000	0.0762629667
1512.5300000000	0.0762618712
1512.5400000000	0.0761627728
1512.5500000000	0.0757939002
1512.5600000000	0.0749609618
1512.5700000000	0.0740599622
1512.5800000000	0.0730112132
1512.5900000000	0.0719650394
1512.6000000000	0.0709104102
1512.6100000000	0.0700284491
1512.6200000000	0.0691226520
1512.6300000000	0.0684323176
1512.6400000000	0.0678501726
1512.6500000000	0.0674383945
1512.6600000000	0.0674379214
1512.6700000000	0.0677128814
1512.6800000000	0.0681787823
1512.6900000000	0.0689411890
1512.7000000000	0.0697429731
1512.7100000000	0.0705576495
1512.7200000000	0.0713453734
1512.7300000000	0.0719563193
1512.7400000000	0.0723804096
1512.7500000000	0.0726798950
1512.7600000000	0.0728236485
1512.7700000000	0.0727222839
1512.7800000000	0.0727843276
1512.7900000000	0.0726928537
1512.8000000000	0.0724162991
1512.8100000000	0.0722502053
1512.8200000000	0.0722144866
1512.8300000000	0.0722013886
1512.8400000000	0.0724222861
1512.8500000000	0.0727458570
1512.8600000000	0.0731552254
1512.8700000000	0.0738737586
1512.8800000000	0.0744238490
1512.8900000000	0.0751423823
1512.9000000000	0.0758966825
1512.9100000000	0.0764923911
1512.9200000000	0.0770324544
1512.9300000000	0.0774751152
1512.9400000000	0.0778058439
1512.9500000000	0.0780289504
1512.9600000000	0.0782741019
1512.9700000000	0.0783614776
1512.9800000000	0.0782052324
1512.9900000000	0.0781545301
1513.0000000000	0.0780438542
1513.0100000000	0.0779520227
1513.0200000000	0.0781516062
1513.0300000000	0.0784426091
1513.0400000000	0.0788005535
1513.0500000000	0.0791899318
1513.0600000000	0.0795514760
1513.0700000000	0.0799732428
1513.0800000000	0.0802271825
1513.0900000000	0.0802578288
1513.1000000000	0.0804574539
1513.1100000000	0.0805373956
1513.1200000000	0.0803718541
1513.1300000000	0.0803374242
1513.1400000000	0.0803946969
1513.1500000000	0.0802860503
1513.1600000000	0.0801719262
1513.1700000000	0.0798179847
1513.1800000000	0.0794828209
1513.1900000000	0.0793161400
1513.2000000000	0.0792667499
1513.2100000000	0.0793232908
1513.2200000000	0.0794870444
1513.2300000000	0.0796112744
1513.2400000000	0.0799053814
1513.2500000000	0.0800814751
1513.2600000000	0.0800279792
1513.2700000000	0.0798649324
1513.2800000000	0.0796178871
1513.2900000000	0.0794199785
1513.3000000000	0.0792964421
1513.3100000000	0.0791121394
1513.3200000000	0.0789278291
1513.3300000000	0.0787007680
1513.3400000000	0.0783553099
1513.3500000000	0.0779890433
1513.3600000000	0.0776851634
1513.3700000000	0.0774836590
1513.3800000000	0.0772074395
1513.3900000000	0.0773464400
1513.4000000000	0.0774865294
1513.4100000000	0.0776380818
1513.4200000000	0.0779760488
1513.4300000000	0.0780049952
1513.4400000000	0.0779012903
1513.4500000000	0.0778415982
1513.4600000000	0.0774120096
1513.4700000000	0.0770003692
1513.4800000000	0.0768818874
1513.4900000000	0.0766994668
1513.5000000000	0.0765613345
1513.5100000000	0.0766441333
1513.5200000000	0.0765786626
1513.5300000000	0.0765165478
1513.5400000000	0.0765915937
1513.5500000000	0.0765684704
1513.5600000000	0.0767103019
1513.5700000000	0.0770081478
1513.5800000000	0.0773756255
1513.5900000000	0.0778258673
1513.6000000000	0.0782422332
1513.6100000000	0.0785441854
1513.6200000000	0.0786385435
1513.6300000000	0.0786023127
1513.6400000000	0.0781963576
1513.6500000000	0.0777335947
1513.6600000000	0.0772038915
1513.6700000000	0.0765509657
1513.6800000000	0.0759310921
1513.6900000000	0.0753805373
1513.7000000000	0.0747230066
1513.7100000000	0.0740475585
1513.7200000000	0.0733105010
1513.7300000000	0.0727787778
1513.7400000000	0.0722126441
1513.7500000000	0.0716748535
1513.7600000000	0.0711522938
1513.7700000000	0.0707079414
1513.7800000000	0.0703072258
1513.7900000000	0.0698252328
1513.8000000000	0.0692305220
1513.8100000000	0.0685163107
1513.8200000000	0.0677522811
1513.8300000000	0.0669167773
1513.8400000000	0.0662148119
1513.8500000000	0.0655135687
1513.8600000000	0.0649442153
1513.8700000000	0.0645205497
1513.8800000000	0.0641549002
1513.8900000000	0.0638243315
1513.9000000000	0.0635595620
1513.9100000000	0.0634164740
1513.9200000000	0.0632828116
1513.9300000000	0.0633578951
1513.9400000000	0.0635082074
1513.9500000000	0.0637971437
1513.9600000000	0.0640835510
1513.9700000000	0.0643305802
1513.9800000000	0.0645016216
1513.9900000000	0.0645468532
1514.0000000000	0.0643898757
1514.0100000000	0.0642200439
1514.0200000000	0.0640997990
1514.0300000000	0.0639844813
1514.0400000000	0.0639376310
1514.0500000000	0.0638654006
1514.0600000000	0.0638379530
1514.0700000000	0.0638520453
1514.0800000000	0.0637798075
1514.0900000000	0.0638430091
1514.1000000000	0.0640823469
1514.1100000000	0.0644041474
1514.1200000000	0.0647273230
1514.1300000000	0.0651825137
1514.1400000000	0.0656500807
1514.1500000000	0.0660571408
1514.1600000000	0.0663981918
1514.1700000000	0.0664614490
1514.1800000000	0.0664585887
1514.1900000000	0.0663884963
1514.2000000000	0.0663470353
1514.2100000000	0.0662111561
1514.2200000000	0.0662111561
1514.2300000000	0.0662034945
1514.2400000000	0.0661006104
1514.2500000000	0.0660320193
1514.2600000000	0.0657071975
1514.2700000000	0.0654468959
1514.2800000000	0.0653805038
1514.2900000000	0.0654033129
1514.3000000000	0.0655872333
1514.3100000000	0.0658337422
1514.3200000000	0.0662183115
1514.3300000000	0.0665300968
1514.3400000000	0.0667693765
1514.3500000000	0.0669988579
1514.3600000000	0.0670820518
1514.3700000000	0.0671050366
1514.3800000000	0.0671558274
1514.3900000000	0.0672689698
1514.4000000000	0.0673195755
1514.4100000000	0.0673323930
1514.4200000000	0.0674053122
1514.4300000000	0.0674875112
1514.4400000000	0.0674326750
1514.4500000000	0.0674690924
1514.4600000000	0.0674983457
1514.4700000000	0.0674919737
1514.4800000000	0.0674869044
1514.4900000000	0.0676236619
1514.5000000000	0.0677377450
1514.5100000000	0.0678835814
1514.5200000000	0.0679270203
1514.5300000000	0.0678259136
1514.5400000000	0.0676541139
1514.5500000000	0.0674186956
1514.5600000000	0.0672566419
1514.5700000000	0.0671298166
1514.5800000000	0.0671163465
1514.5900000000	0.0672097186
1514.6000000000	0.0673005965
1514.6100000000	0.0674100551
1514.6200000000	0.0676175329
1514.6300000000	0.0678285005
1514.6400000000	0.0679411091
1514.6500000000	0.0681248957
1514.6600000000	0.0684451595
1514.6700000000	0.0688153883
1514.6800000000	0.0691283563
1514.6900000000	0.0694270198
1514.7000000000	0.0696229120
1514.7100000000	0.0696903879
1514.7200000000	0.0694945529
1514.7300000000	0.0691495244
1514.7400000000	0.0686650987
1514.7500000000	0.0682887249
1514.7600000000	0.0678863824
1514.7700000000	0.0673549489
1514.7800000000	0.0666829814
1514.7900000000	0.0659855684
1514.8000000000	0.0653329666
1514.8100000000	0.0646368220
1514.8200000000	0.0639109074
1514.8300000000	0.0632662281
1514.8400000000	0.0628451674
1514.8500000000	0.0624222010
1514.8600000000	0.0620186044
1514.8700000000	0.0617074097
1514.8800000000	0.0613357086
1514.8900000000	0.0609055835
1514.9000000000	0.0604275885
1514.9100000000	0.0600713884
1514.9200000000	0.0598521418
1514.9300000000	0.0597915816
1514.9400000000	0.0598744726
1514.9500000000	0.0600362046
1514.9600000000	0.0602568257
1514.9700000000	0.0605231718
1514.9800000000	0.0609022338
1514.9900000000	0.0612148223
1515.0000000000	0.0615132894
1515.0100000000	0.0618558278
1515.0200000000	0.0622354193
1515.0300000000	0.0626091125
1515.0400000000	0.0629658998
1515.0500000000	0.0632335927
1515.0600000000	0.0633309203
1515.0700000000	0.0631787000
1515.0800000000	0.0628353117
1515.0900000000	0.0624292587
1515.1000000000	0.0621493714
1515.1100000000	0.0618945355
1515.1200000000	0.0615712136
1515.1300000000	0.0613820678
1515.1400000000	0.0613130391
1515.1500000000	0.0612769509
1515.1600000000	0.0613170489
1515.1700000000	0.0614176060
1515.1800000000	0.0615783615
1515.1900000000	0.0619205424
1515.2000000000	0.0623267231
1515.2100000000	0.0628058420
1515.2200000000	0.0634236867
1515.2300000000	0.0640654940
1515.2400000000	0.0646368614
1515.2500000000	0.0649818919
1515.2600000000	0.0651590449
1515.2700000000	0.0652351173
1515.2800000000	0.0653111898
1515.2900000000	0.0653360935
1515.3000000000	0.0652457675
1515.3100000000	0.0652627595
1515.3200000000	0.0653705491
1515.3300000000	0.0654063103
1515.3400000000	0.0654422488
1515.3500000000	0.0654785482
1515.3600000000	0.0655711800
1515.3700000000	0.0657156409
1515.3800000000	0.0658006575
1515.3900000000	0.0659038012
1515.4000000000	0.0659966317
1515.4100000000	0.0659821926
1515.4200000000	0.0658832350
1515.4300000000	0.0656002534
1515.4400000000	0.0651467523
1515.4500000000	0.0646828786
1515.4600000000	0.0642832653
1515.4700000000	0.0639286612
1515.4800000000	0.0636646000
1515.4900000000	0.0636534043
1515.5000000000	0.0637863118
1515.5100000000	0.0641121889
1515.5200000000	0.0644786553
1515.5300000000	0.0649683922
1515.5400000000	0.0655515877
1515.5500000000	0.0662495781
1515.5600000000	0.0669566934
1515.5700000000	0.0677971888
1515.5800000000	0.0686417900
1515.5900000000	0.0691748651
1515.6000000000	0.0694941303
1515.6100000000	0.0694688497
1515.6200000000	0.0691974285
1515.6300000000	0.0687311811
1515.6400000000	0.0680432504
1515.6500000000	0.0673724833
1515.6600000000	0.0667527854
1515.6700000000	0.0661555403
1515.6800000000	0.0656192079
1515.6900000000	0.0651532036
1515.7000000000	0.0647982855
1515.7100000000	0.0645999909
1515.7200000000	0.0645151423
1515.7300000000	0.0646083195
1515.7400000000	0.0648356372
1515.7500000000	0.0652759170
1515.7600000000	0.0657849008
1515.7700000000	0.0663457630
1515.7800000000	0.0668509026
1515.7900000000	0.0670915808
1515.8000000000	0.0671131101
1515.8100000000	0.0669700939
1515.8200000000	0.0666794861
1515.8300000000	0.0662972513
1515.8400000000	0.0658157519
1515.8500000000	0.0652850352
1515.8600000000	0.0647990199
1515.8700000000	0.0642417076
1515.8800000000	0.0636666409
1515.8900000000	0.0632613592
1515.9000000000	0.0629300425
1515.9100000000	0.0627135056
1515.9200000000	0.0627084934
1515.9300000000	0.0628588650
1515.9400000000	0.0631533959
1515.9500000000	0.0635316208
1515.9600000000	0.0638488619
1515.9700000000	0.0640002933
1515.9800000000	0.0640246810
1515.9900000000	0.0639428460
1516.0000000000	0.0636205371
1516.0100000000	0.0633021188
1516.0200000000	0.0629871153
1516.0300000000	0.0625404264
1516.0400000000	0.0621358337
1516.0500000000	0.0617568173
1516.0600000000	0.0614122265
1516.0700000000	0.0611629785
1516.0800000000	0.0608928567
1516.0900000000	0.0606868028
1516.1000000000	0.0608208829
1516.1100000000	0.0610733571
1516.1200000000	0.0615170159
1516.1300000000	0.0621160998
1516.1400000000	0.0625352561
1516.1500000000	0.0628831846
1516.1600000000	0.0631898511
1516.1700000000	0.0633644959
1516.1800000000	0.0634222524
1516.1900000000	0.0634097722
1516.2000000000	0.0633237601
1516.2100000000	0.0631551089
1516.2200000000	0.0631212616
1516.2300000000	0.0632001439
1516.2400000000	0.0632121061
1516.2500000000	0.0634114214
1516.2600000000	0.0636457298
1516.2700000000	0.0638881568
1516.2800000000	0.0643297232
1516.2900000000	0.0648131326
1516.3000000000	0.0653999409
1516.3100000000	0.0661304263
1516.3200000000	0.0666302235
1516.3300000000	0.0669262590
1516.3400000000	0.0671779468
1516.3500000000	0.0671586677
1516.3600000000	0.0671393885
1516.3700000000	0.0670282705
1516.3800000000	0.0666759813
1516.3900000000	0.0663783773
1516.4000000000	0.0661808193
1516.4100000000	0.0660161340
1516.4200000000	0.0659281310
1516.4300000000	0.0659314725
1516.4400000000	0.0659966317
1516.4500000000	0.0660721875
1516.4600000000	0.0663691922
1516.4700000000	0.0667616447
1516.4800000000	0.0671819109
1516.4900000000	0.0676506611
1516.5000000000	0.0678651969
1516.5100000000	0.0680421051
1516.5200000000	0.0679989142
1516.5300000000	0.0676342112
1516.5400000000	0.0671826388
1516.5500000000	0.0664682915
1516.5600000000	0.0656938535
1516.5700000000	0.0649566862
1516.5800000000	0.0642317551
1516.5900000000	0.0636488210
1516.6000000000	0.0631866269
1516.6100000000	0.0627218097
1516.6200000000	0.0624097998
1516.6300000000	0.0622845943
1516.6400000000	0.0622737155
1516.6500000000	0.0625576323
1516.6600000000	0.0629439498
1516.6700000000	0.0632667560
1516.6800000000	0.0635703333
1516.6900000000	0.0637692516
1516.7000000000	0.0637075984
1516.7100000000	0.0636093683
1516.7200000000	0.0635631770
1516.7300000000	0.0632126328
1516.7400000000	0.0628971228
1516.7500000000	0.0627136548
1516.7600000000	0.0623868003
1516.7700000000	0.0622206704
1516.7800000000	0.0621118525
1516.7900000000	0.0620099236
1516.8000000000	0.0620079005
1516.8100000000	0.0621807835
1516.8200000000	0.0623783523
1516.8300000000	0.0627550711
1516.8400000000	0.0632398338
1516.8500000000	0.0636330971
1516.8600000000	0.0639603721
1516.8700000000	0.0642010827
1516.8800000000	0.0642803789
1516.8900000000	0.0641859882
1516.9000000000	0.0638633599
1516.9100000000	0.0634792549
1516.9200000000	0.0631498004
1516.9300000000	0.0627729948
1516.9400000000	0.0624682249
1516.9500000000	0.0623024865
1516.9600000000	0.0622420053
1516.9700000000	0.0621217086
1516.9800000000	0.0620682027
1516.9900000000	0.0621227855
1517.0000000000	0.0623381624
1517.0100000000	0.0627672256
1517.0200000000	0.0632147407
1517.0300000000	0.0637713965
1517.0400000000	0.0642764863
1517.0500000000	0.0645885093
1517.0600000000	0.0648167043
1517.0700000000	0.0647705700
1517.0800000000	0.0644037957
1517.0900000000	0.0637936433
1517.1000000000	0.0631061813
1517.1100000000	0.0624165119
1517.1200000000	0.0617685786
1517.1300000000	0.0612697950
1517.1400000000	0.0609024216
1517.1500000000	0.0607143519
1517.1600000000	0.0606828322
1517.1700000000	0.0607893810
1517.1800000000	0.0611487669
1517.1900000000	0.0618024774
1517.2000000000	0.0626025861
1517.2100000000	0.0633858298
1517.2200000000	0.0641859905
1517.2300000000	0.0648967957
1517.2400000000	0.0653573225
1517.2500000000	0.0655618479
1517.2600000000	0.0654913631
1517.2700000000	0.0651955648
1517.2800000000	0.0646651044
1517.2900000000	0.0640528504
1517.3000000000	0.0635713661
1517.3100000000	0.0630673705
1517.3200000000	0.0627314999
1517.3300000000	0.0625934227
1517.3400000000	0.0625745009
1517.3500000000	0.0627288259
1517.3600000000	0.0631018879
1517.3700000000	0.0636897056
1517.3800000000	0.0642525766
1517.3900000000	0.0649532330
1517.4000000000	0.0658424120
1517.4100000000	0.0665542644
1517.4200000000	0.0670197769
1517.4300000000	0.0673803143
1517.4400000000	0.0675633219
1517.4500000000	0.0673570599
1517.4600000000	0.0669232543
1517.4700000000	0.0663525088
1517.4800000000	0.0656908672
1517.4900000000	0.0650603124
1517.5000000000	0.0644602454
1517.5100000000	0.0638849018
1517.5200000000	0.0633489374
1517.5300000000	0.0629086796
1517.5400000000	0.0627963649
1517.5500000000	0.0629896151
1517.5600000000	0.0633436656
1517.5700000000	0.0636739767
1517.5800000000	0.0641231379
1517.5900000000	0.0643634205
1517.6000000000	0.0644403144
1517.6100000000	0.0644503168
1517.6200000000	0.0641734655
1517.6300000000	0.0636406803
1517.6400000000	0.0629546079
1517.6500000000	0.0621166598
1517.6600000000	0.0612971707
1517.6700000000	0.0604928403
1517.6800000000	0.0598229041
1517.6900000000	0.0593676211
1517.7000000000	0.0590169473
1517.7100000000	0.0587174129
1517.7200000000	0.0585818173
1517.7300000000	0.0587099944
1517.7400000000	0.0589934118
1517.7500000000	0.0594042760
1517.7600000000	0.0598441648
1517.7700000000	0.0602422542
1517.7800000000	0.0605836540
1517.7900000000	0.0607599327
1517.8000000000	0.0606637509
1517.8100000000	0.0604520724
1517.8200000000	0.0600451187
1517.8300000000	0.0593992234
1517.8400000000	0.0588183004
1517.8500000000	0.0581175607
1517.8600000000	0.0574539753
1517.8700000000	0.0569246330
1517.8800000000	0.0565480592
1517.8900000000	0.0564142392
1517.9000000000	0.0565442606
1517.9100000000	0.0569688133
1517.9200000000	0.0576364211
1517.9300000000	0.0585010485
1517.9400000000	0.0593802244
1517.9500000000	0.0601940826
1517.9600000000	0.0609500476
1517.9700000000	0.0615153161
1517.9800000000	0.0619307580
1517.9900000000	0.0621861545
1518.0000000000	0.0623223605
1518.0100000000	0.0621912602
1518.0200000000	0.0621028856
1518.0300000000	0.0621136234
1518.0400000000	0.0619026614
1518.0500000000	0.0617203143
1518.0600000000	0.0615161713
1518.0700000000	0.0614199671
1518.0800000000	0.0614420830
1518.0900000000	0.0616352238
1518.1000000000	0.0620842574
1518.1100000000	0.0626770374
1518.1200000000	0.0631607954
1518.1300000000	0.0636830834
1518.1400000000	0.0640290082
1518.1500000000	0.0641373626
1518.1600000000	0.0640781277
1518.1700000000	0.0638274796
1518.1800000000	0.0633146420
1518.1900000000	0.0625767479
1518.2000000000	0.0617627944
1518.2100000000	0.0609137913
1518.2200000000	0.0599688534
1518.2300000000	0.0590992924
1518.2400000000	0.0583308610
1518.2500000000	0.0578485433
1518.2600000000	0.0575036851
1518.2700000000	0.0573851026
1518.2800000000	0.0574650143
1518.2900000000	0.0577638189
1518.3000000000	0.0580975731
1518.3100000000	0.0584594440
1518.3200000000	0.0588236426
1518.3300000000	0.0590583390
1518.3400000000	0.0591957589
1518.3500000000	0.0590414681
1518.3600000000	0.0585614929
1518.3700000000	0.0579727011
1518.3800000000	0.0573438811
1518.3900000000	0.0566935606
1518.4000000000	0.0560545886
1518.4100000000	0.0554612486
1518.4200000000	0.0548286138
1518.4300000000	0.0544173712
1518.4400000000	0.0542871795
1518.4500000000	0.0543050529
1518.4600000000	0.0544767859
1518.4700000000	0.0548323352
1518.4800000000	0.0552630682
1518.4900000000	0.0556707449
1518.5000000000	0.0561776348
1518.5100000000	0.0566586310
1518.5200000000	0.0569337417
1518.5300000000	0.0569828256
1518.5400000000	0.0567117255
1518.5500000000	0.0562584770
1518.5600000000	0.0556512312
1518.5700000000	0.0550169378
1518.5800000000	0.0544302093
1518.5900000000	0.0537469110
1518.6000000000	0.0530768457
1518.6100000000	0.0524999946
1518.6200000000	0.0521287386
1518.6300000000	0.0519039369
1518.6400000000	0.0519251501
1518.6500000000	0.0521900282
1518.6600000000	0.0525805000
1518.6700000000	0.0530337605
1518.6800000000	0.0534651641
1518.6900000000	0.0538629882
1518.7000000000	0.0540867215
1518.7100000000	0.0541112734
1518.7200000000	0.0540117690
1518.7300000000	0.0537353578
1518.7400000000	0.0533341912
1518.7500000000	0.0529425853
1518.7600000000	0.0524794713
1518.7700000000	0.0519295260
1518.7800000000	0.0513501505
1518.7900000000	0.0507745183
1518.8000000000	0.0502701899
1518.8100000000	0.0498695960
1518.8200000000	0.0496716874
1518.8300000000	0.0496069011
1518.8400000000	0.0497478937
1518.8500000000	0.0500007115
1518.8600000000	0.0502943435
1518.8700000000	0.0507158619
1518.8800000000	0.0511359405
1518.8900000000	0.0514731875
1518.9000000000	0.0516758035
1518.9100000000	0.0517660810
1518.9200000000	0.0518181191
1518.9300000000	0.0519248290
1518.9400000000	0.0519630932
1518.9500000000	0.0520178188
1518.9600000000	0.0522568943
1518.9700000000	0.0525643675
1518.9800000000	0.0529162546
1518.9900000000	0.0534162067
1519.0000000000	0.0540771267
1519.0100000000	0.0547792858
1519.0200000000	0.0554728143
1519.0300000000	0.0562452243
1519.0400000000	0.0568933625
1519.0500000000	0.0574940452
1519.0600000000	0.0579390925
1519.0700000000	0.0581956907
1519.0800000000	0.0582182842
1519.0900000000	0.0579625847
1519.1000000000	0.0575507200
1519.1100000000	0.0569954573
1519.1200000000	0.0562286258
1519.1300000000	0.0553636510
1519.1400000000	0.0546763999
1519.1500000000	0.0540600706
1519.1600000000	0.0535488297
1519.1700000000	0.0533262051
1519.1800000000	0.0532677950
1519.1900000000	0.0533006887
1519.2000000000	0.0534389811
1519.2100000000	0.0537050740
1519.2200000000	0.0540196728
1519.2300000000	0.0542975409
1519.2400000000	0.0544603070
1519.2500000000	0.0544507726
1519.2600000000	0.0543297883
1519.2700000000	0.0540867263
1519.2800000000	0.0535923411
1519.2900000000	0.0530525664
1519.3000000000	0.0525487105
1519.3100000000	0.0518704227
1519.3200000000	0.0512561156
1519.3300000000	0.0506836624
1519.3400000000	0.0501932130
1519.3500000000	0.0499720510
1519.3600000000	0.0497833169
1519.3700000000	0.0497648907
1519.3800000000	0.0499136584
1519.3900000000	0.0500268703
1519.4000000000	0.0501525740
1519.4100000000	0.0503001065
1519.4200000000	0.0502824101
1519.4300000000	0.0501913850
1519.4400000000	0.0500086568
1519.4500000000	0.0498110988
1519.4600000000	0.0495525072
1519.4700000000	0.0492274622
1519.4800000000	0.0489226352
1519.4900000000	0.0486337072
1519.5000000000	0.0483779435
1519.5100000000	0.0481958559
1519.5200000000	0.0481329553
1519.5300000000	0.0482229716
1519.5400000000	0.0484658692
1519.5500000000	0.0488829061
1519.5600000000	0.0494391238
1519.5700000000	0.0499997661
1519.5800000000	0.0507207610
1519.5900000000	0.0514113230
1519.6000000000	0.0519048909
1519.6100000000	0.0521930296
1519.6200000000	0.0524842857
1519.6300000000	0.0526026636
1519.6400000000	0.0525123173
1519.6500000000	0.0523323871
1519.6600000000	0.0520910535
1519.6700000000	0.0518106782
1519.6800000000	0.0514381949
1519.6900000000	0.0511631890
1519.7000000000	0.0510368859
1519.7100000000	0.0509964368
1519.7200000000	0.0511018932
1519.7300000000	0.0513355658
1519.7400000000	0.0517498828
1519.7500000000	0.0523192691
1519.7600000000	0.0529136181
1519.7700000000	0.0534670006
1519.7800000000	0.0539629143
1519.7900000000	0.0543485080
1519.8000000000	0.0544671780
1519.8100000000	0.0544042422
1519.8200000000	0.0543328616
1519.8300000000	0.0540782463
1519.8400000000	0.0536571283
1519.8500000000	0.0531515007
1519.8600000000	0.0526242002
1519.8700000000	0.0520804188
1519.8800000000	0.0516468960
1519.8900000000	0.0512431579
1519.9000000000	0.0510867249
1519.9100000000	0.0510553488
1519.9200000000	0.0510981514
1519.9300000000	0.0513691161
1519.9400000000	0.0516779527
1519.9500000000	0.0519491851
1519.9600000000	0.0522005546
1519.9700000000	0.0523981117
1519.9800000000	0.0524243908
1519.9900000000	0.0522836542
1520.0000000000	0.0520233700
1520.0100000000	0.0516398835
1520.0200000000	0.0512870909
1520.0300000000	0.0508988421
1520.0400000000	0.0503810691
1520.0500000000	0.0499752516
1520.0600000000	0.0495691169
1520.0700000000	0.0492133708
1520.0800000000	0.0489966760
1520.0900000000	0.0488160890
1520.1000000000	0.0487998227
1520.1100000000	0.0489800269
1520.1200000000	0.0492567779
1520.1300000000	0.0495349552
1520.1400000000	0.0498702702
1520.1500000000	0.0500498281
1520.1600000000	0.0500171831
1520.1700000000	0.0499014218
1520.1800000000	0.0496954278
1520.1900000000	0.0493922115
1520.2000000000	0.0490398278
1520.2100000000	0.0486329350
1520.2200000000	0.0482064497
1520.2300000000	0.0479187477
1520.2400000000	0.0477755807
1520.2500000000	0.0477842484
1520.2600000000	0.0479058363
1520.2700000000	0.0481330771
1520.2800000000	0.0484806067
1520.2900000000	0.0488592123
1520.3000000000	0.0493139843
1520.3100000000	0.0498858544
1520.3200000000	0.0503347919
1520.3300000000	0.0507184475
1520.3400000000	0.0509983913
1520.3500000000	0.0510509708
1520.3600000000	0.0509939734
1520.3700000000	0.0507466962
1520.3800000000	0.0504901790
1520.3900000000	0.0501326232
1520.4000000000	0.0496073526
1520.4100000000	0.0490840580
1520.4200000000	0.0486231920
1520.4300000000	0.0482808292
1520.4400000000	0.0480697103
1520.4500000000	0.0481154755
1520.4600000000	0.0483094960
1520.4700000000	0.0486159653
1520.4800000000	0.0490078154
1520.4900000000	0.0494646065
1520.5000000000	0.0500071235
1520.5100000000	0.0504269707
1520.5200000000	0.0507388948
1520.5300000000	0.0509096902
1520.5400000000	0.0510021528
1520.5500000000	0.0510410959
1520.5600000000	0.0509987149
1520.5700000000	0.0508955754
1520.5800000000	0.0506817409
1520.5900000000	0.0506153405
1520.6000000000	0.0505569665
1520.6100000000	0.0504351109
1520.6200000000	0.0504161393
1520.6300000000	0.0504526231
1520.6400000000	0.0505395649
1520.6500000000	0.0508098031
1520.6600000000	0.0512178279
1520.6700000000	0.0516115226
1520.6800000000	0.0519229375
1520.6900000000	0.0521120880
1520.7000000000	0.0522220422
1520.7100000000	0.0522050479
1520.7200000000	0.0520574766
1520.7300000000	0.0519402493
1520.7400000000	0.0517703210
1520.7500000000	0.0515030441
1520.7600000000	0.0512771839
1520.7700000000	0.0511001769
1520.7800000000	0.0509980018
1520.7900000000	0.0510522950
1520.8000000000	0.0512059099
1520.8100000000	0.0513661507
1520.8200000000	0.0516731088
1520.8300000000	0.0522532781
1520.8400000000	0.0526992795
1520.8500000000	0.0530793596
1520.8600000000	0.0535121752
1520.8700000000	0.0537872950
1520.8800000000	0.0538534124
1520.8900000000	0.0536870415
1520.9000000000	0.0533200788
1520.9100000000	0.0528006928
1520.9200000000	0.0521373217
1520.9300000000	0.0513575527
1520.9400000000	0.0507015619
1520.9500000000	0.0500265829
1520.9600000000	0.0494115455
1520.9700000000	0.0489385580
1520.9800000000	0.0485437310
1520.9900000000	0.0482810387
1521.0000000000	0.0481628314
1521.0100000000	0.0481920184
1521.0200000000	0.0483403213
1521.0300000000	0.0484418640
1521.0400000000	0.0485123601
1521.0500000000	0.0484697923
1521.0600000000	0.0483058051
1521.0700000000	0.0481130895
1521.0800000000	0.0476632568
1521.0900000000	0.0472335814
1521.1000000000	0.0467019777
1521.1100000000	0.0461357353
1521.1200000000	0.0457137033
1521.1300000000	0.0454155192
1521.1400000000	0.0453007247
1521.1500000000	0.0453456284
1521.1600000000	0.0454374094
1521.1700000000	0.0455962796
1521.1800000000	0.0458767472
1521.1900000000	0.0463971583
1521.2000000000	0.0469617114
1521.2100000000	0.0476147086
1521.2200000000	0.0482735090
1521.2300000000	0.0486983534
1521.2400000000	0.0489668018
1521.2500000000	0.0490654899
1521.2600000000	0.0489186313
1521.2700000000	0.0486390613
1521.2800000000	0.0482746939
1521.2900000000	0.0478701681
1521.3000000000	0.0475072016
1521.3100000000	0.0472101337
1521.3200000000	0.0470163226
1521.3300000000	0.0469160671
1521.3400000000	0.0468665342
1521.3500000000	0.0471200752
1521.3600000000	0.0475729652
1521.3700000000	0.0481215818
1521.3800000000	0.0487240830
1521.3900000000	0.0494567075
1521.4000000000	0.0503050185
1521.4100000000	0.0510257366
1521.4200000000	0.0518537380
1521.4300000000	0.0524887839
1521.4400000000	0.0527656752
1521.4500000000	0.0530654277
1521.4600000000	0.0530224095
1521.4700000000	0.0527955385
1521.4800000000	0.0524534798
1521.4900000000	0.0520549455
1521.5000000000	0.0516363295
1521.5100000000	0.0512450736
1521.5200000000	0.0508667225
1521.5300000000	0.0505365356
1521.5400000000	0.0503658894
1521.5500000000	0.0502650208
1521.5600000000	0.0501739554
1521.5700000000	0.0501064949
1521.5800000000	0.0500271721
1521.5900000000	0.0498542303
1521.6000000000	0.0494894288
1521.6100000000	0.0490122217
1521.6200000000	0.0483971493
1521.6300000000	0.0476713921
1521.6400000000	0.0469022841
1521.6500000000	0.0460005611
1521.6600000000	0.0451152426
1521.6700000000	0.0443075494
1521.6800000000	0.0436541288
1521.6900000000	0.0432668877
1521.7000000000	0.0430661424
1521.7100000000	0.0430606135
1521.7200000000	0.0432760461
1521.7300000000	0.0435552932
1521.7400000000	0.0440458531
1521.7500000000	0.0446019094
1521.7600000000	0.0451860398
1521.7700000000	0.0457108085
1521.7800000000	0.0460881544
1521.7900000000	0.0462388107
1521.8000000000	0.0461668159
1521.8100000000	0.0458692182
1521.8200000000	0.0453965435
1521.8300000000	0.0447921158
1521.8400000000	0.0441791725
1521.8500000000	0.0434504452
1521.8600000000	0.0428301769
1521.8700000000	0.0421717689
1521.8800000000	0.0417603459
1521.8900000000	0.0415401009
1521.9000000000	0.0415539070
1521.9100000000	0.0416940929
1521.9200000000	0.0420990839
1521.9300000000	0.0426407192
1521.9400000000	0.0432863294
1521.9500000000	0.0439799099
1521.9600000000	0.0444973983
1521.9700000000	0.0449695493
1521.9800000000	0.0451534707
1521.9900000000	0.0451871262
1522.0000000000	0.0450023282
1522.0100000000	0.0446385327
1522.0200000000	0.0442695318
1522.0300000000	0.0438526259
1522.0400000000	0.0432950218
1522.0500000000	0.0428955433
1522.0600000000	0.0425556073
1522.0700000000	0.0422441697
1522.0800000000	0.0421051632
1522.0900000000	0.0420951387
1522.1000000000	0.0422343116
1522.1100000000	0.0424532886
1522.1200000000	0.0427663888
1522.1300000000	0.0429470667
1522.1400000000	0.0431901419
1522.1500000000	0.0432949682
1522.1600000000	0.0433551194
1522.1700000000	0.0431437140
1522.1800000000	0.0429554722
1522.1900000000	0.0424644090
1522.2000000000	0.0420079588
1522.2100000000	0.0415115705
1522.2200000000	0.0409030102
1522.2300000000	0.0404367997
1522.2400000000	0.0400838877
1522.2500000000	0.0398260150
1522.2600000000	0.0397523399
1522.2700000000	0.0397771489
1522.2800000000	0.0399278651
1522.2900000000	0.0402583893
1522.3000000000	0.0406891307
1522.3100000000	0.0411427103
1522.3200000000	0.0415414630
1522.3300000000	0.0418833432
1522.3400000000	0.0420960223
1522.3500000000	0.0421581499
1522.3600000000	0.0419808516
1522.3700000000	0.0417360607
1522.3800000000	0.0414233527
1522.3900000000	0.0409521302
1522.4000000000	0.0405564697
1522.4100000000	0.0401893475
1522.4200000000	0.0398122912
1522.4300000000	0.0396743961
1522.4400000000	0.0396060734
1522.4500000000	0.0396057483
1522.4600000000	0.0399414920
1522.4700000000	0.0404214144
1522.4800000000	0.0410376000
1522.4900000000	0.0418040770
1522.5000000000	0.0424948654
1522.5100000000	0.0430102722
1522.5200000000	0.0433622000
1522.5300000000	0.0434953042
1522.5400000000	0.0434043711
1522.5500000000	0.0431331864
1522.5600000000	0.0426570920
1522.5700000000	0.0420249358
1522.5800000000	0.0414541557
1522.5900000000	0.0409458376
1522.6000000000	0.0404277214
1522.6100000000	0.0401582283
1522.6200000000	0.0398271588
1522.6300000000	0.0395735697
1522.6400000000	0.0395760977
1522.6500000000	0.0398310714
1522.6600000000	0.0401962716
1522.6700000000	0.0406933028
1522.6800000000	0.0412590597
1522.6900000000	0.0417592274
1522.7000000000	0.0422194425
1522.7100000000	0.0423951518
1522.7200000000	0.0423391531
1522.7300000000	0.0421398609
1522.7400000000	0.0417134597
1522.7500000000	0.0411346309
1522.7600000000	0.0406212964
1522.7700000000	0.0401041697
1522.7800000000	0.0396347522
1522.7900000000	0.0392338916
1522.8000000000	0.0390048021
1522.8100000000	0.0389088070
1522.8200000000	0.0389871799
1522.8300000000	0.0391620397
1522.8400000000	0.0394693622
1522.8500000000	0.0398939849
1522.8600000000	0.0402813791
1522.8700000000	0.0406906556
1522.8800000000	0.0410290137
1522.8900000000	0.0411690079
1522.9000000000	0.0412850162
1522.9100000000	0.0412015174
1522.9200000000	0.0408725518
1522.9300000000	0.0405338474
1522.9400000000	0.0401116974
1522.9500000000	0.0394906133
1522.9600000000	0.0388887927
1522.9700000000	0.0384293962
1522.9800000000	0.0380505515
1522.9900000000	0.0378230682
1523.0000000000	0.0376511548
1523.0100000000	0.0377492938
1523.0200000000	0.0380771058
1523.0300000000	0.0384417927
1523.0400000000	0.0389264685
1523.0500000000	0.0394747950
1523.0600000000	0.0399477542
1523.0700000000	0.0403530285
1523.0800000000	0.0407379123
1523.0900000000	0.0409183177
1523.1000000000	0.0408577653
1523.1100000000	0.0406752873
1523.1200000000	0.0403237511
1523.1300000000	0.0400230137
1523.1400000000	0.0397270578
1523.1500000000	0.0394583476
1523.1600000000	0.0390827477
1523.1700000000	0.0388707386
1523.1800000000	0.0387005752
1523.1900000000	0.0386173851
1523.2000000000	0.0386925606
1523.2100000000	0.0388209371
1523.2200000000	0.0391200227
1523.2300000000	0.0395174281
1523.2400000000	0.0397671079
1523.2500000000	0.0399084275
1523.2600000000	0.0399311102
1523.2700000000	0.0398295121
1523.2800000000	0.0395378098
1523.2900000000	0.0391516514
1523.3000000000	0.0386877923
1523.3100000000	0.0381854428
1523.3200000000	0.0377382524
1523.3300000000	0.0373327790
1523.3400000000	0.0369813133
1523.3500000000	0.0366923800
1523.3600000000	0.0364914682
1523.3700000000	0.0364271109
1523.3800000000	0.0364383279
1523.3900000000	0.0365045202
1523.4000000000	0.0366532066
1523.4100000000	0.0368460088
1523.4200000000	0.0370760649
1523.4300000000	0.0372055872
1523.4400000000	0.0371701061
1523.4500000000	0.0370950112
1523.4600000000	0.0368714940
1523.4700000000	0.0365810722
1523.4800000000	0.0361892331
1523.4900000000	0.0358550273
1523.5000000000	0.0356423744
1523.5100000000	0.0354907725
1523.5200000000	0.0353397821
1523.5300000000	0.0354498043
1523.5400000000	0.0357077172
1523.5500000000	0.0360099728
1523.5600000000	0.0364753860
1523.5700000000	0.0370993088
1523.5800000000	0.0377588971
1523.5900000000	0.0383437274
1523.6000000000	0.0389632257
1523.6100000000	0.0395063018
1523.6200000000	0.0398088113
1523.6300000000	0.0399571792
1523.6400000000	0.0399705501
1523.6500000000	0.0398535874
1523.6600000000	0.0396515759
1523.6700000000	0.0393247213
1523.6800000000	0.0391224732
1523.6900000000	0.0388183685
1523.7000000000	0.0384894630
1523.7100000000	0.0383142682
1523.7200000000	0.0382785141
1523.7300000000	0.0382899554
1523.7400000000	0.0384806990
1523.7500000000	0.0387246701
1523.7600000000	0.0389937924
1523.7700000000	0.0393136654
1523.7800000000	0.0395923245
1523.7900000000	0.0397516319
1523.8000000000	0.0397544639
1523.8100000000	0.0395958648
1523.8200000000	0.0392962788
1523.8300000000	0.0387898407
1523.8400000000	0.0381360596
1523.8500000000	0.0374853225
1523.8600000000	0.0369154334
1523.8700000000	0.0363953605
1523.8800000000	0.0359656300
1523.8900000000	0.0356498488
1523.9000000000	0.0354719883
1523.9100000000	0.0353821520
1523.9200000000	0.0353618941
1523.9300000000	0.0354610172
1523.9400000000	0.0358157020
1523.9500000000	0.0361464840
1523.9600000000	0.0363627536
1523.9700000000	0.0365701300
1523.9800000000	0.0367280554
1523.9900000000	0.0367485319
1524.0000000000	0.0365444289
1524.0100000000	0.0361354869
1524.0200000000	0.0355768090
1524.0300000000	0.0350333977
1524.0400000000	0.0345143883
1524.0500000000	0.0340493862
1524.0600000000	0.0337024923
1524.0700000000	0.0334901349
1524.0800000000	0.0334236829
1524.0900000000	0.0335229997
1524.1000000000	0.0337594986
1524.1100000000	0.0340967150
1524.1200000000	0.0345734506
1524.1300000000	0.0350466803
1524.1400000000	0.0354576667
1524.1500000000	0.0358395068
1524.1600000000	0.0361188069
1524.1700000000	0.0362432287
1524.1800000000	0.0360963713
1524.1900000000	0.0358818434
1524.2000000000	0.0355153497
1524.2100000000	0.0350147784
1524.2200000000	0.0345231456
1524.2300000000	0.0340771789
1524.2400000000	0.0337039947
1524.2500000000	0.0334079476
1524.2600000000	0.0332266407
1524.2700000000	0.0331848008
1524.2800000000	0.0333323870
1524.2900000000	0.0337066790
1524.3000000000	0.0341093341
1524.3100000000	0.0345110480
1524.3200000000	0.0349023787
1524.3300000000	0.0352549012
1524.3400000000	0.0355209512
1524.3500000000	0.0355592334
1524.3600000000	0.0353283534
1524.3700000000	0.0348712178
1524.3800000000	0.0342710036
1524.3900000000	0.0335451066
1524.4000000000	0.0327463563
1524.4100000000	0.0319863190
1524.4200000000	0.0312772803
1524.4300000000	0.0306149127
1524.4400000000	0.0300630540
1524.4500000000	0.0296469958
1524.4600000000	0.0294288488
1524.4700000000	0.0293833436
1524.4800000000	0.0295357535
1524.4900000000	0.0297344630
1524.5000000000	0.0300383461
1524.5100000000	0.0304461100
1524.5200000000	0.0307648632
1524.5300000000	0.0309896853
1524.5400000000	0.0310100125
1524.5500000000	0.0308373856
1524.5600000000	0.0304998638
1524.5700000000	0.0300225137
1524.5800000000	0.0294541349
1524.5900000000	0.0288495680
1524.6000000000	0.0283038214
1524.6100000000	0.0279173837
1524.6200000000	0.0275337058
1524.6300000000	0.0272510973
1524.6400000000	0.0271255585
1524.6500000000	0.0271720201
1524.6600000000	0.0273596652
1524.6700000000	0.0276086206
1524.6800000000	0.0279394428
1524.6900000000	0.0283751219
1524.7000000000	0.0288102022
1524.7100000000	0.0292180143
1524.7200000000	0.0295150318
1524.7300000000	0.0295900800
1524.7400000000	0.0295323779
1524.7500000000	0.0293547375
1524.7600000000	0.0290194165
1524.7700000000	0.0286428598
1524.7800000000	0.0283171561
1524.7900000000	0.0280223637
1524.8000000000	0.0278938012
1524.8100000000	0.0279021692
1524.8200000000	0.0281258962
1524.8300000000	0.0284873660
1524.8400000000	0.0289946422
1524.8500000000	0.0296594753
1524.8600000000	0.0303618720
1524.8700000000	0.0310667230
1524.8800000000	0.0317172783
1524.8900000000	0.0322000560
1524.9000000000	0.0324670557
1524.9100000000	0.0324528922
1524.9200000000	0.0321641477
1524.9300000000	0.0316464743
1524.9400000000	0.0309684921
1524.9500000000	0.0301641180
1524.9600000000	0.0293183292
1524.9700000000	0.0284786249
1524.9800000000	0.0277517077
1524.9900000000	0.0271218341
1525.0000000000	0.0265862980
1525.0100000000	0.0263184152
1525.0200000000	0.0262276580
1525.0300000000	0.0262365045
1525.0400000000	0.0263928391
1525.0500000000	0.0267192055
1525.0600000000	0.0271112704
1525.0700000000	0.0273821418
1525.0800000000	0.0275435768
1525.0900000000	0.0275392429
1525.1000000000	0.0273142852
1525.1100000000	0.0269257186
1525.1200000000	0.0263874915
1525.1300000000	0.0257275634
1525.1400000000	0.0250789722
1525.1500000000	0.0245015700
1525.1600000000	0.0239715938
1525.1700000000	0.0235043706
1525.1800000000	0.0231531730
1525.1900000000	0.0229453668
1525.2000000000	0.0228759018
1525.2100000000	0.0229024619
1525.2200000000	0.0230291366
1525.2300000000	0.0232807712
1525.2400000000	0.0236253067
1525.2500000000	0.0239164138
1525.2600000000	0.0241852590
1525.2700000000	0.0243516128
1525.2800000000	0.0243575935
1525.2900000000	0.0242460408
1525.3000000000	0.0239624030
1525.3100000000	0.0235145005
1525.3200000000	0.0231238814
1525.3300000000	0.0227796701
1525.3400000000	0.0224893253
1525.3500000000	0.0222996160
1525.3600000000	0.0222691303
1525.3700000000	0.0223579844
1525.3800000000	0.0225555527
1525.3900000000	0.0229159537
1525.4000000000	0.0234209023
1525.4100000000	0.0240143476
1525.4200000000	0.0245493760
1525.4300000000	0.0250171996
1525.4400000000	0.0254088371
1525.4500000000	0.0256450906
1525.4600000000	0.0257287294
1525.4700000000	0.0255307241
1525.4800000000	0.0251985399
1525.4900000000	0.0246035922
1525.5000000000	0.0239632819
1525.5100000000	0.0233407156
1525.5200000000	0.0227525121
1525.5300000000	0.0222267029
1525.5400000000	0.0218694340
1525.5500000000	0.0217142462
1525.5600000000	0.0217903187
1525.5700000000	0.0219622480
1525.5800000000	0.0223410127
1525.5900000000	0.0228325697
1525.6000000000	0.0234386914
1525.6100000000	0.0240669047
1525.6200000000	0.0246487027
1525.6300000000	0.0250797245
1525.6400000000	0.0253196616
1525.6500000000	0.0253451788
1525.6600000000	0.0251030397
1525.6700000000	0.0247300715
1525.6800000000	0.0243061166
1525.6900000000	0.0238344191
1525.7000000000	0.0233407146
1525.7100000000	0.0229034049
1525.7200000000	0.0225232176
1525.7300000000	0.0222677245
1525.7400000000	0.0221126451
1525.7500000000	0.0220535294
1525.7600000000	0.0221097176
1525.7700000000	0.0223738747
1525.7800000000	0.0226562697
1525.7900000000	0.0229218754
1525.8000000000	0.0232137557
1525.8100000000	0.0234355768
1525.8200000000	0.0234837353
1525.8300000000	0.0233934092
1525.8400000000	0.0230980409
1525.8500000000	0.0227197052
1525.8600000000	0.0222963883
1525.8700000000	0.0217972317
1525.8800000000	0.0213044419
1525.8900000000	0.0209005205
1525.9000000000	0.0206201446
1525.9100000000	0.0204445532
1525.9200000000	0.0203556991
1525.9300000000	0.0204052592
1525.9400000000	0.0205892311
1525.9500000000	0.0208726233
1525.9600000000	0.0212470519
1525.9700000000	0.0216528721
1525.9800000000	0.0220692635
1525.9900000000	0.0224031415
1526.0000000000	0.0227328856
1526.0100000000	0.0227207292
1526.0200000000	0.0226200670
1526.0300000000	0.0223521935
1526.0400000000	0.0219237023
1526.0500000000	0.0214309724
1526.0600000000	0.0208685631
1526.0700000000	0.0203102830
1526.0800000000	0.0199232182
1526.0900000000	0.0196974926
1526.1000000000	0.0196342169
1526.1100000000	0.0197287327
1526.1200000000	0.0199892987
1526.1300000000	0.0203673245
1526.1400000000	0.0208596048
1526.1500000000	0.0214733460
1526.1600000000	0.0220070917
1526.1700000000	0.0224494249
1526.1800000000	0.0227878918
1526.1900000000	0.0229254074
1526.2000000000	0.0228979043
1526.2100000000	0.0226943767
1526.2200000000	0.0223010414
1526.2300000000	0.0217965874
1526.2400000000	0.0213099661
1526.2500000000	0.0207467218
1526.2600000000	0.0202934251
1526.2700000000	0.0198743136
1526.2800000000	0.0195784004
1526.2900000000	0.0194625777
1526.3000000000	0.0195672857
1526.3100000000	0.0197812544
1526.3200000000	0.0201299799
1526.3300000000	0.0206233284
1526.3400000000	0.0211856228
1526.3500000000	0.0217584558
1526.3600000000	0.0222853730
1526.3700000000	0.0226647576
1526.3800000000	0.0228443541
1526.3900000000	0.0228575041
1526.4000000000	0.0226669789
1526.4100000000	0.0223371227
1526.4200000000	0.0219515333
1526.4300000000	0.0215960817
1526.4400000000	0.0212793097
1526.4500000000	0.0210320560
1526.4600000000	0.0209073842
1526.4700000000	0.0208974525
1526.4800000000	0.0211106556
1526.4900000000	0.0213992509
1526.5000000000	0.0218407938
1526.5100000000	0.0223850826
1526.5200000000	0.0230346521
1526.5300000000	0.0236696721
1526.5400000000	0.0241911350
1526.5500000000	0.0245289776
1526.5600000000	0.0246594564
1526.5700000000	0.0245185432
1526.5800000000	0.0243082110
1526.5900000000	0.0238724299
1526.6000000000	0.0232849713
1526.6100000000	0.0226636809
1526.6200000000	0.0221636624
1526.6300000000	0.0217140388
1526.6400000000	0.0214138748
1526.6500000000	0.0212601323
1526.6600000000	0.0213782424
1526.6700000000	0.0215699181
1526.6800000000	0.0219134669
1526.6900000000	0.0224088783
1526.7000000000	0.0229697616
1526.7100000000	0.0234956581
1526.7200000000	0.0239698717
1526.7300000000	0.0242435381
1526.7400000000	0.0243776158
1526.7500000000	0.0243429031
1526.7600000000	0.0241213759
1526.7700000000	0.0236551568
1526.7800000000	0.0230980984
1526.7900000000	0.0223362568
1526.8000000000	0.0216069632
1526.8100000000	0.0209356358
1526.8200000000	0.0203759605
1526.8300000000	0.0199454377
1526.8400000000	0.0197106631
1526.8500000000	0.0196677855
1526.8600000000	0.0197373510
1526.8700000000	0.0199253600
1526.8800000000	0.0202300202
1526.8900000000	0.0205566636
1526.9000000000	0.0207946743
1526.9100000000	0.0208768025
1526.9200000000	0.0207895944
1526.9300000000	0.0205712935
1526.9400000000	0.0201108424
1526.9500000000	0.0195173512
1526.9600000000	0.0188976153
1526.9700000000	0.0182445584
1526.9800000000	0.0176122053
1526.9900000000	0.0170521562
1527.0000000000	0.0166915947
1527.0100000000	0.0163808235
1527.0200000000	0.0162330279
1527.0300000000	0.0163471531
1527.0400000000	0.0165436693
1527.0500000000	0.0169177894
1527.0600000000	0.0174747979
1527.0700000000	0.0181597272
1527.0800000000	0.0187220535
1527.0900000000	0.0193074049
1527.1000000000	0.0196579349
1527.1100000000	0.0199493642
1527.1200000000	0.0199831960
1527.1300000000	0.0197202274
1527.1400000000	0.0193244623
1527.1500000000	0.0188805312
1527.1600000000	0.0183929235
1527.1700000000	0.0179569148
1527.1800000000	0.0176001906
1527.1900000000	0.0173141473
1527.2000000000	0.0172411798
1527.2100000000	0.0172247622
1527.2200000000	0.0173982778
1527.2300000000	0.0177394200
1527.2400000000	0.0181663430
1527.2500000000	0.0185651960
1527.2600000000	0.0190963729
1527.2700000000	0.0195135314
1527.2800000000	0.0198892992
1527.2900000000	0.0201613110
1527.3000000000	0.0202278396
1527.3100000000	0.0201110774
1527.3200000000	0.0198085490
1527.3300000000	0.0193387012
1527.3400000000	0.0188639578
1527.3500000000	0.0183897295
1527.3600000000	0.0179770799
1527.3700000000	0.0177381028
1527.3800000000	0.0176128192
1527.3900000000	0.0176434858
1527.4000000000	0.0179215743
1527.4100000000	0.0182668050
1527.4200000000	0.0186671657
1527.4300000000	0.0191555807
1527.4400000000	0.0196919061
1527.4500000000	0.0201928349
1527.4600000000	0.0205959869
1527.4700000000	0.0208487288
1527.4800000000	0.0208325524
1527.4900000000	0.0206520775
1527.5000000000	0.0203217716
1527.5100000000	0.0198225503
1527.5200000000	0.0192153903
1527.5300000000	0.0186163148
1527.5400000000	0.0181123574
1527.5500000000	0.0177125642
1527.5600000000	0.0174333836
1527.5700000000	0.0173374969
1527.5800000000	0.0173906361
1527.5900000000	0.0175873289
1527.6000000000	0.0179827099
1527.6100000000	0.0184436849
1527.6200000000	0.0189778170
1527.6300000000	0.0195545194
1527.6400000000	0.0200927682
1527.6500000000	0.0205233659
1527.6600000000	0.0206604986
1527.6700000000	0.0207186822
1527.6800000000	0.0205815614
1527.6900000000	0.0202055984
1527.7000000000	0.0197331015
1527.7100000000	0.0191726965
1527.7200000000	0.0186636637
1527.7300000000	0.0181817689
1527.7400000000	0.0178317562
1527.7500000000	0.0176610464
1527.7600000000	0.0176001807
1527.7700000000	0.0176957909
1527.7800000000	0.0179367891
1527.7900000000	0.0182333943
1527.8000000000	0.0186904443
1527.8100000000	0.0191049724
1527.8200000000	0.0194240742
1527.8300000000	0.0197446124
1527.8400000000	0.0199469006
1527.8500000000	0.0199797360
1527.8600000000	0.0199510566
1527.8700000000	0.0196729892
1527.8800000000	0.0192825143
1527.8900000000	0.0188355734
1527.9000000000	0.0183873153
1527.9100000000	0.0179740937
1527.9200000000	0.0176793602
1527.9300000000	0.0175483874
1527.9400000000	0.0176490825
1527.9500000000	0.0178322600
1527.9600000000	0.0180668358
1527.9700000000	0.0184855991
1527.9800000000	0.0190017286
1527.9900000000	0.0194947406
1528.0000000000	0.0199012097
1528.0100000000	0.0201701950
1528.0200000000	0.0203278466
1528.0300000000	0.0203548308
1528.0400000000	0.0201969686
1528.0500000000	0.0199463616
1528.0600000000	0.0195320626
1528.0700000000	0.0189756709
1528.0800000000	0.0184130106
1528.0900000000	0.0179263692
1528.1000000000	0.0175147322
1528.1100000000	0.0172137427
1528.1200000000	0.0170923334
1528.1300000000	0.0171515729
1528.1400000000	0.0173107847
1528.1500000000	0.0175737613
1528.1600000000	0.0179870529
1528.1700000000	0.0185388784
1528.1800000000	0.0190543146
1528.1900000000	0.0194795186
1528.2000000000	0.0198198862
1528.2100000000	0.0200254020
1528.2200000000	0.0200563518
1528.2300000000	0.0199519272
1528.2400000000	0.0197739610
1528.2500000000	0.0195051676
1528.2600000000	0.0192228082
1528.2700000000	0.0189866885
1528.2800000000	0.0188112864
1528.2900000000	0.0187741776
1528.3000000000	0.0187998230
1528.3100000000	0.0188532805
1528.3200000000	0.0191100447
1528.3300000000	0.0194314925
1528.3400000000	0.0198005885
1528.3500000000	0.0202748919
1528.3600000000	0.0207208374
1528.3700000000	0.0210100656
1528.3800000000	0.0211563348
1528.3900000000	0.0212208470
1528.4000000000	0.0210055747
1528.4100000000	0.0206307054
1528.4200000000	0.0200866311
1528.4300000000	0.0195450300
1528.4400000000	0.0190158304
1528.4500000000	0.0185291994
1528.4600000000	0.0181476399
1528.4700000000	0.0179374061
1528.4800000000	0.0178322814
1528.4900000000	0.0178934218
1528.5000000000	0.0181074972
1528.5100000000	0.0184243836
1528.5200000000	0.0188443328
1528.5300000000	0.0193329858
1528.5400000000	0.0198346875
1528.5500000000	0.0202157181
1528.5600000000	0.0204309326
1528.5700000000	0.0206011941
1528.5800000000	0.0206955723
1528.5900000000	0.0205218398
1528.6000000000	0.0202289304
1528.6100000000	0.0197973499
1528.6200000000	0.0193172155
1528.6300000000	0.0189152232
1528.6400000000	0.0185716135
1528.6500000000	0.0182996021
1528.6600000000	0.0181827481
1528.6700000000	0.0182158158
1528.6800000000	0.0184372700
1528.6900000000	0.0188249193
1528.7000000000	0.0193003871
1528.7100000000	0.0197553892
1528.7200000000	0.0202296705
1528.7300000000	0.0207169214
1528.7400000000	0.0210793911
1528.7500000000	0.0211924988
1528.7600000000	0.0211802422
1528.7700000000	0.0209662851
1528.7800000000	0.0205869152
1528.7900000000	0.0201408051
1528.8000000000	0.0196629106
1528.8100000000	0.0191740820
1528.8200000000	0.0187290200
1528.8300000000	0.0184019091
1528.8400000000	0.0182212933
1528.8500000000	0.0182110910
1528.8600000000	0.0183539433
1528.8700000000	0.0186939789
1528.8800000000	0.0191412767
1528.8900000000	0.0196897585
1528.9000000000	0.0202955686
1528.9100000000	0.0208914967
1528.9200000000	0.0214490170
1528.9300000000	0.0218717839
1528.9400000000	0.0221368472
1528.9500000000	0.0221091971
1528.9600000000	0.0218637012
1528.9700000000	0.0213826678
1528.9800000000	0.0207981292
1528.9900000000	0.0201715156
1529.0000000000	0.0195517640
1529.0100000000	0.0190269884
1529.0200000000	0.0186462763
1529.0300000000	0.0183860269
1529.0400000000	0.0181825107
1529.0500000000	0.0181635820
1529.0600000000	0.0183074149
1529.0700000000	0.0185117329
1529.0800000000	0.0187365553
1529.0900000000	0.0190194585
1529.1000000000	0.0193011240
1529.1100000000	0.0194677381
1529.1200000000	0.0195233099
1529.1300000000	0.0193646017
1529.1400000000	0.0190547034
1529.1500000000	0.0186396367
1529.1600000000	0.0180988688
1529.1700000000	0.0176181039
1529.1800000000	0.0170796795
1529.1900000000	0.0165779954
1529.2000000000	0.0162184483
1529.2100000000	0.0159863066
1529.2200000000	0.0159236228
1529.2300000000	0.0159779628
1529.2400000000	0.0160859675
1529.2500000000	0.0163179910
1529.2600000000	0.0166399134
1529.2700000000	0.0168923886
1529.2800000000	0.0171128234
1529.2900000000	0.0173068506
1529.3000000000	0.0173696026
1529.3100000000	0.0173696026
1529.3200000000	0.0172881628
1529.3300000000	0.0170895291
1529.3400000000	0.0168711250
1529.3500000000	0.0165934095
1529.3600000000	0.0163222921
1529.3700000000	0.0161015194
1529.3800000000	0.0159969734
1529.3900000000	0.0159220525
1529.4000000000	0.0160767068
1529.4100000000	0.0163527299
1529.4200000000	0.0168332790
1529.4300000000	0.0174470745
1529.4400000000	0.0181385312
1529.4500000000	0.0187838006
1529.4600000000	0.0194596330
1529.4700000000	0.0200257099
1529.4800000000	0.0204438160
1529.4900000000	0.0206386519
1529.5000000000	0.0207172376
1529.5100000000	0.0205977938
1529.5200000000	0.0203289787
1529.5300000000	0.0199808134
1529.5400000000	0.0195233254
1529.5500000000	0.0190886597
1529.5600000000	0.0187906135
1529.5700000000	0.0186049138
1529.5800000000	0.0185378412
1529.5900000000	0.0186380639
1529.6000000000	0.0188266276
1529.6100000000	0.0190975474
1529.6200000000	0.0194948097
1529.6300000000	0.0199860054
1529.6400000000	0.0204847803
1529.6500000000	0.0208769338
1529.6600000000	0.0211203594
1529.6700000000	0.0212778996
1529.6800000000	0.0212389552
1529.6900000000	0.0210060127
1529.7000000000	0.0206700889
1529.7100000000	0.0201404414
1529.7200000000	0.0194756283
1529.7300000000	0.0188367343
1529.7400000000	0.0183804704
1529.7500000000	0.0180174110
1529.7600000000	0.0177896469
1529.7700000000	0.0177657160
1529.7800000000	0.0179340283
1529.7900000000	0.0181880023
1529.8000000000	0.0185648470
1529.8100000000	0.0190363716
1529.8200000000	0.0194804700
1529.8300000000	0.0198095653
1529.8400000000	0.0200691268
1529.8500000000	0.0202882948
1529.8600000000	0.0203104755
1529.8700000000	0.0201695190
1529.8800000000	0.0198565034
1529.8900000000	0.0193712128
1529.9000000000	0.0188799105
1529.9100000000	0.0183196299
1529.9200000000	0.0178626785
1529.9300000000	0.0174890341
1529.9400000000	0.0173102599
1529.9500000000	0.0174311731
1529.9600000000	0.0176275571
1529.9700000000	0.0179254665
1529.9800000000	0.0184385356
1529.9900000000	0.0190717068
1530.0000000000	0.0196807925
1530.0100000000	0.0201987345
1530.0200000000	0.0206018036
1530.0300000000	0.0208584481
1530.0400000000	0.0209305311
1530.0500000000	0.0208031856
1530.0600000000	0.0205535680
1530.0700000000	0.0202201110
1530.0800000000	0.0197336582
1530.0900000000	0.0192327748
1530.1000000000	0.0187774715
1530.1100000000	0.0183986021
1530.1200000000	0.0182177591
1530.1300000000	0.0182005697
1530.1400000000	0.0182737016
1530.1500000000	0.0185429664
1530.1600000000	0.0189716651
1530.1700000000	0.0193926982
1530.1800000000	0.0199142397
1530.1900000000	0.0205217294
1530.2000000000	0.0210059104
1530.2100000000	0.0213338317
1530.2200000000	0.0215671869
1530.2300000000	0.0216579229
1530.2400000000	0.0214503093
1530.2500000000	0.0210523940
1530.2600000000	0.0205591835
1530.2700000000	0.0199828602
1530.2800000000	0.0193887210
1530.2900000000	0.0188601076
1530.3000000000	0.0184422614
1530.3100000000	0.0181497202
1530.3200000000	0.0179965917
1530.3300000000	0.0180453472
1530.3400000000	0.0182475988
1530.3500000000	0.0185134419
1530.3600000000	0.0187908744
1530.3700000000	0.0190561161
1530.3800000000	0.0192372870
1530.3900000000	0.0194602360
1530.4000000000	0.0195457653
1530.4100000000	0.0194980932
1530.4200000000	0.0193468732
1530.4300000000	0.0190791280
1530.4400000000	0.0186507127
1530.4500000000	0.0181762419
1530.4600000000	0.0176048398
1530.4700000000	0.0170671807
1530.4800000000	0.0166940218
1530.4900000000	0.0163613836
1530.5000000000	0.0162451449
1530.5100000000	0.0163397136
1530.5200000000	0.0165567305
1530.5300000000	0.0169339773
1530.5400000000	0.0173858597
1530.5500000000	0.0179388271
1530.5600000000	0.0185130500
1530.5700000000	0.0190343751
1530.5800000000	0.0194718803
1530.5900000000	0.0198502577
1530.6000000000	0.0200599222
1530.6100000000	0.0201685729
1530.6200000000	0.0201677001
1530.6300000000	0.0200583949
1530.6400000000	0.0199169977
1530.6500000000	0.0197379690
1530.6600000000	0.0194773216
1530.6700000000	0.0194404618
1530.6800000000	0.0194157657
1530.6900000000	0.0194998061
1530.7000000000	0.0196823634
1530.7100000000	0.0200414315
1530.7200000000	0.0204275632
1530.7300000000	0.0208307843
1530.7400000000	0.0213282202
1530.7500000000	0.0218133587
1530.7600000000	0.0221569198
1530.7700000000	0.0223613397
1530.7800000000	0.0224468386
1530.7900000000	0.0223542986
1530.8000000000	0.0221133640
1530.8100000000	0.0218301550
1530.8200000000	0.0215422773
1530.8300000000	0.0211998342
1530.8400000000	0.0208969660
1530.8500000000	0.0207667229
1530.8600000000	0.0207476419
1530.8700000000	0.0208108782
1530.8800000000	0.0210005986
1530.8900000000	0.0213461959
1530.9000000000	0.0217199406
1530.9100000000	0.0221180300
1530.9200000000	0.0225659059
1530.9300000000	0.0229772074
1530.9400000000	0.0233210543
1530.9500000000	0.0234069172
1530.9600000000	0.0233564508
1530.9700000000	0.0231783936
1530.9800000000	0.0227730607
1530.9900000000	0.0222750691
1531.0000000000	0.0217083903
1531.0100000000	0.0212492296
1531.0200000000	0.0208621861
1531.0300000000	0.0205717197
1531.0400000000	0.0204784831
1531.0500000000	0.0206369666
1531.0600000000	0.0209694426
1531.0700000000	0.0214580911
1531.0800000000	0.0220159927
1531.0900000000	0.0226113123
1531.1000000000	0.0231426601
1531.1100000000	0.0235625377
1531.1200000000	0.0238896678
1531.1300000000	0.0240719536
1531.1400000000	0.0239586826
1531.1500000000	0.0236880559
1531.1600000000	0.0232597644
1531.1700000000	0.0226920213
1531.1800000000	0.0218452706
1531.1900000000	0.0210996988
1531.2000000000	0.0202643053
1531.2100000000	0.0196214415
1531.2200000000	0.0191449735
1531.2300000000	0.0188956439
1531.2400000000	0.0188695611
1531.2500000000	0.0190876453
1531.2600000000	0.0193711167
1531.2700000000	0.0198426025
1531.2800000000	0.0203400321
1531.2900000000	0.0208406049
1531.3000000000	0.0212148803
1531.3100000000	0.0214272879
1531.3200000000	0.0214641039
1531.3300000000	0.0213607358
1531.3400000000	0.0210782977
1531.3500000000	0.0205696997
1531.3600000000	0.0199158116
1531.3700000000	0.0191690452
1531.3800000000	0.0184537359
1531.3900000000	0.0178290310
1531.4000000000	0.0172927064
1531.4100000000	0.0169507644
1531.4200000000	0.0168226197
1531.4300000000	0.0168532207
1531.4400000000	0.0170595049
1531.4500000000	0.0173049729
1531.4600000000	0.0177307353
1531.4700000000	0.0182305632
1531.4800000000	0.0187168611
1531.4900000000	0.0191359132
1531.5000000000	0.0194846936
1531.5100000000	0.0197357117
1531.5200000000	0.0197506152
1531.5300000000	0.0196288156
1531.5400000000	0.0193339331
1531.5500000000	0.0190080770
1531.5600000000	0.0185911770
1531.5700000000	0.0181989783
1531.5800000000	0.0179470543
1531.5900000000	0.0178344199
1531.6000000000	0.0179023581
1531.6100000000	0.0181490756
1531.6200000000	0.0185686274
1531.6300000000	0.0191257800
1531.6400000000	0.0198061671
1531.6500000000	0.0205945202
1531.6600000000	0.0213526040
1531.6700000000	0.0220892890
1531.6800000000	0.0227890726
1531.6900000000	0.0233815822
1531.7000000000	0.0237824233
1531.7100000000	0.0240179083
1531.7200000000	0.0239742079
1531.7300000000	0.0238210659
1531.7400000000	0.0235655227
1531.7500000000	0.0232769215
1531.7600000000	0.0229304179
1531.7700000000	0.0226596074
1531.7800000000	0.0226318415
1531.7900000000	0.0228059501
1531.8000000000	0.0231479581
1531.8100000000	0.0236882726
1531.8200000000	0.0243985068
1531.8300000000	0.0250688851
1531.8400000000	0.0257483542
1531.8500000000	0.0263685775
1531.8600000000	0.0268068018
1531.8700000000	0.0271533853
1531.8800000000	0.0271307654
1531.8900000000	0.0268281149
1531.9000000000	0.0263084027
1531.9100000000	0.0256648117
1531.9200000000	0.0248901127
1531.9300000000	0.0239570744
1531.9400000000	0.0231136939
1531.9500000000	0.0223486000
1531.9600000000	0.0218526757
1531.9700000000	0.0216196200
1531.9800000000	0.0215616263
1531.9900000000	0.0217943132
1532.0000000000	0.0223309095
1532.0100000000	0.0228766177
1532.0200000000	0.0234833685
1532.0300000000	0.0240764721
1532.0400000000	0.0246765655
1532.0500000000	0.0250599207
1532.0600000000	0.0252849040
1532.0700000000	0.0253020362
1532.0800000000	0.0250286627
1532.0900000000	0.0244513685
1532.1000000000	0.0237074829
1532.1100000000	0.0229166169
1532.1200000000	0.0221364840
1532.1300000000	0.0213490491
1532.1400000000	0.0207587131
1532.1500000000	0.0203302765
1532.1600000000	0.0201047016
1532.1700000000	0.0201157449
1532.1800000000	0.0204144826
1532.1900000000	0.0207967134
1532.2000000000	0.0212797442
1532.2100000000	0.0218855531
1532.2200000000	0.0224252507
1532.2300000000	0.0230072429
1532.2400000000	0.0235144475
1532.2500000000	0.0238069809
1532.2600000000	0.0239499550
1532.2700000000	0.0240200752
1532.2800000000	0.0237396370
1532.2900000000	0.0232483253
1532.3000000000	0.0228594276
1532.3100000000	0.0220675334
1532.3200000000	0.0215327492
1532.3300000000	0.0210974793
1532.3400000000	0.0208152952
1532.3500000000	0.0206941341
1532.3600000000	0.0208340440
1532.3700000000	0.0210082228
1532.3800000000	0.0213588673
1532.3900000000	0.0218623576
1532.4000000000	0.0223435523
1532.4100000000	0.0228503666
1532.4200000000	0.0233022182
1532.4300000000	0.0235767104
1532.4400000000	0.0238165376
1532.4500000000	0.0238687935
1532.4600000000	0.0237833202
1532.4700000000	0.0235021468
1532.4800000000	0.0231508404
1532.4900000000	0.0225954235
1532.5000000000	0.0221431032
1532.5100000000	0.0217089908
1532.5200000000	0.0213456571
1532.5300000000	0.0211614692
1532.5400000000	0.0212669256
1532.5500000000	0.0214521969
1532.5600000000	0.0217784425
1532.5700000000	0.0221449154
1532.5800000000	0.0225406939
1532.5900000000	0.0229094227
1532.6000000000	0.0232493087
1532.6100000000	0.0235742523
1532.6200000000	0.0236402181
1532.6300000000	0.0235056950
1532.6400000000	0.0232234430
1532.6500000000	0.0227817349
1532.6600000000	0.0222878520
1532.6700000000	0.0217966535
1532.6800000000	0.0212921621
1532.6900000000	0.0209208257
1532.7000000000	0.0206830396
1532.7100000000	0.0205160613
1532.7200000000	0.0205160613
1532.7300000000	0.0207083368
1532.7400000000	0.0210336584
1532.7500000000	0.0214825312
1532.7600000000	0.0219213457
1532.7700000000	0.0224789792
1532.7800000000	0.0230568500
1532.7900000000	0.0235352339
1532.8000000000	0.0238713804
1532.8100000000	0.0241927654
1532.8200000000	0.0243590237
1532.8300000000	0.0244114267
1532.8400000000	0.0242979464
1532.8500000000	0.0240130781
1532.8600000000	0.0236310113
1532.8700000000	0.0232763591
1532.8800000000	0.0229513039
1532.8900000000	0.0228043937
1532.9000000000	0.0228043937
1532.9100000000	0.0228306620
1532.9200000000	0.0230196432
1532.9300000000	0.0233732258
1532.9400000000	0.0237175294
1532.9500000000	0.0241058155
1532.9600000000	0.0243779617
1532.9700000000	0.0246112466
1532.9800000000	0.0247764790
1532.9900000000	0.0248372762
1533.0000000000	0.0247337824
1533.0100000000	0.0245949317
1533.0200000000	0.0243880303
1533.0300000000	0.0241374496
1533.0400000000	0.0237459467
1533.0500000000	0.0233836964
1533.0600000000	0.0230579370
1533.0700000000	0.0227328856
1533.0800000000	0.0227000207
1533.0900000000	0.0228466489
1533.1000000000	0.0230666046
1533.1100000000	0.0233768507
1533.1200000000	0.0238133595
1533.1300000000	0.0241485664
1533.1400000000	0.0244959648
1533.1500000000	0.0248438521
1533.1600000000	0.0249926146
1533.1700000000	0.0250140671
1533.1800000000	0.0249368633
1533.1900000000	0.0246755784
1533.2000000000	0.0243151308
1533.2100000000	0.0238854554
1533.2200000000	0.0233654448
1533.2300000000	0.0228964768
1533.2400000000	0.0223905095
1533.2500000000	0.0220187791
1533.2600000000	0.0217088063
1533.2700000000	0.0215701223
1533.2800000000	0.0214619477
1533.2900000000	0.0215672597
1533.3000000000	0.0217710702
1533.3100000000	0.0220416235
1533.3200000000	0.0224093319
1533.3300000000	0.0227119966
1533.3400000000	0.0229929902
1533.3500000000	0.0232971924
1533.3600000000	0.0235078440
1533.3700000000	0.0235910120
1533.3800000000	0.0235804947
1533.3900000000	0.0234725183
1533.4000000000	0.0233322230
1533.4100000000	0.0231906922
1533.4200000000	0.0230557811
1533.4300000000	0.0231012752
1533.4400000000	0.0233202891
1533.4500000000	0.0235899297
1533.4600000000	0.0240307339
1533.4700000000	0.0245478884
1533.4800000000	0.0250927260
1533.4900000000	0.0257459391
1533.5000000000	0.0263991656
1533.5100000000	0.0269526743
1533.5200000000	0.0274123407
1533.5300000000	0.0278274847
1533.5400000000	0.0281319080
1533.5500000000	0.0282304251
1533.5600000000	0.0281551329
1533.5700000000	0.0278725087
1533.5800000000	0.0275441431
1533.5900000000	0.0270986252
1533.6000000000	0.0265381025
1533.6100000000	0.0260563291
1533.6200000000	0.0256489168
1533.6300000000	0.0254279829
1533.6400000000	0.0253083916
1533.6500000000	0.0254278397
1533.6600000000	0.0257002036
1533.6700000000	0.0260294421
1533.6800000000	0.0264156697
1533.6900000000	0.0267767871
1533.7000000000	0.0271555469
1533.7100000000	0.0273907119
1533.7200000000	0.0274883205
1533.7300000000	0.0274711585
1533.7400000000	0.0272441124
1533.7500000000	0.0268710422
1533.7600000000	0.0263988051
1533.7700000000	0.0258941738
1533.7800000000	0.0252971334
1533.7900000000	0.0246593746
1533.8000000000	0.0241659541
1533.8100000000	0.0239113707
1533.8200000000	0.0237569108
1533.8300000000	0.0237940950
1533.8400000000	0.0241029089
1533.8500000000	0.0244895380
1533.8600000000	0.0249718748
1533.8700000000	0.0256632661
1533.8800000000	0.0263525283
1533.8900000000	0.0269618848
1533.9000000000	0.0274479656
1533.9100000000	0.0278249896
1533.9200000000	0.0280332268
1533.9300000000	0.0281612901
1533.9400000000	0.0280477596
1533.9500000000	0.0277862846
1533.9600000000	0.0273915307
1533.9700000000	0.0270303639
1533.9800000000	0.0266802497
1533.9900000000	0.0264417971
1534.0000000000	0.0262011308
1534.0100000000	0.0261670793
1534.0200000000	0.0263286898
1534.0300000000	0.0265005856
1534.0400000000	0.0268488166
1534.0500000000	0.0271135759
1534.0600000000	0.0273810547
1534.0700000000	0.0276955591
1534.0800000000	0.0279144349
1534.0900000000	0.0280684263
1534.1000000000	0.0280666022
1534.1100000000	0.0279695554
1534.1200000000	0.0277670707
1534.1300000000	0.0274846737
1534.1400000000	0.0270629070
1534.1500000000	0.0265336969
1534.1600000000	0.0260388912
1534.1700000000	0.0256636521
1534.1800000000	0.0253802148
1534.1900000000	0.0252429653
1534.2000000000	0.0252866647
1534.2100000000	0.0254065704
1534.2200000000	0.0257038132
1534.2300000000	0.0259937573
1534.2400000000	0.0261902998
1534.2500000000	0.0264424853
1534.2600000000	0.0266897876
1534.2700000000	0.0268872973
1534.2800000000	0.0269110842
1534.2900000000	0.0268692485
1534.3000000000	0.0267542816
1534.3100000000	0.0264372632
1534.3200000000	0.0260759912
1534.3300000000	0.0254817870
1534.3400000000	0.0250569719
1534.3500000000	0.0247383570
1534.3600000000	0.0243846961
1534.3700000000	0.0242724988
1534.3800000000	0.0243397377
1534.3900000000	0.0245281737
1534.4000000000	0.0249045333
1534.4100000000	0.0252944560
1534.4200000000	0.0257856566
1534.4300000000	0.0262914034
1534.4400000000	0.0268061063
1534.4500000000	0.0272466108
1534.4600000000	0.0277248774
1534.4700000000	0.0280492042
1534.4800000000	0.0281740978
1534.4900000000	0.0281969154
1534.5000000000	0.0281353132
1534.5100000000	0.0279696396
1534.5200000000	0.0278322536
1534.5300000000	0.0276959690
1534.5400000000	0.0275587972
1534.5500000000	0.0274556605
1534.5600000000	0.0275859566
1534.5700000000	0.0278513747
1534.5800000000	0.0282488088
1534.5900000000	0.0286828395
1534.6000000000	0.0292476225
1534.6100000000	0.0298261292
1534.6200000000	0.0303764587
1534.6300000000	0.0307894694
1534.6400000000	0.0312209429
1534.6500000000	0.0315199032
1534.6600000000	0.0316337550
1534.6700000000	0.0316219302
1534.6800000000	0.0313941789
1534.6900000000	0.0311834037
1534.7000000000	0.0308980591
1534.7100000000	0.0305847192
1534.7200000000	0.0303303135
1534.7300000000	0.0301835485
1534.7400000000	0.0301789908
1534.7500000000	0.0304173264
1534.7600000000	0.0309150383
1534.7700000000	0.0314784502
1534.7800000000	0.0320339486
1534.7900000000	0.0327423070
1534.8000000000	0.0333939890
1534.8100000000	0.0338419404
1534.8200000000	0.0341766375
1534.8300000000	0.0344675902
1534.8400000000	0.0345152612
1534.8500000000	0.0343007234
1534.8600000000	0.0340145238
1534.8700000000	0.0335801503
1534.8800000000	0.0328344267
1534.8900000000	0.0319764844
1534.9000000000	0.0311282740
1534.9100000000	0.0304240032
1534.9200000000	0.0298183644
1534.9300000000	0.0295151867
1534.9400000000	0.0292403274
1534.9500000000	0.0292403274
1534.9600000000	0.0292959448
1534.9700000000	0.0295157796
1534.9800000000	0.0296604412
1534.9900000000	0.0298835610
1535.0000000000	0.0300083391
1535.0100000000	0.0300798507
1535.0200000000	0.0301092114
1535.0300000000	0.0299686139
1535.0400000000	0.0296904199
1535.0500000000	0.0293826471
1535.0600000000	0.0289292174
1535.0700000000	0.0284611289
1535.0800000000	0.0279888918
1535.0900000000	0.0275210681
1535.1000000000	0.0272059856
1535.1100000000	0.0269443335
1535.1200000000	0.0268840985
1535.1300000000	0.0270446638
1535.1400000000	0.0273250787
1535.1500000000	0.0277110818
1535.1600000000	0.0282041448
1535.1700000000	0.0288044699
1535.1800000000	0.0294123034
1535.1900000000	0.0300378132
1535.2000000000	0.0305624809
1535.2100000000	0.0308769841
1535.2200000000	0.0310011698
1535.2300000000	0.0310025858
1535.2400000000	0.0308796945
1535.2500000000	0.0306850440
1535.2600000000	0.0304114843
1535.2700000000	0.0300904239
1535.2800000000	0.0299269658
1535.2900000000	0.0298379455
1535.3000000000	0.0298525049
1535.3100000000	0.0300330058
1535.3200000000	0.0303932585
1535.3300000000	0.0308877591
1535.3400000000	0.0315599019
1535.3500000000	0.0321868272
1535.3600000000	0.0329158216
1535.3700000000	0.0335130676
1535.3800000000	0.0341033708
1535.3900000000	0.0344782753
1535.4000000000	0.0347680645
1535.4100000000	0.0348509990
1535.4200000000	0.0347852270
1535.4300000000	0.0345346679
1535.4400000000	0.0340853313
1535.4500000000	0.0334999819
1535.4600000000	0.0329905638
1535.4700000000	0.0325566161
1535.4800000000	0.0322319603
1535.4900000000	0.0321722473
1535.5000000000	0.0321956113
1535.5100000000	0.0323464186
1535.5200000000	0.0326442154
1535.5300000000	0.0328795578
1535.5400000000	0.0331842591
1535.5500000000	0.0334296419
1535.5600000000	0.0336647573
1535.5700000000	0.0338366092
1535.5800000000	0.0339559985
1535.5900000000	0.0339192413
1535.6000000000	0.0338189827
1535.6100000000	0.0335877506
1535.6200000000	0.0332597414
1535.6300000000	0.0328059862
1535.6400000000	0.0323672712
1535.6500000000	0.0318978766
1535.6600000000	0.0316229204
1535.6700000000	0.0315357398
1535.6800000000	0.0315608384
1535.6900000000	0.0316599940
1535.7000000000	0.0319899000
1535.7100000000	0.0322713482
1535.7200000000	0.0326136130
1535.7300000000	0.0329296344
1535.7400000000	0.0332899508
1535.7500000000	0.0335206791
1535.7600000000	0.0336321291
1535.7700000000	0.0335781404
1535.7800000000	0.0334160188
1535.7900000000	0.0330982307
1535.8000000000	0.0325081302
1535.8100000000	0.0319168579
1535.8200000000	0.0314072243
1535.8300000000	0.0308951742
1535.8400000000	0.0303878593
1535.8500000000	0.0301159928
1535.8600000000	0.0298124069
1535.8700000000	0.0296721949
1535.8800000000	0.0296350387
1535.8900000000	0.0297016047
1535.9000000000	0.0299382471
1535.9100000000	0.0300897853
1535.9200000000	0.0303001067
1535.9300000000	0.0304827197
1535.9400000000	0.0307974595
1535.9500000000	0.0308485664
1535.9600000000	0.0308500408
1535.9700000000	0.0308739997
1535.9800000000	0.0306494560
1535.9900000000	0.0303713118
1536.0000000000	0.0300090542
1536.0100000000	0.0297104103
1536.0200000000	0.0294619318
1536.0300000000	0.0293649356
1536.0400000000	0.0293118355
1536.0500000000	0.0293798036
1536.0600000000	0.0296874334
1536.0700000000	0.0300690604
1536.0800000000	0.0304388355
1536.0900000000	0.0308521386
1536.1000000000	0.0311883196
1536.1100000000	0.0314333027
1536.1200000000	0.0315313082
1536.1300000000	0.0315975194
1536.1400000000	0.0315039196
1536.1500000000	0.0314607486
1536.1600000000	0.0313271223
1536.1700000000	0.0310183239
1536.1800000000	0.0307265119
1536.1900000000	0.0304758196
1536.2000000000	0.0301335069
1536.2100000000	0.0299072806
1536.2200000000	0.0298524089
1536.2300000000	0.0300849973
1536.2400000000	0.0305698070
1536.2500000000	0.0312228351
1536.2600000000	0.0318890647
1536.2700000000	0.0326616250
1536.2800000000	0.0333360731
1536.2900000000	0.0339224542
1536.3000000000	0.0343988125
1536.3100000000	0.0349005880
1536.3200000000	0.0351854290
1536.3300000000	0.0354176617
1536.3400000000	0.0355264844
1536.3500000000	0.0354833096
1536.3600000000	0.0353659273
1536.3700000000	0.0350650080
1536.3800000000	0.0348947506
1536.3900000000	0.0349569854
1536.4000000000	0.0350916706
1536.4100000000	0.0352636713
1536.4200000000	0.0356845902
1536.4300000000	0.0362811742
1536.4400000000	0.0370043494
1536.4500000000	0.0377347294
1536.4600000000	0.0384644199
1536.4700000000	0.0390901448
1536.4800000000	0.0397457727
1536.4900000000	0.0401128138
1536.5000000000	0.0403993512
1536.5100000000	0.0404860865
1536.5200000000	0.0402673627
1536.5300000000	0.0398087905
1536.5400000000	0.0390492728
1536.5500000000	0.0382548252
1536.5600000000	0.0374034702
1536.5700000000	0.0365651793
1536.5800000000	0.0359352041
1536.5900000000	0.0354974731
1536.6000000000	0.0352307365
1536.6100000000	0.0351756753
1536.6200000000	0.0352071683
1536.6300000000	0.0353534670
1536.6400000000	0.0355942428
1536.6500000000	0.0359550769
1536.6600000000	0.0361569546
1536.6700000000	0.0363393496
1536.6800000000	0.0363556028
1536.6900000000	0.0363223768
1536.7000000000	0.0361183122
1536.7100000000	0.0358391014
1536.7200000000	0.0355584698
1536.7300000000	0.0351788627
1536.7400000000	0.0347575877
1536.7500000000	0.0342030606
1536.7600000000	0.0338139346
1536.7700000000	0.0335256761
1536.7800000000	0.0334637708
1536.7900000000	0.0335421408
1536.8000000000	0.0339285776
1536.8100000000	0.0345082539
1536.8200000000	0.0352796918
1536.8300000000	0.0359482112
1536.8400000000	0.0366924112
1536.8500000000	0.0373274948
1536.8600000000	0.0377303048
1536.8700000000	0.0379836497
1536.8800000000	0.0381045144
1536.8900000000	0.0380599231
1536.9000000000	0.0378215627
1536.9100000000	0.0374777597
1536.9200000000	0.0369736530
1536.9300000000	0.0364583975
1536.9400000000	0.0359127904
1536.9500000000	0.0353953241
1536.9600000000	0.0350395929
1536.9700000000	0.0349340646
1536.9800000000	0.0351822424
1536.9900000000	0.0355726316
1537.0000000000	0.0361696074
1537.0100000000	0.0369590575
1537.0200000000	0.0376854072
1537.0300000000	0.0384408074
1537.0400000000	0.0390022376
1537.0500000000	0.0394480377
1537.0600000000	0.0398023985
1537.0700000000	0.0399954792
1537.0800000000	0.0399239594
1537.0900000000	0.0396951305
1537.1000000000	0.0393568388
1537.1100000000	0.0387453566
1537.1200000000	0.0379324807
1537.1300000000	0.0372502091
1537.1400000000	0.0367727442
1537.1500000000	0.0364946463
1537.1600000000	0.0363119034
1537.1700000000	0.0362576968
1537.1800000000	0.0364916019
1537.1900000000	0.0368107660
1537.2000000000	0.0371707518
1537.2100000000	0.0375634039
1537.2200000000	0.0380267907
1537.2300000000	0.0383136376
1537.2400000000	0.0385968525
1537.2500000000	0.0386425050
1537.2600000000	0.0385759670
1537.2700000000	0.0383537480
1537.2800000000	0.0379329639
1537.2900000000	0.0373936269
1537.3000000000	0.0367861230
1537.3100000000	0.0363295972
1537.3200000000	0.0358075998
1537.3300000000	0.0354238013
1537.3400000000	0.0352908974
1537.3500000000	0.0353762701
1537.3600000000	0.0356686658
1537.3700000000	0.0361439277
1537.3800000000	0.0367448179
1537.3900000000	0.0373237181
1537.4000000000	0.0378937604
1537.4100000000	0.0383919410
1537.4200000000	0.0387323090
1537.4300000000	0.0390696252
1537.4400000000	0.0393067489
1537.4500000000	0.0393546458
1537.4600000000	0.0391516573
1537.4700000000	0.0388394903
1537.4800000000	0.0383925609
1537.4900000000	0.0379499874
1537.5000000000	0.0374531748
1537.5100000000	0.0370428914
1537.5200000000	0.0368719059
1537.5300000000	0.0367597465
1537.5400000000	0.0369419839
1537.5500000000	0.0375862630
1537.5600000000	0.0384024858
1537.5700000000	0.0395203095
1537.5800000000	0.0406376444
1537.5900000000	0.0416405062
1537.6000000000	0.0425920170
1537.6100000000	0.0432842327
1537.6200000000	0.0439994657
1537.6300000000	0.0445358705
1537.6400000000	0.0449434729
1537.6500000000	0.0450419112
1537.6600000000	0.0448518340
1537.6700000000	0.0445408305
1537.6800000000	0.0441927322
1537.6900000000	0.0437710891
1537.7000000000	0.0432051619
1537.7100000000	0.0428210420
1537.7200000000	0.0425086138
1537.7300000000	0.0424013821
1537.7400000000	0.0424662302
1537.7500000000	0.0426735336
1537.7600000000	0.0429930588
1537.7700000000	0.0432806660
1537.7800000000	0.0434980512
1537.7900000000	0.0436835595
1537.8000000000	0.0437204193
1537.8100000000	0.0436743445
1537.8200000000	0.0434502354
1537.8300000000	0.0431759848
1537.8400000000	0.0427550411
1537.8500000000	0.0422327095
1537.8600000000	0.0416831143
1537.8700000000	0.0411407709
1537.8800000000	0.0406208323
1537.8900000000	0.0402990340
1537.9000000000	0.0400187883
1537.9100000000	0.0399362671
1537.9200000000	0.0399933376
1537.9300000000	0.0402340039
1537.9400000000	0.0404745335
1537.9500000000	0.0407106452
1537.9600000000	0.0409489516
1537.9700000000	0.0410921488
1537.9800000000	0.0411403220
1537.9900000000	0.0411760451
1538.0000000000	0.0411239092
1538.0100000000	0.0407556520
1538.0200000000	0.0403258520
1538.0300000000	0.0397732891
1538.0400000000	0.0390133981
1538.0500000000	0.0382559912
1538.0600000000	0.0375293803
1538.0700000000	0.0367932168
1538.0800000000	0.0362094774
1538.0900000000	0.0359092392
1538.1000000000	0.0357592106
1538.1100000000	0.0358655049
1538.1200000000	0.0361660942
1538.1300000000	0.0365418839
1538.1400000000	0.0369778142
1538.1500000000	0.0372807681
1538.1600000000	0.0376151366
1538.1700000000	0.0378871733
1538.1800000000	0.0380054449
1538.1900000000	0.0381076097
1538.2000000000	0.0380732280
1538.2100000000	0.0379015837
1538.2200000000	0.0377122363
1538.2300000000	0.0373609100
1538.2400000000	0.0369166804
1538.2500000000	0.0366416352
1538.2600000000	0.0363639338
1538.2700000000	0.0361804298
1538.2800000000	0.0361768180
1538.2900000000	0.0364600045
1538.3000000000	0.0368919282
1538.3100000000	0.0373260477
1538.3200000000	0.0378309530
1538.3300000000	0.0382993819
1538.3400000000	0.0387259813
1538.3500000000	0.0389691088
1538.3600000000	0.0390066919
1538.3700000000	0.0390033693
1538.3800000000	0.0387851780
1538.3900000000	0.0384672535
1538.4000000000	0.0381228289
1538.4100000000	0.0376558877
1538.4200000000	0.0371793886
1538.4300000000	0.0367899736
1538.4400000000	0.0364285411
1538.4500000000	0.0362370103
1538.4600000000	0.0362115809
1538.4700000000	0.0364551805
1538.4800000000	0.0368561741
1538.4900000000	0.0375579028
1538.5000000000	0.0383528721
1538.5100000000	0.0391484753
1538.5200000000	0.0398801860
1538.5300000000	0.0405646977
1538.5400000000	0.0411547355
1538.5500000000	0.0415718809
1538.5600000000	0.0418690513
1538.5700000000	0.0419301597
1538.5800000000	0.0419984825
1538.5900000000	0.0418649634
1538.6000000000	0.0414533777
1538.6100000000	0.0410729999
1538.6200000000	0.0406956959
1538.6300000000	0.0403529504
1538.6400000000	0.0401391484
1538.6500000000	0.0401167569
1538.6600000000	0.0402034334
1538.6700000000	0.0405542731
1538.6800000000	0.0410619210
1538.6900000000	0.0413580693
1538.7000000000	0.0417862574
1538.7100000000	0.0421482782
1538.7200000000	0.0423086565
1538.7300000000	0.0424078535
1538.7400000000	0.0424562420
1538.7500000000	0.0423186095
1538.7600000000	0.0421162280
1538.7700000000	0.0420130135
1538.7800000000	0.0416289771
1538.7900000000	0.0411949519
1538.8000000000	0.0407203099
1538.8100000000	0.0401113553
1538.8200000000	0.0396968853
1538.8300000000	0.0394089456
1538.8400000000	0.0391593745
1538.8500000000	0.0391445064
1538.8600000000	0.0393441628
1538.8700000000	0.0394662929
1538.8800000000	0.0397657958
1538.8900000000	0.0399204601
1538.9000000000	0.0398383621
1538.9100000000	0.0397057167
1538.9200000000	0.0394177924
1538.9300000000	0.0389165132
1538.9400000000	0.0383893061
1538.9500000000	0.0378501636
1538.9600000000	0.0371628044
1538.9700000000	0.0365915892
1538.9800000000	0.0359128371
1538.9900000000	0.0354144986
1539.0000000000	0.0349491210
1539.0100000000	0.0346483724
1539.0200000000	0.0344430399
1539.0300000000	0.0344892537
1539.0400000000	0.0348118235
1539.0500000000	0.0351965613
1539.0600000000	0.0358015733
1539.0700000000	0.0364996789
1539.0800000000	0.0370313668
1539.0900000000	0.0375879178
1539.1000000000	0.0381590932
1539.1100000000	0.0385035388
1539.1200000000	0.0388381352
1539.1300000000	0.0389999702
1539.1400000000	0.0388555407
1539.1500000000	0.0387781952
1539.1600000000	0.0386381567
1539.1700000000	0.0385691421
1539.1800000000	0.0385366584
1539.1900000000	0.0385666935
1539.2000000000	0.0388476266
1539.2100000000	0.0393618930
1539.2200000000	0.0399553005
1539.2300000000	0.0406952978
1539.2400000000	0.0414822661
1539.2500000000	0.0424189096
1539.2600000000	0.0432303684
1539.2700000000	0.0441411123
1539.2800000000	0.0446896227
1539.2900000000	0.0452344611
1539.3000000000	0.0455368398
1539.3100000000	0.0456723771
1539.3200000000	0.0454974926
1539.3300000000	0.0452458698
1539.3400000000	0.0446584548
1539.3500000000	0.0438834955
1539.3600000000	0.0431966320
1539.3700000000	0.0423842708
1539.3800000000	0.0417281683
1539.3900000000	0.0412529006
1539.4000000000	0.0411529430
1539.4100000000	0.0412702033
1539.4200000000	0.0416335603
1539.4300000000	0.0420742841
1539.4400000000	0.0425886827
1539.4500000000	0.0431347784
1539.4600000000	0.0435788656
1539.4700000000	0.0439331416
1539.4800000000	0.0442524292
1539.4900000000	0.0444806885
1539.5000000000	0.0444660061
1539.5100000000	0.0442748698
1539.5200000000	0.0439557429
1539.5300000000	0.0434809967
1539.5400000000	0.0428401084
1539.5500000000	0.0420523628
1539.5600000000	0.0412217737
1539.5700000000	0.0403959311
1539.5800000000	0.0396846525
1539.5900000000	0.0390085606
1539.6000000000	0.0386271307
1539.6100000000	0.0384842689
1539.6200000000	0.0385237869
1539.6300000000	0.0385971209
1539.6400000000	0.0386081811
1539.6500000000	0.0387685214
1539.6600000000	0.0388526221
1539.6700000000	0.0388927238
1539.6800000000	0.0388942135
1539.6900000000	0.0388215881
1539.7000000000	0.0387794430
1539.7100000000	0.0386596659
1539.7200000000	0.0383786255
1539.7300000000	0.0381691057
1539.7400000000	0.0380234467
1539.7500000000	0.0378487358
1539.7600000000	0.0377471943
1539.7700000000	0.0377171609
1539.7800000000	0.0377635467
1539.7900000000	0.0379321982
1539.8000000000	0.0381008631
1539.8100000000	0.0383990390
1539.8200000000	0.0386722663
1539.8300000000	0.0388993212
1539.8400000000	0.0391496124
1539.8500000000	0.0392438233
1539.8600000000	0.0393167097
1539.8700000000	0.0394199189
1539.8800000000	0.0394623989
1539.8900000000	0.0394981141
1539.9000000000	0.0395965780
1539.9100000000	0.0396093237
1539.9200000000	0.0396800711
1539.9300000000	0.0396173113
1539.9400000000	0.0397537720
1539.9500000000	0.0400448877
1539.9600000000	0.0403894938
1539.9700000000	0.0409043688
1539.9800000000	0.0417279041
1539.9900000000	0.0425640006
1540.0000000000	0.0434192358
1540.0100000000	0.0441892292
1540.0200000000	0.0448245661
1540.0300000000	0.0453783830
1540.0400000000	0.0458050836
1540.0500000000	0.0460074651
1540.0600000000	0.0458759171
1540.0700000000	0.0458019071
1540.0800000000	0.0455474239
1540.0900000000	0.0452103764
1540.1000000000	0.0448344357
1540.1100000000	0.0444148172
1540.1200000000	0.0439245025
1540.1300000000	0.0435388136
1540.1400000000	0.0432391801
1540.1500000000	0.0432734986
1540.1600000000	0.0435019372
1540.1700000000	0.0439408011
1540.1800000000	0.0445041614
1540.1900000000	0.0452411403
1540.2000000000	0.0458894302
1540.2100000000	0.0464923723
1540.2200000000	0.0470835844
1540.2300000000	0.0475395241
1540.2400000000	0.0478912840
1540.2500000000	0.0482055757
1540.2600000000	0.0484025806
1540.2700000000	0.0483618210
1540.2800000000	0.0482520560
1540.2900000000	0.0480940221
1540.3000000000	0.0477498006
1540.3100000000	0.0475827255
1540.3200000000	0.0472454094
1540.3300000000	0.0472565805
1540.3400000000	0.0472609245
1540.3500000000	0.0474636500
1540.3600000000	0.0477744946
1540.3700000000	0.0480968808
1540.3800000000	0.0484186818
1540.3900000000	0.0487378584
1540.4000000000	0.0489991225
1540.4100000000	0.0490203654
1540.4200000000	0.0488171577
1540.4300000000	0.0484659438
1540.4400000000	0.0479258139
1540.4500000000	0.0472525571
1540.4600000000	0.0466028902
1540.4700000000	0.0458814305
1540.4800000000	0.0451849627
1540.4900000000	0.0444308486
1540.5000000000	0.0437594780
1540.5100000000	0.0433081594
1540.5200000000	0.0431252411
1540.5300000000	0.0432293431
1540.5400000000	0.0433066872
1540.5500000000	0.0434337356
1540.5600000000	0.0437433738
1540.5700000000	0.0440245606
1540.5800000000	0.0443708301
1540.5900000000	0.0446744023
1540.6000000000	0.0448500056
1540.6100000000	0.0449574135
1540.6200000000	0.0449436484
1540.6300000000	0.0448492771
1540.6400000000	0.0445902305
1540.6500000000	0.0442098121
1540.6600000000	0.0439021304
1540.6700000000	0.0434330021
1540.6800000000	0.0429678310
1540.6900000000	0.0424775258
1540.7000000000	0.0419819106
1540.7100000000	0.0416423668
1540.7200000000	0.0415078070
1540.7300000000	0.0415089603
1540.7400000000	0.0416193207
1540.7500000000	0.0416990472
1540.7600000000	0.0418703013
1540.7700000000	0.0419776602
1540.7800000000	0.0421157919
1540.7900000000	0.0421858554
1540.8000000000	0.0422194425
1540.8100000000	0.0422136641
1540.8200000000	0.0421449271
1540.8300000000	0.0421101566
1540.8400000000	0.0420089658
1540.8500000000	0.0418753809
1540.8600000000	0.0416493869
1540.8700000000	0.0414643865
1540.8800000000	0.0413189696
1540.8900000000	0.0413728949
1540.9000000000	0.0414780571
1540.9100000000	0.0417506121
1540.9200000000	0.0422432867
1540.9300000000	0.0428178019
1540.9400000000	0.0434835157
1540.9500000000	0.0440617537
1540.9600000000	0.0447385282
1540.9700000000	0.0452785420
1540.9800000000	0.0454960166
1540.9900000000	0.0455781910
1541.0000000000	0.0455081727
1541.0100000000	0.0454664596
1541.0200000000	0.0453408720
1541.0300000000	0.0450939392
1541.0400000000	0.0448696189
1541.0500000000	0.0445835735
1541.0600000000	0.0443095330
1541.0700000000	0.0441502198
1541.0800000000	0.0441530518
1541.0900000000	0.0441983648
1541.1000000000	0.0443769015
1541.1100000000	0.0445792830
1541.1200000000	0.0445792830
1541.1300000000	0.0446744023
1541.1400000000	0.0448064186
1541.1500000000	0.0448595515
1541.1600000000	0.0448653300
1541.1700000000	0.0448342709
1541.1800000000	0.0446410418
1541.1900000000	0.0444592768
1541.2000000000	0.0440974757
1541.2100000000	0.0436432147
1541.2200000000	0.0431823553
1541.2300000000	0.0426231332
1541.2400000000	0.0419403304
1541.2500000000	0.0413270826
1541.2600000000	0.0407777936
1541.2700000000	0.0403976975
1541.2800000000	0.0401377832
1541.2900000000	0.0400820069
1541.3000000000	0.0401416764
1541.3100000000	0.0401274072
1541.3200000000	0.0402630235
1541.3300000000	0.0403352539
1541.3400000000	0.0403743401
1541.3500000000	0.0402394192
1541.3600000000	0.0401031485
1541.3700000000	0.0399344835
1541.3800000000	0.0398977398
1541.3900000000	0.0397662250
1541.4000000000	0.0395961329
1541.4100000000	0.0394515728
1541.4200000000	0.0393420216
1541.4300000000	0.0392640478
1541.4400000000	0.0392517686
1541.4500000000	0.0393124422
1541.4600000000	0.0395381747
1541.4700000000	0.0398220423
1541.4800000000	0.0402366577
1541.4900000000	0.0407606317
1541.5000000000	0.0413335187
1541.5100000000	0.0420741434
1541.5200000000	0.0427626148
1541.5300000000	0.0434309852
1541.5400000000	0.0438879071
1541.5500000000	0.0443565352
1541.5600000000	0.0446065426
1541.5700000000	0.0448581792
1541.5800000000	0.0451299115
1541.5900000000	0.0452693654
1541.6000000000	0.0453623259
1541.6100000000	0.0453337227
1541.6200000000	0.0453557822
1541.6300000000	0.0452613633
1541.6400000000	0.0453294662
1541.6500000000	0.0454637190
1541.6600000000	0.0457265194
1541.6700000000	0.0459479919
1541.6800000000	0.0462883833
1541.6900000000	0.0466774020
1541.7000000000	0.0470392476
1541.7100000000	0.0473936747
1541.7200000000	0.0477168897
1541.7300000000	0.0480074962
1541.7400000000	0.0483519833
1541.7500000000	0.0485990813
1541.7600000000	0.0488251140
1541.7700000000	0.0489790591
1541.7800000000	0.0491667822
1541.7900000000	0.0493296102
1541.8000000000	0.0492729609
1541.8100000000	0.0493704720
1541.8200000000	0.0494022550
1541.8300000000	0.0496998590
1541.8400000000	0.0500466103
1541.8500000000	0.0503159991
1541.8600000000	0.0507101029
1541.8700000000	0.0510757249
1541.8800000000	0.0513404229
1541.8900000000	0.0514085259
1541.9000000000	0.0515116626
1541.9100000000	0.0513850304
1541.9200000000	0.0512789047
1541.9300000000	0.0511766208
1541.9400000000	0.0509045167
1541.9500000000	0.0505547364
1541.9600000000	0.0501935696
1541.9700000000	0.0496922759
1541.9800000000	0.0492382931
1541.9900000000	0.0487831734
1542.0000000000	0.0484079184
1542.0100000000	0.0482205924
1542.0200000000	0.0481346269
1542.0300000000	0.0480590764
1542.0400000000	0.0481455781
1542.0500000000	0.0484377618
1542.0600000000	0.0486406549
1542.0700000000	0.0489883943
1542.0800000000	0.0492660421
1542.0900000000	0.0494072922
1542.1000000000	0.0495124512
1542.1100000000	0.0494073132
1542.1200000000	0.0491201936
1542.1300000000	0.0487983925
1542.1400000000	0.0486196222
1542.1500000000	0.0481769391
1542.1600000000	0.0477342560
1542.1700000000	0.0473496240
1542.1800000000	0.0470331081
1542.1900000000	0.0466625553
1542.2000000000	0.0463600367
1542.2100000000	0.0461319765
1542.2200000000	0.0460543567
1542.2300000000	0.0461521548
1542.2400000000	0.0462955359
1542.2500000000	0.0464125491
1542.2600000000	0.0467374671
1542.2700000000	0.0470583151
1542.2800000000	0.0475648461
1542.2900000000	0.0478732272
1542.3000000000	0.0481994963
1542.3100000000	0.0484340630
1542.3200000000	0.0484736262
1542.3300000000	0.0483200263
1542.3400000000	0.0480915187
1542.3500000000	0.0478142403
1542.3600000000	0.0473360080
1542.3700000000	0.0470070692
1542.3800000000	0.0466010206
1542.3900000000	0.0460900358
1542.4000000000	0.0457066304
1542.4100000000	0.0452874504
1542.4200000000	0.0449403095
1542.4300000000	0.0447030739
1542.4400000000	0.0444355922
1542.4500000000	0.0441363930
1542.4600000000	0.0439421042
1542.4700000000	0.0437937412
1542.4800000000	0.0435717084
1542.4900000000	0.0433756520
1542.5000000000	0.0433278619
1542.5100000000	0.0433022732
1542.5200000000	0.0431427720
1542.5300000000	0.0430042909
1542.5400000000	0.0428511169
1542.5500000000	0.0427154005
1542.5600000000	0.0426842598
1542.5700000000	0.0427457722
1542.5800000000	0.0429543305
1542.5900000000	0.0431985018
1542.6000000000	0.0433800893
1542.6100000000	0.0435884063
1542.6200000000	0.0437681401
1542.6300000000	0.0439181832
1542.6400000000	0.0440628210
1542.6500000000	0.0441436527
1542.6600000000	0.0440844901
1542.6700000000	0.0439521973
1542.6800000000	0.0439057301
1542.6900000000	0.0438999414
1542.7000000000	0.0438727820
1542.7100000000	0.0438904771
1542.7200000000	0.0438492609
1542.7300000000	0.0438529704
1542.7400000000	0.0438165152
1542.7500000000	0.0437685999
1542.7600000000	0.0437819899
1542.7700000000	0.0439740033
1542.7800000000	0.0442826665
1542.7900000000	0.0445836610
1542.8000000000	0.0450401244
1542.8100000000	0.0456067025
1542.8200000000	0.0461279585
1542.8300000000	0.0465977280
1542.8400000000	0.0470882391
1542.8500000000	0.0474039407
1542.8600000000	0.0478142428
1542.8700000000	0.0480955654
1542.8800000000	0.0483356993
1542.8900000000	0.0484064997
1542.9000000000	0.0484762519
1542.9100000000	0.0484408374
1542.9200000000	0.0484054374
1542.9300000000	0.0483342903
1542.9400000000	0.0481933910
1542.9500000000	0.0478958254
1542.9600000000	0.0476863120
1542.9700000000	0.0475138792
1542.9800000000	0.0472676705
1542.9900000000	0.0470898659
1543.0000000000	0.0469980172
1543.0100000000	0.0469274414
1543.0200000000	0.0468339644
1543.0300000000	0.0467961072
1543.0400000000	0.0467515031
1543.0500000000	0.0467245991
1543.0600000000	0.0467677872
1543.0700000000	0.0467048202
1543.0800000000	0.0466282513
1543.0900000000	0.0464569973
1543.1000000000	0.0461739721
1543.1100000000	0.0460582470
1543.1200000000	0.0459563995
1543.1300000000	0.0457881026
1543.1400000000	0.0456682002
1543.1500000000	0.0457133442
1543.1600000000	0.0456613383
1543.1700000000	0.0456830543
1543.1800000000	0.0456877024
1543.1900000000	0.0457793438
1543.2000000000	0.0458247596
1543.2100000000	0.0458307186
1543.2200000000	0.0459148458
1543.2300000000	0.0459916118
1543.2400000000	0.0459077273
1543.2500000000	0.0458424074
1543.2600000000	0.0458080285
1543.2700000000	0.0457949645
1543.2800000000	0.0457025096
1543.2900000000	0.0455570810
1543.3000000000	0.0455089175
1543.3100000000	0.0454359793
1543.3200000000	0.0453287171
1543.3300000000	0.0451971323
1543.3400000000	0.0451027369
1543.3500000000	0.0450014261
1543.3600000000	0.0449437582
1543.3700000000	0.0448107378
1543.3800000000	0.0446583991
1543.3900000000	0.0445835310
1543.4000000000	0.0444112389
1543.4100000000	0.0443006846
1543.4200000000	0.0442267480
1543.4300000000	0.0442217424
1543.4400000000	0.0443246708
1543.4500000000	0.0444340777
1543.4600000000	0.0446132313
1543.4700000000	0.0447820153
1543.4800000000	0.0449506675
1543.4900000000	0.0450899734
1543.5000000000	0.0451975840
1543.5100000000	0.0453543338
1543.5200000000	0.0454528327
1543.5300000000	0.0454731635
1543.5400000000	0.0454489769
1543.5500000000	0.0453894990
1543.5600000000	0.0452933097
1543.5700000000	0.0451370655
1543.5800000000	0.0448367267
1543.5900000000	0.0443005416
1543.6000000000	0.0437569148
1543.6100000000	0.0431978366
1543.6200000000	0.0426156741
1543.6300000000	0.0420786641
1543.6400000000	0.0415826319
1543.6500000000	0.0411289166
1543.6600000000	0.0408458485
1543.6700000000	0.0404993102
1543.6800000000	0.0404023645
1543.6900000000	0.0403959275
1543.7000000000	0.0404602979
1543.7100000000	0.0405948904
1543.7200000000	0.0406734785
1543.7300000000	0.0408078288
1543.7400000000	0.0409184595
1543.7500000000	0.0409616127
1543.7600000000	0.0410783483
1543.7700000000	0.0411366727
1543.7800000000	0.0411467918
1543.7900000000	0.0411467918
1543.8000000000	0.0411706278
1543.8100000000	0.0412065010
1543.8200000000	0.0412182999
1543.8300000000	0.0411220117
1543.8400000000	0.0410278476
1543.8500000000	0.0410037756
1543.8600000000	0.0410037756
1543.8700000000	0.0410529854
1543.8800000000	0.0412643237
1543.8900000000	0.0414439854
1543.9000000000	0.0416922459
1543.9100000000	0.0419464103
1543.9200000000	0.0422320829
1543.9300000000	0.0426499348
1543.9400000000	0.0429500813
1543.9500000000	0.0432756895
1543.9600000000	0.0435693842
1543.9700000000	0.0438966577
1543.9800000000	0.0441894119
1543.9900000000	0.0445332148
1544.0000000000	0.0447436277
1544.0100000000	0.0447900402
1544.0200000000	0.0449162108
1544.0300000000	0.0449368381
1544.0400000000	0.0450211899
1544.0500000000	0.0451513733
1544.0600000000	0.0453155679
1544.0700000000	0.0454436117
1544.0800000000	0.0455522558
1544.0900000000	0.0456614305
1544.1000000000	0.0458523877
1544.1100000000	0.0459572879
1544.1200000000	0.0460293522
1544.1300000000	0.0461010306
1544.1400000000	0.0461167656
1544.1500000000	0.0460561268
1544.1600000000	0.0458468656
1544.1700000000	0.0455804256
1544.1800000000	0.0453535113
1544.1900000000	0.0451724079
1544.2000000000	0.0449212615
1544.2100000000	0.0445339709
1544.2200000000	0.0442153064
1544.2300000000	0.0438934403
1544.2400000000	0.0435706320
1544.2500000000	0.0433224984
1544.2600000000	0.0431480652
1544.2700000000	0.0431143350
1544.2800000000	0.0431133230
1544.2900000000	0.0431747121
1544.3000000000	0.0433855378
1544.3100000000	0.0435481069
1544.3200000000	0.0437179819
1544.3300000000	0.0438673733
1544.3400000000	0.0439817155
1544.3500000000	0.0441955428
1544.3600000000	0.0444167967
1544.3700000000	0.0446815998
1544.3800000000	0.0449131201
1544.3900000000	0.0451066699
1544.4000000000	0.0452362898
1544.4100000000	0.0453480243
1544.4200000000	0.0454910405
1544.4300000000	0.0456711141
1544.4400000000	0.0457547873
1544.4500000000	0.0457249158
1544.4600000000	0.0457234564
1544.4700000000	0.0457592105
1544.4800000000	0.0458314409
1544.4900000000	0.0459029490
1544.5000000000	0.0459337328
1544.5100000000	0.0457935485
1544.5200000000	0.0457234564
1544.5300000000	0.0457231024
1544.5400000000	0.0456877024
1544.5500000000	0.0457564602
1544.5600000000	0.0459572329
1544.5700000000	0.0461653618
1544.5800000000	0.0463106626
1544.5900000000	0.0464863458
1544.6000000000	0.0467639999
1544.6100000000	0.0472507077
1544.6200000000	0.0475622936
1544.6300000000	0.0479119460
1544.6400000000	0.0483595130
1544.6500000000	0.0487874169
1544.6600000000	0.0490231957
1544.6700000000	0.0492178444
1544.6800000000	0.0492974260
1544.6900000000	0.0492034929
1544.7000000000	0.0489245957
1544.7100000000	0.0485694946
1544.7200000000	0.0481838974
1544.7300000000	0.0477919906
1544.7400000000	0.0473359716
1544.7500000000	0.0468715085
1544.7600000000	0.0463422632
1544.7700000000	0.0458452320
1544.7800000000	0.0453220516
1544.7900000000	0.0450521959
1544.8000000000	0.0447468308
1544.8100000000	0.0445050784
1544.8200000000	0.0442963152
1544.8300000000	0.0442023219
1544.8400000000	0.0440553340
1544.8500000000	0.0440317206
1544.8600000000	0.0441350930
1544.8700000000	0.0441859738
1544.8800000000	0.0442090970
1544.8900000000	0.0442686922
1544.9000000000	0.0442217327
1544.9100000000	0.0442348720
1544.9200000000	0.0442574965
1544.9300000000	0.0442574965
1544.9400000000	0.0442314935
1544.9500000000	0.0441094710
1544.9600000000	0.0440171993
1544.9700000000	0.0439737562
1544.9800000000	0.0440429576
1544.9900000000	0.0439714495
1545.0000000000	0.0440072035
1545.0100000000	0.0439356954
1545.0200000000	0.0438999414
1545.0300000000	0.0438977745
1545.0400000000	0.0437893952
1545.0500000000	0.0436799852
1545.0600000000	0.0435700451
1545.0700000000	0.0434351241
1545.0800000000	0.0431286469
1545.0900000000	0.0427928727
1545.1000000000	0.0426042388
1545.1100000000	0.0425469643
1545.1200000000	0.0424211100
1545.1300000000	0.0423982274
1545.1400000000	0.0426685280
1545.1500000000	0.0429555820
1545.1600000000	0.0432673251
1545.1700000000	0.0437537674
1545.1800000000	0.0441438591
1545.1900000000	0.0447208057
1545.2000000000	0.0452932739
1545.2100000000	0.0457588329
1545.2200000000	0.0463089430
1545.2300000000	0.0467165724
1545.2400000000	0.0469015636
1545.2500000000	0.0469741552
1545.2600000000	0.0468969974
1545.2700000000	0.0465783967
1545.2800000000	0.0462597818
1545.2900000000	0.0459022267
1545.3000000000	0.0452650113
1545.3100000000	0.0447775075
1545.3200000000	0.0442869419
1545.3300000000	0.0437027614
1545.3400000000	0.0433306662
1545.3500000000	0.0431119762
1545.3600000000	0.0429362553
1545.3700000000	0.0428987987
1545.3800000000	0.0429723499
1545.3900000000	0.0430544553
1545.4000000000	0.0432986041
1545.4100000000	0.0436954237
1545.4200000000	0.0440527087
1545.4300000000	0.0443754805
1545.4400000000	0.0447473372
1545.4500000000	0.0449654413
1545.4600000000	0.0451585234
1545.4700000000	0.0453036201
1545.4800000000	0.0453301473
1545.4900000000	0.0451363702
1545.5000000000	0.0450456381
1545.5100000000	0.0447005669
1545.5200000000	0.0443806887
1545.5300000000	0.0441982434
1545.5400000000	0.0438567533
1545.5500000000	0.0436941595
1545.5600000000	0.0437533129
1545.5700000000	0.0437915847
1545.5800000000	0.0437226014
1545.5900000000	0.0438194100
1545.6000000000	0.0440412868
1545.6100000000	0.0441909975
1545.6200000000	0.0444554930
1545.6300000000	0.0445684166
1545.6400000000	0.0447244122
1545.6500000000	0.0448407929
1545.6600000000	0.0448653300
1545.6700000000	0.0447752298
1545.6800000000	0.0447678189
1545.6900000000	0.0447480567
1545.7000000000	0.0446078915
1545.7100000000	0.0447322610
1545.7200000000	0.0448048798
1545.7300000000	0.0448193605
1545.7400000000	0.0449622714
1545.7500000000	0.0450939277
1545.7600000000	0.0452696676
1545.7700000000	0.0455260338
1545.7800000000	0.0458596979
1545.7900000000	0.0461787153
1545.8000000000	0.0464629781
1545.8100000000	0.0466802635
1545.8200000000	0.0468587653
1545.8300000000	0.0470374609
1545.8400000000	0.0470464001
1545.8500000000	0.0469777384
1545.8600000000	0.0468719058
1545.8700000000	0.0467713801
1545.8800000000	0.0464601418
1545.8900000000	0.0462363913
1545.9000000000	0.0459831834
1545.9100000000	0.0456269103
1545.9200000000	0.0453572337
1545.9300000000	0.0450151437
1545.9400000000	0.0447487614
1545.9500000000	0.0444874441
1545.9600000000	0.0444005127
1545.9700000000	0.0442616934
1545.9800000000	0.0440289364
1545.9900000000	0.0438413656
1546.0000000000	0.0435879298
1546.0100000000	0.0432567229
1546.0200000000	0.0429469726
1546.0300000000	0.0426608982
1546.0400000000	0.0424070774
1546.0500000000	0.0421865514
1546.0600000000	0.0420898783
1546.0700000000	0.0419008945
1546.0800000000	0.0417721375
1546.0900000000	0.0416636149
1546.1000000000	0.0415859673
1546.1100000000	0.0416344235
1546.1200000000	0.0417576899
1546.1300000000	0.0419210298
1546.1400000000	0.0421162666
1546.1500000000	0.0423219010
1546.1600000000	0.0425513103
1546.1700000000	0.0427516509
1546.1800000000	0.0429439252
1546.1900000000	0.0430611513
1546.2000000000	0.0431778992
1546.2100000000	0.0432975190
1546.2200000000	0.0433067014
1546.2300000000	0.0433358884
1546.2400000000	0.0433636160
1546.2500000000	0.0435022984
1546.2600000000	0.0436492836
1546.2700000000	0.0438433597
1546.2800000000	0.0440791046
1546.2900000000	0.0445486357
1546.3000000000	0.0450896694
1546.3100000000	0.0455804256
1546.3200000000	0.0461822554
1546.3300000000	0.0468129322
1546.3400000000	0.0475186503
1546.3500000000	0.0481710564
1546.3600000000	0.0486459861
1546.3700000000	0.0492570701
1546.3800000000	0.0496207649
1546.3900000000	0.0497544249
1546.4000000000	0.0497637811
1546.4100000000	0.0497350442
1546.4200000000	0.0495432421
1546.4300000000	0.0492253568
1546.4400000000	0.0489257927
1546.4500000000	0.0485523109
1546.4600000000	0.0482228078
1546.4700000000	0.0479423748
1546.4800000000	0.0477682218
1546.4900000000	0.0476416146
1546.5000000000	0.0475416531
1546.5100000000	0.0475952519
1546.5200000000	0.0477426973
1546.5300000000	0.0479581525
1546.5400000000	0.0482631729
1546.5500000000	0.0484453170
1546.5600000000	0.0485562233
1546.5700000000	0.0486118010
1546.5800000000	0.0485031451
1546.5900000000	0.0482713658
1546.6000000000	0.0479917545
1546.6100000000	0.0476470828
1546.6200000000	0.0472895303
1546.6300000000	0.0469319752
1546.6400000000	0.0464612109
1546.6500000000	0.0461353459
1546.6600000000	0.0458782715
1546.6700000000	0.0456394570
1546.6800000000	0.0454792349
1546.6900000000	0.0454141356
1546.7000000000	0.0453372981
1546.7100000000	0.0453367143
1546.7200000000	0.0454753525
1546.7300000000	0.0457014207
1546.7400000000	0.0458639188
1546.7500000000	0.0458792167
1546.7600000000	0.0457985045
1546.7700000000	0.0456015259
1546.7800000000	0.0453528033
1546.7900000000	0.0450679411
1546.8000000000	0.0445746733
1546.8100000000	0.0441148528
1546.8200000000	0.0435962111
1546.8300000000	0.0430918721
1546.8400000000	0.0426556580
1546.8500000000	0.0423875012
1546.8600000000	0.0421050310
1546.8700000000	0.0419477117
1546.8800000000	0.0420309212
1546.8900000000	0.0421382808
1546.9000000000	0.0422130068
1546.9100000000	0.0424363631
1546.9200000000	0.0426747254
1546.9300000000	0.0427200139
1546.9400000000	0.0427462335
1546.9500000000	0.0426815095
1546.9600000000	0.0426017505
1546.9700000000	0.0424881332
1546.9800000000	0.0423500884
1546.9900000000	0.0421075324
1547.0000000000	0.0418682658
1547.0100000000	0.0415901566
1547.0200000000	0.0413527415
1547.0300000000	0.0412693771
1547.0400000000	0.0411912135
1547.0500000000	0.0411252664
1547.0600000000	0.0411330680
1547.0700000000	0.0411226966
1547.0800000000	0.0412186843
1547.0900000000	0.0413438277
1547.1000000000	0.0415247216
1547.1100000000	0.0416690960
1547.1200000000	0.0416831172
1547.1300000000	0.0416214239
1547.1400000000	0.0414910267
1547.1500000000	0.0413459950
1547.1600000000	0.0411036657
1547.1700000000	0.0407180947
1547.1800000000	0.0404163594
1547.1900000000	0.0401518815
1547.2000000000	0.0398317966
1547.2100000000	0.0395030355
1547.2200000000	0.0393504233
1547.2300000000	0.0392405517
1547.2400000000	0.0392202209
1547.2500000000	0.0392907087
1547.2600000000	0.0393800626
1547.2700000000	0.0395581392
1547.2800000000	0.0398736304
1547.2900000000	0.0401930852
1547.3000000000	0.0404727003
1547.3100000000	0.0407467787
1547.3200000000	0.0409884985
1547.3300000000	0.0411505162
1547.3400000000	0.0412250038
1547.3500000000	0.0412315694
1547.3600000000	0.0412182999
1547.3700000000	0.0412433646
1547.3800000000	0.0413063949
1547.3900000000	0.0413255621
1547.4000000000	0.0414578628
1547.4100000000	0.0415572629
1547.4200000000	0.0416816870
1547.4300000000	0.0417982452
1547.4400000000	0.0419319762
1547.4500000000	0.0420749962
1547.4600000000	0.0422444704
1547.4700000000	0.0424690437
1547.4800000000	0.0425412436
1547.4900000000	0.0424965510
1547.5000000000	0.0424487644
1547.5100000000	0.0423928101
1547.5200000000	0.0422996243
1547.5300000000	0.0421699647
1547.5400000000	0.0420255039
1547.5500000000	0.0418827792
1547.5600000000	0.0418261334
1547.5700000000	0.0418686221
1547.5800000000	0.0420242254
1547.5900000000	0.0423390164
1547.6000000000	0.0428249797
1547.6100000000	0.0434754885
1547.6200000000	0.0441675306
1547.6300000000	0.0448674310
1547.6400000000	0.0457102605
1547.6500000000	0.0464413652
1547.6600000000	0.0471143998
1547.6700000000	0.0476308811
1547.6800000000	0.0479884365
1547.6900000000	0.0481372928
1547.7000000000	0.0480628660
1547.7100000000	0.0477314252
1547.7200000000	0.0473110508
1547.7300000000	0.0468044657
1547.7400000000	0.0462263637
1547.7500000000	0.0455787296
1547.7600000000	0.0448976788
1547.7700000000	0.0442820069
1547.7800000000	0.0437518115
1547.7900000000	0.0433128397
1547.8000000000	0.0430035328
1547.8100000000	0.0428412347
1547.8200000000	0.0429048769
1547.8300000000	0.0429845355
1547.8400000000	0.0430504826
1547.8500000000	0.0431592925
1547.8600000000	0.0433000451
1547.8700000000	0.0434339707
1547.8800000000	0.0433909121
1547.8900000000	0.0432371220
1547.9000000000	0.0429588960
1547.9100000000	0.0425826658
1547.9200000000	0.0421651006
1547.9300000000	0.0418144557
1547.9400000000	0.0414185270
1547.9500000000	0.0410622822
1547.9600000000	0.0407607834
1547.9700000000	0.0403919586
1547.9800000000	0.0402084896
1547.9900000000	0.0401298348
1548.0000000000	0.0400615419
1548.0100000000	0.0401745274
1548.0200000000	0.0403168560
1548.0300000000	0.0405244381
1548.0400000000	0.0408500269
1548.0500000000	0.0411651998
1548.0600000000	0.0414299720
1548.0700000000	0.0416402123
1548.0800000000	0.0417981673
1548.0900000000	0.0418815602
1548.1000000000	0.0419173208
1548.1100000000	0.0419538942
1548.1200000000	0.0419032337
1548.1300000000	0.0418384238
1548.1400000000	0.0418261334
1548.1500000000	0.0418517752
1548.1600000000	0.0419932396
1548.1700000000	0.0423079357
1548.1800000000	0.0426420050
1548.1900000000	0.0429121580
1548.2000000000	0.0433040227
1548.2100000000	0.0436503635
1548.2200000000	0.0440028666
1548.2300000000	0.0442981069
1548.2400000000	0.0445494301
1548.2500000000	0.0446403773
1548.2600000000	0.0445778945
1548.2700000000	0.0443627348
1548.2800000000	0.0441134600
1548.2900000000	0.0438216797
1548.3000000000	0.0434494189
1548.3100000000	0.0430139998
1548.3200000000	0.0425948747
1548.3300000000	0.0423007097
1548.3400000000	0.0420685604
1548.3500000000	0.0419171261
1548.3600000000	0.0419135861
1548.3700000000	0.0420435326
1548.3800000000	0.0423083030
1548.3900000000	0.0426368536
1548.4000000000	0.0430233612
1548.4100000000	0.0434778681
1548.4200000000	0.0439541449
1548.4300000000	0.0442066655
1548.4400000000	0.0444585688
1548.4500000000	0.0445435289
1548.4600000000	0.0444713128
1548.4700000000	0.0443374824
1548.4800000000	0.0441144699
1548.4900000000	0.0438040950
1548.5000000000	0.0435296170
1548.5100000000	0.0434184389
1548.5200000000	0.0433503359
1548.5300000000	0.0434660651
1548.5400000000	0.0437354669
1548.5500000000	0.0441284952
1548.5600000000	0.0446430874
1548.5700000000	0.0452986004
1548.5800000000	0.0460711896
1548.5900000000	0.0469618761
1548.6000000000	0.0478449224
1548.6100000000	0.0485643591
1548.6200000000	0.0491187422
1548.6300000000	0.0494726344
1548.6400000000	0.0495643693
1548.6500000000	0.0494846806
1548.6600000000	0.0492639450
1548.6700000000	0.0487684099
1548.6800000000	0.0482111023
1548.6900000000	0.0475340302
1548.7000000000	0.0467801338
1548.7100000000	0.0463186728
1548.7200000000	0.0459583138
1548.7300000000	0.0457238104
1548.7400000000	0.0456586084
1548.7500000000	0.0457397083
1548.7600000000	0.0459387104
1548.7700000000	0.0461861046
1548.7800000000	0.0466538112
1548.7900000000	0.0470377897
1548.8000000000	0.0474019544
1548.8100000000	0.0477429515
1548.8200000000	0.0478482325
1548.8300000000	0.0478136967
1548.8400000000	0.0476412242
1548.8500000000	0.0471572297
1548.8600000000	0.0465136422
1548.8700000000	0.0458110524
1548.8800000000	0.0450875727
1548.8900000000	0.0443640499
1548.9000000000	0.0437310756
1548.9100000000	0.0431253733
1548.9200000000	0.0425978603
1548.9300000000	0.0422307387
1548.9400000000	0.0420153465
1548.9500000000	0.0419943379
1548.9600000000	0.0420834297
1548.9700000000	0.0421931743
1548.9800000000	0.0423858196
1548.9900000000	0.0425734223
1549.0000000000	0.0426679758
1549.0100000000	0.0426567292
1549.0200000000	0.0425383833
1549.0300000000	0.0423435337
1549.0400000000	0.0420280532
1549.0500000000	0.0417031015
1549.0600000000	0.0412631721
1549.0700000000	0.0407619202
1549.0800000000	0.0403601793
1549.0900000000	0.0401193395
1549.1000000000	0.0399144323
1549.1100000000	0.0397709466
1549.1200000000	0.0397880940
1549.1300000000	0.0399343681
1549.1400000000	0.0402091308
1549.1500000000	0.0405339460
1549.1600000000	0.0409355112
1549.1700000000	0.0414221060
1549.1800000000	0.0418833479
1549.1900000000	0.0422260493
1549.2000000000	0.0425470685
1549.2100000000	0.0428692594
1549.2200000000	0.0429652546
1549.2300000000	0.0430934990
1549.2400000000	0.0431133230
1549.2500000000	0.0431133230
1549.2600000000	0.0431434131
1549.2700000000	0.0431181148
1549.2800000000	0.0432402864
1549.2900000000	0.0435187948
1549.3000000000	0.0439451803
1549.3100000000	0.0443202331
1549.3200000000	0.0448442157
1549.3300000000	0.0454127832
1549.3400000000	0.0459117572
1549.3500000000	0.0464201602
1549.3600000000	0.0468662402
1549.3700000000	0.0471911466
1549.3800000000	0.0474903840
1549.3900000000	0.0476395745
1549.4000000000	0.0476120439
1549.4100000000	0.0476038204
1549.4200000000	0.0475129965
1549.4300000000	0.0473118469
1549.4400000000	0.0471384939
1549.4500000000	0.0470821542
1549.4600000000	0.0471482450
1549.4700000000	0.0474252506
1549.4800000000	0.0478284876
1549.4900000000	0.0484123183
1549.5000000000	0.0492022373
1549.5100000000	0.0500781433
1549.5200000000	0.0509337914
1549.5300000000	0.0518124496
1549.5400000000	0.0526974798
1549.5500000000	0.0534975499
1549.5600000000	0.0539407646
1549.5700000000	0.0541859851
1549.5800000000	0.0542607957
1549.5900000000	0.0541910208
1549.6000000000	0.0538957236
1549.6100000000	0.0534537215
1549.6200000000	0.0528523500
1549.6300000000	0.0521760201
1549.6400000000	0.0516007548
1549.6500000000	0.0511624877
1549.6600000000	0.0508668829
1549.6700000000	0.0507273640
1549.6800000000	0.0506742746
1549.6900000000	0.0506771638
1549.7000000000	0.0508126040
1549.7100000000	0.0511232478
1549.7200000000	0.0515530588
1549.7300000000	0.0518782840
1549.7400000000	0.0521160143
1549.7500000000	0.0521593756
1549.7600000000	0.0520064072
1549.7700000000	0.0517295845
1549.7800000000	0.0512450657
1549.7900000000	0.0506414111
1549.8000000000	0.0500274379
1549.8100000000	0.0494466906
1549.8200000000	0.0487680575
1549.8300000000	0.0483314732
1549.8400000000	0.0480398311
1549.8500000000	0.0478224897
1549.8600000000	0.0477664032
1549.8700000000	0.0479645637
1549.8800000000	0.0484435468
1549.8900000000	0.0490082048
1549.9000000000	0.0496548207
1549.9100000000	0.0503122721
1549.9200000000	0.0509599552
1549.9300000000	0.0514914701
1549.9400000000	0.0518189918
1549.9500000000	0.0519988329
1549.9600000000	0.0519862694
1549.9700000000	0.0516454900
1549.9800000000	0.0510892089
1549.9900000000	0.0503235691
1550.0000000000	0.0495142659
1550.0100000000	0.0488007025
1550.0200000000	0.0481086729
1550.0300000000	0.0475246592
1550.0400000000	0.0471387943
1550.0500000000	0.0470521208
1550.0600000000	0.0471356083
1550.0700000000	0.0473656328
1550.0800000000	0.0478691209
1550.0900000000	0.0484164046
1550.1000000000	0.0491585002
1550.1100000000	0.0497492751
1550.1200000000	0.0503563005
1550.1300000000	0.0508330378
1550.1400000000	0.0511224789
1550.1500000000	0.0513624534
1550.1600000000	0.0513984592
1550.1700000000	0.0513077869
1550.1800000000	0.0510197294
1550.1900000000	0.0505937440
1550.2000000000	0.0501603468
1550.2100000000	0.0499161080
1550.2200000000	0.0497872620
1550.2300000000	0.0497926033
1550.2400000000	0.0499688288
1550.2500000000	0.0502546106
1550.2600000000	0.0507452321
1550.2700000000	0.0513243266
1550.2800000000	0.0520353743
1550.2900000000	0.0527961266
1550.3000000000	0.0534598766
1550.3100000000	0.0540603692
1550.3200000000	0.0544690903
1550.3300000000	0.0546412129
1550.3400000000	0.0546920419
1550.3500000000	0.0544860181
1550.3600000000	0.0540445501
1550.3700000000	0.0535115744
1550.3800000000	0.0529649670
1550.3900000000	0.0523989781
1550.4000000000	0.0519104496
1550.4100000000	0.0515445291
1550.4200000000	0.0513498353
1550.4300000000	0.0512783718
1550.4400000000	0.0514485652
1550.4500000000	0.0518032600
1550.4600000000	0.0522880995
1550.4700000000	0.0528436825
1550.4800000000	0.0533431917
1550.4900000000	0.0536732550
1550.5000000000	0.0538342104
1550.5100000000	0.0538074723
1550.5200000000	0.0535287676
1550.5300000000	0.0529549367
1550.5400000000	0.0520771857
1550.5500000000	0.0509805638
1550.5600000000	0.0497803738
1550.5700000000	0.0486331142
1550.5800000000	0.0474924085
1550.5900000000	0.0465329469
1550.6000000000	0.0458747811
1550.6100000000	0.0453283614
1550.6200000000	0.0449786722
1550.6300000000	0.0449368381
1550.6400000000	0.0450843670
1550.6500000000	0.0453455677
1550.6600000000	0.0457662179
1550.6700000000	0.0461531840
1550.6800000000	0.0463795242
1550.6900000000	0.0465037114
1550.7000000000	0.0464871236
1550.7100000000	0.0463070927
1550.7200000000	0.0459419205
1550.7300000000	0.0453980428
1550.7400000000	0.0446715351
1550.7500000000	0.0438105551
1550.7600000000	0.0428922967
1550.7700000000	0.0420370954
1550.7800000000	0.0412504771
1550.7900000000	0.0405117454
1550.8000000000	0.0400080638
1550.8100000000	0.0397849850
1550.8200000000	0.0399058492
1550.8300000000	0.0402360837
1550.8400000000	0.0406164230
1550.8500000000	0.0412402453
1550.8600000000	0.0419074652
1550.8700000000	0.0428073812
1550.8800000000	0.0436062306
1550.8900000000	0.0442851378
1550.9000000000	0.0449747797
1550.9100000000	0.0453780420
1550.9200000000	0.0456376438
1550.9300000000	0.0457146030
1550.9400000000	0.0457990507
1550.9500000000	0.0459265256
1550.9600000000	0.0459737348
1550.9700000000	0.0460841607
1550.9800000000	0.0463219175
1550.9900000000	0.0466874088
1551.0000000000	0.0472616419
1551.0100000000	0.0480032017
1551.0200000000	0.0488727633
1551.0300000000	0.0498497378
1551.0400000000	0.0509183199
1551.0500000000	0.0519267965
1551.0600000000	0.0528601871
1551.0700000000	0.0537164601
1551.0800000000	0.0543950339
1551.0900000000	0.0549248247
1551.1000000000	0.0552354654
1551.1100000000	0.0552395842
1551.1200000000	0.0550537738
1551.1300000000	0.0546369967
1551.1400000000	0.0542066336
1551.1500000000	0.0538303912
1551.1600000000	0.0536784395
1551.1700000000	0.0535078600
1551.1800000000	0.0536065557
1551.1900000000	0.0537693567
1551.2000000000	0.0542000990
1551.2100000000	0.0548410220
1551.2200000000	0.0556687388
1551.2300000000	0.0565961805
1551.2400000000	0.0575426400
1551.2500000000	0.0583814861
1551.2600000000	0.0589388362
1551.2700000000	0.0592567812
1551.2800000000	0.0593465277
1551.2900000000	0.0591527371
1551.3000000000	0.0587082996
1551.3100000000	0.0579739265
1551.3200000000	0.0569486954
1551.3300000000	0.0557825720
1551.3400000000	0.0546302516
1551.3500000000	0.0535169763
1551.3600000000	0.0525681737
1551.3700000000	0.0517926125
1551.3800000000	0.0512824537
1551.3900000000	0.0509365578
1551.4000000000	0.0509005206
1551.4100000000	0.0509926917
1551.4200000000	0.0509869710
1551.4300000000	0.0509794627
1551.4400000000	0.0507607209
1551.4500000000	0.0505319914
1551.4600000000	0.0502133801
1551.4700000000	0.0496888393
1551.4800000000	0.0490081133
1551.4900000000	0.0481669503
1551.5000000000	0.0471832251
1551.5100000000	0.0462118688
1551.5200000000	0.0453033291
1551.5300000000	0.0444516384
1551.5400000000	0.0437558439
1551.5500000000	0.0431443880
1551.5600000000	0.0427057181
1551.5700000000	0.0425336594
1551.5800000000	0.0426581594
1551.5900000000	0.0429645963
1551.6000000000	0.0434810355
1551.6100000000	0.0440878481
1551.6200000000	0.0446620938
1551.6300000000	0.0451820211
1551.6400000000	0.0456270268
1551.6500000000	0.0459387104
1551.6600000000	0.0461326547
1551.6700000000	0.0461200491
1551.6800000000	0.0458179503
1551.6900000000	0.0453199326
1551.7000000000	0.0446358337
1551.7100000000	0.0442482142
1551.7200000000	0.0437150306
1551.7300000000	0.0432865949
1551.7400000000	0.0429895590
1551.7500000000	0.0428536002
1551.7600000000	0.0428772114
1551.7700000000	0.0430593547
1551.7800000000	0.0434024287
1551.7900000000	0.0439486991
1551.8000000000	0.0445950232
1551.8100000000	0.0453261771
1551.8200000000	0.0460949496
1551.8300000000	0.0467863589
1551.8400000000	0.0472823769
1551.8500000000	0.0475480492
1551.8600000000	0.0477057195
1551.8700000000	0.0477145926
1551.8800000000	0.0475606540
1551.8900000000	0.0473689555
1551.9000000000	0.0471475765
1551.9100000000	0.0468762957
1551.9200000000	0.0467741047
1551.9300000000	0.0466492726
1551.9400000000	0.0466975232
1551.9500000000	0.0470185878
1551.9600000000	0.0475783882
1551.9700000000	0.0482198090
1551.9800000000	0.0490089523
1551.9900000000	0.0498231532
1552.0000000000	0.0505598393
1552.0100000000	0.0512681971
1552.0200000000	0.0519601765
1552.0300000000	0.0525223018
1552.0400000000	0.0529499666
1552.0500000000	0.0532048615
1552.0600000000	0.0530875864
1552.0700000000	0.0527457631
1552.0800000000	0.0524873163
1552.0900000000	0.0520835833
1552.1000000000	0.0516134029
1552.1100000000	0.0513392208
1552.1200000000	0.0511327997
1552.1300000000	0.0510509708
1552.1400000000	0.0511969358
1552.1500000000	0.0515224879
1552.1600000000	0.0520351740
1552.1700000000	0.0528275532
1552.1800000000	0.0535009391
1552.1900000000	0.0539623031
1552.2000000000	0.0546096846
1552.2100000000	0.0550122160
1552.2200000000	0.0551814103
1552.2300000000	0.0552911121
1552.2400000000	0.0549742208
1552.2500000000	0.0544119565
1552.2600000000	0.0537872978
1552.2700000000	0.0531799063
1552.2800000000	0.0524511513
1552.2900000000	0.0517883338
1552.3000000000	0.0513046284
1552.3100000000	0.0508933675
1552.3200000000	0.0507295169
1552.3300000000	0.0508851626
1552.3400000000	0.0512436328
1552.3500000000	0.0518653962
1552.3600000000	0.0526402888
1552.3700000000	0.0534108099
1552.3800000000	0.0542839532
1552.3900000000	0.0552601906
1552.4000000000	0.0561304825
1552.4100000000	0.0568471095
1552.4200000000	0.0573126940
1552.4300000000	0.0572419261
1552.4400000000	0.0570429733
1552.4500000000	0.0567918213
1552.4600000000	0.0563873399
1552.4700000000	0.0559208956
1552.4800000000	0.0553573249
1552.4900000000	0.0548435497
1552.5000000000	0.0545252988
1552.5100000000	0.0544712035
1552.5200000000	0.0545934834
1552.5300000000	0.0548461248
1552.5400000000	0.0552487586
1552.5500000000	0.0557706517
1552.5600000000	0.0564002250
1552.5700000000	0.0570047335
1552.5800000000	0.0575626176
1552.5900000000	0.0581184624
1552.6000000000	0.0584873392
1552.6100000000	0.0586610968
1552.6200000000	0.0586133634
1552.6300000000	0.0583547761
1552.6400000000	0.0579387142
1552.6500000000	0.0573839266
1552.6600000000	0.0568404215
1552.6700000000	0.0562696860
1552.6800000000	0.0556972339
1552.6900000000	0.0553762014
1552.7000000000	0.0552818716
1552.7100000000	0.0553922105
1552.7200000000	0.0556655088
1552.7300000000	0.0561299897
1552.7400000000	0.0567339210
1552.7500000000	0.0573840157
1552.7600000000	0.0579663109
1552.7700000000	0.0583348114
1552.7800000000	0.0585741488
1552.7900000000	0.0586560238
1552.8000000000	0.0584352580
1552.8100000000	0.0580330031
1552.8200000000	0.0574174316
1552.8300000000	0.0565797441
1552.8400000000	0.0556123073
1552.8500000000	0.0545577232
1552.8600000000	0.0535262498
1552.8700000000	0.0526241978
1552.8800000000	0.0518310834
1552.8900000000	0.0512833816
1552.9000000000	0.0510130498
1552.9100000000	0.0510093793
1552.9200000000	0.0512888504
1552.9300000000	0.0517412635
1552.9400000000	0.0523075120
1552.9500000000	0.0530234677
1552.9600000000	0.0536968510
1552.9700000000	0.0541959331
1552.9800000000	0.0545430606
1552.9900000000	0.0546205916
1553.0000000000	0.0544324409
1553.0100000000	0.0540422563
1553.0200000000	0.0534500367
1553.0300000000	0.0527321707
1553.0400000000	0.0519921740
1553.0500000000	0.0512846192
1553.0600000000	0.0505652694
1553.0700000000	0.0498870561
1553.0800000000	0.0494447396
1553.0900000000	0.0492863648
1553.1000000000	0.0493546617
1553.1100000000	0.0494858907
1553.1200000000	0.0498469747
1553.1300000000	0.0503425899
1553.1400000000	0.0508304171
1553.1500000000	0.0513001688
1553.1600000000	0.0517581244
1553.1700000000	0.0520221378
1553.1800000000	0.0521507080
1553.1900000000	0.0520483499
1553.2000000000	0.0517133862
1553.2100000000	0.0512730315
1553.2200000000	0.0507988045
1553.2300000000	0.0502741115
1553.2400000000	0.0496767445
1553.2500000000	0.0491688191
1553.2600000000	0.0488056232
1553.2700000000	0.0485846054
1553.2800000000	0.0486439498
1553.2900000000	0.0489596586
1553.3000000000	0.0493472587
1553.3100000000	0.0498952280
1553.3200000000	0.0505238397
1553.3300000000	0.0511701578
1553.3400000000	0.0518811727
1553.3500000000	0.0526037674
1553.3600000000	0.0532037684
1553.3700000000	0.0536365766
1553.3800000000	0.0540043464
1553.3900000000	0.0542042228
1553.4000000000	0.0542533617
1553.4100000000	0.0543018314
1553.4200000000	0.0540873045
1553.4300000000	0.0538391421
1553.4400000000	0.0534465624
1553.4500000000	0.0531460722
1553.4600000000	0.0530664851
1553.4700000000	0.0529980705
1553.4800000000	0.0530978571
1553.4900000000	0.0532793286
1553.5000000000	0.0535596010
1553.5100000000	0.0539061757
1553.5200000000	0.0543022539
1553.5300000000	0.0547382593
1553.5400000000	0.0550409679
1553.5500000000	0.0551949968
1553.5600000000	0.0552372155
1553.5700000000	0.0549736735
1553.5800000000	0.0545385321
1553.5900000000	0.0540358564
1553.6000000000	0.0534964915
1553.6100000000	0.0528893234
1553.6200000000	0.0522963321
1553.6300000000	0.0517751042
1553.6400000000	0.0513748733
1553.6500000000	0.0511085938
1553.6600000000	0.0509819164
1553.6700000000	0.0510260513
1553.6800000000	0.0512494432
1553.6900000000	0.0515775463
1553.7000000000	0.0519123489
1553.7100000000	0.0523425400
1553.7200000000	0.0527482521
1553.7300000000	0.0531707358
1553.7400000000	0.0534465653
1553.7500000000	0.0533986396
1553.7600000000	0.0531232536
1553.7700000000	0.0527162505
1553.7800000000	0.0520991673
1553.7900000000	0.0515168633
1553.8000000000	0.0509236804
1553.8100000000	0.0503955784
1553.8200000000	0.0499161020
1553.8300000000	0.0494726865
1553.8400000000	0.0491873679
1553.8500000000	0.0490690653
1553.8600000000	0.0491418627
1553.8700000000	0.0493671050
1553.8800000000	0.0496929528
1553.8900000000	0.0502083647
1553.9000000000	0.0508170298
1553.9100000000	0.0514558504
1553.9200000000	0.0521586773
1553.9300000000	0.0526957034
1553.9400000000	0.0531005798
1553.9500000000	0.0534032270
1553.9600000000	0.0536196170
1553.9700000000	0.0537940081
1553.9800000000	0.0536897052
1553.9900000000	0.0534237436
1554.0000000000	0.0532482212
1554.0100000000	0.0530235879
1554.0200000000	0.0529098635
1554.0300000000	0.0529189076
1554.0400000000	0.0530940157
1554.0500000000	0.0532840379
1554.0600000000	0.0536635981
1554.0700000000	0.0541005272
1554.0800000000	0.0545376406
1554.0900000000	0.0550698489
1554.1000000000	0.0556276267
1554.1100000000	0.0560882783
1554.1200000000	0.0564214640
1554.1300000000	0.0566860540
1554.1400000000	0.0568387898
1554.1500000000	0.0568962460
1554.1600000000	0.0567721381
1554.1700000000	0.0564489638
1554.1800000000	0.0560731983
1554.1900000000	0.0557316455
1554.2000000000	0.0554023703
1554.2100000000	0.0550631383
1554.2200000000	0.0548717656
1554.2300000000	0.0548360115
1554.2400000000	0.0548204314
1554.2500000000	0.0549071621
1554.2600000000	0.0548928605
1554.2700000000	0.0550128696
1554.2800000000	0.0551962901
1554.2900000000	0.0553273637
1554.3000000000	0.0553906552
1554.3100000000	0.0553985825
1554.3200000000	0.0553065424
1554.3300000000	0.0549776703
1554.3400000000	0.0543305374
1554.3500000000	0.0535125479
1554.3600000000	0.0525689057
1554.3700000000	0.0515526496
1554.3800000000	0.0505743591
1554.3900000000	0.0497685561
1554.4000000000	0.0491515233
1554.4100000000	0.0486374938
1554.4200000000	0.0482620671
1554.4300000000	0.0479856566
1554.4400000000	0.0478330039
1554.4500000000	0.0478567254
1554.4600000000	0.0479798412
1554.4700000000	0.0482073439
1554.4800000000	0.0485291426
1554.4900000000	0.0487987566
1554.5000000000	0.0489797312
1554.5100000000	0.0491369761
1554.5200000000	0.0491917017
1554.5300000000	0.0491624484
1554.5400000000	0.0490537932
1554.5500000000	0.0489310384
1554.5600000000	0.0487630229
1554.5700000000	0.0485200422
1554.5800000000	0.0483499308
1554.5900000000	0.0482940028
1554.6000000000	0.0482620671
1554.6100000000	0.0483523201
1554.6200000000	0.0486126041
1554.6300000000	0.0489172185
1554.6400000000	0.0493260573
1554.6500000000	0.0499361228
1554.6600000000	0.0505121100
1554.6700000000	0.0509841772
1554.6800000000	0.0514544930
1554.6900000000	0.0518723216
1554.7000000000	0.0521563157
1554.7100000000	0.0524047126
1554.7200000000	0.0524713618
1554.7300000000	0.0524270146
1554.7400000000	0.0523562145
1554.7500000000	0.0522323541
1554.7600000000	0.0519214978
1554.7700000000	0.0515975116
1554.7800000000	0.0514223897
1554.7900000000	0.0513845670
1554.8000000000	0.0514601297
1554.8100000000	0.0517317774
1554.8200000000	0.0522522685
1554.8300000000	0.0529728080
1554.8400000000	0.0537791667
1554.8500000000	0.0545582952
1554.8600000000	0.0554309754
1554.8700000000	0.0562833817
1554.8800000000	0.0570058294
1554.8900000000	0.0575677028
1554.9000000000	0.0579627996
1554.9100000000	0.0580947381
1554.9200000000	0.0579920779
1554.9300000000	0.0576940012
1554.9400000000	0.0571658099
1554.9500000000	0.0566007745
1554.9600000000	0.0561113349
1554.9700000000	0.0556681058
1554.9800000000	0.0552871061
1554.9900000000	0.0550324376
1555.0000000000	0.0549250391
1555.0100000000	0.0548171811
1555.0200000000	0.0549382731
1555.0300000000	0.0551756896
1555.0400000000	0.0553916491
1555.0500000000	0.0557856733
1555.0600000000	0.0561897038
1555.0700000000	0.0564177046
1555.0800000000	0.0565960997
1555.0900000000	0.0567175866
1555.1000000000	0.0565099738
1555.1100000000	0.0561769623
1555.1200000000	0.0557381533
1555.1300000000	0.0550707201
1555.1400000000	0.0544296553
1555.1500000000	0.0537802795
1555.1600000000	0.0531908598
1555.1700000000	0.0527014263
1555.1800000000	0.0522825330
1555.1900000000	0.0518719449
1555.2000000000	0.0515928502
1555.2100000000	0.0514720501
1555.2200000000	0.0515067628
1555.2300000000	0.0517083179
1555.2400000000	0.0520744672
1555.2500000000	0.0525065239
1555.2600000000	0.0529370619
1555.2700000000	0.0533631392
1555.2800000000	0.0536982946
1555.2900000000	0.0539193279
1555.3000000000	0.0540511484
1555.3100000000	0.0540079185
1555.3200000000	0.0538117046
1555.3300000000	0.0536128294
1555.3400000000	0.0533836382
1555.3500000000	0.0530905230
1555.3600000000	0.0528677114
1555.3700000000	0.0527171593
1555.3800000000	0.0526832907
1555.3900000000	0.0528366286
1555.4000000000	0.0529102399
1555.4100000000	0.0530672773
1555.4200000000	0.0534239036
1555.4300000000	0.0537453761
1555.4400000000	0.0540237618
1555.4500000000	0.0543393513
1555.4600000000	0.0547166030
1555.4700000000	0.0549806698
1555.4800000000	0.0552271755
1555.4900000000	0.0553807155
1555.5000000000	0.0554485101
1555.5100000000	0.0554522885
1555.5200000000	0.0553096161
1555.5300000000	0.0551091816
1555.5400000000	0.0550197874
1555.5500000000	0.0550312186
1555.5600000000	0.0550555560
1555.5700000000	0.0550825540
1555.5800000000	0.0551701901
1555.5900000000	0.0553415884
1555.6000000000	0.0556954496
1555.6100000000	0.0561037551
1555.6200000000	0.0565036316
1555.6300000000	0.0570928116
1555.6400000000	0.0577652519
1555.6500000000	0.0583173462
1555.6600000000	0.0590136048
1555.6700000000	0.0595284120
1555.6800000000	0.0597941619
1555.6900000000	0.0599508830
1555.7000000000	0.0597626075
1555.7100000000	0.0594151537
1555.7200000000	0.0590027076
1555.7300000000	0.0586239167
1555.7400000000	0.0582377582
1555.7500000000	0.0580573132
1555.7600000000	0.0579791221
1555.7700000000	0.0579320070
1555.7800000000	0.0579510472
1555.7900000000	0.0580519734
1555.8000000000	0.0581772202
1555.8100000000	0.0583583427
1555.8200000000	0.0586108854
1555.8300000000	0.0588683462
1555.8400000000	0.0591920651
1555.8500000000	0.0594559639
1555.8600000000	0.0595606980
1555.8700000000	0.0595142546
1555.8800000000	0.0593870881
1555.8900000000	0.0591878271
1555.9000000000	0.0589311097
1555.9100000000	0.0585777972
1555.9200000000	0.0581172289
1555.9300000000	0.0577043535
1555.9400000000	0.0574051721
1555.9500000000	0.0571737711
1555.9600000000	0.0570708428
1555.9700000000	0.0571734100
1555.9800000000	0.0572600865
1555.9900000000	0.0573649150
1556.0000000000	0.0575709092
1556.0100000000	0.0577512041
1556.0200000000	0.0578707433
1556.0300000000	0.0580112005
1556.0400000000	0.0581621985
1556.0500000000	0.0582229130
1556.0600000000	0.0581763652
1556.0700000000	0.0580160745
1556.0800000000	0.0576709848
1556.0900000000	0.0573181409
1556.1000000000	0.0568669102
1556.1100000000	0.0563774226
1556.1200000000	0.0559111498
1556.1300000000	0.0554545812
1556.1400000000	0.0550484005
1556.1500000000	0.0547068383
1556.1600000000	0.0544742352
1556.1700000000	0.0544826931
1556.1800000000	0.0546772342
1556.1900000000	0.0550054945
1556.2000000000	0.0554601873
1556.2100000000	0.0558954419
1556.2200000000	0.0563309409
1556.2300000000	0.0568228803
1556.2400000000	0.0573084898
1556.2500000000	0.0577131037
1556.2600000000	0.0580293644
1556.2700000000	0.0581975310
1556.2800000000	0.0582169829
1556.2900000000	0.0581634959
1556.3000000000	0.0581662462
1556.3100000000	0.0581686761
1556.3200000000	0.0581147183
1556.3300000000	0.0581395174
1556.3400000000	0.0582580907
1556.3500000000	0.0584822688
1556.3600000000	0.0588306352
1556.3700000000	0.0591280233
1556.3800000000	0.0594263410
1556.3900000000	0.0597859548
1556.4000000000	0.0601450629
1556.4100000000	0.0604731706
1556.4200000000	0.0606805505
1556.4300000000	0.0607071468
1556.4400000000	0.0606500847
1556.4500000000	0.0603777366
1556.4600000000	0.0598309284
1556.4700000000	0.0592329429
1556.4800000000	0.0585730895
1556.4900000000	0.0578311307
1556.5000000000	0.0570389101
1556.5100000000	0.0562394391
1556.5200000000	0.0555128563
1556.5300000000	0.0549573140
1556.5400000000	0.0546836993
1556.5500000000	0.0546064438
1556.5600000000	0.0546261586
1556.5700000000	0.0547698432
1556.5800000000	0.0550046141
1556.5900000000	0.0552762732
1556.6000000000	0.0556599557
1556.6100000000	0.0561077263
1556.6200000000	0.0564238684
1556.6300000000	0.0565995248
1556.6400000000	0.0566013306
1556.6500000000	0.0564496437
1556.6600000000	0.0562463035
1556.6700000000	0.0559226176
1556.6800000000	0.0554950435
1556.6900000000	0.0551237422
1556.7000000000	0.0547784475
1556.7100000000	0.0544922192
1556.7200000000	0.0542757121
1556.7300000000	0.0541793644
1556.7400000000	0.0541417285
1556.7500000000	0.0542080496
1556.7600000000	0.0542689377
1556.7700000000	0.0543878819
1556.7800000000	0.0545613501
1556.7900000000	0.0547037215
1556.8000000000	0.0547695090
1556.8100000000	0.0547695090
1556.8200000000	0.0547888162
1556.8300000000	0.0546595410
1556.8400000000	0.0542903835
1556.8500000000	0.0538429331
1556.8600000000	0.0534472463
1556.8700000000	0.0530093651
1556.8800000000	0.0524640101
1556.8900000000	0.0519536967
1556.9000000000	0.0514653703
1556.9100000000	0.0511718195
1556.9200000000	0.0511112832
1556.9300000000	0.0511439313
1556.9400000000	0.0514142367
1556.9500000000	0.0519544299
1556.9600000000	0.0527094918
1556.9700000000	0.0535914362
1556.9800000000	0.0545284436
1556.9900000000	0.0555060702
1557.0000000000	0.0563784917
1557.0100000000	0.0569970514
1557.0200000000	0.0573689082
1557.0300000000	0.0575031564
1557.0400000000	0.0574075239
1557.0500000000	0.0571228487
1557.0600000000	0.0566480862
1557.0700000000	0.0560133012
1557.0800000000	0.0553273584
1557.0900000000	0.0546063536
1557.1000000000	0.0539599841
1557.1100000000	0.0534251749
1557.1200000000	0.0531038515
1557.1300000000	0.0529459940
1557.1400000000	0.0529837740
1557.1500000000	0.0532405187
1557.1600000000	0.0537020080
1557.1700000000	0.0542976908
1557.1800000000	0.0549733497
1557.1900000000	0.0558207105
1557.2000000000	0.0564875205
1557.2100000000	0.0569841765
1557.2200000000	0.0574171726
1557.2300000000	0.0575419108
1557.2400000000	0.0574169462
1557.2500000000	0.0571081267
1557.2600000000	0.0565685329
1557.2700000000	0.0559820279
1557.2800000000	0.0554722216
1557.2900000000	0.0549791331
1557.3000000000	0.0544682473
1557.3100000000	0.0540365290
1557.3200000000	0.0537453740
1557.3300000000	0.0535866628
1557.3400000000	0.0535538275
1557.3500000000	0.0536115140
1557.3600000000	0.0537479355
1557.3700000000	0.0540415876
1557.3800000000	0.0544136620
1557.3900000000	0.0546268366
1557.4000000000	0.0547302837
1557.4100000000	0.0547956370
1557.4200000000	0.0547445159
1557.4300000000	0.0546009511
1557.4400000000	0.0543006751
1557.4500000000	0.0539370207
1557.4600000000	0.0534852380
1557.4700000000	0.0530749357
1557.4800000000	0.0526324267
1557.4900000000	0.0522186149
1557.5000000000	0.0519520021
1557.5100000000	0.0517679582
1557.5200000000	0.0517077309
1557.5300000000	0.0518206446
1557.5400000000	0.0521480918
1557.5500000000	0.0526571222
1557.5600000000	0.0532408835
1557.5700000000	0.0537941017
1557.5800000000	0.0542583100
1557.5900000000	0.0546871587
1557.6000000000	0.0550512147
1557.6100000000	0.0552686502
1557.6200000000	0.0553415884
1557.6300000000	0.0552909931
1557.6400000000	0.0551294416
1557.6500000000	0.0549043529
1557.6600000000	0.0546884618
1557.6700000000	0.0543972275
1557.6800000000	0.0539955098
1557.6900000000	0.0536975557
1557.7000000000	0.0535573328
1557.7100000000	0.0534465653
1557.7200000000	0.0534837353
1557.7300000000	0.0536968466
1557.7400000000	0.0541187619
1557.7500000000	0.0548261226
1557.7600000000	0.0556008126
1557.7700000000	0.0562131269
1557.7800000000	0.0567479631
1557.7900000000	0.0571507282
1557.8000000000	0.0573371699
1557.8100000000	0.0573162289
1557.8200000000	0.0571518340
1557.8300000000	0.0568843740
1557.8400000000	0.0564647232
1557.8500000000	0.0559717319
1557.8600000000	0.0554920468
1557.8700000000	0.0550955101
1557.8800000000	0.0548536362
1557.8900000000	0.0547553490
1557.9000000000	0.0547747670
1557.9100000000	0.0550157448
1557.9200000000	0.0555104881
1557.9300000000	0.0561329216
1557.9400000000	0.0569914319
1557.9500000000	0.0579029562
1557.9600000000	0.0587711657
1557.9700000000	0.0595932043
1557.9800000000	0.0601024435
1557.9900000000	0.0602612117
1558.0000000000	0.0601327774
1558.0100000000	0.0597344706
1558.0200000000	0.0590644571
1558.0300000000	0.0583164204
1558.0400000000	0.0576013131
1558.0500000000	0.0569246052
1558.0600000000	0.0563664503
1558.0700000000	0.0559176487
1558.0800000000	0.0555853740
1558.0900000000	0.0553337226
1558.1000000000	0.0551985722
1558.1100000000	0.0551985722
1558.1200000000	0.0553199193
1558.1300000000	0.0555904294
1558.1400000000	0.0558974234
1558.1500000000	0.0561983264
1558.1600000000	0.0565093587
1558.1700000000	0.0567315276
1558.1800000000	0.0567863737
1558.1900000000	0.0567417744
1558.2000000000	0.0564952018
1558.2100000000	0.0560722109
1558.2200000000	0.0555574708
1558.2300000000	0.0548540164
1558.2400000000	0.0539974940
1558.2500000000	0.0532092831
1558.2600000000	0.0525212618
1558.2700000000	0.0519734516
1558.2800000000	0.0514728832
1558.2900000000	0.0512655068
1558.3000000000	0.0511510822
1558.3100000000	0.0513423887
1558.3200000000	0.0516949429
1558.3300000000	0.0520636522
1558.3400000000	0.0525922487
1558.3500000000	0.0529354781
1558.3600000000	0.0531155666
1558.3700000000	0.0531962869
1558.3800000000	0.0531962869
1558.3900000000	0.0531247730
1558.4000000000	0.0528585893
1558.4100000000	0.0523896403
1558.4200000000	0.0517882426
1558.4300000000	0.0512010793
1558.4400000000	0.0506338304
1558.4500000000	0.0500038545
1558.4600000000	0.0495271199
1558.4700000000	0.0491853922
1558.4800000000	0.0490254280
1558.4900000000	0.0491475371
1558.5000000000	0.0495864148
1558.5100000000	0.0501618348
1558.5200000000	0.0508751387
1558.5300000000	0.0517215611
1558.5400000000	0.0525607166
1558.5500000000	0.0533868553
1558.5600000000	0.0541354974
1558.5700000000	0.0547213505
1558.5800000000	0.0550666036
1558.5900000000	0.0552939164
1558.6000000000	0.0552837734
1558.6100000000	0.0551316285
1558.6200000000	0.0549034033
1558.6300000000	0.0546109087
1558.6400000000	0.0544048031
1558.6500000000	0.0542625657
1558.6600000000	0.0541201929
1558.6700000000	0.0541324156
1558.6800000000	0.0543364731
1558.6900000000	0.0546679611
1558.7000000000	0.0551646176
1558.7100000000	0.0557339053
1558.7200000000	0.0563320450
1558.7300000000	0.0569644746
1558.7400000000	0.0575841369
1558.7500000000	0.0581178769
1558.7600000000	0.0583983115
1558.7700000000	0.0584684175
1558.7800000000	0.0584796315
1558.7900000000	0.0582285503
1558.8000000000	0.0578101190
1558.8100000000	0.0574139638
1558.8200000000	0.0569796048
1558.8300000000	0.0565340459
1558.8400000000	0.0562004521
1558.8500000000	0.0559837129
1558.8600000000	0.0557441126
1558.8700000000	0.0557912932
1558.8800000000	0.0558998924
1558.8900000000	0.0562144641
1558.9000000000	0.0567113499
1558.9100000000	0.0570666913
1558.9200000000	0.0573357375
1558.9300000000	0.0575559347
1558.9400000000	0.0576118667
1558.9500000000	0.0573916731
1558.9600000000	0.0569611940
1558.9700000000	0.0563080435
1558.9800000000	0.0554697414
1558.9900000000	0.0546318806
1559.0000000000	0.0538786894
1559.0100000000	0.0530822726
1559.0200000000	0.0522594971
1559.0300000000	0.0515356498
1559.0400000000	0.0507757694
1559.0500000000	0.0503029957
1559.0600000000	0.0500805261
1559.0700000000	0.0500606627
1559.0800000000	0.0501842657
1559.0900000000	0.0505839890
1559.1000000000	0.0510105712
1559.1100000000	0.0514521861
1559.1200000000	0.0520882472
1559.1300000000	0.0525267202
1559.1400000000	0.0527676000
1559.1500000000	0.0528387318
1559.1600000000	0.0526964395
1559.1700000000	0.0523034838
1559.1800000000	0.0518222597
1559.1900000000	0.0511626125
1559.2000000000	0.0504633551
1559.2100000000	0.0499170204
1559.2200000000	0.0495149402
1559.2300000000	0.0492489776
1559.2400000000	0.0491525097
1559.2500000000	0.0493409723
1559.2600000000	0.0497853086
1559.2700000000	0.0503942241
1559.2800000000	0.0510455782
1559.2900000000	0.0517370653
1559.3000000000	0.0524675587
1559.3100000000	0.0531240440
1559.3200000000	0.0536134198
1559.3300000000	0.0539757422
1559.3400000000	0.0540912485
1559.3500000000	0.0538512000
1559.3600000000	0.0534688650
1559.3700000000	0.0529059897
1559.3800000000	0.0521823962
1559.3900000000	0.0515938298
1559.4000000000	0.0510863373
1559.4100000000	0.0505688489
1559.4200000000	0.0501738262
1559.4300000000	0.0499720105
1559.4400000000	0.0499463844
1559.4500000000	0.0501490331
1559.4600000000	0.0505230581
1559.4700000000	0.0509119578
1559.4800000000	0.0513862612
1559.4900000000	0.0518715280
1559.5000000000	0.0523658789
1559.5100000000	0.0528009446
1559.5200000000	0.0531072289
1559.5300000000	0.0531794182
1559.5400000000	0.0529635337
1559.5500000000	0.0526634308
1559.5600000000	0.0521545273
1559.5700000000	0.0514519145
1559.5800000000	0.0506604379
1559.5900000000	0.0500017946
1559.6000000000	0.0493909165
1559.6100000000	0.0488875971
1559.6200000000	0.0485351118
1559.6300000000	0.0483284675
1559.6400000000	0.0482783190
1559.6500000000	0.0484736743
1559.6600000000	0.0488059785
1559.6700000000	0.0491801702
1559.6800000000	0.0496405468
1559.6900000000	0.0500382946
1559.7000000000	0.0502556092
1559.7100000000	0.0503855733
1559.7200000000	0.0503376572
1559.7300000000	0.0500752078
1559.7400000000	0.0495982342
1559.7500000000	0.0489598363
1559.7600000000	0.0482591807
1559.7700000000	0.0475664677
1559.7800000000	0.0469467160
1559.7900000000	0.0464577870
1559.8000000000	0.0461610274
1559.8100000000	0.0460561394
1559.8200000000	0.0461361641
1559.8300000000	0.0463957906
1559.8400000000	0.0468514938
1559.8500000000	0.0473143812
1559.8600000000	0.0477912933
1559.8700000000	0.0481726842
1559.8800000000	0.0485087847
1559.8900000000	0.0486911304
1559.9000000000	0.0486482233
1559.9100000000	0.0483000305
1559.9200000000	0.0475648430
1559.9300000000	0.0466081154
1559.9400000000	0.0454009215
1559.9500000000	0.0441004609
1559.9600000000	0.0427663490
1559.9700000000	0.0414361463
1559.9800000000	0.0402295655
1559.9900000000	0.0393448744
1560.0000000000	0.0388609375
1560.0100000000	0.0387054321
1560.0200000000	0.0389168747
1560.0300000000	0.0394491220
1560.0400000000	0.0402046554
1560.0500000000	0.0412182982
1560.0600000000	0.0423806943
1560.0700000000	0.0434128547
1560.0800000000	0.0442847287
1560.0900000000	0.0451044815
1560.1000000000	0.0457214133
1560.1100000000	0.0460824277
1560.1200000000	0.0461096142
1560.1300000000	0.0459165277
1560.1400000000	0.0453730510
1560.1500000000	0.0446536508
1560.1600000000	0.0438280709
1560.1700000000	0.0429327636
1560.1800000000	0.0421854755
1560.1900000000	0.0415134748
1560.2000000000	0.0410060560
1560.2100000000	0.0407664149
1560.2200000000	0.0409212259
1560.2300000000	0.0413558479
1560.2400000000	0.0419070406
1560.2500000000	0.0426550776
1560.2600000000	0.0434918204
1560.2700000000	0.0443754440
1560.2800000000	0.0451783660
1560.2900000000	0.0458668387
1560.3000000000	0.0464279782
1560.3100000000	0.0467834881
1560.3200000000	0.0469182958
1560.3300000000	0.0468970598
1560.3400000000	0.0467386203
1560.3500000000	0.0464358633
1560.3600000000	0.0460605765
1560.3700000000	0.0457632547
1560.3800000000	0.0455123227
1560.3900000000	0.0453968636
1560.4000000000	0.0456242914
1560.4100000000	0.0459182825
1560.4200000000	0.0463652043
1560.4300000000	0.0468648146
1560.4400000000	0.0474106700
1560.4500000000	0.0479052162
1560.4600000000	0.0483686242
1560.4700000000	0.0487218352
1560.4800000000	0.0489979378
1560.4900000000	0.0489963946
1560.5000000000	0.0487480293
1560.5100000000	0.0482957257
1560.5200000000	0.0477376612
1560.5300000000	0.0470491981
1560.5400000000	0.0462724035
1560.5500000000	0.0455706832
1560.5600000000	0.0449650105
1560.5700000000	0.0444839388
1560.5800000000	0.0441798425
1560.5900000000	0.0441236596
1560.6000000000	0.0443054999
1560.6100000000	0.0446930196
1560.6200000000	0.0452773609
1560.6300000000	0.0459517357
1560.6400000000	0.0466309485
1560.6500000000	0.0473791900
1560.6600000000	0.0479217030
1560.6700000000	0.0483820997
1560.6800000000	0.0485481141
1560.6900000000	0.0485163311
1560.7000000000	0.0481876385
1560.7100000000	0.0475632192
1560.7200000000	0.0468980041
1560.7300000000	0.0461514318
1560.7400000000	0.0454188150
1560.7500000000	0.0446337008
1560.7600000000	0.0439137779
1560.7700000000	0.0434351192
1560.7800000000	0.0431037117
1560.7900000000	0.0428708262
1560.8000000000	0.0427757902
1560.8100000000	0.0428025023
1560.8200000000	0.0428937931
1560.8300000000	0.0430277300
1560.8400000000	0.0431649678
1560.8500000000	0.0431523275
1560.8600000000	0.0430800971
1560.8700000000	0.0429784021
1560.8800000000	0.0428150264
1560.8900000000	0.0425371524
1560.9000000000	0.0421390768
1560.9100000000	0.0416962114
1560.9200000000	0.0410605578
1560.9300000000	0.0404444368
1560.9400000000	0.0399247496
1560.9500000000	0.0396000246
1560.9600000000	0.0393929971
1560.9700000000	0.0392818020
1560.9800000000	0.0394473464
1560.9900000000	0.0397224866
1561.0000000000	0.0400734038
1561.0100000000	0.0403682867
1561.0200000000	0.0407074123
1561.0300000000	0.0410907144
1561.0400000000	0.0413255679
1561.0500000000	0.0414004654
1561.0600000000	0.0413071205
1561.0700000000	0.0411414818
1561.0800000000	0.0408922579
1561.0900000000	0.0405164258
1561.1000000000	0.0400539556
1561.1100000000	0.0395914394
1561.1200000000	0.0391062170
1561.1300000000	0.0386396372
1561.1400000000	0.0383017542
1561.1500000000	0.0381791178
1561.1600000000	0.0382681657
1561.1700000000	0.0384833698
1561.1800000000	0.0387950510
1561.1900000000	0.0392365466
1561.2000000000	0.0396259544
1561.2100000000	0.0400960890
1561.2200000000	0.0404692089
1561.2300000000	0.0407566686
1561.2400000000	0.0409188039
1561.2500000000	0.0409896155
1561.2600000000	0.0408986346
1561.2700000000	0.0406730333
1561.2800000000	0.0402250574
1561.2900000000	0.0396540122
1561.3000000000	0.0388755968
1561.3100000000	0.0383323443
1561.3200000000	0.0378009157
1561.3300000000	0.0374625483
1561.3400000000	0.0373720686
1561.3500000000	0.0374560623
1561.3600000000	0.0377142926
1561.3700000000	0.0381755346
1561.3800000000	0.0386977390
1561.3900000000	0.0392458085
1561.4000000000	0.0397628623
1561.4100000000	0.0401684336
1561.4200000000	0.0404965354
1561.4300000000	0.0406993408
1561.4400000000	0.0407660817
1561.4500000000	0.0406782288
1561.4600000000	0.0405256749
1561.4700000000	0.0402551200
1561.4800000000	0.0397114749
1561.4900000000	0.0391905777
1561.5000000000	0.0386490388
1561.5100000000	0.0381529176
1561.5200000000	0.0377422626
1561.5300000000	0.0375450737
1561.5400000000	0.0376357016
1561.5500000000	0.0379770191
1561.5600000000	0.0385839512
1561.5700000000	0.0392253398
1561.5800000000	0.0400337665
1561.5900000000	0.0408249922
1561.6000000000	0.0414447503
1561.6100000000	0.0419233926
1561.6200000000	0.0422323140
1561.6300000000	0.0422858429
1561.6400000000	0.0421714093
1561.6500000000	0.0417892906
1561.6600000000	0.0412013313
1561.6700000000	0.0405630207
1561.6800000000	0.0398898620
1561.6900000000	0.0392548920
1561.7000000000	0.0386851827
1561.7100000000	0.0382826697
1561.7200000000	0.0380316692
1561.7300000000	0.0378330310
1561.7400000000	0.0378879673
1561.7500000000	0.0382801815
1561.7600000000	0.0388942175
1561.7700000000	0.0396808256
1561.7800000000	0.0404663610
1561.7900000000	0.0412809624
1561.8000000000	0.0420259440
1561.8100000000	0.0426839099
1561.8200000000	0.0432351031
1561.8300000000	0.0435416090
1561.8400000000	0.0437343754
1561.8500000000	0.0436589835
1561.8600000000	0.0434063654
1561.8700000000	0.0430481308
1561.8800000000	0.0426863696
1561.8900000000	0.0423330211
1561.9000000000	0.0420567966
1561.9100000000	0.0419326804
1561.9200000000	0.0420304568
1561.9300000000	0.0423624667
1561.9400000000	0.0428221765
1561.9500000000	0.0434263553
1561.9600000000	0.0442084549
1561.9700000000	0.0450434237
1561.9800000000	0.0457677199
1561.9900000000	0.0463826696
1562.0000000000	0.0468714382
1562.0100000000	0.0471484044
1562.0200000000	0.0472345428
1562.0300000000	0.0471821161
1562.0400000000	0.0468337003
1562.0500000000	0.0463871057
1562.0600000000	0.0458398349
1562.0700000000	0.0452017806
1562.0800000000	0.0444384072
1562.0900000000	0.0438538138
1562.1000000000	0.0434361919
1562.1100000000	0.0432718897
1562.1200000000	0.0435370103
1562.1300000000	0.0440180928
1562.1400000000	0.0447311504
1562.1500000000	0.0455962029
1562.1600000000	0.0464038421
1562.1700000000	0.0472532148
1562.1800000000	0.0481646212
1562.1900000000	0.0489349159
1562.2000000000	0.0494831052
1562.2100000000	0.0498313247
1562.2200000000	0.0499225437
1562.2300000000	0.0497745817
1562.2400000000	0.0495203061
1562.2500000000	0.0491427867
1562.2600000000	0.0486482201
1562.2700000000	0.0481565358
1562.2800000000	0.0476035488
1562.2900000000	0.0470456951
1562.3000000000	0.0467061977
1562.3100000000	0.0465129205
1562.3200000000	0.0464027980
1562.3300000000	0.0464371219
1562.3400000000	0.0466058846
1562.3500000000	0.0469111135
1562.3600000000	0.0474102109
1562.3700000000	0.0478746601
1562.3800000000	0.0481326891
1562.3900000000	0.0484050888
1562.4000000000	0.0485987657
1562.4100000000	0.0485868477
1562.4200000000	0.0484765987
1562.4300000000	0.0481633784
1562.4400000000	0.0477171532
1562.4500000000	0.0473624660
1562.4600000000	0.0470206497
1562.4700000000	0.0467245991
1562.4800000000	0.0466006748
1562.4900000000	0.0465815829
1562.5000000000	0.0466812082
1562.5100000000	0.0469344064
1562.5200000000	0.0472258450
1562.5300000000	0.0475894606
1562.5400000000	0.0480015615
1562.5500000000	0.0483162422
1562.5600000000	0.0486196222
1562.5700000000	0.0486135441
1562.5800000000	0.0485473966
1562.5900000000	0.0482978188
1562.6000000000	0.0478613947
1562.6100000000	0.0473128011
1562.6200000000	0.0466232928
1562.6300000000	0.0460083341
1562.6400000000	0.0452132688
1562.6500000000	0.0444739395
1562.6600000000	0.0437626872
1562.6700000000	0.0432523757
1562.6800000000	0.0429245361
1562.6900000000	0.0428052514
1562.7000000000	0.0429667314
1562.7100000000	0.0433555808
1562.7200000000	0.0438405886
1562.7300000000	0.0444712897
1562.7400000000	0.0451170746
1562.7500000000	0.0456540438
1562.7600000000	0.0461296012
1562.7700000000	0.0464574868
1562.7800000000	0.0466103263
1562.7900000000	0.0465734051
1562.8000000000	0.0463343546
1562.8100000000	0.0459472695
1562.8200000000	0.0453471695
1562.8300000000	0.0446794031
1562.8400000000	0.0438981297
1562.8500000000	0.0430346611
1562.8600000000	0.0423195623
1562.8700000000	0.0416368442
1562.8800000000	0.0410893021
1562.8900000000	0.0406217920
1562.9000000000	0.0403300279
1562.9100000000	0.0403655558
1562.9200000000	0.0404282248
1562.9300000000	0.0406035462
1562.9400000000	0.0408207672
1562.9500000000	0.0410809477
1562.9600000000	0.0414335311
1562.9700000000	0.0417440109
1562.9800000000	0.0419649162
1562.9900000000	0.0421690293
1563.0000000000	0.0423398081
1563.0100000000	0.0423624733
1563.0200000000	0.0422981108
1563.0300000000	0.0421596297
1563.0400000000	0.0420730533
1563.0500000000	0.0419769221
1563.0600000000	0.0420106524
1563.0700000000	0.0420709257
1563.0800000000	0.0423481581
1563.0900000000	0.0426574446
1563.1000000000	0.0431043843
1563.1100000000	0.0434839413
1563.1200000000	0.0440158705
1563.1300000000	0.0444546849
1563.1400000000	0.0448152737
1563.1500000000	0.0450029289
1563.1600000000	0.0450437354
1563.1700000000	0.0449010840
1563.1800000000	0.0446814890
1563.1900000000	0.0444199438
1563.2000000000	0.0438807170
1563.2100000000	0.0433878337
1563.2200000000	0.0429072527
1563.2300000000	0.0423939748
1563.2400000000	0.0420003569
1563.2500000000	0.0417542713
1563.2600000000	0.0415461189
1563.2700000000	0.0414587422
1563.2800000000	0.0414751599
1563.2900000000	0.0416206379
1563.3000000000	0.0417655704
1563.3100000000	0.0418850472
1563.3200000000	0.0419531600
1563.3300000000	0.0420130906
1563.3400000000	0.0420536118
1563.3500000000	0.0421072730
1563.3600000000	0.0420596009
1563.3700000000	0.0419227886
1563.3800000000	0.0418072048
1563.3900000000	0.0415967410
1563.4000000000	0.0413800918
1563.4100000000	0.0411004170
1563.4200000000	0.0408851708
1563.4300000000	0.0406071490
1563.4400000000	0.0404944472
1563.4500000000	0.0403572247
1563.4600000000	0.0403444871
1563.4700000000	0.0405374528
1563.4800000000	0.0408205242
1563.4900000000	0.0412103997
1563.5000000000	0.0416708308
1563.5100000000	0.0421036844
1563.5200000000	0.0423691891
1563.5300000000	0.0424904728
1563.5400000000	0.0425720416
1563.5500000000	0.0426386909
1563.5600000000	0.0425762966
1563.5700000000	0.0424192558
1563.5800000000	0.0422243500
1563.5900000000	0.0420514632
1563.6000000000	0.0417384348
1563.6100000000	0.0413808931
1563.6200000000	0.0411791407
1563.6300000000	0.0410088833
1563.6400000000	0.0407977333
1563.6500000000	0.0408922083
1563.6600000000	0.0410324489
1563.6700000000	0.0411753950
1563.6800000000	0.0414179699
1563.6900000000	0.0416344916
1563.7000000000	0.0418803090
1563.7100000000	0.0419974099
1563.7200000000	0.0422149262
1563.7300000000	0.0422518447
1563.7400000000	0.0421347619
1563.7500000000	0.0419341380
1563.7600000000	0.0416418341
1563.7700000000	0.0413412621
1563.7800000000	0.0409990298
1563.7900000000	0.0405985453
1563.8000000000	0.0401864055
1563.8100000000	0.0397443914
1563.8200000000	0.0394005055
1563.8300000000	0.0391318841
1563.8400000000	0.0389362771
1563.8500000000	0.0388093853
1563.8600000000	0.0387511973
1563.8700000000	0.0387511973
1563.8800000000	0.0387542619
1563.8900000000	0.0387856021
1563.9000000000	0.0387518719
1563.9100000000	0.0385175905
1563.9200000000	0.0382681454
1563.9300000000	0.0379543141
1563.9400000000	0.0375011930
1563.9500000000	0.0371350569
1563.9600000000	0.0366830546
1563.9700000000	0.0361906254
1563.9800000000	0.0358543235
1563.9900000000	0.0355672162
1564.0000000000	0.0353979032
1564.0100000000	0.0353575357
1564.0200000000	0.0355145927
1564.0300000000	0.0357195871
1564.0400000000	0.0360200803
1564.0500000000	0.0364058054
1564.0600000000	0.0369309352
1564.0700000000	0.0375311847
1564.0800000000	0.0380729275
1564.0900000000	0.0385843336
1564.1000000000	0.0389180495
1564.1100000000	0.0390172932
1564.1200000000	0.0390795303
1564.1300000000	0.0390726524
1564.1400000000	0.0388395511
1564.1500000000	0.0386630030
1564.1600000000	0.0384266459
1564.1700000000	0.0382891303
1564.1800000000	0.0380861437
1564.1900000000	0.0379439516
1564.2000000000	0.0378651827
1564.2100000000	0.0378888228
1564.2200000000	0.0379245344
1564.2300000000	0.0381490827
1564.2400000000	0.0384258909
1564.2500000000	0.0387063272
1564.2600000000	0.0391080419
1564.2700000000	0.0394712122
1564.2800000000	0.0400360784
1564.2900000000	0.0405450431
1564.3000000000	0.0411859692
1564.3100000000	0.0415264303
1564.3200000000	0.0418419079
1564.3300000000	0.0421532444
1564.3400000000	0.0423302103
1564.3500000000	0.0425054895
1564.3600000000	0.0426864490
1564.3700000000	0.0429052994
1564.3800000000	0.0431205467
1564.3900000000	0.0433007026
1564.4000000000	0.0434722402
1564.4100000000	0.0436084461
1564.4200000000	0.0438119303
1564.4300000000	0.0440814620
1564.4400000000	0.0443920980
1564.4500000000	0.0447711637
1564.4600000000	0.0449785512
1564.4700000000	0.0451846504
1564.4800000000	0.0453709574
1564.4900000000	0.0454316310
1564.5000000000	0.0454374094
1564.5100000000	0.0453767359
1564.5200000000	0.0452108455
1564.5300000000	0.0451550499
1564.5400000000	0.0450528564
1564.5500000000	0.0449098401
1564.5600000000	0.0447200069
1564.5700000000	0.0444985480
1564.5800000000	0.0443832124
1564.5900000000	0.0442853846
1564.6000000000	0.0442338956
1564.6100000000	0.0441266221
1564.6200000000	0.0440429576
1564.6300000000	0.0440350917
1564.6400000000	0.0439674768
1564.6500000000	0.0438366567
1564.6600000000	0.0438230668
1564.6700000000	0.0436227478
1564.6800000000	0.0433319456
1564.6900000000	0.0429617922
1564.7000000000	0.0426294369
1564.7100000000	0.0423854829
1564.7200000000	0.0419628543
1564.7300000000	0.0416473631
1564.7400000000	0.0413287482
1564.7500000000	0.0410451936
1564.7600000000	0.0409354534
1564.7700000000	0.0407949012
1564.7800000000	0.0406193164
1564.7900000000	0.0406104664
1564.8000000000	0.0405411699
1564.8100000000	0.0405747123
1564.8200000000	0.0405739751
1564.8300000000	0.0405315088
1564.8400000000	0.0403858717
1564.8500000000	0.0402547735
1564.8600000000	0.0399687384
1564.8700000000	0.0395633006
1564.8800000000	0.0391597256
1564.8900000000	0.0386918428
1564.9000000000	0.0382056651
1564.9100000000	0.0377865211
1564.9200000000	0.0374002849
1564.9300000000	0.0370821398
1564.9400000000	0.0369573581
1564.9500000000	0.0369334164
1564.9600000000	0.0369709276
1564.9700000000	0.0370492469
1564.9800000000	0.0372865994
1564.9900000000	0.0374228053
1565.0000000000	0.0377749737
1565.0100000000	0.0380979557
1565.0200000000	0.0385630368
1565.0300000000	0.0390279479
1565.0400000000	0.0395278042
1565.0500000000	0.0399888264
1565.0600000000	0.0402800844
1565.0700000000	0.0404620866
1565.0800000000	0.0405389583
1565.0900000000	0.0405286871
1565.1000000000	0.0403978093
1565.1100000000	0.0401876693
1565.1200000000	0.0400656632
1565.1300000000	0.0400000488
1565.1400000000	0.0398846668
1565.1500000000	0.0398942727
1565.1600000000	0.0399904668
1565.1700000000	0.0400622230
1565.1800000000	0.0402071461
1565.1900000000	0.0404555224
1565.2000000000	0.0406307971
1565.2100000000	0.0407959627
1565.2200000000	0.0409574952
1565.2300000000	0.0411474664
1565.2400000000	0.0412612048
1565.2500000000	0.0412682206
1565.2600000000	0.0411161441
1565.2700000000	0.0408177677
1565.2800000000	0.0406688404
1565.2900000000	0.0404472245
1565.3000000000	0.0402009054
1565.3100000000	0.0400348816
1565.3200000000	0.0399970233
1565.3300000000	0.0399332134
1565.3400000000	0.0399696691
1565.3500000000	0.0400422315
1565.3600000000	0.0402342735
1565.3700000000	0.0404651312
1565.3800000000	0.0408919379
1565.3900000000	0.0412299859
1565.4000000000	0.0416849088
1565.4100000000	0.0421815684
1565.4200000000	0.0425348079
1565.4300000000	0.0427951373
1565.4400000000	0.0430454633
1565.4500000000	0.0431386037
1565.4600000000	0.0431349922
1565.4700000000	0.0431208864
1565.4800000000	0.0429234409
1565.4900000000	0.0427585182
1565.5000000000	0.0426415632
1565.5100000000	0.0425895967
1565.5200000000	0.0424656100
1565.5300000000	0.0424339814
1565.5400000000	0.0424329501
1565.5500000000	0.0423985712
1565.5600000000	0.0424697355
1565.5700000000	0.0425033226
1565.5800000000	0.0423993108
1565.5900000000	0.0424297329
1565.6000000000	0.0423245807
1565.6100000000	0.0422523363
1565.6200000000	0.0421093484
1565.6300000000	0.0419660550
1565.6400000000	0.0416551357
1565.6500000000	0.0413508349
1565.6600000000	0.0410602861
1565.6700000000	0.0407563429
1565.6800000000	0.0405878103
1565.6900000000	0.0405167908
1565.7000000000	0.0404785339
1565.7100000000	0.0405815742
1565.7200000000	0.0407997101
1565.7300000000	0.0410037658
1565.7400000000	0.0413902133
1565.7500000000	0.0418512349
1565.7600000000	0.0421761251
1565.7700000000	0.0424016879
1565.7800000000	0.0426457555
1565.7900000000	0.0427763981
1565.8000000000	0.0428795465
1565.8100000000	0.0429578103
1565.8200000000	0.0428506670
1565.8300000000	0.0427111639
1565.8400000000	0.0425298017
1565.8500000000	0.0422353720
1565.8600000000	0.0417417534
1565.8700000000	0.0413169811
1565.8800000000	0.0410330284
1565.8900000000	0.0408235606
1565.9000000000	0.0407920970
1565.9100000000	0.0408637883
1565.9200000000	0.0409623761
1565.9300000000	0.0412753566
1565.9400000000	0.0416469900
1565.9500000000	0.0419614525
1565.9600000000	0.0422159060
1565.9700000000	0.0424662302
1565.9800000000	0.0426216017
1565.9900000000	0.0428058265
1566.0000000000	0.0428916479
1566.0100000000	0.0430060609
1566.0200000000	0.0430060609
1566.0300000000	0.0429793289
1566.0400000000	0.0428542730
1566.0500000000	0.0427820775
1566.0600000000	0.0426481685
1566.0700000000	0.0426144382
1566.0800000000	0.0425461510
1566.0900000000	0.0425738429
1566.1000000000	0.0428002982
1566.1100000000	0.0431080651
1566.1200000000	0.0433954740
1566.1300000000	0.0437091329
1566.1400000000	0.0440304437
1566.1500000000	0.0442893542
1566.1600000000	0.0444218914
1566.1700000000	0.0445334731
1566.1800000000	0.0445770714
1566.1900000000	0.0444406899
1566.2000000000	0.0442115803
1566.2100000000	0.0438664683
1566.2200000000	0.0434381328
1566.2300000000	0.0429274700
1566.2400000000	0.0423631858
1566.2500000000	0.0420024376
1566.2600000000	0.0418018206
1566.2700000000	0.0416891954
1566.2800000000	0.0417614210
1566.2900000000	0.0420299461
1566.3000000000	0.0424178825
1566.3100000000	0.0429719957
1566.3200000000	0.0436060641
1566.3300000000	0.0441890401
1566.3400000000	0.0448346838
1566.3500000000	0.0453454699
1566.3600000000	0.0458756759
1566.3700000000	0.0462385409
1566.3800000000	0.0463942171
1566.3900000000	0.0462696938
1566.4000000000	0.0460951582
1566.4100000000	0.0457227484
1566.4200000000	0.0453297910
1566.4300000000	0.0447789553
1566.4400000000	0.0441803300
1566.4500000000	0.0436902443
1566.4600000000	0.0431744029
1566.4700000000	0.0429199581
1566.4800000000	0.0427631414
1566.4900000000	0.0428652337
1566.5000000000	0.0431680509
1566.5100000000	0.0435559753
1566.5200000000	0.0440451270
1566.5300000000	0.0444777441
1566.5400000000	0.0448874975
1566.5500000000	0.0451951029
1566.5600000000	0.0454222827
1566.5700000000	0.0455446716
1566.5800000000	0.0455363406
1566.5900000000	0.0454154841
1566.6000000000	0.0449769772
1566.6100000000	0.0445343359
1566.6200000000	0.0439636192
1566.6300000000	0.0433847301
1566.6400000000	0.0427156845
1566.6500000000	0.0420960932
1566.6600000000	0.0416672285
1566.6700000000	0.0413656086
1566.6800000000	0.0412646740
1566.6900000000	0.0414045164
1566.7000000000	0.0417331728
1566.7100000000	0.0420282798
1566.7200000000	0.0422997931
1566.7300000000	0.0426727258
1566.7400000000	0.0429049499
1566.7500000000	0.0430497603
1566.7600000000	0.0431089892
1566.7700000000	0.0430540941
1566.7800000000	0.0428634037
1566.7900000000	0.0425780789
1566.8000000000	0.0420786130
1566.8100000000	0.0414100809
1566.8200000000	0.0407014739
1566.8300000000	0.0400425468
1566.8400000000	0.0393777732
1566.8500000000	0.0388710765
1566.8600000000	0.0384842423
1566.8700000000	0.0383670820
1566.8800000000	0.0384761521
1566.8900000000	0.0387511973
1566.9000000000	0.0391938804
1566.9100000000	0.0397385871
1566.9200000000	0.0403737587
1566.9300000000	0.0409848233
1566.9400000000	0.0415601219
1566.9500000000	0.0421972737
1566.9600000000	0.0428350757
1566.9700000000	0.0432205852
1566.9800000000	0.0435112326
1566.9900000000	0.0435742074
1567.0000000000	0.0435435522
1567.0100000000	0.0434974054
1567.0200000000	0.0432625033
1567.0300000000	0.0429844643
1567.0400000000	0.0426896229
1567.0500000000	0.0425352256
1567.0600000000	0.0424940482
1567.0700000000	0.0424514936
1567.0800000000	0.0425740790
1567.0900000000	0.0427565006
1567.1000000000	0.0429630101
1567.1100000000	0.0432425911
1567.1200000000	0.0434890925
1567.1300000000	0.0437592961
1567.1400000000	0.0440194621
1567.1500000000	0.0441557744
1567.1600000000	0.0442935943
1567.1700000000	0.0443279732
1567.1800000000	0.0443290046
1567.1900000000	0.0442311149
1567.2000000000	0.0439962310
1567.2100000000	0.0438440093
1567.2200000000	0.0437329570
1567.2300000000	0.0436896505
1567.2400000000	0.0437798060
1567.2500000000	0.0440107435
1567.2600000000	0.0444162426
1567.2700000000	0.0450319420
1567.2800000000	0.0457443742
1567.2900000000	0.0464670791
1567.3000000000	0.0470015036
1567.3100000000	0.0475024412
1567.3200000000	0.0477352998
1567.3300000000	0.0478330039
1567.3400000000	0.0478138870
1567.3500000000	0.0474931453
1567.3600000000	0.0471146561
1567.3700000000	0.0464575007
1567.3800000000	0.0457111752
1567.3900000000	0.0450298669
1567.4000000000	0.0443946101
1567.4100000000	0.0435677262
1567.4200000000	0.0430470220
1567.4300000000	0.0426637799
1567.4400000000	0.0424152366
1567.4500000000	0.0425286245
1567.4600000000	0.0427939647
1567.4700000000	0.0432283094
1567.4800000000	0.0438255128
1567.4900000000	0.0444457510
1567.5000000000	0.0448653287
1567.5100000000	0.0452994999
1567.5200000000	0.0455652573
1567.5300000000	0.0456490290
1567.5400000000	0.0455479224
1567.5500000000	0.0451242763
1567.5600000000	0.0445746688
1567.5700000000	0.0437765285
1567.5800000000	0.0430241272
1567.5900000000	0.0421977168
1567.6000000000	0.0414265224
1567.6100000000	0.0407081674
1567.6200000000	0.0402003288
1567.6300000000	0.0398324290
1567.6400000000	0.0397502159
1567.6500000000	0.0399661518
1567.6600000000	0.0403658967
1567.6700000000	0.0408079515
1567.6800000000	0.0413097103
1567.6900000000	0.0418207379
1567.7000000000	0.0424279097
1567.7100000000	0.0428681032
1567.7200000000	0.0431247782
1567.7300000000	0.0434645669
1567.7400000000	0.0436288208
1567.7500000000	0.0436198534
1567.7600000000	0.0435551303
1567.7700000000	0.0432785094
1567.7800000000	0.0430173889
1567.7900000000	0.0426227656
1567.8000000000	0.0423322361
1567.8100000000	0.0419468179
1567.8200000000	0.0418003328
1567.8300000000	0.0418239218
1567.8400000000	0.0421062211
1567.8500000000	0.0426339816
1567.8600000000	0.0433520715
1567.8700000000	0.0442009937
1567.8800000000	0.0449906493
1567.8900000000	0.0457985414
1567.9000000000	0.0465493926
1567.9100000000	0.0472788030
1567.9200000000	0.0477976125
1567.9300000000	0.0481426486
1567.9400000000	0.0483375082
1567.9500000000	0.0483580923
1567.9600000000	0.0482517535
1567.9700000000	0.0480771673
1567.9800000000	0.0477706901
1567.9900000000	0.0473946594
1568.0000000000	0.0468743425
1568.0100000000	0.0464735994
1568.0200000000	0.0461782626
1568.0300000000	0.0461203056
1568.0400000000	0.0462442058
1568.0500000000	0.0465461847
1568.0600000000	0.0468021252
1568.0700000000	0.0471150462
1568.0800000000	0.0475553385
1568.0900000000	0.0477949917
1568.1000000000	0.0479760201
1568.1100000000	0.0479694531
1568.1200000000	0.0478801845
1568.1300000000	0.0476286930
1568.1400000000	0.0471558490
1568.1500000000	0.0464938176
1568.1600000000	0.0458156991
1568.1700000000	0.0451708736
1568.1800000000	0.0445077720
1568.1900000000	0.0438188044
1568.2000000000	0.0432723194
1568.2100000000	0.0429568991
1568.2200000000	0.0428599205
1568.2300000000	0.0428415922
1568.2400000000	0.0430809743
1568.2500000000	0.0434215030
1568.2600000000	0.0437981787
1568.2700000000	0.0441417069
1568.2800000000	0.0444348347
1568.2900000000	0.0445348613
1568.3000000000	0.0445749925
1568.3100000000	0.0444534287
1568.3200000000	0.0441558856
1568.3300000000	0.0437448766
1568.3400000000	0.0433164081
1568.3500000000	0.0426778900
1568.3600000000	0.0418253670
1568.3700000000	0.0410197511
1568.3800000000	0.0403031185
1568.3900000000	0.0397916680
1568.4000000000	0.0395092715
1568.4100000000	0.0395971673
1568.4200000000	0.0398470898
1568.4300000000	0.0404030815
1568.4400000000	0.0411103242
1568.4500000000	0.0417657122
1568.4600000000	0.0425165749
1568.4700000000	0.0432349585
1568.4800000000	0.0436777670
1568.4900000000	0.0439819654
1568.5000000000	0.0441460134
1568.5100000000	0.0440395524
1568.5200000000	0.0438692950
1568.5300000000	0.0435669044
1568.5400000000	0.0432577161
1568.5500000000	0.0428310241
1568.5600000000	0.0424260361
1568.5700000000	0.0419119478
1568.5800000000	0.0414014062
1568.5900000000	0.0412039983
1568.6000000000	0.0412129368
1568.6100000000	0.0414614398
1568.6200000000	0.0419602235
1568.6300000000	0.0426788945
1568.6400000000	0.0436173898
1568.6500000000	0.0447223138
1568.6600000000	0.0459045359
1568.6700000000	0.0468215996
1568.6800000000	0.0476868037
1568.6900000000	0.0483986495
1568.7000000000	0.0488617605
1568.7100000000	0.0490705757
1568.7200000000	0.0492223480
1568.7300000000	0.0491508399
1568.7400000000	0.0489020182
1568.7500000000	0.0486451581
1568.7600000000	0.0482467419
1568.7700000000	0.0479130249
1568.7800000000	0.0476423149
1568.7900000000	0.0474039407
1568.8000000000	0.0473345153
1568.8100000000	0.0474334465
1568.8200000000	0.0478312670
1568.8300000000	0.0481846562
1568.8400000000	0.0487030468
1568.8500000000	0.0493090746
1568.8600000000	0.0497888075
1568.8700000000	0.0501603393
1568.8800000000	0.0503571819
1568.8900000000	0.0502387117
1568.9000000000	0.0500623421
1568.9100000000	0.0497475302
1568.9200000000	0.0492921172
1568.9300000000	0.0486123166
1568.9400000000	0.0479980914
1568.9500000000	0.0474060410
1568.9600000000	0.0469111574
1568.9700000000	0.0465756214
1568.9800000000	0.0463511140
1568.9900000000	0.0463002308
1569.0000000000	0.0466541643
1569.0100000000	0.0473524572
1569.0200000000	0.0479774695
1569.0300000000	0.0488496218
1569.0400000000	0.0495662843
1569.0500000000	0.0502368505
1569.0600000000	0.0507773008
1569.0700000000	0.0510867249
1569.0800000000	0.0511898616
1569.0900000000	0.0510940145
1569.1000000000	0.0507350157
1569.1100000000	0.0501682003
1569.1200000000	0.0495265061
1569.1300000000	0.0488764049
1569.1400000000	0.0480117777
1569.1500000000	0.0471735273
1569.1600000000	0.0463428497
1569.1700000000	0.0457397096
1569.1800000000	0.0452604461
1569.1900000000	0.0451564196
1569.2000000000	0.0451513624
1569.2100000000	0.0455519773
1569.2200000000	0.0461725010
1569.2300000000	0.0468300943
1569.2400000000	0.0474956326
1569.2500000000	0.0480933080
1569.2600000000	0.0485148263
1569.2700000000	0.0488991566
1569.2800000000	0.0492122874
1569.2900000000	0.0492703606
1569.3000000000	0.0491198324
1569.3100000000	0.0489134243
1569.3200000000	0.0486094047
1569.3300000000	0.0482964706
1569.3400000000	0.0479252834
1569.3500000000	0.0475507171
1569.3600000000	0.0473387426
1569.3700000000	0.0472644298
1569.3800000000	0.0473941259
1569.3900000000	0.0476321490
1569.4000000000	0.0481097536
1569.4100000000	0.0486428611
1569.4200000000	0.0491141141
1569.4300000000	0.0497741485
1569.4400000000	0.0502713549
1569.4500000000	0.0506466032
1569.4600000000	0.0509079546
1569.4700000000	0.0508666135
1569.4800000000	0.0506727742
1569.4900000000	0.0503515160
1569.5000000000	0.0498091312
1569.5100000000	0.0493637581
1569.5200000000	0.0488808846
1569.5300000000	0.0482888805
1569.5400000000	0.0477586616
1569.5500000000	0.0473026965
1569.5600000000	0.0471271123
1569.5700000000	0.0472237403
1569.5800000000	0.0475306746
1569.5900000000	0.0480076911
1569.6000000000	0.0486267739
1569.6100000000	0.0493415285
1569.6200000000	0.0500225858
1569.6300000000	0.0507036299
1569.6400000000	0.0511879075
1569.6500000000	0.0514552525
1569.6600000000	0.0515443913
1569.6700000000	0.0512940998
1569.6800000000	0.0509150346
1569.6900000000	0.0503680781
1569.7000000000	0.0497337495
1569.7100000000	0.0490646174
1569.7200000000	0.0483484115
1569.7300000000	0.0476257066
1569.7400000000	0.0470988894
1569.7500000000	0.0467483135
1569.7600000000	0.0466626745
1569.7700000000	0.0467771380
1569.7800000000	0.0471646101
1569.7900000000	0.0478633466
1569.8000000000	0.0487225537
1569.8100000000	0.0495452760
1569.8200000000	0.0503232270
1569.8300000000	0.0509971695
1569.8400000000	0.0514668432
1569.8500000000	0.0516945584
1569.8600000000	0.0516633169
1569.8700000000	0.0514395561
1569.8800000000	0.0510918317
1569.8900000000	0.0505797446
1569.9000000000	0.0499388563
1569.9100000000	0.0492921563
1569.9200000000	0.0485838696
1569.9300000000	0.0480572952
1569.9400000000	0.0476538774
1569.9500000000	0.0473581768
1569.9600000000	0.0473968607
1569.9700000000	0.0476613830
1569.9800000000	0.0481360414
1569.9900000000	0.0488906493
1570.0000000000	0.0495997784
1570.0100000000	0.0503327528
1570.0200000000	0.0511201741
1570.0300000000	0.0516627798
1570.0400000000	0.0520094975
1570.0500000000	0.0520935882
1570.0600000000	0.0519199287
1570.0700000000	0.0516142941
1570.0800000000	0.0512503378
1570.0900000000	0.0508517659
1570.1000000000	0.0503131186
1570.1100000000	0.0497140124
1570.1200000000	0.0491713672
1570.1300000000	0.0487395035
1570.1400000000	0.0485558258
1570.1500000000	0.0486243445
1570.1600000000	0.0488645057
1570.1700000000	0.0493502360
1570.1800000000	0.0499951857
1570.1900000000	0.0508384692
1570.2000000000	0.0518083349
1570.2100000000	0.0527834749
1570.2200000000	0.0536170289
1570.2300000000	0.0542689377
1570.2400000000	0.0545813659
1570.2500000000	0.0545570537
1570.2600000000	0.0544244505
1570.2700000000	0.0540328786
1570.2800000000	0.0532724092
1570.2900000000	0.0525357686
1570.3000000000	0.0516899567
1570.3100000000	0.0508841163
1570.3200000000	0.0503274604
1570.3300000000	0.0500287963
1570.3400000000	0.0498815738
1570.3500000000	0.0500075070
1570.3600000000	0.0504008709
1570.3700000000	0.0510637417
1570.3800000000	0.0518383007
1570.3900000000	0.0526922670
1570.4000000000	0.0536659522
1570.4100000000	0.0544171117
1570.4200000000	0.0549944476
1570.4300000000	0.0553415884
1570.4400000000	0.0553763011
1570.4500000000	0.0552426573
1570.4600000000	0.0548427540
1570.4700000000	0.0542682451
1570.4800000000	0.0534589727
1570.4900000000	0.0526526526
1570.5000000000	0.0518242275
1570.5100000000	0.0510874560
1570.5200000000	0.0506049340
1570.5300000000	0.0502358955
1570.5400000000	0.0502639913
1570.5500000000	0.0505503995
1570.5600000000	0.0511753340
1570.5700000000	0.0518733337
1570.5800000000	0.0527556831
1570.5900000000	0.0535675025
1570.6000000000	0.0542544175
1570.6100000000	0.0547603952
1570.6200000000	0.0550013794
1570.6300000000	0.0548661909
1570.6400000000	0.0544997244
1570.6500000000	0.0539573583
1570.6600000000	0.0532081961
1570.6700000000	0.0524089897
1570.6800000000	0.0516060321
1570.6900000000	0.0508242981
1570.7000000000	0.0500617442
1570.7100000000	0.0493986760
1570.7200000000	0.0489259521
1570.7300000000	0.0486217050
1570.7400000000	0.0488299811
1570.7500000000	0.0491710735
1570.7600000000	0.0497966740
1570.7700000000	0.0505673895
1570.7800000000	0.0515529703
1570.7900000000	0.0526206290
1570.8000000000	0.0535689950
1570.8100000000	0.0543311480
1570.8200000000	0.0548854381
1570.8300000000	0.0551163372
1570.8400000000	0.0551916516
1570.8500000000	0.0549340530
1570.8600000000	0.0544211781
1570.8700000000	0.0538230456
1570.8800000000	0.0531711497
1570.8900000000	0.0526073790
1570.9000000000	0.0521724855
1570.9100000000	0.0517135418
1570.9200000000	0.0514946275
1570.9300000000	0.0515833235
1570.9400000000	0.0518204341
1570.9500000000	0.0523573901
1570.9600000000	0.0529225011
1570.9700000000	0.0537245063
1570.9800000000	0.0544279603
1570.9900000000	0.0550714865
1571.0000000000	0.0555940054
1571.0100000000	0.0556973736
1571.0200000000	0.0555203733
1571.0300000000	0.0551309583
1571.0400000000	0.0543761998
1571.0500000000	0.0536611042
1571.0600000000	0.0526853465
1571.0700000000	0.0516481146
1571.0800000000	0.0505883414
1571.0900000000	0.0497619372
1571.1000000000	0.0491490144
1571.1100000000	0.0487185164
1571.1200000000	0.0486809687
1571.1300000000	0.0488569717
1571.1400000000	0.0492278364
1571.1500000000	0.0498741721
1571.1600000000	0.0505251553
1571.1700000000	0.0511738576
1571.1800000000	0.0517821944
1571.1900000000	0.0520856785
1571.2000000000	0.0521680433
1571.2100000000	0.0519835202
1571.2200000000	0.0515125336
1571.2300000000	0.0507868550
1571.2400000000	0.0498506206
1571.2500000000	0.0488247093
1571.2600000000	0.0477900957
1571.2700000000	0.0468444783
1571.2800000000	0.0459992214
1571.2900000000	0.0450959781
1571.3000000000	0.0446129130
1571.3100000000	0.0445095806
1571.3200000000	0.0446959354
1571.3300000000	0.0451741159
1571.3400000000	0.0459383431
1571.3500000000	0.0468532415
1571.3600000000	0.0480047744
1571.3700000000	0.0492365799
1571.3800000000	0.0502625134
1571.3900000000	0.0510641458
1571.4000000000	0.0517370195
1571.4100000000	0.0521104529
1571.4200000000	0.0523180443
1571.4300000000	0.0520747695
1571.4400000000	0.0516389853
1571.4500000000	0.0510145041
1571.4600000000	0.0503638367
1571.4700000000	0.0497953391
1571.4800000000	0.0493329584
1571.4900000000	0.0490297569
1571.5000000000	0.0490037274
1571.5100000000	0.0491726584
1571.5200000000	0.0496039021
1571.5300000000	0.0503793771
1571.5400000000	0.0514267416
1571.5500000000	0.0525061368
1571.5600000000	0.0538009643
1571.5700000000	0.0551104244
1571.5800000000	0.0562733245
1571.5900000000	0.0570748313
1571.6000000000	0.0575659960
1571.6100000000	0.0576613843
1571.6200000000	0.0574280368
1571.6300000000	0.0570417527
1571.6400000000	0.0562982284
1571.6500000000	0.0554100515
1571.6600000000	0.0543758215
1571.6700000000	0.0535761828
1571.6800000000	0.0529559428
1571.6900000000	0.0526059510
1571.7000000000	0.0525924975
1571.7100000000	0.0528582384
1571.7200000000	0.0534582447
1571.7300000000	0.0542808508
1571.7400000000	0.0553289486
1571.7500000000	0.0563945847
1571.7600000000	0.0573224315
1571.7700000000	0.0581179833
1571.7800000000	0.0586846996
1571.7900000000	0.0589290285
1571.8000000000	0.0588415506
1571.8100000000	0.0583961016
1571.8200000000	0.0577021073
1571.8300000000	0.0569126758
1571.8400000000	0.0558743107
1571.8500000000	0.0548177726
1571.8600000000	0.0537200940
1571.8700000000	0.0527335685
1571.8800000000	0.0520514174
1571.8900000000	0.0515059718
1571.9000000000	0.0510811164
1571.9100000000	0.0510313637
1571.9200000000	0.0513495592
1571.9300000000	0.0520467943
1571.9400000000	0.0529691999
1571.9500000000	0.0538248522
1571.9600000000	0.0544664744
1571.9700000000	0.0550197918
1571.9800000000	0.0552700803
1571.9900000000	0.0552484112
1572.0000000000	0.0550544789
1572.0100000000	0.0545434232
1572.0200000000	0.0538513210
1572.0300000000	0.0529597511
1572.0400000000	0.0520282842
1572.0500000000	0.0511750867
1572.0600000000	0.0503678448
1572.0700000000	0.0498097631
1572.0800000000	0.0494249675
1572.0900000000	0.0492666150
1572.1000000000	0.0493347179
1572.1100000000	0.0497092981
1572.1200000000	0.0503054689
1572.1300000000	0.0511430092
1572.1400000000	0.0521686836
1572.1500000000	0.0532055812
1572.1600000000	0.0542280747
1572.1700000000	0.0548930226
1572.1800000000	0.0553018210
1572.1900000000	0.0556276354
1572.2000000000	0.0554606418
1572.2100000000	0.0551028416
1572.2200000000	0.0546120359
1572.2300000000	0.0539832587
1572.2400000000	0.0533457999
1572.2500000000	0.0528300600
1572.2600000000	0.0523302108
1572.2700000000	0.0520631714
1572.2800000000	0.0521365275
1572.2900000000	0.0524016475
1572.3000000000	0.0529478427
1572.3100000000	0.0537235840
1572.3200000000	0.0546966218
1572.3300000000	0.0556960145
1572.3400000000	0.0567193768
1572.3500000000	0.0578230004
1572.3600000000	0.0585946250
1572.3700000000	0.0591541114
1572.3800000000	0.0594080557
1572.3900000000	0.0592961165
1572.4000000000	0.0587769805
1572.4100000000	0.0580600534
1572.4200000000	0.0570631996
1572.4300000000	0.0558453114
1572.4400000000	0.0548884506
1572.4500000000	0.0538412743
1572.4600000000	0.0529728971
1572.4700000000	0.0522413905
1572.4800000000	0.0517715198
1572.4900000000	0.0516036187
1572.5000000000	0.0517703000
1572.5100000000	0.0522308889
1572.5200000000	0.0528889951
1572.5300000000	0.0536421704
1572.5400000000	0.0543124842
1572.5500000000	0.0548432106
1572.5600000000	0.0551263344
1572.5700000000	0.0551861678
1572.5800000000	0.0550314714
1572.5900000000	0.0546370435
1572.6000000000	0.0540707489
1572.6100000000	0.0532248824
1572.6200000000	0.0523054647
1572.6300000000	0.0514092084
1572.6400000000	0.0506425330
1572.6500000000	0.0500443261
1572.6600000000	0.0496441426
1572.6700000000	0.0494419946
1572.6800000000	0.0494484304
1572.6900000000	0.0497745076
1572.7000000000	0.0503151238
1572.7100000000	0.0510704736
1572.7200000000	0.0520466971
1572.7300000000	0.0530550631
1572.7400000000	0.0539814475
1572.7500000000	0.0546610944
1572.7600000000	0.0551875417
1572.7700000000	0.0553415884
1572.7800000000	0.0552750250
1572.7900000000	0.0549283048
1572.8000000000	0.0544024855
1572.8100000000	0.0538083645
1572.8200000000	0.0530497580
1572.8300000000	0.0523488462
1572.8400000000	0.0517095272
1572.8500000000	0.0513300101
1572.8600000000	0.0512063915
1572.8700000000	0.0512971677
1572.8800000000	0.0517749279
1572.8900000000	0.0524564272
1572.9000000000	0.0533001377
1572.9100000000	0.0543656882
1572.9200000000	0.0554679463
1572.9300000000	0.0564268612
1572.9400000000	0.0572485308
1572.9500000000	0.0578240151
1572.9600000000	0.0580589840
1572.9700000000	0.0580192558
1572.9800000000	0.0575813941
1572.9900000000	0.0567786524
1573.0000000000	0.0557312820
1573.0100000000	0.0546784943
1573.0200000000	0.0536065655
1573.0300000000	0.0526103619
1573.0400000000	0.0517337795
1573.0500000000	0.0510748020
1573.0600000000	0.0506772687
1573.0700000000	0.0505819472
1573.0800000000	0.0508329327
1573.0900000000	0.0513811817
1573.1000000000	0.0521078533
1573.1100000000	0.0530039117
1573.1200000000	0.0539039447
1573.1300000000	0.0547051476
1573.1400000000	0.0553172809
1573.1500000000	0.0556514715
1573.1600000000	0.0557332269
1573.1700000000	0.0555511587
1573.1800000000	0.0551517877
1573.1900000000	0.0545008167
1573.2000000000	0.0535982593
1573.2100000000	0.0526957156
1573.2200000000	0.0517492419
1573.2300000000	0.0510159117
1573.2400000000	0.0504077381
1573.2500000000	0.0499390270
1573.2600000000	0.0497072907
1573.2700000000	0.0497910392
1573.2800000000	0.0501764565
1573.2900000000	0.0509359678
1573.3000000000	0.0516831327
1573.3100000000	0.0525057594
1573.3200000000	0.0534823209
1573.3300000000	0.0541683694
1573.3400000000	0.0546190440
1573.3500000000	0.0547011869
1573.3600000000	0.0544739122
1573.3700000000	0.0538908475
1573.3800000000	0.0530624689
1573.3900000000	0.0520044476
1573.4000000000	0.0508270506
1573.4100000000	0.0497150309
1573.4200000000	0.0486633152
1573.4300000000	0.0477836261
1573.4400000000	0.0471454875
1573.4500000000	0.0467426464
1573.4600000000	0.0466364058
1573.4700000000	0.0468846078
1573.4800000000	0.0474539970
1573.4900000000	0.0481739216
1573.5000000000	0.0491298475
1573.5100000000	0.0500963087
1573.5200000000	0.0511671718
1573.5300000000	0.0520596221
1573.5400000000	0.0528069108
1573.5500000000	0.0531992664
1573.5600000000	0.0534860437
1573.5700000000	0.0535040653
1573.5800000000	0.0529459921
1573.5900000000	0.0523228325
1573.6000000000	0.0515435130
1573.6100000000	0.0507335564
1573.6200000000	0.0500724448
1573.6300000000	0.0495785066
1573.6400000000	0.0492810868
1573.6500000000	0.0491472800
1573.6600000000	0.0493204201
1573.6700000000	0.0497399488
1573.6800000000	0.0503863437
1573.6900000000	0.0511848795
1573.7000000000	0.0519630817
1573.7100000000	0.0527516982
1573.7200000000	0.0534479161
1573.7300000000	0.0540368599
1573.7400000000	0.0543404458
1573.7500000000	0.0544426002
1573.7600000000	0.0544137416
1573.7700000000	0.0541765435
1573.7800000000	0.0536911385
1573.7900000000	0.0531233358
1573.8000000000	0.0524900277
1573.8100000000	0.0519564201
1573.8200000000	0.0513936593
1573.8300000000	0.0510821244
1573.8400000000	0.0510509708
1573.8500000000	0.0513135665
1573.8600000000	0.0519418098
1573.8700000000	0.0527184580
1573.8800000000	0.0536124688
1573.8900000000	0.0546568221
1573.9000000000	0.0557202434
1573.9100000000	0.0566565893
1573.9200000000	0.0573926320
1573.9300000000	0.0578141111
1573.9400000000	0.0579585808
1573.9500000000	0.0577496765
1573.9600000000	0.0572597440
1573.9700000000	0.0565503229
1573.9800000000	0.0556346423
1573.9900000000	0.0548621275
1574.0000000000	0.0540871011
1574.0100000000	0.0534404359
1574.0200000000	0.0528274954
1574.0300000000	0.0522799337
1574.0400000000	0.0521658127
1574.0500000000	0.0522579835
1574.0600000000	0.0526284834
1574.0700000000	0.0532520609
1574.0800000000	0.0541177768
1574.0900000000	0.0550268094
1574.1000000000	0.0559462470
1574.1100000000	0.0568043605
1574.1200000000	0.0575910561
1574.1300000000	0.0579944712
1574.1400000000	0.0581893133
1574.1500000000	0.0580110709
1574.1600000000	0.0574738978
1574.1700000000	0.0565679907
1574.1800000000	0.0554953399
1574.1900000000	0.0544670532
1574.2000000000	0.0536260810
1574.2100000000	0.0528241347
1574.2200000000	0.0522148416
1574.2300000000	0.0517955828
1574.2400000000	0.0516216751
1574.2500000000	0.0518032120
1574.2600000000	0.0521753460
1574.2700000000	0.0526701645
1574.2800000000	0.0532464683
1574.2900000000	0.0540973053
1574.3000000000	0.0548107638
1574.3100000000	0.0553608402
1574.3200000000	0.0556520609
1574.3300000000	0.0557320373
1574.3400000000	0.0556669295
1574.3500000000	0.0553576785
1574.3600000000	0.0547981130
1574.3700000000	0.0541641544
1574.3800000000	0.0533192826
1574.3900000000	0.0524947650
1574.4000000000	0.0516945584
1574.4100000000	0.0511825762
1574.4200000000	0.0510334741
1574.4300000000	0.0512150214
1574.4400000000	0.0515855628
1574.4500000000	0.0522824154
1574.4600000000	0.0532481555
1574.4700000000	0.0543827045
1574.4800000000	0.0556371242
1574.4900000000	0.0567858828
1574.5000000000	0.0577736631
1574.5100000000	0.0585738589
1574.5200000000	0.0591622824
1574.5300000000	0.0594795632
1574.5400000000	0.0592388969
1574.5500000000	0.0587962138
1574.5600000000	0.0582134565
1574.5700000000	0.0574071343
1574.5800000000	0.0564527745
1574.5900000000	0.0555398029
1574.6000000000	0.0546892350
1574.6100000000	0.0540646163
1574.6200000000	0.0537946346
1574.6300000000	0.0537041550
1574.6400000000	0.0539243840
1574.6500000000	0.0544026565
1574.6600000000	0.0551707612
1574.6700000000	0.0559909089
1574.6800000000	0.0569218062
1574.6900000000	0.0576008475
1574.7000000000	0.0580434388
1574.7100000000	0.0583011241
1574.7200000000	0.0583718465
1574.7300000000	0.0582388272
1574.7400000000	0.0577357603
1574.7500000000	0.0569812184
1574.7600000000	0.0561842299
1574.7700000000	0.0552916117
1574.7800000000	0.0543455589
1574.7900000000	0.0534496065
1574.8000000000	0.0528530297
1574.8100000000	0.0523987690
1574.8200000000	0.0520762900
1574.8300000000	0.0520287358
1574.8400000000	0.0521590362
1574.8500000000	0.0526100984
1574.8600000000	0.0533320833
1574.8700000000	0.0541221384
1574.8800000000	0.0547391173
1574.8900000000	0.0554557119
1574.9000000000	0.0559994910
1574.9100000000	0.0563298597
1574.9200000000	0.0563770550
1574.9300000000	0.0560695701
1574.9400000000	0.0554388406
1574.9500000000	0.0548295764
1574.9600000000	0.0539898099
1574.9700000000	0.0530248035
1574.9800000000	0.0520513419
1574.9900000000	0.0512668914
1575.0000000000	0.0507132019
1575.0100000000	0.0503211503
1575.0200000000	0.0500911362
1575.0300000000	0.0501735099
1575.0400000000	0.0506252272
1575.0500000000	0.0513610878
1575.0600000000	0.0521053856
1575.0700000000	0.0529262502
1575.0800000000	0.0537942478
1575.0900000000	0.0545611027
1575.1000000000	0.0551890388
1575.1100000000	0.0555630699
1575.1200000000	0.0559101966
1575.1300000000	0.0559830728
1575.1400000000	0.0557831482
1575.1500000000	0.0553422907
1575.1600000000	0.0548694753
1575.1700000000	0.0543212791
1575.1800000000	0.0538446175
1575.1900000000	0.0533710844
1575.2000000000	0.0529774142
1575.2100000000	0.0527693906
1575.2200000000	0.0528546231
1575.2300000000	0.0532631322
1575.2400000000	0.0539390672
1575.2500000000	0.0549386742
1575.2600000000	0.0558260212
1575.2700000000	0.0567717992
1575.2800000000	0.0575906560
1575.2900000000	0.0582672031
1575.3000000000	0.0586738321
1575.3100000000	0.0588813564
1575.3200000000	0.0588222487
1575.3300000000	0.0585516057
1575.3400000000	0.0580676472
1575.3500000000	0.0573559093
1575.3600000000	0.0566017906
1575.3700000000	0.0558934394
1575.3800000000	0.0551972214
1575.3900000000	0.0546056643
1575.4000000000	0.0542606062
1575.4100000000	0.0539828907
1575.4200000000	0.0540176034
1575.4300000000	0.0542543575
1575.4400000000	0.0547058659
1575.4500000000	0.0549713930
1575.4600000000	0.0553576770
1575.4700000000	0.0558189189
1575.4800000000	0.0559822272
1575.4900000000	0.0561282068
1575.5000000000	0.0559016283
1575.5100000000	0.0554975508
1575.5200000000	0.0550333492
1575.5300000000	0.0544642774
1575.5400000000	0.0536580869
1575.5500000000	0.0528501693
1575.5600000000	0.0522358506
1575.5700000000	0.0516945656
1575.5800000000	0.0511761100
1575.5900000000	0.0508898970
1575.6000000000	0.0508736307
1575.6100000000	0.0510827560
1575.6200000000	0.0515851549
1575.6300000000	0.0523340672
1575.6400000000	0.0529810700
1575.6500000000	0.0536524997
1575.6600000000	0.0544024213
1575.6700000000	0.0548774734
1575.6800000000	0.0553245801
1575.6900000000	0.0556286870
1575.7000000000	0.0556591830
1575.7100000000	0.0552385328
1575.7200000000	0.0548137594
1575.7300000000	0.0541807920
1575.7400000000	0.0533292929
1575.7500000000	0.0525480839
1575.7600000000	0.0518445926
1575.7700000000	0.0512186831
1575.7800000000	0.0508589301
1575.7900000000	0.0506543442
1575.8000000000	0.0506528717
1575.8100000000	0.0509707088
1575.8200000000	0.0516473828
1575.8300000000	0.0524668809
1575.8400000000	0.0534772691
1575.8500000000	0.0545149317
1575.8600000000	0.0554635159
1575.8700000000	0.0562053819
1575.8800000000	0.0568355173
1575.8900000000	0.0571003887
1575.9000000000	0.0570755386
1575.9100000000	0.0567758780
1575.9200000000	0.0563570309
1575.9300000000	0.0556501083
1575.9400000000	0.0550320597
1575.9500000000	0.0542488479
1575.9600000000	0.0534622977
1575.9700000000	0.0529261704
1575.9800000000	0.0525634114
1575.9900000000	0.0523099148
1576.0000000000	0.0523024064
1576.0100000000	0.0524411321
1576.0200000000	0.0526188298
1576.0300000000	0.0531444285
1576.0400000000	0.0538233151
1576.0500000000	0.0544545557
1576.0600000000	0.0549757556
1576.0700000000	0.0553906149
1576.0800000000	0.0555758286
1576.0900000000	0.0554230597
1576.1000000000	0.0549103427
1576.1100000000	0.0540915891
1576.1200000000	0.0532359266
1576.1300000000	0.0523939327
1576.1400000000	0.0515215110
1576.1500000000	0.0505553029
1576.1600000000	0.0496971876
1576.1700000000	0.0490003089
1576.1800000000	0.0486960378
1576.1900000000	0.0486172832
1576.2000000000	0.0488284142
1576.2100000000	0.0493457468
1576.2200000000	0.0500140741
1576.2300000000	0.0508910878
1576.2400000000	0.0520192180
1576.2500000000	0.0530861762
1576.2600000000	0.0541248458
1576.2700000000	0.0548888060
1576.2800000000	0.0554416986
1576.2900000000	0.0558428665
1576.3000000000	0.0558779138
1576.3100000000	0.0555525519
1576.3200000000	0.0550408647
1576.3300000000	0.0544406315
1576.3400000000	0.0537382569
1576.3500000000	0.0531306132
1576.3600000000	0.0525045245
1576.3700000000	0.0521391511
1576.3800000000	0.0520382496
1576.3900000000	0.0522140818
1576.4000000000	0.0525732730
1576.4100000000	0.0531719648
1576.4200000000	0.0540493985
1576.4300000000	0.0550003226
1576.4400000000	0.0558492422
1576.4500000000	0.0565105320
1576.4600000000	0.0570858095
1576.4700000000	0.0574605950
1576.4800000000	0.0575091654
1576.4900000000	0.0573378023
1576.5000000000	0.0570342302
1576.5100000000	0.0565971115
1576.5200000000	0.0559328113
1576.5300000000	0.0551213446
1576.5400000000	0.0542581052
1576.5500000000	0.0535323771
1576.5600000000	0.0529835367
1576.5700000000	0.0526167600
1576.5800000000	0.0524239702
1576.5900000000	0.0524096686
1576.6000000000	0.0527633790
1576.6100000000	0.0532191086
1576.6200000000	0.0537048347
1576.6300000000	0.0544349437
1576.6400000000	0.0551803332
1576.6500000000	0.0557977412
1576.6600000000	0.0562281722
1576.6700000000	0.0564153227
1576.6800000000	0.0561895990
1576.6900000000	0.0556376428
1576.7000000000	0.0548301895
1576.7100000000	0.0539068730
1576.7200000000	0.0528723963
1576.7300000000	0.0519311746
1576.7400000000	0.0508728894
1576.7500000000	0.0499830401
1576.7600000000	0.0493585657
1576.7700000000	0.0488954392
1576.7800000000	0.0486911304
1576.7900000000	0.0486911304
1576.8000000000	0.0490610746
1576.8100000000	0.0496834220
1576.8200000000	0.0504263309
1576.8300000000	0.0513678135
1576.8400000000	0.0524640124
1576.8500000000	0.0533669126
1576.8600000000	0.0541298518
1576.8700000000	0.0547505580
1576.8800000000	0.0549765062
1576.8900000000	0.0548372534
1576.9000000000	0.0544382981
1576.9100000000	0.0536739724
1576.9200000000	0.0528128866
1576.9300000000	0.0519269714
1576.9400000000	0.0510545447
1576.9500000000	0.0503636809
1576.9600000000	0.0495889819
1576.9700000000	0.0489800359
1576.9800000000	0.0484679366
1576.9900000000	0.0484411864
1577.0000000000	0.0487327870
1577.0100000000	0.0491615027
1577.0200000000	0.0497627409
1577.0300000000	0.0506300802
1577.0400000000	0.0514473435
1577.0500000000	0.0522972962
1577.0600000000	0.0529936641
1577.0700000000	0.0534111491
1577.0800000000	0.0537482978
1577.0900000000	0.0538940473
1577.1000000000	0.0538194436
1577.1100000000	0.0534935170
1577.1200000000	0.0528866441
1577.1300000000	0.0520875138
1577.1400000000	0.0513584595
1577.1500000000	0.0506433619
1577.1600000000	0.0501401962
1577.1700000000	0.0498337347
1577.1800000000	0.0498368457
1577.1900000000	0.0501284871
1577.2000000000	0.0503850695
1577.2100000000	0.0508378676
1577.2200000000	0.0514235454
1577.2300000000	0.0520409205
1577.2400000000	0.0525537712
1577.2500000000	0.0530493262
1577.2600000000	0.0533414700
1577.2700000000	0.0534823193
1577.2800000000	0.0534561914
1577.2900000000	0.0533028527
1577.3000000000	0.0530390222
1577.3100000000	0.0526139762
1577.3200000000	0.0521059142
1577.3300000000	0.0516632311
1577.3400000000	0.0511868370
1577.3500000000	0.0508061276
1577.3600000000	0.0504434984
1577.3700000000	0.0502773553
1577.3800000000	0.0501986228
1577.3900000000	0.0504254398
1577.4000000000	0.0507394358
1577.4100000000	0.0510906176
1577.4200000000	0.0514446325
1577.4300000000	0.0517349274
1577.4400000000	0.0521766760
1577.4500000000	0.0524104293
1577.4600000000	0.0524484655
1577.4700000000	0.0524566396
1577.4800000000	0.0522599246
1577.4900000000	0.0519062914
1577.5000000000	0.0515618081
1577.5100000000	0.0512694812
1577.5200000000	0.0508786999
1577.5300000000	0.0505608714
1577.5400000000	0.0503358606
1577.5500000000	0.0503482387
1577.5600000000	0.0504703785
1577.5700000000	0.0508130547
1577.5800000000	0.0512256155
1577.5900000000	0.0518424008
1577.6000000000	0.0526572087
1577.6100000000	0.0535843858
1577.6200000000	0.0544834721
1577.6300000000	0.0553846414
1577.6400000000	0.0561704589
1577.6500000000	0.0565735193
1577.6600000000	0.0568086318
1577.6700000000	0.0568129657
1577.6800000000	0.0566859846
1577.6900000000	0.0563302194
1577.7000000000	0.0558761283
1577.7100000000	0.0553505291
1577.7200000000	0.0546754614
1577.7300000000	0.0540543988
1577.7400000000	0.0537499114
1577.7500000000	0.0535380536
1577.7600000000	0.0534647928
1577.7700000000	0.0536204297
1577.7800000000	0.0539166418
1577.7900000000	0.0543762009
1577.8000000000	0.0548832732
1577.8100000000	0.0553605615
1577.8200000000	0.0558941674
1577.8300000000	0.0563022117
1577.8400000000	0.0565242663
1577.8500000000	0.0565518212
1577.8600000000	0.0564156014
1577.8700000000	0.0560058040
1577.8800000000	0.0553319636
1577.8900000000	0.0544487527
1577.9000000000	0.0536143388
1577.9100000000	0.0528408172
1577.9200000000	0.0519936121
1577.9300000000	0.0512691483
1577.9400000000	0.0507941793
1577.9500000000	0.0505142843
1577.9600000000	0.0504788914
1577.9700000000	0.0506674127
1577.9800000000	0.0511653820
1577.9900000000	0.0518018318
1578.0000000000	0.0527535291
1578.0100000000	0.0536706134
1578.0200000000	0.0545975729
1578.0300000000	0.0552006981
1578.0400000000	0.0557664470
1578.0500000000	0.0562995445
1578.0600000000	0.0565508980
1578.0700000000	0.0564713146
1578.0800000000	0.0562614706
1578.0900000000	0.0557450084
1578.1000000000	0.0551230882
1578.1100000000	0.0544374908
1578.1200000000	0.0537656151
1578.1300000000	0.0532177389
1578.1400000000	0.0527410043
1578.1500000000	0.0524619253
1578.1600000000	0.0523484741
1578.1700000000	0.0522131821
1578.1800000000	0.0523745997
1578.1900000000	0.0527266070
1578.2000000000	0.0531208033
1578.2100000000	0.0536596712
1578.2200000000	0.0540316462
1578.2300000000	0.0542660747
1578.2400000000	0.0543046917
1578.2500000000	0.0542136814
1578.2600000000	0.0541354072
1578.2700000000	0.0540002277
1578.2800000000	0.0537151156
1578.2900000000	0.0533076892
1578.3000000000	0.0529648111
1578.3100000000	0.0526248940
1578.3200000000	0.0522774121
1578.3300000000	0.0519771000
1578.3400000000	0.0519112004
1578.3500000000	0.0519834947
1578.3600000000	0.0522738754
1578.3700000000	0.0526415291
1578.3800000000	0.0532165120
1578.3900000000	0.0537309104
1578.4000000000	0.0544119539
1578.4100000000	0.0549567915
1578.4200000000	0.0554045823
1578.4300000000	0.0556633874
1578.4400000000	0.0557587337
1578.4500000000	0.0556833697
1578.4600000000	0.0554626595
1578.4700000000	0.0550204916
1578.4800000000	0.0544571967
1578.4900000000	0.0538150682
1578.5000000000	0.0532480840
1578.5100000000	0.0527927623
1578.5200000000	0.0524804488
1578.5300000000	0.0523491056
1578.5400000000	0.0522396544
1578.5500000000	0.0522644633
1578.5600000000	0.0526599470
1578.5700000000	0.0530796020
1578.5800000000	0.0536027556
1578.5900000000	0.0541080342
1578.6000000000	0.0546909228
1578.6100000000	0.0551775421
1578.6200000000	0.0555632073
1578.6300000000	0.0556147627
1578.6400000000	0.0554718607
1578.6500000000	0.0553187059
1578.6600000000	0.0550097885
1578.6700000000	0.0544251951
1578.6800000000	0.0536968582
1578.6900000000	0.0530619459
1578.7000000000	0.0523027298
1578.7100000000	0.0517640644
1578.7200000000	0.0512200249
1578.7300000000	0.0509535235
1578.7400000000	0.0508565798
1578.7500000000	0.0509111093
1578.7600000000	0.0511904217
1578.7700000000	0.0516188122
1578.7800000000	0.0523495971
1578.7900000000	0.0531834061
1578.8000000000	0.0540290791
1578.8100000000	0.0549589757
1578.8200000000	0.0558131064
1578.8300000000	0.0564511082
1578.8400000000	0.0568626692
1578.8500000000	0.0570766579
1578.8600000000	0.0570258117
1578.8700000000	0.0570928505
1578.8800000000	0.0570235033
1578.8900000000	0.0567067222
1578.9000000000	0.0563186595
1578.9100000000	0.0559254672
1578.9200000000	0.0556334139
1578.9300000000	0.0553823484
1578.9400000000	0.0553065567
1578.9500000000	0.0551996448
1578.9600000000	0.0553671271
1578.9700000000	0.0556358850
1578.9800000000	0.0559085602
1578.9900000000	0.0560371000
1579.0000000000	0.0562594242
1579.0100000000	0.0565363811
1579.0200000000	0.0565644208
1579.0300000000	0.0563284324
1579.0400000000	0.0561267622
1579.0500000000	0.0557121477
1579.0600000000	0.0551834063
1579.0700000000	0.0546716391
1579.0800000000	0.0540901565
1579.0900000000	0.0534672082
1579.1000000000	0.0531057707
1579.1100000000	0.0527038247
1579.1200000000	0.0524100372
1579.1300000000	0.0524439633
1579.1400000000	0.0524207265
1579.1500000000	0.0526139282
1579.1600000000	0.0528999750
1579.1700000000	0.0532213147
1579.1800000000	0.0535761305
1579.1900000000	0.0538861444
1579.2000000000	0.0540529967
1579.2100000000	0.0540179367
1579.2200000000	0.0539811380
1579.2300000000	0.0538058730
1579.2400000000	0.0534402175
1579.2500000000	0.0530694486
1579.2600000000	0.0528163437
1579.2700000000	0.0523941564
1579.2800000000	0.0520056371
1579.2900000000	0.0517023504
1579.3000000000	0.0514685927
1579.3100000000	0.0514600117
1579.3200000000	0.0517094367
1579.3300000000	0.0520783095
1579.3400000000	0.0525172803
1579.3500000000	0.0531484876
1579.3600000000	0.0539381103
1579.3700000000	0.0547661184
1579.3800000000	0.0556528463
1579.3900000000	0.0564311862
1579.4000000000	0.0569710086
1579.4100000000	0.0575474664
1579.4200000000	0.0577284268
1579.4300000000	0.0574971200
1579.4400000000	0.0572122994
1579.4500000000	0.0567501257
1579.4600000000	0.0561464418
1579.4700000000	0.0556426526
1579.4800000000	0.0551125507
1579.4900000000	0.0545865195
1579.5000000000	0.0540890919
1579.5100000000	0.0537581003
1579.5200000000	0.0536705486
1579.5300000000	0.0537196727
1579.5400000000	0.0539808476
1579.5500000000	0.0544167171
1579.5600000000	0.0549652598
1579.5700000000	0.0555904472
1579.5800000000	0.0561867094
1579.5900000000	0.0565776459
1579.6000000000	0.0568971210
1579.6100000000	0.0570378191
1579.6200000000	0.0569558788
1579.6300000000	0.0567371129
1579.6400000000	0.0563134468
1579.6500000000	0.0556432329
1579.6600000000	0.0549520863
1579.6700000000	0.0542674170
1579.6800000000	0.0536498951
1579.6900000000	0.0531052625
1579.7000000000	0.0525687746
1579.7100000000	0.0522724308
1579.7200000000	0.0520542805
1579.7300000000	0.0519806053
1579.7400000000	0.0520203322
1579.7500000000	0.0524193884
1579.7600000000	0.0529053800
1579.7700000000	0.0534307910
1579.7800000000	0.0539516484
1579.7900000000	0.0543783019
1579.8000000000	0.0545964172
1579.8100000000	0.0547125049
1579.8200000000	0.0548136956
1579.8300000000	0.0547179017
1579.8400000000	0.0544444623
1579.8500000000	0.0541459338
1579.8600000000	0.0537842570
1579.8700000000	0.0533156999
1579.8800000000	0.0528918319
1579.8900000000	0.0525050176
1579.9000000000	0.0522337208
1579.9100000000	0.0520903455
1579.9200000000	0.0520277703
1579.9300000000	0.0521494862
1579.9400000000	0.0524553093
1579.9500000000	0.0527976508
1579.9600000000	0.0531883399
1579.9700000000	0.0535213238
1579.9800000000	0.0537790911
1579.9900000000	0.0540316462
1580.0000000000	0.0540215339
1580.0100000000	0.0539857510
1580.0200000000	0.0538167607
1580.0300000000	0.0534050916
1580.0400000000	0.0530490510
1580.0500000000	0.0527942145
1580.0600000000	0.0526424223
1580.0700000000	0.0525327046
1580.0800000000	0.0525169307
1580.0900000000	0.0526514450
1580.1000000000	0.0528205175
1580.1100000000	0.0531292004
1580.1200000000	0.0535863404
1580.1300000000	0.0540919680
1580.1400000000	0.0547384449
1580.1500000000	0.0555561176
1580.1600000000	0.0563876939
1580.1700000000	0.0571837003
1580.1800000000	0.0578249846
1580.1900000000	0.0584415619
1580.2000000000	0.0589446990
1580.2100000000	0.0592303471
1580.2200000000	0.0592431719
1580.2300000000	0.0590335995
1580.2400000000	0.0586811197
1580.2500000000	0.0581467444
1580.2600000000	0.0577836637
1580.2700000000	0.0574261227
1580.2800000000	0.0571351282
1580.2900000000	0.0569863332
1580.3000000000	0.0568061038
1580.3100000000	0.0566638446
1580.3200000000	0.0566294657
1580.3300000000	0.0566627965
1580.3400000000	0.0568604919
1580.3500000000	0.0571001891
1580.3600000000	0.0573965050
1580.3700000000	0.0576466060
1580.3800000000	0.0578832455
1580.3900000000	0.0579275453
1580.4000000000	0.0577979698
1580.4100000000	0.0575226586
1580.4200000000	0.0571039689
1580.4300000000	0.0566870620
1580.4400000000	0.0562697976
1580.4500000000	0.0558435807
1580.4600000000	0.0554867549
1580.4700000000	0.0551649634
1580.4800000000	0.0548779288
1580.4900000000	0.0545807315
1580.5000000000	0.0543654352
1580.5100000000	0.0543735373
1580.5200000000	0.0544749660
1580.5300000000	0.0546150503
1580.5400000000	0.0549196052
1580.5500000000	0.0552736544
1580.5600000000	0.0556673610
1580.5700000000	0.0559649515
1580.5800000000	0.0562844510
1580.5900000000	0.0563741513
1580.6000000000	0.0564437450
1580.6100000000	0.0563542986
1580.6200000000	0.0560955769
1580.6300000000	0.0558155218
1580.6400000000	0.0556562387
1580.6500000000	0.0556007348
1580.6600000000	0.0556173218
1580.6700000000	0.0556753075
1580.6800000000	0.0558634678
1580.6900000000	0.0560686118
1580.7000000000	0.0564185829
1580.7100000000	0.0568274217
1580.7200000000	0.0571997741
1580.7300000000	0.0577085855
1580.7400000000	0.0583099950
1580.7500000000	0.0588434529
1580.7600000000	0.0592645578
1580.7700000000	0.0594980323
1580.7800000000	0.0595583662
1580.7900000000	0.0595198361
1580.8000000000	0.0590167880
1580.8100000000	0.0587597780
1580.8200000000	0.0584020924
1580.8300000000	0.0580409257
1580.8400000000	0.0576992620
1580.8500000000	0.0576706804
1580.8600000000	0.0577523524
1580.8700000000	0.0579878241
1580.8800000000	0.0584445822
1580.8900000000	0.0590136125
1580.9000000000	0.0598467450
1580.9100000000	0.0604777132
1580.9200000000	0.0609909029
1580.9300000000	0.0614066854
1580.9400000000	0.0617885212
1580.9500000000	0.0620492530
1580.9600000000	0.0622434312
1580.9700000000	0.0621598863
1580.9800000000	0.0617453820
1580.9900000000	0.0611492474
1581.0000000000	0.0603169688
1581.0100000000	0.0593559137
1581.0200000000	0.0582320371
1581.0300000000	0.0571730521
1581.0400000000	0.0561339748
1581.0500000000	0.0553219809
1581.0600000000	0.0546799301
1581.0700000000	0.0542091091
1581.0800000000	0.0541187584
1581.0900000000	0.0543142497
1581.1000000000	0.0546515104
1581.1100000000	0.0552906682
1581.1200000000	0.0559450928
1581.1300000000	0.0568408046
1581.1400000000	0.0578672027
1581.1500000000	0.0587905866
1581.1600000000	0.0594637515
1581.1700000000	0.0600344552
1581.1800000000	0.0604648922
1581.1900000000	0.0606333488
1581.2000000000	0.0606333488
1581.2100000000	0.0602369761
1581.2200000000	0.0597343623
1581.2300000000	0.0591643267
1581.2400000000	0.0587117783
1581.2500000000	0.0584303451
1581.2600000000	0.0581542132
1581.2700000000	0.0579549078
1581.2800000000	0.0578590416
1581.2900000000	0.0577860711
1581.3000000000	0.0577729370
1581.3100000000	0.0580152013
1581.3200000000	0.0582550546
1581.3300000000	0.0586979580
1581.3400000000	0.0593469353
1581.3500000000	0.0599388405
1581.3600000000	0.0603895711
1581.3700000000	0.0606841216
1581.3800000000	0.0607510968
1581.3900000000	0.0605201868
1581.4000000000	0.0600306729
1581.4100000000	0.0596398646
1581.4200000000	0.0591983511
1581.4300000000	0.0588981781
1581.4400000000	0.0586633462
1581.4500000000	0.0583944527
1581.4600000000	0.0583292453
1581.4700000000	0.0584519460
1581.4800000000	0.0586845229
1581.4900000000	0.0590625581
1581.5000000000	0.0594180300
1581.5100000000	0.0598681982
1581.5200000000	0.0602992838
1581.5300000000	0.0607685145
1581.5400000000	0.0612268952
1581.5500000000	0.0615694199
1581.5600000000	0.0616702600
1581.5700000000	0.0616616782
1581.5800000000	0.0615014855
1581.5900000000	0.0610593682
1581.6000000000	0.0604081724
1581.6100000000	0.0597098090
1581.6200000000	0.0589764432
1581.6300000000	0.0584300728
1581.6400000000	0.0581457657
1581.6500000000	0.0579622377
1581.6600000000	0.0578954873
1581.6700000000	0.0580141090
1581.6800000000	0.0583807736
1581.6900000000	0.0588737610
1581.7000000000	0.0593432475
1581.7100000000	0.0599257480
1581.7200000000	0.0605260895
1581.7300000000	0.0611853423
1581.7400000000	0.0616964797
1581.7500000000	0.0619267867
1581.7600000000	0.0620288420
1581.7700000000	0.0620635547
1581.7800000000	0.0619941293
1581.7900000000	0.0617563475
1581.8000000000	0.0612664782
1581.8100000000	0.0606977075
1581.8200000000	0.0600858283
1581.8300000000	0.0596150447
1581.8400000000	0.0590763789
1581.8500000000	0.0587769985
1581.8600000000	0.0584522932
1581.8700000000	0.0585241942
1581.8800000000	0.0585789869
1581.8900000000	0.0587666174
1581.9000000000	0.0589548076
1581.9100000000	0.0592059799
1581.9200000000	0.0594665338
1581.9300000000	0.0598807064
1581.9400000000	0.0604152892
1581.9500000000	0.0609048023
1581.9600000000	0.0612198087
1581.9700000000	0.0612992059
1581.9800000000	0.0611773445
1581.9900000000	0.0608311967
1582.0000000000	0.0603544621
1582.0100000000	0.0599199514
1582.0200000000	0.0595882797
1582.0300000000	0.0592956337
1582.0400000000	0.0590722761
1582.0500000000	0.0589576775
1582.0600000000	0.0590094462
1582.0700000000	0.0592281717
1582.0800000000	0.0595882296
1582.0900000000	0.0599765332
1582.1000000000	0.0603033388
1582.1100000000	0.0607091494
1582.1200000000	0.0612612191
1582.1300000000	0.0615447498
1582.1400000000	0.0617900361
1582.1500000000	0.0619509102
1582.1600000000	0.0618688092
1582.1700000000	0.0617006286
1582.1800000000	0.0612761860
1582.1900000000	0.0607111763
1582.2000000000	0.0601345402
1582.2100000000	0.0597398292
1582.2200000000	0.0594660511
1582.2300000000	0.0591757801
1582.2400000000	0.0590859286
1582.2500000000	0.0591257974
1582.2600000000	0.0593330297
1582.2700000000	0.0595469464
1582.2800000000	0.0598013545
1582.2900000000	0.0600352385
1582.3000000000	0.0604023258
1582.3100000000	0.0609132102
1582.3200000000	0.0612518543
1582.3300000000	0.0615574842
1582.3400000000	0.0618156828
1582.3500000000	0.0618468634
1582.3600000000	0.0617674094
1582.3700000000	0.0615111399
1582.3800000000	0.0611747434
1582.3900000000	0.0605647585
1582.4000000000	0.0600179299
1582.4100000000	0.0594756896
1582.4200000000	0.0589488902
1582.4300000000	0.0585987695
1582.4400000000	0.0583735582
1582.4500000000	0.0583830672
1582.4600000000	0.0586413380
1582.4700000000	0.0590969480
1582.4800000000	0.0594863579
1582.4900000000	0.0599005436
1582.5000000000	0.0603968716
1582.5100000000	0.0609061668
1582.5200000000	0.0613112650
1582.5300000000	0.0617049317
1582.5400000000	0.0619795326
1582.5500000000	0.0621779722
1582.5600000000	0.0623305328
1582.5700000000	0.0622069260
1582.5800000000	0.0619045342
1582.5900000000	0.0616654450
1582.6000000000	0.0616171351
1582.6100000000	0.0614485016
1582.6200000000	0.0613495004
1582.6300000000	0.0613842130
1582.6400000000	0.0614557212
1582.6500000000	0.0614206822
1582.6600000000	0.0614896875
1582.6700000000	0.0613105158
1582.6800000000	0.0610970715
1582.6900000000	0.0610624120
1582.7000000000	0.0610580339
1582.7100000000	0.0609848181
1582.7200000000	0.0608767930
1582.7300000000	0.0606181343
1582.7400000000	0.0605123936
1582.7500000000	0.0602584576
1582.7600000000	0.0597922244
1582.7700000000	0.0591316406
1582.7800000000	0.0584611389
1582.7900000000	0.0578704583
1582.8000000000	0.0572402656
1582.8100000000	0.0567277338
1582.8200000000	0.0564738390
1582.8300000000	0.0565201310
1582.8400000000	0.0567779867
1582.8500000000	0.0571841991
1582.8600000000	0.0576691159
1582.8700000000	0.0581700305
1582.8800000000	0.0587485431
1582.8900000000	0.0592904681
1582.9000000000	0.0598164924
1582.9100000000	0.0605002448
1582.9200000000	0.0609930493
1582.9300000000	0.0612065048
1582.9400000000	0.0613127049
1582.9500000000	0.0614199671
1582.9600000000	0.0613061376
1582.9700000000	0.0609793470
1582.9800000000	0.0606866288
1582.9900000000	0.0603366651
1583.0000000000	0.0601847149
1583.0100000000	0.0600477204
1583.0200000000	0.0599811050
1583.0300000000	0.0600227110
1583.0400000000	0.0602687174
1583.0500000000	0.0605422145
1583.0600000000	0.0608772697
1583.0700000000	0.0611838373
1583.0800000000	0.0615658183
1583.0900000000	0.0619056733
1583.1000000000	0.0621956114
1583.1100000000	0.0624752516
1583.1200000000	0.0625729812
1583.1300000000	0.0626220269
1583.1400000000	0.0624476699
1583.1500000000	0.0621412066
1583.1600000000	0.0616541222
1583.1700000000	0.0608680220
1583.1800000000	0.0601275221
1583.1900000000	0.0593913936
1583.2000000000	0.0587961129
1583.2100000000	0.0585084781
1583.2200000000	0.0582554518
1583.2300000000	0.0581705800
1583.2400000000	0.0580623014
1583.2500000000	0.0579159678
1583.2600000000	0.0578414963
1583.2700000000	0.0576919198
1583.2800000000	0.0574975530
1583.2900000000	0.0572887212
1583.3000000000	0.0572271026
1583.3100000000	0.0573594540
1583.3200000000	0.0575261639
1583.3300000000	0.0576667368
1583.3400000000	0.0578083407
1583.3500000000	0.0579159678
1583.3600000000	0.0579340254
1583.3700000000	0.0579595877
1583.3800000000	0.0578896037
1583.3900000000	0.0579523964
1583.4000000000	0.0581447966
1583.4100000000	0.0585690020
1583.4200000000	0.0591095041
1583.4300000000	0.0599685879
1583.4400000000	0.0609752837
1583.4500000000	0.0619819796
1583.4600000000	0.0628855788
1583.4700000000	0.0634548813
1583.4800000000	0.0640205402
1583.4900000000	0.0644205908
1583.5000000000	0.0644591491
1583.5100000000	0.0644906680
1583.5200000000	0.0643022706
1583.5300000000	0.0639191766
1583.5400000000	0.0633164505
1583.5500000000	0.0625933142
1583.5600000000	0.0617417681
1583.5700000000	0.0608069179
1583.5800000000	0.0600109888
1583.5900000000	0.0594605140
1583.6000000000	0.0590033408
1583.6100000000	0.0588562223
1583.6200000000	0.0589719805
1583.6300000000	0.0592070380
1583.6400000000	0.0597051312
1583.6500000000	0.0602450469
1583.6600000000	0.0609197506
1583.6700000000	0.0615167736
1583.6800000000	0.0620227409
1583.6900000000	0.0624660569
1583.7000000000	0.0626846813
1583.7100000000	0.0629192975
1583.7200000000	0.0630169072
1583.7300000000	0.0628508881
1583.7400000000	0.0626087326
1583.7500000000	0.0621536575
1583.7600000000	0.0615304821
1583.7700000000	0.0608264377
1583.7800000000	0.0601353102
1583.7900000000	0.0596651022
1583.8000000000	0.0593461737
1583.8100000000	0.0592779697
1583.8200000000	0.0594102322
1583.8300000000	0.0598378983
1583.8400000000	0.0605475400
1583.8500000000	0.0612506070
1583.8600000000	0.0618200527
1583.8700000000	0.0624349184
1583.8800000000	0.0630944972
1583.8900000000	0.0636806895
1583.9000000000	0.0641918807
1583.9100000000	0.0645812939
1583.9200000000	0.0649368396
1583.9300000000	0.0650567312
1583.9400000000	0.0652497004
1583.9500000000	0.0652518389
1583.9600000000	0.0649870558
1583.9700000000	0.0648183909
1583.9800000000	0.0646497396
1583.9900000000	0.0646062661
1584.0000000000	0.0646021799
1584.0100000000	0.0647809502
1584.0200000000	0.0652200773
1584.0300000000	0.0657659768
1584.0400000000	0.0664140096
1584.0500000000	0.0670048510
1584.0600000000	0.0673581864
1584.0700000000	0.0675075498
1584.0800000000	0.0676470073
1584.0900000000	0.0675867900
1584.1000000000	0.0674115677
1584.1100000000	0.0671900945
1584.1200000000	0.0666864019
1584.1300000000	0.0661962583
1584.1400000000	0.0654491314
1584.1500000000	0.0646708531
1584.1600000000	0.0639433545
1584.1700000000	0.0633850670
1584.1800000000	0.0629319471
1584.1900000000	0.0626232576
1584.2000000000	0.0624589878
1584.2100000000	0.0625085486
1584.2200000000	0.0628384915
1584.2300000000	0.0634412998
1584.2400000000	0.0640762121
1584.2500000000	0.0646148761
1584.2600000000	0.0652387479
1584.2700000000	0.0659010580
1584.2800000000	0.0665460514
1584.2900000000	0.0669234022
1584.3000000000	0.0671549507
1584.3100000000	0.0673167112
1584.3200000000	0.0673294875
1584.3300000000	0.0671921249
1584.3400000000	0.0669123119
1584.3500000000	0.0664168347
1584.3600000000	0.0657990328
1584.3700000000	0.0653285694
1584.3800000000	0.0649446684
1584.3900000000	0.0646002981
1584.4000000000	0.0645664259
1584.4100000000	0.0647079367
1584.4200000000	0.0650457687
1584.4300000000	0.0655235921
1584.4400000000	0.0659191056
1584.4500000000	0.0663441620
1584.4600000000	0.0667732253
1584.4700000000	0.0671895470
1584.4800000000	0.0673910836
1584.4900000000	0.0673968042
1584.5000000000	0.0674654809
1584.5100000000	0.0674922743
1584.5200000000	0.0674187420
1584.5300000000	0.0671488863
1584.5400000000	0.0667481573
1584.5500000000	0.0663708595
1584.5600000000	0.0658963679
1584.5700000000	0.0654907504
1584.5800000000	0.0652499765
1584.5900000000	0.0651526653
1584.6000000000	0.0651385053
1584.6100000000	0.0654741092
1584.6200000000	0.0660695668
1584.6300000000	0.0667634194
1584.6400000000	0.0675285103
1584.6500000000	0.0681953865
1584.6600000000	0.0687974519
1584.6700000000	0.0691922514
1584.6800000000	0.0695610812
1584.6900000000	0.0695367537
1584.7000000000	0.0695691904
1584.7100000000	0.0694931971
1584.7200000000	0.0693702331
1584.7300000000	0.0689816511
1584.7400000000	0.0685203740
1584.7500000000	0.0680275200
1584.7600000000	0.0676707440
1584.7700000000	0.0673546143
1584.7800000000	0.0672852372
1584.7900000000	0.0674295361
1584.8000000000	0.0676993780
1584.8100000000	0.0681334190
1584.8200000000	0.0686330703
1584.8300000000	0.0690858811
1584.8400000000	0.0695742959
1584.8500000000	0.0699590763
1584.8600000000	0.0701485205
1584.8700000000	0.0702636517
1584.8800000000	0.0702593612
1584.8900000000	0.0701669858
1584.9000000000	0.0699182560
1584.9100000000	0.0695757176
1584.9200000000	0.0692652502
1584.9300000000	0.0688084951
1584.9400000000	0.0685858953
1584.9500000000	0.0682283395
1584.9600000000	0.0681776874
1584.9700000000	0.0682395136
1584.9800000000	0.0687676597
1584.9900000000	0.0693954758
1585.0000000000	0.0702571625
1585.0100000000	0.0712617546
1585.0200000000	0.0720771355
1585.0300000000	0.0729881856
1585.0400000000	0.0737576626
1585.0500000000	0.0742789498
1585.0600000000	0.0745449733
1585.0700000000	0.0745457876
1585.0800000000	0.0741434069
1585.0900000000	0.0736037093
1585.1000000000	0.0729678675
1585.1100000000	0.0721768781
1585.1200000000	0.0710696130
1585.1300000000	0.0697852557
1585.1400000000	0.0686675380
1585.1500000000	0.0676321637
1585.1600000000	0.0667471335
1585.1700000000	0.0661732598
1585.1800000000	0.0659003322
1585.1900000000	0.0660488295
1585.2000000000	0.0666029572
1585.2100000000	0.0673989834
1585.2200000000	0.0684488344
1585.2300000000	0.0696779091
1585.2400000000	0.0707878207
1585.2500000000	0.0716367328
1585.2600000000	0.0722847440
1585.2700000000	0.0726828439
1585.2800000000	0.0726828439
1585.2900000000	0.0726578146
1585.3000000000	0.0723789184
1585.3100000000	0.0718183440
1585.3200000000	0.0710433691
1585.3300000000	0.0702968054
1585.3400000000	0.0694138992
1585.3500000000	0.0685795087
1585.3600000000	0.0680346711
1585.3700000000	0.0676600910
1585.3800000000	0.0674170559
1585.3900000000	0.0675426127
1585.4000000000	0.0678643110
1585.4100000000	0.0683259221
1585.4200000000	0.0689541370
1585.4300000000	0.0696741508
1585.4400000000	0.0702298976
1585.4500000000	0.0706469246
1585.4600000000	0.0708812769
1585.4700000000	0.0708288848
1585.4800000000	0.0706027082
1585.4900000000	0.0702861321
1585.5000000000	0.0699827752
1585.5100000000	0.0694715830
1585.5200000000	0.0688285880
1585.5300000000	0.0681397472
1585.5400000000	0.0674465400
1585.5500000000	0.0668540157
1585.5600000000	0.0664492926
1585.5700000000	0.0663258533
1585.5800000000	0.0665844420
1585.5900000000	0.0673027690
1585.6000000000	0.0680868710
1585.6100000000	0.0690308555
1585.6200000000	0.0700941740
1585.6300000000	0.0710681448
1585.6400000000	0.0718032632
1585.6500000000	0.0724047138
1585.6600000000	0.0725605991
1585.6700000000	0.0726023973
1585.6800000000	0.0725319618
1585.6900000000	0.0722368102
1585.7000000000	0.0716906434
1585.7100000000	0.0710023523
1585.7200000000	0.0702276518
1585.7300000000	0.0693232976
1585.7400000000	0.0684399015
1585.7500000000	0.0677139597
1585.7600000000	0.0670941246
1585.7700000000	0.0667132345
1585.7800000000	0.0668417218
1585.7900000000	0.0672047716
1585.8000000000	0.0677571905
1585.8100000000	0.0686189158
1585.8200000000	0.0695684556
1585.8300000000	0.0704039790
1585.8400000000	0.0711148810
1585.8500000000	0.0715461190
1585.8600000000	0.0716522567
1585.8700000000	0.0717560136
1585.8800000000	0.0718212122
1585.8900000000	0.0716459472
1585.9000000000	0.0712565322
1585.9100000000	0.0708014918
1585.9200000000	0.0702097838
1585.9300000000	0.0695549294
1585.9400000000	0.0691073255
1585.9500000000	0.0686829414
1585.9600000000	0.0684184223
1585.9700000000	0.0685635625
1585.9800000000	0.0689986337
1585.9900000000	0.0694960383
1586.0000000000	0.0701210926
1586.0100000000	0.0709775681
1586.0200000000	0.0718226168
1586.0300000000	0.0725776995
1586.0400000000	0.0732620771
1586.0500000000	0.0734585478
1586.0600000000	0.0733089313
1586.0700000000	0.0730144194
1586.0800000000	0.0724568816
1586.0900000000	0.0718011298
1586.1000000000	0.0709636771
1586.1100000000	0.0701423795
1586.1200000000	0.0694770353
1586.1300000000	0.0689578718
1586.1400000000	0.0685817246
1586.1500000000	0.0682241695
1586.1600000000	0.0683643362
1586.1700000000	0.0688007020
1586.1800000000	0.0695807312
1586.1900000000	0.0705918850
1586.2000000000	0.0719036534
1586.2100000000	0.0732913634
1586.2200000000	0.0747552907
1586.2300000000	0.0761044390
1586.2400000000	0.0770211385
1586.2500000000	0.0774772832
1586.2600000000	0.0776542432
1586.2700000000	0.0773693033
1586.2800000000	0.0767056581
1586.2900000000	0.0757821018
1586.3000000000	0.0746082570
1586.3100000000	0.0733321511
1586.3200000000	0.0722059766
1586.3300000000	0.0711327051
1586.3400000000	0.0701905159
1586.3500000000	0.0696969079
1586.3600000000	0.0695153750
1586.3700000000	0.0697992094
1586.3800000000	0.0705349732
1586.3900000000	0.0714837487
1586.4000000000	0.0726477965
1586.4100000000	0.0742280982
1586.4200000000	0.0757192056
1586.4300000000	0.0769369978
1586.4400000000	0.0778078679
1586.4500000000	0.0783611862
1586.4600000000	0.0785013716
1586.4700000000	0.0782854312
1586.4800000000	0.0778396099
1586.4900000000	0.0769761663
1586.5000000000	0.0760836366
1586.5100000000	0.0750868708
1586.5200000000	0.0739461930
1586.5300000000	0.0728497059
1586.5400000000	0.0720009946
1586.5500000000	0.0714628332
1586.5600000000	0.0712278580
1586.5700000000	0.0714894740
1586.5800000000	0.0720665093
1586.5900000000	0.0730488940
1586.6000000000	0.0742884379
1586.6100000000	0.0756719729
1586.6200000000	0.0769907789
1586.6300000000	0.0780623054
1586.6400000000	0.0788071900
1586.6500000000	0.0792459013
1586.6600000000	0.0792023254
1586.6700000000	0.0787402772
1586.6800000000	0.0778852220
1586.6900000000	0.0766695419
1586.7000000000	0.0752893917
1586.7100000000	0.0737018680
1586.7200000000	0.0720266296
1586.7300000000	0.0706216610
1586.7400000000	0.0695169194
1586.7500000000	0.0688212919
1586.7600000000	0.0684900471
1586.7700000000	0.0683760357
1586.7800000000	0.0686917605
1586.7900000000	0.0693613285
1586.8000000000	0.0704039043
1586.8100000000	0.0716318596
1586.8200000000	0.0728305113
1586.8300000000	0.0738634825
1586.8400000000	0.0746415128
1586.8500000000	0.0751656873
1586.8600000000	0.0754174014
1586.8700000000	0.0751392258
1586.8800000000	0.0744348460
1586.8900000000	0.0734759216
1586.9000000000	0.0723348037
1586.9100000000	0.0711248278
1586.9200000000	0.0700686589
1586.9300000000	0.0690788670
1586.9400000000	0.0685592021
1586.9500000000	0.0684312638
1586.9600000000	0.0687082486
1586.9700000000	0.0693157211
1586.9800000000	0.0703483885
1586.9900000000	0.0716817012
1587.0000000000	0.0729787049
1587.0100000000	0.0742882792
1587.0200000000	0.0756876719
1587.0300000000	0.0767330926
1587.0400000000	0.0773654199
1587.0500000000	0.0775281747
1587.0600000000	0.0774042273
1587.0700000000	0.0768886771
1587.0800000000	0.0761090338
1587.0900000000	0.0750607368
1587.1000000000	0.0738375278
1587.1100000000	0.0725189413
1587.1200000000	0.0712999600
1587.1300000000	0.0703198133
1587.1400000000	0.0695076471
1587.1500000000	0.0690170574
1587.1600000000	0.0689157554
1587.1700000000	0.0694005153
1587.1800000000	0.0703747755
1587.1900000000	0.0716892223
1587.2000000000	0.0731523595
1587.2100000000	0.0746158171
1587.2200000000	0.0760030121
1587.2300000000	0.0771630743
1587.2400000000	0.0779996299
1587.2500000000	0.0783911513
1587.2600000000	0.0785002034
1587.2700000000	0.0783589749
1587.2800000000	0.0780312466
1587.2900000000	0.0774151464
1587.3000000000	0.0764243858
1587.3100000000	0.0752476564
1587.3200000000	0.0742441549
1587.3300000000	0.0733673015
1587.3400000000	0.0727027884
1587.3500000000	0.0722568507
1587.3600000000	0.0722198143
1587.3700000000	0.0725759373
1587.3800000000	0.0733972280
1587.3900000000	0.0747001439
1587.4000000000	0.0762547829
1587.4100000000	0.0777441475
1587.4200000000	0.0791470209
1587.4300000000	0.0803233641
1587.4400000000	0.0811221990
1587.4500000000	0.0815121097
1587.4600000000	0.0814503802
1587.4700000000	0.0810593402
1587.4800000000	0.0803198559
1587.4900000000	0.0793723108
1587.5000000000	0.0782956794
1587.5100000000	0.0770850628
1587.5200000000	0.0758049806
1587.5300000000	0.0746536269
1587.5400000000	0.0736975769
1587.5500000000	0.0732034394
1587.5600000000	0.0730256767
1587.5700000000	0.0732430053
1587.5800000000	0.0736107231
1587.5900000000	0.0744222258
1587.6000000000	0.0752861598
1587.6100000000	0.0760618802
1587.6200000000	0.0767685584
1587.6300000000	0.0772305592
1587.6400000000	0.0772809610
1587.6500000000	0.0770735787
1587.6600000000	0.0765014905
1587.6700000000	0.0756934285
1587.6800000000	0.0747423386
1587.6900000000	0.0735767215
1587.7000000000	0.0723252917
1587.7100000000	0.0711382221
1587.7200000000	0.0700643531
1587.7300000000	0.0692130713
1587.7400000000	0.0686440295
1587.7500000000	0.0685645984
1587.7600000000	0.0687224163
1587.7700000000	0.0691570955
1587.7800000000	0.0699209367
1587.7900000000	0.0708549484
1587.8000000000	0.0718427689
1587.8100000000	0.0727128747
1587.8200000000	0.0732089018
1587.8300000000	0.0733514593
1587.8400000000	0.0731710252
1587.8500000000	0.0726796910
1587.8600000000	0.0719645517
1587.8700000000	0.0711602336
1587.8800000000	0.0701291879
1587.8900000000	0.0690077425
1587.9000000000	0.0679427751
1587.9100000000	0.0669496539
1587.9200000000	0.0660438251
1587.9300000000	0.0654098848
1587.9400000000	0.0651692538
1587.9500000000	0.0653015521
1587.9600000000	0.0658281211
1587.9700000000	0.0667343850
1587.9800000000	0.0680495417
1587.9900000000	0.0697438460
1588.0000000000	0.0718186354
1588.0100000000	0.0739312611
1588.0200000000	0.0757333268
1588.0300000000	0.0771672928
1588.0400000000	0.0781577600
1588.0500000000	0.0786452010
1588.0600000000	0.0785547130
1588.0700000000	0.0780439260
1588.0800000000	0.0771984643
1588.0900000000	0.0761843454
1588.1000000000	0.0750488286
1588.1100000000	0.0739028084
1588.1200000000	0.0727384269
1588.1300000000	0.0718415483
1588.1400000000	0.0712802529
1588.1500000000	0.0710961698
1588.1600000000	0.0712368237
1588.1700000000	0.0717736361
1588.1800000000	0.0726415895
1588.1900000000	0.0737630619
1588.2000000000	0.0751383879
1588.2100000000	0.0765736503
1588.2200000000	0.0776756898
1588.2300000000	0.0785651067
1588.2400000000	0.0791241357
1588.2500000000	0.0791927638
1588.2600000000	0.0788799312
1588.2700000000	0.0782906805
1588.2800000000	0.0773957453
1588.2900000000	0.0760938801
1588.3000000000	0.0748029359
1588.3100000000	0.0735311778
1588.3200000000	0.0724163035
1588.3300000000	0.0716090992
1588.3400000000	0.0710370176
1588.3500000000	0.0707152292
1588.3600000000	0.0707740147
1588.3700000000	0.0712498040
1588.3800000000	0.0720243840
1588.3900000000	0.0730191544
1588.4000000000	0.0739124051
1588.4100000000	0.0747240158
1588.4200000000	0.0753097993
1588.4300000000	0.0756470466
1588.4400000000	0.0756976330
1588.4500000000	0.0753078095
1588.4600000000	0.0746736673
1588.4700000000	0.0737804619
1588.4800000000	0.0727214589
1588.4900000000	0.0715987454
1588.5000000000	0.0704002328
1588.5100000000	0.0692889676
1588.5200000000	0.0684065284
1588.5300000000	0.0678817360
1588.5400000000	0.0676792613
1588.5500000000	0.0677758041
1588.5600000000	0.0683249473
1588.5700000000	0.0693302309
1588.5800000000	0.0705854575
1588.5900000000	0.0719167667
1588.6000000000	0.0732614934
1588.6100000000	0.0743414454
1588.6200000000	0.0752433529
1588.6300000000	0.0757774928
1588.6400000000	0.0758650567
1588.6500000000	0.0756017649
1588.6600000000	0.0751878700
1588.6700000000	0.0743947531
1588.6800000000	0.0735126406
1588.6900000000	0.0726057182
1588.7000000000	0.0716870024
1588.7100000000	0.0708798639
1588.7200000000	0.0702589793
1588.7300000000	0.0698031799
1588.7400000000	0.0695840621
1588.7500000000	0.0696034240
1588.7600000000	0.0700144346
1588.7700000000	0.0708403824
1588.7800000000	0.0718712009
1588.7900000000	0.0730529104
1588.8000000000	0.0742751851
1588.8100000000	0.0753358705
1588.8200000000	0.0759556749
1588.8300000000	0.0761364300
1588.8400000000	0.0758180029
1588.8500000000	0.0751571021
1588.8600000000	0.0741303597
1588.8700000000	0.0728800622
1588.8800000000	0.0715448812
1588.8900000000	0.0700767313
1588.9000000000	0.0688533873
1588.9100000000	0.0679029668
1588.9200000000	0.0671684067
1588.9300000000	0.0667310366
1588.9400000000	0.0667064174
1588.9500000000	0.0671372130
1588.9600000000	0.0679645744
1588.9700000000	0.0690672849
1588.9800000000	0.0704100948
1588.9900000000	0.0718318754
1589.0000000000	0.0731668925
1589.0100000000	0.0742746242
1589.0200000000	0.0749131554
1589.0300000000	0.0751669722
1589.0400000000	0.0750712876
1589.0500000000	0.0745251182
1589.0600000000	0.0735452582
1589.0700000000	0.0722956163
1589.0800000000	0.0709093879
1589.0900000000	0.0695501947
1589.1000000000	0.0682534897
1589.1100000000	0.0671114700
1589.1200000000	0.0662007336
1589.1300000000	0.0656584486
1589.1400000000	0.0656793000
1589.1500000000	0.0661895613
1589.1600000000	0.0671452215
1589.1700000000	0.0685990942
1589.1800000000	0.0703845632
1589.1900000000	0.0723019442
1589.2000000000	0.0742632220
1589.2100000000	0.0758862894
1589.2200000000	0.0771601048
1589.2300000000	0.0780196639
1589.2400000000	0.0783884454
1589.2500000000	0.0782048749
1589.2600000000	0.0775728045
1589.2700000000	0.0765694317
1589.2800000000	0.0753000564
1589.2900000000	0.0739751392
1589.3000000000	0.0727662700
1589.3100000000	0.0716084871
1589.3200000000	0.0706305000
1589.3300000000	0.0700272111
1589.3400000000	0.0698145662
1589.3500000000	0.0698739180
1589.3600000000	0.0704531514
1589.3700000000	0.0713985178
1589.3800000000	0.0725087192
1589.3900000000	0.0737104478
1589.4000000000	0.0748503547
1589.4100000000	0.0754426928
1589.4200000000	0.0757276820
1589.4300000000	0.0756538730
1589.4400000000	0.0748791746
1589.4500000000	0.0735582862
1589.4600000000	0.0719528407
1589.4700000000	0.0701633899
1589.4800000000	0.0681748311
1589.4900000000	0.0662897488
1589.5000000000	0.0643962267
1589.5100000000	0.0627314730
1589.5200000000	0.0615251092
1589.5300000000	0.0608401011
1589.5400000000	0.0604545799
1589.5500000000	0.0606099847
1589.5600000000	0.0613538512
1589.5700000000	0.0625553612
1589.5800000000	0.0641488296
1589.5900000000	0.0659918602
1589.6000000000	0.0679486434
1589.6100000000	0.0699771335
1589.6200000000	0.0718604797
1589.6300000000	0.0732064292
1589.6400000000	0.0739693201
1589.6500000000	0.0742732279
1589.6600000000	0.0740422407
1589.6700000000	0.0732520598
1589.6800000000	0.0721800340
1589.6900000000	0.0709416372
1589.7000000000	0.0695609742
1589.7100000000	0.0681184802
1589.7200000000	0.0669813812
1589.7300000000	0.0660069428
1589.7400000000	0.0656033226
1589.7500000000	0.0657621885
1589.7600000000	0.0662653167
1589.7700000000	0.0671786655
1589.7800000000	0.0684180631
1589.7900000000	0.0698171165
1589.8000000000	0.0711099697
1589.8100000000	0.0722321823
1589.8200000000	0.0731490726
1589.8300000000	0.0738259504
1589.8400000000	0.0740742600
1589.8500000000	0.0739831883
1589.8600000000	0.0735750329
1589.8700000000	0.0730252115
1589.8800000000	0.0723471047
1589.8900000000	0.0715278477
1589.9000000000	0.0707306113
1589.9100000000	0.0701299228
1589.9200000000	0.0695396412
1589.9300000000	0.0690657950
1589.9400000000	0.0690172217
1589.9500000000	0.0693819221
1589.9600000000	0.0701088454
1589.9700000000	0.0712266710
1589.9800000000	0.0725130049
1589.9900000000	0.0738556118
1590.0000000000	0.0751086013
1590.0100000000	0.0759894477
1590.0200000000	0.0764442114
1590.0300000000	0.0764036167
1590.0400000000	0.0758117836
1590.0500000000	0.0749007313
1590.0600000000	0.0736968598
1590.0700000000	0.0723438826
1590.0800000000	0.0707449176
1590.0900000000	0.0692045753
1590.1000000000	0.0678730640
1590.1100000000	0.0666874164
1590.1200000000	0.0659278102
1590.1300000000	0.0655196716
1590.1400000000	0.0654886398
1590.1500000000	0.0659170245
1590.1600000000	0.0666859909
1590.1700000000	0.0677928804
1590.1800000000	0.0692589313
1590.1900000000	0.0708575430
1590.2000000000	0.0723295384
1590.2100000000	0.0736712437
1590.2200000000	0.0747434139
1590.2300000000	0.0754335109
1590.2400000000	0.0755894380
1590.2500000000	0.0751996293
1590.2600000000	0.0743614717
1590.2700000000	0.0733096763
1590.2800000000	0.0720823732
1590.2900000000	0.0706865067
1590.3000000000	0.0693185449
1590.3100000000	0.0680597367
1590.3200000000	0.0671326495
1590.3300000000	0.0664929974
1590.3400000000	0.0661923949
1590.3500000000	0.0662752302
1590.3600000000	0.0668423659
1590.3700000000	0.0675999980
1590.3800000000	0.0684099231
1590.3900000000	0.0692556592
1590.4000000000	0.0699163257
1590.4100000000	0.0705287656
1590.4200000000	0.0709335354
1590.4300000000	0.0709682775
1590.4400000000	0.0705739953
1590.4500000000	0.0697441947
1590.4600000000	0.0685942391
1590.4700000000	0.0673071736
1590.4800000000	0.0658393023
1590.4900000000	0.0642782146
1590.5000000000	0.0629091696
1590.5100000000	0.0618540327
1590.5200000000	0.0610370915
1590.5300000000	0.0606069104
1590.5400000000	0.0605769532
1590.5500000000	0.0610534807
1590.5600000000	0.0620063569
1590.5700000000	0.0633650541
1590.5800000000	0.0648923627
1590.5900000000	0.0666409702
1590.6000000000	0.0683090332
1590.6100000000	0.0697169555
1590.6200000000	0.0706610868
1590.6300000000	0.0711532409
1590.6400000000	0.0712150782
1590.6500000000	0.0707753075
1590.6600000000	0.0699286120
1590.6700000000	0.0688298716
1590.6800000000	0.0675432974
1590.6900000000	0.0663732470
1590.7000000000	0.0650284858
1590.7100000000	0.0638036499
1590.7200000000	0.0628547370
1590.7300000000	0.0621624118
1590.7400000000	0.0618896918
1590.7500000000	0.0621228043
1590.7600000000	0.0626370743
1590.7700000000	0.0634558668
1590.7800000000	0.0645581934
1590.7900000000	0.0658367976
1590.8000000000	0.0672642731
1590.8100000000	0.0686060167
1590.8200000000	0.0697026310
1590.8300000000	0.0703897169
1590.8400000000	0.0708034609
1590.8500000000	0.0707633574
1590.8600000000	0.0703163005
1590.8700000000	0.0696920791
1590.8800000000	0.0689236453
1590.8900000000	0.0683150548
1590.9000000000	0.0675190290
1590.9100000000	0.0667382798
1590.9200000000	0.0663177115
1590.9300000000	0.0661538080
1590.9400000000	0.0665258049
1590.9500000000	0.0671740651
1590.9600000000	0.0680742027
1590.9700000000	0.0691485832
1590.9800000000	0.0704158314
1590.9900000000	0.0718546303
1591.0000000000	0.0729958734
1591.0100000000	0.0738631131
1591.0200000000	0.0745484178
1591.0300000000	0.0749680165
1591.0400000000	0.0749835807
1591.0500000000	0.0745687507
1591.0600000000	0.0739006866
1591.0700000000	0.0730455005
1591.0800000000	0.0719408335
1591.0900000000	0.0707059872
1591.1000000000	0.0693952059
1591.1100000000	0.0682772138
1591.1200000000	0.0675310584
1591.1300000000	0.0671238553
1591.1400000000	0.0670734226
1591.1500000000	0.0675029486
1591.1600000000	0.0681884150
1591.1700000000	0.0691193594
1591.1800000000	0.0700655609
1591.1900000000	0.0707694026
1591.2000000000	0.0711919645
1591.2100000000	0.0713849280
1591.2200000000	0.0711778778
1591.2300000000	0.0705113062
1591.2400000000	0.0696216442
1591.2500000000	0.0685214915
1591.2600000000	0.0674316068
1591.2700000000	0.0660763954
1591.2800000000	0.0646771989
1591.2900000000	0.0633360285
1591.3000000000	0.0619443817
1591.3100000000	0.0608331590
1591.3200000000	0.0598727387
1591.3300000000	0.0591759724
1591.3400000000	0.0589416688
1591.3500000000	0.0590654898
1591.3600000000	0.0593712363
1591.3700000000	0.0599197107
1591.3800000000	0.0606709577
1591.3900000000	0.0614378431
1591.4000000000	0.0621636042
1591.4100000000	0.0627166658
1591.4200000000	0.0628528075
1591.4300000000	0.0625375882
1591.4400000000	0.0621014222
1591.4500000000	0.0613810233
1591.4600000000	0.0605186491
1591.4700000000	0.0595726128
1591.4800000000	0.0587014863
1591.4900000000	0.0578090594
1591.5000000000	0.0570231688
1591.5100000000	0.0565000616
1591.5200000000	0.0561312714
1591.5300000000	0.0561775820
1591.5400000000	0.0565181107
1591.5500000000	0.0572968819
1591.5600000000	0.0583983081
1591.5700000000	0.0596490418
1591.5800000000	0.0613211125
1591.5900000000	0.0629153781
1591.6000000000	0.0645028574
1591.6100000000	0.0659348695
1591.6200000000	0.0668275816
1591.6300000000	0.0673712186
1591.6400000000	0.0675232652
1591.6500000000	0.0672415534
1591.6600000000	0.0667521776
1591.6700000000	0.0662133240
1591.6800000000	0.0654245523
1591.6900000000	0.0646303249
1591.7000000000	0.0639349953
1591.7100000000	0.0635105980
1591.7200000000	0.0634446886
1591.7300000000	0.0636346693
1591.7400000000	0.0641661080
1591.7500000000	0.0649619354
1591.7600000000	0.0660068389
1591.7700000000	0.0673531106
1591.7800000000	0.0686359432
1591.7900000000	0.0696423038
1591.8000000000	0.0702770360
1591.8100000000	0.0706311825
1591.8200000000	0.0704864506
1591.8300000000	0.0701799872
1591.8400000000	0.0691634076
1591.8500000000	0.0679982099
1591.8600000000	0.0668410751
1591.8700000000	0.0656734164
1591.8800000000	0.0643811425
1591.8900000000	0.0630123320
1591.9000000000	0.0618826183
1591.9100000000	0.0611483668
1591.9200000000	0.0606333488
1591.9300000000	0.0605690640
1591.9400000000	0.0609489485
1591.9500000000	0.0619597549
1591.9600000000	0.0634822326
1591.9700000000	0.0651884814
1591.9800000000	0.0669719073
1591.9900000000	0.0686957889
1592.0000000000	0.0700769254
1592.0100000000	0.0710278371
1592.0200000000	0.0714009122
1592.0300000000	0.0710649256
1592.0400000000	0.0703201178
1592.0500000000	0.0691302077
1592.0600000000	0.0677500575
1592.0700000000	0.0660856799
1592.0800000000	0.0643893471
1592.0900000000	0.0628144127
1592.1000000000	0.0614114515
1592.1100000000	0.0602612268
1592.1200000000	0.0592649312
1592.1300000000	0.0587789396
1592.1400000000	0.0586366175
1592.1500000000	0.0590976154
1592.1600000000	0.0598705793
1592.1700000000	0.0610046262
1592.1800000000	0.0624550739
1592.1900000000	0.0639351012
1592.2000000000	0.0652986817
1592.2100000000	0.0664278606
1592.2200000000	0.0670510475
1592.2300000000	0.0671039640
1592.2400000000	0.0667617056
1592.2500000000	0.0661853961
1592.2600000000	0.0652388534
1592.2700000000	0.0640357018
1592.2800000000	0.0629381640
1592.2900000000	0.0619120479
1592.3000000000	0.0609151866
1592.3100000000	0.0602327547
1592.3200000000	0.0598603831
1592.3300000000	0.0597920194
1592.3400000000	0.0599835627
1592.3500000000	0.0606058532
1592.3600000000	0.0614863248
1592.3700000000	0.0625978253
1592.3800000000	0.0639145791
1592.3900000000	0.0652836090
1592.4000000000	0.0665729198
1592.4100000000	0.0675084141
1592.4200000000	0.0682565711
1592.4300000000	0.0684958399
1592.4400000000	0.0681244207
1592.4500000000	0.0675260719
1592.4600000000	0.0666402172
1592.4700000000	0.0656195718
1592.4800000000	0.0645986016
1592.4900000000	0.0634962987
1592.5000000000	0.0624697337
1592.5100000000	0.0616675379
1592.5200000000	0.0613915970
1592.5300000000	0.0614934226
1592.5400000000	0.0619393821
1592.5500000000	0.0627422004
1592.5600000000	0.0636746457
1592.5700000000	0.0647717485
1592.5800000000	0.0658996320
1592.5900000000	0.0668568783
1592.6000000000	0.0675870210
1592.6100000000	0.0680244051
1592.6200000000	0.0678451695
1592.6300000000	0.0670573645
1592.6400000000	0.0659915157
1592.6500000000	0.0648252213
1592.6600000000	0.0633813941
1592.6700000000	0.0617341964
1592.6800000000	0.0600282348
1592.6900000000	0.0584474776
1592.7000000000	0.0571816048
1592.7100000000	0.0562189676
1592.7200000000	0.0555272353
1592.7300000000	0.0551628182
1592.7400000000	0.0554130966
1592.7500000000	0.0564256810
1592.7600000000	0.0575743038
1592.7700000000	0.0591652447
1592.7800000000	0.0608471734
1592.7900000000	0.0625994968
1592.8000000000	0.0643252658
1592.8100000000	0.0655557796
1592.8200000000	0.0662948390
1592.8300000000	0.0664235879
1592.8400000000	0.0662122181
1592.8500000000	0.0656622159
1592.8600000000	0.0646202276
1592.8700000000	0.0632489047
1592.8800000000	0.0618808166
1592.8900000000	0.0604332749
1592.9000000000	0.0591663129
1592.9100000000	0.0581487205
1592.9200000000	0.0573648565
1592.9300000000	0.0571943256
1592.9400000000	0.0574198548
1592.9500000000	0.0580267025
1592.9600000000	0.0588923464
1592.9700000000	0.0602768507
1592.9800000000	0.0621166790
1592.9900000000	0.0640939695
1593.0000000000	0.0660995147
1593.0100000000	0.0678031721
1593.0200000000	0.0691882347
1593.0300000000	0.0701163308
1593.0400000000	0.0705003436
1593.0500000000	0.0704195391
1593.0600000000	0.0698803534
1593.0700000000	0.0691920571
1593.0800000000	0.0680392814
1593.0900000000	0.0666658754
1593.1000000000	0.0652999781
1593.1100000000	0.0639550779
1593.1200000000	0.0630416932
1593.1300000000	0.0624929684
1593.1400000000	0.0623329636
1593.1500000000	0.0624698691
1593.1600000000	0.0629291973
1593.1700000000	0.0637538086
1593.1800000000	0.0646121847
1593.1900000000	0.0655294241
1593.2000000000	0.0663455808
1593.2100000000	0.0668901598
1593.2200000000	0.0672363659
1593.2300000000	0.0673567033
1593.2400000000	0.0670085345
1593.2500000000	0.0665859002
1593.2600000000	0.0659670660
1593.2700000000	0.0651360765
1593.2800000000	0.0640730065
1593.2900000000	0.0631979779
1593.3000000000	0.0624089543
1593.3100000000	0.0618651201
1593.3200000000	0.0615022019
1593.3300000000	0.0614564435
1593.3400000000	0.0618061252
1593.3500000000	0.0625140700
1593.3600000000	0.0636402537
1593.3700000000	0.0651581180
1593.3800000000	0.0668368754
1593.3900000000	0.0685405487
1593.4000000000	0.0698985381
1593.4100000000	0.0709117276
1593.4200000000	0.0716601072
1593.4300000000	0.0719298127
1593.4400000000	0.0716936160
1593.4500000000	0.0711771505
1593.4600000000	0.0703219129
1593.4700000000	0.0692441575
1593.4800000000	0.0680489786
1593.4900000000	0.0667804930
1593.5000000000	0.0656624509
1593.5100000000	0.0646879874
1593.5200000000	0.0639830949
1593.5300000000	0.0636085286
1593.5400000000	0.0635673459
1593.5500000000	0.0638533587
1593.5600000000	0.0644916967
1593.5700000000	0.0654256217
1593.5800000000	0.0666455792
1593.5900000000	0.0678970132
1593.6000000000	0.0690744092
1593.6100000000	0.0699382735
1593.6200000000	0.0703796417
1593.6300000000	0.0705235837
1593.6400000000	0.0704699060
1593.6500000000	0.0699475707
1593.6600000000	0.0690700285
1593.6700000000	0.0683313332
1593.6800000000	0.0675455388
1593.6900000000	0.0667528014
1593.7000000000	0.0661199811
1593.7100000000	0.0655328957
1593.7200000000	0.0651385053
1593.7300000000	0.0651970146
1593.7400000000	0.0655357871
1593.7500000000	0.0659646872
1593.7600000000	0.0665687136
1593.7700000000	0.0674191905
1593.7800000000	0.0682891593
1593.7900000000	0.0689017375
1593.8000000000	0.0693301117
1593.8100000000	0.0694641828
1593.8200000000	0.0694294701
1593.8300000000	0.0690547229
1593.8400000000	0.0683772684
1593.8500000000	0.0673655453
1593.8600000000	0.0664162089
1593.8700000000	0.0654695095
1593.8800000000	0.0645818486
1593.8900000000	0.0635652832
1593.9000000000	0.0628218532
1593.9100000000	0.0623588060
1593.9200000000	0.0622877048
1593.9300000000	0.0625399092
1593.9400000000	0.0633050004
1593.9500000000	0.0645208535
1593.9600000000	0.0661626573
1593.9700000000	0.0679256549
1593.9800000000	0.0697427796
1593.9900000000	0.0713313028
1594.0000000000	0.0725127326
1594.0100000000	0.0731419405
1594.0200000000	0.0731197699
1594.0300000000	0.0723896519
1594.0400000000	0.0712795320
1594.0500000000	0.0698496687
1594.0600000000	0.0681409230
1594.0700000000	0.0663363091
1594.0800000000	0.0645485377
1594.0900000000	0.0628740132
1594.1000000000	0.0614624738
1594.1100000000	0.0602972548
1594.1200000000	0.0595476995
1594.1300000000	0.0591602409
1594.1400000000	0.0592403415
1594.1500000000	0.0598828511
1594.1600000000	0.0608857599
1594.1700000000	0.0623726141
1594.1800000000	0.0640629850
1594.1900000000	0.0659056409
1594.2000000000	0.0679427238
1594.2100000000	0.0697687979
1594.2200000000	0.0710225545
1594.2300000000	0.0714541609
1594.2400000000	0.0712706937
1594.2500000000	0.0705203743
1594.2600000000	0.0693189654
1594.2700000000	0.0677526452
1594.2800000000	0.0660952308
1594.2900000000	0.0643847289
1594.3000000000	0.0628043095
1594.3100000000	0.0613989293
1594.3200000000	0.0603423548
1594.3300000000	0.0596658570
1594.3400000000	0.0595118459
1594.3500000000	0.0597198765
1594.3600000000	0.0603449358
1594.3700000000	0.0613216460
1594.3800000000	0.0626631526
1594.3900000000	0.0640383506
1594.4000000000	0.0654324173
1594.4100000000	0.0667698726
1594.4200000000	0.0675619877
1594.4300000000	0.0682070055
1594.4400000000	0.0683886859
1594.4500000000	0.0679456371
1594.4600000000	0.0672477002
1594.4700000000	0.0663042600
1594.4800000000	0.0650180701
1594.4900000000	0.0637090583
1594.5000000000	0.0625720404
1594.5100000000	0.0617936091
1594.5200000000	0.0613123485
1594.5300000000	0.0611682463
1594.5400000000	0.0614457123
1594.5500000000	0.0621393602
1594.5600000000	0.0633326972
1594.5700000000	0.0648131354
1594.5800000000	0.0664685940
1594.5900000000	0.0681304845
1594.6000000000	0.0694456282
1594.6100000000	0.0704583852
1594.6200000000	0.0712342410
1594.6300000000	0.0715703133
1594.6400000000	0.0713640259
1594.6500000000	0.0708593298
1594.6600000000	0.0700562117
1594.6700000000	0.0690781040
1594.6800000000	0.0679256133
1594.6900000000	0.0667456981
1594.7000000000	0.0655353819
1594.7100000000	0.0645324493
1594.7200000000	0.0638102007
1594.7300000000	0.0633435957
1594.7400000000	0.0632792362
1594.7500000000	0.0636743309
1594.7600000000	0.0645937195
1594.7700000000	0.0657348049
1594.7800000000	0.0672376754
1594.7900000000	0.0688322258
1594.8000000000	0.0702478391
1594.8100000000	0.0713533382
1594.8200000000	0.0720728214
1594.8300000000	0.0723307061
1594.8400000000	0.0720908979
1594.8500000000	0.0713992341
1594.8600000000	0.0702327053
1594.8700000000	0.0687455647
1594.8800000000	0.0672414626
1594.8900000000	0.0657926152
1594.9000000000	0.0645604620
1594.9100000000	0.0635193095
1594.9200000000	0.0627697250
1594.9300000000	0.0623496016
1594.9400000000	0.0623530397
1594.9500000000	0.0626968427
1594.9600000000	0.0636089023
1594.9700000000	0.0647699750
1594.9800000000	0.0662240258
1594.9900000000	0.0676213379
1595.0000000000	0.0688326153
1595.0100000000	0.0697759504
1595.0200000000	0.0702932665
1595.0300000000	0.0704574387
1595.0400000000	0.0701442332
1595.0500000000	0.0693918456
1595.0600000000	0.0681626421
1595.0700000000	0.0668273878
1595.0800000000	0.0653559544
1595.0900000000	0.0637083015
1595.1000000000	0.0622262798
1595.1100000000	0.0610177267
1595.1200000000	0.0602028518
1595.1300000000	0.0597101607
1595.1400000000	0.0596272043
1595.1500000000	0.0601278774
1595.1600000000	0.0610488808
1595.1700000000	0.0624242620
1595.1800000000	0.0641352558
1595.1900000000	0.0658070602
1595.2000000000	0.0674076029
1595.2100000000	0.0688546845
1595.2200000000	0.0702376655
1595.2300000000	0.0709594394
1595.2400000000	0.0712000574
1595.2500000000	0.0710891413
1595.2600000000	0.0705746877
1595.2700000000	0.0696783540
1595.2800000000	0.0686035692
1595.2900000000	0.0674169184
1595.3000000000	0.0661251391
1595.3100000000	0.0649894647
1595.3200000000	0.0640797695
1595.3300000000	0.0633759617
1595.3400000000	0.0631794228
1595.3500000000	0.0636725454
1595.3600000000	0.0645532923
1595.3700000000	0.0656945337
1595.3800000000	0.0670853380
1595.3900000000	0.0685338158
1595.4000000000	0.0698453170
1595.4100000000	0.0709937664
1595.4200000000	0.0717317569
1595.4300000000	0.0718764015
1595.4400000000	0.0716066868
1595.4500000000	0.0710260755
1595.4600000000	0.0700532393
1595.4700000000	0.0686752074
1595.4800000000	0.0673812095
1595.4900000000	0.0660538411
1595.5000000000	0.0649057502
1595.5100000000	0.0637505277
1595.5200000000	0.0627461656
1595.5300000000	0.0620780048
1595.5400000000	0.0619920465
1595.5500000000	0.0624268863
1595.5600000000	0.0632933922
1595.5700000000	0.0645487194
1595.5800000000	0.0662798375
1595.5900000000	0.0681745061
1595.6000000000	0.0700301892
1595.6100000000	0.0716756763
1595.6200000000	0.0728390320
1595.6300000000	0.0733610797
1595.6400000000	0.0732979732
1595.6500000000	0.0727760969
1595.6600000000	0.0716762238
1595.6700000000	0.0703111989
1595.6800000000	0.0688425239
1595.6900000000	0.0673667656
1595.7000000000	0.0659937662
1595.7100000000	0.0648262605
1595.7200000000	0.0640354073
1595.7300000000	0.0634866097
1595.7400000000	0.0634647339
1595.7500000000	0.0639150683
1595.7600000000	0.0646375975
1595.7700000000	0.0658181834
1595.7800000000	0.0673586976
1595.7900000000	0.0691406991
1595.8000000000	0.0709460649
1595.8100000000	0.0727668717
1595.8200000000	0.0742440376
1595.8300000000	0.0752514979
1595.8400000000	0.0756975999
1595.8500000000	0.0758459381
1595.8600000000	0.0754586523
1595.8700000000	0.0746476109
1595.8800000000	0.0736363193
1595.8900000000	0.0723431713
1595.9000000000	0.0710469495
1595.9100000000	0.0698801615
1595.9200000000	0.0688927976
1595.9300000000	0.0683862045
1595.9400000000	0.0682994905
1595.9500000000	0.0689131320
1595.9600000000	0.0699254926
1595.9700000000	0.0712095267
1595.9800000000	0.0727217557
1595.9900000000	0.0743007615
1596.0000000000	0.0759018749
1596.0100000000	0.0773367385
1596.0200000000	0.0783478917
1596.0300000000	0.0787268177
1596.0400000000	0.0787605479
1596.0500000000	0.0781939113
1596.0600000000	0.0772750153
1596.0700000000	0.0760560905
1596.0800000000	0.0744495700
1596.0900000000	0.0727669691
1596.1000000000	0.0710989972
1596.1100000000	0.0696096566
1596.1200000000	0.0683117760
1596.1300000000	0.0674300805
1596.1400000000	0.0671121874
1596.1500000000	0.0671779749
1596.1600000000	0.0676605373
1596.1700000000	0.0686779028
1596.1800000000	0.0701766626
1596.1900000000	0.0719626322
1596.2000000000	0.0737555043
1596.2100000000	0.0749483539
1596.2200000000	0.0758861334
1596.2300000000	0.0763496967
1596.2400000000	0.0761273700
1596.2500000000	0.0753517383
1596.2600000000	0.0741289772
1596.2700000000	0.0725907472
1596.2800000000	0.0707434822
1596.2900000000	0.0688093679
1596.3000000000	0.0668193566
1596.3100000000	0.0648214685
1596.3200000000	0.0633660669
1596.3300000000	0.0623444948
1596.3400000000	0.0616862519
1596.3500000000	0.0614778546
1596.3600000000	0.0617911907
1596.3700000000	0.0625276871
1596.3800000000	0.0636487036
1596.3900000000	0.0650648846
1596.4000000000	0.0664932991
1596.4100000000	0.0678003124
1596.4200000000	0.0690572703
1596.4300000000	0.0698688026
1596.4400000000	0.0699556972
1596.4500000000	0.0694860408
1596.4600000000	0.0687096851
1596.4700000000	0.0673939671
1596.4800000000	0.0657356952
1596.4900000000	0.0640395004
1596.5000000000	0.0621745829
1596.5100000000	0.0605507323
1596.5200000000	0.0594398984
1596.5300000000	0.0584991567
1596.5400000000	0.0579860748
1596.5500000000	0.0583068456
1596.5600000000	0.0590459651
1596.5700000000	0.0601713729
1596.5800000000	0.0617589249
1596.5900000000	0.0635762497
1596.6000000000	0.0654589467
1596.6100000000	0.0673624783
1596.6200000000	0.0690882556
1596.6300000000	0.0705150542
1596.6400000000	0.0715681193
1596.6500000000	0.0722551774
1596.6600000000	0.0724024609
1596.6700000000	0.0720189169
1596.6800000000	0.0712988627
1596.6900000000	0.0702731614
1596.7000000000	0.0690072850
1596.7100000000	0.0678501187
1596.7200000000	0.0667891433
1596.7300000000	0.0658904701
1596.7400000000	0.0653847333
1596.7500000000	0.0653876887
1596.7600000000	0.0658859067
1596.7700000000	0.0669108848
1596.7800000000	0.0684022201
1596.7900000000	0.0699753617
1596.8000000000	0.0714947753
1596.8100000000	0.0728732966
1596.8200000000	0.0740415417
1596.8300000000	0.0747141571
1596.8400000000	0.0749711762
1596.8500000000	0.0746298724
1596.8600000000	0.0736503985
1596.8700000000	0.0725181057
1596.8800000000	0.0710812061
1596.8900000000	0.0693694241
1596.9000000000	0.0676637587
1596.9100000000	0.0660877009
1596.9200000000	0.0647715738
1596.9300000000	0.0637301618
1596.9400000000	0.0631299002
1596.9500000000	0.0629202926
1596.9600000000	0.0632179892
1596.9700000000	0.0639056665
1596.9800000000	0.0648506928
1596.9900000000	0.0659537262
1597.0000000000	0.0671523521
1597.0100000000	0.0683326361
1597.0200000000	0.0692170966
1597.0300000000	0.0697794503
1597.0400000000	0.0698774088
1597.0500000000	0.0694302670
1597.0600000000	0.0685121791
1597.0700000000	0.0672206695
1597.0800000000	0.0658227578
1597.0900000000	0.0643238489
1597.1000000000	0.0628349557
1597.1100000000	0.0614858723
1597.1200000000	0.0603271298
1597.1300000000	0.0595900822
1597.1400000000	0.0594284080
1597.1500000000	0.0597486845
1597.1600000000	0.0606484844
1597.1700000000	0.0620305554
1597.1800000000	0.0636917964
1597.1900000000	0.0655840670
1597.2000000000	0.0676038767
1597.2100000000	0.0694604150
1597.2200000000	0.0709912483
1597.2300000000	0.0721784560
1597.2400000000	0.0728655949
1597.2500000000	0.0730606235
1597.2600000000	0.0728085310
1597.2700000000	0.0720667014
1597.2800000000	0.0709358962
1597.2900000000	0.0696150470
1597.3000000000	0.0681831073
1597.3100000000	0.0667113723
1597.3200000000	0.0653188139
1597.3300000000	0.0641561941
1597.3400000000	0.0634833831
1597.3500000000	0.0633241190
1597.3600000000	0.0635617759
1597.3700000000	0.0642708187
1597.3800000000	0.0655198892
1597.3900000000	0.0671567248
1597.4000000000	0.0690025924
1597.4100000000	0.0708965479
1597.4200000000	0.0725625741
1597.4300000000	0.0739082708
1597.4400000000	0.0747353322
1597.4500000000	0.0748639141
1597.4600000000	0.0745379910
1597.4700000000	0.0737902255
1597.4800000000	0.0727522683
1597.4900000000	0.0714382846
1597.5000000000	0.0698866526
1597.5100000000	0.0682974553
1597.5200000000	0.0668244104
1597.5300000000	0.0656076536
1597.5400000000	0.0647408592
1597.5500000000	0.0643269675
1597.5600000000	0.0643324169
1597.5700000000	0.0647763512
1597.5800000000	0.0656319287
1597.5900000000	0.0666483641
1597.6000000000	0.0678030366
1597.6100000000	0.0690206599
1597.6200000000	0.0700505677
1597.6300000000	0.0706673437
1597.6400000000	0.0706206179
1597.6500000000	0.0701722647
1597.6600000000	0.0693077028
1597.6700000000	0.0682442949
1597.6800000000	0.0667489186
1597.6900000000	0.0650255173
1597.7000000000	0.0634837564
1597.7100000000	0.0619520090
1597.7200000000	0.0605797261
1597.7300000000	0.0594506540
1597.7400000000	0.0587531123
1597.7500000000	0.0585192886
1597.7600000000	0.0586769366
1597.7700000000	0.0592921937
1597.7800000000	0.0603169539
1597.7900000000	0.0616450545
1597.8000000000	0.0632099159
1597.8100000000	0.0648703426
1597.8200000000	0.0664191215
1597.8300000000	0.0677431606
1597.8400000000	0.0686705549
1597.8500000000	0.0691486920
1597.8600000000	0.0691967143
1597.8700000000	0.0687637956
1597.8800000000	0.0678442416
1597.8900000000	0.0666217689
1597.9000000000	0.0653053576
1597.9100000000	0.0639597387
1597.9200000000	0.0629372643
1597.9300000000	0.0622602097
1597.9400000000	0.0620734667
1597.9500000000	0.0622929574
1597.9600000000	0.0630007797
1597.9700000000	0.0641629042
1597.9800000000	0.0658312131
1597.9900000000	0.0679079037
1598.0000000000	0.0700109212
1598.0100000000	0.0720574778
1598.0200000000	0.0738794299
1598.0300000000	0.0754121575
1598.0400000000	0.0763092413
1598.0500000000	0.0766083431
1598.0600000000	0.0763326162
1598.0700000000	0.0754854986
1598.0800000000	0.0740597829
1598.0900000000	0.0721377606
1598.1000000000	0.0699399133
1598.1100000000	0.0676413640
1598.1200000000	0.0654357653
1598.1300000000	0.0634152455
1598.1400000000	0.0616107792
1598.1500000000	0.0603662444
1598.1600000000	0.0597954376
1598.1700000000	0.0598055449
1598.1800000000	0.0602730838
1598.1900000000	0.0612838654
1598.2000000000	0.0626412486
1598.2100000000	0.0641111575
1598.2200000000	0.0656418823
1598.2300000000	0.0668961693
1598.2400000000	0.0678222636
1598.2500000000	0.0683532824
1598.2600000000	0.0684637344
1598.2700000000	0.0680244091
1598.2800000000	0.0672123077
1598.2900000000	0.0660378870
1598.3000000000	0.0646788969
1598.3100000000	0.0632565496
1598.3200000000	0.0617785228
1598.3300000000	0.0603857628
1598.3400000000	0.0592709779
1598.3500000000	0.0585028834
1598.3600000000	0.0581191822
1598.3700000000	0.0581549362
1598.3800000000	0.0585389654
1598.3900000000	0.0594052734
1598.4000000000	0.0605590105
1598.4100000000	0.0618511348
1598.4200000000	0.0630431134
1598.4300000000	0.0640449637
1598.4400000000	0.0648816109
1598.4500000000	0.0654591449
1598.4600000000	0.0655652618
1598.4700000000	0.0651788787
1598.4800000000	0.0644447139
1598.4900000000	0.0635397404
1598.5000000000	0.0625034624
1598.5100000000	0.0612769509
1598.5200000000	0.0601461495
1598.5300000000	0.0591478957
1598.5400000000	0.0585248784
1598.5500000000	0.0582561774
1598.5600000000	0.0583001586
1598.5700000000	0.0587301934
1598.5800000000	0.0595747238
1598.5900000000	0.0608386826
1598.6000000000	0.0622983289
1598.6100000000	0.0638697065
1598.6200000000	0.0655139374
1598.6300000000	0.0671421577
1598.6400000000	0.0685810114
1598.6500000000	0.0696875555
1598.6600000000	0.0704127521
1598.6700000000	0.0706594637
1598.6800000000	0.0705925976
1598.6900000000	0.0702628175
1598.7000000000	0.0695649913
1598.7100000000	0.0685495470
1598.7200000000	0.0675926778
1598.7300000000	0.0667599088
1598.7400000000	0.0660437954
1598.7500000000	0.0654817501
1598.7600000000	0.0652589016
1598.7700000000	0.0653858745
1598.7800000000	0.0658655287
1598.7900000000	0.0666548181
1598.8000000000	0.0675183735
1598.8100000000	0.0686232030
1598.8200000000	0.0698635503
1598.8300000000	0.0709422838
1598.8400000000	0.0719056950
1598.8500000000	0.0726686790
1598.8600000000	0.0731287274
1598.8700000000	0.0731869552
1598.8800000000	0.0729527240
1598.8900000000	0.0725847674
1598.9000000000	0.0720440618
1598.9100000000	0.0713048945
1598.9200000000	0.0705303848
1598.9300000000	0.0699304172
1598.9400000000	0.0695971749
1598.9500000000	0.0695006311
1598.9600000000	0.0695499717
1598.9700000000	0.0697723686
1598.9800000000	0.0702779522
1598.9900000000	0.0710724364
1599.0000000000	0.0720541533
1599.0100000000	0.0730648631
1599.0200000000	0.0739558747
1599.0300000000	0.0746214456
1599.0400000000	0.0750393324
1599.0500000000	0.0750017699
1599.0600000000	0.0745012450
1599.0700000000	0.0737967815
1599.0800000000	0.0728425056
1599.0900000000	0.0716759774
1599.1000000000	0.0702334384
1599.1100000000	0.0689088841
1599.1200000000	0.0678033151
1599.1300000000	0.0669756853
1599.1400000000	0.0664330463
1599.1500000000	0.0662356932
1599.1600000000	0.0664103663
1599.1700000000	0.0669620141
1599.1800000000	0.0678456792
1599.1900000000	0.0688332068
1599.2000000000	0.0698308431
1599.2100000000	0.0709126132
1599.2200000000	0.0719953575
1599.2300000000	0.0728777443
1599.2400000000	0.0733318487
1599.2500000000	0.0732711752
1599.2600000000	0.0728330138
1599.2700000000	0.0721215931
1599.2800000000	0.0709466480
1599.2900000000	0.0691989499
1599.3000000000	0.0673271011
1599.3100000000	0.0654934491
1599.3200000000	0.0637903476
1599.3300000000	0.0622683079
1599.3400000000	0.0611380680
1599.3500000000	0.0604937230
1599.3600000000	0.0603271383
1599.3700000000	0.0605625557
1599.3800000000	0.0612960603
1599.3900000000	0.0622348244
1599.4000000000	0.0634023939
1599.4100000000	0.0645371011
1599.4200000000	0.0655415594
1599.4300000000	0.0664242587
1599.4400000000	0.0669541849
1599.4500000000	0.0670692825
1599.4600000000	0.0668578133
1599.4700000000	0.0663334066
1599.4800000000	0.0655765917
1599.4900000000	0.0645296212
1599.5000000000	0.0632594496
1599.5100000000	0.0618535438
1599.5200000000	0.0604406284
1599.5300000000	0.0592070379
1599.5400000000	0.0582992591
1599.5500000000	0.0577214590
1599.5600000000	0.0575009895
1599.5700000000	0.0578469801
1599.5800000000	0.0585476369
1599.5900000000	0.0595014689
1599.6000000000	0.0607763734
1599.6100000000	0.0622065816
1599.6200000000	0.0636367898
1599.6300000000	0.0650180714
1599.6400000000	0.0659834363
1599.6500000000	0.0665260095
1599.6600000000	0.0667432751
1599.6700000000	0.0666325825
1599.6800000000	0.0660854724
1599.6900000000	0.0651753397
1599.7000000000	0.0641200240
1599.7100000000	0.0629245721
1599.7200000000	0.0616779343
1599.7300000000	0.0606050145
1599.7400000000	0.0596774054
1599.7500000000	0.0589892871
1599.7600000000	0.0587786871
1599.7700000000	0.0590813720
1599.7800000000	0.0597185874
1599.7900000000	0.0605540532
1599.8000000000	0.0619198236
1599.8100000000	0.0635446884
1599.8200000000	0.0650938135
1599.8300000000	0.0667278226
1599.8400000000	0.0682845914
1599.8500000000	0.0695036075
1599.8600000000	0.0703561754
1599.8700000000	0.0707469063
1599.8800000000	0.0706021228
1599.8900000000	0.0699761045
1599.9000000000	0.0689992913
1599.9100000000	0.0676337522
1599.9200000000	0.0662623414
1599.9300000000	0.0650227451
1599.9400000000	0.0639270390
1599.9500000000	0.0630636445
1599.9600000000	0.0625688255
1599.9700000000	0.0623571858
1599.9800000000	0.0624908121
1599.9900000000	0.0631026246
1600.0000000000	0.0640192975
1600.0100000000	0.0649362287
1600.0200000000	0.0659811119
1600.0300000000	0.0671527093
1600.0400000000	0.0681999030
1600.0500000000	0.0690372010
1600.0600000000	0.0696191165
1600.0700000000	0.0698661701
1600.0800000000	0.0698733546
1600.0900000000	0.0696007512
1600.1000000000	0.0690040352
1600.1100000000	0.0681980698
1600.1200000000	0.0673610442
1600.1300000000	0.0665141797
1600.1400000000	0.0657020061
1600.1500000000	0.0650505442
1600.1600000000	0.0647648032
1600.1700000000	0.0648393869
1600.1800000000	0.0652253945
1600.1900000000	0.0658605310
1600.2000000000	0.0666815873
1600.2100000000	0.0676937828
1600.2200000000	0.0688906931
1600.2300000000	0.0699980511
1600.2400000000	0.0709954167
1600.2500000000	0.0719172400
1600.2600000000	0.0725792253
1600.2700000000	0.0727791609
1600.2800000000	0.0726232538
1600.2900000000	0.0723184840
1600.3000000000	0.0718553700
1600.3100000000	0.0712168833
1600.3200000000	0.0705295514
1600.3300000000	0.0698863047
1600.3400000000	0.0693975753
1600.3500000000	0.0691562754
1600.3600000000	0.0690994560
1600.3700000000	0.0692406902
1600.3800000000	0.0696862060
1600.3900000000	0.0705067907
1600.4000000000	0.0714085314
1600.4100000000	0.0722805930
1600.4200000000	0.0730908090
1600.4300000000	0.0737283273
1600.4400000000	0.0742288680
1600.4500000000	0.0744890586
1600.4600000000	0.0742482994
1600.4700000000	0.0735648015
1600.4800000000	0.0727157606
1600.4900000000	0.0716140821
1600.5000000000	0.0702918516
1600.5100000000	0.0687476484
1600.5200000000	0.0671682386
1600.5300000000	0.0657582568
1600.5400000000	0.0646639318
1600.5500000000	0.0638361518
1600.5600000000	0.0633591617
1600.5700000000	0.0633146363
1600.5800000000	0.0636977784
1600.5900000000	0.0644081770
1600.6000000000	0.0652942448
1600.6100000000	0.0663442126
1600.6200000000	0.0675229927
1600.6300000000	0.0685352425
1600.6400000000	0.0693671003
1600.6500000000	0.0699525474
1600.6600000000	0.0702051543
1600.6700000000	0.0701668449
1600.6800000000	0.0697466252
1600.6900000000	0.0691541660
1600.7000000000	0.0683017664
1600.7100000000	0.0672241018
1600.7200000000	0.0660023952
1600.7300000000	0.0646706115
1600.7400000000	0.0635706579
1600.7500000000	0.0627809739
1600.7600000000	0.0621547319
1600.7700000000	0.0620635547
1600.7800000000	0.0623370855
1600.7900000000	0.0630843722
1600.8000000000	0.0640803639
1600.8100000000	0.0651156181
1600.8200000000	0.0664412636
1600.8300000000	0.0677740166
1600.8400000000	0.0690073555
1600.8500000000	0.0699446288
1600.8600000000	0.0705760971
1600.8700000000	0.0710027028
1600.8800000000	0.0711581933
1600.8900000000	0.0711137080
1600.9000000000	0.0707857947
1600.9100000000	0.0703672704
1600.9200000000	0.0698729933
1600.9300000000	0.0693350824
1600.9400000000	0.0689415531
1600.9500000000	0.0686367910
1600.9600000000	0.0683879358
1600.9700000000	0.0682663720
1600.9800000000	0.0684537232
1600.9900000000	0.0689399935
1601.0000000000	0.0695985743
1601.0100000000	0.0705235415
1601.0200000000	0.0714935962
1601.0300000000	0.0723895015
1601.0400000000	0.0731093767
1601.0500000000	0.0734922126
1601.0600000000	0.0737865537
1601.0700000000	0.0738580619
1601.0800000000	0.0736113950
1601.0900000000	0.0731317721
1601.1000000000	0.0724332762
1601.1100000000	0.0717759632
1601.1200000000	0.0709690964
1601.1300000000	0.0702185747
1601.1400000000	0.0696293486
1601.1500000000	0.0693790673
1601.1600000000	0.0693269685
1601.1700000000	0.0692350295
1601.1800000000	0.0694071205
1601.1900000000	0.0698013162
1601.2000000000	0.0704120372
1601.2100000000	0.0711475386
1601.2200000000	0.0717203115
1601.2300000000	0.0722981116
1601.2400000000	0.0726742588
1601.2500000000	0.0727798400
1601.2600000000	0.0724854712
1601.2700000000	0.0718279395
1601.2800000000	0.0709955780
1601.2900000000	0.0698724820
1601.3000000000	0.0684972583
1601.3100000000	0.0671332681
1601.3200000000	0.0659361702
1601.3300000000	0.0650732002
1601.3400000000	0.0644359280
1601.3500000000	0.0640658545
1601.3600000000	0.0642088708
1601.3700000000	0.0646690859
1601.3800000000	0.0654170437
1601.3900000000	0.0662740831
1601.4000000000	0.0673340886
1601.4100000000	0.0685695797
1601.4200000000	0.0697056102
1601.4300000000	0.0707364892
1601.4400000000	0.0714410331
1601.4500000000	0.0719057580
1601.4600000000	0.0719973116
1601.4700000000	0.0716652024
1601.4800000000	0.0709945637
1601.4900000000	0.0699785533
1601.5000000000	0.0688003997
1601.5100000000	0.0675171045
1601.5200000000	0.0661446503
1601.5300000000	0.0648824993
1601.5400000000	0.0637991223
1601.5500000000	0.0631061796
1601.5600000000	0.0627041139
1601.5700000000	0.0626052197
1601.5800000000	0.0629270062
1601.5900000000	0.0635807130
1601.6000000000	0.0645306718
1601.6100000000	0.0657706672
1601.6200000000	0.0669882901
1601.6300000000	0.0682187544
1601.6400000000	0.0693161985
1601.6500000000	0.0703927246
1601.6600000000	0.0710611099
1601.6700000000	0.0715115846
1601.6800000000	0.0717067283
1601.6900000000	0.0714722177
1601.7000000000	0.0708350143
1601.7100000000	0.0698326459
1601.7200000000	0.0688110736
1601.7300000000	0.0677894876
1601.7400000000	0.0668006043
1601.7500000000	0.0659990173
1601.7600000000	0.0654935846
1601.7700000000	0.0653649501
1601.7800000000	0.0656174800
1601.7900000000	0.0661392912
1601.8000000000	0.0669490136
1601.8100000000	0.0678529774
1601.8200000000	0.0689090450
1601.8300000000	0.0697776452
1601.8400000000	0.0704962431
1601.8500000000	0.0711253071
1601.8600000000	0.0714494696
1601.8700000000	0.0715014570
1601.8800000000	0.0710951674
1601.8900000000	0.0703663635
1601.9000000000	0.0695090071
1601.9100000000	0.0682688311
1601.9200000000	0.0669216565
1601.9300000000	0.0655318072
1601.9400000000	0.0642945346
1601.9500000000	0.0632091686
1601.9600000000	0.0622466711
1601.9700000000	0.0616182518
1601.9800000000	0.0613484590
1601.9900000000	0.0614273902
1602.0000000000	0.0618739923
1602.0100000000	0.0623900796
1602.0200000000	0.0630647119
1602.0300000000	0.0638479098
1602.0400000000	0.0646785455
1602.0500000000	0.0652934381
1602.0600000000	0.0657591807
1602.0700000000	0.0660618282
1602.0800000000	0.0661941641
1602.0900000000	0.0661814200
1602.1000000000	0.0658521876
1602.1100000000	0.0654337445
1602.1200000000	0.0649350268
1602.1300000000	0.0645153362
1602.1400000000	0.0643006518
1602.1500000000	0.0641829673
1602.1600000000	0.0644180128
1602.1700000000	0.0649935674
1602.1800000000	0.0658927834
1602.1900000000	0.0672242240
1602.2000000000	0.0685930863
1602.2100000000	0.0701796296
1602.2200000000	0.0718194642
1602.2300000000	0.0733731346
1602.2400000000	0.0746652691
1602.2500000000	0.0757424604
1602.2600000000	0.0764671138
1602.2700000000	0.0768713562
1602.2800000000	0.0768679168
1602.2900000000	0.0765364134
1602.3000000000	0.0759063103
1602.3100000000	0.0751499465
1602.3200000000	0.0742821014
1602.3300000000	0.0732458997
1602.3400000000	0.0721948939
1602.3500000000	0.0712165399
1602.3600000000	0.0703627734
1602.3700000000	0.0695970610
1602.3800000000	0.0690664610
1602.3900000000	0.0689339689
1602.4000000000	0.0690657894
1602.4100000000	0.0693804969
1602.4200000000	0.0698094302
1602.4300000000	0.0705160749
1602.4400000000	0.0712440889
1602.4500000000	0.0717730316
1602.4600000000	0.0721189257
1602.4700000000	0.0720956875
1602.4800000000	0.0718636263
1602.4900000000	0.0713991669
1602.5000000000	0.0706658297
1602.5100000000	0.0698343471
1602.5200000000	0.0690318492
1602.5300000000	0.0681928635
1602.5400000000	0.0673174015
1602.5500000000	0.0665474577
1602.5600000000	0.0662210310
1602.5700000000	0.0661086611
1602.5800000000	0.0661794895
1602.5900000000	0.0666305938
1602.6000000000	0.0672838069
1602.6100000000	0.0680401706
1602.6200000000	0.0688702324
1602.6300000000	0.0698238042
1602.6400000000	0.0706228530
1602.6500000000	0.0713082142
1602.6600000000	0.0718311513
1602.6700000000	0.0722042186
1602.6800000000	0.0722230322
1602.6900000000	0.0719074232
1602.7000000000	0.0713627624
1602.7100000000	0.0705729281
1602.7200000000	0.0693840433
1602.7300000000	0.0681916774
1602.7400000000	0.0671161826
1602.7500000000	0.0662111537
1602.7600000000	0.0655801855
1602.7700000000	0.0650036292
1602.7800000000	0.0648293233
1602.7900000000	0.0649384140
1602.8000000000	0.0651067255
1602.8100000000	0.0654765582
1602.8200000000	0.0659146376
1602.8300000000	0.0663871241
1602.8400000000	0.0668606465
1602.8500000000	0.0671923198
1602.8600000000	0.0673504211
1602.8700000000	0.0672735914
1602.8800000000	0.0670692825
1602.8900000000	0.0666911006
1602.9000000000	0.0661856187
1602.9100000000	0.0655139393
1602.9200000000	0.0646157702
1602.9300000000	0.0638105598
1602.9400000000	0.0630861535
1602.9500000000	0.0624954801
1602.9600000000	0.0621411428
1602.9700000000	0.0621301193
1602.9800000000	0.0625348202
1602.9900000000	0.0631841284
1603.0000000000	0.0639989083
1603.0100000000	0.0652556563
1603.0200000000	0.0666250067
1603.0300000000	0.0679846184
1603.0400000000	0.0689151919
1603.0500000000	0.0698177857
1603.0600000000	0.0703902227
1603.0700000000	0.0706330041
1603.0800000000	0.0704824649
1603.0900000000	0.0699543630
1603.1000000000	0.0691563147
1603.1100000000	0.0679905012
1603.1200000000	0.0669231077
1603.1300000000	0.0656986647
1603.1400000000	0.0645173502
1603.1500000000	0.0635470680
1603.1600000000	0.0629398962
1603.1700000000	0.0622610689
1603.1800000000	0.0620203819
1603.1900000000	0.0621970484
1603.2000000000	0.0627057238
1603.2100000000	0.0634165972
1603.2200000000	0.0643375941
1603.2300000000	0.0653887924
1603.2400000000	0.0664446173
1603.2500000000	0.0675043571
1603.2600000000	0.0684234163
1603.2700000000	0.0689876660
1603.2800000000	0.0693374032
1603.2900000000	0.0694564191
1603.3000000000	0.0691911470
1603.3100000000	0.0686966911
1603.3200000000	0.0681039890
1603.3300000000	0.0671646258
1603.3400000000	0.0663801877
1603.3500000000	0.0657339476
1603.3600000000	0.0651517333
1603.3700000000	0.0648499803
1603.3800000000	0.0648403028
1603.3900000000	0.0652421929
1603.4000000000	0.0657956811
1603.4100000000	0.0666373607
1603.4200000000	0.0677836657
1603.4300000000	0.0689629715
1603.4400000000	0.0701325375
1603.4500000000	0.0711036049
1603.4600000000	0.0721034091
1603.4700000000	0.0727934446
1603.4800000000	0.0733473254
1603.4900000000	0.0735504346
1603.5000000000	0.0733643133
1603.5100000000	0.0730287063
1603.5200000000	0.0724162710
1603.5300000000	0.0714860995
1603.5400000000	0.0705120487
1603.5500000000	0.0695317923
1603.5600000000	0.0685491760
1603.5700000000	0.0678728292
1603.5800000000	0.0674581224
1603.5900000000	0.0672367640
1603.6000000000	0.0673419204
1603.6100000000	0.0679653969
1603.6200000000	0.0685592011
1603.6300000000	0.0692609730
1603.6400000000	0.0703230035
1603.6500000000	0.0712168840
1603.6600000000	0.0717832992
1603.6700000000	0.0723907186
1603.6800000000	0.0726445869
1603.6900000000	0.0726116933
1603.7000000000	0.0724343388
1603.7100000000	0.0720431893
1603.7200000000	0.0712452889
1603.7300000000	0.0704363409
1603.7400000000	0.0698057275
1603.7500000000	0.0690931626
1603.7600000000	0.0682984096
1603.7700000000	0.0677900464
1603.7800000000	0.0674740330
1603.7900000000	0.0673408155
1603.8000000000	0.0675425958
1603.8100000000	0.0679620859
1603.8200000000	0.0684237277
1603.8300000000	0.0691545225
1603.8400000000	0.0700240306
1603.8500000000	0.0706692646
1603.8600000000	0.0712932823
1603.8700000000	0.0717434223
1603.8800000000	0.0720569443
1603.8900000000	0.0720396327
1603.9000000000	0.0718491803
1603.9100000000	0.0714636559
1603.9200000000	0.0709768562
1603.9300000000	0.0705399808
1603.9400000000	0.0698748238
1603.9500000000	0.0692446884
1603.9600000000	0.0689621817
1603.9700000000	0.0687497813
1603.9800000000	0.0686789668
1603.9900000000	0.0687834111
1604.0000000000	0.0691822165
1604.0100000000	0.0697111204
1604.0200000000	0.0703088340
1604.0300000000	0.0710295939
1604.0400000000	0.0717375847
1604.0500000000	0.0724518087
1604.0600000000	0.0730369228
1604.0700000000	0.0734448109
1604.0800000000	0.0735767244
1604.0900000000	0.0734669753
1604.1000000000	0.0731580298
1604.1100000000	0.0726120477
1604.1200000000	0.0718543375
1604.1300000000	0.0709564896
1604.1400000000	0.0699557964
1604.1500000000	0.0690260680
1604.1600000000	0.0681541142
1604.1700000000	0.0673647316
1604.1800000000	0.0668342070
1604.1900000000	0.0667474815
1604.2000000000	0.0669585128
1604.2100000000	0.0673546191
1604.2200000000	0.0678923533
1604.2300000000	0.0686584434
1604.2400000000	0.0693758540
1604.2500000000	0.0700690719
1604.2600000000	0.0706047144
1604.2700000000	0.0709596591
1604.2800000000	0.0711533575
1604.2900000000	0.0710353248
1604.3000000000	0.0708055242
1604.3100000000	0.0704542209
1604.3200000000	0.0699339460
1604.3300000000	0.0692574965
1604.3400000000	0.0685476364
1604.3500000000	0.0678605422
1604.3600000000	0.0672333976
1604.3700000000	0.0667529026
1604.3800000000	0.0664285553
1604.3900000000	0.0662483441
1604.4000000000	0.0662921500
1604.4100000000	0.0665957059
1604.4200000000	0.0670459300
1604.4300000000	0.0676077943
1604.4400000000	0.0683118723
1604.4500000000	0.0691031371
1604.4600000000	0.0696470707
1604.4700000000	0.0699752632
1604.4800000000	0.0701188791
1604.4900000000	0.0703223024
1604.5000000000	0.0702872494
1604.5100000000	0.0699367052
1604.5200000000	0.0694741734
1604.5300000000	0.0688341612
1604.5400000000	0.0681204814
1604.5500000000	0.0674053855
1604.5600000000	0.0668183037
1604.5700000000	0.0662984799
1604.5800000000	0.0659969789
1604.5900000000	0.0659309680
1604.6000000000	0.0659816491
1604.6100000000	0.0660502628
1604.6200000000	0.0662949330
1604.6300000000	0.0666983293
1604.6400000000	0.0672266098
1604.6500000000	0.0677986893
1604.6600000000	0.0682545680
1604.6700000000	0.0686013969
1604.6800000000	0.0688767082
1604.6900000000	0.0689875458
1604.7000000000	0.0688606189
1604.7100000000	0.0685996049
1604.7200000000	0.0682495843
1604.7300000000	0.0678928083
1604.7400000000	0.0675467889
1604.7500000000	0.0671677034
1604.7600000000	0.0670410368
1604.7700000000	0.0671981387
1604.7800000000	0.0673767808
1604.7900000000	0.0676871272
1604.8000000000	0.0682499379
1604.8100000000	0.0690657887
1604.8200000000	0.0699045196
1604.8300000000	0.0707004213
1604.8400000000	0.0715407870
1604.8500000000	0.0722076118
1604.8600000000	0.0728405811
1604.8700000000	0.0730887706
1604.8800000000	0.0730201155
1604.8900000000	0.0729161156
1604.9000000000	0.0725872706
1604.9100000000	0.0719625338
1604.9200000000	0.0711453686
1604.9300000000	0.0702670643
1604.9400000000	0.0693754849
1604.9500000000	0.0684022304
1604.9600000000	0.0675005055
1604.9700000000	0.0668279317
1604.9800000000	0.0663780119
1604.9900000000	0.0661739719
1605.0000000000	0.0660812112
1605.0100000000	0.0663207133
1605.0200000000	0.0667942660
1605.0300000000	0.0675408932
1605.0400000000	0.0682202350
1605.0500000000	0.0688981608
1605.0600000000	0.0694319834
1605.0700000000	0.0697162320
1605.0800000000	0.0698224321
1605.0900000000	0.0695746173
1605.1000000000	0.0690765736
1605.1100000000	0.0685809088
1605.1200000000	0.0679246327
1605.1300000000	0.0670924195
1605.1400000000	0.0663555636
1605.1500000000	0.0655570543
1605.1600000000	0.0650150430
1605.1700000000	0.0645888998
1605.1800000000	0.0642589303
1605.1900000000	0.0641485996
1605.2000000000	0.0642571387
1605.2100000000	0.0645770410
1605.2200000000	0.0649690261
1605.2300000000	0.0654803237
1605.2400000000	0.0660760008
1605.2500000000	0.0667117323
1605.2600000000	0.0672137387
1605.2700000000	0.0675709265
1605.2800000000	0.0678284224
1605.2900000000	0.0679458505
1605.3000000000	0.0678771298
1605.3100000000	0.0675510381
1605.3200000000	0.0670590689
1605.3300000000	0.0665528221
1605.3400000000	0.0660750731
1605.3500000000	0.0656708592
1605.3600000000	0.0653759134
1605.3700000000	0.0652878935
1605.3800000000	0.0653140577
1605.3900000000	0.0657727955
1605.4000000000	0.0663655120
1605.4100000000	0.0671828525
1605.4200000000	0.0682807104
1605.4300000000	0.0694751390
1605.4400000000	0.0706489224
1605.4500000000	0.0717807960
1605.4600000000	0.0728069587
1605.4700000000	0.0736784918
1605.4800000000	0.0743495321
1605.4900000000	0.0747106173
1605.5000000000	0.0747449553
1605.5100000000	0.0746507912
1605.5200000000	0.0742684612
1605.5300000000	0.0736653997
1605.5400000000	0.0728219676
1605.5500000000	0.0719051695
1605.5600000000	0.0709816552
1605.5700000000	0.0701942826
1605.5800000000	0.0694242337
1605.5900000000	0.0688393573
1605.6000000000	0.0685024699
1605.6100000000	0.0683354621
1605.6200000000	0.0684547958
1605.6300000000	0.0686716239
1605.6400000000	0.0690903293
1605.6500000000	0.0695491284
1605.6600000000	0.0700137156
1605.6700000000	0.0703396406
1605.6800000000	0.0703927058
1605.6900000000	0.0704964106
1605.7000000000	0.0703645359
1605.7100000000	0.0700841524
1605.7200000000	0.0695823559
1605.7300000000	0.0690405829
1605.7400000000	0.0684078926
1605.7500000000	0.0677608893
1605.7600000000	0.0670994318
1605.7700000000	0.0665595111
1605.7800000000	0.0662977411
1605.7900000000	0.0662469101
1605.8000000000	0.0663720595
1605.8100000000	0.0666982754
1605.8200000000	0.0673124156
1605.8300000000	0.0681262070
1605.8400000000	0.0690152339
1605.8500000000	0.0698928628
1605.8600000000	0.0707596468
1605.8700000000	0.0716264370
1605.8800000000	0.0722214466
1605.8900000000	0.0725334271
1605.9000000000	0.0726071958
1605.9100000000	0.0725108481
1605.9200000000	0.0722756509
1605.9300000000	0.0718470656
1605.9400000000	0.0712755506
1605.9500000000	0.0708312143
1605.9600000000	0.0704302683
1605.9700000000	0.0700948806
1605.9800000000	0.0697111852
1605.9900000000	0.0694952680
1606.0000000000	0.0694371426
1606.0100000000	0.0695572979
1606.0200000000	0.0697495699
1606.0300000000	0.0701030765
1606.0400000000	0.0705312265
1606.0500000000	0.0709715064
1606.0600000000	0.0714105300
1606.0700000000	0.0717588178
1606.0800000000	0.0719509367
1606.0900000000	0.0720576644
1606.1000000000	0.0720928874
1606.1100000000	0.0718962328
1606.1200000000	0.0715147186
1606.1300000000	0.0710727653
1606.1400000000	0.0705146810
1606.1500000000	0.0698917485
1606.1600000000	0.0692239163
1606.1700000000	0.0686340506
1606.1800000000	0.0681788559
1606.1900000000	0.0678828125
1606.2000000000	0.0677296972
1606.2100000000	0.0676820234
1606.2200000000	0.0677675650
1606.2300000000	0.0679316153
1606.2400000000	0.0681127463
1606.2500000000	0.0683277195
1606.2600000000	0.0684834356
1606.2700000000	0.0684345474
1606.2800000000	0.0682420466
1606.2900000000	0.0679473487
1606.3000000000	0.0675565770
1606.3100000000	0.0670655046
1606.3200000000	0.0665936030
1606.3300000000	0.0659885639
1606.3400000000	0.0653467248
1606.3500000000	0.0647392421
1606.3600000000	0.0642489636
1606.3700000000	0.0638870746
1606.3800000000	0.0637072160
1606.3900000000	0.0638935704
1606.4000000000	0.0642630282
1606.4100000000	0.0647451913
1606.4200000000	0.0655080863
1606.4300000000	0.0664391366
1606.4400000000	0.0675952286
1606.4500000000	0.0687463510
1606.4600000000	0.0697697572
1606.4700000000	0.0705367785
1606.4800000000	0.0711350602
1606.4900000000	0.0714557072
1606.5000000000	0.0714743819
1606.5100000000	0.0712203552
1606.5200000000	0.0707885464
1606.5300000000	0.0702400462
1606.5400000000	0.0694966616
1606.5500000000	0.0686525222
1606.5600000000	0.0678585924
1606.5700000000	0.0672000448
1606.5800000000	0.0668380637
1606.5900000000	0.0667263696
1606.6000000000	0.0667117274
1606.6100000000	0.0669179283
1606.6200000000	0.0674447147
1606.6300000000	0.0682266461
1606.6400000000	0.0691211346
1606.6500000000	0.0700539534
1606.6600000000	0.0710296158
1606.6700000000	0.0719854461
1606.6800000000	0.0728583700
1606.6900000000	0.0734946278
1606.7000000000	0.0738530123
1606.7100000000	0.0739368076
1606.7200000000	0.0738804488
1606.7300000000	0.0736162821
1606.7400000000	0.0731799603
1606.7500000000	0.0728110302
1606.7600000000	0.0724314823
1606.7700000000	0.0720089088
1606.7800000000	0.0717903936
1606.7900000000	0.0717267513
1606.8000000000	0.0719064410
1606.8100000000	0.0721895660
1606.8200000000	0.0725668227
1606.8300000000	0.0729973455
1606.8400000000	0.0736510339
1606.8500000000	0.0743466741
1606.8600000000	0.0747762780
1606.8700000000	0.0751005218
1606.8800000000	0.0753124121
1606.8900000000	0.0753163451
1606.9000000000	0.0749722083
1606.9100000000	0.0744643477
1606.9200000000	0.0738484610
1606.9300000000	0.0730566478
1606.9400000000	0.0721079009
1606.9500000000	0.0710849483
1606.9600000000	0.0700759080
1606.9700000000	0.0691696378
1606.9800000000	0.0685259524
1606.9900000000	0.0680283052
1607.0000000000	0.0675800212
1607.0100000000	0.0675216800
1607.0200000000	0.0678257880
1607.0300000000	0.0682021618
1607.0400000000	0.0686793536
1607.0500000000	0.0694069524
1607.0600000000	0.0700857207
1607.0700000000	0.0706448016
1607.0800000000	0.0711202388
1607.0900000000	0.0712448500
1607.1000000000	0.0711698019
1607.1100000000	0.0709545584
1607.1200000000	0.0706048742
1607.1300000000	0.0699696181
1607.1400000000	0.0691677313
1607.1500000000	0.0683113413
1607.1600000000	0.0674376283
1607.1700000000	0.0665952698
1607.1800000000	0.0658862976
1607.1900000000	0.0653550806
1607.2000000000	0.0649505248
1607.2100000000	0.0647304739
1607.2200000000	0.0647944022
1607.2300000000	0.0650344202
1607.2400000000	0.0654953418
1607.2500000000	0.0662190275
1607.2600000000	0.0668983746
1607.2700000000	0.0675097926
1607.2800000000	0.0681381356
1607.2900000000	0.0688075887
1607.3000000000	0.0690358138
1607.3100000000	0.0689932132
1607.3200000000	0.0688488499
1607.3300000000	0.0686116477
1607.3400000000	0.0681385851
1607.3500000000	0.0674681814
1607.3600000000	0.0668393755
1607.3700000000	0.0661410955
1607.3800000000	0.0657105877
1607.3900000000	0.0652672228
1607.4000000000	0.0650326591
1607.4100000000	0.0650519805
1607.4200000000	0.0652907255
1607.4300000000	0.0656040345
1607.4400000000	0.0660998040
1607.4500000000	0.0666233693
1607.4600000000	0.0671591830
1607.4700000000	0.0675753545
1607.4800000000	0.0678390694
1607.4900000000	0.0679068769
1607.5000000000	0.0677318051
1607.5100000000	0.0673524896
1607.5200000000	0.0667739462
1607.5300000000	0.0659933801
1607.5400000000	0.0650723588
1607.5500000000	0.0641462997
1607.5600000000	0.0631621216
1607.5700000000	0.0622239070
1607.5800000000	0.0615564219
1607.5900000000	0.0610091511
1607.6000000000	0.0607398728
1607.6100000000	0.0606534645
1607.6200000000	0.0608256791
1607.6300000000	0.0612903559
1607.6400000000	0.0617866331
1607.6500000000	0.0624124283
1607.6600000000	0.0629960009
1607.6700000000	0.0636094461
1607.6800000000	0.0641452246
1607.6900000000	0.0643858353
1607.7000000000	0.0644233951
1607.7100000000	0.0642381891
1607.7200000000	0.0637987009
1607.7300000000	0.0631736723
1607.7400000000	0.0623691624
1607.7500000000	0.0613903411
1607.7600000000	0.0603914828
1607.7700000000	0.0593872379
1607.7800000000	0.0584677170
1607.7900000000	0.0577095719
1607.8000000000	0.0570964208
1607.8100000000	0.0568114424
1607.8200000000	0.0568661914
1607.8300000000	0.0571420935
1607.8400000000	0.0576450317
1607.8500000000	0.0584810431
1607.8600000000	0.0595304731
1607.8700000000	0.0606938078
1607.8800000000	0.0619734113
1607.8900000000	0.0631887092
1607.9000000000	0.0643043479
1607.9100000000	0.0651575202
1607.9200000000	0.0657880599
1607.9300000000	0.0661924112
1607.9400000000	0.0664901885
1607.9500000000	0.0665687112
1607.9600000000	0.0664170273
1607.9700000000	0.0662003256
1607.9800000000	0.0660366763
1607.9900000000	0.0659186229
1608.0000000000	0.0659139927
1608.0100000000	0.0659935671
1608.0200000000	0.0662857374
1608.0300000000	0.0667914158
1608.0400000000	0.0675205620
1608.0500000000	0.0683238723
1608.0600000000	0.0691545444
1608.0700000000	0.0700650051
1608.0800000000	0.0709186782
1608.0900000000	0.0716058942
1608.1000000000	0.0720463987
1608.1100000000	0.0722988308
1608.1200000000	0.0723003693
1608.1300000000	0.0720316658
1608.1400000000	0.0715057849
1608.1500000000	0.0708275491
1608.1600000000	0.0699755531
1608.1700000000	0.0689912153
1608.1800000000	0.0680992643
1608.1900000000	0.0673307182
1608.2000000000	0.0670098104
1608.2100000000	0.0669878624
1608.2200000000	0.0672016787
1608.2300000000	0.0676608379
1608.2400000000	0.0686118645
1608.2500000000	0.0696640850
1608.2600000000	0.0708383856
1608.2700000000	0.0721030960
1608.2800000000	0.0732174536
1608.2900000000	0.0741075550
1608.3000000000	0.0746747252
1608.3100000000	0.0748962302
1608.3200000000	0.0748278041
1608.3300000000	0.0745538018
1608.3400000000	0.0739790579
1608.3500000000	0.0730709460
1608.3600000000	0.0719729998
1608.3700000000	0.0707775490
1608.3800000000	0.0695440982
1608.3900000000	0.0682962876
1608.4000000000	0.0671701110
1608.4100000000	0.0663140927
1608.4200000000	0.0656848500
1608.4300000000	0.0653458870
1608.4400000000	0.0653461899
1608.4500000000	0.0657237650
1608.4600000000	0.0664369796
1608.4700000000	0.0673929546
1608.4800000000	0.0684226165
1608.4900000000	0.0693377856
1608.5000000000	0.0701699656
1608.5100000000	0.0709465728
1608.5200000000	0.0714480307
1608.5300000000	0.0717152884
1608.5400000000	0.0718127994
1608.5500000000	0.0715585385
1608.5600000000	0.0710773294
1608.5700000000	0.0703084203
1608.5800000000	0.0694704281
1608.5900000000	0.0686720166
1608.6000000000	0.0679965325
1608.6100000000	0.0673797314
1608.6200000000	0.0668254674
1608.6300000000	0.0665687112
1608.6400000000	0.0666236063
1608.6500000000	0.0668525825
1608.6600000000	0.0672695111
1608.6700000000	0.0679021255
1608.6800000000	0.0687587172
1608.6900000000	0.0695792960
1608.7000000000	0.0702650793
1608.7100000000	0.0708207204
1608.7200000000	0.0712157306
1608.7300000000	0.0714325616
1608.7400000000	0.0713614380
1608.7500000000	0.0710761403
1608.7600000000	0.0705404809
1608.7700000000	0.0698406675
1608.7800000000	0.0690516671
1608.7900000000	0.0682747406
1608.8000000000	0.0676272801
1608.8100000000	0.0671593858
1608.8200000000	0.0666698367
1608.8300000000	0.0665115047
1608.8400000000	0.0665258063
1608.8500000000	0.0668728092
1608.8600000000	0.0673574717
1608.8700000000	0.0678015516
1608.8800000000	0.0683489773
1608.8900000000	0.0688774701
1608.9000000000	0.0693679236
1608.9100000000	0.0695806521
1608.9200000000	0.0695447978
1608.9300000000	0.0694800990
1608.9400000000	0.0693849562
1608.9500000000	0.0691271526
1608.9600000000	0.0686775575
1608.9700000000	0.0680714865
1608.9800000000	0.0674909042
1608.9900000000	0.0670494585
1609.0000000000	0.0666704514
1609.0100000000	0.0663995165
1609.0200000000	0.0662771352
1609.0300000000	0.0663991502
1609.0400000000	0.0668897622
1609.0500000000	0.0676159339
1609.0600000000	0.0685754721
1609.0700000000	0.0697181115
1609.0800000000	0.0709602849
1609.0900000000	0.0720925289
1609.1000000000	0.0730085306
1609.1100000000	0.0737029209
1609.1200000000	0.0740450817
1609.1300000000	0.0740401115
1609.1400000000	0.0736206252
1609.1500000000	0.0730024948
1609.1600000000	0.0722251061
1609.1700000000	0.0713976950
1609.1800000000	0.0704903046
1609.1900000000	0.0695074421
1609.2000000000	0.0686425126
1609.2100000000	0.0678828065
1609.2200000000	0.0672223180
1609.2300000000	0.0668361597
1609.2400000000	0.0667546387
1609.2500000000	0.0670435396
1609.2600000000	0.0675512600
1609.2700000000	0.0682534988
1609.2800000000	0.0692005905
1609.2900000000	0.0703583885
1609.3000000000	0.0715010814
1609.3100000000	0.0724332961
1609.3200000000	0.0731345840
1609.3300000000	0.0735801798
1609.3400000000	0.0736839866
1609.3500000000	0.0733287407
1609.3600000000	0.0726954655
1609.3700000000	0.0718569719
1609.3800000000	0.0709736771
1609.3900000000	0.0700124259
1609.4000000000	0.0690562509
1609.4100000000	0.0681722760
1609.4200000000	0.0674151536
1609.4300000000	0.0668691922
1609.4400000000	0.0666976321
1609.4500000000	0.0667031327
1609.4600000000	0.0670501866
1609.4700000000	0.0676221154
1609.4800000000	0.0682450396
1609.4900000000	0.0690729602
1609.5000000000	0.0699241432
1609.5100000000	0.0705587109
1609.5200000000	0.0710080739
1609.5300000000	0.0712612190
1609.5400000000	0.0713041238
1609.5500000000	0.0710280944
1609.5600000000	0.0704231131
1609.5700000000	0.0695533756
1609.5800000000	0.0684976992
1609.5900000000	0.0674286239
1609.6000000000	0.0662853586
1609.6100000000	0.0651504185
1609.6200000000	0.0641004482
1609.6300000000	0.0635622285
1609.6400000000	0.0632925563
1609.6500000000	0.0632434821
1609.6600000000	0.0635403920
1609.6700000000	0.0641888867
1609.6800000000	0.0651258573
1609.6900000000	0.0661717575
1609.7000000000	0.0672216965
1609.7100000000	0.0682690669
1609.7200000000	0.0691698988
1609.7300000000	0.0699021870
1609.7400000000	0.0703514632
1609.7500000000	0.0704199520
1609.7600000000	0.0702014309
1609.7700000000	0.0698334253
1609.7800000000	0.0692758838
1609.7900000000	0.0685073964
1609.8000000000	0.0676283618
1609.8100000000	0.0667547791
1609.8200000000	0.0659196993
1609.8300000000	0.0652306064
1609.8400000000	0.0648019894
1609.8500000000	0.0647059021
1609.8600000000	0.0649621809
1609.8700000000	0.0655088029
1609.8800000000	0.0663919049
1609.8900000000	0.0675568905
1609.9000000000	0.0690334570
1609.9100000000	0.0706165060
1609.9200000000	0.0718282279
1609.9300000000	0.0728757821
1609.9400000000	0.0739756349
1609.9500000000	0.0746808883
1609.9600000000	0.0748548852
1609.9700000000	0.0745902749
1609.9800000000	0.0742004518
1609.9900000000	0.0735496296
1610.0000000000	0.0726428336
1610.0100000000	0.0716943126
1610.0200000000	0.0706600192
1610.0300000000	0.0698103890
1610.0400000000	0.0690736348
1610.0500000000	0.0684756572
1610.0600000000	0.0680838384
1610.0700000000	0.0679421919
1610.0800000000	0.0680715086
1610.0900000000	0.0682614832
1610.1000000000	0.0685105722
1610.1100000000	0.0687916691
1610.1200000000	0.0688715575
1610.1300000000	0.0687743184
1610.1400000000	0.0684718827
1610.1500000000	0.0679875875
1610.1600000000	0.0673045732
1610.1700000000	0.0665732805
1610.1800000000	0.0658368731
1610.1900000000	0.0650479707
1610.2000000000	0.0642460868
1610.2100000000	0.0634796806
1610.2200000000	0.0627148206
1610.2300000000	0.0621087028
1610.2400000000	0.0617233601
1610.2500000000	0.0615197976
1610.2600000000	0.0616116088
1610.2700000000	0.0620805563
1610.2800000000	0.0628172483
1610.2900000000	0.0639347478
1610.3000000000	0.0649944210
1610.3100000000	0.0660490175
1610.3200000000	0.0671246031
1610.3300000000	0.0680340017
1610.3400000000	0.0686101327
1610.3500000000	0.0688672590
1610.3600000000	0.0688105632
1610.3700000000	0.0684977073
1610.3800000000	0.0679470722
1610.3900000000	0.0672087299
1610.4000000000	0.0665042818
1610.4100000000	0.0658479437
1610.4200000000	0.0651717557
1610.4300000000	0.0644959721
1610.4400000000	0.0638208372
1610.4500000000	0.0633579009
1610.4600000000	0.0631968137
1610.4700000000	0.0633989182
1610.4800000000	0.0638771769
1610.4900000000	0.0646401869
1610.5000000000	0.0657493587
1610.5100000000	0.0668167438
1610.5200000000	0.0677621738
1610.5300000000	0.0687619271
1610.5400000000	0.0696552251
1610.5500000000	0.0701112536
1610.5600000000	0.0702096017
1610.5700000000	0.0701258022
1610.5800000000	0.0696230638
1610.5900000000	0.0689531120
1610.6000000000	0.0682065707
1610.6100000000	0.0673092534
1610.6200000000	0.0664346262
1610.6300000000	0.0656005661
1610.6400000000	0.0648078587
1610.6500000000	0.0640778852
1610.6600000000	0.0636081782
1610.6700000000	0.0635419144
1610.6800000000	0.0636378748
1610.6900000000	0.0639702627
1610.7000000000	0.0645819511
1610.7100000000	0.0654989414
1610.7200000000	0.0665782981
1610.7300000000	0.0676483016
1610.7400000000	0.0687431406
1610.7500000000	0.0694604963
1610.7600000000	0.0701776523
1610.7700000000	0.0704590995
1610.7800000000	0.0702810982
1610.7900000000	0.0700825368
1610.8000000000	0.0695052318
1610.8100000000	0.0687623981
1610.8200000000	0.0680279443
1610.8300000000	0.0673174071
1610.8400000000	0.0665589583
1610.8500000000	0.0658260703
1610.8600000000	0.0654400808
1610.8700000000	0.0651605078
1610.8800000000	0.0650107627
1610.8900000000	0.0653932531
1610.9000000000	0.0658401928
1610.9100000000	0.0663250265
1610.9200000000	0.0669358910
1610.9300000000	0.0676785018
1610.9400000000	0.0681391830
1610.9500000000	0.0684953599
1610.9600000000	0.0688245367
1610.9700000000	0.0686645378
1610.9800000000	0.0683207181
1610.9900000000	0.0679024923
1611.0000000000	0.0673039907
1611.0100000000	0.0666950924
1611.0200000000	0.0660320313
1611.0300000000	0.0654418901
1611.0400000000	0.0647043364
1611.0500000000	0.0642640572
1611.0600000000	0.0641358081
1611.0700000000	0.0641390983
1611.0800000000	0.0644983770
1611.0900000000	0.0653398405
1611.1000000000	0.0663107823
1611.1100000000	0.0672480528
1611.1200000000	0.0685477568
1611.1300000000	0.0697953460
1611.1400000000	0.0706562461
1611.1500000000	0.0712210495
1611.1600000000	0.0714293255
1611.1700000000	0.0711537886
1611.1800000000	0.0706402927
1611.1900000000	0.0699500273
1611.2000000000	0.0690231976
1611.2100000000	0.0677725814
1611.2200000000	0.0666602038
1611.2300000000	0.0656927126
1611.2400000000	0.0645930511
1611.2500000000	0.0636866324
1611.2600000000	0.0630318655
1611.2700000000	0.0626714027
1611.2800000000	0.0626999337
1611.2900000000	0.0628713335
1611.3000000000	0.0635504739
1611.3100000000	0.0644071424
1611.3200000000	0.0659201267
1611.3300000000	0.0674510609
1611.3400000000	0.0689058619
1611.3500000000	0.0701961979
1611.3600000000	0.0710038083
1611.3700000000	0.0715545244
1611.3800000000	0.0715572871
1611.3900000000	0.0710760082
1611.4000000000	0.0703644266
1611.4100000000	0.0694777537
1611.4200000000	0.0684894825
1611.4300000000	0.0674815212
1611.4400000000	0.0665216205
1611.4500000000	0.0656247008
1611.4600000000	0.0650907152
1611.4700000000	0.0649772748
1611.4800000000	0.0651121985
1611.4900000000	0.0655594752
1611.5000000000	0.0662894124
1611.5100000000	0.0672758238
1611.5200000000	0.0686643732
1611.5300000000	0.0701011163
1611.5400000000	0.0714911261
1611.5500000000	0.0727936091
1611.5600000000	0.0737855257
1611.5700000000	0.0741558825
1611.5800000000	0.0740218769
1611.5900000000	0.0734201097
1611.6000000000	0.0722776182
1611.6100000000	0.0708235748
1611.6200000000	0.0691803319
1611.6300000000	0.0674357725
1611.6400000000	0.0657795218
1611.6500000000	0.0643105541
1611.6600000000	0.0631328969
1611.6700000000	0.0622607443
1611.6800000000	0.0618132763
1611.6900000000	0.0618872651
1611.7000000000	0.0623722629
1611.7100000000	0.0633288012
1611.7200000000	0.0645579245
1611.7300000000	0.0663327286
1611.7400000000	0.0683373502
1611.7500000000	0.0702962681
1611.7600000000	0.0718778325
1611.7700000000	0.0733032988
1611.7800000000	0.0743251459
1611.7900000000	0.0748618104
1611.8000000000	0.0747860817
1611.8100000000	0.0741551135
1611.8200000000	0.0732025318
1611.8300000000	0.0719810555
1611.8400000000	0.0704258885
1611.8500000000	0.0685709965
1611.8600000000	0.0669102129
1611.8700000000	0.0653125318
1611.8800000000	0.0639784944
1611.8900000000	0.0629734868
1611.9000000000	0.0623496016
1611.9100000000	0.0623911244
1611.9200000000	0.0628520807
1611.9300000000	0.0638885989
1611.9400000000	0.0652526138
1611.9500000000	0.0667818400
1611.9600000000	0.0683171787
1611.9700000000	0.0697628420
1611.9800000000	0.0709619982
1611.9900000000	0.0717995879
1612.0000000000	0.0721894234
1612.0100000000	0.0721727102
1612.0200000000	0.0717199538
1612.0300000000	0.0710266503
1612.0400000000	0.0700518864
1612.0500000000	0.0688875842
1612.0600000000	0.0677628624
1612.0700000000	0.0666095683
1612.0800000000	0.0656156956
1612.0900000000	0.0648419012
1612.1000000000	0.0642772848
1612.1100000000	0.0641741481
1612.1200000000	0.0645306718
1612.1300000000	0.0651481592
1612.1400000000	0.0661154511
1612.1500000000	0.0672733343
1612.1600000000	0.0685421757
1612.1700000000	0.0699445030
1612.1800000000	0.0709362560
1612.1900000000	0.0716125260
1612.2000000000	0.0721099872
1612.2100000000	0.0722359036
1612.2200000000	0.0719081533
1612.2300000000	0.0713000848
1612.2400000000	0.0705897888
1612.2500000000	0.0698506186
1612.2600000000	0.0689821900
1612.2700000000	0.0681260507
1612.2800000000	0.0674464990
1612.2900000000	0.0669919960
1612.3000000000	0.0668547582
1612.3100000000	0.0668960129
1612.3200000000	0.0671572953
1612.3300000000	0.0678048632
1612.3400000000	0.0686022850
1612.3500000000	0.0693937186
1612.3600000000	0.0701926072
1612.3700000000	0.0709915853
1612.3800000000	0.0716133479
1612.3900000000	0.0719288248
1612.4000000000	0.0718268415
1612.4100000000	0.0712696305
1612.4200000000	0.0707324024
1612.4300000000	0.0699951855
1612.4400000000	0.0689847372
1612.4500000000	0.0678317040
1612.4600000000	0.0665936304
1612.4700000000	0.0655079775
1612.4800000000	0.0643368919
1612.4900000000	0.0634311044
1612.5000000000	0.0629224418
1612.5100000000	0.0629086839
1612.5200000000	0.0632456712
1612.5300000000	0.0638058053
1612.5400000000	0.0648286223
1612.5500000000	0.0660341920
1612.5600000000	0.0674066140
1612.5700000000	0.0686711184
1612.5800000000	0.0697216667
1612.5900000000	0.0705143981
1612.6000000000	0.0707387465
1612.6100000000	0.0704345187
1612.6200000000	0.0696422506
1612.6300000000	0.0685097059
1612.6400000000	0.0672667853
1612.6500000000	0.0657518428
1612.6600000000	0.0641782178
1612.6700000000	0.0626524694
1612.6800000000	0.0611852608
1612.6900000000	0.0597899557
1612.7000000000	0.0586600906
1612.7100000000	0.0579730291
1612.7200000000	0.0577164465
1612.7300000000	0.0579860466
1612.7400000000	0.0585838698
1612.7500000000	0.0596139515
1612.7600000000	0.0611384919
1612.7700000000	0.0629779831
1612.7800000000	0.0648615873
1612.7900000000	0.0665884112
1612.8000000000	0.0679792156
1612.8100000000	0.0689358534
1612.8200000000	0.0693255092
1612.8300000000	0.0693001225
1612.8400000000	0.0689056362
1612.8500000000	0.0681514027
1612.8600000000	0.0671288739
1612.8700000000	0.0659573641
1612.8800000000	0.0648613151
1612.8900000000	0.0638737567
1612.9000000000	0.0630547929
1612.9100000000	0.0625171349
1612.9200000000	0.0624047675
1612.9300000000	0.0627652589
1612.9400000000	0.0635233891
1612.9500000000	0.0646507788
1612.9600000000	0.0658693754
1612.9700000000	0.0674468173
1612.9800000000	0.0690778144
1612.9900000000	0.0704218503
1613.0000000000	0.0711673219
1613.0100000000	0.0716491640
1613.0200000000	0.0717475453
1613.0300000000	0.0714242586
1613.0400000000	0.0707446185
1613.0500000000	0.0696436473
1613.0600000000	0.0685385935
1613.0700000000	0.0674506715
1613.0800000000	0.0662615976
1613.0900000000	0.0651087054
1613.1000000000	0.0641179928
1613.1100000000	0.0635518277
1613.1200000000	0.0632873782
1613.1300000000	0.0634093842
1613.1400000000	0.0639465481
1613.1500000000	0.0649239726
1613.1600000000	0.0661603804
1613.1700000000	0.0675976609
1613.1800000000	0.0691666837
1613.1900000000	0.0706104342
1613.2000000000	0.0717629317
1613.2100000000	0.0724499097
1613.2200000000	0.0727185979
1613.2300000000	0.0726800381
1613.2400000000	0.0722853258
1613.2500000000	0.0714260963
1613.2600000000	0.0703314145
1613.2700000000	0.0692785214
1613.2800000000	0.0681842004
1613.2900000000	0.0669019518
1613.3000000000	0.0659175377
1613.3100000000	0.0652023508
1613.3200000000	0.0646215150
1613.3300000000	0.0644591491
1613.3400000000	0.0645302963
1613.3500000000	0.0651338942
1613.3600000000	0.0661411816
1613.3700000000	0.0675041116
1613.3800000000	0.0689620013
1613.3900000000	0.0703274762
1613.4000000000	0.0715744354
1613.4100000000	0.0724960801
1613.4200000000	0.0728973682
1613.4300000000	0.0728373014
1613.4400000000	0.0724647715
1613.4500000000	0.0715004164
1613.4600000000	0.0700441100
1613.4700000000	0.0685823448
1613.4800000000	0.0670352491
1613.4900000000	0.0655208052
1613.5000000000	0.0641559210
1613.5100000000	0.0628995446
1613.5200000000	0.0620745559
1613.5300000000	0.0616716221
1613.5400000000	0.0617397251
1613.5500000000	0.0621086046
1613.5600000000	0.0629910774
1613.5700000000	0.0644000417
1613.5800000000	0.0661091996
1613.5900000000	0.0679712987
1613.6000000000	0.0696585230
1613.6100000000	0.0710420021
1613.6200000000	0.0720878781
1613.6300000000	0.0726184138
1613.6400000000	0.0725157325
1613.6500000000	0.0717423274
1613.6600000000	0.0706378801
1613.6700000000	0.0693375856
1613.6800000000	0.0678682840
1613.6900000000	0.0664167499
1613.7000000000	0.0651706796
1613.7100000000	0.0639991337
1613.7200000000	0.0631572274
1613.7300000000	0.0627864054
1613.7400000000	0.0629028862
1613.7500000000	0.0633822543
1613.7600000000	0.0642715255
1613.7700000000	0.0655725208
1613.7800000000	0.0672080500
1613.7900000000	0.0689542375
1613.8000000000	0.0705788444
1613.8100000000	0.0719601017
1613.8200000000	0.0729084802
1613.8300000000	0.0734452757
1613.8400000000	0.0734645036
1613.8500000000	0.0725874963
1613.8600000000	0.0713821996
1613.8700000000	0.0699475691
1613.8800000000	0.0681473073
1613.8900000000	0.0661253442
1613.9000000000	0.0644180436
1613.9100000000	0.0628882322
1613.9200000000	0.0615378884
1613.9300000000	0.0605374947
1613.9400000000	0.0601510348
1613.9500000000	0.0603973662
1613.9600000000	0.0612054370
1613.9700000000	0.0624711644
1613.9800000000	0.0640122124
1613.9900000000	0.0658932568
1614.0000000000	0.0679337211
1614.0100000000	0.0697480896
1614.0200000000	0.0712034291
1614.0300000000	0.0723270281
1614.0400000000	0.0728855692
1614.0500000000	0.0728439196
1614.0600000000	0.0721187436
1614.0700000000	0.0708307324
1614.0800000000	0.0690863603
1614.0900000000	0.0672616845
1614.1000000000	0.0653887837
1614.1100000000	0.0633947515
1614.1200000000	0.0614977882
1614.1300000000	0.0599865782
1614.1400000000	0.0589044807
1614.1500000000	0.0581333256
1614.1600000000	0.0579289692
1614.1700000000	0.0583103592
1614.1800000000	0.0592002814
1614.1900000000	0.0604376013
1614.2000000000	0.0621362052
1614.2100000000	0.0640282054
1614.2200000000	0.0657206438
1614.2300000000	0.0673434020
1614.2400000000	0.0684514462
1614.2500000000	0.0689855347
1614.2600000000	0.0690030392
1614.2700000000	0.0685370192
1614.2800000000	0.0675429531
1614.2900000000	0.0663570117
1614.3000000000	0.0652156816
1614.3100000000	0.0640200793
1614.3200000000	0.0628151273
1614.3300000000	0.0619183898
1614.3400000000	0.0612222438
1614.3500000000	0.0609431172
1614.3600000000	0.0611042979
1614.3700000000	0.0615423579
1614.3800000000	0.0621955738
1614.3900000000	0.0631782853
1614.4000000000	0.0644808843
1614.4100000000	0.0659167115
1614.4200000000	0.0672838069
1614.4300000000	0.0686509165
1614.4400000000	0.0696693032
1614.4500000000	0.0699979845
1614.4600000000	0.0700369565
1614.4700000000	0.0697509240
1614.4800000000	0.0685239312
1614.4900000000	0.0669505916
1614.5000000000	0.0652815313
1614.5100000000	0.0635033801
1614.5200000000	0.0618600556
1614.5300000000	0.0605051705
1614.5400000000	0.0594473455
1614.5500000000	0.0589047291
1614.5600000000	0.0589270701
1614.5700000000	0.0593887965
1614.5800000000	0.0601791954
1614.5900000000	0.0614412717
1614.6000000000	0.0632543139
1614.6100000000	0.0651038325
1614.6200000000	0.0669818821
1614.6300000000	0.0687759044
1614.6400000000	0.0701953037
1614.6500000000	0.0711412523
1614.6600000000	0.0715675619
1614.6700000000	0.0714671615
1614.6800000000	0.0708520381
1614.6900000000	0.0697705531
1614.7000000000	0.0681580582
1614.7100000000	0.0663720510
1614.7200000000	0.0643565831
1614.7300000000	0.0625464301
1614.7400000000	0.0610062786
1614.7500000000	0.0597752369
1614.7600000000	0.0589256067
1614.7700000000	0.0585985274
1614.7800000000	0.0586654015
1614.7900000000	0.0592274553
1614.8000000000	0.0602727531
1614.8100000000	0.0616775570
1614.8200000000	0.0633728137
1614.8300000000	0.0649849689
1614.8400000000	0.0662511228
1614.8500000000	0.0673448048
1614.8600000000	0.0681166977
1614.8700000000	0.0684766058
1614.8800000000	0.0682592165
1614.8900000000	0.0675941620
1614.9000000000	0.0666116114
1614.9100000000	0.0654939709
1614.9200000000	0.0641220836
1614.9300000000	0.0626502237
1614.9400000000	0.0613876823
1614.9500000000	0.0604215736
1614.9600000000	0.0595964520
1614.9700000000	0.0592899749
1614.9800000000	0.0595359439
1614.9900000000	0.0600612675
1615.0000000000	0.0611593144
1615.0100000000	0.0626009728
1615.0200000000	0.0643833581
1615.0300000000	0.0661754096
1615.0400000000	0.0678519233
1615.0500000000	0.0693393755
1615.0600000000	0.0705292314
1615.0700000000	0.0712883906
1615.0800000000	0.0715013448
1615.0900000000	0.0709728080
1615.1000000000	0.0700109256
1615.1100000000	0.0688357288
1615.1200000000	0.0674683164
1615.1300000000	0.0660074668
1615.1400000000	0.0646379267
1615.1500000000	0.0635360225
1615.1600000000	0.0626172222
1615.1700000000	0.0619952969
1615.1800000000	0.0618537253
1615.1900000000	0.0620681157
1615.2000000000	0.0625767528
1615.2100000000	0.0634820857
1615.2200000000	0.0646358265
1615.2300000000	0.0659445276
1615.2400000000	0.0671373575
1615.2500000000	0.0681453420
1615.2600000000	0.0689808087
1615.2700000000	0.0696176134
1615.2800000000	0.0698550313
1615.2900000000	0.0695395400
1615.3000000000	0.0687459635
1615.3100000000	0.0676371582
1615.3200000000	0.0664495333
1615.3300000000	0.0650514118
1615.3400000000	0.0635842020
1615.3500000000	0.0622564901
1615.3600000000	0.0611815946
1615.3700000000	0.0604749023
1615.3800000000	0.0601324050
1615.3900000000	0.0601097934
1615.4000000000	0.0604181042
1615.4100000000	0.0614389410
1615.4200000000	0.0625941060
1615.4300000000	0.0639505203
1615.4400000000	0.0651753240
1615.4500000000	0.0663695990
1615.4600000000	0.0674293165
1615.4700000000	0.0680488319
1615.4800000000	0.0683135667
1615.4900000000	0.0681235247
1615.5000000000	0.0676556632
1615.5100000000	0.0669323947
1615.5200000000	0.0659448740
1615.5300000000	0.0648572284
1615.5400000000	0.0637358844
1615.5500000000	0.0626720762
1615.5600000000	0.0616111326
1615.5700000000	0.0607522984
1615.5800000000	0.0601387983
1615.5900000000	0.0597706233
1615.6000000000	0.0597596577
1615.6100000000	0.0601342047
1615.6200000000	0.0608182084
1615.6300000000	0.0617268932
1615.6400000000	0.0627572066
1615.6500000000	0.0638021493
1615.6600000000	0.0646943847
1615.6700000000	0.0652167164
1615.6800000000	0.0653172756
1615.6900000000	0.0650015740
1615.7000000000	0.0644568778
1615.7100000000	0.0635063865
1615.7200000000	0.0623863926
1615.7300000000	0.0612832567
1615.7400000000	0.0602316367
1615.7500000000	0.0592063919
1615.7600000000	0.0584840731
1615.7700000000	0.0581108274
1615.7800000000	0.0579874759
1615.7900000000	0.0583470629
1615.8000000000	0.0589814697
1615.8100000000	0.0599045021
1615.8200000000	0.0610046549
1615.8300000000	0.0624282577
1615.8400000000	0.0638520057
1615.8500000000	0.0649940951
1615.8600000000	0.0657425182
1615.8700000000	0.0662910044
1615.8800000000	0.0665046371
1615.8900000000	0.0661931051
1615.9000000000	0.0655107111
1615.9100000000	0.0645140256
1615.9200000000	0.0633321586
1615.9300000000	0.0621258687
1615.9400000000	0.0609129555
1615.9500000000	0.0597798770
1615.9600000000	0.0587848493
1615.9700000000	0.0581143465
1615.9800000000	0.0578140737
1615.9900000000	0.0577909882
1616.0000000000	0.0582478212
1616.0100000000	0.0592545171
1616.0200000000	0.0604083068
1616.0300000000	0.0617209376
1616.0400000000	0.0632098703
1616.0500000000	0.0647448355
1616.0600000000	0.0661160472
1616.0700000000	0.0671089675
1616.0800000000	0.0674615685
1616.0900000000	0.0672865594
1616.1000000000	0.0664757419
1616.1100000000	0.0651147798
1616.1200000000	0.0633785929
1616.1300000000	0.0613995405
1616.1400000000	0.0593207308
1616.1500000000	0.0573727610
1616.1600000000	0.0556074531
1616.1700000000	0.0541099813
1616.1800000000	0.0530175003
1616.1900000000	0.0523466484
1616.2000000000	0.0521037582
1616.2100000000	0.0523943392
1616.2200000000	0.0531688273
1616.2300000000	0.0543848644
1616.2400000000	0.0559509853
1616.2500000000	0.0577929313
1616.2600000000	0.0597152511
1616.2700000000	0.0616690998
1616.2800000000	0.0632669526
1616.2900000000	0.0643745045
1616.3000000000	0.0650572440
1616.3100000000	0.0653042741
1616.3200000000	0.0649098822
1616.3300000000	0.0641069724
1616.3400000000	0.0629679103
1616.3500000000	0.0616516551
1616.3600000000	0.0602393338
1616.3700000000	0.0588364770
1616.3800000000	0.0577506373
1616.3900000000	0.0568188790
1616.4000000000	0.0562092512
1616.4100000000	0.0559524892
1616.4200000000	0.0561619144
1616.4300000000	0.0567789517
1616.4400000000	0.0577152408
1616.4500000000	0.0588409914
1616.4600000000	0.0600666335
1616.4700000000	0.0612362316
1616.4800000000	0.0621283418
1616.4900000000	0.0625751097
1616.5000000000	0.0625779370
1616.5100000000	0.0620911719
1616.5200000000	0.0611264024
1616.5300000000	0.0597635672
1616.5400000000	0.0582519169
1616.5500000000	0.0565949017
1616.5600000000	0.0552773815
1616.5700000000	0.0540260221
1616.5800000000	0.0530087489
1616.5900000000	0.0524833669
1616.6000000000	0.0523164276
1616.6100000000	0.0526809916
1616.6200000000	0.0534718014
1616.6300000000	0.0546748591
1616.6400000000	0.0563784904
1616.6500000000	0.0583595352
1616.6600000000	0.0604535080
1616.6700000000	0.0625927339
1616.6800000000	0.0646092620
1616.6900000000	0.0662098095
1616.7000000000	0.0674784450
1616.7100000000	0.0682863077
1616.7200000000	0.0685352425
1616.7300000000	0.0682188105
1616.7400000000	0.0674715276
1616.7500000000	0.0663666896
1616.7600000000	0.0650181342
1616.7700000000	0.0636304715
1616.7800000000	0.0622954380
1616.7900000000	0.0611413594
1616.8000000000	0.0602065265
1616.8100000000	0.0595411330
1616.8200000000	0.0592523097
1616.8300000000	0.0593279198
1616.8400000000	0.0597330131
1616.8500000000	0.0604553284
1616.8600000000	0.0613149834
1616.8700000000	0.0621817436
1616.8800000000	0.0628943385
1616.8900000000	0.0634678327
1616.9000000000	0.0636870594
1616.9100000000	0.0636466061
1616.9200000000	0.0631398334
1616.9300000000	0.0623106008
1616.9400000000	0.0612213238
1616.9500000000	0.0598124254
1616.9600000000	0.0583065180
1616.9700000000	0.0568647628
1616.9800000000	0.0556740421
1616.9900000000	0.0546189224
1617.0000000000	0.0538030625
1617.0100000000	0.0532445275
1617.0200000000	0.0531128462
1617.0300000000	0.0534255284
1617.0400000000	0.0540930172
1617.0500000000	0.0551389813
1617.0600000000	0.0564392714
1617.0700000000	0.0579606545
1617.0800000000	0.0595097751
1617.0900000000	0.0609789859
1617.1000000000	0.0622223174
1617.1100000000	0.0631564398
1617.1200000000	0.0636601054
1617.1300000000	0.0635077538
1617.1400000000	0.0628703831
1617.1500000000	0.0617179324
1617.1600000000	0.0603525756
1617.1700000000	0.0589379982
1617.1800000000	0.0578381381
1617.1900000000	0.0567080763
1617.2000000000	0.0558226593
1617.2100000000	0.0552614134
1617.2200000000	0.0552000168
1617.2300000000	0.0555106217
1617.2400000000	0.0560872949
1617.2500000000	0.0571193765
1617.2600000000	0.0583488435
1617.2700000000	0.0598543008
1617.2800000000	0.0613283167
1617.2900000000	0.0626567498
1617.3000000000	0.0636546599
1617.3100000000	0.0643800827
1617.3200000000	0.0647854628
1617.3300000000	0.0646894619
1617.3400000000	0.0640582151
1617.3500000000	0.0630373603
1617.3600000000	0.0617552105
1617.3700000000	0.0603627307
1617.3800000000	0.0590095039
1617.3900000000	0.0578469297
1617.4000000000	0.0569364979
1617.4100000000	0.0562926813
1617.4200000000	0.0560924527
1617.4300000000	0.0562715994
1617.4400000000	0.0569691634
1617.4500000000	0.0580445410
1617.4600000000	0.0594033833
1617.4700000000	0.0609394212
1617.4800000000	0.0626313147
1617.4900000000	0.0644591528
1617.5000000000	0.0659803693
1617.5100000000	0.0670521136
1617.5200000000	0.0677185983
1617.5300000000	0.0678830739
1617.5400000000	0.0673753442
1617.5500000000	0.0662883918
1617.5600000000	0.0647977759
1617.5700000000	0.0630387595
1617.5800000000	0.0612159467
1617.5900000000	0.0593685967
1617.6000000000	0.0576799759
1617.6100000000	0.0560845065
1617.6200000000	0.0549257633
1617.6300000000	0.0541330667
1617.6400000000	0.0538615436
1617.6500000000	0.0541974254
1617.6600000000	0.0549645377
1617.6700000000	0.0560158808
1617.6800000000	0.0574645483
1617.6900000000	0.0592178250
1617.7000000000	0.0610706123
1617.7100000000	0.0628356438
1617.7200000000	0.0643827971
1617.7300000000	0.0655447145
1617.7400000000	0.0662848761
1617.7500000000	0.0663673770
1617.7600000000	0.0659084610
1617.7700000000	0.0650753285
1617.7800000000	0.0641390994
1617.7900000000	0.0628685737
1617.8000000000	0.0614617426
1617.8100000000	0.0602958194
1617.8200000000	0.0593249217
1617.8300000000	0.0586857685
1617.8400000000	0.0582695379
1617.8500000000	0.0582020002
1617.8600000000	0.0584751316
1617.8700000000	0.0590878648
1617.8800000000	0.0599651176
1617.8900000000	0.0609425325
1617.9000000000	0.0619378958
1617.9100000000	0.0629679513
1617.9200000000	0.0638618313
1617.9300000000	0.0643975600
1617.9400000000	0.0645993757
1617.9500000000	0.0645264173
1617.9600000000	0.0640470494
1617.9700000000	0.0630477497
1617.9800000000	0.0618373552
1617.9900000000	0.0605869111
1618.0000000000	0.0592496649
1618.0100000000	0.0580470611
1618.0200000000	0.0571443468
1618.0300000000	0.0567193071
1618.0400000000	0.0567220191
1618.0500000000	0.0570445181
1618.0600000000	0.0576761873
1618.0700000000	0.0587502470
1618.0800000000	0.0601784879
1618.0900000000	0.0617181688
1618.1000000000	0.0632245026
1618.1100000000	0.0646121253
1618.1200000000	0.0656850524
1618.1300000000	0.0665704103
1618.1400000000	0.0669895194
1618.1500000000	0.0669483998
1618.1600000000	0.0663815239
1618.1700000000	0.0654468504
1618.1800000000	0.0642057181
1618.1900000000	0.0627007787
1618.2000000000	0.0611714473
1618.2100000000	0.0596846018
1618.2200000000	0.0582928193
1618.2300000000	0.0571828014
1618.2400000000	0.0564864687
1618.2500000000	0.0561081762
1618.2600000000	0.0560259439
1618.2700000000	0.0563420243
1618.2800000000	0.0570446223
1618.2900000000	0.0580186078
1618.3000000000	0.0591950741
1618.3100000000	0.0603646123
1618.3200000000	0.0613701873
1618.3300000000	0.0623811442
1618.3400000000	0.0630866544
1618.3500000000	0.0632645139
1618.3600000000	0.0631351255
1618.3700000000	0.0627421760
1618.3800000000	0.0619665121
1618.3900000000	0.0609077245
1618.4000000000	0.0596658630
1618.4100000000	0.0585245069
1618.4200000000	0.0575794496
1618.4300000000	0.0566680432
1618.4400000000	0.0559631802
1618.4500000000	0.0556744976
1618.4600000000	0.0557029252
1618.4700000000	0.0561181353
1618.4800000000	0.0569205359
1618.4900000000	0.0580709020
1618.5000000000	0.0594941956
1618.5100000000	0.0609000887
1618.5200000000	0.0623113935
1618.5300000000	0.0635737688
1618.5400000000	0.0646225089
1618.5500000000	0.0652588744
1618.5600000000	0.0653781387
1618.5700000000	0.0650727026
1618.5800000000	0.0644876828
1618.5900000000	0.0634301609
1618.6000000000	0.0621322094
1618.6100000000	0.0608392991
1618.6200000000	0.0596422219
1618.6300000000	0.0585824426
1618.6400000000	0.0578217940
1618.6500000000	0.0573813832
1618.6600000000	0.0574515016
1618.6700000000	0.0578833967
1618.6800000000	0.0587351788
1618.6900000000	0.0599069182
1618.7000000000	0.0614297816
1618.7100000000	0.0631326790
1618.7200000000	0.0646202285
1618.7300000000	0.0659006057
1618.7400000000	0.0669823070
1618.7500000000	0.0677928992
1618.7600000000	0.0682399992
1618.7700000000	0.0680375024
1618.7800000000	0.0673209981
1618.7900000000	0.0663924185
1618.8000000000	0.0650789143
1618.8100000000	0.0634794653
1618.8200000000	0.0618995901
1618.8300000000	0.0604685217
1618.8400000000	0.0592283636
1618.8500000000	0.0581982728
1618.8600000000	0.0574944222
1618.8700000000	0.0572582130
1618.8800000000	0.0574526684
1618.8900000000	0.0579327011
1618.9000000000	0.0586862143
1618.9100000000	0.0595445127
1618.9200000000	0.0603951044
1618.9300000000	0.0610087796
1618.9400000000	0.0614167797
1618.9500000000	0.0616787545
1618.9600000000	0.0616410598
1618.9700000000	0.0609971710
1618.9800000000	0.0600291648
1618.9900000000	0.0587288407
1619.0000000000	0.0573803057
1619.0100000000	0.0557999413
1619.0200000000	0.0543006400
1619.0300000000	0.0529980994
1619.0400000000	0.0518514711
1619.0500000000	0.0510193762
1619.0600000000	0.0505333903
1619.0700000000	0.0504073832
1619.0800000000	0.0507472330
1619.0900000000	0.0515841448
1619.1000000000	0.0527796110
1619.1100000000	0.0542593765
1619.1200000000	0.0561058064
1619.1300000000	0.0581933330
1619.1400000000	0.0602675766
1619.1500000000	0.0621199011
1619.1600000000	0.0636748272
1619.1700000000	0.0648098642
1619.1800000000	0.0652640249
1619.1900000000	0.0650764062
1619.2000000000	0.0642863427
1619.2100000000	0.0631289242
1619.2200000000	0.0617641969
1619.2300000000	0.0601706449
1619.2400000000	0.0585400521
1619.2500000000	0.0570816725
1619.2600000000	0.0558235741
1619.2700000000	0.0549363674
1619.2800000000	0.0544707453
1619.2900000000	0.0544793365
1619.3000000000	0.0548396241
1619.3100000000	0.0555684937
1619.3200000000	0.0566406944
1619.3300000000	0.0579975397
1619.3400000000	0.0595053104
1619.3500000000	0.0609877444
1619.3600000000	0.0623031163
1619.3700000000	0.0633564096
1619.3800000000	0.0641273448
1619.3900000000	0.0644620173
1619.4000000000	0.0642803855
1619.4100000000	0.0637440519
1619.4200000000	0.0629774638
1619.4300000000	0.0620740407
1619.4400000000	0.0610056739
1619.4500000000	0.0598397436
1619.4600000000	0.0589007794
1619.4700000000	0.0582400629
1619.4800000000	0.0578515977
1619.4900000000	0.0580267681
1619.5000000000	0.0584944811
1619.5100000000	0.0592128072
1619.5200000000	0.0602216319
1619.5300000000	0.0613747243
1619.5400000000	0.0625966403
1619.5500000000	0.0635945342
1619.5600000000	0.0642913516
1619.5700000000	0.0647062546
1619.5800000000	0.0647773748
1619.5900000000	0.0643986166
1619.6000000000	0.0634339454
1619.6100000000	0.0622856503
1619.6200000000	0.0609217974
1619.6300000000	0.0594063335
1619.6400000000	0.0578662669
1619.6500000000	0.0564756465
1619.6600000000	0.0553609032
1619.6700000000	0.0544033805
1619.6800000000	0.0538473124
1619.6900000000	0.0537326123
1619.7000000000	0.0540930236
1619.7100000000	0.0548194293
1619.7200000000	0.0558657497
1619.7300000000	0.0573583342
1619.7400000000	0.0589559023
1619.7500000000	0.0606390050
1619.7600000000	0.0621810450
1619.7700000000	0.0635733087
1619.7800000000	0.0644591491
1619.7900000000	0.0649569027
1619.8000000000	0.0648099781
1619.8100000000	0.0641373626
1619.8200000000	0.0630753322
1619.8300000000	0.0616978729
1619.8400000000	0.0600049850
1619.8500000000	0.0582370486
1619.8600000000	0.0566369223
1619.8700000000	0.0553129170
1619.8800000000	0.0543465205
1619.8900000000	0.0537582497
1619.9000000000	0.0535227989
1619.9100000000	0.0536893629
1619.9200000000	0.0542207893
1619.9300000000	0.0551553752
1619.9400000000	0.0563883979
1619.9500000000	0.0577704593
1619.9600000000	0.0592576685
1619.9700000000	0.0608266470
1619.9800000000	0.0621976462
1619.9900000000	0.0633949986
1620.0000000000	0.0641694258
1620.0100000000	0.0643518870
1620.0200000000	0.0639331484
1620.0300000000	0.0630978781
1620.0400000000	0.0619194026
1620.0500000000	0.0605063129
1620.0600000000	0.0590608897
1620.0700000000	0.0578341788
1620.0800000000	0.0568075484
1620.0900000000	0.0560641328
1620.1000000000	0.0559515462
1620.1100000000	0.0562616646
1620.1200000000	0.0569148106
1620.1300000000	0.0580822075
1620.1400000000	0.0595772881
1620.1500000000	0.0613501857
1620.1600000000	0.0631467253
1620.1700000000	0.0648233025
1620.1800000000	0.0663808277
1620.1900000000	0.0677128701
1620.2000000000	0.0686242765
1620.2100000000	0.0690890938
1620.2200000000	0.0688717658
1620.2300000000	0.0681980204
1620.2400000000	0.0672115785
1620.2500000000	0.0656965025
1620.2600000000	0.0641244938
1620.2700000000	0.0625363202
1620.2800000000	0.0610158251
1620.2900000000	0.0596851239
1620.3000000000	0.0585920599
1620.3100000000	0.0580046383
1620.3200000000	0.0577844713
1620.3300000000	0.0580566792
1620.3400000000	0.0587283358
1620.3500000000	0.0598286876
1620.3600000000	0.0610323291
1620.3700000000	0.0623710500
1620.3800000000	0.0637978574
1620.3900000000	0.0651483516
1620.4000000000	0.0662042979
1620.4100000000	0.0668948796
1620.4200000000	0.0670746998
1620.4300000000	0.0669062820
1620.4400000000	0.0664791487
1620.4500000000	0.0656727318
1620.4600000000	0.0645902556
1620.4700000000	0.0633892548
1620.4800000000	0.0621790778
1620.4900000000	0.0611215532
1620.5000000000	0.0601492782
1620.5100000000	0.0594806083
1620.5200000000	0.0592831476
1620.5300000000	0.0595052796
1620.5400000000	0.0600523317
1620.5500000000	0.0609526479
1620.5600000000	0.0620692200
1620.5700000000	0.0634522867
1620.5800000000	0.0649511404
1620.5900000000	0.0663130941
1620.6000000000	0.0678031998
1620.6100000000	0.0688931759
1620.6200000000	0.0695992397
1620.6300000000	0.0696812554
1620.6400000000	0.0694763036
1620.6500000000	0.0689259773
1620.6600000000	0.0679071362
1620.6700000000	0.0668158080
1620.6800000000	0.0656829726
1620.6900000000	0.0645968604
1620.7000000000	0.0636056300
1620.7100000000	0.0627537408
1620.7200000000	0.0622569282
1620.7300000000	0.0619674882
1620.7400000000	0.0620343065
1620.7500000000	0.0624507395
1620.7600000000	0.0630526734
1620.7700000000	0.0637317987
1620.7800000000	0.0644976597
1620.7900000000	0.0652825861
1620.8000000000	0.0658732682
1620.8100000000	0.0663786008
1620.8200000000	0.0666530908
1620.8300000000	0.0664925058
1620.8400000000	0.0661844283
1620.8500000000	0.0655675632
1620.8600000000	0.0647318279
1620.8700000000	0.0636919061
1620.8800000000	0.0625641333
1620.8900000000	0.0615004198
1620.9000000000	0.0604665014
1620.9100000000	0.0597383238
1620.9200000000	0.0593389401
1620.9300000000	0.0593350177
1620.9400000000	0.0596451471
1620.9500000000	0.0601922585
1620.9600000000	0.0609780356
1620.9700000000	0.0618957614
1620.9800000000	0.0629216840
1620.9900000000	0.0639141592
1621.0000000000	0.0648972445
1621.0100000000	0.0656362108
1621.0200000000	0.0659655672
1621.0300000000	0.0659680285
1621.0400000000	0.0657671167
1621.0500000000	0.0652961709
1621.0600000000	0.0645020632
1621.0700000000	0.0635446438
1621.0800000000	0.0625954144
1621.0900000000	0.0616430909
1621.1000000000	0.0606780472
1621.1100000000	0.0598821412
1621.1200000000	0.0593683374
1621.1300000000	0.0590151686
1621.1400000000	0.0590690688
1621.1500000000	0.0594343234
1621.1600000000	0.0599960742
1621.1700000000	0.0608546086
1621.1800000000	0.0620005486
1621.1900000000	0.0630367222
1621.2000000000	0.0639774247
1621.2100000000	0.0648470230
1621.2200000000	0.0653780258
1621.2300000000	0.0653390159
1621.2400000000	0.0649176020
1621.2500000000	0.0643441765
1621.2600000000	0.0634328740
1621.2700000000	0.0622167958
1621.2800000000	0.0608959151
1621.2900000000	0.0596198022
1621.3000000000	0.0585819469
1621.3100000000	0.0578472845
1621.3200000000	0.0573522941
1621.3300000000	0.0571959015
1621.3400000000	0.0575817754
1621.3500000000	0.0583734936
1621.3600000000	0.0593690813
1621.3700000000	0.0606543883
1621.3800000000	0.0623638402
1621.3900000000	0.0641967147
1621.4000000000	0.0659789222
1621.4100000000	0.0678494552
1621.4200000000	0.0696032451
1621.4300000000	0.0708354880
1621.4400000000	0.0716278850
1621.4500000000	0.0719784694
1621.4600000000	0.0716665277
1621.4700000000	0.0708152984
1621.4800000000	0.0696354641
1621.4900000000	0.0681287692
1621.5000000000	0.0665374252
1621.5100000000	0.0650614585
1621.5200000000	0.0635441118
1621.5300000000	0.0623204792
1621.5400000000	0.0616622244
1621.5500000000	0.0613555390
1621.5600000000	0.0613432010
1621.5700000000	0.0617081323
1621.5800000000	0.0625365167
1621.5900000000	0.0635631471
1621.6000000000	0.0647129781
1621.6100000000	0.0660125573
1621.6200000000	0.0672388504
1621.6300000000	0.0682080954
1621.6400000000	0.0689663281
1621.6500000000	0.0694709485
1621.6600000000	0.0695707900
1621.6700000000	0.0693229185
1621.6800000000	0.0688784217
1621.6900000000	0.0681245940
1621.7000000000	0.0671333637
1621.7100000000	0.0661754093
1621.7200000000	0.0652904673
1621.7300000000	0.0643518943
1621.7400000000	0.0635920951
1621.7500000000	0.0631887528
1621.7600000000	0.0630189911
1621.7700000000	0.0630916997
1621.7800000000	0.0634901169
1621.7900000000	0.0640582380
1621.8000000000	0.0647581263
1621.8100000000	0.0655074639
1621.8200000000	0.0662332186
1621.8300000000	0.0667923576
1621.8400000000	0.0670775335
1621.8500000000	0.0671765447
1621.8600000000	0.0669724272
1621.8700000000	0.0665270527
1621.8800000000	0.0658893623
1621.8900000000	0.0649884850
1621.9000000000	0.0639396113
1621.9100000000	0.0629527564
1621.9200000000	0.0620794090
1621.9300000000	0.0612682571
1621.9400000000	0.0606306600
1621.9500000000	0.0603264887
1621.9600000000	0.0603507876
1621.9700000000	0.0606880349
1621.9800000000	0.0612356345
1621.9900000000	0.0619099239
1622.0000000000	0.0628222901
1622.0100000000	0.0638573388
1622.0200000000	0.0648614018
1622.0300000000	0.0657261168
1622.0400000000	0.0664300638
1622.0500000000	0.0669479354
1622.0600000000	0.0669652676
1622.0700000000	0.0665763968
1622.0800000000	0.0658943584
1622.0900000000	0.0649793308
1622.1000000000	0.0638586213
1622.1100000000	0.0627124669
1622.1200000000	0.0617718586
1622.1300000000	0.0609708822
1622.1400000000	0.0604089124
1622.1500000000	0.0602057525
1622.1600000000	0.0604213974
1622.1700000000	0.0609726629
1622.1800000000	0.0617140340
1622.1900000000	0.0628452604
1622.2000000000	0.0641583884
1622.2100000000	0.0656559026
1622.2200000000	0.0671807579
1622.2300000000	0.0684692339
1622.2400000000	0.0695666425
1622.2500000000	0.0703664000
1622.2600000000	0.0707544732
1622.2700000000	0.0706447997
1622.2800000000	0.0700170977
1622.2900000000	0.0691340514
1622.3000000000	0.0679176565
1622.3100000000	0.0663783669
1622.3200000000	0.0648202437
1622.3300000000	0.0633269083
1622.3400000000	0.0619304512
1622.3500000000	0.0606375377
1622.3600000000	0.0596356382
1622.3700000000	0.0591468572
1622.3800000000	0.0590081892
1622.3900000000	0.0591952848
1622.4000000000	0.0596736319
1622.4100000000	0.0605582661
1622.4200000000	0.0616877736
1622.4300000000	0.0628740096
1622.4400000000	0.0639764621
1622.4500000000	0.0649930348
1622.4600000000	0.0657459950
1622.4700000000	0.0660603518
1622.4800000000	0.0660306158
1622.4900000000	0.0655972464
1622.5000000000	0.0649055667
1622.5100000000	0.0641265720
1622.5200000000	0.0632131247
1622.5300000000	0.0622652678
1622.5400000000	0.0614189422
1622.5500000000	0.0607112407
1622.5600000000	0.0602057135
1622.5700000000	0.0598764810
1622.5800000000	0.0599147154
1622.5900000000	0.0603884357
1622.6000000000	0.0611768293
1622.6100000000	0.0622208790
1622.6200000000	0.0635187949
1622.6300000000	0.0648971577
1622.6400000000	0.0663398765
1622.6500000000	0.0675787887
1622.6600000000	0.0687035930
1622.6700000000	0.0694185898
1622.6800000000	0.0696656301
1622.6900000000	0.0694584789
1622.7000000000	0.0688376773
1622.7100000000	0.0678501149
1622.7200000000	0.0666273476
1622.7300000000	0.0652966965
1622.7400000000	0.0639314111
1622.7500000000	0.0626721315
1622.7600000000	0.0615304849
1622.7700000000	0.0606453948
1622.7800000000	0.0601208656
1622.7900000000	0.0599540072
1622.8000000000	0.0601067507
1622.8100000000	0.0605469216
1622.8200000000	0.0612731318
1622.8300000000	0.0621409769
1622.8400000000	0.0630983808
1622.8500000000	0.0641745020
1622.8600000000	0.0652377847
1622.8700000000	0.0662075496
1622.8800000000	0.0669351954
1622.8900000000	0.0674102152
1622.9000000000	0.0676542334
1622.9100000000	0.0675751639
1622.9200000000	0.0671804432
1622.9300000000	0.0665279466
1622.9400000000	0.0657916556
1622.9500000000	0.0650508450
1622.9600000000	0.0643077671
1622.9700000000	0.0637661145
1622.9800000000	0.0634663810
1622.9900000000	0.0635061451
1623.0000000000	0.0637322512
1623.0100000000	0.0641143214
1623.0200000000	0.0646813235
1623.0300000000	0.0653844122
1623.0400000000	0.0661870759
1623.0500000000	0.0668991724
1623.0600000000	0.0675340998
1623.0700000000	0.0680137000
1623.0800000000	0.0681616832
1623.0900000000	0.0679830969
1623.1000000000	0.0674873392
1623.1100000000	0.0667325039
1623.1200000000	0.0657977631
1623.1300000000	0.0647066963
1623.1400000000	0.0634920642
1623.1500000000	0.0622618052
1623.1600000000	0.0612245548
1623.1700000000	0.0603755601
1623.1800000000	0.0598007230
1623.1900000000	0.0594806939
1623.2000000000	0.0594373465
1623.2100000000	0.0596626517
1623.2200000000	0.0602793720
1623.2300000000	0.0610627996
1623.2400000000	0.0621785138
1623.2500000000	0.0634487871
1623.2600000000	0.0646021751
1623.2700000000	0.0656603812
1623.2800000000	0.0664900491
1623.2900000000	0.0670389457
1623.3000000000	0.0671264890
1623.3100000000	0.0668372401
1623.3200000000	0.0663567607
1623.3300000000	0.0656547658
1623.3400000000	0.0646441368
1623.3500000000	0.0635096985
1623.3600000000	0.0625156286
1623.3700000000	0.0616749012
1623.3800000000	0.0609940909
1623.3900000000	0.0605124660
1623.4000000000	0.0604102297
1623.4100000000	0.0607004353
1623.4200000000	0.0611971862
1623.4300000000	0.0620193127
1623.4400000000	0.0630807945
1623.4500000000	0.0643288741
1623.4600000000	0.0655153606
1623.4700000000	0.0665772039
1623.4800000000	0.0676038415
1623.4900000000	0.0682438889
1623.5000000000	0.0685140024
1623.5100000000	0.0682305848
1623.5200000000	0.0677512652
1623.5300000000	0.0670067082
1623.5400000000	0.0659824777
1623.5500000000	0.0646580424
1623.5600000000	0.0633228130
1623.5700000000	0.0621343335
1623.5800000000	0.0610787987
1623.5900000000	0.0603494118
1623.6000000000	0.0600233913
1623.6100000000	0.0600433923
1623.6200000000	0.0604103280
1623.6300000000	0.0610652793
1623.6400000000	0.0619534316
1623.6500000000	0.0630589831
1623.6600000000	0.0642732275
1623.6700000000	0.0654582732
1623.6800000000	0.0665043510
1623.6900000000	0.0674045713
1623.7000000000	0.0681109507
1623.7100000000	0.0684816114
1623.7200000000	0.0684665083
1623.7300000000	0.0681219909
1623.7400000000	0.0675774864
1623.7500000000	0.0666557919
1623.7600000000	0.0655820794
1623.7700000000	0.0644280073
1623.7800000000	0.0634204811
1623.7900000000	0.0626136160
1623.8000000000	0.0619136052
1623.8100000000	0.0614914752
1623.8200000000	0.0615348152
1623.8300000000	0.0619182583
1623.8400000000	0.0625013721
1623.8500000000	0.0633857454
1623.8600000000	0.0645150720
1623.8700000000	0.0656029647
1623.8800000000	0.0666107705
1623.8900000000	0.0675132090
1623.9000000000	0.0682814143
1623.9100000000	0.0686540615
1623.9200000000	0.0685829145
1623.9300000000	0.0681855629
1623.9400000000	0.0675387993
1623.9500000000	0.0667047895
1623.9600000000	0.0656189443
1623.9700000000	0.0644759809
1623.9800000000	0.0634646088
1623.9900000000	0.0625787131
1624.0000000000	0.0618248408
1624.0100000000	0.0614095533
1624.0200000000	0.0612222682
1624.0300000000	0.0613683244
1624.0400000000	0.0618209401
1624.0500000000	0.0626349168
1624.0600000000	0.0636952913
1624.0700000000	0.0648560782
1624.0800000000	0.0661968603
1624.0900000000	0.0675149530
1624.1000000000	0.0686156952
1624.1100000000	0.0693945223
1624.1200000000	0.0696436473
1624.1300000000	0.0695360007
1624.1400000000	0.0690992564
1624.1500000000	0.0682130953
1624.1600000000	0.0669259061
1624.1700000000	0.0656208429
1624.1800000000	0.0644131379
1624.1900000000	0.0631683931
1624.2000000000	0.0620108275
1624.2100000000	0.0611364306
1624.2200000000	0.0607595751
1624.2300000000	0.0608065251
1624.2400000000	0.0611044820
1624.2500000000	0.0617459722
1624.2600000000	0.0627166182
1624.2700000000	0.0639003514
1624.2800000000	0.0651262464
1624.2900000000	0.0662857664
1624.3000000000	0.0672037893
1624.3100000000	0.0678458253
1624.3200000000	0.0682433065
1624.3300000000	0.0681349207
1624.3400000000	0.0675580498
1624.3500000000	0.0668211242
1624.3600000000	0.0656358872
1624.3700000000	0.0642417614
1624.3800000000	0.0626869757
1624.3900000000	0.0613708025
1624.4000000000	0.0599815645
1624.4100000000	0.0588596049
1624.4200000000	0.0580187581
1624.4300000000	0.0576733364
1624.4400000000	0.0578189099
1624.4500000000	0.0584209100
1624.4600000000	0.0593655035
1624.4700000000	0.0605894507
1624.4800000000	0.0620850088
1624.4900000000	0.0637093590
1624.5000000000	0.0653487403
1624.5100000000	0.0668986514
1624.5200000000	0.0682778063
1624.5300000000	0.0692280436
1624.5400000000	0.0697509240
1624.5500000000	0.0699396642
1624.5600000000	0.0696993498
1624.5700000000	0.0688709238
1624.5800000000	0.0676681862
1624.5900000000	0.0663340045
1624.6000000000	0.0650417552
1624.6100000000	0.0635882902
1624.6200000000	0.0623973900
1624.6300000000	0.0614250225
1624.6400000000	0.0608305515
1624.6500000000	0.0605719539
1624.6600000000	0.0607279852
1624.6700000000	0.0610672065
1624.6800000000	0.0619503985
1624.6900000000	0.0631077548
1624.7000000000	0.0643754849
1624.7100000000	0.0657267380
1624.7200000000	0.0668593655
1624.7300000000	0.0678312920
1624.7400000000	0.0683164892
1624.7500000000	0.0682555127
1624.7600000000	0.0678194392
1624.7700000000	0.0669641255
1624.7800000000	0.0657652726
1624.7900000000	0.0643694018
1624.8000000000	0.0628603926
1624.8100000000	0.0612462995
1624.8200000000	0.0598649809
1624.8300000000	0.0588593472
1624.8400000000	0.0582198856
1624.8500000000	0.0579242187
1624.8600000000	0.0579916014
1624.8700000000	0.0584199386
1624.8800000000	0.0591677402
1624.8900000000	0.0601722867
1624.9000000000	0.0614467902
1624.9100000000	0.0627931829
1624.9200000000	0.0641738158
1624.9300000000	0.0655204771
1624.9400000000	0.0665595088
1624.9500000000	0.0670869825
1624.9600000000	0.0672384948
1624.9700000000	0.0670921640
1624.9800000000	0.0664423295
1624.9900000000	0.0653035804
1625.0000000000	0.0640635904
1625.0100000000	0.0626409654
1625.0200000000	0.0610944060
1625.0300000000	0.0597072604
1625.0400000000	0.0587585142
1625.0500000000	0.0582398889
1625.0600000000	0.0579517218
1625.0700000000	0.0580402220
1625.0800000000	0.0584723079
1625.0900000000	0.0592774899
1625.1000000000	0.0605496831
1625.1100000000	0.0620173965
1625.1200000000	0.0633598638
1625.1300000000	0.0646608374
1625.1400000000	0.0659503537
1625.1500000000	0.0670156533
1625.1600000000	0.0676720095
1625.1700000000	0.0679989171
1625.1800000000	0.0679989171
1625.1900000000	0.0676551141
1625.2000000000	0.0670976033
1625.2100000000	0.0663899416
1625.2200000000	0.0654125043
1625.2300000000	0.0643783467
1625.2400000000	0.0635616354
1625.2500000000	0.0629340862
1625.2600000000	0.0627429108
1625.2700000000	0.0627467144
1625.2800000000	0.0629638345
1625.2900000000	0.0635310401
1625.3000000000	0.0643876469
1625.3100000000	0.0653262214
1625.3200000000	0.0662990600
1625.3300000000	0.0673048266
1625.3400000000	0.0680253655
1625.3500000000	0.0683207181
1625.3600000000	0.0682130965
1625.3700000000	0.0677436223
1625.3800000000	0.0668551015
1625.3900000000	0.0657073331
1625.4000000000	0.0642807418
1625.4100000000	0.0626172215
1625.4200000000	0.0609630921
1625.4300000000	0.0594112095
1625.4400000000	0.0579819747
1625.4500000000	0.0568320711
1625.4600000000	0.0560869483
1625.4700000000	0.0555764077
1625.4800000000	0.0553158069
1625.4900000000	0.0556193065
1625.5000000000	0.0563152314
1625.5100000000	0.0573018136
1625.5200000000	0.0585784865
1625.5300000000	0.0600928193
1625.5400000000	0.0617747188
1625.5500000000	0.0634222524
1625.5600000000	0.0650438838
1625.5700000000	0.0663005418
1625.5800000000	0.0671888244
1625.5900000000	0.0677888620
1625.6000000000	0.0679010628
1625.6100000000	0.0675162210
1625.6200000000	0.0669977696
1625.6300000000	0.0660863617
1625.6400000000	0.0651363970
1625.6500000000	0.0643750197
1625.6600000000	0.0638835644
1625.6700000000	0.0636107866
1625.6800000000	0.0634361984
1625.6900000000	0.0635905638
1625.7000000000	0.0641144696
1625.7100000000	0.0649885360
1625.7200000000	0.0659632743
1625.7300000000	0.0669585511
1625.7400000000	0.0679319227
1625.7500000000	0.0689368830
1625.7600000000	0.0697700154
1625.7700000000	0.0700899000
1625.7800000000	0.0701411078
1625.7900000000	0.0699546891
1625.8000000000	0.0693576165
1625.8100000000	0.0683950898
1625.8200000000	0.0670635085
1625.8300000000	0.0656390810
1625.8400000000	0.0640983490
1625.8500000000	0.0624796199
1625.8600000000	0.0611534254
1625.8700000000	0.0600547703
1625.8800000000	0.0591916090
1625.8900000000	0.0586633574
1625.9000000000	0.0586802758
1625.9100000000	0.0590066759
1625.9200000000	0.0594520089
1625.9300000000	0.0601487138
1625.9400000000	0.0610731443
1625.9500000000	0.0621274074
1625.9600000000	0.0630789328
1625.9700000000	0.0638979079
1625.9800000000	0.0645729822
1625.9900000000	0.0649173750
1626.0000000000	0.0649166163
1626.0100000000	0.0645299743
1626.0200000000	0.0638408086
1626.0300000000	0.0628746971
1626.0400000000	0.0618132726
1626.0500000000	0.0607171262
1626.0600000000	0.0596734602
1626.0700000000	0.0589171104
1626.0800000000	0.0582798806
1626.0900000000	0.0579264837
1626.1000000000	0.0578472777
1626.1100000000	0.0582182835
1626.1200000000	0.0589103827
1626.1300000000	0.0598939386
1626.1400000000	0.0610521440
1626.1500000000	0.0624640116
1626.1600000000	0.0639496379
1626.1700000000	0.0651858052
1626.1800000000	0.0663254961
1626.1900000000	0.0671385574
1626.2000000000	0.0674335395
1626.2100000000	0.0671665900
1626.2200000000	0.0665895617
1626.2300000000	0.0655927998
1626.2400000000	0.0644414542
1626.2500000000	0.0630489290
1626.2600000000	0.0616359138
1626.2700000000	0.0603599303
1626.2800000000	0.0592760769
1626.2900000000	0.0584501878
1626.3000000000	0.0580186279
1626.3100000000	0.0580239045
1626.3200000000	0.0583296941
1626.3300000000	0.0586732876
1626.3400000000	0.0593202934
1626.3500000000	0.0602941935
1626.3600000000	0.0613623407
1626.3700000000	0.0624384743
1626.3800000000	0.0634043851
1626.3900000000	0.0641415253
1626.4000000000	0.0646890085
1626.4100000000	0.0648697936
1626.4200000000	0.0645584805
1626.4300000000	0.0639184943
1626.4400000000	0.0629782347
1626.4500000000	0.0618661809
1626.4600000000	0.0606052603
1626.4700000000	0.0591954844
1626.4800000000	0.0578802137
1626.4900000000	0.0568686754
1626.5000000000	0.0561552105
1626.5100000000	0.0559178770
1626.5200000000	0.0561818403
1626.5300000000	0.0567391972
1626.5400000000	0.0575254539
1626.5500000000	0.0586794854
1626.5600000000	0.0600947956
1626.5700000000	0.0615073335
1626.5800000000	0.0628293231
1626.5900000000	0.0638447276
1626.6000000000	0.0647101396
1626.6100000000	0.0652520799
1626.6200000000	0.0654183015
1626.6300000000	0.0653367147
1626.6400000000	0.0649386998
1626.6500000000	0.0641370127
1626.6600000000	0.0630478834
1626.6700000000	0.0617912445
1626.6800000000	0.0606441952
1626.6900000000	0.0596354544
1626.7000000000	0.0586863185
1626.7100000000	0.0580442605
1626.7200000000	0.0575177512
1626.7300000000	0.0574546905
1626.7400000000	0.0575464952
1626.7500000000	0.0581487501
1626.7600000000	0.0590738222
1626.7700000000	0.0601548428
1626.7800000000	0.0613644289
1626.7900000000	0.0626073215
1626.8000000000	0.0635295219
1626.8100000000	0.0641897583
1626.8200000000	0.0645578449
1626.8300000000	0.0644439918
1626.8400000000	0.0640211583
1626.8500000000	0.0632944081
1626.8600000000	0.0621579523
1626.8700000000	0.0608624705
1626.8800000000	0.0595242476
1626.8900000000	0.0581395231
1626.9000000000	0.0568559284
1626.9100000000	0.0557816507
1626.9200000000	0.0550055681
1626.9300000000	0.0546203033
1626.9400000000	0.0545653846
1626.9500000000	0.0547835305
1626.9600000000	0.0554846047
1626.9700000000	0.0562830245
1626.9800000000	0.0572250427
1626.9900000000	0.0584712188
1627.0000000000	0.0598764776
1627.0100000000	0.0611296828
1627.0200000000	0.0621197005
1627.0300000000	0.0629153076
1627.0400000000	0.0634624748
1627.0500000000	0.0637709607
1627.0600000000	0.0635955081
1627.0700000000	0.0630423644
1627.0800000000	0.0624782413
1627.0900000000	0.0618386004
1627.1000000000	0.0611003877
1627.1100000000	0.0604177598
1627.1200000000	0.0598580706
1627.1300000000	0.0595323779
1627.1400000000	0.0593872377
1627.1500000000	0.0594636513
1627.1600000000	0.0598456294
1627.1700000000	0.0605009156
1627.1800000000	0.0611364802
1627.1900000000	0.0618395693
1627.2000000000	0.0625462520
1627.2100000000	0.0630689064
1627.2200000000	0.0632554002
1627.2300000000	0.0632781846
1627.2400000000	0.0629879932
1627.2500000000	0.0623762391
1627.2600000000	0.0615503620
1627.2700000000	0.0604889006
1627.2800000000	0.0592681622
1627.2900000000	0.0579663779
1627.3000000000	0.0566559492
1627.3100000000	0.0555362619
1627.3200000000	0.0547648129
1627.3300000000	0.0542757296
1627.3400000000	0.0539861410
1627.3500000000	0.0540570915
1627.3600000000	0.0545003832
1627.3700000000	0.0552954579
1627.3800000000	0.0563743010
1627.3900000000	0.0576890403
1627.4000000000	0.0591616693
1627.4100000000	0.0606528198
1627.4200000000	0.0619276900
1627.4300000000	0.0629467140
1627.4400000000	0.0636081786
1627.4500000000	0.0638620419
1627.4600000000	0.0636528755
1627.4700000000	0.0630378865
1627.4800000000	0.0620938664
1627.4900000000	0.0609730305
1627.5000000000	0.0596514636
1627.5100000000	0.0583052219
1627.5200000000	0.0571058506
1627.5300000000	0.0560239784
1627.5400000000	0.0550487454
1627.5500000000	0.0543676881
1627.5600000000	0.0540685595
1627.5700000000	0.0541889327
1627.5800000000	0.0545634797
1627.5900000000	0.0550516608
1627.6000000000	0.0559706739
1627.6100000000	0.0570978833
1627.6200000000	0.0581350912
1627.6300000000	0.0590744254
1627.6400000000	0.0601016359
1627.6500000000	0.0609712973
1627.6600000000	0.0614633284
1627.6700000000	0.0614636641
1627.6800000000	0.0610356842
1627.6900000000	0.0603945064
1627.7000000000	0.0594436794
1627.7100000000	0.0584118855
1627.7200000000	0.0574240585
1627.7300000000	0.0563713431
1627.7400000000	0.0554917642
1627.7500000000	0.0548624666
1627.7600000000	0.0544908960
1627.7700000000	0.0544237555
1627.7800000000	0.0547419811
1627.7900000000	0.0553715008
1627.8000000000	0.0561502010
1627.8100000000	0.0572844029
1627.8200000000	0.0586699136
1627.8300000000	0.0597376996
1627.8400000000	0.0608664803
1627.8500000000	0.0617952228
1627.8600000000	0.0626764084
1627.8700000000	0.0631748344
1627.8800000000	0.0634587289
1627.8900000000	0.0635216630
1627.9000000000	0.0631219178
1627.9100000000	0.0624024872
1627.9200000000	0.0614675145
1627.9300000000	0.0604646316
1627.9400000000	0.0593907702
1627.9500000000	0.0584203403
1627.9600000000	0.0578331655
1627.9700000000	0.0575584127
1627.9800000000	0.0576065865
1627.9900000000	0.0578311302
1628.0000000000	0.0582307487
1628.0100000000	0.0588399333
1628.0200000000	0.0596981149
1628.0300000000	0.0605390925
1628.0400000000	0.0613838500
1628.0500000000	0.0623008407
1628.0600000000	0.0629030936
1628.0700000000	0.0632870680
1628.0800000000	0.0633308046
1628.0900000000	0.0630779888
1628.1000000000	0.0625882007
1628.1100000000	0.0617275320
1628.1200000000	0.0608471835
1628.1300000000	0.0598477826
1628.1400000000	0.0586752285
1628.1500000000	0.0576252246
1628.1600000000	0.0566287767
1628.1700000000	0.0559241406
1628.1800000000	0.0554359792
1628.1900000000	0.0552471977
1628.2000000000	0.0554767397
1628.2100000000	0.0559630102
1628.2200000000	0.0567896731
1628.2300000000	0.0576875905
1628.2400000000	0.0586573125
1628.2500000000	0.0596937244
1628.2600000000	0.0606881290
1628.2700000000	0.0613154552
1628.2800000000	0.0616018655
1628.2900000000	0.0616544422
1628.3000000000	0.0613602583
1628.3100000000	0.0606902726
1628.3200000000	0.0597464772
1628.3300000000	0.0585245241
1628.3400000000	0.0573205313
1628.3500000000	0.0562151886
1628.3600000000	0.0551379542
1628.3700000000	0.0542758084
1628.3800000000	0.0535435118
1628.3900000000	0.0529894597
1628.4000000000	0.0527370781
1628.4100000000	0.0528305906
1628.4200000000	0.0532940855
1628.4300000000	0.0538285473
1628.4400000000	0.0546461230
1628.4500000000	0.0556276354
1628.4600000000	0.0567250660
1628.4700000000	0.0575771741
1628.4800000000	0.0582666463
1628.4900000000	0.0589171104
1628.5000000000	0.0593826500
1628.5100000000	0.0594488712
1628.5200000000	0.0592148100
1628.5300000000	0.0588696873
1628.5400000000	0.0581892131
1628.5500000000	0.0573427640
1628.5600000000	0.0565787183
1628.5700000000	0.0558898367
1628.5800000000	0.0553237114
1628.5900000000	0.0549847501
1628.6000000000	0.0548357592
1628.6100000000	0.0549266906
1628.6200000000	0.0554279698
1628.6300000000	0.0560209353
1628.6400000000	0.0566397197
1628.6500000000	0.0574955691
1628.6600000000	0.0584092397
1628.6700000000	0.0592287836
1628.6800000000	0.0600101875
1628.6900000000	0.0607876106
1628.7000000000	0.0612323434
1628.7100000000	0.0611905717
1628.7200000000	0.0610918565
1628.7300000000	0.0608238130
1628.7400000000	0.0602506693
1628.7500000000	0.0594831696
1628.7600000000	0.0587761931
1628.7700000000	0.0580834082
1628.7800000000	0.0574716808
1628.7900000000	0.0570538670
1628.8000000000	0.0566878800
1628.8100000000	0.0563427311
1628.8200000000	0.0564077407
1628.8300000000	0.0568265690
1628.8400000000	0.0571929574
1628.8500000000	0.0577258963
1628.8600000000	0.0584906770
1628.8700000000	0.0591572287
1628.8800000000	0.0596235329
1628.8900000000	0.0600661813
1628.9000000000	0.0603115623
1628.9100000000	0.0602298346
1628.9200000000	0.0599051145
1628.9300000000	0.0593201613
1628.9400000000	0.0582935791
1628.9500000000	0.0571696159
1628.9600000000	0.0560951941
1628.9700000000	0.0550565895
1628.9800000000	0.0539804683
1628.9900000000	0.0531813573
1629.0000000000	0.0526457266
1629.0100000000	0.0522444340
1629.0200000000	0.0521236216
1629.0300000000	0.0521450755
1629.0400000000	0.0523815002
1629.0500000000	0.0528576830
1629.0600000000	0.0537036418
1629.0700000000	0.0547287526
1629.0800000000	0.0556819848
1629.0900000000	0.0568261437
1629.1000000000	0.0579545724
1629.1100000000	0.0589268280
1629.1200000000	0.0596430908
1629.1300000000	0.0601704789
1629.1400000000	0.0602929024
1629.1500000000	0.0600489902
1629.1600000000	0.0596878316
1629.1700000000	0.0591673903
1629.1800000000	0.0584815399
1629.1900000000	0.0577649927
1629.2000000000	0.0571571582
1629.2100000000	0.0567772191
1629.2200000000	0.0565576312
1629.2300000000	0.0565916219
1629.2400000000	0.0567823102
1629.2500000000	0.0572079363
1629.2600000000	0.0577950268
1629.2700000000	0.0583608368
1629.2800000000	0.0589684817
1629.2900000000	0.0595689540
1629.3000000000	0.0601230624
1629.3100000000	0.0604701545
1629.3200000000	0.0606273348
1629.3300000000	0.0606469459
1629.3400000000	0.0603756325
1629.3500000000	0.0598939366
1629.3600000000	0.0592410492
1629.3700000000	0.0585338086
1629.3800000000	0.0577007208
1629.3900000000	0.0567514776
1629.4000000000	0.0558280123
1629.4100000000	0.0549614557
1629.4200000000	0.0543166037
1629.4300000000	0.0538044824
1629.4400000000	0.0535376091
1629.4500000000	0.0535191792
1629.4600000000	0.0537296569
1629.4700000000	0.0541308223
1629.4800000000	0.0546463100
1629.4900000000	0.0552097822
1629.5000000000	0.0557193144
1629.5100000000	0.0562149368
1629.5200000000	0.0567135224
1629.5300000000	0.0570199633
1629.5400000000	0.0570077787
1629.5500000000	0.0567677082
1629.5600000000	0.0563587439
1629.5700000000	0.0558268406
1629.5800000000	0.0552486233
1629.5900000000	0.0545199170
1629.6000000000	0.0537562098
1629.6100000000	0.0530536001
1629.6200000000	0.0525939929
1629.6300000000	0.0522850688
1629.6400000000	0.0521829733
1629.6500000000	0.0521850199
1629.6600000000	0.0525648438
1629.6700000000	0.0530576368
1629.6800000000	0.0537143618
1629.6900000000	0.0545073045
1629.7000000000	0.0553346634
1629.7100000000	0.0563639558
1629.7200000000	0.0572770346
1629.7300000000	0.0580504328
1629.7400000000	0.0584585113
1629.7500000000	0.0585238013
1629.7600000000	0.0584172614
1629.7700000000	0.0579588697
1629.7800000000	0.0572463684
1629.7900000000	0.0564386943
1629.8000000000	0.0556455083
1629.8100000000	0.0548318914
1629.8200000000	0.0540171900
1629.8300000000	0.0533775398
1629.8400000000	0.0530037008
1629.8500000000	0.0528862847
1629.8600000000	0.0529219219
1629.8700000000	0.0531502139
1629.8800000000	0.0536088424
1629.8900000000	0.0542187380
1629.9000000000	0.0550019109
1629.9100000000	0.0559003054
1629.9200000000	0.0568400525
1629.9300000000	0.0577212930
1629.9400000000	0.0584201439
1629.9500000000	0.0589893198
1629.9600000000	0.0593327147
1629.9700000000	0.0593433058
1629.9800000000	0.0589985231
1629.9900000000	0.0585055360
1630.0000000000	0.0578756405
1630.0100000000	0.0571388535
1630.0200000000	0.0563954253
1630.0300000000	0.0555850123
1630.0400000000	0.0549710354
1630.0500000000	0.0544018450
1630.0600000000	0.0539908393
1630.0700000000	0.0537998299
1630.0800000000	0.0538788145
1630.0900000000	0.0541867000
1630.1000000000	0.0545993164
1630.1100000000	0.0551068826
1630.1200000000	0.0557937829
1630.1300000000	0.0564043340
1630.1400000000	0.0569190691
1630.1500000000	0.0573520561
1630.1600000000	0.0576942093
1630.1700000000	0.0578730571
1630.1800000000	0.0578362006
1630.1900000000	0.0575647145
1630.2000000000	0.0571062070
1630.2100000000	0.0565278184
1630.2200000000	0.0558463670
1630.2300000000	0.0551199066
1630.2400000000	0.0544679403
1630.2500000000	0.0539600158
1630.2600000000	0.0535813658
1630.2700000000	0.0533934871
1630.2800000000	0.0534681667
1630.2900000000	0.0536334528
1630.3000000000	0.0538859493
1630.3100000000	0.0543153366
1630.3200000000	0.0549353528
1630.3300000000	0.0556474109
1630.3400000000	0.0560412654
1630.3500000000	0.0565376028
1630.3600000000	0.0569255489
1630.3700000000	0.0571940643
1630.3800000000	0.0571179081
1630.3900000000	0.0568537782
1630.4000000000	0.0565041683
1630.4100000000	0.0559941167
1630.4200000000	0.0552383010
1630.4300000000	0.0546195405
1630.4400000000	0.0539717854
1630.4500000000	0.0533350999
1630.4600000000	0.0528713652
1630.4700000000	0.0526357642
1630.4800000000	0.0526652153
1630.4900000000	0.0527711177
1630.5000000000	0.0530238116
1630.5100000000	0.0533922145
1630.5200000000	0.0539355852
1630.5300000000	0.0545699969
1630.5400000000	0.0551889141
1630.5500000000	0.0558757527
1630.5600000000	0.0564929083
1630.5700000000	0.0569931908
1630.5800000000	0.0572562763
1630.5900000000	0.0572808236
1630.6000000000	0.0571224293
1630.6100000000	0.0566034055
1630.6200000000	0.0559559579
1630.6300000000	0.0551270641
1630.6400000000	0.0543761998
1630.6500000000	0.0536199723
1630.6600000000	0.0530846320
1630.6700000000	0.0526555689
1630.6800000000	0.0525115135
1630.6900000000	0.0524206137
1630.7000000000	0.0526164824
1630.7100000000	0.0529730707
1630.7200000000	0.0534276371
1630.7300000000	0.0539906026
1630.7400000000	0.0547617971
1630.7500000000	0.0554437421
1630.7600000000	0.0561632705
1630.7700000000	0.0566645301
1630.7800000000	0.0569990508
1630.7900000000	0.0571998060
1630.8000000000	0.0572089197
1630.8100000000	0.0569579293
1630.8200000000	0.0564058304
1630.8300000000	0.0558260395
1630.8400000000	0.0552402897
1630.8500000000	0.0545234318
1630.8600000000	0.0537522374
1630.8700000000	0.0530707654
1630.8800000000	0.0526147879
1630.8900000000	0.0522964474
1630.9000000000	0.0519694349
1630.9100000000	0.0518785573
1630.9200000000	0.0521295806
1630.9300000000	0.0525616224
1630.9400000000	0.0531486000
1630.9500000000	0.0537850035
1630.9600000000	0.0543192052
1630.9700000000	0.0549125244
1630.9800000000	0.0555139993
1630.9900000000	0.0559884074
1631.0000000000	0.0562896418
1631.0100000000	0.0562061506
1631.0200000000	0.0559644395
1631.0300000000	0.0555252198
1631.0400000000	0.0550466048
1631.0500000000	0.0543498205
1631.0600000000	0.0535625110
1631.0700000000	0.0528373187
1631.0800000000	0.0521909296
1631.0900000000	0.0516655336
1631.1000000000	0.0511426604
1631.1100000000	0.0509328741
1631.1200000000	0.0510203245
1631.1300000000	0.0512792305
1631.1400000000	0.0517126277
1631.1500000000	0.0523928835
1631.1600000000	0.0531528668
1631.1700000000	0.0538880310
1631.1800000000	0.0546177334
1631.1900000000	0.0555534349
1631.2000000000	0.0561723291
1631.2100000000	0.0565816132
1631.2200000000	0.0568533136
1631.2300000000	0.0569047994
1631.2400000000	0.0567782280
1631.2500000000	0.0563084052
1631.2600000000	0.0557928171
1631.2700000000	0.0551790680
1631.2800000000	0.0545406787
1631.2900000000	0.0539900393
1631.3000000000	0.0535946892
1631.3100000000	0.0533970597
1631.3200000000	0.0532596218
1631.3300000000	0.0531254520
1631.3400000000	0.0531942237
1631.3500000000	0.0535631098
1631.3600000000	0.0540012768
1631.3700000000	0.0543871989
1631.3800000000	0.0547653807
1631.3900000000	0.0552897069
1631.4000000000	0.0556567906
1631.4100000000	0.0558663463
1631.4200000000	0.0559392566
1631.4300000000	0.0558732658
1631.4400000000	0.0556913555
1631.4500000000	0.0553272912
1631.4600000000	0.0547981166
1631.4700000000	0.0541571996
1631.4800000000	0.0534592315
1631.4900000000	0.0528096843
1631.5000000000	0.0522681318
1631.5100000000	0.0519415339
1631.5200000000	0.0516794470
1631.5300000000	0.0515581092
1631.5400000000	0.0516554869
1631.5500000000	0.0519988322
1631.5600000000	0.0522494754
1631.5700000000	0.0526578570
1631.5800000000	0.0530146978
1631.5900000000	0.0536203907
1631.6000000000	0.0542317517
1631.6100000000	0.0546473769
1631.6200000000	0.0551646040
1631.6300000000	0.0554759388
1631.6400000000	0.0556661665
1631.6500000000	0.0557275365
1631.6600000000	0.0555155023
1631.6700000000	0.0551771198
1631.6800000000	0.0547344806
1631.6900000000	0.0542135110
1631.7000000000	0.0538148466
1631.7100000000	0.0534797686
1631.7200000000	0.0531540205
1631.7300000000	0.0529430753
1631.7400000000	0.0528213965
1631.7500000000	0.0528947588
1631.7600000000	0.0530043679
1631.7700000000	0.0532445720
1631.7800000000	0.0535333966
1631.7900000000	0.0540438604
1631.8000000000	0.0545975132
1631.8100000000	0.0548323621
1631.8200000000	0.0551596003
1631.8300000000	0.0553819445
1631.8400000000	0.0553916441
1631.8500000000	0.0552214548
1631.8600000000	0.0551010594
1631.8700000000	0.0548467936
1631.8800000000	0.0543468795
1631.8900000000	0.0538965733
1631.9000000000	0.0535483268
1631.9100000000	0.0532581674
1631.9200000000	0.0528672663
1631.9300000000	0.0527651609
1631.9400000000	0.0526964031
1631.9500000000	0.0527651205
1631.9600000000	0.0529712321
1631.9700000000	0.0533480654
1631.9800000000	0.0537336626
1631.9900000000	0.0541511580
1632.0000000000	0.0547015392
1632.0100000000	0.0552939144
1632.0200000000	0.0558340156
1632.0300000000	0.0564553132
1632.0400000000	0.0567339371
1632.0500000000	0.0567427663
1632.0600000000	0.0566213441
1632.0700000000	0.0564424684
1632.0800000000	0.0558703882
1632.0900000000	0.0551966912
1632.1000000000	0.0546622468
1632.1100000000	0.0540835856
1632.1200000000	0.0534281461
1632.1300000000	0.0528199513
1632.1400000000	0.0523565575
1632.1500000000	0.0520128881
1632.1600000000	0.0518393248
1632.1700000000	0.0519069941
1632.1800000000	0.0520774537
1632.1900000000	0.0522542613
1632.2000000000	0.0527275745
1632.2100000000	0.0529645861
1632.2200000000	0.0533725779
1632.2300000000	0.0536277318
1632.2400000000	0.0538660941
1632.2500000000	0.0541063223
1632.2600000000	0.0542403344
1632.2700000000	0.0544203666
1632.2800000000	0.0544098507
1632.2900000000	0.0540632536
1632.3000000000	0.0536295469
1632.3100000000	0.0532291996
1632.3200000000	0.0528373016
1632.3300000000	0.0523785126
1632.3400000000	0.0520374543
1632.3500000000	0.0517788676
1632.3600000000	0.0515426036
1632.3700000000	0.0513987406
1632.3800000000	0.0515161605
1632.3900000000	0.0517649498
1632.4000000000	0.0520607697
1632.4100000000	0.0524606918
1632.4200000000	0.0530175021
1632.4300000000	0.0534154594
1632.4400000000	0.0538799625
1632.4500000000	0.0543118428
1632.4600000000	0.0546659712
1632.4700000000	0.0548454403
1632.4800000000	0.0549058213
1632.4900000000	0.0548074747
1632.5000000000	0.0545745460
1632.5100000000	0.0544494105
1632.5200000000	0.0541054899
1632.5300000000	0.0536968582
1632.5400000000	0.0532882266
1632.5500000000	0.0530039653
1632.5600000000	0.0527882555
1632.5700000000	0.0524547969
1632.5800000000	0.0524706608
1632.5900000000	0.0524215866
1632.6000000000	0.0523514806
1632.6100000000	0.0524815307
1632.6200000000	0.0526851965
1632.6300000000	0.0529545749
1632.6400000000	0.0531848424
1632.6500000000	0.0535109226
1632.6600000000	0.0537848100
1632.6700000000	0.0539866543
1632.6800000000	0.0541123707
1632.6900000000	0.0541259215
1632.7000000000	0.0539509005
1632.7100000000	0.0538069807
1632.7200000000	0.0535959540
1632.7300000000	0.0534508558
1632.7400000000	0.0533425210
1632.7500000000	0.0533739846
1632.7600000000	0.0532033669
1632.7700000000	0.0532306108
1632.7800000000	0.0533350126
1632.7900000000	0.0533719925
1632.8000000000	0.0535940508
1632.8100000000	0.0538030964
1632.8200000000	0.0542345557
1632.8300000000	0.0546326183
1632.8400000000	0.0549574833
1632.8500000000	0.0552176411
1632.8600000000	0.0553916441
1632.8700000000	0.0556131152
1632.8800000000	0.0557145178
1632.8900000000	0.0555780672
1632.9000000000	0.0554045156
1632.9100000000	0.0551235160
1632.9200000000	0.0547146310
1632.9300000000	0.0542489075
1632.9400000000	0.0537701286
1632.9500000000	0.0533704438
1632.9600000000	0.0529321588
1632.9700000000	0.0525353885
1632.9800000000	0.0523609822
1632.9900000000	0.0524585952
1633.0000000000	0.0525761484
1633.0100000000	0.0526889402
1633.0200000000	0.0530458074
1633.0300000000	0.0533010209
1633.0400000000	0.0536253356
1633.0500000000	0.0540233399
1633.0600000000	0.0544919583
1633.0700000000	0.0549135872
1633.0800000000	0.0550197874
1633.0900000000	0.0550913101
1633.1000000000	0.0551621102
1633.1100000000	0.0551628182
1633.1200000000	0.0549067380
1633.1300000000	0.0546625906
1633.1400000000	0.0543370434
1633.1500000000	0.0540140458
1633.1600000000	0.0536702067
1633.1700000000	0.0533170011
1633.1800000000	0.0530437017
1633.1900000000	0.0529028788
1633.2000000000	0.0528228018
1633.2100000000	0.0529544067
1633.2200000000	0.0531909724
1633.2300000000	0.0534990791
1633.2400000000	0.0538342844
1633.2500000000	0.0541668329
1633.2600000000	0.0545609413
1633.2700000000	0.0548525507
1633.2800000000	0.0550498501
1633.2900000000	0.0553461528
1633.3000000000	0.0554814805
1633.3100000000	0.0554363541
1633.3200000000	0.0552259948
1633.3300000000	0.0549482793
1633.3400000000	0.0546011525
1633.3500000000	0.0541487066
1633.3600000000	0.0537929044
1633.3700000000	0.0533771616
1633.3800000000	0.0529884097
1633.3900000000	0.0527658745
1633.4000000000	0.0525634816
1633.4100000000	0.0524390139
1633.4200000000	0.0523854920
1633.4300000000	0.0524426456
1633.4400000000	0.0525686526
1633.4500000000	0.0527075118
1633.4600000000	0.0528859410
1633.4700000000	0.0531538001
1633.4800000000	0.0533598352
1633.4900000000	0.0534292193
1633.5000000000	0.0535007274
1633.5100000000	0.0535352056
1633.5200000000	0.0533986475
1633.5300000000	0.0531761666
1633.5400000000	0.0530665257
1633.5500000000	0.0528810215
1633.5600000000	0.0525599152
1633.5700000000	0.0523331626
1633.5800000000	0.0521426412
1633.5900000000	0.0518983710
1633.6000000000	0.0518411645
1633.6100000000	0.0518375891
1633.6200000000	0.0519663037
1633.6300000000	0.0520781164
1633.6400000000	0.0521864620
1633.6500000000	0.0523596117
1633.6600000000	0.0525400445
1633.6700000000	0.0528160746
1633.6800000000	0.0529703067
1633.6900000000	0.0531120202
1633.7000000000	0.0531898499
1633.7100000000	0.0531962869
1633.7200000000	0.0531962869
1633.7300000000	0.0531366847
1633.7400000000	0.0529807066
1633.7500000000	0.0528043937
1633.7600000000	0.0525714500
1633.7700000000	0.0524611544
1633.7800000000	0.0524178106
1633.7900000000	0.0522677581
1633.8000000000	0.0522308983
1633.8100000000	0.0522614920
1633.8200000000	0.0522666523
1633.8300000000	0.0523650681
1633.8400000000	0.0524074795
1633.8500000000	0.0527561653
1633.8600000000	0.0529795590
1633.8700000000	0.0532744298
1633.8800000000	0.0536061692
1633.8900000000	0.0539261265
1633.9000000000	0.0540939361
1633.9100000000	0.0541307345
1633.9200000000	0.0541953668
1633.9300000000	0.0541266090
1633.9400000000	0.0540918725
1633.9500000000	0.0537844557
1633.9600000000	0.0534993122
1633.9700000000	0.0532806665
1633.9800000000	0.0530997373
1633.9900000000	0.0529319597
1634.0000000000	0.0527928587
1634.0100000000	0.0527672237
1634.0200000000	0.0528920256
1634.0300000000	0.0530651741
1634.0400000000	0.0533561234
1634.0500000000	0.0536842337
1634.0600000000	0.0540431907
1634.0700000000	0.0544163319
1634.0800000000	0.0547359386
1634.0900000000	0.0550745225
1634.1000000000	0.0552467308
1634.1100000000	0.0552946387
1634.1200000000	0.0552061564
1634.1300000000	0.0549858434
1634.1400000000	0.0546304550
1634.1500000000	0.0540856401
1634.1600000000	0.0533735703
1634.1700000000	0.0526832855
1634.1800000000	0.0521079807
1634.1900000000	0.0516015993
1634.2000000000	0.0511332066
1634.2100000000	0.0508936530
1634.2200000000	0.0506469369
1634.2300000000	0.0507519223
1634.2400000000	0.0509309383
1634.2500000000	0.0513803552
1634.2600000000	0.0518498676
1634.2700000000	0.0522690811
1634.2800000000	0.0526856473
1634.2900000000	0.0532618341
1634.3000000000	0.0536715157
1634.3100000000	0.0539387239
1634.3200000000	0.0541860988
1634.3300000000	0.0543183624
1634.3400000000	0.0542565477
1634.3500000000	0.0540100670
1634.3600000000	0.0535527471
1634.3700000000	0.0529098854
1634.3800000000	0.0521457952
1634.3900000000	0.0513309312
1634.4000000000	0.0505989007
1634.4100000000	0.0499132395
1634.4200000000	0.0494291118
1634.4300000000	0.0491047124
1634.4400000000	0.0489292474
1634.4500000000	0.0489366296
1634.4600000000	0.0491338317
1634.4700000000	0.0495917138
1634.4800000000	0.0501809260
1634.4900000000	0.0509507851
1634.5000000000	0.0516563520
1634.5100000000	0.0523234386
1634.5200000000	0.0530238119
1634.5300000000	0.0536547944
1634.5400000000	0.0542163578
1634.5500000000	0.0546146935
1634.5600000000	0.0547295069
1634.5700000000	0.0548024027
1634.5800000000	0.0547022914
1634.5900000000	0.0543951293
1634.6000000000	0.0541151472
1634.6100000000	0.0535478700
1634.6200000000	0.0530455463
1634.6300000000	0.0525242940
1634.6400000000	0.0521503529
1634.6500000000	0.0518004213
1634.6600000000	0.0515340156
1634.6700000000	0.0513971979
1634.6800000000	0.0513727718
1634.6900000000	0.0515341961
1634.7000000000	0.0517997073
1634.7100000000	0.0521353143
1634.7200000000	0.0525410028
1634.7300000000	0.0529913018
1634.7400000000	0.0533509808
1634.7500000000	0.0537100269
1634.7600000000	0.0539437847
1634.7700000000	0.0540126230
1634.7800000000	0.0539560751
1634.7900000000	0.0537944008
1634.8000000000	0.0536503312
1634.8100000000	0.0534830136
1634.8200000000	0.0531723240
1634.8300000000	0.0527596283
1634.8400000000	0.0524096686
1634.8500000000	0.0520592675
1634.8600000000	0.0518115862
1634.8700000000	0.0517101375
1634.8800000000	0.0517503460
1634.8900000000	0.0518765292
1634.9000000000	0.0521018116
1634.9100000000	0.0523446887
1634.9200000000	0.0527359345
1634.9300000000	0.0530900613
1634.9400000000	0.0533778075
1634.9500000000	0.0535920684
1634.9600000000	0.0538355840
1634.9700000000	0.0540335128
1634.9800000000	0.0540901528
1634.9900000000	0.0539818072
1635.0000000000	0.0537110778
1635.0100000000	0.0533165413
1635.0200000000	0.0527906892
1635.0300000000	0.0522347743
1635.0400000000	0.0517510760
1635.0500000000	0.0512897177
1635.0600000000	0.0507949120
1635.0700000000	0.0505934503
1635.0800000000	0.0503087746
1635.0900000000	0.0500877712
1635.1000000000	0.0500140741
1635.1100000000	0.0500910547
1635.1200000000	0.0502680385
1635.1300000000	0.0503533740
1635.1400000000	0.0505716395
1635.1500000000	0.0507777966
1635.1600000000	0.0509079546
1635.1700000000	0.0509136752
1635.1800000000	0.0509874823
1635.1900000000	0.0510853883
1635.2000000000	0.0509517282
1635.2100000000	0.0509122985
1635.2200000000	0.0507905614
1635.2300000000	0.0505736733
1635.2400000000	0.0502592489
1635.2500000000	0.0500862568
1635.2600000000	0.0499626563
1635.2700000000	0.0499279068
1635.2800000000	0.0500469961
1635.2900000000	0.0501420736
1635.3000000000	0.0502815229
1635.3100000000	0.0505182569
1635.3200000000	0.0507725941
1635.3300000000	0.0509603216
1635.3400000000	0.0511047825
1635.3500000000	0.0513694149
1635.3600000000	0.0517517012
1635.3700000000	0.0520036965
1635.3800000000	0.0522430586
1635.3900000000	0.0523024064
1635.4000000000	0.0522745182
1635.4100000000	0.0520412820
1635.4200000000	0.0517263825
1635.4300000000	0.0515161492
1635.4400000000	0.0512225932
1635.4500000000	0.0508692995
1635.4600000000	0.0505110700
1635.4700000000	0.0502245542
1635.4800000000	0.0500293972
1635.4900000000	0.0499544840
1635.5000000000	0.0499204325
1635.5100000000	0.0498859843
1635.5200000000	0.0499709589
1635.5300000000	0.0501643800
1635.5400000000	0.0504629163
1635.5500000000	0.0508169369
1635.5600000000	0.0511253976
1635.5700000000	0.0513594023
1635.5800000000	0.0515017031
1635.5900000000	0.0516662461
1635.6000000000	0.0518229300
1635.6100000000	0.0518733432
1635.6200000000	0.0518361590
1635.6300000000	0.0517811772
1635.6400000000	0.0516675487
1635.6500000000	0.0514228275
1635.6600000000	0.0512438870
1635.6700000000	0.0510670601
1635.6800000000	0.0508882898
1635.6900000000	0.0509372729
1635.7000000000	0.0510413172
1635.7100000000	0.0512169718
1635.7200000000	0.0513654744
1635.7300000000	0.0515460696
1635.7400000000	0.0518700595
1635.7500000000	0.0521767419
1635.7600000000	0.0524512099
1635.7700000000	0.0526630239
1635.7800000000	0.0528387318
1635.7900000000	0.0528744858
1635.8000000000	0.0528744858
1635.8100000000	0.0526630166
1635.8200000000	0.0524219271
1635.8300000000	0.0521933832
1635.8400000000	0.0518255449
1635.8500000000	0.0514267455
1635.8600000000	0.0510169790
1635.8700000000	0.0506148970
1635.8800000000	0.0502464827
1635.8900000000	0.0498590148
1635.9000000000	0.0496228681
1635.9100000000	0.0495673261
1635.9200000000	0.0495694160
1635.9300000000	0.0496984243
1635.9400000000	0.0499646226
1635.9500000000	0.0502578517
1635.9600000000	0.0505204200
1635.9700000000	0.0508266917
1635.9800000000	0.0511246458
1635.9900000000	0.0513804798
1636.0000000000	0.0515490641
1636.0100000000	0.0515361188
1636.0200000000	0.0514655200
1636.0300000000	0.0512955896
1636.0400000000	0.0509636888
1636.0500000000	0.0504806566
1636.0600000000	0.0500664662
1636.0700000000	0.0496520552
1636.0800000000	0.0491841444
1636.0900000000	0.0487397346
1636.1000000000	0.0484552836
1636.1100000000	0.0482825476
1636.1200000000	0.0480600327
1636.1300000000	0.0478739649
1636.1400000000	0.0478899327
1636.1500000000	0.0480453449
1636.1600000000	0.0482715529
1636.1700000000	0.0485787522
1636.1800000000	0.0488910677
1636.1900000000	0.0491686105
1636.2000000000	0.0494479467
1636.2100000000	0.0496855691
1636.2200000000	0.0497421797
1636.2300000000	0.0497516095
1636.2400000000	0.0498155104
1636.2500000000	0.0496664084
1636.2600000000	0.0494381910
1636.2700000000	0.0493157916
1636.2800000000	0.0490045187
1636.2900000000	0.0487672432
1636.3000000000	0.0488688490
1636.3100000000	0.0489056547
1636.3200000000	0.0488754296
1636.3300000000	0.0490265678
1636.3400000000	0.0493406155
1636.3500000000	0.0494968390
1636.3600000000	0.0496368893
1636.3700000000	0.0500744717
1636.3800000000	0.0504189480
1636.3900000000	0.0505064731
1636.4000000000	0.0507759357
1636.4100000000	0.0510438200
1636.4200000000	0.0511224789
1636.4300000000	0.0510528138
1636.4400000000	0.0509429790
1636.4500000000	0.0507575562
1636.4600000000	0.0503566603
1636.4700000000	0.0499960200
1636.4800000000	0.0496493722
1636.4900000000	0.0491414378
1636.5000000000	0.0487740840
1636.5100000000	0.0485079262
1636.5200000000	0.0482754749
1636.5300000000	0.0481975624
1636.5400000000	0.0483398414
1636.5500000000	0.0485195086
1636.5600000000	0.0488157386
1636.5700000000	0.0493150628
1636.5800000000	0.0499107424
1636.5900000000	0.0503666706
1636.6000000000	0.0508536058
1636.6100000000	0.0513501131
1636.6200000000	0.0517049388
1636.6300000000	0.0520814955
1636.6400000000	0.0522995990
1636.6500000000	0.0524486086
1636.6600000000	0.0525629508
1636.6700000000	0.0525623109
1636.6800000000	0.0523810653
1636.6900000000	0.0520950923
1636.7000000000	0.0517423508
1636.7100000000	0.0513341489
1636.7200000000	0.0510316636
1636.7300000000	0.0509015188
1636.7400000000	0.0508300021
1636.7500000000	0.0508213675
1636.7600000000	0.0509763079
1636.7700000000	0.0512216867
1636.7800000000	0.0515227987
1636.7900000000	0.0517885586
1636.8000000000	0.0520342364
1636.8100000000	0.0523945502
1636.8200000000	0.0526651165
1636.8300000000	0.0528278174
1636.8400000000	0.0528744858
1636.8500000000	0.0527918046
1636.8600000000	0.0525910760
1636.8700000000	0.0524327823
1636.8800000000	0.0522294559
1636.8900000000	0.0517097289
1636.9000000000	0.0510760008
1636.9100000000	0.0504781560
1636.9200000000	0.0499578906
1636.9300000000	0.0494755381
1636.9400000000	0.0491366120
1636.9500000000	0.0489520433
1636.9600000000	0.0488748577
1636.9700000000	0.0489686802
1636.9800000000	0.0491074496
1636.9900000000	0.0494992689
1637.0000000000	0.0498852879
1637.0100000000	0.0502376237
1637.0200000000	0.0507840244
1637.0300000000	0.0512994906
1637.0400000000	0.0516846576
1637.0500000000	0.0519312648
1637.0600000000	0.0521168956
1637.0700000000	0.0522691770
1637.0800000000	0.0522467890
1637.0900000000	0.0519798935
1637.1000000000	0.0515710474
1637.1100000000	0.0510975281
1637.1200000000	0.0504951118
1637.1300000000	0.0498628527
1637.1400000000	0.0492355660
1637.1500000000	0.0487505996
1637.1600000000	0.0484495940
1637.1700000000	0.0481577237
1637.1800000000	0.0481551590
1637.1900000000	0.0481905590
1637.2000000000	0.0484408374
1637.2100000000	0.0489010525
1637.2200000000	0.0493658238
1637.2300000000	0.0499662834
1637.2400000000	0.0504987150
1637.2500000000	0.0508614739
1637.2600000000	0.0513186092
1637.2700000000	0.0516608281
1637.2800000000	0.0519703878
1637.2900000000	0.0521597129
1637.3000000000	0.0523296440
1637.3100000000	0.0523996019
1637.3200000000	0.0523364415
1637.3300000000	0.0522093670
1637.3400000000	0.0520038628
1637.3500000000	0.0517782285
1637.3600000000	0.0515200786
1637.3700000000	0.0512558472
1637.3800000000	0.0511364230
1637.3900000000	0.0511224789
1637.4000000000	0.0511224789
1637.4100000000	0.0511469230
1637.4200000000	0.0512854098
1637.4300000000	0.0515808981
1637.4400000000	0.0518616733
1637.4500000000	0.0521228767
1637.4600000000	0.0522888561
1637.4700000000	0.0524956907
1637.4800000000	0.0526762440
1637.4900000000	0.0526957156
1637.5000000000	0.0527587277
1637.5100000000	0.0527999982
1637.5200000000	0.0526659066
1637.5300000000	0.0524476342
1637.5400000000	0.0523318505
1637.5500000000	0.0521204668
1637.5600000000	0.0518049898
1637.5700000000	0.0516265905
1637.5800000000	0.0514856425
1637.5900000000	0.0515133582
1637.6000000000	0.0514179902
1637.6100000000	0.0515664686
1637.6200000000	0.0518649285
1637.6300000000	0.0520992941
1637.6400000000	0.0524188823
1637.6500000000	0.0527506360
1637.6600000000	0.0530823754
1637.6700000000	0.0529828315
1637.6800000000	0.0531247642
1637.6900000000	0.0532298739
1637.7000000000	0.0530129858
1637.7100000000	0.0527819006
1637.7200000000	0.0524672496
1637.7300000000	0.0520276476
1637.7400000000	0.0514771705
1637.7500000000	0.0509595961
1637.7600000000	0.0504159609
1637.7700000000	0.0499868976
1637.7800000000	0.0495995249
1637.7900000000	0.0493828734
1637.8000000000	0.0493063979
1637.8100000000	0.0493630408
1637.8200000000	0.0495113787
1637.8300000000	0.0497202417
1637.8400000000	0.0500802746
1637.8500000000	0.0504753537
1637.8600000000	0.0508769228
1637.8700000000	0.0511528374
1637.8800000000	0.0514881297
1637.8900000000	0.0517579853
1637.9000000000	0.0519642606
1637.9100000000	0.0519154692
1637.9200000000	0.0520379534
1637.9300000000	0.0518912202
1637.9400000000	0.0515865898
1637.9500000000	0.0511979612
1637.9600000000	0.0508042547
1637.9700000000	0.0505048943
1637.9800000000	0.0500884438
1637.9900000000	0.0497842131
1638.0000000000	0.0495941318
