1460.0000000000	0.0434299121
1460.0100000000	0.0435872541
1460.0200000000	0.0437482521
1460.0300000000	0.0439649487
1460.0400000000	0.0440198439
1460.0500000000	0.0439629366
1460.0600000000	0.0438966910
1460.0700000000	0.0438963982
1460.0800000000	0.0440497885
1460.0900000000	0.0443266210
1460.1000000000	0.0446040955
1460.1100000000	0.0450149171
1460.1200000000	0.0454118708
1460.1300000000	0.0456928000
1460.1400000000	0.0459490435
1460.1500000000	0.0461812703
1460.1600000000	0.0464064520
1460.1700000000	0.0467032988
1460.1800000000	0.0470483575
1460.1900000000	0.0475061039
1460.2000000000	0.0478911534
1460.2100000000	0.0481426301
1460.2200000000	0.0481329147
1460.2300000000	0.0478850125
1460.2400000000	0.0477432539
1460.2500000000	0.0476308994
1460.2600000000	0.0476884161
1460.2700000000	0.0476114064
1460.2800000000	0.0475277920
1460.2900000000	0.0475999125
1460.3000000000	0.0474823246
1460.3100000000	0.0472657361
1460.3200000000	0.0469510414
1460.3300000000	0.0465736783
1460.3400000000	0.0464651775
1460.3500000000	0.0464438799
1460.3600000000	0.0466530910
1460.3700000000	0.0468109144
1460.3800000000	0.0469814489
1460.3900000000	0.0469925839
1460.4000000000	0.0468080252
1460.4100000000	0.0467898891
1460.4200000000	0.0466219935
1460.4300000000	0.0464494338
1460.4400000000	0.0464474906
1460.4500000000	0.0464743061
1460.4600000000	0.0465887284
1460.4700000000	0.0467217388
1460.4800000000	0.0467136540
1460.4900000000	0.0466645175
1460.5000000000	0.0464988912
1460.5100000000	0.0463578290
1460.5200000000	0.0463584630
1460.5300000000	0.0463670440
1460.5400000000	0.0464147161
1460.5500000000	0.0465492284
1460.5600000000	0.0466594005
1460.5700000000	0.0467104464
1460.5800000000	0.0466331867
1460.5900000000	0.0464138608
1460.6000000000	0.0461307621
1460.6100000000	0.0457808119
1460.6200000000	0.0455494667
1460.6300000000	0.0453939148
1460.6400000000	0.0453350920
1460.6500000000	0.0451250387
1460.6600000000	0.0449926301
1460.6700000000	0.0446903612
1460.6800000000	0.0444556335
1460.6900000000	0.0442221074
1460.7000000000	0.0441045135
1460.7100000000	0.0440900024
1460.7200000000	0.0441280678
1460.7300000000	0.0442328837
1460.7400000000	0.0443678677
1460.7500000000	0.0444646488
1460.7600000000	0.0445505395
1460.7700000000	0.0445588025
1460.7800000000	0.0445042696
1460.7900000000	0.0445106352
1460.8000000000	0.0445634332
1460.8100000000	0.0446843421
1460.8200000000	0.0450207596
1460.8300000000	0.0453013966
1460.8400000000	0.0454617369
1460.8500000000	0.0456342512
1460.8600000000	0.0457395093
1460.8700000000	0.0458141588
1460.8800000000	0.0459481424
1460.8900000000	0.0462894484
1460.9000000000	0.0467375306
1460.9100000000	0.0471495653
1460.9200000000	0.0474794216
1460.9300000000	0.0478724066
1460.9400000000	0.0480475428
1460.9500000000	0.0480371135
1460.9600000000	0.0479086088
1460.9700000000	0.0479572045
1460.9800000000	0.0480546936
1460.9900000000	0.0481318946
1461.0000000000	0.0483744885
1461.0100000000	0.0486017452
1461.0200000000	0.0487340352
1461.0300000000	0.0488134887
1461.0400000000	0.0489110656
1461.0500000000	0.0490108525
1461.0600000000	0.0489069079
1461.0700000000	0.0488840385
1461.0800000000	0.0490503449
1461.0900000000	0.0495230176
1461.1000000000	0.0501766289
1461.1100000000	0.0506314944
1461.1200000000	0.0508805881
1461.1300000000	0.0507803545
1461.1400000000	0.0507169981
1461.1500000000	0.0505765422
1461.1600000000	0.0503731437
1461.1700000000	0.0503746654
1461.1800000000	0.0501928502
1461.1900000000	0.0500267370
1461.2000000000	0.0499147154
1461.2100000000	0.0495308308
1461.2200000000	0.0492425717
1461.2300000000	0.0487943409
1461.2400000000	0.0484257274
1461.2500000000	0.0483993049
1461.2600000000	0.0481106382
1461.2700000000	0.0480760072
1461.2800000000	0.0481109887
1461.2900000000	0.0479223922
1461.3000000000	0.0477485635
1461.3100000000	0.0473662656
1461.3200000000	0.0469124984
1461.3300000000	0.0464980206
1461.3400000000	0.0460946489
1461.3500000000	0.0456877024
1461.3600000000	0.0456579058
1461.3700000000	0.0453798920
1461.3800000000	0.0452329860
1461.3900000000	0.0450114553
1461.4000000000	0.0446937047
1461.4100000000	0.0446351031
1461.4200000000	0.0445012741
1461.4300000000	0.0444151062
1461.4400000000	0.0445595818
1461.4500000000	0.0446507911
1461.4600000000	0.0447658016
1461.4700000000	0.0449255281
1461.4800000000	0.0449322361
1461.4900000000	0.0448438775
1461.5000000000	0.0446722510
1461.5100000000	0.0444486432
1461.5200000000	0.0444641549
1461.5300000000	0.0446348159
1461.5400000000	0.0446698166
1461.5500000000	0.0449482490
1461.5600000000	0.0450492606
1461.5700000000	0.0450984464
1461.5800000000	0.0453090470
1461.5900000000	0.0453340802
1461.6000000000	0.0455498414
1461.6100000000	0.0458928996
1461.6200000000	0.0462582410
1461.6300000000	0.0469294059
1461.6400000000	0.0473752619
1461.6500000000	0.0477364669
1461.6600000000	0.0479919636
1461.6700000000	0.0480446825
1461.6800000000	0.0481139948
1461.6900000000	0.0481869107
1461.7000000000	0.0480876307
1461.7100000000	0.0481883700
1461.7200000000	0.0480864829
1461.7300000000	0.0480502669
1461.7400000000	0.0479842728
1461.7500000000	0.0479160895
1461.7600000000	0.0478451603
1461.7700000000	0.0477711792
1461.7800000000	0.0477290937
1461.7900000000	0.0478969849
1461.8000000000	0.0481168392
1461.8100000000	0.0483335753
1461.8200000000	0.0487276067
1461.8300000000	0.0487659904
1461.8400000000	0.0488726211
1461.8500000000	0.0488473600
1461.8600000000	0.0485123564
1461.8700000000	0.0483473555
1461.8800000000	0.0482015330
1461.8900000000	0.0482034305
1461.9000000000	0.0483098572
1461.9100000000	0.0484170062
1461.9200000000	0.0486465299
1461.9300000000	0.0487491395
1461.9400000000	0.0487268844
1461.9500000000	0.0487563289
1461.9600000000	0.0488513669
1461.9700000000	0.0490269657
1461.9800000000	0.0493360579
1461.9900000000	0.0497735032
1462.0000000000	0.0502289693
1462.0100000000	0.0506683537
1462.0200000000	0.0508951853
1462.0300000000	0.0509710714
1462.0400000000	0.0509346798
1462.0500000000	0.0508797809
1462.0600000000	0.0507616734
1462.0700000000	0.0507189585
1462.0800000000	0.0508383237
1462.0900000000	0.0506990611
1462.1000000000	0.0506162622
1462.1100000000	0.0505415531
1462.1200000000	0.0503054242
1462.1300000000	0.0501928444
1462.1400000000	0.0501429303
1462.1500000000	0.0501354212
1462.1600000000	0.0501581961
1462.1700000000	0.0501581961
1462.1800000000	0.0503668796
1462.1900000000	0.0505146454
1462.2000000000	0.0504410942
1462.2100000000	0.0503220390
1462.2200000000	0.0501483204
1462.2300000000	0.0498604325
1462.2400000000	0.0495469691
1462.2500000000	0.0493546649
1462.2600000000	0.0492993402
1462.2700000000	0.0492244762
1462.2800000000	0.0491310281
1462.2900000000	0.0490428481
1462.3000000000	0.0489063829
1462.3100000000	0.0488118003
1462.3200000000	0.0487491826
1462.3300000000	0.0488087727
1462.3400000000	0.0489528317
1462.3500000000	0.0491961709
1462.3600000000	0.0495421042
1462.3700000000	0.0499028376
1462.3800000000	0.0499107449
1462.3900000000	0.0498425138
1462.4000000000	0.0496727708
1462.4100000000	0.0494241176
1462.4200000000	0.0493726398
1462.4300000000	0.0492725822
1462.4400000000	0.0491125793
1462.4500000000	0.0491661162
1462.4600000000	0.0491672035
1462.4700000000	0.0489955658
1462.4800000000	0.0488592113
1462.4900000000	0.0487112420
1462.5000000000	0.0486295744
1462.5100000000	0.0487527879
1462.5200000000	0.0489046035
1462.5300000000	0.0491530873
1462.5400000000	0.0493846427
1462.5500000000	0.0495227177
1462.5600000000	0.0496070719
1462.5700000000	0.0496207649
1462.5800000000	0.0494868774
1462.5900000000	0.0493044933
1462.6000000000	0.0492646258
1462.6100000000	0.0490593055
1462.6200000000	0.0491159456
1462.6300000000	0.0493554553
1462.6400000000	0.0494723307
1462.6500000000	0.0494777487
1462.6600000000	0.0494430781
1462.6700000000	0.0494079932
1462.6800000000	0.0495023718
1462.6900000000	0.0496027208
1462.7000000000	0.0498420466
1462.7100000000	0.0501199341
1462.7200000000	0.0503837895
1462.7300000000	0.0506725592
1462.7400000000	0.0509705219
1462.7500000000	0.0510772391
1462.7600000000	0.0509623007
1462.7700000000	0.0507237542
1462.7800000000	0.0504731707
1462.7900000000	0.0502160674
1462.8000000000	0.0500513827
1462.8100000000	0.0500000824
1462.8200000000	0.0497526080
1462.8300000000	0.0494522581
1462.8400000000	0.0492685198
1462.8500000000	0.0489074369
1462.8600000000	0.0487322475
1462.8700000000	0.0487463866
1462.8800000000	0.0486842685
1462.8900000000	0.0488525678
1462.9000000000	0.0489664164
1462.9100000000	0.0491192004
1462.9200000000	0.0493370353
1462.9300000000	0.0493701409
1462.9400000000	0.0492393738
1462.9500000000	0.0491958672
1462.9600000000	0.0491268284
1462.9700000000	0.0489189251
1462.9800000000	0.0490085528
1462.9900000000	0.0490829802
1463.0000000000	0.0491191316
1463.0100000000	0.0491895564
1463.0200000000	0.0491573636
1463.0300000000	0.0493310695
1463.0400000000	0.0494084752
1463.0500000000	0.0494961903
1463.0600000000	0.0497843686
1463.0700000000	0.0502756842
1463.0800000000	0.0508911308
1463.0900000000	0.0513366638
1463.1000000000	0.0516842936
1463.1100000000	0.0519448513
1463.1200000000	0.0519420193
1463.1300000000	0.0519065945
1463.1400000000	0.0518684834
1463.1500000000	0.0518031593
1463.1600000000	0.0518362649
1463.1700000000	0.0517413409
1463.1800000000	0.0517303124
1463.1900000000	0.0517015690
1463.2000000000	0.0515766068
1463.2100000000	0.0513042307
1463.2200000000	0.0510730867
1463.2300000000	0.0509196294
1463.2400000000	0.0509737420
1463.2500000000	0.0516634050
1463.2600000000	0.0521207599
1463.2700000000	0.0525954413
1463.2800000000	0.0528395007
1463.2900000000	0.0528948618
1463.3000000000	0.0526923614
1463.3100000000	0.0524200345
1463.3200000000	0.0521055675
1463.3300000000	0.0518218547
1463.3400000000	0.0515551175
1463.3500000000	0.0513830353
1463.3600000000	0.0512594169
1463.3700000000	0.0511755790
1463.3800000000	0.0508694480
1463.3900000000	0.0506298529
1463.4000000000	0.0504047343
1463.4100000000	0.0503385096
1463.4200000000	0.0503994363
1463.4300000000	0.0505601190
1463.4400000000	0.0508394243
1463.4500000000	0.0511674479
1463.4600000000	0.0514313783
1463.4700000000	0.0516844461
1463.4800000000	0.0517618738
1463.4900000000	0.0517990308
1463.5000000000	0.0514148369
1463.5100000000	0.0512762228
1463.5200000000	0.0512986825
1463.5300000000	0.0511641311
1463.5400000000	0.0509130623
1463.5500000000	0.0510141333
1463.5600000000	0.0508750325
1463.5700000000	0.0506640341
1463.5800000000	0.0506576616
1463.5900000000	0.0506576616
1463.6000000000	0.0506576616
1463.6100000000	0.0509980253
1463.6200000000	0.0512875097
1463.6300000000	0.0518444618
1463.6400000000	0.0522963311
1463.6500000000	0.0524587027
1463.6600000000	0.0525496202
1463.6700000000	0.0525232403
1463.6800000000	0.0523936157
1463.6900000000	0.0523381605
1463.7000000000	0.0521980534
1463.7100000000	0.0520273045
1463.7200000000	0.0520297220
1463.7300000000	0.0518776770
1463.7400000000	0.0516248603
1463.7500000000	0.0513945192
1463.7600000000	0.0510863517
1463.7700000000	0.0509260198
1463.7800000000	0.0507814853
1463.7900000000	0.0508961582
1463.8000000000	0.0513066800
1463.8100000000	0.0515385407
1463.8200000000	0.0517552457
1463.8300000000	0.0518000474
1463.8400000000	0.0515050283
1463.8500000000	0.0514477853
1463.8600000000	0.0511318532
1463.8700000000	0.0508175259
1463.8800000000	0.0506529394
1463.8900000000	0.0502323127
1463.9000000000	0.0500855822
1463.9100000000	0.0500855822
1463.9200000000	0.0498819938
1463.9300000000	0.0496470332
1463.9400000000	0.0494886938
1463.9500000000	0.0493928680
1463.9600000000	0.0495925147
1463.9700000000	0.0498632652
1463.9800000000	0.0502343290
1463.9900000000	0.0508092687
1464.0000000000	0.0512362518
1464.0100000000	0.0515097099
1464.0200000000	0.0517617428
1464.0300000000	0.0517124397
1464.0400000000	0.0515336651
1464.0500000000	0.0514056939
1464.0600000000	0.0512987509
1464.0700000000	0.0513134084
1464.0800000000	0.0513592798
1464.0900000000	0.0513727718
1464.1000000000	0.0513906489
1464.1100000000	0.0513609663
1464.1200000000	0.0513431471
1464.1300000000	0.0514827843
1464.1400000000	0.0517211229
1464.1500000000	0.0520977834
1464.1600000000	0.0527329073
1464.1700000000	0.0535148270
1464.1800000000	0.0541548073
1464.1900000000	0.0547177021
1464.2000000000	0.0550883514
1464.2100000000	0.0552719233
1464.2200000000	0.0552461214
1464.2300000000	0.0550621171
1464.2400000000	0.0549742822
1464.2500000000	0.0548348775
1464.2600000000	0.0546701922
1464.2700000000	0.0545086437
1464.2800000000	0.0543253332
1464.2900000000	0.0541225966
1464.3000000000	0.0539014304
1464.3100000000	0.0537640759
1464.3200000000	0.0537515012
1464.3300000000	0.0538364693
1464.3400000000	0.0539879984
1464.3500000000	0.0541855025
1464.3600000000	0.0544740945
1464.3700000000	0.0547887612
1464.3800000000	0.0549028057
1464.3900000000	0.0548148211
1464.4000000000	0.0545739526
1464.4100000000	0.0543180505
1464.4200000000	0.0539558927
1464.4300000000	0.0536333722
1464.4400000000	0.0534257696
1464.4500000000	0.0532677950
1464.4600000000	0.0531218550
1464.4700000000	0.0529817480
1464.4800000000	0.0529435160
1464.4900000000	0.0528376802
1464.5000000000	0.0528489978
1464.5100000000	0.0530854748
1464.5200000000	0.0533775898
1464.5300000000	0.0538933297
1464.5400000000	0.0543285278
1464.5500000000	0.0544463376
1464.5600000000	0.0546104199
1464.5700000000	0.0546066266
1464.5800000000	0.0543378199
1464.5900000000	0.0540368585
1464.6000000000	0.0535983516
1464.6100000000	0.0532079689
1464.6200000000	0.0531962869
1464.6300000000	0.0529583847
1464.6400000000	0.0527442136
1464.6500000000	0.0526306295
1464.6600000000	0.0524578126
1464.6700000000	0.0523456688
1464.6800000000	0.0524399501
1464.6900000000	0.0526633343
1464.7000000000	0.0529998141
1464.7100000000	0.0533042863
1464.7200000000	0.0536496504
1464.7300000000	0.0540434268
1464.7400000000	0.0541927815
1464.7500000000	0.0541335037
1464.7600000000	0.0539011650
1464.7700000000	0.0535545647
1464.7800000000	0.0530992374
1464.7900000000	0.0526589069
1464.8000000000	0.0524784783
1464.8100000000	0.0522763409
1464.8200000000	0.0520716770
1464.8300000000	0.0518018351
1464.8400000000	0.0516656153
1464.8500000000	0.0514233939
1464.8600000000	0.0512767132
1464.8700000000	0.0512980764
1464.8800000000	0.0513979059
1464.8900000000	0.0517303255
1464.9000000000	0.0520235102
1464.9100000000	0.0523739131
1464.9200000000	0.0528365416
1464.9300000000	0.0528052359
1464.9400000000	0.0526584572
1464.9500000000	0.0525753047
1464.9600000000	0.0523739145
1464.9700000000	0.0523791725
1464.9800000000	0.0524780525
1464.9900000000	0.0523739145
1465.0000000000	0.0525526848
1465.0100000000	0.0526949856
1465.0200000000	0.0526657850
1465.0300000000	0.0528133915
1465.0400000000	0.0529867139
1465.0500000000	0.0531522419
1465.0600000000	0.0535064847
1465.0700000000	0.0540146810
1465.0800000000	0.0545876411
1465.0900000000	0.0551129757
1465.1000000000	0.0553973648
1465.1100000000	0.0554214031
1465.1200000000	0.0552754434
1465.1300000000	0.0549006104
1465.1400000000	0.0543590411
1465.1500000000	0.0538387941
1465.1600000000	0.0534732012
1465.1700000000	0.0529794679
1465.1800000000	0.0525173083
1465.1900000000	0.0520612425
1465.2000000000	0.0518354650
1465.2100000000	0.0516230502
1465.2200000000	0.0513398498
1465.2300000000	0.0511617733
1465.2400000000	0.0512283109
1465.2500000000	0.0515872962
1465.2600000000	0.0521681322
1465.2700000000	0.0524647025
1465.2800000000	0.0528427045
1465.2900000000	0.0529751269
1465.3000000000	0.0529502977
1465.3100000000	0.0528019846
1465.3200000000	0.0524956193
1465.3300000000	0.0521951333
1465.3400000000	0.0519627283
1465.3500000000	0.0518286506
1465.3600000000	0.0518018351
1465.3700000000	0.0518822817
1465.3800000000	0.0518549244
1465.3900000000	0.0517017127
1465.4000000000	0.0518829236
1465.4100000000	0.0521529775
1465.4200000000	0.0523868453
1465.4300000000	0.0529574042
1465.4400000000	0.0535421524
1465.4500000000	0.0542476968
1465.4600000000	0.0545093040
1465.4700000000	0.0547571183
1465.4800000000	0.0550072735
1465.4900000000	0.0546696188
1465.5000000000	0.0541974296
1465.5100000000	0.0539040214
1465.5200000000	0.0536590802
1465.5300000000	0.0534566850
1465.5400000000	0.0533195883
1465.5500000000	0.0532738665
1465.5600000000	0.0532114136
1465.5700000000	0.0531399357
1465.5800000000	0.0532377585
1465.5900000000	0.0533248570
1465.6000000000	0.0535681291
1465.6100000000	0.0540544075
1465.6200000000	0.0545335293
1465.6300000000	0.0550841563
1465.6400000000	0.0557823238
1465.6500000000	0.0561631983
1465.6600000000	0.0563321931
1465.6700000000	0.0563073574
1465.6800000000	0.0559476693
1465.6900000000	0.0557724043
1465.7000000000	0.0554236129
1465.7100000000	0.0550730825
1465.7200000000	0.0548873921
1465.7300000000	0.0545033261
1465.7400000000	0.0542432959
1465.7500000000	0.0540598165
1465.7600000000	0.0538186997
1465.7700000000	0.0535862728
1465.7800000000	0.0534399442
1465.7900000000	0.0534366336
1465.8000000000	0.0535668914
1465.8100000000	0.0538637056
1465.8200000000	0.0541522808
1465.8300000000	0.0543068586
1465.8400000000	0.0541642191
1465.8500000000	0.0538850185
1465.8600000000	0.0535151586
1465.8700000000	0.0529297458
1465.8800000000	0.0524878837
1465.8900000000	0.0520451955
1465.9000000000	0.0517160888
1465.9100000000	0.0514800340
1465.9200000000	0.0512998472
1465.9300000000	0.0512633499
1465.9400000000	0.0511929250
1465.9500000000	0.0511611225
1465.9600000000	0.0513123217
1465.9700000000	0.0517030379
1465.9800000000	0.0524363030
1465.9900000000	0.0531149510
1466.0000000000	0.0536730101
1466.0100000000	0.0542023955
1466.0200000000	0.0546989931
1466.0300000000	0.0549800607
1466.0400000000	0.0549613433
1466.0500000000	0.0548903577
1466.0600000000	0.0547620750
1466.0700000000	0.0547051517
1466.0800000000	0.0546980009
1466.0900000000	0.0547546410
1466.1000000000	0.0546856109
1466.1100000000	0.0547450830
1466.1200000000	0.0548251264
1466.1300000000	0.0549596902
1466.1400000000	0.0552685732
1466.1500000000	0.0555403194
1466.1600000000	0.0558990744
1466.1700000000	0.0564802059
1466.1800000000	0.0569734881
1466.1900000000	0.0575532039
1466.2000000000	0.0579379138
1466.2100000000	0.0579247239
1466.2200000000	0.0577570479
1466.2300000000	0.0573475235
1466.2400000000	0.0569922344
1466.2500000000	0.0568049026
1466.2600000000	0.0566128874
1466.2700000000	0.0565095979
1466.2800000000	0.0564197454
1466.2900000000	0.0562701395
1466.3000000000	0.0561552047
1466.3100000000	0.0560599490
1466.3200000000	0.0560671721
1466.3300000000	0.0562567769
1466.3400000000	0.0566287733
1466.3500000000	0.0570137761
1466.3600000000	0.0575805242
1466.3700000000	0.0580459092
1466.3800000000	0.0583704025
1466.3900000000	0.0583842083
1466.4000000000	0.0579401770
1466.4100000000	0.0575460235
1466.4200000000	0.0570235043
1466.4300000000	0.0563937095
1466.4400000000	0.0560137804
1466.4500000000	0.0556861421
1466.4600000000	0.0554954401
1466.4700000000	0.0551790700
1466.4800000000	0.0546965998
1466.4900000000	0.0545690063
1466.5000000000	0.0545549701
1466.5100000000	0.0543437873
1466.5200000000	0.0542689377
1466.5300000000	0.0544374419
1466.5400000000	0.0547587780
1466.5500000000	0.0550428071
1466.5600000000	0.0551270641
1466.5700000000	0.0551726330
1466.5800000000	0.0551985722
1466.5900000000	0.0547856302
1466.6000000000	0.0541508321
1466.6100000000	0.0536561500
1466.6200000000	0.0531902549
1466.6300000000	0.0528093758
1466.6400000000	0.0525348109
1466.6500000000	0.0523725394
1466.6600000000	0.0521559083
1466.6700000000	0.0517879398
1466.6800000000	0.0516829909
1466.6900000000	0.0517420041
1466.7000000000	0.0519312648
1466.7100000000	0.0523434654
1466.7200000000	0.0527850952
1466.7300000000	0.0532261302
1466.7400000000	0.0535986894
1466.7500000000	0.0538648039
1466.7600000000	0.0540299898
1466.7700000000	0.0539909171
1466.7800000000	0.0537267703
1466.7900000000	0.0533869752
1466.8000000000	0.0531226069
1466.8100000000	0.0529321879
1466.8200000000	0.0527785468
1466.8300000000	0.0525898549
1466.8400000000	0.0524100372
1466.8500000000	0.0523381605
1466.8600000000	0.0523537553
1466.8700000000	0.0525526921
1466.8800000000	0.0528668243
1466.8900000000	0.0532108594
1466.9000000000	0.0536660045
1466.9100000000	0.0541370220
1466.9200000000	0.0545259488
1466.9300000000	0.0547966821
1466.9400000000	0.0548460732
1466.9500000000	0.0546518713
1466.9600000000	0.0544050114
1466.9700000000	0.0541232671
1466.9800000000	0.0538031131
1466.9900000000	0.0536087867
1467.0000000000	0.0536538115
1467.0100000000	0.0536383397
1467.0200000000	0.0537245859
1467.0300000000	0.0538398745
1467.0400000000	0.0538398745
1467.0500000000	0.0538887265
1467.0600000000	0.0541566586
1467.0700000000	0.0546827707
1467.0800000000	0.0554233151
1467.0900000000	0.0561547382
1467.1000000000	0.0568164908
1467.1100000000	0.0572509915
1467.1200000000	0.0575703307
1467.1300000000	0.0575604706
1467.1400000000	0.0573022186
1467.1500000000	0.0570977571
1467.1600000000	0.0566492552
1467.1700000000	0.0561063378
1467.1800000000	0.0560146325
1467.1900000000	0.0559518518
1467.2000000000	0.0557617983
1467.2100000000	0.0556809404
1467.2200000000	0.0554534014
1467.2300000000	0.0554169970
1467.2400000000	0.0553844933
1467.2500000000	0.0552976620
1467.2600000000	0.0555864603
1467.2700000000	0.0558862203
1467.2800000000	0.0559765084
1467.2900000000	0.0563145579
1467.3000000000	0.0563316474
1467.3100000000	0.0561161708
1467.3200000000	0.0558936491
1467.3300000000	0.0552657499
1467.3400000000	0.0546371736
1467.3500000000	0.0541397734
1467.3600000000	0.0536312354
1467.3700000000	0.0534617337
1467.3800000000	0.0530468224
1467.3900000000	0.0528885708
1467.4000000000	0.0527811678
1467.4100000000	0.0524284326
1467.4200000000	0.0524933261
1467.4300000000	0.0526610001
1467.4400000000	0.0527237580
1467.4500000000	0.0531033226
1467.4600000000	0.0533551563
1467.4700000000	0.0537018650
1467.4800000000	0.0540780182
1467.4900000000	0.0540082379
1467.5000000000	0.0538793145
1467.5100000000	0.0537698177
1467.5200000000	0.0531299308
1467.5300000000	0.0528098396
1467.5400000000	0.0526688029
1467.5500000000	0.0524683052
1467.5600000000	0.0525140987
1467.5700000000	0.0523999175
1467.5800000000	0.0523518842
1467.5900000000	0.0526066896
1467.6000000000	0.0526195034
1467.6100000000	0.0527554195
1467.6200000000	0.0531615789
1467.6300000000	0.0536416284
1467.6400000000	0.0543236229
1467.6500000000	0.0549214719
1467.6600000000	0.0553820722
1467.6700000000	0.0556600165
1467.6800000000	0.0555716375
1467.6900000000	0.0553530567
1467.7000000000	0.0552561760
1467.7100000000	0.0550829533
1467.7200000000	0.0549075594
1467.7300000000	0.0548647386
1467.7400000000	0.0546990629
1467.7500000000	0.0547359002
1467.7600000000	0.0548424331
1467.7700000000	0.0549132475
1467.7800000000	0.0549854930
1467.7900000000	0.0550672308
1467.8000000000	0.0553634796
1467.8100000000	0.0557280369
1467.8200000000	0.0561044900
1467.8300000000	0.0566411693
1467.8400000000	0.0572107696
1467.8500000000	0.0573546009
1467.8600000000	0.0575054958
1467.8700000000	0.0572192763
1467.8800000000	0.0569155382
1467.8900000000	0.0564156403
1467.9000000000	0.0559291838
1467.9100000000	0.0555244209
1467.9200000000	0.0553180938
1467.9300000000	0.0551137840
1467.9400000000	0.0548791570
1467.9500000000	0.0546677475
1467.9600000000	0.0545164691
1467.9700000000	0.0543789502
1467.9800000000	0.0543404458
1467.9900000000	0.0544699630
1468.0000000000	0.0547828678
1468.0100000000	0.0552277556
1468.0200000000	0.0556743314
1468.0300000000	0.0560267790
1468.0400000000	0.0562967616
1468.0500000000	0.0561632312
1468.0600000000	0.0558855002
1468.0700000000	0.0556014394
1468.0800000000	0.0554074350
1468.0900000000	0.0552304323
1468.1000000000	0.0552276003
1468.1100000000	0.0552630003
1468.1200000000	0.0552984004
1468.1300000000	0.0554456646
1468.1400000000	0.0556970967
1468.1500000000	0.0559842106
1468.1600000000	0.0562357940
1468.1700000000	0.0566356034
1468.1800000000	0.0572523225
1468.1900000000	0.0579321536
1468.2000000000	0.0586055290
1468.2100000000	0.0592685830
1468.2200000000	0.0596356467
1468.2300000000	0.0597899570
1468.2400000000	0.0596178325
1468.2500000000	0.0592476602
1468.2600000000	0.0589761033
1468.2700000000	0.0584612303
1468.2800000000	0.0581972084
1468.2900000000	0.0581072680
1468.3000000000	0.0578018292
1468.3100000000	0.0577660612
1468.3200000000	0.0577482910
1468.3300000000	0.0578041784
1468.3400000000	0.0577693970
1468.3500000000	0.0577664376
1468.3600000000	0.0581167698
1468.3700000000	0.0586827098
1468.3800000000	0.0591583652
1468.3900000000	0.0596679614
1468.4000000000	0.0600599451
1468.4100000000	0.0599275227
1468.4200000000	0.0598566767
1468.4300000000	0.0594415206
1468.4400000000	0.0589457166
1468.4500000000	0.0584491102
1468.4600000000	0.0579495681
1468.4700000000	0.0577314623
1468.4800000000	0.0575587738
1468.4900000000	0.0573492939
1468.5000000000	0.0571618531
1468.5100000000	0.0569220361
1468.5200000000	0.0567244947
1468.5300000000	0.0567644224
1468.5400000000	0.0569376772
1468.5500000000	0.0572192763
1468.5600000000	0.0574951541
1468.5700000000	0.0578350854
1468.5800000000	0.0580916139
1468.5900000000	0.0581010476
1468.6000000000	0.0579495978
1468.6100000000	0.0574571597
1468.6200000000	0.0567774614
1468.6300000000	0.0562823577
1468.6400000000	0.0558609996
1468.6500000000	0.0554633521
1468.6600000000	0.0550944959
1468.6700000000	0.0547878873
1468.6800000000	0.0546047555
1468.6900000000	0.0545241721
1468.7000000000	0.0544378931
1468.7100000000	0.0544119539
1468.7200000000	0.0544562076
1468.7300000000	0.0546841949
1468.7400000000	0.0550654568
1468.7500000000	0.0554528265
1468.7600000000	0.0559633507
1468.7700000000	0.0563638072
1468.7800000000	0.0564019488
1468.7900000000	0.0562715842
1468.8000000000	0.0559605392
1468.8100000000	0.0556627019
1468.8200000000	0.0554235205
1468.8300000000	0.0551691277
1468.8400000000	0.0550537464
1468.8500000000	0.0549287771
1468.8600000000	0.0548969957
1468.8700000000	0.0549583460
1468.8800000000	0.0549840333
1468.8900000000	0.0550017488
1468.9000000000	0.0551181256
1468.9100000000	0.0554182044
1468.9200000000	0.0559289905
1468.9300000000	0.0564643083
1468.9400000000	0.0570058350
1468.9500000000	0.0574729600
1468.9600000000	0.0576603117
1468.9700000000	0.0574939846
1468.9800000000	0.0571470502
1468.9900000000	0.0565576249
1469.0000000000	0.0562128496
1469.0100000000	0.0558779138
1469.0200000000	0.0553818588
1469.0300000000	0.0554717332
1469.0400000000	0.0553415884
1469.0500000000	0.0553519030
1469.0600000000	0.0555217618
1469.0700000000	0.0555911871
1469.0800000000	0.0559389061
1469.0900000000	0.0562241404
1469.1000000000	0.0567792276
1469.1100000000	0.0576146970
1469.1200000000	0.0582738603
1469.1300000000	0.0587500387
1469.1400000000	0.0592564594
1469.1500000000	0.0595298195
1469.1600000000	0.0595168487
1469.1700000000	0.0593768716
1469.1800000000	0.0590763851
1469.1900000000	0.0587025780
1469.2000000000	0.0584988818
1469.2100000000	0.0584724712
1469.2200000000	0.0585080695
1469.2300000000	0.0584445051
1469.2400000000	0.0582804466
1469.2500000000	0.0582670422
1469.2600000000	0.0582855518
1469.2700000000	0.0582735083
1469.2800000000	0.0584895030
1469.2900000000	0.0589552906
1469.3000000000	0.0593006006
1469.3100000000	0.0596776897
1469.3200000000	0.0600493513
1469.3300000000	0.0601222615
1469.3400000000	0.0599610872
1469.3500000000	0.0595512392
1469.3600000000	0.0590106185
1469.3700000000	0.0585476373
1469.3800000000	0.0581485441
1469.3900000000	0.0578186316
1469.4000000000	0.0576066633
1469.4100000000	0.0574309214
1469.4200000000	0.0572965629
1469.4300000000	0.0572127756
1469.4400000000	0.0571058746
1469.4500000000	0.0571541295
1469.4600000000	0.0573091866
1469.4700000000	0.0576161148
1469.4800000000	0.0579242644
1469.4900000000	0.0583137366
1469.5000000000	0.0586779906
1469.5100000000	0.0586876740
1469.5200000000	0.0583937799
1469.5300000000	0.0580911980
1469.5400000000	0.0576004780
1469.5500000000	0.0570029651
1469.5600000000	0.0565299227
1469.5700000000	0.0561232937
1469.5800000000	0.0559628740
1469.5900000000	0.0558684495
1469.6000000000	0.0556874547
1469.6100000000	0.0557143721
1469.6200000000	0.0555557901
1469.6300000000	0.0551681151
1469.6400000000	0.0552513366
1469.6500000000	0.0559180474
1469.6600000000	0.0567445201
1469.6700000000	0.0578422591
1469.6800000000	0.0585173023
1469.6900000000	0.0590543501
1469.7000000000	0.0594841843
1469.7100000000	0.0594230970
1469.7200000000	0.0591896439
1469.7300000000	0.0588330477
1469.7400000000	0.0583743834
1469.7500000000	0.0580988780
1469.7600000000	0.0578894237
1469.7700000000	0.0576426648
1469.7800000000	0.0576285048
1469.7900000000	0.0575102686
1469.8000000000	0.0573922568
1469.8100000000	0.0573438738
1469.8200000000	0.0574174893
1469.8300000000	0.0577329390
1469.8400000000	0.0581782826
1469.8500000000	0.0584774534
1469.8600000000	0.0587571978
1469.8700000000	0.0591051503
1469.8800000000	0.0592375727
1469.8900000000	0.0592388969
1469.9000000000	0.0589236775
1469.9100000000	0.0583030600
1469.9200000000	0.0576797593
1469.9300000000	0.0569704419
1469.9400000000	0.0565822971
1469.9500000000	0.0563604276
1469.9600000000	0.0560231336
1469.9700000000	0.0560507999
1469.9800000000	0.0559728855
1469.9900000000	0.0559226087
1470.0000000000	0.0561847566
1470.0100000000	0.0562863914
1470.0200000000	0.0564764577
1470.0300000000	0.0570697626
1470.0400000000	0.0575526920
1470.0500000000	0.0579194999
1470.0600000000	0.0584866312
1470.0700000000	0.0587160236
1470.0800000000	0.0586102358
1470.0900000000	0.0584613129
1470.1000000000	0.0581271506
1470.1100000000	0.0580897258
1470.1200000000	0.0579226508
1470.1300000000	0.0575457944
1470.1400000000	0.0578027320
1470.1500000000	0.0578817035
1470.1600000000	0.0579692340
1470.1700000000	0.0582319758
1470.1800000000	0.0581727469
1470.1900000000	0.0582991531
1470.2000000000	0.0588937608
1470.2100000000	0.0593822935
1470.2200000000	0.0602154641
1470.2300000000	0.0609333210
1470.2400000000	0.0612262279
1470.2500000000	0.0615422460
1470.2600000000	0.0614085258
1470.2700000000	0.0611950699
1470.2800000000	0.0609848817
1470.2900000000	0.0603886749
1470.3000000000	0.0599984394
1470.3100000000	0.0598295657
1470.3200000000	0.0595105048
1470.3300000000	0.0594591164
1470.3400000000	0.0594858484
1470.3500000000	0.0594574456
1470.3600000000	0.0595911056
1470.3700000000	0.0593631829
1470.3800000000	0.0594818931
1470.3900000000	0.0600844907
1470.4000000000	0.0603473163
1470.4100000000	0.0608528934
1470.4200000000	0.0613502290
1470.4300000000	0.0615272293
1470.4400000000	0.0615272293
1470.4500000000	0.0611188655
1470.4600000000	0.0603634976
1470.4700000000	0.0595651654
1470.4800000000	0.0587394412
1470.4900000000	0.0580922072
1470.5000000000	0.0575360183
1470.5100000000	0.0571271825
1470.5200000000	0.0569312688
1470.5300000000	0.0566804229
1470.5400000000	0.0564528648
1470.5500000000	0.0562762791
1470.5600000000	0.0560650297
1470.5700000000	0.0561425084
1470.5800000000	0.0563589216
1470.5900000000	0.0564870979
1470.6000000000	0.0568503830
1470.6100000000	0.0570254047
1470.6200000000	0.0571315841
1470.6300000000	0.0570950683
1470.6400000000	0.0564146148
1470.6500000000	0.0559060837
1470.6600000000	0.0555651538
1470.6700000000	0.0550125764
1470.6800000000	0.0547461567
1470.6900000000	0.0544307718
1470.7000000000	0.0541861350
1470.7100000000	0.0539753635
1470.7200000000	0.0537658125
1470.7300000000	0.0539064319
1470.7400000000	0.0544473591
1470.7500000000	0.0548934142
1470.7600000000	0.0553196453
1470.7700000000	0.0558860606
1470.7800000000	0.0564411479
1470.7900000000	0.0569172930
1470.8000000000	0.0572366158
1470.8100000000	0.0573905639
1470.8200000000	0.0572574681
1470.8300000000	0.0569624960
1470.8400000000	0.0566964677
1470.8500000000	0.0563146141
1470.8600000000	0.0559494219
1470.8700000000	0.0557359921
1470.8800000000	0.0557869042
1470.8900000000	0.0560988885
1470.9000000000	0.0561954244
1470.9100000000	0.0561389330
1470.9200000000	0.0563069771
1470.9300000000	0.0563308143
1470.9400000000	0.0566511262
1470.9500000000	0.0571541916
1470.9600000000	0.0577754940
1470.9700000000	0.0584006372
1470.9800000000	0.0587632486
1470.9900000000	0.0589618933
1471.0000000000	0.0588956542
1471.0100000000	0.0585465500
1471.0200000000	0.0582020002
1471.0300000000	0.0578047288
1471.0400000000	0.0574521878
1471.0500000000	0.0572280987
1471.0600000000	0.0570298423
1471.0700000000	0.0567566157
1471.0800000000	0.0566517881
1471.0900000000	0.0565546355
1471.1000000000	0.0569341793
1471.1100000000	0.0570962299
1471.1200000000	0.0574248742
1471.1300000000	0.0580037277
1471.1400000000	0.0582377579
1471.1500000000	0.0586238441
1471.1600000000	0.0592549536
1471.1700000000	0.0596816575
1471.1800000000	0.0598697029
1471.1900000000	0.0597293152
1471.2000000000	0.0593841102
1471.2100000000	0.0589917362
1471.2200000000	0.0585630545
1471.2300000000	0.0582165795
1471.2400000000	0.0581438122
1471.2500000000	0.0581788652
1471.2600000000	0.0582377543
1471.2700000000	0.0583653517
1471.2800000000	0.0585186935
1471.2900000000	0.0586118622
1471.3000000000	0.0586949596
1471.3100000000	0.0588813564
1471.3200000000	0.0592784695
1471.3300000000	0.0596603231
1471.3400000000	0.0602342754
1471.3500000000	0.0606709087
1471.3600000000	0.0608493323
1471.3700000000	0.0608985996
1471.3800000000	0.0602150249
1471.3900000000	0.0597159926
1471.4000000000	0.0592418147
1471.4100000000	0.0587112278
1471.4200000000	0.0583431472
1471.4300000000	0.0578332838
1471.4400000000	0.0576217271
1471.4500000000	0.0575372482
1471.4600000000	0.0573796278
1471.4700000000	0.0573905774
1471.4800000000	0.0573922780
1471.4900000000	0.0574034687
1471.5000000000	0.0576331711
1471.5100000000	0.0580214199
1471.5200000000	0.0585217032
1471.5300000000	0.0589373486
1471.5400000000	0.0591983796
1471.5500000000	0.0593896857
1471.5600000000	0.0593454632
1471.5700000000	0.0589355380
1471.5800000000	0.0585606698
1471.5900000000	0.0579863666
1471.6000000000	0.0574657401
1471.6100000000	0.0571766562
1471.6200000000	0.0569166206
1471.6300000000	0.0570719263
1471.6400000000	0.0569306702
1471.6500000000	0.0568395041
1471.6600000000	0.0570220873
1471.6700000000	0.0569695902
1471.6800000000	0.0572373422
1471.6900000000	0.0576551589
1471.7000000000	0.0580281302
1471.7100000000	0.0585714731
1471.7200000000	0.0590512766
1471.7300000000	0.0594086453
1471.7400000000	0.0595792901
1471.7500000000	0.0593526673
1471.7600000000	0.0590137151
1471.7700000000	0.0587042202
1471.7800000000	0.0583460102
1471.7900000000	0.0581482051
1471.8000000000	0.0581648710
1471.8100000000	0.0579977966
1471.8200000000	0.0580217681
1471.8300000000	0.0578304384
1471.8400000000	0.0577729370
1471.8500000000	0.0577153730
1471.8600000000	0.0575555523
1471.8700000000	0.0577561359
1471.8800000000	0.0580925490
1471.8900000000	0.0583256218
1471.9000000000	0.0587601591
1471.9100000000	0.0589665575
1471.9200000000	0.0589886185
1471.9300000000	0.0587178016
1471.9400000000	0.0581471320
1471.9500000000	0.0576008865
1471.9600000000	0.0570144969
1471.9700000000	0.0564626418
1471.9800000000	0.0560712856
1471.9900000000	0.0558139899
1472.0000000000	0.0556826687
1472.0100000000	0.0556931845
1472.0200000000	0.0557348976
1472.0300000000	0.0557845560
1472.0400000000	0.0559522293
1472.0500000000	0.0561677244
1472.0600000000	0.0565244847
1472.0700000000	0.0568997607
1472.0800000000	0.0574708422
1472.0900000000	0.0579744651
1472.1000000000	0.0583210666
1472.1100000000	0.0585371639
1472.1200000000	0.0584334889
1472.1300000000	0.0581589416
1472.1400000000	0.0577452635
1472.1500000000	0.0572837826
1472.1600000000	0.0572775260
1472.1700000000	0.0571868364
1472.1800000000	0.0573130847
1472.1900000000	0.0575580621
1472.2000000000	0.0575033514
1472.2100000000	0.0576071682
1472.2200000000	0.0578021903
1472.2300000000	0.0579546055
1472.2400000000	0.0584536759
1472.2500000000	0.0589727213
1472.2600000000	0.0594183301
1472.2700000000	0.0598844765
1472.2800000000	0.0602503580
1472.2900000000	0.0605072926
1472.3000000000	0.0606326287
1472.3100000000	0.0602839121
1472.3200000000	0.0597552091
1472.3300000000	0.0592494220
1472.3400000000	0.0585907116
1472.3500000000	0.0582163769
1472.3600000000	0.0584891417
1472.3700000000	0.0587824531
1472.3800000000	0.0588235350
1472.3900000000	0.0586664330
1472.4000000000	0.0587106807
1472.4100000000	0.0586933675
1472.4200000000	0.0588094878
1472.4300000000	0.0590891547
1472.4400000000	0.0593396663
1472.4500000000	0.0597116676
1472.4600000000	0.0600193757
1472.4700000000	0.0601793744
1472.4800000000	0.0600977307
1472.4900000000	0.0595967855
1472.5000000000	0.0589441699
1472.5100000000	0.0582836304
1472.5200000000	0.0575058280
1472.5300000000	0.0567500514
1472.5400000000	0.0562131171
1472.5500000000	0.0558578022
1472.5600000000	0.0556199672
1472.5700000000	0.0553318373
1472.5800000000	0.0552148241
1472.5900000000	0.0551639016
1472.6000000000	0.0549633989
1472.6100000000	0.0550194112
1472.6200000000	0.0552193326
1472.6300000000	0.0556307070
1472.6400000000	0.0561798071
1472.6500000000	0.0563069771
1472.6600000000	0.0563338811
1472.6700000000	0.0561568808
1472.6800000000	0.0557717388
1472.6900000000	0.0555528099
1472.7000000000	0.0549683964
1472.7100000000	0.0545992042
1472.7200000000	0.0544357899
1472.7300000000	0.0539491082
1472.7400000000	0.0539003313
1472.7500000000	0.0540101162
1472.7600000000	0.0539598568
1472.7700000000	0.0539861410
1472.7800000000	0.0541850183
1472.7900000000	0.0544249554
1472.8000000000	0.0548696218
1472.8100000000	0.0552633543
1472.8200000000	0.0556423509
1472.8300000000	0.0561724498
1472.8400000000	0.0565973508
1472.8500000000	0.0569708959
1472.8600000000	0.0572080084
1472.8700000000	0.0571432747
1472.8800000000	0.0569207126
1472.8900000000	0.0564963718
1472.9000000000	0.0562206009
1472.9100000000	0.0562361769
1472.9200000000	0.0563438146
1472.9300000000	0.0565749619
1472.9400000000	0.0566396127
1472.9500000000	0.0568563142
1472.9600000000	0.0572492307
1472.9700000000	0.0574024800
1472.9800000000	0.0576173406
1472.9900000000	0.0580185877
1473.0000000000	0.0585390730
1473.0100000000	0.0590690715
1473.0200000000	0.0595478039
1473.0300000000	0.0599193589
1473.0400000000	0.0600824299
1473.0500000000	0.0598431617
1473.0600000000	0.0593454507
1473.0700000000	0.0589385550
1473.0800000000	0.0585750365
1473.0900000000	0.0581973924
1473.1000000000	0.0580097741
1473.1100000000	0.0579874759
1473.1200000000	0.0578153978
1473.1300000000	0.0577729370
1473.1400000000	0.0578301435
1473.1500000000	0.0576745248
1473.1600000000	0.0578028537
1473.1700000000	0.0579638832
1473.1800000000	0.0579561911
1473.1900000000	0.0583734117
1473.2000000000	0.0584165391
1473.2100000000	0.0585357193
1473.2200000000	0.0586143559
1473.2300000000	0.0582834445
1473.2400000000	0.0579909472
1473.2500000000	0.0576154798
1473.2600000000	0.0568108417
1473.2700000000	0.0561227844
1473.2800000000	0.0555604079
1473.2900000000	0.0551649009
1473.3000000000	0.0550104203
1473.3100000000	0.0547884376
1473.3200000000	0.0547055851
1473.3300000000	0.0546878392
1473.3400000000	0.0545618210
1473.3500000000	0.0547657020
1473.3600000000	0.0550686872
1473.3700000000	0.0554102646
1473.3800000000	0.0559880162
1473.3900000000	0.0563767152
1473.4000000000	0.0567528413
1473.4100000000	0.0569267399
1473.4200000000	0.0566970389
1473.4300000000	0.0566858401
1473.4400000000	0.0562837228
1473.4500000000	0.0558835460
1473.4600000000	0.0559077089
1473.4700000000	0.0559245927
1473.4800000000	0.0560054670
1473.4900000000	0.0563405714
1473.5000000000	0.0565755119
1473.5100000000	0.0568371705
1473.5200000000	0.0571535466
1473.5300000000	0.0573731350
1473.5400000000	0.0577848631
1473.5500000000	0.0581850261
1473.5600000000	0.0585427897
1473.5700000000	0.0590042083
1473.5800000000	0.0592704325
1473.5900000000	0.0595637409
1473.6000000000	0.0596917962
1473.6100000000	0.0592532009
1473.6200000000	0.0588970882
1473.6300000000	0.0583350100
1473.6400000000	0.0576861078
1473.6500000000	0.0572418273
1473.6600000000	0.0568321302
1473.6700000000	0.0567721707
1473.6800000000	0.0565965641
1473.6900000000	0.0563334629
1473.7000000000	0.0564857595
1473.7100000000	0.0565215159
1473.7200000000	0.0564706248
1473.7300000000	0.0565751427
1473.7400000000	0.0568057426
1473.7500000000	0.0570821499
1473.7600000000	0.0573159077
1473.7700000000	0.0578413262
1473.7800000000	0.0581520140
1473.7900000000	0.0580225289
1473.8000000000	0.0576721161
1473.8100000000	0.0572426384
1473.8200000000	0.0566901288
1473.8300000000	0.0560337333
1473.8400000000	0.0555373173
1473.8500000000	0.0553072504
1473.8600000000	0.0551022841
1473.8700000000	0.0549174846
1473.8800000000	0.0548211538
1473.8900000000	0.0546914338
1473.9000000000	0.0546044625
1473.9100000000	0.0546793942
1473.9200000000	0.0547561889
1473.9300000000	0.0549840443
1473.9400000000	0.0552750926
1473.9500000000	0.0554865999
1473.9600000000	0.0557373275
1473.9700000000	0.0558578478
1473.9800000000	0.0557804028
1473.9900000000	0.0556290948
1474.0000000000	0.0552744199
1474.0100000000	0.0549822513
1474.0200000000	0.0547816654
1474.0300000000	0.0546325710
1474.0400000000	0.0547031613
1474.0500000000	0.0548425386
1474.0600000000	0.0550631595
1474.0700000000	0.0553294169
1474.0800000000	0.0555889304
1474.0900000000	0.0559315449
1474.1000000000	0.0562890978
1474.1100000000	0.0566770439
1474.1200000000	0.0572322316
1474.1300000000	0.0577570858
1474.1400000000	0.0581103795
1474.1500000000	0.0584076923
1474.1600000000	0.0582791729
1474.1700000000	0.0581763652
1474.1800000000	0.0577715900
1474.1900000000	0.0571914161
1474.2000000000	0.0567058438
1474.2100000000	0.0563516733
1474.2200000000	0.0561915729
1474.2300000000	0.0561375028
1474.2400000000	0.0561544028
1474.2500000000	0.0562663156
1474.2600000000	0.0563562691
1474.2700000000	0.0565453471
1474.2800000000	0.0569386563
1474.2900000000	0.0571700482
1474.3000000000	0.0576954038
1474.3100000000	0.0584022323
1474.3200000000	0.0589521252
1474.3300000000	0.0597550545
1474.3400000000	0.0600630393
1474.3500000000	0.0602754518
1474.3600000000	0.0602225226
1474.3700000000	0.0599620336
1474.3800000000	0.0597615860
1474.3900000000	0.0593863058
1474.4000000000	0.0590306839
1474.4100000000	0.0589012197
1474.4200000000	0.0588546244
1474.4300000000	0.0587972583
1474.4400000000	0.0589081665
1474.4500000000	0.0590104285
1474.4600000000	0.0590891547
1474.4700000000	0.0590672775
1474.4800000000	0.0589600153
1474.4900000000	0.0591338017
1474.5000000000	0.0592746510
1474.5100000000	0.0593642258
1474.5200000000	0.0594866360
1474.5300000000	0.0592828493
1474.5400000000	0.0588846979
1474.5500000000	0.0583619559
1474.5600000000	0.0576970538
1474.5700000000	0.0569291180
1474.5800000000	0.0561997178
1474.5900000000	0.0556562416
1474.6000000000	0.0554405469
1474.6100000000	0.0552339577
1474.6200000000	0.0552295345
1474.6300000000	0.0553295488
1474.6400000000	0.0553734096
1474.6500000000	0.0554073624
1474.6600000000	0.0555261590
1474.6700000000	0.0557686086
1474.6800000000	0.0560178462
1474.6900000000	0.0563122871
1474.7000000000	0.0566526093
1474.7100000000	0.0567951584
1474.7200000000	0.0567845384
1474.7300000000	0.0566358581
1474.7400000000	0.0561968508
1474.7500000000	0.0556952496
1474.7600000000	0.0552489251
1474.7700000000	0.0547575958
1474.7800000000	0.0545400768
1474.7900000000	0.0543837270
1474.8000000000	0.0544528157
1474.8100000000	0.0545405240
1474.8200000000	0.0545263669
1474.8300000000	0.0546925808
1474.8400000000	0.0549092749
1474.8500000000	0.0550075082
1474.8600000000	0.0553528962
1474.8700000000	0.0558735780
1474.8800000000	0.0562508900
1474.8900000000	0.0566685016
1474.9000000000	0.0569495725
1474.9100000000	0.0571373690
1474.9200000000	0.0570530741
1474.9300000000	0.0566508598
1474.9400000000	0.0562584790
1474.9500000000	0.0559010557
1474.9600000000	0.0555150558
1474.9700000000	0.0552874264
1474.9800000000	0.0552522033
1474.9900000000	0.0553231804
1475.0000000000	0.0554846119
1475.0100000000	0.0556878528
1475.0200000000	0.0558957909
1475.0300000000	0.0560529297
1475.0400000000	0.0562347393
1475.0500000000	0.0565973532
1475.0600000000	0.0569816337
1475.0700000000	0.0575172369
1475.0800000000	0.0579542456
1475.0900000000	0.0581107909
1475.1000000000	0.0580497690
1475.1100000000	0.0578845805
1475.1200000000	0.0575097871
1475.1300000000	0.0571472301
1475.1400000000	0.0567752697
1475.1500000000	0.0565659482
1475.1600000000	0.0566159344
1475.1700000000	0.0567101011
1475.1800000000	0.0567583423
1475.1900000000	0.0569239332
1475.2000000000	0.0571508019
1475.2100000000	0.0572582807
1475.2200000000	0.0574059052
1475.2300000000	0.0576916778
1475.2400000000	0.0579738328
1475.2500000000	0.0582336575
1475.2600000000	0.0585472611
1475.2700000000	0.0587721979
1475.2800000000	0.0589277972
1475.2900000000	0.0587386963
1475.3000000000	0.0583221650
1475.3100000000	0.0580462147
1475.3200000000	0.0573858958
1475.3300000000	0.0569704425
1475.3400000000	0.0568133274
1475.3500000000	0.0567035366
1475.3600000000	0.0568362918
1475.3700000000	0.0568112587
1475.3800000000	0.0568075484
1475.3900000000	0.0571715091
1475.4000000000	0.0573248049
1475.4100000000	0.0574181423
1475.4200000000	0.0576615494
1475.4300000000	0.0579254965
1475.4400000000	0.0582714136
1475.4500000000	0.0586375642
1475.4600000000	0.0588985122
1475.4700000000	0.0590514590
1475.4800000000	0.0588614843
1475.4900000000	0.0582823602
1475.5000000000	0.0578163578
1475.5100000000	0.0573659945
1475.5200000000	0.0569527581
1475.5300000000	0.0567142930
1475.5400000000	0.0566914399
1475.5500000000	0.0568123402
1475.5600000000	0.0568433024
1475.5700000000	0.0570802303
1475.5800000000	0.0573413199
1475.5900000000	0.0573796278
1475.6000000000	0.0575948798
1475.6100000000	0.0579012432
1475.6200000000	0.0582193462
1475.6300000000	0.0584480841
1475.6400000000	0.0586867977
1475.6500000000	0.0588480288
1475.6600000000	0.0586948636
1475.6700000000	0.0583741792
1475.6800000000	0.0578927173
1475.6900000000	0.0573669687
1475.7000000000	0.0567666373
1475.7100000000	0.0562837582
1475.7200000000	0.0560504325
1475.7300000000	0.0558041961
1475.7400000000	0.0557706517
1475.7500000000	0.0558690675
1475.7600000000	0.0558779138
1475.7700000000	0.0556991436
1475.7800000000	0.0557762970
1475.7900000000	0.0558742279
1475.8000000000	0.0559125863
1475.8100000000	0.0564185317
1475.8200000000	0.0567049833
1475.8300000000	0.0570084166
1475.8400000000	0.0573393611
1475.8500000000	0.0572943682
1475.8600000000	0.0571442750
1475.8700000000	0.0567860955
1475.8800000000	0.0560710006
1475.8900000000	0.0559256985
1475.9000000000	0.0556399990
1475.9100000000	0.0552831153
1475.9200000000	0.0554368288
1475.9300000000	0.0555470064
1475.9400000000	0.0556915594
1475.9500000000	0.0559544892
1475.9600000000	0.0559653159
1475.9700000000	0.0560609860
1475.9800000000	0.0561206226
1475.9900000000	0.0560999611
1476.0000000000	0.0563518520
1476.0100000000	0.0566581319
1476.0200000000	0.0567326531
1476.0300000000	0.0569072834
1476.0400000000	0.0564901851
1476.0500000000	0.0561002410
1476.0600000000	0.0558121267
1476.0700000000	0.0552513187
1476.0800000000	0.0551302820
1476.0900000000	0.0549536428
1476.1000000000	0.0548782158
1476.1100000000	0.0551921362
1476.1200000000	0.0554046838
1476.1300000000	0.0557045390
1476.1400000000	0.0562252514
1476.1500000000	0.0566223665
1476.1600000000	0.0569218324
1476.1700000000	0.0574404581
1476.1800000000	0.0580302308
1476.1900000000	0.0586505971
1476.2000000000	0.0594286233
1476.2100000000	0.0597792079
1476.2200000000	0.0600973809
1476.2300000000	0.0600363498
1476.2400000000	0.0597601108
1476.2500000000	0.0595272261
1476.2600000000	0.0588132700
1476.2700000000	0.0582215359
1476.2800000000	0.0580596970
1476.2900000000	0.0578444451
1476.3000000000	0.0578927153
1476.3100000000	0.0581768662
1476.3200000000	0.0582426140
1476.3300000000	0.0582927890
1476.3400000000	0.0584616656
1476.3500000000	0.0585843090
1476.3600000000	0.0589979750
1476.3700000000	0.0594657987
1476.3800000000	0.0597431568
1476.3900000000	0.0603985838
1476.4000000000	0.0606106587
1476.4100000000	0.0606051789
1476.4200000000	0.0606546567
1476.4300000000	0.0601201399
1476.4400000000	0.0594105219
1476.4500000000	0.0589821178
1476.4600000000	0.0585652786
1476.4700000000	0.0583695893
1476.4800000000	0.0582532375
1476.4900000000	0.0580111865
1476.5000000000	0.0580913148
1476.5100000000	0.0579104383
1476.5200000000	0.0577371829
1476.5300000000	0.0577228813
1476.5400000000	0.0574387598
1476.5500000000	0.0571994274
1476.5600000000	0.0571651035
1476.5700000000	0.0571614920
1476.5800000000	0.0570870947
1476.5900000000	0.0569741828
1476.6000000000	0.0567848256
1476.6100000000	0.0562167570
1476.6200000000	0.0554866123
1476.6300000000	0.0549319082
1476.6400000000	0.0544088326
1476.6500000000	0.0537501153
1476.6600000000	0.0533291909
1476.6700000000	0.0531466567
1476.6800000000	0.0530940663
1476.6900000000	0.0532107988
1476.7000000000	0.0532320410
1476.7100000000	0.0533807212
1476.7200000000	0.0534719986
1476.7300000000	0.0534496082
1476.7400000000	0.0537649061
1476.7500000000	0.0542480811
1476.7600000000	0.0545670087
1476.7700000000	0.0550612767
1476.7800000000	0.0551270641
1476.7900000000	0.0551195547
1476.8000000000	0.0550072735
1476.8100000000	0.0548187141
1476.8200000000	0.0544956184
1476.8300000000	0.0541259215
1476.8400000000	0.0541299313
1476.8500000000	0.0542635913
1476.8600000000	0.0542689377
1476.8700000000	0.0544190372
1476.8800000000	0.0547934579
1476.8900000000	0.0549351451
1476.9000000000	0.0550691919
1476.9100000000	0.0552773771
1476.9200000000	0.0556514697
1476.9300000000	0.0559851889
1476.9400000000	0.0563102274
1476.9500000000	0.0566677812
1476.9600000000	0.0570655019
1476.9700000000	0.0573412112
1476.9800000000	0.0575135293
1476.9900000000	0.0572752844
1477.0000000000	0.0569523474
1477.0100000000	0.0566694380
1477.0200000000	0.0563919372
1477.0300000000	0.0561611288
1477.0400000000	0.0561383190
1477.0500000000	0.0562943379
1477.0600000000	0.0565605204
1477.0700000000	0.0566103804
1477.0800000000	0.0567810639
1477.0900000000	0.0569134863
1477.1000000000	0.0569797715
1477.1100000000	0.0572246936
1477.1200000000	0.0574133306
1477.1300000000	0.0576503517
1477.1400000000	0.0578765627
1477.1500000000	0.0579458844
1477.1600000000	0.0579216884
1477.1700000000	0.0576535281
1477.1800000000	0.0570317985
1477.1900000000	0.0563595600
1477.2000000000	0.0557837891
1477.2100000000	0.0552693053
1477.2200000000	0.0547974914
1477.2300000000	0.0545154525
1477.2400000000	0.0543354402
1477.2500000000	0.0542638815
1477.2600000000	0.0541859871
1477.2700000000	0.0540457311
1477.2800000000	0.0539340025
1477.2900000000	0.0538081336
1477.3000000000	0.0538588460
1477.3100000000	0.0540041329
1477.3200000000	0.0541542549
1477.3300000000	0.0543513423
1477.3400000000	0.0544895339
1477.3500000000	0.0546919290
1477.3600000000	0.0545296307
1477.3700000000	0.0545531644
1477.3800000000	0.0543148040
1477.3900000000	0.0538886304
1477.4000000000	0.0539103099
1477.4100000000	0.0538427065
1477.4200000000	0.0540114939
1477.4300000000	0.0544264672
1477.4400000000	0.0548679245
1477.4500000000	0.0553910362
1477.4600000000	0.0557181617
1477.4700000000	0.0559771543
1477.4800000000	0.0565607413
1477.4900000000	0.0569668817
1477.5000000000	0.0573473484
1477.5100000000	0.0579701312
1477.5200000000	0.0585526946
1477.5300000000	0.0589109082
1477.5400000000	0.0591872522
1477.5500000000	0.0590351335
1477.5600000000	0.0588128266
1477.5700000000	0.0584483568
1477.5800000000	0.0580547208
1477.5900000000	0.0578709318
1477.6000000000	0.0577586354
1477.6100000000	0.0577936744
1477.6200000000	0.0580064225
1477.6300000000	0.0581437211
1477.6400000000	0.0583060878
1477.6500000000	0.0584817377
1477.6600000000	0.0586583215
1477.6700000000	0.0589391900
1477.6800000000	0.0591858188
1477.6900000000	0.0595638045
1477.7000000000	0.0599260245
1477.7100000000	0.0600612693
1477.7200000000	0.0603494832
1477.7300000000	0.0603653729
1477.7400000000	0.0600952164
1477.7500000000	0.0596148806
1477.7600000000	0.0590100691
1477.7700000000	0.0583025679
1477.7800000000	0.0576464773
1477.7900000000	0.0570996097
1477.8000000000	0.0566894891
1477.8100000000	0.0562180906
1477.8200000000	0.0557659278
1477.8300000000	0.0554220342
1477.8400000000	0.0549710316
1477.8500000000	0.0543317777
1477.8600000000	0.0540529542
1477.8700000000	0.0540293717
1477.8800000000	0.0542386009
1477.8900000000	0.0543618991
1477.9000000000	0.0547088355
1477.9100000000	0.0548563403
1477.9200000000	0.0546009004
1477.9300000000	0.0546505776
1477.9400000000	0.0543195864
1477.9500000000	0.0540481966
1477.9600000000	0.0538582825
1477.9700000000	0.0536713667
1477.9800000000	0.0536302949
1477.9900000000	0.0538462496
1478.0000000000	0.0542017634
1478.0100000000	0.0545231920
1478.0200000000	0.0547453118
1478.0300000000	0.0551114323
1478.0400000000	0.0554756690
1478.0500000000	0.0557693292
1478.0600000000	0.0560408080
1478.0700000000	0.0564380753
1478.0800000000	0.0567501346
1478.0900000000	0.0568705605
1478.1000000000	0.0569777511
1478.1100000000	0.0568234797
1478.1200000000	0.0567109062
1478.1300000000	0.0561905125
1478.1400000000	0.0556871093
1478.1500000000	0.0553472543
1478.1600000000	0.0549566722
1478.1700000000	0.0547771163
1478.1800000000	0.0548440600
1478.1900000000	0.0549900563
1478.2000000000	0.0550555560
1478.2100000000	0.0550997878
1478.2200000000	0.0553941277
1478.2300000000	0.0556568224
1478.2400000000	0.0558027574
1478.2500000000	0.0559755960
1478.2600000000	0.0563117240
1478.2700000000	0.0568132166
1478.2800000000	0.0571609780
1478.2900000000	0.0573851318
1478.3000000000	0.0575022277
1478.3100000000	0.0573737391
1478.3200000000	0.0570911157
1478.3300000000	0.0567530307
1478.3400000000	0.0562857370
1478.3500000000	0.0560956706
1478.3600000000	0.0561314903
1478.3700000000	0.0561877969
1478.3800000000	0.0564003772
1478.3900000000	0.0565985530
1478.4000000000	0.0569372976
1478.4100000000	0.0573945284
1478.4200000000	0.0574869046
1478.4300000000	0.0577371871
1478.4400000000	0.0581698259
1478.4500000000	0.0584844718
1478.4600000000	0.0589385527
1478.4700000000	0.0592603537
1478.4800000000	0.0592889628
1478.4900000000	0.0591645568
1478.5000000000	0.0588849276
1478.5100000000	0.0585395710
1478.5200000000	0.0581897379
1478.5300000000	0.0577470548
1478.5400000000	0.0573620946
1478.5500000000	0.0572500194
1478.5600000000	0.0570998437
1478.5700000000	0.0571859320
1478.5800000000	0.0575226586
1478.5900000000	0.0575226586
1478.6000000000	0.0576642588
1478.6100000000	0.0576656748
1478.6200000000	0.0575938056
1478.6300000000	0.0575584127
1478.6400000000	0.0575584127
1478.6500000000	0.0575554332
1478.6600000000	0.0575049641
1478.6700000000	0.0573575119
1478.6800000000	0.0571775053
1478.6900000000	0.0567980597
1478.7000000000	0.0561581202
1478.7100000000	0.0553802686
1478.7200000000	0.0547949384
1478.7300000000	0.0542479232
1478.7400000000	0.0539237870
1478.7500000000	0.0538391594
1478.7600000000	0.0537099175
1478.7700000000	0.0536205267
1478.7800000000	0.0537147353
1478.7900000000	0.0537912767
1478.8000000000	0.0538889486
1478.8100000000	0.0539709727
1478.8200000000	0.0541269606
1478.8300000000	0.0543590379
1478.8400000000	0.0545071784
1478.8500000000	0.0547285968
1478.8600000000	0.0550847430
1478.8700000000	0.0549971791
1478.8800000000	0.0547213472
1478.8900000000	0.0544769613
1478.9000000000	0.0541419706
1478.9100000000	0.0538059593
1478.9200000000	0.0536032197
1478.9300000000	0.0535538275
1478.9400000000	0.0535129130
1478.9500000000	0.0535195327
1478.9600000000	0.0537770256
1478.9700000000	0.0539363021
1478.9800000000	0.0539233006
1478.9900000000	0.0540466173
1479.0000000000	0.0541721914
1479.0100000000	0.0543206596
1479.0200000000	0.0545844202
1479.0300000000	0.0548688640
1479.0400000000	0.0550514598
1479.0500000000	0.0552269056
1479.0600000000	0.0552687311
1479.0700000000	0.0551103998
1479.0800000000	0.0549681426
1479.0900000000	0.0546014629
1479.1000000000	0.0544274834
1479.1100000000	0.0542832393
1479.1200000000	0.0542050138
1479.1300000000	0.0544939378
1479.1400000000	0.0547521737
1479.1500000000	0.0548940980
1479.1600000000	0.0551744853
1479.1700000000	0.0553905190
1479.1800000000	0.0555781012
1479.1900000000	0.0558281583
1479.2000000000	0.0561527651
1479.2100000000	0.0564478321
1479.2200000000	0.0567656547
1479.2300000000	0.0569734532
1479.2400000000	0.0571449255
1479.2500000000	0.0571732455
1479.2600000000	0.0568564094
1479.2700000000	0.0564743013
1479.2800000000	0.0560823288
1479.2900000000	0.0556102652
1479.3000000000	0.0553446531
1479.3100000000	0.0552010259
1479.3200000000	0.0550680884
1479.3300000000	0.0551418081
1479.3400000000	0.0552155278
1479.3500000000	0.0553467527
1479.3600000000	0.0555349625
1479.3700000000	0.0555417421
1479.3800000000	0.0557378163
1479.3900000000	0.0558376905
1479.4000000000	0.0558771593
1479.4100000000	0.0562134079
1479.4200000000	0.0565724780
1479.4300000000	0.0568927033
1479.4400000000	0.0570441176
1479.4500000000	0.0569234836
1479.4600000000	0.0568888076
1479.4700000000	0.0565029145
1479.4800000000	0.0561787681
1479.4900000000	0.0561986314
1479.5000000000	0.0561162888
1479.5100000000	0.0561949018
1479.5200000000	0.0563129361
1479.5300000000	0.0565066113
1479.5400000000	0.0568979330
1479.5500000000	0.0572276731
1479.5600000000	0.0573362174
1479.5700000000	0.0575847768
1479.5800000000	0.0578364243
1479.5900000000	0.0580102285
1479.6000000000	0.0583761744
1479.6100000000	0.0586169034
1479.6200000000	0.0586091154
1479.6300000000	0.0585470230
1479.6400000000	0.0582917739
1479.6500000000	0.0579136537
1479.6600000000	0.0572906292
1479.6700000000	0.0567405150
1479.6800000000	0.0562758303
1479.6900000000	0.0560023433
1479.7000000000	0.0559940351
1479.7100000000	0.0559544330
1479.7200000000	0.0559356159
1479.7300000000	0.0560574009
1479.7400000000	0.0560857267
1479.7500000000	0.0560362182
1479.7600000000	0.0561136403
1479.7700000000	0.0562317933
1479.7800000000	0.0563526683
1479.7900000000	0.0565086723
1479.8000000000	0.0566015018
1479.8100000000	0.0567489412
1479.8200000000	0.0567769547
1479.8300000000	0.0565080112
1479.8400000000	0.0561231446
1479.8500000000	0.0556557991
1479.8600000000	0.0551039441
1479.8700000000	0.0547099122
1479.8800000000	0.0545363158
1479.8900000000	0.0544103994
1479.9000000000	0.0542658286
1479.9100000000	0.0542602814
1479.9200000000	0.0541053783
1479.9300000000	0.0539467826
1479.9400000000	0.0538582825
1479.9500000000	0.0537075844
1479.9600000000	0.0535792642
1479.9700000000	0.0535538275
1479.9800000000	0.0535833153
1479.9900000000	0.0537952678
1480.0000000000	0.0536226906
1480.0100000000	0.0533560106
1480.0200000000	0.0531125207
1480.0300000000	0.0526078842
1480.0400000000	0.0519990304
1480.0500000000	0.0515190446
1480.0600000000	0.0511484879
1480.0700000000	0.0509519321
1480.0800000000	0.0508661825
1480.0900000000	0.0509177694
1480.1000000000	0.0511380549
1480.1100000000	0.0514260317
1480.1200000000	0.0517466768
1480.1300000000	0.0520410830
1480.1400000000	0.0523598372
1480.1500000000	0.0528011501
1480.1600000000	0.0533463797
1480.1700000000	0.0539666140
1480.1800000000	0.0545507329
1480.1900000000	0.0549337653
1480.2000000000	0.0552834391
1480.2100000000	0.0554040678
1480.2200000000	0.0554130966
1480.2300000000	0.0553864563
1480.2400000000	0.0552058555
1480.2500000000	0.0551926132
1480.2600000000	0.0553687350
1480.2700000000	0.0555533695
1480.2800000000	0.0557605394
1480.2900000000	0.0559985455
1480.3000000000	0.0561271233
1480.3100000000	0.0561639608
1480.3200000000	0.0560754714
1480.3300000000	0.0560393562
1480.3400000000	0.0560740340
1480.3500000000	0.0560179572
1480.3600000000	0.0559638757
1480.3700000000	0.0558550921
1480.3800000000	0.0558064057
1480.3900000000	0.0558882346
1480.4000000000	0.0556934229
1480.4100000000	0.0551642265
1480.4200000000	0.0546121801
1480.4300000000	0.0541229915
1480.4400000000	0.0539323927
1480.4500000000	0.0537605451
1480.4600000000	0.0536386069
1480.4700000000	0.0538122605
1480.4800000000	0.0538985651
1480.4900000000	0.0539113826
1480.5000000000	0.0539615051
1480.5100000000	0.0539127577
1480.5200000000	0.0539680834
1480.5300000000	0.0538543205
1480.5400000000	0.0537922024
1480.5500000000	0.0539009092
1480.5600000000	0.0537786324
1480.5700000000	0.0536249828
1480.5800000000	0.0533286831
1480.5900000000	0.0530277223
1480.6000000000	0.0526420742
1480.6100000000	0.0520833547
1480.6200000000	0.0515681047
1480.6300000000	0.0512706052
1480.6400000000	0.0509870469
1480.6500000000	0.0509437086
1480.6600000000	0.0510971983
1480.6700000000	0.0513399051
1480.6800000000	0.0514679944
1480.6900000000	0.0514800340
1480.7000000000	0.0515128694
1480.7100000000	0.0518740499
1480.7200000000	0.0520625698
1480.7300000000	0.0523483731
1480.7400000000	0.0526548503
1480.7500000000	0.0528603905
1480.7600000000	0.0532118586
1480.7700000000	0.0532902289
1480.7800000000	0.0532437230
1480.7900000000	0.0532080857
1480.8000000000	0.0530026995
1480.8100000000	0.0528606220
1480.8200000000	0.0527628899
1480.8300000000	0.0527838106
1480.8400000000	0.0530814830
1480.8500000000	0.0532497274
1480.8600000000	0.0534867886
1480.8700000000	0.0536163971
1480.8800000000	0.0535921096
1480.8900000000	0.0536235114
1480.9000000000	0.0537625873
1480.9100000000	0.0538384151
1480.9200000000	0.0539113826
1480.9300000000	0.0539124884
1480.9400000000	0.0539535724
1480.9500000000	0.0540461479
1480.9600000000	0.0539092998
1480.9700000000	0.0538051618
1480.9800000000	0.0534604509
1480.9900000000	0.0530799859
1481.0000000000	0.0526376022
1481.0100000000	0.0523412846
1481.0200000000	0.0522725535
1481.0300000000	0.0522078763
1481.0400000000	0.0522555921
1481.0500000000	0.0525147417
1481.0600000000	0.0525206167
1481.0700000000	0.0526154368
1481.0800000000	0.0526577579
1481.0900000000	0.0523481126
1481.1000000000	0.0523381605
1481.1100000000	0.0524119032
1481.1200000000	0.0525370433
1481.1300000000	0.0528424562
1481.1400000000	0.0528898090
1481.1500000000	0.0529528558
1481.1600000000	0.0527231606
1481.1700000000	0.0522991534
1481.1800000000	0.0520703410
1481.1900000000	0.0517844763
1481.2000000000	0.0515109750
1481.2100000000	0.0514869098
1481.2200000000	0.0515536049
1481.2300000000	0.0515934257
1481.2400000000	0.0518999029
1481.2500000000	0.0520412170
1481.2600000000	0.0522418979
1481.2700000000	0.0524208855
1481.2800000000	0.0525395506
1481.2900000000	0.0529022929
1481.3000000000	0.0530109350
1481.3100000000	0.0531835166
1481.3200000000	0.0534985712
1481.3300000000	0.0535523681
1481.3400000000	0.0536578534
1481.3500000000	0.0535180734
1481.3600000000	0.0534051659
1481.3700000000	0.0532470938
1481.3800000000	0.0527340476
1481.3900000000	0.0525396833
1481.4000000000	0.0524675901
1481.4100000000	0.0524577018
1481.4200000000	0.0527028547
1481.4300000000	0.0528816367
1481.4400000000	0.0529102399
1481.4500000000	0.0529102399
1481.4600000000	0.0529035798
1481.4700000000	0.0528687517
1481.4800000000	0.0528312405
1481.4900000000	0.0527856115
1481.5000000000	0.0530904124
1481.5100000000	0.0532306387
1481.5200000000	0.0534882172
1481.5300000000	0.0537683663
1481.5400000000	0.0537683663
1481.5500000000	0.0537539188
1481.5600000000	0.0536017379
1481.5700000000	0.0534267019
1481.5800000000	0.0535449811
1481.5900000000	0.0534880248
1481.6000000000	0.0536219156
1481.6100000000	0.0539828907
1481.6200000000	0.0541032919
1481.6300000000	0.0545490161
1481.6400000000	0.0549945539
1481.6500000000	0.0551891079
1481.6600000000	0.0554644308
1481.6700000000	0.0556216174
1481.6800000000	0.0558234016
1481.6900000000	0.0562191849
1481.7000000000	0.0563784852
1481.7100000000	0.0563586218
1481.7200000000	0.0562275220
1481.7300000000	0.0558805623
1481.7400000000	0.0559467735
1481.7500000000	0.0558174070
1481.7600000000	0.0552638149
1481.7700000000	0.0548141097
1481.7800000000	0.0542689377
1481.7900000000	0.0539800587
1481.8000000000	0.0538381045
1481.8100000000	0.0536611042
1481.8200000000	0.0536965042
1481.8300000000	0.0535515453
1481.8400000000	0.0533313155
1481.8500000000	0.0532020516
1481.8600000000	0.0529880142
1481.8700000000	0.0528663438
1481.8800000000	0.0527997886
1481.8900000000	0.0526450789
1481.9000000000	0.0525595467
1481.9100000000	0.0523923302
1481.9200000000	0.0521315669
1481.9300000000	0.0517844964
1481.9400000000	0.0512802285
1481.9500000000	0.0509066274
1481.9600000000	0.0505938390
1481.9700000000	0.0503981127
1481.9800000000	0.0502656768
1481.9900000000	0.0503337574
1482.0000000000	0.0505503995
1482.0100000000	0.0504833145
1482.0200000000	0.0506091393
1482.0300000000	0.0509047686
1482.0400000000	0.0508778645
1482.0500000000	0.0509486646
1482.0600000000	0.0510196399
1482.0700000000	0.0511178669
1482.0800000000	0.0514331308
1482.0900000000	0.0515690388
1482.1000000000	0.0517299482
1482.1100000000	0.0518673206
1482.1200000000	0.0514817822
1482.1300000000	0.0511479669
1482.1400000000	0.0509638826
1482.1500000000	0.0505407459
1482.1600000000	0.0505918742
1482.1700000000	0.0507524099
1482.1800000000	0.0507240167
1482.1900000000	0.0511065913
1482.2000000000	0.0514688814
1482.2100000000	0.0516508598
1482.2200000000	0.0521143517
1482.2300000000	0.0521569920
1482.2400000000	0.0521261244
1482.2500000000	0.0523540893
1482.2600000000	0.0523739145
1482.2700000000	0.0526670402
1482.2800000000	0.0529212139
1482.2900000000	0.0529778540
1482.3000000000	0.0531392783
1482.3100000000	0.0531284126
1482.3200000000	0.0529171600
1482.3300000000	0.0528341674
1482.3400000000	0.0527053974
1482.3500000000	0.0524712647
1482.3600000000	0.0524188726
1482.3700000000	0.0525109145
1482.3800000000	0.0527473603
1482.3900000000	0.0528833322
1482.4000000000	0.0529459940
1482.4100000000	0.0529525610
1482.4200000000	0.0529675880
1482.4300000000	0.0528976598
1482.4400000000	0.0528607857
1482.4500000000	0.0530572659
1482.4600000000	0.0531575109
1482.4700000000	0.0532952172
1482.4800000000	0.0534393422
1482.4900000000	0.0533772462
1482.5000000000	0.0533049937
1482.5100000000	0.0529496056
1482.5200000000	0.0526628074
1482.5300000000	0.0523767748
1482.5400000000	0.0519491419
1482.5500000000	0.0517318342
1482.5600000000	0.0517987922
1482.5700000000	0.0517929927
1482.5800000000	0.0520067790
1482.5900000000	0.0522308983
1482.6000000000	0.0522797504
1482.6100000000	0.0524142706
1482.6200000000	0.0523175748
1482.6300000000	0.0524140466
1482.6400000000	0.0525172993
1482.6500000000	0.0524786228
1482.6600000000	0.0527807512
1482.6700000000	0.0530717953
1482.6800000000	0.0530353791
1482.6900000000	0.0531214537
1482.7000000000	0.0530856050
1482.7100000000	0.0529153476
1482.7200000000	0.0528415638
1482.7300000000	0.0527367796
1482.7400000000	0.0527314696
1482.7500000000	0.0529311259
1482.7600000000	0.0531139297
1482.7700000000	0.0535280837
1482.7800000000	0.0537575310
1482.7900000000	0.0538723450
1482.8000000000	0.0540171393
1482.8100000000	0.0539419225
1482.8200000000	0.0538959014
1482.8300000000	0.0540645131
1482.8400000000	0.0541313387
1482.8500000000	0.0541616755
1482.8600000000	0.0541739547
1482.8700000000	0.0542136814
1482.8800000000	0.0540572998
1482.8900000000	0.0537250252
1482.9000000000	0.0535096607
1482.9100000000	0.0532504166
1482.9200000000	0.0528066518
1482.9300000000	0.0525460018
1482.9400000000	0.0524123418
1482.9500000000	0.0524770512
1482.9600000000	0.0525477288
1482.9700000000	0.0524868407
1482.9800000000	0.0525463128
1482.9900000000	0.0524876124
1483.0000000000	0.0522839876
1483.0100000000	0.0522334264
1483.0200000000	0.0520965360
1483.0300000000	0.0520532193
1483.0400000000	0.0521236216
1483.0500000000	0.0521303969
1483.0600000000	0.0522349529
1483.0700000000	0.0522462194
1483.0800000000	0.0520885972
1483.0900000000	0.0518434239
1483.1000000000	0.0515150584
1483.1100000000	0.0513486893
1483.1200000000	0.0512308245
1483.1300000000	0.0511772082
1483.1400000000	0.0513656918
1483.1500000000	0.0514623306
1483.1600000000	0.0515395095
1483.1700000000	0.0516099863
1483.1800000000	0.0515879926
1483.1900000000	0.0517893368
1483.2000000000	0.0516820618
1483.2100000000	0.0515702878
1483.2200000000	0.0518764980
1483.2300000000	0.0519838559
1483.2400000000	0.0523074625
1483.2500000000	0.0525548517
1483.2600000000	0.0526241929
1483.2700000000	0.0526154368
1483.2800000000	0.0524634840
1483.2900000000	0.0522425715
1483.3000000000	0.0520189133
1483.3100000000	0.0517854152
1483.3200000000	0.0517384241
1483.3300000000	0.0519594448
1483.3400000000	0.0520958161
1483.3500000000	0.0524232551
1483.3600000000	0.0526210102
1483.3700000000	0.0527707991
1483.3800000000	0.0529102399
1483.3900000000	0.0529446188
1483.4000000000	0.0531495193
1483.4100000000	0.0534986641
1483.4200000000	0.0536634752
1483.4300000000	0.0542021968
1483.4400000000	0.0544405571
1483.4500000000	0.0547749046
1483.4600000000	0.0550201372
1483.4700000000	0.0551449411
1483.4800000000	0.0552240055
1483.4900000000	0.0552026268
1483.5000000000	0.0549712654
1483.5100000000	0.0550824628
1483.5200000000	0.0551941942
1483.5300000000	0.0554108850
1483.5400000000	0.0556998808
1483.5500000000	0.0557706517
1483.5600000000	0.0557604900
1483.5700000000	0.0556475824
1483.5800000000	0.0555419718
1483.5900000000	0.0554594309
1483.6000000000	0.0553682216
1483.6100000000	0.0553514391
1483.6200000000	0.0553980799
1483.6300000000	0.0554385846
1483.6400000000	0.0553734485
1483.6500000000	0.0552031703
1483.6600000000	0.0549205091
1483.6700000000	0.0544933451
1483.6800000000	0.0539696106
1483.6900000000	0.0536879179
1483.7000000000	0.0533561273
1483.7100000000	0.0531605183
1483.7200000000	0.0531430061
1483.7300000000	0.0529496055
1483.7400000000	0.0529896934
1483.7500000000	0.0530275132
1483.7600000000	0.0528172776
1483.7700000000	0.0526342040
1483.7800000000	0.0524144585
1483.7900000000	0.0521894843
1483.8000000000	0.0521441611
1483.8100000000	0.0520581993
1483.8200000000	0.0520389793
1483.8300000000	0.0520767595
1483.8400000000	0.0518445273
1483.8500000000	0.0516356693
1483.8600000000	0.0513615512
1483.8700000000	0.0509551464
1483.8800000000	0.0506799637
1483.8900000000	0.0503909330
1483.9000000000	0.0503437709
1483.9100000000	0.0503653366
1483.9200000000	0.0503795615
1483.9300000000	0.0507659170
1483.9400000000	0.0507990226
1483.9500000000	0.0507017467
1483.9600000000	0.0507941108
1483.9700000000	0.0507660296
1483.9800000000	0.0507649238
1483.9900000000	0.0508364465
1484.0000000000	0.0509816296
1484.0100000000	0.0511961542
1484.0200000000	0.0513034753
1484.0300000000	0.0513750786
1484.0400000000	0.0513835345
1484.0500000000	0.0512066739
1484.0600000000	0.0511023673
1484.0700000000	0.0510070747
1484.0800000000	0.0509079546
1484.0900000000	0.0509398146
1484.1000000000	0.0511199551
1484.1100000000	0.0514056072
1484.1200000000	0.0515154195
1484.1300000000	0.0517277637
1484.1400000000	0.0519935750
1484.1500000000	0.0520163594
1484.1600000000	0.0520848358
1484.1700000000	0.0522589669
1484.1800000000	0.0522589407
1484.1900000000	0.0524349492
1484.2000000000	0.0526158039
1484.2100000000	0.0528163404
1484.2200000000	0.0530467554
1484.2300000000	0.0530242281
1484.2400000000	0.0530403847
1484.2500000000	0.0529435160
1484.2600000000	0.0527610214
1484.2700000000	0.0527531503
1484.2800000000	0.0528575497
1484.2900000000	0.0530005705
1484.3000000000	0.0533367493
1484.3100000000	0.0536284956
1484.3200000000	0.0537697548
1484.3300000000	0.0539001656
1484.3400000000	0.0538437685
1484.3500000000	0.0537165187
1484.3600000000	0.0535162676
1484.3700000000	0.0533822080
1484.3800000000	0.0535854602
1484.3900000000	0.0538484029
1484.4000000000	0.0538811541
1484.4100000000	0.0539182710
1484.4200000000	0.0540166766
1484.4300000000	0.0539185334
1484.4400000000	0.0536762726
1484.4500000000	0.0534574006
1484.4600000000	0.0532750181
1484.4700000000	0.0530275138
1484.4800000000	0.0528815659
1484.4900000000	0.0528072257
1484.5000000000	0.0527697017
1484.5100000000	0.0527672237
1484.5200000000	0.0526941774
1484.5300000000	0.0526036533
1484.5400000000	0.0523705603
1484.5500000000	0.0521728304
1484.5600000000	0.0522051528
1484.5700000000	0.0520623795
1484.5800000000	0.0519448513
1484.5900000000	0.0519315817
1484.6000000000	0.0518346372
1484.6100000000	0.0516595340
1484.6200000000	0.0514963180
1484.6300000000	0.0512273911
1484.6400000000	0.0508209279
1484.6500000000	0.0505557441
1484.6600000000	0.0503379442
1484.6700000000	0.0503748471
1484.6800000000	0.0504831394
1484.6900000000	0.0506290587
1484.7000000000	0.0509801778
1484.7100000000	0.0510173837
1484.7200000000	0.0511289151
1484.7300000000	0.0513402682
1484.7400000000	0.0514486580
1484.7500000000	0.0515650920
1484.7600000000	0.0518193413
1484.7700000000	0.0522929974
1484.7800000000	0.0527263503
1484.7900000000	0.0532104355
1484.8000000000	0.0535626805
1484.8100000000	0.0537680123
1484.8200000000	0.0539456920
1484.8300000000	0.0541412330
1484.8400000000	0.0544199025
1484.8500000000	0.0546980009
1484.8600000000	0.0547674262
1484.8700000000	0.0550714351
1484.8800000000	0.0554316376
1484.8900000000	0.0555759907
1484.9000000000	0.0559070468
1484.9100000000	0.0560805337
1484.9200000000	0.0560266086
1484.9300000000	0.0561186488
1484.9400000000	0.0560637787
1484.9500000000	0.0559292455
1484.9600000000	0.0562637130
1484.9700000000	0.0564024404
1484.9800000000	0.0565415366
1484.9900000000	0.0566871521
1485.0000000000	0.0565975404
1485.0100000000	0.0565903894
1485.0200000000	0.0563117679
1485.0300000000	0.0558129065
1485.0400000000	0.0554987027
1485.0500000000	0.0552901026
1485.0600000000	0.0551588455
1485.0700000000	0.0551182178
1485.0800000000	0.0550444958
1485.0900000000	0.0549314968
1485.1000000000	0.0546342779
1485.1100000000	0.0543121098
1485.1200000000	0.0539747954
1485.1300000000	0.0536398532
1485.1400000000	0.0533365527
1485.1500000000	0.0530615075
1485.1600000000	0.0528531709
1485.1700000000	0.0526773047
1485.1800000000	0.0525349813
1485.1900000000	0.0523013444
1485.2000000000	0.0520156315
1485.2100000000	0.0515632184
1485.2200000000	0.0512530919
1485.2300000000	0.0508605257
1485.2400000000	0.0506649590
1485.2500000000	0.0506222762
1485.2600000000	0.0505876129
1485.2700000000	0.0507314044
1485.2800000000	0.0508161600
1485.2900000000	0.0510483921
1485.3000000000	0.0513322749
1485.3100000000	0.0513066810
1485.3200000000	0.0513485747
1485.3300000000	0.0514576426
1485.3400000000	0.0517582810
1485.3500000000	0.0521215808
1485.3600000000	0.0525302125
1485.3700000000	0.0529318996
1485.3800000000	0.0532320410
1485.3900000000	0.0532320410
1485.4000000000	0.0532654114
1485.4100000000	0.0534261344
1485.4200000000	0.0533267041
1485.4300000000	0.0533908310
1485.4400000000	0.0534400646
1485.4500000000	0.0535946376
1485.4600000000	0.0539850552
1485.4700000000	0.0541769966
1485.4800000000	0.0544170616
1485.4900000000	0.0546082494
1485.5000000000	0.0544951380
1485.5100000000	0.0544495509
1485.5200000000	0.0543776742
1485.5300000000	0.0544141655
1485.5400000000	0.0545246894
1485.5500000000	0.0546365039
1485.5600000000	0.0547795201
1485.5700000000	0.0549250402
1485.5800000000	0.0550937881
1485.5900000000	0.0551228986
1485.6000000000	0.0550493073
1485.6100000000	0.0548410171
1485.6200000000	0.0546657521
1485.6300000000	0.0546959382
1485.6400000000	0.0546659925
1485.6500000000	0.0548458302
1485.6600000000	0.0549925462
1485.6700000000	0.0549631473
1485.6800000000	0.0549482793
1485.6900000000	0.0548564983
1485.7000000000	0.0547142192
1485.7100000000	0.0545667665
1485.7200000000	0.0544871480
1485.7300000000	0.0543101643
1485.7400000000	0.0543404458
1485.7500000000	0.0544431436
1485.7600000000	0.0543404458
1485.7700000000	0.0543081150
1485.7800000000	0.0541359738
1485.7900000000	0.0539675164
1485.8000000000	0.0536253462
1485.8100000000	0.0533292920
1485.8200000000	0.0533135602
1485.8300000000	0.0532992586
1485.8400000000	0.0532458470
1485.8500000000	0.0534136716
1485.8600000000	0.0535274458
1485.8700000000	0.0535538275
1485.8800000000	0.0535273430
1485.8900000000	0.0533565170
1485.9000000000	0.0531247642
1485.9100000000	0.0530560064
1485.9200000000	0.0529839149
1485.9300000000	0.0531218750
1485.9400000000	0.0533017432
1485.9500000000	0.0534451351
1485.9600000000	0.0536217956
1485.9700000000	0.0536253356
1485.9800000000	0.0535909975
1485.9900000000	0.0534480397
1486.0000000000	0.0532647521
1486.0100000000	0.0531924817
1486.0200000000	0.0531780329
1486.0300000000	0.0532932831
1486.0400000000	0.0534047932
1486.0500000000	0.0534033772
1486.0600000000	0.0535484643
1486.0700000000	0.0535072388
1486.0800000000	0.0534176731
1486.0900000000	0.0532677950
1486.1000000000	0.0532741045
1486.1100000000	0.0533249347
1486.1200000000	0.0534525800
1486.1300000000	0.0535200972
1486.1400000000	0.0536212879
1486.1500000000	0.0538919425
1486.1600000000	0.0539792423
1486.1700000000	0.0541215430
1486.1800000000	0.0539135717
1486.1900000000	0.0536596594
1486.2000000000	0.0535158844
1486.2100000000	0.0534108112
1486.2200000000	0.0534089490
1486.2300000000	0.0533820525
1486.2400000000	0.0534596367
1486.2500000000	0.0534527834
1486.2600000000	0.0532201181
1486.2700000000	0.0530865322
1486.2800000000	0.0529059919
1486.2900000000	0.0526234946
1486.3000000000	0.0524454226
1486.3100000000	0.0524491086
1486.3200000000	0.0526839114
1486.3300000000	0.0529554797
1486.3400000000	0.0532719928
1486.3500000000	0.0534690771
1486.3600000000	0.0534571591
1486.3700000000	0.0535458853
1486.3800000000	0.0537683663
1486.3900000000	0.0537761544
1486.4000000000	0.0538575745
1486.4100000000	0.0540250167
1486.4200000000	0.0541044556
1486.4300000000	0.0542859297
1486.4400000000	0.0544934742
1486.4500000000	0.0546240148
1486.4600000000	0.0545754147
1486.4700000000	0.0543343600
1486.4800000000	0.0542689377
1486.4900000000	0.0542546361
1486.5000000000	0.0542505077
1486.5100000000	0.0544988402
1486.5200000000	0.0548006611
1486.5300000000	0.0550398135
1486.5400000000	0.0552361320
1486.5500000000	0.0553614928
1486.5600000000	0.0554130966
1486.5700000000	0.0553305305
1486.5800000000	0.0551382811
1486.5900000000	0.0551024410
1486.6000000000	0.0551360862
1486.6100000000	0.0552235326
1486.6200000000	0.0555231110
1486.6300000000	0.0557812717
1486.6400000000	0.0558779138
1486.6500000000	0.0558750818
1486.6600000000	0.0558446626
1486.6700000000	0.0558779138
1486.6800000000	0.0558779138
1486.6900000000	0.0558941670
1486.7000000000	0.0560714426
1486.7100000000	0.0562339635
1486.7200000000	0.0565787134
1486.7300000000	0.0572505404
1486.7400000000	0.0576924904
1486.7500000000	0.0578791204
1486.7600000000	0.0579874759
1486.7700000000	0.0580589840
1486.7800000000	0.0580334454
1486.7900000000	0.0580011140
1486.8000000000	0.0580822057
1486.8100000000	0.0581662462
1486.8200000000	0.0581662462
1486.8300000000	0.0581355998
1486.8400000000	0.0580402557
1486.8500000000	0.0579035865
1486.8600000000	0.0577031315
1486.8700000000	0.0574064543
1486.8800000000	0.0572194222
1486.8900000000	0.0570530283
1486.9000000000	0.0572106724
1486.9100000000	0.0572723657
1486.9200000000	0.0573005374
1486.9300000000	0.0574717341
1486.9400000000	0.0573467925
1486.9500000000	0.0571212377
1486.9600000000	0.0568491398
1486.9700000000	0.0565200382
1486.9800000000	0.0562073765
1486.9900000000	0.0559910841
1487.0000000000	0.0558915520
1487.0100000000	0.0558180805
1487.0200000000	0.0557068051
1487.0300000000	0.0554716123
1487.0400000000	0.0552014614
1487.0500000000	0.0549645399
1487.0600000000	0.0546420630
1487.0700000000	0.0544341700
1487.0800000000	0.0544369470
1487.0900000000	0.0545063724
1487.1000000000	0.0546366978
1487.1100000000	0.0548920978
1487.1200000000	0.0550892862
1487.1300000000	0.0552626597
1487.1400000000	0.0554404379
1487.1500000000	0.0553327421
1487.1600000000	0.0551919375
1487.1700000000	0.0550916769
1487.1800000000	0.0548299592
1487.1900000000	0.0547825105
1487.2000000000	0.0548204314
1487.2100000000	0.0547265319
1487.2200000000	0.0546592949
1487.2300000000	0.0544650204
1487.2400000000	0.0542173721
1487.2500000000	0.0539046787
1487.2600000000	0.0535567851
1487.2700000000	0.0532652609
1487.2800000000	0.0531301815
1487.2900000000	0.0530579511
1487.3000000000	0.0530332339
1487.3100000000	0.0529915629
1487.3200000000	0.0528953719
1487.3300000000	0.0527738779
1487.3400000000	0.0524632942
1487.3500000000	0.0521006850
1487.3600000000	0.0518504026
1487.3700000000	0.0516715020
1487.3800000000	0.0515536453
1487.3900000000	0.0513828841
1487.4000000000	0.0514334454
1487.4100000000	0.0513785503
1487.4200000000	0.0514392238
1487.4300000000	0.0516066034
1487.4400000000	0.0516945584
1487.4500000000	0.0517188736
1487.4600000000	0.0518751862
1487.4700000000	0.0521281890
1487.4800000000	0.0525283456
1487.4900000000	0.0529969675
1487.5000000000	0.0534976482
1487.5100000000	0.0539846320
1487.5200000000	0.0543845361
1487.5300000000	0.0546615526
1487.5400000000	0.0548704616
1487.5500000000	0.0550512119
1487.5600000000	0.0551920715
1487.5700000000	0.0554087673
1487.5800000000	0.0556331361
1487.5900000000	0.0558620269
1487.6000000000	0.0560672925
1487.6100000000	0.0562831410
1487.6200000000	0.0563688591
1487.6300000000	0.0561282068
1487.6400000000	0.0561260399
1487.6500000000	0.0560187551
1487.6600000000	0.0559512277
1487.6700000000	0.0559851760
1487.6800000000	0.0560025122
1487.6900000000	0.0562887435
1487.7000000000	0.0565240961
1487.7100000000	0.0565686809
1487.7200000000	0.0566888754
1487.7300000000	0.0567737166
1487.7400000000	0.0565798856
1487.7500000000	0.0563016670
1487.7600000000	0.0561069667
1487.7700000000	0.0560053644
1487.7800000000	0.0558578916
1487.7900000000	0.0557553285
1487.8000000000	0.0555842928
1487.8100000000	0.0554054350
1487.8200000000	0.0551417817
1487.8300000000	0.0548343299
1487.8400000000	0.0544908133
1487.8500000000	0.0542007688
1487.8600000000	0.0538294607
1487.8700000000	0.0537401965
1487.8800000000	0.0538456529
1487.8900000000	0.0539373868
1487.9000000000	0.0541974296
1487.9100000000	0.0541935356
1487.9200000000	0.0541652155
1487.9300000000	0.0541910576
1487.9400000000	0.0541141251
1487.9500000000	0.0539996283
1487.9600000000	0.0541065203
1487.9700000000	0.0540805451
1487.9800000000	0.0543346084
1487.9900000000	0.0545171174
1488.0000000000	0.0546117705
1488.0100000000	0.0546131687
1488.0200000000	0.0544648699
1488.0300000000	0.0544309254
1488.0400000000	0.0544731413
1488.0500000000	0.0544590179
1488.0600000000	0.0546438392
1488.0700000000	0.0551131493
1488.0800000000	0.0555138013
1488.0900000000	0.0558222982
1488.1000000000	0.0562167413
1488.1100000000	0.0565572700
1488.1200000000	0.0568050704
1488.1300000000	0.0569126866
1488.1400000000	0.0567760423
1488.1500000000	0.0567031182
1488.1600000000	0.0568375818
1488.1700000000	0.0568776263
1488.1800000000	0.0569477183
1488.1900000000	0.0570206279
1488.2000000000	0.0568399152
1488.2100000000	0.0567149642
1488.2200000000	0.0564426339
1488.2300000000	0.0561526328
1488.2400000000	0.0560763612
1488.2500000000	0.0559851760
1488.2600000000	0.0560256271
1488.2700000000	0.0562878099
1488.2800000000	0.0564249313
1488.2900000000	0.0566365187
1488.3000000000	0.0566302083
1488.3100000000	0.0564972269
1488.3200000000	0.0563774636
1488.3300000000	0.0561510195
1488.3400000000	0.0558119598
1488.3500000000	0.0558637538
1488.3600000000	0.0555805528
1488.3700000000	0.0553079584
1488.3800000000	0.0553693969
1488.3900000000	0.0549753657
1488.4000000000	0.0546936671
1488.4100000000	0.0545636509
1488.4200000000	0.0540298179
1488.4300000000	0.0536382809
1488.4400000000	0.0533857048
1488.4500000000	0.0531643253
1488.4600000000	0.0534520943
1488.4700000000	0.0535314360
1488.4800000000	0.0536539435
1488.4900000000	0.0540879906
1488.5000000000	0.0542212656
1488.5100000000	0.0542588254
1488.5200000000	0.0543634305
1488.5300000000	0.0543137205
1488.5400000000	0.0543355384
1488.5500000000	0.0544477080
1488.5600000000	0.0545078590
1488.5700000000	0.0547243105
1488.5800000000	0.0549425451
1488.5900000000	0.0549162356
1488.6000000000	0.0549448741
1488.6100000000	0.0548767712
1488.6200000000	0.0546406595
1488.6300000000	0.0546923924
1488.6400000000	0.0546980009
1488.6500000000	0.0549015801
1488.6600000000	0.0551870148
1488.6700000000	0.0556188791
1488.6800000000	0.0560566987
1488.6900000000	0.0565247995
1488.7000000000	0.0568465864
1488.7100000000	0.0569560517
1488.7200000000	0.0570604215
1488.7300000000	0.0571118373
1488.7400000000	0.0572942577
1488.7500000000	0.0574358253
1488.7600000000	0.0573789005
1488.7700000000	0.0575781139
1488.7800000000	0.0576442224
1488.7900000000	0.0575306425
1488.8000000000	0.0574094929
1488.8100000000	0.0573501833
1488.8200000000	0.0571651035
1488.8300000000	0.0571706041
1488.8400000000	0.0572448631
1488.8500000000	0.0574511505
1488.8600000000	0.0579324691
1488.8700000000	0.0581919891
1488.8800000000	0.0587327965
1488.8900000000	0.0589506529
1488.9000000000	0.0588879912
1488.9100000000	0.0589951193
1488.9200000000	0.0590418848
1488.9300000000	0.0588856902
1488.9400000000	0.0588977417
1488.9500000000	0.0587612835
1488.9600000000	0.0586858356
1488.9700000000	0.0585991130
1488.9800000000	0.0584741834
1488.9900000000	0.0582419700
1489.0000000000	0.0578911828
1489.0100000000	0.0576320240
1489.0200000000	0.0574325680
1489.0300000000	0.0573183857
1489.0400000000	0.0574033499
1489.0500000000	0.0575775287
1489.0600000000	0.0576830411
1489.0700000000	0.0578583523
1489.0800000000	0.0579245752
1489.0900000000	0.0579874759
1489.1000000000	0.0579874759
1489.1100000000	0.0578191057
1489.1200000000	0.0575686281
1489.1300000000	0.0574197303
1489.1400000000	0.0572030467
1489.1500000000	0.0570578413
1489.1600000000	0.0568790565
1489.1700000000	0.0566666562
1489.1800000000	0.0562751561
1489.1900000000	0.0556949594
1489.2000000000	0.0552794882
1489.2100000000	0.0549121489
1489.2200000000	0.0546309134
1489.2300000000	0.0544976220
1489.2400000000	0.0546087809
1489.2500000000	0.0548919958
1489.2600000000	0.0551817678
1489.2700000000	0.0555041094
1489.2800000000	0.0558031554
1489.2900000000	0.0559768723
1489.3000000000	0.0560924527
1489.3100000000	0.0561108405
1489.3200000000	0.0562304094
1489.3300000000	0.0564570776
1489.3400000000	0.0565583114
1489.3500000000	0.0566624494
1489.3600000000	0.0566291393
1489.3700000000	0.0567349677
1489.3800000000	0.0567717943
1489.3900000000	0.0566287781
1489.4000000000	0.0564142392
1489.4100000000	0.0563788392
1489.4200000000	0.0564138817
1489.4300000000	0.0563503387
1489.4400000000	0.0567398451
1489.4500000000	0.0572396567
1489.4600000000	0.0577021586
1489.4700000000	0.0578756003
1489.4800000000	0.0580320800
1489.4900000000	0.0582020002
1489.5000000000	0.0581814146
1489.5100000000	0.0580947381
1489.5200000000	0.0580861720
1489.5300000000	0.0580790957
1489.5400000000	0.0581304921
1489.5500000000	0.0580920896
1489.5600000000	0.0579874759
1489.5700000000	0.0579530443
1489.5800000000	0.0576895109
1489.5900000000	0.0574511505
1489.6000000000	0.0572373267
1489.6100000000	0.0573095500
1489.6200000000	0.0574529382
1489.6300000000	0.0576341689
1489.6400000000	0.0580589840
1489.6500000000	0.0584837991
1489.6600000000	0.0589436602
1489.6700000000	0.0594534358
1489.6800000000	0.0598582786
1489.6900000000	0.0600255153
1489.7000000000	0.0600255153
1489.7100000000	0.0600499413
1489.7200000000	0.0601405654
1489.7300000000	0.0601759655
1489.7400000000	0.0602114393
1489.7500000000	0.0602177048
1489.7600000000	0.0600885456
1489.7700000000	0.0599241507
1489.7800000000	0.0597617805
1489.7900000000	0.0595413173
1489.8000000000	0.0594965412
1489.8100000000	0.0595048949
1489.8200000000	0.0594091689
1489.8300000000	0.0597553992
1489.8400000000	0.0602814167
1489.8500000000	0.0605618407
1489.8600000000	0.0607388553
1489.8700000000	0.0609158558
1489.8800000000	0.0608486100
1489.8900000000	0.0608121336
1489.9000000000	0.0607045027
1489.9100000000	0.0606570594
1489.9200000000	0.0603525840
1489.9300000000	0.0600401932
1489.9400000000	0.0598757923
1489.9500000000	0.0596443699
1489.9600000000	0.0593671799
1489.9700000000	0.0590247369
1489.9800000000	0.0586325378
1489.9900000000	0.0582428714
1490.0000000000	0.0580319860
1490.0100000000	0.0580586192
1490.0200000000	0.0582678502
1490.0300000000	0.0585799918
1490.0400000000	0.0589298306
1490.0500000000	0.0591697767
1490.0600000000	0.0594355588
1490.0700000000	0.0597336826
1490.0800000000	0.0598350562
1490.0900000000	0.0597663817
1490.1000000000	0.0596867222
1490.1100000000	0.0594764206
1490.1200000000	0.0593071679
1490.1300000000	0.0592783009
1490.1400000000	0.0593016617
1490.1500000000	0.0592027743
1490.1600000000	0.0589265937
1490.1700000000	0.0585680302
1490.1800000000	0.0583012360
1490.1900000000	0.0582469692
1490.2000000000	0.0581562940
1490.2100000000	0.0581526080
1490.2200000000	0.0583344411
1490.2300000000	0.0586837968
1490.2400000000	0.0589485740
1490.2500000000	0.0592356519
1490.2600000000	0.0594045837
1490.2700000000	0.0593695513
1490.2800000000	0.0593350656
1490.2900000000	0.0592802155
1490.3000000000	0.0591765827
1490.3100000000	0.0590604640
1490.3200000000	0.0589069914
1490.3300000000	0.0588395296
1490.3400000000	0.0587656669
1490.3500000000	0.0584873023
1490.3600000000	0.0584091664
1490.3700000000	0.0582558156
1490.3800000000	0.0580387111
1490.3900000000	0.0578650433
1490.4000000000	0.0578221923
1490.4100000000	0.0581684156
1490.4200000000	0.0586109545
1490.4300000000	0.0590723017
1490.4400000000	0.0594846299
1490.4500000000	0.0599532464
1490.4600000000	0.0602927552
1490.4700000000	0.0604036024
1490.4800000000	0.0603380203
1490.4900000000	0.0602163301
1490.5000000000	0.0600587413
1490.5100000000	0.0598781652
1490.5200000000	0.0597286419
1490.5300000000	0.0596520695
1490.5400000000	0.0595060153
1490.5500000000	0.0591593779
1490.5600000000	0.0587610575
1490.5700000000	0.0584462745
1490.5800000000	0.0581537465
1490.5900000000	0.0578304384
1490.6000000000	0.0577242820
1490.6100000000	0.0576131383
1490.6200000000	0.0578216965
1490.6300000000	0.0580204257
1490.6400000000	0.0583124521
1490.6500000000	0.0587011730
1490.6600000000	0.0589088039
1490.6700000000	0.0589084542
1490.6800000000	0.0590534228
1490.6900000000	0.0592279825
1490.7000000000	0.0594118944
1490.7100000000	0.0597134393
1490.7200000000	0.0599092278
1490.7300000000	0.0601171614
1490.7400000000	0.0603851736
1490.7500000000	0.0605816647
1490.7600000000	0.0606237908
1490.7700000000	0.0606160027
1490.7800000000	0.0606862958
1490.7900000000	0.0608248313
1490.8000000000	0.0612258133
1490.8100000000	0.0616341561
1490.8200000000	0.0621412657
1490.8300000000	0.0627600998
1490.8400000000	0.0630939649
1490.8500000000	0.0633482162
1490.8600000000	0.0634937605
1490.8700000000	0.0635273838
1490.8800000000	0.0633121298
1490.8900000000	0.0630257254
1490.9000000000	0.0627045764
1490.9100000000	0.0624522995
1490.9200000000	0.0623115639
1490.9300000000	0.0619489879
1490.9400000000	0.0616908981
1490.9500000000	0.0614156728
1490.9600000000	0.0610042665
1490.9700000000	0.0606730464
1490.9800000000	0.0604903325
1490.9900000000	0.0605335354
1491.0000000000	0.0606948061
1491.0100000000	0.0608948149
1491.0200000000	0.0612588882
1491.0300000000	0.0616122295
1491.0400000000	0.0616918375
1491.0500000000	0.0618132763
1491.0600000000	0.0618056395
1491.0700000000	0.0617435531
1491.0800000000	0.0615516553
1491.0900000000	0.0613355875
1491.1000000000	0.0612898223
1491.1100000000	0.0613357150
1491.1200000000	0.0612348224
1491.1300000000	0.0609926739
1491.1400000000	0.0607687931
1491.1500000000	0.0604652262
1491.1600000000	0.0601685315
1491.1700000000	0.0600973997
1491.1800000000	0.0598715539
1491.1900000000	0.0598705810
1491.2000000000	0.0601292420
1491.2100000000	0.0603736061
1491.2200000000	0.0607634977
1491.2300000000	0.0612551934
1491.2400000000	0.0614911066
1491.2500000000	0.0615885219
1491.2600000000	0.0616212624
1491.2700000000	0.0615612968
1491.2800000000	0.0614386954
1491.2900000000	0.0612337726
1491.3000000000	0.0609909039
1491.3100000000	0.0609700763
1491.3200000000	0.0608107568
1491.3300000000	0.0605094245
1491.3400000000	0.0602920915
1491.3500000000	0.0598949029
1491.3600000000	0.0593288375
1491.3700000000	0.0590422486
1491.3800000000	0.0588065502
1491.3900000000	0.0587740797
1491.4000000000	0.0588153648
1491.4100000000	0.0590973401
1491.4200000000	0.0593595698
1491.4300000000	0.0597715398
1491.4400000000	0.0600381782
1491.4500000000	0.0601797046
1491.4600000000	0.0601541561
1491.4700000000	0.0600207724
1491.4800000000	0.0599113212
1491.4900000000	0.0597121139
1491.5000000000	0.0594488338
1491.5100000000	0.0592295331
1491.5200000000	0.0589528590
1491.5300000000	0.0586768842
1491.5400000000	0.0583780303
1491.5500000000	0.0580828200
1491.5600000000	0.0579125594
1491.5700000000	0.0577358078
1491.5800000000	0.0575731349
1491.5900000000	0.0577099085
1491.6000000000	0.0580560653
1491.6100000000	0.0583066847
1491.6200000000	0.0587478143
1491.6300000000	0.0592518012
1491.6400000000	0.0594997702
1491.6500000000	0.0597394683
1491.6600000000	0.0597284103
1491.6700000000	0.0597533986
1491.6800000000	0.0598184397
1491.6900000000	0.0598700792
1491.7000000000	0.0600754980
1491.7100000000	0.0601154421
1491.7200000000	0.0600612693
1491.7300000000	0.0601154421
1491.7400000000	0.0601143694
1491.7500000000	0.0601306947
1491.7600000000	0.0602369221
1491.7700000000	0.0603063554
1491.7800000000	0.0606125830
1491.7900000000	0.0611982824
1491.8000000000	0.0616945355
1491.8100000000	0.0622342365
1491.8200000000	0.0627713065
1491.8300000000	0.0632883597
1491.8400000000	0.0637285723
1491.8500000000	0.0640227924
1491.8600000000	0.0643139695
1491.8700000000	0.0645485488
1491.8800000000	0.0646200569
1491.8900000000	0.0647005036
1491.9000000000	0.0647993801
1491.9100000000	0.0648416936
1491.9200000000	0.0647763368
1491.9300000000	0.0646135908
1491.9400000000	0.0643533687
1491.9500000000	0.0640102691
1491.9600000000	0.0636928761
1491.9700000000	0.0634293401
1491.9800000000	0.0632792362
1491.9900000000	0.0633789142
1492.0000000000	0.0635786382
1492.0100000000	0.0637418866
1492.0200000000	0.0639014414
1492.0300000000	0.0639787722
1492.0400000000	0.0638803867
1492.0500000000	0.0636275174
1492.0600000000	0.0632424374
1492.0700000000	0.0628016465
1492.0800000000	0.0624417513
1492.0900000000	0.0621927177
1492.1000000000	0.0618643493
1492.1100000000	0.0615369804
1492.1200000000	0.0612109107
1492.1300000000	0.0608955597
1492.1400000000	0.0605782373
1492.1500000000	0.0602734704
1492.1600000000	0.0601862163
1492.1700000000	0.0602654217
1492.1800000000	0.0603779100
1492.1900000000	0.0607533640
1492.2000000000	0.0613721714
1492.2100000000	0.0619584195
1492.2200000000	0.0625355315
1492.2300000000	0.0629303487
1492.2400000000	0.0631402277
1492.2500000000	0.0633897487
1492.2600000000	0.0634264588
1492.2700000000	0.0633446729
1492.2800000000	0.0632961013
1492.2900000000	0.0631956987
1492.3000000000	0.0630407540
1492.3100000000	0.0628724750
1492.3200000000	0.0626600691
1492.3300000000	0.0623669422
1492.3400000000	0.0619802477
1492.3500000000	0.0616171652
1492.3600000000	0.0613072876
1492.3700000000	0.0612411968
1492.3800000000	0.0613567655
1492.3900000000	0.0616952051
1492.4000000000	0.0621030014
1492.4100000000	0.0625084748
1492.4200000000	0.0628387464
1492.4300000000	0.0629771364
1492.4400000000	0.0630544902
1492.4500000000	0.0629734939
1492.4600000000	0.0627992505
1492.4700000000	0.0625886899
1492.4800000000	0.0624254436
1492.4900000000	0.0623398505
1492.5000000000	0.0621792350
1492.5100000000	0.0619320067
1492.5200000000	0.0616621571
1492.5300000000	0.0614260385
1492.5400000000	0.0611752365
1492.5500000000	0.0608747917
1492.5600000000	0.0606623856
1492.5700000000	0.0605837887
1492.5800000000	0.0606560103
1492.5900000000	0.0608915076
1492.6000000000	0.0611589533
1492.6100000000	0.0614768160
1492.6200000000	0.0617154908
1492.6300000000	0.0617903184
1492.6400000000	0.0617225739
1492.6500000000	0.0616126697
1492.6600000000	0.0613909169
1492.6700000000	0.0612703838
1492.6800000000	0.0611306083
1492.6900000000	0.0608785340
1492.7000000000	0.0607526651
1492.7100000000	0.0606672832
1492.7200000000	0.0604823061
1492.7300000000	0.0603152106
1492.7400000000	0.0600930944
1492.7500000000	0.0600004187
1492.7600000000	0.0600376647
1492.7700000000	0.0601987408
1492.7800000000	0.0605976034
1492.7900000000	0.0612034124
1492.8000000000	0.0617903323
1492.8100000000	0.0622652678
1492.8200000000	0.0626685896
1492.8300000000	0.0630107070
1492.8400000000	0.0632799585
1492.8500000000	0.0633266651
1492.8600000000	0.0632279526
1492.8700000000	0.0631605327
1492.8800000000	0.0631160419
1492.8900000000	0.0631515942
1492.9000000000	0.0631405980
1492.9100000000	0.0630491100
1492.9200000000	0.0628780235
1492.9300000000	0.0626732845
1492.9400000000	0.0624649784
1492.9500000000	0.0624080117
1492.9600000000	0.0626218371
1492.9700000000	0.0629404521
1492.9800000000	0.0633670371
1492.9900000000	0.0638176648
1493.0000000000	0.0642993095
1493.0100000000	0.0647858656
1493.0200000000	0.0650874281
1493.0300000000	0.0652067029
1493.0400000000	0.0652050476
1493.0500000000	0.0651057308
1493.0600000000	0.0649791706
1493.0700000000	0.0647761584
1493.0800000000	0.0645918554
1493.0900000000	0.0644281869
1493.1000000000	0.0643405770
1493.1100000000	0.0641981397
1493.1200000000	0.0638751517
1493.1300000000	0.0636353562
1493.1400000000	0.0633935017
1493.1500000000	0.0631358255
1493.1600000000	0.0630814156
1493.1700000000	0.0633009995
1493.1800000000	0.0636040115
1493.1900000000	0.0639900076
1493.2000000000	0.0644472408
1493.2100000000	0.0647231659
1493.2200000000	0.0647809502
1493.2300000000	0.0646827168
1493.2400000000	0.0644385679
1493.2500000000	0.0642760450
1493.2600000000	0.0639210755
1493.2700000000	0.0637099859
1493.2800000000	0.0635652745
1493.2900000000	0.0633176887
1493.3000000000	0.0631358729
1493.3100000000	0.0629077444
1493.3200000000	0.0625163434
1493.3300000000	0.0621250592
1493.3400000000	0.0618518906
1493.3500000000	0.0617431983
1493.3600000000	0.0618079663
1493.3700000000	0.0620717849
1493.3800000000	0.0623982567
1493.3900000000	0.0628113692
1493.4000000000	0.0632845554
1493.4100000000	0.0637174232
1493.4200000000	0.0641242240
1493.4300000000	0.0643437450
1493.4400000000	0.0643632150
1493.4500000000	0.0642555988
1493.4600000000	0.0641609603
1493.4700000000	0.0640647711
1493.4800000000	0.0640301005
1493.4900000000	0.0638805734
1493.5000000000	0.0636697684
1493.5100000000	0.0634485861
1493.5200000000	0.0630515835
1493.5300000000	0.0625446320
1493.5400000000	0.0621776364
1493.5500000000	0.0620397186
1493.5600000000	0.0619920465
1493.5700000000	0.0620805339
1493.5800000000	0.0624243654
1493.5900000000	0.0629166304
1493.6000000000	0.0633028339
1493.6100000000	0.0635678023
1493.6200000000	0.0638015548
1493.6300000000	0.0638224817
1493.6400000000	0.0637063772
1493.6500000000	0.0637156040
1493.6600000000	0.0637909807
1493.6700000000	0.0637436959
1493.6800000000	0.0636115107
1493.6900000000	0.0636139087
1493.7000000000	0.0634648729
1493.7100000000	0.0633356318
1493.7200000000	0.0632887220
1493.7300000000	0.0631974073
1493.7400000000	0.0630901999
1493.7500000000	0.0631953517
1493.7600000000	0.0634415147
1493.7700000000	0.0638100610
1493.7800000000	0.0642918376
1493.7900000000	0.0647913726
1493.8000000000	0.0652773642
1493.8100000000	0.0656297042
1493.8200000000	0.0658383864
1493.8300000000	0.0660191163
1493.8400000000	0.0660043723
1493.8500000000	0.0658003408
1493.8600000000	0.0656029577
1493.8700000000	0.0654436844
1493.8800000000	0.0653663923
1493.8900000000	0.0653302771
1493.9000000000	0.0649634114
1493.9100000000	0.0646080775
1493.9200000000	0.0641656719
1493.9300000000	0.0638371663
1493.9400000000	0.0636659783
1493.9500000000	0.0637226010
1493.9600000000	0.0639752026
1493.9700000000	0.0644934848
1493.9800000000	0.0649145137
1493.9900000000	0.0654300494
1494.0000000000	0.0660316942
1494.0100000000	0.0665496376
1494.0200000000	0.0668705672
1494.0300000000	0.0670481078
1494.0400000000	0.0671861708
1494.0500000000	0.0671913276
1494.0600000000	0.0671050366
1494.0700000000	0.0670692825
1494.0800000000	0.0669834728
1494.0900000000	0.0667375771
1494.1000000000	0.0664498852
1494.1100000000	0.0661082720
1494.1200000000	0.0656313356
1494.1300000000	0.0650987302
1494.1400000000	0.0646294480
1494.1500000000	0.0643727435
1494.1600000000	0.0643161329
1494.1700000000	0.0645127902
1494.1800000000	0.0648575764
1494.1900000000	0.0652457675
1494.2000000000	0.0655375891
1494.2100000000	0.0656834983
1494.2200000000	0.0657647576
1494.2300000000	0.0655918813
1494.2400000000	0.0653959380
1494.2500000000	0.0652715104
1494.2600000000	0.0648461525
1494.2700000000	0.0645313490
1494.2800000000	0.0643869535
1494.2900000000	0.0639434564
1494.3000000000	0.0634668621
1494.3100000000	0.0629589000
1494.3200000000	0.0623333458
1494.3300000000	0.0618891624
1494.3400000000	0.0615868242
1494.3500000000	0.0614677572
1494.3600000000	0.0616192789
1494.3700000000	0.0618210643
1494.3800000000	0.0621182897
1494.3900000000	0.0626894635
1494.4000000000	0.0632370124
1494.4100000000	0.0636143473
1494.4200000000	0.0638845158
1494.4300000000	0.0638325536
1494.4400000000	0.0636977835
1494.4500000000	0.0636144893
1494.4600000000	0.0635720765
1494.4700000000	0.0635652832
1494.4800000000	0.0634755210
1494.4900000000	0.0633669962
1494.5000000000	0.0633507443
1494.5100000000	0.0632441322
1494.5200000000	0.0629502894
1494.5300000000	0.0628144189
1494.5400000000	0.0628144189
1494.5500000000	0.0628648321
1494.5600000000	0.0631763002
1494.5700000000	0.0636811188
1494.5800000000	0.0641607190
1494.5900000000	0.0647693816
1494.6000000000	0.0653017060
1494.6100000000	0.0655682696
1494.6200000000	0.0657872068
1494.6300000000	0.0659064693
1494.6400000000	0.0659850982
1494.6500000000	0.0658260134
1494.6600000000	0.0654859944
1494.6700000000	0.0654141794
1494.6800000000	0.0650945320
1494.6900000000	0.0646297148
1494.7000000000	0.0643923401
1494.7100000000	0.0639537898
1494.7200000000	0.0634008770
1494.7300000000	0.0630204683
1494.7400000000	0.0626967881
1494.7500000000	0.0627995776
1494.7600000000	0.0630800309
1494.7700000000	0.0633844746
1494.7800000000	0.0638714525
1494.7900000000	0.0644255279
1494.8000000000	0.0647881010
1494.8100000000	0.0650793813
1494.8200000000	0.0652313214
1494.8300000000	0.0651590910
1494.8400000000	0.0650586907
1494.8500000000	0.0649640597
1494.8600000000	0.0648543013
1494.8700000000	0.0648167043
1494.8800000000	0.0648167043
1494.8900000000	0.0646217506
1494.9000000000	0.0643043405
1494.9100000000	0.0639725868
1494.9200000000	0.0637975003
1494.9300000000	0.0637798075
1494.9400000000	0.0636802069
1494.9500000000	0.0638388017
1494.9600000000	0.0643780819
1494.9700000000	0.0650155090
1494.9800000000	0.0658015434
1494.9900000000	0.0664841688
1495.0000000000	0.0670154810
1495.0100000000	0.0674696708
1495.0200000000	0.0677685344
1495.0300000000	0.0678342421
1495.0400000000	0.0677998632
1495.0500000000	0.0677654767
1495.0600000000	0.0677486241
1495.0700000000	0.0677312781
1495.0800000000	0.0675755745
1495.0900000000	0.0673078865
1495.1000000000	0.0670736606
1495.1100000000	0.0667407141
1495.1200000000	0.0664313403
1495.1300000000	0.0662431521
1495.1400000000	0.0662469101
1495.1500000000	0.0665059547
1495.1600000000	0.0669109390
1495.1700000000	0.0675326366
1495.1800000000	0.0681939464
1495.1900000000	0.0687356929
1495.2000000000	0.0691864254
1495.2100000000	0.0694529590
1495.2200000000	0.0695282431
1495.2300000000	0.0695096564
1495.2400000000	0.0693225484
1495.2500000000	0.0691540820
1495.2600000000	0.0689240390
1495.2700000000	0.0686244597
1495.2800000000	0.0682891619
1495.2900000000	0.0679405998
1495.3000000000	0.0675680727
1495.3100000000	0.0670869816
1495.3200000000	0.0664699239
1495.3300000000	0.0659638173
1495.3400000000	0.0657706663
1495.3500000000	0.0657221416
1495.3600000000	0.0658088181
1495.3700000000	0.0660529671
1495.3800000000	0.0664525066
1495.3900000000	0.0670143310
1495.4000000000	0.0673811918
1495.4100000000	0.0676854840
1495.4200000000	0.0675136689
1495.4300000000	0.0673353493
1495.4400000000	0.0672879741
1495.4500000000	0.0671604203
1495.4600000000	0.0670804995
1495.4700000000	0.0669503383
1495.4800000000	0.0666324339
1495.4900000000	0.0662203628
1495.5000000000	0.0658638197
1495.5100000000	0.0655556505
1495.5200000000	0.0651901554
1495.5300000000	0.0648524648
1495.5400000000	0.0647273191
1495.5500000000	0.0647805816
1495.5600000000	0.0649671001
1495.5700000000	0.0653814198
1495.5800000000	0.0658297733
1495.5900000000	0.0662406089
1495.6000000000	0.0665434730
1495.6100000000	0.0666970052
1495.6200000000	0.0668044038
1495.6300000000	0.0666493542
1495.6400000000	0.0664515596
1495.6500000000	0.0662734416
1495.6600000000	0.0660228022
1495.6700000000	0.0657994425
1495.6800000000	0.0657197888
1495.6900000000	0.0655010164
1495.7000000000	0.0650885953
1495.7100000000	0.0645436667
1495.7200000000	0.0641767282
1495.7300000000	0.0639946967
1495.7400000000	0.0639320278
1495.7500000000	0.0639984283
1495.7600000000	0.0643147578
1495.7700000000	0.0648354360
1495.7800000000	0.0653431263
1495.7900000000	0.0657662108
1495.8000000000	0.0661851620
1495.8100000000	0.0664863685
1495.8200000000	0.0666358855
1495.8300000000	0.0666313693
1495.8400000000	0.0665386211
1495.8500000000	0.0665619852
1495.8600000000	0.0666044652
1495.8700000000	0.0663408644
1495.8800000000	0.0660011961
1495.8900000000	0.0656398403
1495.9000000000	0.0652689916
1495.9100000000	0.0650583295
1495.9200000000	0.0645753666
1495.9300000000	0.0644028115
1495.9400000000	0.0643255229
1495.9500000000	0.0642532925
1495.9600000000	0.0645335890
1495.9700000000	0.0650864981
1495.9800000000	0.0654893988
1495.9900000000	0.0658019937
1496.0000000000	0.0660200190
1496.0100000000	0.0660681399
1496.0200000000	0.0659966317
1496.0300000000	0.0659157512
1496.0400000000	0.0658247952
1496.0500000000	0.0655959615
1496.0600000000	0.0654003576
1496.0700000000	0.0653335596
1496.0800000000	0.0652025794
1496.0900000000	0.0649338854
1496.1000000000	0.0645555837
1496.1100000000	0.0641939732
1496.1200000000	0.0638110982
1496.1300000000	0.0634550323
1496.1400000000	0.0634945075
1496.1500000000	0.0637637547
1496.1600000000	0.0642305356
1496.1700000000	0.0649057311
1496.1800000000	0.0655022589
1496.1900000000	0.0661863549
1496.2000000000	0.0669937985
1496.2100000000	0.0674326721
1496.2200000000	0.0677249176
1496.2300000000	0.0678387114
1496.2400000000	0.0679074692
1496.2500000000	0.0679757621
1496.2600000000	0.0680216071
1496.2700000000	0.0679270618
1496.2800000000	0.0677950419
1496.2900000000	0.0675958884
1496.3000000000	0.0672073985
1496.3100000000	0.0667814370
1496.3200000000	0.0663465952
1496.3300000000	0.0659160872
1496.3400000000	0.0656496569
1496.3500000000	0.0655270227
1496.3600000000	0.0656243327
1496.3700000000	0.0658441243
1496.3800000000	0.0662536236
1496.3900000000	0.0667060220
1496.4000000000	0.0669563716
1496.4100000000	0.0669977744
1496.4200000000	0.0670286868
1496.4300000000	0.0671307348
1496.4400000000	0.0671407906
1496.4500000000	0.0670368459
1496.4600000000	0.0670335285
1496.4700000000	0.0667639842
1496.4800000000	0.0666169618
1496.4900000000	0.0665096996
1496.5000000000	0.0660177460
1496.5100000000	0.0656142221
1496.5200000000	0.0651634695
1496.5300000000	0.0648126613
1496.5400000000	0.0644803291
1496.5500000000	0.0642836292
1496.5600000000	0.0642677385
1496.5700000000	0.0644447126
1496.5800000000	0.0646958555
1496.5900000000	0.0648753409
1496.6000000000	0.0649940680
1496.6100000000	0.0648685527
1496.6200000000	0.0646611557
1496.6300000000	0.0644171808
1496.6400000000	0.0641181400
1496.6500000000	0.0639045595
1496.6600000000	0.0637864423
1496.6700000000	0.0638130836
1496.6800000000	0.0636838734
1496.6900000000	0.0635748412
1496.7000000000	0.0634364139
1496.7100000000	0.0633585323
1496.7200000000	0.0633507443
1496.7300000000	0.0634130484
1496.7400000000	0.0637811803
1496.7500000000	0.0641535810
1496.7600000000	0.0645954926
1496.7700000000	0.0652629862
1496.7800000000	0.0659633015
1496.7900000000	0.0665968833
1496.8000000000	0.0671086850
1496.8100000000	0.0673704922
1496.8200000000	0.0675149587
1496.8300000000	0.0675255188
1496.8400000000	0.0674087800
1496.8500000000	0.0672652201
1496.8600000000	0.0671184443
1496.8700000000	0.0668850009
1496.8800000000	0.0666099659
1496.8900000000	0.0662013345
1496.9000000000	0.0656800999
1496.9100000000	0.0652500581
1496.9200000000	0.0648602466
1496.9300000000	0.0645020686
1496.9400000000	0.0644949178
1496.9500000000	0.0647182887
1496.9600000000	0.0651676930
1496.9700000000	0.0657601468
1496.9800000000	0.0664597791
1496.9900000000	0.0670278478
1497.0000000000	0.0674635930
1497.0100000000	0.0679017721
1497.0200000000	0.0683179653
1497.0300000000	0.0685954226
1497.0400000000	0.0686425046
1497.0500000000	0.0687557963
1497.0600000000	0.0688425974
1497.0700000000	0.0687125709
1497.0800000000	0.0685600514
1497.0900000000	0.0682654497
1497.1000000000	0.0677180324
1497.1100000000	0.0669999875
1497.1200000000	0.0664234612
1497.1300000000	0.0658355405
1497.1400000000	0.0653887837
1497.1500000000	0.0651724536
1497.1600000000	0.0649983783
1497.1700000000	0.0651374218
1497.1800000000	0.0651056116
1497.1900000000	0.0651800378
1497.2000000000	0.0653119125
1497.2100000000	0.0651959915
1497.2200000000	0.0649147725
1497.2300000000	0.0646083092
1497.2400000000	0.0643685732
1497.2500000000	0.0642879422
1497.2600000000	0.0643415733
1497.2700000000	0.0642922969
1497.2800000000	0.0642515673
1497.2900000000	0.0642446248
1497.3000000000	0.0641330722
1497.3100000000	0.0640734387
1497.3200000000	0.0641229166
1497.3300000000	0.0640795783
1497.3400000000	0.0641545100
1497.3500000000	0.0645628120
1497.3600000000	0.0650363488
1497.3700000000	0.0657239455
1497.3800000000	0.0663950983
1497.3900000000	0.0670034190
1497.4000000000	0.0676350304
1497.4100000000	0.0680405687
1497.4200000000	0.0681930116
1497.4300000000	0.0683857255
1497.4400000000	0.0683097715
1497.4500000000	0.0682134414
1497.4600000000	0.0681882033
1497.4700000000	0.0679778853
1497.4800000000	0.0677787831
1497.4900000000	0.0676795451
1497.5000000000	0.0671272523
1497.5100000000	0.0666759734
1497.5200000000	0.0664009422
1497.5300000000	0.0658618541
1497.5400000000	0.0659146063
1497.5500000000	0.0659251236
1497.5600000000	0.0659251236
1497.5700000000	0.0664131797
1497.5800000000	0.0670471137
1497.5900000000	0.0673679687
1497.6000000000	0.0677565830
1497.6100000000	0.0680530899
1497.6200000000	0.0680704252
1497.6300000000	0.0681773110
1497.6400000000	0.0681351588
1497.6500000000	0.0680630549
1497.6600000000	0.0682949752
1497.6700000000	0.0683114200
1497.6800000000	0.0680146489
1497.6900000000	0.0678315861
1497.7000000000	0.0674221406
1497.7100000000	0.0671332064
1497.7200000000	0.0668500609
1497.7300000000	0.0666104243
1497.7400000000	0.0664763465
1497.7500000000	0.0665757283
1497.7600000000	0.0666759734
1497.7700000000	0.0670070429
1497.7800000000	0.0673498272
1497.7900000000	0.0677088974
1497.8000000000	0.0679093499
1497.8100000000	0.0679924163
1497.8200000000	0.0677734056
1497.8300000000	0.0675908857
1497.8400000000	0.0673517895
1497.8500000000	0.0671365864
1497.8600000000	0.0668569346
1497.8700000000	0.0665146915
1497.8800000000	0.0662748916
1497.8900000000	0.0658655305
1497.9000000000	0.0652679330
1497.9100000000	0.0646758100
1497.9200000000	0.0641795505
1497.9300000000	0.0637205786
1497.9400000000	0.0635291584
1497.9500000000	0.0633463211
1497.9600000000	0.0635601113
1497.9700000000	0.0638881246
1497.9800000000	0.0642138394
1497.9900000000	0.0645866220
1498.0000000000	0.0650120419
1498.0100000000	0.0653430980
1498.0200000000	0.0654530858
1498.0300000000	0.0656598140
1498.0400000000	0.0657413332
1498.0500000000	0.0658460926
1498.0600000000	0.0660198709
1498.0700000000	0.0661986422
1498.0800000000	0.0663757797
1498.0900000000	0.0664886221
1498.1000000000	0.0663965080
1498.1100000000	0.0663184182
1498.1200000000	0.0662393029
1498.1300000000	0.0661079907
1498.1400000000	0.0661451205
1498.1500000000	0.0662183816
1498.1600000000	0.0665242037
1498.1700000000	0.0671006615
1498.1800000000	0.0677605454
1498.1900000000	0.0683355176
1498.2000000000	0.0689350559
1498.2100000000	0.0692401873
1498.2200000000	0.0694601548
1498.2300000000	0.0696180146
1498.2400000000	0.0698804481
1498.2500000000	0.0700710079
1498.2600000000	0.0700369565
1498.2700000000	0.0701063818
1498.2800000000	0.0700751170
1498.2900000000	0.0698808763
1498.3000000000	0.0696709905
1498.3100000000	0.0693947991
1498.3200000000	0.0689532238
1498.3300000000	0.0683639824
1498.3400000000	0.0680021692
1498.3500000000	0.0678982897
1498.3600000000	0.0679922823
1498.3700000000	0.0680332118
1498.3800000000	0.0683922262
1498.3900000000	0.0688626301
1498.4000000000	0.0690512960
1498.4100000000	0.0692612978
1498.4200000000	0.0693489472
1498.4300000000	0.0692814587
1498.4400000000	0.0692315709
1498.4500000000	0.0691024145
1498.4600000000	0.0690798989
1498.4700000000	0.0691368878
1498.4800000000	0.0690576828
1498.4900000000	0.0687786593
1498.5000000000	0.0684348564
1498.5100000000	0.0679225968
1498.5200000000	0.0675684801
1498.5300000000	0.0671356850
1498.5400000000	0.0667984599
1498.5500000000	0.0667474815
1498.5600000000	0.0668717304
1498.5700000000	0.0669857348
1498.5800000000	0.0673224928
1498.5900000000	0.0679926500
1498.6000000000	0.0683118713
1498.6100000000	0.0684976642
1498.6200000000	0.0685675733
1498.6300000000	0.0684603471
1498.6400000000	0.0683858260
1498.6500000000	0.0681209232
1498.6600000000	0.0680032076
1498.6700000000	0.0678208587
1498.6800000000	0.0674833258
1498.6900000000	0.0671057517
1498.7000000000	0.0667603643
1498.7100000000	0.0663088716
1498.7200000000	0.0657852874
1498.7300000000	0.0653124158
1498.7400000000	0.0649610819
1498.7500000000	0.0647846605
1498.7600000000	0.0648369431
1498.7700000000	0.0652417197
1498.7800000000	0.0656969137
1498.7900000000	0.0661660118
1498.8000000000	0.0666709171
1498.8100000000	0.0669262663
1498.8200000000	0.0670335285
1498.8300000000	0.0670685815
1498.8400000000	0.0672053562
1498.8500000000	0.0672455991
1498.8600000000	0.0671462632
1498.8700000000	0.0671385085
1498.8800000000	0.0669101182
1498.8900000000	0.0666912965
1498.9000000000	0.0665187227
1498.9100000000	0.0661785549
1498.9200000000	0.0656876744
1498.9300000000	0.0654874783
1498.9400000000	0.0653975410
1498.9500000000	0.0655179507
1498.9600000000	0.0657762572
1498.9700000000	0.0663548774
1498.9800000000	0.0671097163
1498.9900000000	0.0677396034
1499.0000000000	0.0682742707
1499.0100000000	0.0689791459
1499.0200000000	0.0694190547
1499.0300000000	0.0695613046
1499.0400000000	0.0697021672
1499.0500000000	0.0698794942
1499.0600000000	0.0700600702
1499.0700000000	0.0701398985
1499.0800000000	0.0700763228
1499.0900000000	0.0701070200
1499.1000000000	0.0697866781
1499.1100000000	0.0693256635
1499.1200000000	0.0687931408
1499.1300000000	0.0682894306
1499.1400000000	0.0679507586
1499.1500000000	0.0678197782
1499.1600000000	0.0680160684
1499.1700000000	0.0684290791
1499.1800000000	0.0691033538
1499.1900000000	0.0697837496
1499.2000000000	0.0701832280
1499.2100000000	0.0705540077
1499.2200000000	0.0709492293
1499.2300000000	0.0711453758
1499.2400000000	0.0711156902
1499.2500000000	0.0709751039
1499.2600000000	0.0708085921
1499.2700000000	0.0706599304
1499.2800000000	0.0703161929
1499.2900000000	0.0699756642
1499.3000000000	0.0696254204
1499.3100000000	0.0690361687
1499.3200000000	0.0682606385
1499.3300000000	0.0675479068
1499.3400000000	0.0668937635
1499.3500000000	0.0664813131
1499.3600000000	0.0662534777
1499.3700000000	0.0663169736
1499.3800000000	0.0664972031
1499.3900000000	0.0667264720
1499.4000000000	0.0670976657
1499.4100000000	0.0674736496
1499.4200000000	0.0675792438
1499.4300000000	0.0676464181
1499.4400000000	0.0676662815
1499.4500000000	0.0676056079
1499.4600000000	0.0676316445
1499.4700000000	0.0677885182
1499.4800000000	0.0678256474
1499.4900000000	0.0678902798
1499.5000000000	0.0678559009
1499.5100000000	0.0676856296
1499.5200000000	0.0675464762
1499.5300000000	0.0673791656
1499.5400000000	0.0672944290
1499.5500000000	0.0671610152
1499.5600000000	0.0672662947
1499.5700000000	0.0676016336
1499.5800000000	0.0679985509
1499.5900000000	0.0684036519
1499.6000000000	0.0688784218
1499.6100000000	0.0692820934
1499.6200000000	0.0694975882
1499.6300000000	0.0694367302
1499.6400000000	0.0694944798
1499.6500000000	0.0694818325
1499.6600000000	0.0694811610
1499.6700000000	0.0693129223
1499.6800000000	0.0692861067
1499.6900000000	0.0692517794
1499.7000000000	0.0691175879
1499.7100000000	0.0689453527
1499.7200000000	0.0685529425
1499.7300000000	0.0681957494
1499.7400000000	0.0679863369
1499.7500000000	0.0679274090
1499.7600000000	0.0679333680
1499.7700000000	0.0681320016
1499.7800000000	0.0684387401
1499.7900000000	0.0688624598
1499.8000000000	0.0692660399
1499.8100000000	0.0695262729
1499.8200000000	0.0699139619
1499.8300000000	0.0699969960
1499.8400000000	0.0698680982
1499.8500000000	0.0698581862
1499.8600000000	0.0696921852
1499.8700000000	0.0697151700
1499.8800000000	0.0696328826
1499.8900000000	0.0694799896
1499.9000000000	0.0693154863
1499.9100000000	0.0690166955
1499.9200000000	0.0684662102
1499.9300000000	0.0680103563
1499.9400000000	0.0676059691
1499.9500000000	0.0673802490
1499.9600000000	0.0673022378
1499.9700000000	0.0672595104
1499.9800000000	0.0675446955
1499.9900000000	0.0678876830
1500.0000000000	0.0684173862
1500.0100000000	0.0687524284
1500.0200000000	0.0689387671
1500.0300000000	0.0691485057
1500.0400000000	0.0691173351
1500.0500000000	0.0690141447
1500.0600000000	0.0690622718
1500.0700000000	0.0691023659
1500.0800000000	0.0689551017
1500.0900000000	0.0688081914
1500.1000000000	0.0687545731
1500.1100000000	0.0685512188
1500.1200000000	0.0682522529
1500.1300000000	0.0679108213
1500.1400000000	0.0675911618
1500.1500000000	0.0674268376
1500.1600000000	0.0674557298
1500.1700000000	0.0677530038
1500.1800000000	0.0681368275
1500.1900000000	0.0686640345
1500.2000000000	0.0693028918
1500.2100000000	0.0699679291
1500.2200000000	0.0703553221
1500.2300000000	0.0707238760
1500.2400000000	0.0710057830
1500.2500000000	0.0710443483
1500.2600000000	0.0711526655
1500.2700000000	0.0713956542
1500.2800000000	0.0716410395
1500.2900000000	0.0717139840
1500.3000000000	0.0717510853
1500.3100000000	0.0716853127
1500.3200000000	0.0714415211
1500.3300000000	0.0710847023
1500.3400000000	0.0706184407
1500.3500000000	0.0703587575
1500.3600000000	0.0702536844
1500.3700000000	0.0703646551
1500.3800000000	0.0705249965
1500.3900000000	0.0708757176
1500.4000000000	0.0713809124
1500.4100000000	0.0718042891
1500.4200000000	0.0722386123
1500.4300000000	0.0723252888
1500.4400000000	0.0723469579
1500.4500000000	0.0724178287
1500.4600000000	0.0723414469
1500.4700000000	0.0722486238
1500.4800000000	0.0722105353
1500.4900000000	0.0721301730
1500.5000000000	0.0718580879
1500.5100000000	0.0716197275
1500.5200000000	0.0714158937
1500.5300000000	0.0710313553
1500.5400000000	0.0703834062
1500.5500000000	0.0696371518
1500.5600000000	0.0691487992
1500.5700000000	0.0690123389
1500.5800000000	0.0687902304
1500.5900000000	0.0689336593
1500.6000000000	0.0692438500
1500.6100000000	0.0692861067
1500.6200000000	0.0693524007
1500.6300000000	0.0692514938
1500.6400000000	0.0689848452
1500.6500000000	0.0686815890
1500.6600000000	0.0683673047
1500.6700000000	0.0679718307
1500.6800000000	0.0677912523
1500.6900000000	0.0675492657
1500.7000000000	0.0670790336
1500.7100000000	0.0669002606
1500.7200000000	0.0665463168
1500.7300000000	0.0661606798
1500.7400000000	0.0660521330
1500.7500000000	0.0658321505
1500.7600000000	0.0659560646
1500.7700000000	0.0662913431
1500.7800000000	0.0664744508
1500.7900000000	0.0671375411
1500.8000000000	0.0682080253
1500.8100000000	0.0689714579
1500.8200000000	0.0698203088
1500.8300000000	0.0704746012
1500.8400000000	0.0706933026
1500.8500000000	0.0710056629
1500.8600000000	0.0711096218
1500.8700000000	0.0711461366
1500.8800000000	0.0713818140
1500.8900000000	0.0713059043
1500.9000000000	0.0712239640
1500.9100000000	0.0710809440
1500.9200000000	0.0708065792
1500.9300000000	0.0704440716
1500.9400000000	0.0700030160
1500.9500000000	0.0694410375
1500.9600000000	0.0691521084
1500.9700000000	0.0691607903
1500.9800000000	0.0691682393
1500.9900000000	0.0694877219
1501.0000000000	0.0700912506
1501.0100000000	0.0703561089
1501.0200000000	0.0707633028
1501.0300000000	0.0711205948
1501.0400000000	0.0713758302
1501.0500000000	0.0716887799
1501.0600000000	0.0716530272
1501.0700000000	0.0716137685
1501.0800000000	0.0717077042
1501.0900000000	0.0716198467
1501.1000000000	0.0713445780
1501.1100000000	0.0713595198
1501.1200000000	0.0708349850
1501.1300000000	0.0702351066
1501.1400000000	0.0696754391
1501.1500000000	0.0689398594
1501.1600000000	0.0685392126
1501.1700000000	0.0681871731
1501.1800000000	0.0680704252
1501.1900000000	0.0681578272
1501.2000000000	0.0685140819
1501.2100000000	0.0687667624
1501.2200000000	0.0690858034
1501.2300000000	0.0692720114
1501.2400000000	0.0693517137
1501.2500000000	0.0693412999
1501.2600000000	0.0694610586
1501.2700000000	0.0694346770
1501.2800000000	0.0695145168
1501.2900000000	0.0697866781
1501.3000000000	0.0697874077
1501.3100000000	0.0698625642
1501.3200000000	0.0700012024
1501.3300000000	0.0699910901
1501.3400000000	0.0698495185
1501.3500000000	0.0697346708
1501.3600000000	0.0695685277
1501.3700000000	0.0695647689
1501.3800000000	0.0698393704
1501.3900000000	0.0702503809
1501.4000000000	0.0708277183
1501.4100000000	0.0714927093
1501.4200000000	0.0721751261
1501.4300000000	0.0726839273
1501.4400000000	0.0730439644
1501.4500000000	0.0733455519
1501.4600000000	0.0735010099
1501.4700000000	0.0735963541
1501.4800000000	0.0736300049
1501.4900000000	0.0736014772
1501.5000000000	0.0736572546
1501.5100000000	0.0735192488
1501.5200000000	0.0733441414
1501.5300000000	0.0730434064
1501.5400000000	0.0727340692
1501.5500000000	0.0721696328
1501.5600000000	0.0716316461
1501.5700000000	0.0712981436
1501.5800000000	0.0713230735
1501.5900000000	0.0712894647
1501.6000000000	0.0713924364
1501.6100000000	0.0716384384
1501.6200000000	0.0718962256
1501.6300000000	0.0722594861
1501.6400000000	0.0723526749
1501.6500000000	0.0722644700
1501.6600000000	0.0720898755
1501.6700000000	0.0718066634
1501.6800000000	0.0715489484
1501.6900000000	0.0714253301
1501.7000000000	0.0713584408
1501.7100000000	0.0711536795
1501.7200000000	0.0709797252
1501.7300000000	0.0706826586
1501.7400000000	0.0703695484
1501.7500000000	0.0700476474
1501.7600000000	0.0696247584
1501.7700000000	0.0693565735
1501.7800000000	0.0692524354
1501.7900000000	0.0692521957
1501.8000000000	0.0694527139
1501.8100000000	0.0700318498
1501.8200000000	0.0704527920
1501.8300000000	0.0707251639
1501.8400000000	0.0711954315
1501.8500000000	0.0713687465
1501.8600000000	0.0714840800
1501.8700000000	0.0716240334
1501.8800000000	0.0717007193
1501.8900000000	0.0717647549
1501.9000000000	0.0717636828
1501.9100000000	0.0717304568
1501.9200000000	0.0716863962
1501.9300000000	0.0714509195
1501.9400000000	0.0711245743
1501.9500000000	0.0707363726
1501.9600000000	0.0702150052
1501.9700000000	0.0698466187
1501.9800000000	0.0697866781
1501.9900000000	0.0698361323
1502.0000000000	0.0700005319
1502.0100000000	0.0702862312
1502.0200000000	0.0707371429
1502.0300000000	0.0712231345
1502.0400000000	0.0716824023
1502.0500000000	0.0719358354
1502.0600000000	0.0719839868
1502.0700000000	0.0721429431
1502.0800000000	0.0721143760
1502.0900000000	0.0721786242
1502.1000000000	0.0724517200
1502.1100000000	0.0725577023
1502.1200000000	0.0724608562
1502.1300000000	0.0723175446
1502.1400000000	0.0718604715
1502.1500000000	0.0714733124
1502.1600000000	0.0711016722
1502.1700000000	0.0707043902
1502.1800000000	0.0704190699
1502.1900000000	0.0704060684
1502.2000000000	0.0705136966
1502.2100000000	0.0708116616
1502.2200000000	0.0712182770
1502.2300000000	0.0716583236
1502.2400000000	0.0720111281
1502.2500000000	0.0721767719
1502.2600000000	0.0723207761
1502.2700000000	0.0724786208
1502.2800000000	0.0725360460
1502.2900000000	0.0724941606
1502.3000000000	0.0723588082
1502.3100000000	0.0723142308
1502.3200000000	0.0721940677
1502.3300000000	0.0720156636
1502.3400000000	0.0717922441
1502.3500000000	0.0713057162
1502.3600000000	0.0709870329
1502.3700000000	0.0704734751
1502.3800000000	0.0700285885
1502.3900000000	0.0699129584
1502.4000000000	0.0701142379
1502.4100000000	0.0704140473
1502.4200000000	0.0707235288
1502.4300000000	0.0710507472
1502.4400000000	0.0714314162
1502.4500000000	0.0716300565
1502.4600000000	0.0716855952
1502.4700000000	0.0717563953
1502.4800000000	0.0717124993
1502.4900000000	0.0717011403
1502.5000000000	0.0717532093
1502.5100000000	0.0717671137
1502.5200000000	0.0717439398
1502.5300000000	0.0716101895
1502.5400000000	0.0714242575
1502.5500000000	0.0710738645
1502.5600000000	0.0707660074
1502.5700000000	0.0705244298
1502.5800000000	0.0703120294
1502.5900000000	0.0701591012
1502.6000000000	0.0702723814
1502.6100000000	0.0706334856
1502.6200000000	0.0713328977
1502.6300000000	0.0720369393
1502.6400000000	0.0727140296
1502.6500000000	0.0733393384
1502.6600000000	0.0736871107
1502.6700000000	0.0738894028
1502.6800000000	0.0741074957
1502.6900000000	0.0742203119
1502.7000000000	0.0742458506
1502.7100000000	0.0742236293
1502.7200000000	0.0740108894
1502.7300000000	0.0737891455
1502.7400000000	0.0735355680
1502.7500000000	0.0730498388
1502.7600000000	0.0723698196
1502.7700000000	0.0717663970
1502.7800000000	0.0712476324
1502.7900000000	0.0710189698
1502.8000000000	0.0707949715
1502.8100000000	0.0708669130
1502.8200000000	0.0711223797
1502.8300000000	0.0714817593
1502.8400000000	0.0716915518
1502.8500000000	0.0719142909
1502.8600000000	0.0721693402
1502.8700000000	0.0721773799
1502.8800000000	0.0720795747
1502.8900000000	0.0718817079
1502.9000000000	0.0716058075
1502.9100000000	0.0714247735
1502.9200000000	0.0711760139
1502.9300000000	0.0708688146
1502.9400000000	0.0704674847
1502.9500000000	0.0699215904
1502.9600000000	0.0693831584
1502.9700000000	0.0688153259
1502.9800000000	0.0683436458
1502.9900000000	0.0680980840
1503.0000000000	0.0680167941
1503.0100000000	0.0681749697
1503.0200000000	0.0686067564
1503.0300000000	0.0691049434
1503.0400000000	0.0695707816
1503.0500000000	0.0700359087
1503.0600000000	0.0704934709
1503.0700000000	0.0707275083
1503.0800000000	0.0708885822
1503.0900000000	0.0710074569
1503.1000000000	0.0711204563
1503.1100000000	0.0711677673
1503.1200000000	0.0712399977
1503.1300000000	0.0713127196
1503.1400000000	0.0714129784
1503.1500000000	0.0714593411
1503.1600000000	0.0712995652
1503.1700000000	0.0711125335
1503.1800000000	0.0708472928
1503.1900000000	0.0706276426
1503.2000000000	0.0707619787
1503.2100000000	0.0710306719
1503.2200000000	0.0713388749
1503.2300000000	0.0718080858
1503.2400000000	0.0722916440
1503.2500000000	0.0727653590
1503.2600000000	0.0732001005
1503.2700000000	0.0733945709
1503.2800000000	0.0735133115
1503.2900000000	0.0736061689
1503.3000000000	0.0734205714
1503.3100000000	0.0733475920
1503.3200000000	0.0732505453
1503.3300000000	0.0730598977
1503.3400000000	0.0728616142
1503.3500000000	0.0726381477
1503.3600000000	0.0721465149
1503.3700000000	0.0715976570
1503.3800000000	0.0710928815
1503.3900000000	0.0705611195
1503.4000000000	0.0702718713
1503.4100000000	0.0701995230
1503.4200000000	0.0702681334
1503.4300000000	0.0706200170
1503.4400000000	0.0710292560
1503.4500000000	0.0715025657
1503.4600000000	0.0720623624
1503.4700000000	0.0723946300
1503.4800000000	0.0726098838
1503.4900000000	0.0727027837
1503.5000000000	0.0726623184
1503.5100000000	0.0727960702
1503.5200000000	0.0730642350
1503.5300000000	0.0731889158
1503.5400000000	0.0731216582
1503.5500000000	0.0732788786
1503.5600000000	0.0730143933
1503.5700000000	0.0726899918
1503.5800000000	0.0723263479
1503.5900000000	0.0718289655
1503.6000000000	0.0714940783
1503.6100000000	0.0712382601
1503.6200000000	0.0710638605
1503.6300000000	0.0714233390
1503.6400000000	0.0717924235
1503.6500000000	0.0719520975
1503.6600000000	0.0722821072
1503.6700000000	0.0725554037
1503.6800000000	0.0725908037
1503.6900000000	0.0726714026
1503.7000000000	0.0726304966
1503.7100000000	0.0724847294
1503.7200000000	0.0724520942
1503.7300000000	0.0722916379
1503.7400000000	0.0721501942
1503.7500000000	0.0720148578
1503.7600000000	0.0716900504
1503.7700000000	0.0712127547
1503.7800000000	0.0707403813
1503.7900000000	0.0700911268
1503.8000000000	0.0695544392
1503.8100000000	0.0691225556
1503.8200000000	0.0687090190
1503.8300000000	0.0685756013
1503.8400000000	0.0687497813
1503.8500000000	0.0687826167
1503.8600000000	0.0689436060
1503.8700000000	0.0689718329
1503.8800000000	0.0688481050
1503.8900000000	0.0686231472
1503.9000000000	0.0682951739
1503.9100000000	0.0680835593
1503.9200000000	0.0679529476
1503.9300000000	0.0678756021
1503.9400000000	0.0678226749
1503.9500000000	0.0676643543
1503.9600000000	0.0673748245
1503.9700000000	0.0672299988
1503.9800000000	0.0670949699
1503.9900000000	0.0667206740
1504.0000000000	0.0663593878
1504.0100000000	0.0662245639
1504.0200000000	0.0662941373
1504.0300000000	0.0665479438
1504.0400000000	0.0670834525
1504.0500000000	0.0676371607
1504.0600000000	0.0684367411
1504.0700000000	0.0693406620
1504.0800000000	0.0700088671
1504.0900000000	0.0705561379
1504.1000000000	0.0710771743
1504.1100000000	0.0714875974
1504.1200000000	0.0717948610
1504.1300000000	0.0720163936
1504.1400000000	0.0722191557
1504.1500000000	0.0724276583
1504.1600000000	0.0724336800
1504.1700000000	0.0723216028
1504.1800000000	0.0720220865
1504.1900000000	0.0716702599
1504.2000000000	0.0712876837
1504.2100000000	0.0710547439
1504.2200000000	0.0710566848
1504.2300000000	0.0710919218
1504.2400000000	0.0712498338
1504.2500000000	0.0715771815
1504.2600000000	0.0719928999
1504.2700000000	0.0723857748
1504.2800000000	0.0726143431
1504.2900000000	0.0727564147
1504.3000000000	0.0729233738
1504.3100000000	0.0730403990
1504.3200000000	0.0730403990
1504.3300000000	0.0730545590
1504.3400000000	0.0731385474
1504.3500000000	0.0732370463
1504.3600000000	0.0731213714
1504.3700000000	0.0729451745
1504.3800000000	0.0727444626
1504.3900000000	0.0723682778
1504.4000000000	0.0717612786
1504.4100000000	0.0713073636
1504.4200000000	0.0710483745
1504.4300000000	0.0710147351
1504.4400000000	0.0710742121
1504.4500000000	0.0712505140
1504.4600000000	0.0716058494
1504.4700000000	0.0719796565
1504.4800000000	0.0722079144
1504.4900000000	0.0723375573
1504.5000000000	0.0723387809
1504.5100000000	0.0722439989
1504.5200000000	0.0720824282
1504.5300000000	0.0719260785
1504.5400000000	0.0716516661
1504.5500000000	0.0714400759
1504.5600000000	0.0714843243
1504.5700000000	0.0713041220
1504.5800000000	0.0708791903
1504.5900000000	0.0704768522
1504.6000000000	0.0700109513
1504.6100000000	0.0693874075
1504.6200000000	0.0689392018
1504.6300000000	0.0686645762
1504.6400000000	0.0685106375
1504.6500000000	0.0684924850
1504.6600000000	0.0687004323
1504.6700000000	0.0690937415
1504.6800000000	0.0693969443
1504.6900000000	0.0696219843
1504.7000000000	0.0698180541
1504.7100000000	0.0698250123
1504.7200000000	0.0697691659
1504.7300000000	0.0697333975
1504.7400000000	0.0698123131
1504.7500000000	0.0699580277
1504.7600000000	0.0700132318
1504.7700000000	0.0700369565
1504.7800000000	0.0700287055
1504.7900000000	0.0699805751
1504.8000000000	0.0698609365
1504.8100000000	0.0696667951
1504.8200000000	0.0695542622
1504.8300000000	0.0693861459
1504.8400000000	0.0693493914
1504.8500000000	0.0696075373
1504.8600000000	0.0699455866
1504.8700000000	0.0704281005
1504.8800000000	0.0709824836
1504.8900000000	0.0713547945
1504.9000000000	0.0715858656
1504.9100000000	0.0718455132
1504.9200000000	0.0718855362
1504.9300000000	0.0717174553
1504.9400000000	0.0716542500
1504.9500000000	0.0714577724
1504.9600000000	0.0713729017
1504.9700000000	0.0711871479
1504.9800000000	0.0710815007
1504.9900000000	0.0709356967
1505.0000000000	0.0705923824
1505.0100000000	0.0700147378
1505.0200000000	0.0695463550
1505.0300000000	0.0693780953
1505.0400000000	0.0692336895
1505.0500000000	0.0690499745
1505.0600000000	0.0693320762
1505.0700000000	0.0696031024
1505.0800000000	0.0701022637
1505.0900000000	0.0704185925
1505.1000000000	0.0706138422
1505.1100000000	0.0706623167
1505.1200000000	0.0707188901
1505.1300000000	0.0705263546
1505.1400000000	0.0703112122
1505.1500000000	0.0701203923
1505.1600000000	0.0699578411
1505.1700000000	0.0696993136
1505.1800000000	0.0692319379
1505.1900000000	0.0688177428
1505.2000000000	0.0684194778
1505.2100000000	0.0678615585
1505.2200000000	0.0672216031
1505.2300000000	0.0666702610
1505.2400000000	0.0663488175
1505.2500000000	0.0661877784
1505.2600000000	0.0662062410
1505.2700000000	0.0665264604
1505.2800000000	0.0670020413
1505.2900000000	0.0675732605
1505.3000000000	0.0682434766
1505.3100000000	0.0687416402
1505.3200000000	0.0692038731
1505.3300000000	0.0697059667
1505.3400000000	0.0702367737
1505.3500000000	0.0707611807
1505.3600000000	0.0712168840
1505.3700000000	0.0718127991
1505.3800000000	0.0725040736
1505.3900000000	0.0729188986
1505.4000000000	0.0731780902
1505.4100000000	0.0731104174
1505.4200000000	0.0729002396
1505.4300000000	0.0726141926
1505.4400000000	0.0723624730
1505.4500000000	0.0722624483
1505.4600000000	0.0723166211
1505.4700000000	0.0724719203
1505.4800000000	0.0727608567
1505.4900000000	0.0730670393
1505.5000000000	0.0734053638
1505.5100000000	0.0736684706
1505.5200000000	0.0737554947
1505.5300000000	0.0737530648
1505.5400000000	0.0737197406
1505.5500000000	0.0737186786
1505.5600000000	0.0736804466
1505.5700000000	0.0735070040
1505.5800000000	0.0736829139
1505.5900000000	0.0735749185
1505.6000000000	0.0733936491
1505.6100000000	0.0731730942
1505.6200000000	0.0726564980
1505.6300000000	0.0721328239
1505.6400000000	0.0716505090
1505.6500000000	0.0712913716
1505.6600000000	0.0711811299
1505.6700000000	0.0712303829
1505.6800000000	0.0714227449
1505.6900000000	0.0716502810
1505.7000000000	0.0718695003
1505.7100000000	0.0719561768
1505.7200000000	0.0718962256
1505.7300000000	0.0717532093
1505.7400000000	0.0715884002
1505.7500000000	0.0714737051
1505.7600000000	0.0712492329
1505.7700000000	0.0710972429
1505.7800000000	0.0710237975
1505.7900000000	0.0709063199
1505.8000000000	0.0706284592
1505.8100000000	0.0702198276
1505.8200000000	0.0697645951
1505.8300000000	0.0692200713
1505.8400000000	0.0686425046
1505.8500000000	0.0682441536
1505.8600000000	0.0679967502
1505.8700000000	0.0679316995
1505.8800000000	0.0680505624
1505.8900000000	0.0684626406
1505.9000000000	0.0691363026
1505.9100000000	0.0695774100
1505.9200000000	0.0702161043
1505.9300000000	0.0707317938
1505.9400000000	0.0708303008
1505.9500000000	0.0709910204
1505.9600000000	0.0711050198
1505.9700000000	0.0712242451
1505.9800000000	0.0712925984
1505.9900000000	0.0714612033
1506.0000000000	0.0714051185
1506.0100000000	0.0712168821
1506.0200000000	0.0709305016
1506.0300000000	0.0705281713
1506.0400000000	0.0700603476
1506.0500000000	0.0697165192
1506.0600000000	0.0693086720
1506.0700000000	0.0690329265
1506.0800000000	0.0689372193
1506.0900000000	0.0689921144
1506.1000000000	0.0693214982
1506.1100000000	0.0697115931
1506.1200000000	0.0697190640
1506.1300000000	0.0699379177
1506.1400000000	0.0700966694
1506.1500000000	0.0701792182
1506.1600000000	0.0702111769
1506.1700000000	0.0701442332
1506.1800000000	0.0701725532
1506.1900000000	0.0703230035
1506.2000000000	0.0703230035
1506.2100000000	0.0703276984
1506.2200000000	0.0703332189
1506.2300000000	0.0701453143
1506.2400000000	0.0699344372
1506.2500000000	0.0697400549
1506.2600000000	0.0695306510
1506.2700000000	0.0695226865
1506.2800000000	0.0697273128
1506.2900000000	0.0700308850
1506.3000000000	0.0705760450
1506.3100000000	0.0712080329
1506.3200000000	0.0717135601
1506.3300000000	0.0722417434
1506.3400000000	0.0727083305
1506.3500000000	0.0728499322
1506.3600000000	0.0729876512
1506.3700000000	0.0730046449
1506.3800000000	0.0729729041
1506.3900000000	0.0732703540
1506.4000000000	0.0735383357
1506.4100000000	0.0733621855
1506.4200000000	0.0733493140
1506.4300000000	0.0731303250
1506.4400000000	0.0728390891
1506.4500000000	0.0725198044
1506.4600000000	0.0722312546
1506.4700000000	0.0719319796
1506.4800000000	0.0719405618
1506.4900000000	0.0720586954
1506.5000000000	0.0723165196
1506.5100000000	0.0728562172
1506.5200000000	0.0733578405
1506.5300000000	0.0736462068
1506.5400000000	0.0738889884
1506.5500000000	0.0740467486
1506.5600000000	0.0741314475
1506.5700000000	0.0740707003
1506.5800000000	0.0738648643
1506.5900000000	0.0737161652
1506.6000000000	0.0735070220
1506.6100000000	0.0732306148
1506.6200000000	0.0729663265
1506.6300000000	0.0726197038
1506.6400000000	0.0719748894
1506.6500000000	0.0713492516
1506.6600000000	0.0706448053
1506.6700000000	0.0698224321
1506.6800000000	0.0693125491
1506.6900000000	0.0691397240
1506.7000000000	0.0691214087
1506.7100000000	0.0692299218
1506.7200000000	0.0693969828
1506.7300000000	0.0698603556
1506.7400000000	0.0702157413
1506.7500000000	0.0702218195
1506.7600000000	0.0702575134
1506.7700000000	0.0702872494
1506.7800000000	0.0703004042
1506.7900000000	0.0704063172
1506.8000000000	0.0705749527
1506.8100000000	0.0707420414
1506.8200000000	0.0709827154
1506.8300000000	0.0712017145
1506.8400000000	0.0710153474
1506.8500000000	0.0710362934
1506.8600000000	0.0709694802
1506.8700000000	0.0707966707
1506.8800000000	0.0706196705
1506.8900000000	0.0705092088
1506.9000000000	0.0705357036
1506.9100000000	0.0710084966
1506.9200000000	0.0713226261
1506.9300000000	0.0717399420
1506.9400000000	0.0723042596
1506.9500000000	0.0725454917
1506.9600000000	0.0726018715
1506.9700000000	0.0727589540
1506.9800000000	0.0728070981
1506.9900000000	0.0729409119
1507.0000000000	0.0729869435
1507.0100000000	0.0728258601
1507.0200000000	0.0728358854
1507.0300000000	0.0730029741
1507.0400000000	0.0728392272
1507.0500000000	0.0725799257
1507.0600000000	0.0722183731
1507.0700000000	0.0716199350
1507.0800000000	0.0713844585
1507.0900000000	0.0710901074
1507.1000000000	0.0707978319
1507.1100000000	0.0709623005
1507.1200000000	0.0712450516
1507.1300000000	0.0714403468
1507.1400000000	0.0718118147
1507.1500000000	0.0720314831
1507.1600000000	0.0721496276
1507.1700000000	0.0722090881
1507.1800000000	0.0720950303
1507.1900000000	0.0718362743
1507.2000000000	0.0718840692
1507.2100000000	0.0718062987
1507.2200000000	0.0717240901
1507.2300000000	0.0716525788
1507.2400000000	0.0711910785
1507.2500000000	0.0708281768
1507.2600000000	0.0704606303
1507.2700000000	0.0697792547
1507.2800000000	0.0691963805
1507.2900000000	0.0685627445
1507.3000000000	0.0680220515
1507.3100000000	0.0677107461
1507.3200000000	0.0676063090
1507.3300000000	0.0676764150
1507.3400000000	0.0678541130
1507.3500000000	0.0679989171
1507.3600000000	0.0681079851
1507.3700000000	0.0682842344
1507.3800000000	0.0682462907
1507.3900000000	0.0681776874
1507.4000000000	0.0681744038
1507.4100000000	0.0681459879
1507.4200000000	0.0681776874
1507.4300000000	0.0681989192
1507.4400000000	0.0682676481
1507.4500000000	0.0682236610
1507.4600000000	0.0681950328
1507.4700000000	0.0679472678
1507.4800000000	0.0676424454
1507.4900000000	0.0674997617
1507.5000000000	0.0673777634
1507.5100000000	0.0674893204
1507.5200000000	0.0677170803
1507.5300000000	0.0680662632
1507.5400000000	0.0686108012
1507.5500000000	0.0691229878
1507.5600000000	0.0696603340
1507.5700000000	0.0701355413
1507.5800000000	0.0705841168
1507.5900000000	0.0709395052
1507.6000000000	0.0711616277
1507.6100000000	0.0714800347
1507.6200000000	0.0716967179
1507.6300000000	0.0719428151
1507.6400000000	0.0721257812
1507.6500000000	0.0723278426
1507.6600000000	0.0723576556
1507.6700000000	0.0722884057
1507.6800000000	0.0720178010
1507.6900000000	0.0717276707
1507.7000000000	0.0714650491
1507.7100000000	0.0711912917
1507.7200000000	0.0710349164
1507.7300000000	0.0711687399
1507.7400000000	0.0713588198
1507.7500000000	0.0718485567
1507.7600000000	0.0722238050
1507.7700000000	0.0723693739
1507.7800000000	0.0723967969
1507.7900000000	0.0723924529
1507.8000000000	0.0723610428
1507.8100000000	0.0723610428
1507.8200000000	0.0721569323
1507.8300000000	0.0718313525
1507.8400000000	0.0716831458
1507.8500000000	0.0716062203
1507.8600000000	0.0712083027
1507.8700000000	0.0707778093
1507.8800000000	0.0702750927
1507.8900000000	0.0696639342
1507.9000000000	0.0688935740
1507.9100000000	0.0682249875
1507.9200000000	0.0677703989
1507.9300000000	0.0674000178
1507.9400000000	0.0672249391
1507.9500000000	0.0672122987
1507.9600000000	0.0673820452
1507.9700000000	0.0676209311
1507.9800000000	0.0677938695
1507.9900000000	0.0679131803
1508.0000000000	0.0679066132
1508.0100000000	0.0680329185
1508.0200000000	0.0681638580
1508.0300000000	0.0682238048
1508.0400000000	0.0684677820
1508.0500000000	0.0687531750
1508.0600000000	0.0690767271
1508.0700000000	0.0692770814
1508.0800000000	0.0692180699
1508.0900000000	0.0692503527
1508.1000000000	0.0692397319
1508.1100000000	0.0690244858
1508.1200000000	0.0687465949
1508.1300000000	0.0686453941
1508.1400000000	0.0687922393
1508.1500000000	0.0690313456
1508.1600000000	0.0694578024
1508.1700000000	0.0697181187
1508.1800000000	0.0699493955
1508.1900000000	0.0700443284
1508.2000000000	0.0700391455
1508.2100000000	0.0698935791
1508.2200000000	0.0697680860
1508.2300000000	0.0697245599
1508.2400000000	0.0697605776
1508.2500000000	0.0697484421
1508.2600000000	0.0696983337
1508.2700000000	0.0698915103
1508.2800000000	0.0699570356
1508.2900000000	0.0697602938
1508.3000000000	0.0696166631
1508.3100000000	0.0694444461
1508.3200000000	0.0692469475
1508.3300000000	0.0691788446
1508.3400000000	0.0692489506
1508.3500000000	0.0694387068
1508.3600000000	0.0699105279
1508.3700000000	0.0702449283
1508.3800000000	0.0706166216
1508.3900000000	0.0710420734
1508.4000000000	0.0713642340
1508.4100000000	0.0713908625
1508.4200000000	0.0713412459
1508.4300000000	0.0712618649
1508.4400000000	0.0712526380
1508.4500000000	0.0711386720
1508.4600000000	0.0710143896
1508.4700000000	0.0708575411
1508.4800000000	0.0706794907
1508.4900000000	0.0703730533
1508.5000000000	0.0699027845
1508.5100000000	0.0693787041
1508.5200000000	0.0688124338
1508.5300000000	0.0684403514
1508.5400000000	0.0681346501
1508.5500000000	0.0679717705
1508.5600000000	0.0680346711
1508.5700000000	0.0682440891
1508.5800000000	0.0685459694
1508.5900000000	0.0687640830
1508.6000000000	0.0690483284
1508.6100000000	0.0692896467
1508.6200000000	0.0693632233
1508.6300000000	0.0695041026
1508.6400000000	0.0696776801
1508.6500000000	0.0698876307
1508.6600000000	0.0702478468
1508.6700000000	0.0706584066
1508.6800000000	0.0708235748
1508.6900000000	0.0708659636
1508.7000000000	0.0709747330
1508.7100000000	0.0708242828
1508.7200000000	0.0704985988
1508.7300000000	0.0700694713
1508.7400000000	0.0697958930
1508.7500000000	0.0697051141
1508.7600000000	0.0697025071
1508.7700000000	0.0698748242
1508.7800000000	0.0701772789
1508.7900000000	0.0704259255
1508.8000000000	0.0707729794
1508.8100000000	0.0710126608
1508.8200000000	0.0710777617
1508.8300000000	0.0710990003
1508.8400000000	0.0710055311
1508.8500000000	0.0710323785
1508.8600000000	0.0709751731
1508.8700000000	0.0710854246
1508.8800000000	0.0712201018
1508.8900000000	0.0712427874
1508.9000000000	0.0711048284
1508.9100000000	0.0707513197
1508.9200000000	0.0704446383
1508.9300000000	0.0699363259
1508.9400000000	0.0694925219
1508.9500000000	0.0692109462
1508.9600000000	0.0690752538
1508.9700000000	0.0690578488
1508.9800000000	0.0692622707
1508.9900000000	0.0695150822
1509.0000000000	0.0697678982
1509.0100000000	0.0700316516
1509.0200000000	0.0702521896
1509.0300000000	0.0703670084
1509.0400000000	0.0704951783
1509.0500000000	0.0705817982
1509.0600000000	0.0706294813
1509.0700000000	0.0707163126
1509.0800000000	0.0707284555
1509.0900000000	0.0708635352
1509.1000000000	0.0710030749
1509.1100000000	0.0710629222
1509.1200000000	0.0707017184
1509.1300000000	0.0704176253
1509.1400000000	0.0702139344
1509.1500000000	0.0697639242
1509.1600000000	0.0695219390
1509.1700000000	0.0694097562
1509.1800000000	0.0695759051
1509.1900000000	0.0698399288
1509.2000000000	0.0701358547
1509.2100000000	0.0705006727
1509.2200000000	0.0707788822
1509.2300000000	0.0709326247
1509.2400000000	0.0710774337
1509.2500000000	0.0711918561
1509.2600000000	0.0711328619
1509.2700000000	0.0710972318
1509.2800000000	0.0711224932
1509.2900000000	0.0712286863
1509.3000000000	0.0712112034
1509.3100000000	0.0710855597
1509.3200000000	0.0709736744
1509.3300000000	0.0707744114
1509.3400000000	0.0703290205
1509.3500000000	0.0699039505
1509.3600000000	0.0694815150
1509.3700000000	0.0691645422
1509.3800000000	0.0688945676
1509.3900000000	0.0689399935
1509.4000000000	0.0692245106
1509.4100000000	0.0694814644
1509.4200000000	0.0700242705
1509.4300000000	0.0703987426
1509.4400000000	0.0706904480
1509.4500000000	0.0708883790
1509.4600000000	0.0709773172
1509.4700000000	0.0710890260
1509.4800000000	0.0713105596
1509.4900000000	0.0713822916
1509.5000000000	0.0715248114
1509.5100000000	0.0717299876
1509.5200000000	0.0716722155
1509.5300000000	0.0714839968
1509.5400000000	0.0712066634
1509.5500000000	0.0707082130
1509.5600000000	0.0702885950
1509.5700000000	0.0700039527
1509.5800000000	0.0697151700
1509.5900000000	0.0697572336
1509.6000000000	0.0700288163
1509.6100000000	0.0702327333
1509.6200000000	0.0704256192
1509.6300000000	0.0710019891
1509.6400000000	0.0713198572
1509.6500000000	0.0715945051
1509.6600000000	0.0717244587
1509.6700000000	0.0715565620
1509.6800000000	0.0716757422
1509.6900000000	0.0717712707
1509.7000000000	0.0718159654
1509.7100000000	0.0721273774
1509.7200000000	0.0722428356
1509.7300000000	0.0722295835
1509.7400000000	0.0721584317
1509.7500000000	0.0718340135
1509.7600000000	0.0714762007
1509.7700000000	0.0711534330
1509.7800000000	0.0707576160
1509.7900000000	0.0704866470
1509.8000000000	0.0705732855
1509.8100000000	0.0707404892
1509.8200000000	0.0710354030
1509.8300000000	0.0714179177
1509.8400000000	0.0716135346
1509.8500000000	0.0716803646
1509.8600000000	0.0717847570
1509.8700000000	0.0716502810
1509.8800000000	0.0715043759
1509.8900000000	0.0714671623
1509.9000000000	0.0712866221
1509.9100000000	0.0711096218
1509.9200000000	0.0711450218
1509.9300000000	0.0709350852
1509.9400000000	0.0707478375
1509.9500000000	0.0703064708
1509.9600000000	0.0696990206
1509.9700000000	0.0693307960
1509.9800000000	0.0688592066
1509.9900000000	0.0684733879
1510.0000000000	0.0685287417
1510.0100000000	0.0686067506
1510.0200000000	0.0687068660
1510.0300000000	0.0690755446
1510.0400000000	0.0693990896
1510.0500000000	0.0696124543
1510.0600000000	0.0699212617
1510.0700000000	0.0700083532
1510.0800000000	0.0700693397
1510.0900000000	0.0702549666
1510.1000000000	0.0703022661
1510.1100000000	0.0705371677
1510.1200000000	0.0710080669
1510.1300000000	0.0710824487
1510.1400000000	0.0712011522
1510.1500000000	0.0714142463
1510.1600000000	0.0711825589
1510.1700000000	0.0707701268
1510.1800000000	0.0705147043
1510.1900000000	0.0700209812
1510.2000000000	0.0697778357
1510.2100000000	0.0696961940
1510.2200000000	0.0696854240
1510.2300000000	0.0700504129
1510.2400000000	0.0704292079
1510.2500000000	0.0707531393
1510.2600000000	0.0709308370
1510.2700000000	0.0709525061
1510.2800000000	0.0710359368
1510.2900000000	0.0710535324
1510.3000000000	0.0708506409
1510.3100000000	0.0706909172
1510.3200000000	0.0708647257
1510.3300000000	0.0708848675
1510.3400000000	0.0707895564
1510.3500000000	0.0708207705
1510.3600000000	0.0706805586
1510.3700000000	0.0704375557
1510.3800000000	0.0701181186
1510.3900000000	0.0697231153
1510.4000000000	0.0693576148
1510.4100000000	0.0691408869
1510.4200000000	0.0689241284
1510.4300000000	0.0687943818
1510.4400000000	0.0689318690
1510.4500000000	0.0689952698
1510.4600000000	0.0692367145
1510.4700000000	0.0693443453
1510.4800000000	0.0693015879
1510.4900000000	0.0693399221
1510.5000000000	0.0692470983
1510.5100000000	0.0690817833
1510.5200000000	0.0689285516
1510.5300000000	0.0688842166
1510.5400000000	0.0687424873
1510.5500000000	0.0685258661
1510.5600000000	0.0681433354
1510.5700000000	0.0678087985
1510.5800000000	0.0672757209
1510.5900000000	0.0666545191
1510.6000000000	0.0659584930
1510.6100000000	0.0654835634
1510.6200000000	0.0650669972
1510.6300000000	0.0647820337
1510.6400000000	0.0648925465
1510.6500000000	0.0651124053
1510.6600000000	0.0654375538
1510.6700000000	0.0658679032
1510.6800000000	0.0662241581
1510.6900000000	0.0665493756
1510.7000000000	0.0668758343
1510.7100000000	0.0671633740
1510.7200000000	0.0674155495
1510.7300000000	0.0679522212
1510.7400000000	0.0683699242
1510.7500000000	0.0687876306
1510.7600000000	0.0693753179
1510.7700000000	0.0697859701
1510.7800000000	0.0700862998
1510.7900000000	0.0701305066
1510.8000000000	0.0700584089
1510.8100000000	0.0699734323
1510.8200000000	0.0698694421
1510.8300000000	0.0699507470
1510.8400000000	0.0701885950
1510.8500000000	0.0706189813
1510.8600000000	0.0710649278
1510.8700000000	0.0716566719
1510.8800000000	0.0721725201
1510.8900000000	0.0725434018
1510.9000000000	0.0727382627
1510.9100000000	0.0728187801
1510.9200000000	0.0729851733
1510.9300000000	0.0729731389
1510.9400000000	0.0731310742
1510.9500000000	0.0732861130
1510.9600000000	0.0734382725
1510.9700000000	0.0735535013
1510.9800000000	0.0732839514
1510.9900000000	0.0729338433
1511.0000000000	0.0725939883
1511.0100000000	0.0720624952
1511.0200000000	0.0715218998
1511.0300000000	0.0709665910
1511.0400000000	0.0706761805
1511.0500000000	0.0706644342
1511.0600000000	0.0708038599
1511.0700000000	0.0709408621
1511.0800000000	0.0711413658
1511.0900000000	0.0712763627
1511.1000000000	0.0711644447
1511.1100000000	0.0711149318
1511.1200000000	0.0709606344
1511.1300000000	0.0706957806
1511.1400000000	0.0704125683
1511.1500000000	0.0702153873
1511.1600000000	0.0701516672
1511.1700000000	0.0699764255
1511.1800000000	0.0698443224
1511.1900000000	0.0695181299
1511.2000000000	0.0691735624
1511.2100000000	0.0684508025
1511.2200000000	0.0677445695
1511.2300000000	0.0673332124
1511.2400000000	0.0668011126
1511.2500000000	0.0665588606
1511.2600000000	0.0664693944
1511.2700000000	0.0665544096
1511.2800000000	0.0667377321
1511.2900000000	0.0669584803
1511.3000000000	0.0671933718
1511.3100000000	0.0673372755
1511.3200000000	0.0675015005
1511.3300000000	0.0675268802
1511.3400000000	0.0674308853
1511.3500000000	0.0675658062
1511.3600000000	0.0677643424
1511.3700000000	0.0680272505
1511.3800000000	0.0682148283
1511.3900000000	0.0684514552
1511.4000000000	0.0685872484
1511.4100000000	0.0684290638
1511.4200000000	0.0682123603
1511.4300000000	0.0679695350
1511.4400000000	0.0677217227
1511.4500000000	0.0675029478
1511.4600000000	0.0675210983
1511.4700000000	0.0677501421
1511.4800000000	0.0681445678
1511.4900000000	0.0686231372
1511.5000000000	0.0690277871
1511.5100000000	0.0694174405
1511.5200000000	0.0696351513
1511.5300000000	0.0697795973
1511.5400000000	0.0700197805
1511.5500000000	0.0702674242
1511.5600000000	0.0705803751
1511.5700000000	0.0708667629
1511.5800000000	0.0710498005
1511.5900000000	0.0713016343
1511.6000000000	0.0715162930
1511.6100000000	0.0715269801
1511.6200000000	0.0714140519
1511.6300000000	0.0710260650
1511.6400000000	0.0705707332
1511.6500000000	0.0702405502
1511.6600000000	0.0699022514
1511.6700000000	0.0697137398
1511.6800000000	0.0696548476
1511.6900000000	0.0697423385
1511.7000000000	0.0699665657
1511.7100000000	0.0701504483
1511.7200000000	0.0703709375
1511.7300000000	0.0705344187
1511.7400000000	0.0705017737
1511.7500000000	0.0704964106
1511.7600000000	0.0703283666
1511.7700000000	0.0705061080
1511.7800000000	0.0706507021
1511.7900000000	0.0707904009
1511.8000000000	0.0708235748
1511.8100000000	0.0708005648
1511.8200000000	0.0706121134
1511.8300000000	0.0703186176
1511.8400000000	0.0697475509
1511.8500000000	0.0694102347
1511.8600000000	0.0688757732
1511.8700000000	0.0684776213
1511.8800000000	0.0682485103
1511.8900000000	0.0681849069
1511.9000000000	0.0683438498
1511.9100000000	0.0685557745
1511.9200000000	0.0687426270
1511.9300000000	0.0689200556
1511.9400000000	0.0690726513
1511.9500000000	0.0690524268
1511.9600000000	0.0690077213
1511.9700000000	0.0690000597
1511.9800000000	0.0690000597
1511.9900000000	0.0690299764
1512.0000000000	0.0689448035
1512.0100000000	0.0688975405
1512.0200000000	0.0689556380
1512.0300000000	0.0688053988
1512.0400000000	0.0683400269
1512.0500000000	0.0678670980
1512.0600000000	0.0675015333
1512.0700000000	0.0671194102
1512.0800000000	0.0669168020
1512.0900000000	0.0669501023
1512.1000000000	0.0670484549
1512.1100000000	0.0673931038
1512.1200000000	0.0678259313
1512.1300000000	0.0683156054
1512.1400000000	0.0687238367
1512.1500000000	0.0690170153
1512.1600000000	0.0692510851
1512.1700000000	0.0694955233
1512.1800000000	0.0696753573
1512.1900000000	0.0698733546
1512.2000000000	0.0701996849
1512.2100000000	0.0704793823
1512.2200000000	0.0707382836
1512.2300000000	0.0708507790
1512.2400000000	0.0707908963
1512.2500000000	0.0707799991
1512.2600000000	0.0705024878
1512.2700000000	0.0700094248
1512.2800000000	0.0696286306
1512.2900000000	0.0694265949
1512.3000000000	0.0694021250
1512.3100000000	0.0695188744
1512.3200000000	0.0697231964
1512.3300000000	0.0700855562
1512.3400000000	0.0704090780
1512.3500000000	0.0705365346
1512.3600000000	0.0705034290
1512.3700000000	0.0707533891
1512.3800000000	0.0708775497
1512.3900000000	0.0707467036
1512.4000000000	0.0708646920
1512.4100000000	0.0709832290
1512.4200000000	0.0711184691
1512.4300000000	0.0712305546
1512.4400000000	0.0711128078
1512.4500000000	0.0708004432
1512.4600000000	0.0704418259
1512.4700000000	0.0698081333
1512.4800000000	0.0691856085
1512.4900000000	0.0688157029
1512.5000000000	0.0685171820
1512.5100000000	0.0682998321
1512.5200000000	0.0683837302
1512.5300000000	0.0685550665
1512.5400000000	0.0688339286
1512.5500000000	0.0689913036
1512.5600000000	0.0690343544
1512.5700000000	0.0690358138
1512.5800000000	0.0689664297
1512.5900000000	0.0687642205
1512.6000000000	0.0685579341
1512.6100000000	0.0686867839
1512.6200000000	0.0687140273
1512.6300000000	0.0686296640
1512.6400000000	0.0686887857
1512.6500000000	0.0684502002
1512.6600000000	0.0681737583
1512.6700000000	0.0677865709
1512.6800000000	0.0672347866
1512.6900000000	0.0666497080
1512.7000000000	0.0662702624
1512.7100000000	0.0658484428
1512.7200000000	0.0659074291
1512.7300000000	0.0661197437
1512.7400000000	0.0662074317
1512.7500000000	0.0665687112
1512.7600000000	0.0668980394
1512.7700000000	0.0670824167
1512.7800000000	0.0672280321
1512.7900000000	0.0673593022
1512.8000000000	0.0674082455
1512.8100000000	0.0675555522
1512.8200000000	0.0677171181
1512.8300000000	0.0677761564
1512.8400000000	0.0680183871
1512.8500000000	0.0681846994
1512.8600000000	0.0682492100
1512.8700000000	0.0682451234
1512.8800000000	0.0681089036
1512.8900000000	0.0679040313
1512.9000000000	0.0677937652
1512.9100000000	0.0675871903
1512.9200000000	0.0675034019
1512.9300000000	0.0675655200
1512.9400000000	0.0677042891
1512.9500000000	0.0680523668
1512.9600000000	0.0686139007
1512.9700000000	0.0690885414
1512.9800000000	0.0693525068
1512.9900000000	0.0697242026
1513.0000000000	0.0699364687
1513.0100000000	0.0700476479
1513.0200000000	0.0703771680
1513.0300000000	0.0706844526
1513.0400000000	0.0709322551
1513.0500000000	0.0711553870
1513.0600000000	0.0712320523
1513.0700000000	0.0713078943
1513.0800000000	0.0711706541
1513.0900000000	0.0708772059
1513.1000000000	0.0705639382
1513.1100000000	0.0702551699
1513.1200000000	0.0698558249
1513.1300000000	0.0696196995
1513.1400000000	0.0695099134
1513.1500000000	0.0695657035
1513.1600000000	0.0696707471
1513.1700000000	0.0697123096
1513.1800000000	0.0698796386
1513.1900000000	0.0700584089
1513.2000000000	0.0700394845
1513.2100000000	0.0699039514
1513.2200000000	0.0695854093
1513.2300000000	0.0694641163
1513.2400000000	0.0694137449
1513.2500000000	0.0692224176
1513.2600000000	0.0690303965
1513.2700000000	0.0688351533
1513.2800000000	0.0686464886
1513.2900000000	0.0681674830
1513.3000000000	0.0676277309
1513.3100000000	0.0669701253
1513.3200000000	0.0662786195
1513.3300000000	0.0657297354
1513.3400000000	0.0652560859
1513.3500000000	0.0649024446
1513.3600000000	0.0649204991
1513.3700000000	0.0651457249
1513.3800000000	0.0653398418
1513.3900000000	0.0656108859
1513.4000000000	0.0658371011
1513.4100000000	0.0659927377
1513.4200000000	0.0662826642
1513.4300000000	0.0663043348
1513.4400000000	0.0665329571
1513.4500000000	0.0668493281
1513.4600000000	0.0670927574
1513.4700000000	0.0672935600
1513.4800000000	0.0676240289
1513.4900000000	0.0679392041
1513.5000000000	0.0679989171
1513.5100000000	0.0679236415
1513.5200000000	0.0675660857
1513.5300000000	0.0671835481
1513.5400000000	0.0670423785
1513.5500000000	0.0670110034
1513.5600000000	0.0670728225
1513.5700000000	0.0672437676
1513.5800000000	0.0675438509
1513.5900000000	0.0678412325
1513.6000000000	0.0680122797
1513.6100000000	0.0680738631
1513.6200000000	0.0681869615
1513.6300000000	0.0682677457
1513.6400000000	0.0681955644
1513.6500000000	0.0680993035
1513.6600000000	0.0680368380
1513.6700000000	0.0680704252
1513.6800000000	0.0680675360
1513.6900000000	0.0680250175
1513.7000000000	0.0679305950
1513.7100000000	0.0679376738
1513.7200000000	0.0676141029
1513.7300000000	0.0672195946
1513.7400000000	0.0667588923
1513.7500000000	0.0664705756
1513.7600000000	0.0662953511
1513.7700000000	0.0662111561
1513.7800000000	0.0663128139
1513.7900000000	0.0666834113
1513.8000000000	0.0670524571
1513.8100000000	0.0672466261
1513.8200000000	0.0673818686
1513.8300000000	0.0674921435
1513.8400000000	0.0675805432
1513.8500000000	0.0676282639
1513.8600000000	0.0677084894
1513.8700000000	0.0678184442
1513.8800000000	0.0679546501
1513.8900000000	0.0680858957
1513.9000000000	0.0681621113
1513.9100000000	0.0680171446
1513.9200000000	0.0678332437
1513.9300000000	0.0675373166
1513.9400000000	0.0670641738
1513.9500000000	0.0665034040
1513.9600000000	0.0661951032
1513.9700000000	0.0660491683
1513.9800000000	0.0659586431
1513.9900000000	0.0661886744
1514.0000000000	0.0664467051
1514.0100000000	0.0667508026
1514.0200000000	0.0671518528
1514.0300000000	0.0675153059
1514.0400000000	0.0679060302
1514.0500000000	0.0679854181
1514.0600000000	0.0681321879
1514.0700000000	0.0684780360
1514.0800000000	0.0687512173
1514.0900000000	0.0691675079
1514.1000000000	0.0696315035
1514.1100000000	0.0699581587
1514.1200000000	0.0701199246
1514.1300000000	0.0701946294
1514.1400000000	0.0700916104
1514.1500000000	0.0698628616
1514.1600000000	0.0695370597
1514.1700000000	0.0692739563
1514.1800000000	0.0691058626
1514.1900000000	0.0690802364
1514.2000000000	0.0692299218
1514.2100000000	0.0694616280
1514.2200000000	0.0698155702
1514.2300000000	0.0700886028
1514.2400000000	0.0702417442
1514.2500000000	0.0704494327
1514.2600000000	0.0705431732
1514.2700000000	0.0704184744
1514.2800000000	0.0704709644
1514.2900000000	0.0704065512
1514.3000000000	0.0704178756
1514.3100000000	0.0703463675
1514.3200000000	0.0701813985
1514.3300000000	0.0699797500
1514.3400000000	0.0697414335
1514.3500000000	0.0693001084
1514.3600000000	0.0686990635
1514.3700000000	0.0681019763
1514.3800000000	0.0675988619
1514.3900000000	0.0672254638
1514.4000000000	0.0669392948
1514.4100000000	0.0667412332
1514.4200000000	0.0667008929
1514.4300000000	0.0666517762
1514.4400000000	0.0667240066
1514.4500000000	0.0668025453
1514.4600000000	0.0668583310
1514.4700000000	0.0666987259
1514.4800000000	0.0666334260
1514.4900000000	0.0665834551
1514.5000000000	0.0665137629
1514.5100000000	0.0666200601
1514.5200000000	0.0667349295
1514.5300000000	0.0667404781
1514.5400000000	0.0667073936
1514.5500000000	0.0665122198
1514.5600000000	0.0661725210
1514.5700000000	0.0655874335
1514.5800000000	0.0649987328
1514.5900000000	0.0645605816
1514.6000000000	0.0642478752
1514.6100000000	0.0641030107
1514.6200000000	0.0641768270
1514.6300000000	0.0644682619
1514.6400000000	0.0648156972
1514.6500000000	0.0651398714
1514.6600000000	0.0654662075
1514.6700000000	0.0656755212
1514.6800000000	0.0660198892
1514.6900000000	0.0663576796
1514.7000000000	0.0666218005
1514.7100000000	0.0667707235
1514.7200000000	0.0669779130
1514.7300000000	0.0673802490
1514.7400000000	0.0677877324
1514.7500000000	0.0680059204
1514.7600000000	0.0680184528
1514.7700000000	0.0679078695
1514.7800000000	0.0676443415
1514.7900000000	0.0672141515
1514.8000000000	0.0667644463
1514.8100000000	0.0665767376
1514.8200000000	0.0665329571
1514.8300000000	0.0666069933
1514.8400000000	0.0668634175
1514.8500000000	0.0672245842
1514.8600000000	0.0676156254
1514.8700000000	0.0679960851
1514.8800000000	0.0682545648
1514.8900000000	0.0684311044
1514.9000000000	0.0685487346
1514.9100000000	0.0686283426
1514.9200000000	0.0688536705
1514.9300000000	0.0691662141
1514.9400000000	0.0692868364
1514.9500000000	0.0694609043
1514.9600000000	0.0695301829
1514.9700000000	0.0693121060
1514.9800000000	0.0690163438
1514.9900000000	0.0687140237
1515.0000000000	0.0681787603
1515.0100000000	0.0677585872
1515.0200000000	0.0673261779
1515.0300000000	0.0669708628
1515.0400000000	0.0670070013
1515.0500000000	0.0671780344
1515.0600000000	0.0672855845
1515.0700000000	0.0675220638
1515.0800000000	0.0678934177
1515.0900000000	0.0680523676
1515.1000000000	0.0681277046
1515.1100000000	0.0682517313
1515.1200000000	0.0683637689
1515.1300000000	0.0685850257
1515.1400000000	0.0687855354
1515.1500000000	0.0689953879
1515.1600000000	0.0693221949
1515.1700000000	0.0695831404
1515.1800000000	0.0695385091
1515.1900000000	0.0692610750
1515.2000000000	0.0689235956
1515.2100000000	0.0686303590
1515.2200000000	0.0683093864
1515.2300000000	0.0679989171
1515.2400000000	0.0678197928
1515.2500000000	0.0680070298
1515.2600000000	0.0683203418
1515.2700000000	0.0686090377
1515.2800000000	0.0690381019
1515.2900000000	0.0695684598
1515.3000000000	0.0698563804
1515.3100000000	0.0699979520
1515.3200000000	0.0701792576
1515.3300000000	0.0703417834
1515.3400000000	0.0705776232
1515.3500000000	0.0707538724
1515.3600000000	0.0708643850
1515.3700000000	0.0709308370
1515.3800000000	0.0709308370
1515.3900000000	0.0708105108
1515.4000000000	0.0705065949
1515.4100000000	0.0700584176
1515.4200000000	0.0695529224
1515.4300000000	0.0690516730
1515.4400000000	0.0684958128
1515.4500000000	0.0682302788
1515.4600000000	0.0681477707
1515.4700000000	0.0681975944
1515.4800000000	0.0683462567
1515.4900000000	0.0686042259
1515.5000000000	0.0687053561
1515.5100000000	0.0686782587
1515.5200000000	0.0686782587
1515.5300000000	0.0686686751
1515.5400000000	0.0686204436
1515.5500000000	0.0685575407
1515.5600000000	0.0685512177
1515.5700000000	0.0685888735
1515.5800000000	0.0685691908
1515.5900000000	0.0684594439
1515.6000000000	0.0682582310
1515.6100000000	0.0679102392
1515.6200000000	0.0675004910
1515.6300000000	0.0669913375
1515.6400000000	0.0664221117
1515.6500000000	0.0660254433
1515.6600000000	0.0657711757
1515.6700000000	0.0656534451
1515.6800000000	0.0657225028
1515.6900000000	0.0658756074
1515.7000000000	0.0661277335
1515.7100000000	0.0664798678
1515.7200000000	0.0666589992
1515.7300000000	0.0667696529
1515.7400000000	0.0669453823
1515.7500000000	0.0669793664
1515.7600000000	0.0669174163
1515.7700000000	0.0669167805
1515.7800000000	0.0670076638
1515.7900000000	0.0671065580
1515.8000000000	0.0672191453
1515.8100000000	0.0671765447
1515.8200000000	0.0669830456
1515.8300000000	0.0665794721
1515.8400000000	0.0661529710
1515.8500000000	0.0656583782
1515.8600000000	0.0652107431
1515.8700000000	0.0648758164
1515.8800000000	0.0647408181
1515.8900000000	0.0648755997
1515.9000000000	0.0650099931
1515.9100000000	0.0651810105
1515.9200000000	0.0655753265
1515.9300000000	0.0658965781
1515.9400000000	0.0660912748
1515.9500000000	0.0663777796
1515.9600000000	0.0666682617
1515.9700000000	0.0668289036
1515.9800000000	0.0669327670
1515.9900000000	0.0672679182
1516.0000000000	0.0676760348
1516.0100000000	0.0681112893
1516.0200000000	0.0683140142
1516.0300000000	0.0682439925
1516.0400000000	0.0680964959
1516.0500000000	0.0679475161
1516.0600000000	0.0675141904
1516.0700000000	0.0671296175
1516.0800000000	0.0669222056
1516.0900000000	0.0668838695
1516.1000000000	0.0670991992
1516.1100000000	0.0673374452
1516.1200000000	0.0676129122
1516.1300000000	0.0680307459
1516.1400000000	0.0682492100
1516.1500000000	0.0683012790
1516.1600000000	0.0683564722
1516.1700000000	0.0683564722
1516.1800000000	0.0684233022
1516.1900000000	0.0686234626
1516.2000000000	0.0688826785
1516.2100000000	0.0690993408
1516.2200000000	0.0692637153
1516.2300000000	0.0694746281
1516.2400000000	0.0693370292
1516.2500000000	0.0691997884
1516.2600000000	0.0689034146
1516.2700000000	0.0684715195
1516.2800000000	0.0681529073
1516.2900000000	0.0678850878
1516.3000000000	0.0678866570
1516.3100000000	0.0680715828
1516.3200000000	0.0683526686
1516.3300000000	0.0687416636
1516.3400000000	0.0691714750
1516.3500000000	0.0694156709
1516.3600000000	0.0696268276
1516.3700000000	0.0698224321
1516.3800000000	0.0698224321
1516.3900000000	0.0699256397
1516.4000000000	0.0700883985
1516.4100000000	0.0701400187
1516.4200000000	0.0702653997
1516.4300000000	0.0703945116
1516.4400000000	0.0703290182
1516.4500000000	0.0701227778
1516.4600000000	0.0699633220
1516.4700000000	0.0694606268
1516.4800000000	0.0687370333
1516.4900000000	0.0681306034
1516.5000000000	0.0675269472
1516.5100000000	0.0671910587
1516.5200000000	0.0670138637
1516.5300000000	0.0668828507
1516.5400000000	0.0671347068
1516.5500000000	0.0673124217
1516.5600000000	0.0672838069
1516.5700000000	0.0673169852
1516.5800000000	0.0673672475
1516.5900000000	0.0673686921
1516.6000000000	0.0675005127
1516.6100000000	0.0675698539
1516.6200000000	0.0676659259
1516.6300000000	0.0678764865
1516.6400000000	0.0679776091
1516.6500000000	0.0680132888
1516.6600000000	0.0679417106
1516.6700000000	0.0676811735
1516.6800000000	0.0673492542
1516.6900000000	0.0668973849
1516.7000000000	0.0663033036
1516.7100000000	0.0658553492
1516.7200000000	0.0656199847
1516.7300000000	0.0654575021
1516.7400000000	0.0654310530
1516.7500000000	0.0655393987
1516.7600000000	0.0656621915
1516.7700000000	0.0659415413
1516.7800000000	0.0661079907
1516.7900000000	0.0661617639
1516.8000000000	0.0663423799
1516.8100000000	0.0666044652
1516.8200000000	0.0666136802
1516.8300000000	0.0667445062
1516.8400000000	0.0670921356
1516.8500000000	0.0673604279
1516.8600000000	0.0675114438
1516.8700000000	0.0674448865
1516.8800000000	0.0672342468
1516.8900000000	0.0670070655
1516.9000000000	0.0665428643
1516.9100000000	0.0660334536
1516.9200000000	0.0657594368
1516.9300000000	0.0656060729
1516.9400000000	0.0655224583
1516.9500000000	0.0655516778
1516.9600000000	0.0658036133
1516.9700000000	0.0659763482
1516.9800000000	0.0662859147
1516.9900000000	0.0666080407
1517.0000000000	0.0667875696
1517.0100000000	0.0670041464
1517.0200000000	0.0672200870
1517.0300000000	0.0676077112
1517.0400000000	0.0678180435
1517.0500000000	0.0679252850
1517.0600000000	0.0681776874
1517.0700000000	0.0684387450
1517.0800000000	0.0685550213
1517.0900000000	0.0684115900
1517.1000000000	0.0680944938
1517.1100000000	0.0676059621
1517.1200000000	0.0671340613
1517.1300000000	0.0666600827
1517.1400000000	0.0662877315
1517.1500000000	0.0660681399
1517.1600000000	0.0660681399
1517.1700000000	0.0661325680
1517.1800000000	0.0663950375
1517.1900000000	0.0666947044
1517.2000000000	0.0669364817
1517.2100000000	0.0669943031
1517.2200000000	0.0669570643
1517.2300000000	0.0668883882
1517.2400000000	0.0668582982
1517.2500000000	0.0669291555
1517.2600000000	0.0670086090
1517.2700000000	0.0672209673
1517.2800000000	0.0673477443
1517.2900000000	0.0672333089
1517.3000000000	0.0670278814
1517.3100000000	0.0666394641
1517.3200000000	0.0661575218
1517.3300000000	0.0655723566
1517.3400000000	0.0650630204
1517.3500000000	0.0646866852
1517.3600000000	0.0644591491
1517.3700000000	0.0645589075
1517.3800000000	0.0648705205
1517.3900000000	0.0652172412
1517.4000000000	0.0657225076
1517.4100000000	0.0663348701
1517.4200000000	0.0669130657
1517.4300000000	0.0672960798
1517.4400000000	0.0676604580
1517.4500000000	0.0680346748
1517.4600000000	0.0685365697
1517.4700000000	0.0688727505
1517.4800000000	0.0692426672
1517.4900000000	0.0696436473
1517.5000000000	0.0699186925
1517.5100000000	0.0701356516
1517.5200000000	0.0699361955
1517.5300000000	0.0695828658
1517.5400000000	0.0690172221
1517.5500000000	0.0685879891
1517.5600000000	0.0682311422
1517.5700000000	0.0678771409
1517.5800000000	0.0679244903
1517.5900000000	0.0678962683
1517.6000000000	0.0680654289
1517.6100000000	0.0683840326
1517.6200000000	0.0687154318
1517.6300000000	0.0688927976
1517.6400000000	0.0690358138
1517.6500000000	0.0690632641
1517.6600000000	0.0692727441
1517.6700000000	0.0696589736
1517.6800000000	0.0697400895
1517.6900000000	0.0698813212
1517.7000000000	0.0700875548
1517.7100000000	0.0701496300
1517.7200000000	0.0701530017
1517.7300000000	0.0698785163
1517.7400000000	0.0694911450
1517.7500000000	0.0690153823
1517.7600000000	0.0684958391
1517.7700000000	0.0678483155
1517.7800000000	0.0673392389
1517.7900000000	0.0671667936
1517.8000000000	0.0670692825
1517.8100000000	0.0670950859
1517.8200000000	0.0673345691
1517.8300000000	0.0674422157
1517.8400000000	0.0674880760
1517.8500000000	0.0674748821
1517.8600000000	0.0675248037
1517.8700000000	0.0675436578
1517.8800000000	0.0674468599
1517.8900000000	0.0673683310
1517.9000000000	0.0674044462
1517.9100000000	0.0674542852
1517.9200000000	0.0674701759
1517.9300000000	0.0672993917
1517.9400000000	0.0669191101
1517.9500000000	0.0664539530
1517.9600000000	0.0660299752
1517.9700000000	0.0655692516
1517.9800000000	0.0649249903
1517.9900000000	0.0645714836
1518.0000000000	0.0643424425
1518.0100000000	0.0642088708
1518.0200000000	0.0642088708
1518.0300000000	0.0644566211
1518.0400000000	0.0647094421
1518.0500000000	0.0650337970
1518.0600000000	0.0652880227
1518.0700000000	0.0655047281
1518.0800000000	0.0657214200
1518.0900000000	0.0659452353
1518.1000000000	0.0662811443
1518.1100000000	0.0666117698
1518.1200000000	0.0668977281
1518.1300000000	0.0672055993
1518.1400000000	0.0673789272
1518.1500000000	0.0673678386
1518.1600000000	0.0671418633
1518.1700000000	0.0668211234
1518.1800000000	0.0664571964
1518.1900000000	0.0660189293
1518.2000000000	0.0657144788
1518.2100000000	0.0656291068
1518.2200000000	0.0656623505
1518.2300000000	0.0659107432
1518.2400000000	0.0662158800
1518.2500000000	0.0665537856
1518.2600000000	0.0669025519
1518.2700000000	0.0672948656
1518.2800000000	0.0675216965
1518.2900000000	0.0677988388
1518.3000000000	0.0679470737
1518.3100000000	0.0681258456
1518.3200000000	0.0682928300
1518.3300000000	0.0683807997
1518.3400000000	0.0685982029
1518.3500000000	0.0687412315
1518.3600000000	0.0686790458
1518.3700000000	0.0684946966
1518.3800000000	0.0682201102
1518.3900000000	0.0679350402
1518.4000000000	0.0675488169
1518.4100000000	0.0671143326
1518.4200000000	0.0667555174
1518.4300000000	0.0666212478
1518.4400000000	0.0668087798
1518.4500000000	0.0670461475
1518.4600000000	0.0672790898
1518.4700000000	0.0675165601
1518.4800000000	0.0676848050
1518.4900000000	0.0678266788
1518.5000000000	0.0678559009
1518.5100000000	0.0678516945
1518.5200000000	0.0678270893
1518.5300000000	0.0678916549
1518.5400000000	0.0678981556
1518.5500000000	0.0680039226
1518.5600000000	0.0680628410
1518.5700000000	0.0679544069
1518.5800000000	0.0678186555
1518.5900000000	0.0674201316
1518.6000000000	0.0668480516
1518.6100000000	0.0662730919
1518.6200000000	0.0658952634
1518.6300000000	0.0654794693
1518.6400000000	0.0651856859
1518.6500000000	0.0652348224
1518.6600000000	0.0654245430
1518.6700000000	0.0657938971
1518.6800000000	0.0661035328
1518.6900000000	0.0664575459
1518.7000000000	0.0668365280
1518.7100000000	0.0670092296
1518.7200000000	0.0670855975
1518.7300000000	0.0672679963
1518.7400000000	0.0674578695
1518.7500000000	0.0676219550
1518.7600000000	0.0679159407
1518.7700000000	0.0681145928
1518.7800000000	0.0682492100
1518.7900000000	0.0682297069
1518.8000000000	0.0678916539
1518.8100000000	0.0673813311
1518.8200000000	0.0668648675
1518.8300000000	0.0662588265
1518.8400000000	0.0657430884
1518.8500000000	0.0654459291
1518.8600000000	0.0653408580
1518.8700000000	0.0653745624
1518.8800000000	0.0657741097
1518.8900000000	0.0660487731
1518.9000000000	0.0662915198
1518.9100000000	0.0665601302
1518.9200000000	0.0666986349
1518.9300000000	0.0669750218
1518.9400000000	0.0672465841
1518.9500000000	0.0674151628
1518.9600000000	0.0676251501
1518.9700000000	0.0678972634
1518.9800000000	0.0681095844
1518.9900000000	0.0682792207
1519.0000000000	0.0683588333
1519.0100000000	0.0682014196
1519.0200000000	0.0678817396
1519.0300000000	0.0674965726
1519.0400000000	0.0670009574
1519.0500000000	0.0665549052
1519.0600000000	0.0663205541
1519.0700000000	0.0661754020
1519.0800000000	0.0662175305
1519.0900000000	0.0664607193
1519.1000000000	0.0667079666
1519.1100000000	0.0670583681
1519.1200000000	0.0673323614
1519.1300000000	0.0676192510
1519.1400000000	0.0678884045
1519.1500000000	0.0680570626
1519.1600000000	0.0681581907
1519.1700000000	0.0684973272
1519.1800000000	0.0688295960
1519.1900000000	0.0690880207
1519.2000000000	0.0692590203
1519.2100000000	0.0693365831
1519.2200000000	0.0692350240
1519.2300000000	0.0689395529
1519.2400000000	0.0686442175
1519.2500000000	0.0682492064
1519.2600000000	0.0677459372
1519.2700000000	0.0674353483
1519.2800000000	0.0672800612
1519.2900000000	0.0672543632
1519.3000000000	0.0673553295
1519.3100000000	0.0673626263
1519.3200000000	0.0675135141
1519.3300000000	0.0677216274
1519.3400000000	0.0678201468
1519.3500000000	0.0678201468
1519.3600000000	0.0678146742
1519.3700000000	0.0677843927
1519.3800000000	0.0678163432
1519.3900000000	0.0679171392
1519.4000000000	0.0679804634
1519.4100000000	0.0681271894
1519.4200000000	0.0680906497
1519.4300000000	0.0680068624
1519.4400000000	0.0677323802
1519.4500000000	0.0672466012
1519.4600000000	0.0668233309
1519.4700000000	0.0664971958
1519.4800000000	0.0661894870
1519.4900000000	0.0660863674
1519.5000000000	0.0661204467
1519.5100000000	0.0662926015
1519.5200000000	0.0667355680
1519.5300000000	0.0672927490
1519.5400000000	0.0677121582
1519.5500000000	0.0680877744
1519.5600000000	0.0685878040
1519.5700000000	0.0688524415
1519.5800000000	0.0691852049
1519.5900000000	0.0695472543
1519.6000000000	0.0698111041
1519.6100000000	0.0701726783
1519.6200000000	0.0705225370
1519.6300000000	0.0706090505
1519.6400000000	0.0705847023
1519.6500000000	0.0703676903
1519.6600000000	0.0699151742
1519.6700000000	0.0693357989
1519.6800000000	0.0686895953
1519.6900000000	0.0682349026
1519.7000000000	0.0679122406
1519.7100000000	0.0677547722
1519.7200000000	0.0677887182
1519.7300000000	0.0680725345
1519.7400000000	0.0684184459
1519.7500000000	0.0686924303
1519.7600000000	0.0690196274
1519.7700000000	0.0693081092
1519.7800000000	0.0695356869
1519.7900000000	0.0696983445
1519.8000000000	0.0697866781
1519.8100000000	0.0698015461
1519.8200000000	0.0699174151
1519.8300000000	0.0700777666
1519.8400000000	0.0701030473
1519.8500000000	0.0700137348
1519.8600000000	0.0696101165
1519.8700000000	0.0690313524
1519.8800000000	0.0682860621
1519.8900000000	0.0673062972
1519.9000000000	0.0663685574
1519.9100000000	0.0656442411
1519.9200000000	0.0650436420
1519.9300000000	0.0646350093
1519.9400000000	0.0643323848
1519.9500000000	0.0642554594
1519.9600000000	0.0643638050
1519.9700000000	0.0643596750
1519.9800000000	0.0642803789
1519.9900000000	0.0643105244
1520.0000000000	0.0644244630
1520.0100000000	0.0645719265
1520.0200000000	0.0646986484
1520.0300000000	0.0647966552
1520.0400000000	0.0647917470
1520.0500000000	0.0649656362
1520.0600000000	0.0649852716
1520.0700000000	0.0649008527
1520.0800000000	0.0647189253
1520.0900000000	0.0643410496
1520.1000000000	0.0638952088
1520.1100000000	0.0634332264
1520.1200000000	0.0631273674
1520.1300000000	0.0629406754
1520.1400000000	0.0630697528
1520.1500000000	0.0632978905
1520.1600000000	0.0637238418
1520.1700000000	0.0642814914
1520.1800000000	0.0646821007
1520.1900000000	0.0650459574
1520.2000000000	0.0654511843
1520.2100000000	0.0657649370
1520.2200000000	0.0659353391
1520.2300000000	0.0661588217
1520.2400000000	0.0665085130
1520.2500000000	0.0668305641
1520.2600000000	0.0671077098
1520.2700000000	0.0672747902
1520.2800000000	0.0672861780
1520.2900000000	0.0671194757
1520.3000000000	0.0667733347
1520.3100000000	0.0664037438
1520.3200000000	0.0659789287
1520.3300000000	0.0655682736
1520.3400000000	0.0652546175
1520.3500000000	0.0651512493
1520.3600000000	0.0652882500
1520.3700000000	0.0657383958
1520.3800000000	0.0661370703
1520.3900000000	0.0665582860
1520.4000000000	0.0670678117
1520.4100000000	0.0676067064
1520.4200000000	0.0680173401
1520.4300000000	0.0683965601
1520.4400000000	0.0686829582
1520.4500000000	0.0690210113
1520.4600000000	0.0692747968
1520.4700000000	0.0694692108
1520.4800000000	0.0696735693
1520.4900000000	0.0698138512
1520.5000000000	0.0697649398
1520.5100000000	0.0695069406
1520.5200000000	0.0692145938
1520.5300000000	0.0688001102
1520.5400000000	0.0682478439
1520.5500000000	0.0678814361
1520.5600000000	0.0676185475
1520.5700000000	0.0676869309
1520.5800000000	0.0677661381
1520.5900000000	0.0679523305
1520.6000000000	0.0683754437
1520.6100000000	0.0687464858
1520.6200000000	0.0691401895
1520.6300000000	0.0694291230
1520.6400000000	0.0694822154
1520.6500000000	0.0697203841
1520.6600000000	0.0698986038
1520.6700000000	0.0700927073
1520.6800000000	0.0702833631
1520.6900000000	0.0703777519
1520.7000000000	0.0704302656
1520.7100000000	0.0703187130
1520.7200000000	0.0698843818
1520.7300000000	0.0693715589
1520.7400000000	0.0689053112
1520.7500000000	0.0682741220
1520.7600000000	0.0676299277
1520.7700000000	0.0672480601
1520.7800000000	0.0670463212
1520.7900000000	0.0670166446
1520.8000000000	0.0672375603
1520.8100000000	0.0674510142
1520.8200000000	0.0677312806
1520.8300000000	0.0680446846
1520.8400000000	0.0683132841
1520.8500000000	0.0684902844
1520.8600000000	0.0686522262
1520.8700000000	0.0687410181
1520.8800000000	0.0689799264
1520.8900000000	0.0691518329
1520.9000000000	0.0693074070
1520.9100000000	0.0695471498
1520.9200000000	0.0695839304
1520.9300000000	0.0694000687
1520.9400000000	0.0690004093
1520.9500000000	0.0685066349
1520.9600000000	0.0679574947
1520.9700000000	0.0674485025
1520.9800000000	0.0669365826
1520.9900000000	0.0666281797
1521.0000000000	0.0666173662
1521.0100000000	0.0666536713
1521.0200000000	0.0667893699
1521.0300000000	0.0671067436
1521.0400000000	0.0674481525
1521.0500000000	0.0677285369
1521.0600000000	0.0678031376
1521.0700000000	0.0679122822
1521.0800000000	0.0680573627
1521.0900000000	0.0682467310
1521.1000000000	0.0682156539
1521.1100000000	0.0682558448
1521.1200000000	0.0683119620
1521.1300000000	0.0682130853
1521.1400000000	0.0679299866
1521.1500000000	0.0675097693
1521.1600000000	0.0670149183
1521.1700000000	0.0663504156
1521.1800000000	0.0654108500
1521.1900000000	0.0646637930
1521.2000000000	0.0640831483
1521.2100000000	0.0637787017
1521.2200000000	0.0636539533
1521.2300000000	0.0636736074
1521.2400000000	0.0637994723
1521.2500000000	0.0640315093
1521.2600000000	0.0641908167
1521.2700000000	0.0643302929
1521.2800000000	0.0645441162
1521.2900000000	0.0647348825
1521.3000000000	0.0649236412
1521.3100000000	0.0650780241
1521.3200000000	0.0652678252
1521.3300000000	0.0655895710
1521.3400000000	0.0658669661
1521.3500000000	0.0661168954
1521.3600000000	0.0661410926
1521.3700000000	0.0659541488
1521.3800000000	0.0657484628
1521.3900000000	0.0655717749
1521.4000000000	0.0653679099
1521.4100000000	0.0650505795
1521.4200000000	0.0650114643
1521.4300000000	0.0653157577
1521.4400000000	0.0656972766
1521.4500000000	0.0662596846
1521.4600000000	0.0667747448
1521.4700000000	0.0672964311
1521.4800000000	0.0678934202
1521.4900000000	0.0682964054
1521.5000000000	0.0685260325
1521.5100000000	0.0689431505
1521.5200000000	0.0692706256
1521.5300000000	0.0694725887
1521.5400000000	0.0697366132
1521.5500000000	0.0699742229
1521.5600000000	0.0702009000
1521.5700000000	0.0703133774
1521.5800000000	0.0700874448
1521.5900000000	0.0697941098
1521.6000000000	0.0695700339
1521.6100000000	0.0690648400
1521.6200000000	0.0684832348
1521.6300000000	0.0680873993
1521.6400000000	0.0679378824
1521.6500000000	0.0677954507
1521.6600000000	0.0678957095
1521.6700000000	0.0681329980
1521.6800000000	0.0684486256
1521.6900000000	0.0687870252
1521.7000000000	0.0690468766
1521.7100000000	0.0692276340
1521.7200000000	0.0693222294
1521.7300000000	0.0694904156
1521.7400000000	0.0695880299
1521.7500000000	0.0697379146
1521.7600000000	0.0699603922
1521.7700000000	0.0700369565
1521.7800000000	0.0700206415
1521.7900000000	0.0699095609
1521.8000000000	0.0696429549
1521.8100000000	0.0692033562
1521.8200000000	0.0686492606
1521.8300000000	0.0681527377
1521.8400000000	0.0676961741
1521.8500000000	0.0673136722
1521.8600000000	0.0670562810
1521.8700000000	0.0670183620
1521.8800000000	0.0674365887
1521.8900000000	0.0677396878
1521.9000000000	0.0679337185
1521.9100000000	0.0682050305
1521.9200000000	0.0684076496
1521.9300000000	0.0685319589
1521.9400000000	0.0685375509
1521.9500000000	0.0688558902
1521.9600000000	0.0690476089
1521.9700000000	0.0692245508
1521.9800000000	0.0694061129
1521.9900000000	0.0696422360
1522.0000000000	0.0697073773
1522.0100000000	0.0694144593
1522.0200000000	0.0689830996
1522.0300000000	0.0684564326
1522.0400000000	0.0678938611
1522.0500000000	0.0674110582
1522.0600000000	0.0671265552
1522.0700000000	0.0669814011
1522.0800000000	0.0671143958
1522.0900000000	0.0674830247
1522.1000000000	0.0678697083
1522.1100000000	0.0683711957
1522.1200000000	0.0689225346
1522.1300000000	0.0693431017
1522.1400000000	0.0696900359
1522.1500000000	0.0699010910
1522.1600000000	0.0700854551
1522.1700000000	0.0704032681
1522.1800000000	0.0706862640
1522.1900000000	0.0708292219
1522.2000000000	0.0711575474
1522.2100000000	0.0711841094
1522.2200000000	0.0709600346
1522.2300000000	0.0705017841
1522.2400000000	0.0698924865
1522.2500000000	0.0691117050
1522.2600000000	0.0684425687
1522.2700000000	0.0678428941
1522.2800000000	0.0675158579
1522.2900000000	0.0673716079
1522.3000000000	0.0673614495
1522.3100000000	0.0675891107
1522.3200000000	0.0678633922
1522.3300000000	0.0681281851
1522.3400000000	0.0683888211
1522.3500000000	0.0686935839
1522.3600000000	0.0688025611
1522.3700000000	0.0689730689
1522.3800000000	0.0691441599
1522.3900000000	0.0691948974
1522.4000000000	0.0695808077
1522.4100000000	0.0697176980
1522.4200000000	0.0697623653
1522.4300000000	0.0698710565
1522.4400000000	0.0695506856
1522.4500000000	0.0688662573
1522.4600000000	0.0684906443
1522.4700000000	0.0677394062
1522.4800000000	0.0669320292
1522.4900000000	0.0663184279
1522.5000000000	0.0659176844
1522.5100000000	0.0656858047
1522.5200000000	0.0656511127
1522.5300000000	0.0657332408
1522.5400000000	0.0659460606
1522.5500000000	0.0662111609
1522.5600000000	0.0663419027
1522.5700000000	0.0663304558
1522.5800000000	0.0664055005
1522.5900000000	0.0665558000
1522.6000000000	0.0666799481
1522.6100000000	0.0669407054
1522.6200000000	0.0671429359
1522.6300000000	0.0672207952
1522.6400000000	0.0674983457
1522.6500000000	0.0674947703
1522.6600000000	0.0673159998
1522.6700000000	0.0671386454
1522.6800000000	0.0670242321
1522.6900000000	0.0665657624
1522.7000000000	0.0664256950
1522.7100000000	0.0664299239
1522.7200000000	0.0665367635
1522.7300000000	0.0669530818
1522.7400000000	0.0673896285
1522.7500000000	0.0679685743
1522.7600000000	0.0686836804
1522.7700000000	0.0692864624
1522.7800000000	0.0698311930
1522.7900000000	0.0702682779
1522.8000000000	0.0705937181
1522.8100000000	0.0709134964
1522.8200000000	0.0712581920
1522.8300000000	0.0714774808
1522.8400000000	0.0717387702
1522.8500000000	0.0719587084
1522.8600000000	0.0719082582
1522.8700000000	0.0717983358
1522.8800000000	0.0715706161
1522.8900000000	0.0708837530
1522.9000000000	0.0702610771
1522.9100000000	0.0697118481
1522.9200000000	0.0690285144
1522.9300000000	0.0686709619
1522.9400000000	0.0686658718
1522.9500000000	0.0688023398
1522.9600000000	0.0691115729
1522.9700000000	0.0695806199
1522.9800000000	0.0698634587
1522.9900000000	0.0703115926
1523.0000000000	0.0705375278
1523.0100000000	0.0706542817
1523.0200000000	0.0709276570
1523.0300000000	0.0711026112
1523.0400000000	0.0711729879
1523.0500000000	0.0712168840
1523.0600000000	0.0711367028
1523.0700000000	0.0710431102
1523.0800000000	0.0710409973
1523.0900000000	0.0706736105
1523.1000000000	0.0700131253
1523.1100000000	0.0693305449
1523.1200000000	0.0686107321
1523.1300000000	0.0679631612
1523.1400000000	0.0674170852
1523.1500000000	0.0669477173
1523.1600000000	0.0668226026
1523.1700000000	0.0668859102
1523.1800000000	0.0671726521
1523.1900000000	0.0674944530
1523.2000000000	0.0678456348
1523.2100000000	0.0681623652
1523.2200000000	0.0684660425
1523.2300000000	0.0688212895
1523.2400000000	0.0688389743
1523.2500000000	0.0689933604
1523.2600000000	0.0692996933
1523.2700000000	0.0695262729
1523.2800000000	0.0696061055
1523.2900000000	0.0694725386
1523.3000000000	0.0691939516
1523.3100000000	0.0687795703
1523.3200000000	0.0682466232
1523.3300000000	0.0675534079
1523.3400000000	0.0670202419
1523.3500000000	0.0665955209
1523.3600000000	0.0662407809
1523.3700000000	0.0661265840
1523.3800000000	0.0662358062
1523.3900000000	0.0664525105
1523.4000000000	0.0667007292
1523.4100000000	0.0669830522
1523.4200000000	0.0673231748
1523.4300000000	0.0677619893
1523.4400000000	0.0680444249
1523.4500000000	0.0682763831
1523.4600000000	0.0684333976
1523.4700000000	0.0686500918
1523.4800000000	0.0688516262
1523.4900000000	0.0689967424
1523.5000000000	0.0691355526
1523.5100000000	0.0692258894
1523.5200000000	0.0691054493
1523.5300000000	0.0686653663
1523.5400000000	0.0681592768
1523.5500000000	0.0676985766
1523.5600000000	0.0673712137
1523.5700000000	0.0670674948
1523.5800000000	0.0669066016
1523.5900000000	0.0670400292
1523.6000000000	0.0673903606
1523.6100000000	0.0678010468
1523.6200000000	0.0682409249
1523.6300000000	0.0687457988
1523.6400000000	0.0691162641
1523.6500000000	0.0694360014
1523.6600000000	0.0698300163
1523.6700000000	0.0701356400
1523.6800000000	0.0705238064
1523.6900000000	0.0708904373
1523.7000000000	0.0712776683
1523.7100000000	0.0715805173
1523.7200000000	0.0715858779
1523.7300000000	0.0714420976
1523.7400000000	0.0712933899
1523.7500000000	0.0710150423
1523.7600000000	0.0703868264
1523.7700000000	0.0697416068
1523.7800000000	0.0691862721
1523.7900000000	0.0688498927
1523.8000000000	0.0687030469
1523.8100000000	0.0687356882
1523.8200000000	0.0689523877
1523.8300000000	0.0692685867
1523.8400000000	0.0697043278
1523.8500000000	0.0700643046
1523.8600000000	0.0703387085
1523.8700000000	0.0705278374
1523.8800000000	0.0705839790
1523.8900000000	0.0706260762
1523.9000000000	0.0706805586
1523.9100000000	0.0707057967
1523.9200000000	0.0708291833
1523.9300000000	0.0708494168
1523.9400000000	0.0707314791
1523.9500000000	0.0702778574
1523.9600000000	0.0696566589
1523.9700000000	0.0688001241
1523.9800000000	0.0679694238
1523.9900000000	0.0670089412
1524.0000000000	0.0660591976
1524.0100000000	0.0652949395
1524.0200000000	0.0649217413
1524.0300000000	0.0647671700
1524.0400000000	0.0647760575
1524.0500000000	0.0649006237
1524.0600000000	0.0651861774
1524.0700000000	0.0655303625
1524.0800000000	0.0657290035
1524.0900000000	0.0659265324
1524.1000000000	0.0661920401
1524.1100000000	0.0665612697
1524.1200000000	0.0670229008
1524.1300000000	0.0674096402
1524.1400000000	0.0678642517
1524.1500000000	0.0684657441
1524.1600000000	0.0689412493
1524.1700000000	0.0691018244
1524.1800000000	0.0691950938
1524.1900000000	0.0690730125
1524.2000000000	0.0688418722
1524.2100000000	0.0684319102
1524.2200000000	0.0681479513
1524.2300000000	0.0680488312
1524.2400000000	0.0681398120
1524.2500000000	0.0683703387
1524.2600000000	0.0688334611
1524.2700000000	0.0693030162
1524.2800000000	0.0698783505
1524.2900000000	0.0702806146
1524.3000000000	0.0705480497
1524.3100000000	0.0707440828
1524.3200000000	0.0708526688
1524.3300000000	0.0710541935
1524.3400000000	0.0713306520
1524.3500000000	0.0715912216
1524.3600000000	0.0717777677
1524.3700000000	0.0719046383
1524.3800000000	0.0717481498
1524.3900000000	0.0713818309
1524.4000000000	0.0708758532
1524.4100000000	0.0703143199
1524.4200000000	0.0695463939
1524.4300000000	0.0689549134
1524.4400000000	0.0684562235
1524.4500000000	0.0680520064
1524.4600000000	0.0679761645
1524.4700000000	0.0680689806
1524.4800000000	0.0682640056
1524.4900000000	0.0685179215
1524.5000000000	0.0687772555
1524.5100000000	0.0690297965
1524.5200000000	0.0691915075
1524.5300000000	0.0692432019
1524.5400000000	0.0693178062
1524.5500000000	0.0693918792
1524.5600000000	0.0694844127
1524.5700000000	0.0695754566
1524.5800000000	0.0695670315
1524.5900000000	0.0694944915
1524.6000000000	0.0691850380
1524.6100000000	0.0685638514
1524.6200000000	0.0678655244
1524.6300000000	0.0670356097
1524.6400000000	0.0663232849
1524.6500000000	0.0657729064
1524.6600000000	0.0653689287
1524.6700000000	0.0652203721
1524.6800000000	0.0652467741
1524.6900000000	0.0655318178
1524.7000000000	0.0659743297
1524.7100000000	0.0663991331
1524.7200000000	0.0668303202
1524.7300000000	0.0672957273
1524.7400000000	0.0677819023
1524.7500000000	0.0682123814
1524.7600000000	0.0684924103
1524.7700000000	0.0689854680
1524.7800000000	0.0694466218
1524.7900000000	0.0698047473
1524.8000000000	0.0700833648
1524.8100000000	0.0703237407
1524.8200000000	0.0703307915
1524.8300000000	0.0701290061
1524.8400000000	0.0697608311
1524.8500000000	0.0692042251
1524.8600000000	0.0687362775
1524.8700000000	0.0683634756
1524.8800000000	0.0682492100
1524.8900000000	0.0683333372
1524.9000000000	0.0686047320
1524.9100000000	0.0690189531
1524.9200000000	0.0695073807
1524.9300000000	0.0699484420
1524.9400000000	0.0704212393
1524.9500000000	0.0709851857
1524.9600000000	0.0714346613
1524.9700000000	0.0716509527
1524.9800000000	0.0718994462
1524.9900000000	0.0722660598
1525.0000000000	0.0725398160
1525.0100000000	0.0728477504
1525.0200000000	0.0729496854
1525.0300000000	0.0729436707
1525.0400000000	0.0726576230
1525.0500000000	0.0722176486
1525.0600000000	0.0715692725
1525.0700000000	0.0708009564
1525.0800000000	0.0702116798
1525.0900000000	0.0697350261
1525.1000000000	0.0694822123
1525.1100000000	0.0694475417
1525.1200000000	0.0695963440
1525.1300000000	0.0699590840
1525.1400000000	0.0704507534
1525.1500000000	0.0709016217
1525.1600000000	0.0712502081
1525.1700000000	0.0715172238
1525.1800000000	0.0717083481
1525.1900000000	0.0718770036
1525.2000000000	0.0720536248
1525.2100000000	0.0722369552
1525.2200000000	0.0723195104
1525.2300000000	0.0722711160
1525.2400000000	0.0721107618
1525.2500000000	0.0716997560
1525.2600000000	0.0711954286
1525.2700000000	0.0704783075
1525.2800000000	0.0695067177
1525.2900000000	0.0686712636
1525.3000000000	0.0678051456
1525.3100000000	0.0671527087
1525.3200000000	0.0668597501
1525.3300000000	0.0666453797
1525.3400000000	0.0667386384
1525.3500000000	0.0670593705
1525.3600000000	0.0673100095
1525.3700000000	0.0676020744
1525.3800000000	0.0679790537
1525.3900000000	0.0682264495
1525.4000000000	0.0683846420
1525.4100000000	0.0686300147
1525.4200000000	0.0688597419
1525.4300000000	0.0690531948
1525.4400000000	0.0692982496
1525.4500000000	0.0695178205
1525.4600000000	0.0695721392
1525.4700000000	0.0695154991
1525.4800000000	0.0691583071
1525.4900000000	0.0685295192
1525.5000000000	0.0680693606
1525.5100000000	0.0674434708
1525.5200000000	0.0667340271
1525.5300000000	0.0662443563
1525.5400000000	0.0660387839
1525.5500000000	0.0661178192
1525.5600000000	0.0663944468
1525.5700000000	0.0668057248
1525.5800000000	0.0671956909
1525.5900000000	0.0675169379
1525.6000000000	0.0677291272
1525.6100000000	0.0679136852
1525.6200000000	0.0681527734
1525.6300000000	0.0683553887
1525.6400000000	0.0685504108
1525.6500000000	0.0687218067
1525.6600000000	0.0687994205
1525.6700000000	0.0688594500
1525.6800000000	0.0688945165
1525.6900000000	0.0686817071
1525.7000000000	0.0682078984
1525.7100000000	0.0676970642
1525.7200000000	0.0669688911
1525.7300000000	0.0662589462
1525.7400000000	0.0658270745
1525.7500000000	0.0653661760
1525.7600000000	0.0650736320
1525.7700000000	0.0651255038
1525.7800000000	0.0652656341
1525.7900000000	0.0655766007
1525.8000000000	0.0660822283
1525.8100000000	0.0664986928
1525.8200000000	0.0667478663
1525.8300000000	0.0672024147
1525.8400000000	0.0675844695
1525.8500000000	0.0679945390
1525.8600000000	0.0683196488
1525.8700000000	0.0685667556
1525.8800000000	0.0689349306
1525.8900000000	0.0692620347
1525.9000000000	0.0693738989
1525.9100000000	0.0693933689
1525.9200000000	0.0692022021
1525.9300000000	0.0688268373
1525.9400000000	0.0685339182
1525.9500000000	0.0682461982
1525.9600000000	0.0679730947
1525.9700000000	0.0679349723
1525.9800000000	0.0681815834
1525.9900000000	0.0685023506
1526.0000000000	0.0690736937
1526.0100000000	0.0696401107
1526.0200000000	0.0702206026
1526.0300000000	0.0709041978
1526.0400000000	0.0714501540
1526.0500000000	0.0717619659
1526.0600000000	0.0720563726
1526.0700000000	0.0723903324
1526.0800000000	0.0726760000
1526.0900000000	0.0730197575
1526.1000000000	0.0731276389
1526.1100000000	0.0729967791
1526.1200000000	0.0730017808
1526.1300000000	0.0725929132
1526.1400000000	0.0718700615
1526.1500000000	0.0711438924
1526.1600000000	0.0702949850
1526.1700000000	0.0696859113
1526.1800000000	0.0691292002
1526.1900000000	0.0686911121
1526.2000000000	0.0685210103
1526.2100000000	0.0686001552
1526.2200000000	0.0687040464
1526.2300000000	0.0688730143
1526.2400000000	0.0692520883
1526.2500000000	0.0694556730
1526.2600000000	0.0696182161
1526.2700000000	0.0696918204
1526.2800000000	0.0697649308
1526.2900000000	0.0698621589
1526.3000000000	0.0700344318
1526.3100000000	0.0702049067
1526.3200000000	0.0704215980
1526.3300000000	0.0705114571
1526.3400000000	0.0704697833
1526.3500000000	0.0702031839
1526.3600000000	0.0697672732
1526.3700000000	0.0692419544
1526.3800000000	0.0687595892
1526.3900000000	0.0683363322
1526.4000000000	0.0680185468
1526.4100000000	0.0677518186
1526.4200000000	0.0677652681
1526.4300000000	0.0681688431
1526.4400000000	0.0685384341
1526.4500000000	0.0689230563
1526.4600000000	0.0694099263
1526.4700000000	0.0697988182
1526.4800000000	0.0702306388
1526.4900000000	0.0705354859
1526.5000000000	0.0709036645
1526.5100000000	0.0711266144
1526.5200000000	0.0715483386
1526.5300000000	0.0718636575
1526.5400000000	0.0719705382
1526.5500000000	0.0721107644
1526.5600000000	0.0721454771
1526.5700000000	0.0717724892
1526.5800000000	0.0709906712
1526.5900000000	0.0702207379
1526.6000000000	0.0694602619
1526.6100000000	0.0687788288
1526.6200000000	0.0682220337
1526.6300000000	0.0680227531
1526.6400000000	0.0681226261
1526.6500000000	0.0682524492
1526.6600000000	0.0685978157
1526.6700000000	0.0689650429
1526.6800000000	0.0692230665
1526.6900000000	0.0694784636
1526.7000000000	0.0697488515
1526.7100000000	0.0700170209
1526.7200000000	0.0701621102
1526.7300000000	0.0702386517
1526.7400000000	0.0703691713
1526.7500000000	0.0705788381
1526.7600000000	0.0705862642
1526.7700000000	0.0704030076
1526.7800000000	0.0701362053
1526.7900000000	0.0696713031
1526.8000000000	0.0689814508
1526.8100000000	0.0681671166
1526.8200000000	0.0674477789
1526.8300000000	0.0666591879
1526.8400000000	0.0661118393
1526.8500000000	0.0658554551
1526.8600000000	0.0657661176
1526.8700000000	0.0659021561
1526.8800000000	0.0661934729
1526.8900000000	0.0665738189
1526.9000000000	0.0669747562
1526.9100000000	0.0672983271
1526.9200000000	0.0675964099
1526.9300000000	0.0678993666
1526.9400000000	0.0681661254
1526.9500000000	0.0683855662
1526.9600000000	0.0686467160
1526.9700000000	0.0689739318
1526.9800000000	0.0690909486
1526.9900000000	0.0691063195
1527.0000000000	0.0689191934
1527.0100000000	0.0686067495
1527.0200000000	0.0681605248
1527.0300000000	0.0677257410
1527.0400000000	0.0671565218
1527.0500000000	0.0666603968
1527.0600000000	0.0662816022
1527.0700000000	0.0662511584
1527.0800000000	0.0664653432
1527.0900000000	0.0668547582
1527.1000000000	0.0672537585
1527.1100000000	0.0678370840
1527.1200000000	0.0685633911
1527.1300000000	0.0690796797
1527.1400000000	0.0695192262
1527.1500000000	0.0699407811
1527.1600000000	0.0703415986
1527.1700000000	0.0707412321
1527.1800000000	0.0710388321
1527.1900000000	0.0713409286
1527.2000000000	0.0715313776
1527.2100000000	0.0715209809
1527.2200000000	0.0712056432
1527.2300000000	0.0708317441
1527.2400000000	0.0701768884
1527.2500000000	0.0693531438
1527.2600000000	0.0687624990
1527.2700000000	0.0681228406
1527.2800000000	0.0677472356
1527.2900000000	0.0676778103
1527.3000000000	0.0678523606
1527.3100000000	0.0682492100
1527.3200000000	0.0687607268
1527.3300000000	0.0693036195
1527.3400000000	0.0697346722
1527.3500000000	0.0700571820
1527.3600000000	0.0703634537
1527.3700000000	0.0708501152
1527.3800000000	0.0711502685
1527.3900000000	0.0714825956
1527.4000000000	0.0718085374
1527.4100000000	0.0721207166
1527.4200000000	0.0721358985
1527.4300000000	0.0720491642
1527.4400000000	0.0717673653
1527.4500000000	0.0712383325
1527.4600000000	0.0705347026
1527.4700000000	0.0698436684
1527.4800000000	0.0691445029
1527.4900000000	0.0686315146
1527.5000000000	0.0683362340
1527.5100000000	0.0682822657
1527.5200000000	0.0685155287
1527.5300000000	0.0687185843
1527.5400000000	0.0691742875
1527.5500000000	0.0697184535
1527.5600000000	0.0700522801
1527.5700000000	0.0705482547
1527.5800000000	0.0707679974
1527.5900000000	0.0710822804
1527.6000000000	0.0712940564
1527.6100000000	0.0715777226
1527.6200000000	0.0719043873
1527.6300000000	0.0721507475
1527.6400000000	0.0721612865
1527.6500000000	0.0720079216
1527.6600000000	0.0716091269
1527.6700000000	0.0709168223
1527.6800000000	0.0703084857
1527.6900000000	0.0695721465
1527.7000000000	0.0688791557
1527.7100000000	0.0682951754
1527.7200000000	0.0678968108
1527.7300000000	0.0677601963
1527.7400000000	0.0678889565
1527.7500000000	0.0681753517
1527.7600000000	0.0683335356
1527.7700000000	0.0686118600
1527.7800000000	0.0689481823
1527.7900000000	0.0692319550
1527.8000000000	0.0695742426
1527.8100000000	0.0696794159
1527.8200000000	0.0699296943
1527.8300000000	0.0701120764
1527.8400000000	0.0702927220
1527.8500000000	0.0704733924
1527.8600000000	0.0705972541
1527.8700000000	0.0704332451
1527.8800000000	0.0701025793
1527.8900000000	0.0695386288
1527.9000000000	0.0687546673
1527.9100000000	0.0679642880
1527.9200000000	0.0671980019
1527.9300000000	0.0665821134
1527.9400000000	0.0661987516
1527.9500000000	0.0660168563
1527.9600000000	0.0660126846
1527.9700000000	0.0661486768
1527.9800000000	0.0664656892
1527.9900000000	0.0667736841
1528.0000000000	0.0669542323
1528.0100000000	0.0670793492
1528.0200000000	0.0672245630
1528.0300000000	0.0674281868
1528.0400000000	0.0676103301
1528.0500000000	0.0677801753
1528.0600000000	0.0680227531
1528.0700000000	0.0681477151
1528.0800000000	0.0682849641
1528.0900000000	0.0682760256
1528.1000000000	0.0681791005
1528.1100000000	0.0678825378
1528.1200000000	0.0675319936
1528.1300000000	0.0671856656
1528.1400000000	0.0668616750
1528.1500000000	0.0666940426
1528.1600000000	0.0669121838
1528.1700000000	0.0672506391
1528.1800000000	0.0678098726
1528.1900000000	0.0685601278
1528.2000000000	0.0692970780
1528.2100000000	0.0699511525
1528.2200000000	0.0706332390
1528.2300000000	0.0712924029
1528.2400000000	0.0718478375
1528.2500000000	0.0722187277
1528.2600000000	0.0724754616
1528.2700000000	0.0727718968
1528.2800000000	0.0730778396
1528.2900000000	0.0732979005
1528.3000000000	0.0734192661
1528.3100000000	0.0733149763
1528.3200000000	0.0729983947
1528.3300000000	0.0724417663
1528.3400000000	0.0718517139
1528.3500000000	0.0710578113
1528.3600000000	0.0703434323
1528.3700000000	0.0697465436
1528.3800000000	0.0693310758
1528.3900000000	0.0692299218
1528.4000000000	0.0693284956
1528.4100000000	0.0695319658
1528.4200000000	0.0697697419
1528.4300000000	0.0699323288
1528.4400000000	0.0699866773
1528.4500000000	0.0699654483
1528.4600000000	0.0698832140
1528.4700000000	0.0696703803
1528.4800000000	0.0694355587
1528.4900000000	0.0691370055
1528.5000000000	0.0687621646
1528.5100000000	0.0684081496
1528.5200000000	0.0680222811
1528.5300000000	0.0673608262
1528.5400000000	0.0663882273
1528.5500000000	0.0653567449
1528.5600000000	0.0642925283
1528.5700000000	0.0633497110
1528.5800000000	0.0624193127
1528.5900000000	0.0615619082
1528.6000000000	0.0609948765
1528.6100000000	0.0609165354
1528.6200000000	0.0610836553
1528.6300000000	0.0613772056
1528.6400000000	0.0619116942
1528.6500000000	0.0627385356
1528.6600000000	0.0634683900
1528.6700000000	0.0642526925
1528.6800000000	0.0651054101
1528.6900000000	0.0658945277
1528.7000000000	0.0668063831
1528.7100000000	0.0677233980
1528.7200000000	0.0685717033
1528.7300000000	0.0693161367
1528.7400000000	0.0698954052
1528.7500000000	0.0701944333
1528.7600000000	0.0702306996
1528.7700000000	0.0700253974
1528.7800000000	0.0695492115
1528.7900000000	0.0691326293
1528.8000000000	0.0686759302
1528.8100000000	0.0682244541
1528.8200000000	0.0679926688
1528.8300000000	0.0679787837
1528.8400000000	0.0681124905
1528.8500000000	0.0684665400
1528.8600000000	0.0688530720
1528.8700000000	0.0692633555
1528.8800000000	0.0697942637
1528.8900000000	0.0702161061
1528.9000000000	0.0705544853
1528.9100000000	0.0709651340
1528.9200000000	0.0713971313
1528.9300000000	0.0718180858
1528.9400000000	0.0722716613
1528.9500000000	0.0726023973
1528.9600000000	0.0727781880
1528.9700000000	0.0727470553
1528.9800000000	0.0724466448
1528.9900000000	0.0720149379
1529.0000000000	0.0714292445
1529.0100000000	0.0706617908
1529.0200000000	0.0700720114
1529.0300000000	0.0695735504
1529.0400000000	0.0691763614
1529.0500000000	0.0691437752
1529.0600000000	0.0691822132
1529.0700000000	0.0691427391
1529.0800000000	0.0693147100
1529.0900000000	0.0695609222
1529.1000000000	0.0695057388
1529.1100000000	0.0695538973
1529.1200000000	0.0695976778
1529.1300000000	0.0694078150
1529.1400000000	0.0694723854
1529.1500000000	0.0694560270
1529.1600000000	0.0693004084
1529.1700000000	0.0693354989
1529.1800000000	0.0691699024
1529.1900000000	0.0688332026
1529.2000000000	0.0684505149
1529.2100000000	0.0678216143
1529.2200000000	0.0671145950
1529.2300000000	0.0665963232
1529.2400000000	0.0661070809
1529.2500000000	0.0656998585
1529.2600000000	0.0656863876
1529.2700000000	0.0659021313
1529.2800000000	0.0663155362
1529.2900000000	0.0668673698
1529.3000000000	0.0673172284
1529.3100000000	0.0678492145
1529.3200000000	0.0685836988
1529.3300000000	0.0691626432
1529.3400000000	0.0695518586
1529.3500000000	0.0701070918
1529.3600000000	0.0705151833
1529.3700000000	0.0709098064
1529.3800000000	0.0714664483
1529.3900000000	0.0719468487
1529.4000000000	0.0721615352
1529.4100000000	0.0723859623
1529.4200000000	0.0721870633
1529.4300000000	0.0717336721
1529.4400000000	0.0711720070
1529.4500000000	0.0705397494
1529.4600000000	0.0698592893
1529.4700000000	0.0693546661
1529.4800000000	0.0691969023
1529.4900000000	0.0692226973
1529.5000000000	0.0695808112
1529.5100000000	0.0700416560
1529.5200000000	0.0704490502
1529.5300000000	0.0709058139
1529.5400000000	0.0712388320
1529.5500000000	0.0715446931
1529.5600000000	0.0718657860
1529.5700000000	0.0720600839
1529.5800000000	0.0721659278
1529.5900000000	0.0723927138
1529.6000000000	0.0726821563
1529.6100000000	0.0729117418
1529.6200000000	0.0732427596
1529.6300000000	0.0731166968
1529.6400000000	0.0728641944
1529.6500000000	0.0723865901
1529.6600000000	0.0716316423
1529.6700000000	0.0709648292
1529.6800000000	0.0704681619
1529.6900000000	0.0699866773
1529.7000000000	0.0696308331
1529.7100000000	0.0694878062
1529.7200000000	0.0695445464
1529.7300000000	0.0699174041
1529.7400000000	0.0703657681
1529.7500000000	0.0707000214
1529.7600000000	0.0709995480
1529.7700000000	0.0711110519
1529.7800000000	0.0711439165
1529.7900000000	0.0711988263
1529.8000000000	0.0712555567
1529.8100000000	0.0712505552
1529.8200000000	0.0711314715
1529.8300000000	0.0709209142
1529.8400000000	0.0705567390
1529.8500000000	0.0701221722
1529.8600000000	0.0694315242
1529.8700000000	0.0684877954
1529.8800000000	0.0674799549
1529.8900000000	0.0666549398
1529.9000000000	0.0657137696
1529.9100000000	0.0649078767
1529.9200000000	0.0643823310
1529.9300000000	0.0642117600
1529.9400000000	0.0643563106
1529.9500000000	0.0645192453
1529.9600000000	0.0649374681
1529.9700000000	0.0654901031
1529.9800000000	0.0660519238
1529.9900000000	0.0664413374
1530.0000000000	0.0669255102
1530.0100000000	0.0674275681
1530.0200000000	0.0679353543
1530.0300000000	0.0683651341
1530.0400000000	0.0689155547
1530.0500000000	0.0695078588
1530.0600000000	0.0698574782
1530.0700000000	0.0699070383
1530.0800000000	0.0697923376
1530.0900000000	0.0695499231
1530.1000000000	0.0692197517
1530.1100000000	0.0688257555
1530.1200000000	0.0683796246
1530.1300000000	0.0679592670
1530.1400000000	0.0677033843
1530.1500000000	0.0676851447
1530.1600000000	0.0680142428
1530.1700000000	0.0685027090
1530.1800000000	0.0689490864
1530.1900000000	0.0695643538
1530.2000000000	0.0699183687
1530.2100000000	0.0702799550
1530.2200000000	0.0706999930
1530.2300000000	0.0711038550
1530.2400000000	0.0712709037
1530.2500000000	0.0715372022
1530.2600000000	0.0717886163
1530.2700000000	0.0720757028
1530.2800000000	0.0723166106
1530.2900000000	0.0723610428
1530.3000000000	0.0722570310
1530.3100000000	0.0718860192
1530.3200000000	0.0714054142
1530.3300000000	0.0709911370
1530.3400000000	0.0705885199
1530.3500000000	0.0702571759
1530.3600000000	0.0702260999
1530.3700000000	0.0704380997
1530.3800000000	0.0707187425
1530.3900000000	0.0710797566
1530.4000000000	0.0716022099
1530.4100000000	0.0721585548
1530.4200000000	0.0727579637
1530.4300000000	0.0731176855
1530.4400000000	0.0734076911
1530.4500000000	0.0737270380
1530.4600000000	0.0739138486
1530.4700000000	0.0741663172
1530.4800000000	0.0743779362
1530.4900000000	0.0745196285
1530.5000000000	0.0745853942
1530.5100000000	0.0743752577
1530.5200000000	0.0740223437
1530.5300000000	0.0734472028
1530.5400000000	0.0726835575
1530.5500000000	0.0717631273
1530.5600000000	0.0709145591
1530.5700000000	0.0702928539
1530.5800000000	0.0698744702
1530.5900000000	0.0697151700
1530.6000000000	0.0697558800
1530.6100000000	0.0699922670
1530.6200000000	0.0704323112
1530.6300000000	0.0708141303
1530.6400000000	0.0710306794
1530.6500000000	0.0714331611
1530.6600000000	0.0716084403
1530.6700000000	0.0717907876
1530.6800000000	0.0719732067
1530.6900000000	0.0721537415
1530.7000000000	0.0723065276
1530.7100000000	0.0725844317
1530.7200000000	0.0727557680
1530.7300000000	0.0727801535
1530.7400000000	0.0724426554
1530.7500000000	0.0719716301
1530.7600000000	0.0712588526
1530.7700000000	0.0706224537
1530.7800000000	0.0699512931
1530.7900000000	0.0693487601
1530.8000000000	0.0689905017
1530.8100000000	0.0689039933
1530.8200000000	0.0691054837
1530.8300000000	0.0696053446
1530.8400000000	0.0700627639
1530.8500000000	0.0706493977
1530.8600000000	0.0712091168
1530.8700000000	0.0716490018
1530.8800000000	0.0721012194
1530.8900000000	0.0725622903
1530.9000000000	0.0729785984
1530.9100000000	0.0734085991
1530.9200000000	0.0737218049
1530.9300000000	0.0740562639
1530.9400000000	0.0742596775
1530.9500000000	0.0743168479
1530.9600000000	0.0741228000
1530.9700000000	0.0736717064
1530.9800000000	0.0729820227
1530.9900000000	0.0722304281
1531.0000000000	0.0713037134
1531.0100000000	0.0705777175
1531.0200000000	0.0701423876
1531.0300000000	0.0699207558
1531.0400000000	0.0697863095
1531.0500000000	0.0700318527
1531.0600000000	0.0704869099
1531.0700000000	0.0708664837
1531.0800000000	0.0714310583
1531.0900000000	0.0720395997
1531.1000000000	0.0725419200
1531.1100000000	0.0729199349
1531.1200000000	0.0732076048
1531.1300000000	0.0736558720
1531.1400000000	0.0740275806
1531.1500000000	0.0741712793
1531.1600000000	0.0743633427
1531.1700000000	0.0743601878
1531.1800000000	0.0740446966
1531.1900000000	0.0733264314
1531.2000000000	0.0724116035
1531.2100000000	0.0713642331
1531.2200000000	0.0703139735
1531.2300000000	0.0692034014
1531.2400000000	0.0682860458
1531.2500000000	0.0677199464
1531.2600000000	0.0673125784
1531.2700000000	0.0669682385
1531.2800000000	0.0668547582
1531.2900000000	0.0668286822
1531.3000000000	0.0667135151
1531.3100000000	0.0665347448
1531.3200000000	0.0663699130
1531.3300000000	0.0662544943
1531.3400000000	0.0661527821
1531.3500000000	0.0660681399
1531.3600000000	0.0661465799
1531.3700000000	0.0662942381
1531.3800000000	0.0663981133
1531.3900000000	0.0665127190
1531.4000000000	0.0665397032
1531.4100000000	0.0663368170
1531.4200000000	0.0661025024
1531.4300000000	0.0657683413
1531.4400000000	0.0655125603
1531.4500000000	0.0653852784
1531.4600000000	0.0653730531
1531.4700000000	0.0656401398
1531.4800000000	0.0661257059
1531.4900000000	0.0669688843
1531.5000000000	0.0680932807
1531.5100000000	0.0692674904
1531.5200000000	0.0703856691
1531.5300000000	0.0713810655
1531.5400000000	0.0721653197
1531.5500000000	0.0728424502
1531.5600000000	0.0734233765
1531.5700000000	0.0740043217
1531.5800000000	0.0745950332
1531.5900000000	0.0749520352
1531.6000000000	0.0751749787
1531.6100000000	0.0753896194
1531.6200000000	0.0752537479
1531.6300000000	0.0748253520
1531.6400000000	0.0742241381
1531.6500000000	0.0734749570
1531.6600000000	0.0726569601
1531.6700000000	0.0718867794
1531.6800000000	0.0712303752
1531.6900000000	0.0708593288
1531.7000000000	0.0708593288
1531.7100000000	0.0710009005
1531.7200000000	0.0712526380
1531.7300000000	0.0717578575
1531.7400000000	0.0722229342
1531.7500000000	0.0727136904
1531.7600000000	0.0731997296
1531.7700000000	0.0737575970
1531.7800000000	0.0742763385
1531.7900000000	0.0745975129
1531.8000000000	0.0749843897
1531.8100000000	0.0753719229
1531.8200000000	0.0757851250
1531.8300000000	0.0758225732
1531.8400000000	0.0756298366
1531.8500000000	0.0753083485
1531.8600000000	0.0746749221
1531.8700000000	0.0739200440
1531.8800000000	0.0730626467
1531.8900000000	0.0721769587
1531.9000000000	0.0715042766
1531.9100000000	0.0712475303
1531.9200000000	0.0710636502
1531.9300000000	0.0710264117
1531.9400000000	0.0712693009
1531.9500000000	0.0715480574
1531.9600000000	0.0718604715
1531.9700000000	0.0721728997
1531.9800000000	0.0723862810
1531.9900000000	0.0726712864
1532.0000000000	0.0728201395
1532.0100000000	0.0730338978
1532.0200000000	0.0730754308
1532.0300000000	0.0731830504
1532.0400000000	0.0731410259
1532.0500000000	0.0729242759
1532.0600000000	0.0727297697
1532.0700000000	0.0720448390
1532.0800000000	0.0712292986
1532.0900000000	0.0702733790
1532.1000000000	0.0693869900
1532.1100000000	0.0685302335
1532.1200000000	0.0679206796
1532.1300000000	0.0674406405
1532.1400000000	0.0671639286
1532.1500000000	0.0674448917
1532.1600000000	0.0677717617
1532.1700000000	0.0683234584
1532.1800000000	0.0689933153
1532.1900000000	0.0695208700
1532.2000000000	0.0698581862
1532.2100000000	0.0701923498
1532.2200000000	0.0706677135
1532.2300000000	0.0709763421
1532.2400000000	0.0713602564
1532.2500000000	0.0717243160
1532.2600000000	0.0720137670
1532.2700000000	0.0724580521
1532.2800000000	0.0724084805
1532.2900000000	0.0721447485
1532.3000000000	0.0719502230
1532.3100000000	0.0714475557
1532.3200000000	0.0706901686
1532.3300000000	0.0700273712
1532.3400000000	0.0693289388
1532.3500000000	0.0689239947
1532.3600000000	0.0688811156
1532.3700000000	0.0688141386
1532.3800000000	0.0691365782
1532.3900000000	0.0697713565
1532.4000000000	0.0702673879
1532.4100000000	0.0706883486
1532.4200000000	0.0712172311
1532.4300000000	0.0715015426
1532.4400000000	0.0718391574
1532.4500000000	0.0720777607
1532.4600000000	0.0722152763
1532.4700000000	0.0724221371
1532.4800000000	0.0727918237
1532.4900000000	0.0730469927
1532.5000000000	0.0733846320
1532.5100000000	0.0735579445
1532.5200000000	0.0730425677
1532.5300000000	0.0726192827
1532.5400000000	0.0719969899
1532.5500000000	0.0712168853
1532.5600000000	0.0706523899
1532.5700000000	0.0702767770
1532.5800000000	0.0699772441
1532.5900000000	0.0700753177
1532.6000000000	0.0703361760
1532.6100000000	0.0706093985
1532.6200000000	0.0709658846
1532.6300000000	0.0712738780
1532.6400000000	0.0714830937
1532.6500000000	0.0716403387
1532.6600000000	0.0715765422
1532.6700000000	0.0716143995
1532.6800000000	0.0717167542
1532.6900000000	0.0716817012
1532.7000000000	0.0717160801
1532.7100000000	0.0717174553
1532.7200000000	0.0715639827
1532.7300000000	0.0712519663
1532.7400000000	0.0708520426
1532.7500000000	0.0702139639
1532.7600000000	0.0694201881
1532.7700000000	0.0686570261
1532.7800000000	0.0680139376
1532.7900000000	0.0676177681
1532.8000000000	0.0673470121
1532.8100000000	0.0672838069
1532.8200000000	0.0675879119
1532.8300000000	0.0680712002
1532.8400000000	0.0685717643
1532.8500000000	0.0691788446
1532.8600000000	0.0699897617
1532.8700000000	0.0705904444
1532.8800000000	0.0710137869
1532.8900000000	0.0713100618
1532.9000000000	0.0718608341
1532.9100000000	0.0725704749
1532.9200000000	0.0730635127
1532.9300000000	0.0733519208
1532.9400000000	0.0736346957
1532.9500000000	0.0738985254
1532.9600000000	0.0738947069
1532.9700000000	0.0735128533
1532.9800000000	0.0729324364
1532.9900000000	0.0723426464
1533.0000000000	0.0716638260
1533.0100000000	0.0710610140
1533.0200000000	0.0706426893
1533.0300000000	0.0705146452
1533.0400000000	0.0704138188
1533.0500000000	0.0706583884
1533.0600000000	0.0708643850
1533.0700000000	0.0713747051
1533.0800000000	0.0718655772
1533.0900000000	0.0722736421
1533.1000000000	0.0726780506
1533.1100000000	0.0729895898
1533.1200000000	0.0733230795
1533.1300000000	0.0734424643
1533.1400000000	0.0736611040
1533.1500000000	0.0738755017
1533.1600000000	0.0740790834
1533.1700000000	0.0741006590
1533.1800000000	0.0738403223
1533.1900000000	0.0732780580
1533.2000000000	0.0726470898
1533.2100000000	0.0719109484
1533.2200000000	0.0712223854
1533.2300000000	0.0706103884
1533.2400000000	0.0701813244
1533.2500000000	0.0699988634
1533.2600000000	0.0701477005
1533.2700000000	0.0705470962
1533.2800000000	0.0710827134
1533.2900000000	0.0715995686
1533.3000000000	0.0722173140
1533.3100000000	0.0728658672
1533.3200000000	0.0734319333
1533.3300000000	0.0739863125
1533.3400000000	0.0744720745
1533.3500000000	0.0750057730
1533.3600000000	0.0755247991
1533.3700000000	0.0757408641
1533.3800000000	0.0759898224
1533.3900000000	0.0760739170
1533.4000000000	0.0758822187
1533.4100000000	0.0753765227
1533.4200000000	0.0747700023
1533.4300000000	0.0739898979
1533.4400000000	0.0731953350
1533.4500000000	0.0722310296
1533.4600000000	0.0716441780
1533.4700000000	0.0714162830
1533.4800000000	0.0713337722
1533.4900000000	0.0713534304
1533.5000000000	0.0715269930
1533.5100000000	0.0718391566
1533.5200000000	0.0721829558
1533.5300000000	0.0722895347
1533.5400000000	0.0722895347
1533.5500000000	0.0722212770
1533.5600000000	0.0721822726
1533.5700000000	0.0722292223
1533.5800000000	0.0722056221
1533.5900000000	0.0723063172
1533.6000000000	0.0723863235
1533.6100000000	0.0722672797
1533.6200000000	0.0719733237
1533.6300000000	0.0716619224
1533.6400000000	0.0710419062
1533.6500000000	0.0701202573
1533.6600000000	0.0694073759
1533.6700000000	0.0688270680
1533.6800000000	0.0681841234
1533.6900000000	0.0677128701
1533.7000000000	0.0677128701
1533.7100000000	0.0681061792
1533.7200000000	0.0687140273
1533.7300000000	0.0692503527
1533.7400000000	0.0698751950
1533.7500000000	0.0707119252
1533.7600000000	0.0713096401
1533.7700000000	0.0718785242
1533.7800000000	0.0723013370
1533.7900000000	0.0726649632
1533.8000000000	0.0732148319
1533.8100000000	0.0737154466
1533.8200000000	0.0740715716
1533.8300000000	0.0743371431
1533.8400000000	0.0745599900
1533.8500000000	0.0744808709
1533.8600000000	0.0739438554
1533.8700000000	0.0732640547
1533.8800000000	0.0724530939
1533.8900000000	0.0715824274
1533.9000000000	0.0709083530
1533.9100000000	0.0704395620
1533.9200000000	0.0702886940
1533.9300000000	0.0701810599
1533.9400000000	0.0704277628
1533.9500000000	0.0710023451
1533.9600000000	0.0716459472
1533.9700000000	0.0721878812
1533.9800000000	0.0727487434
1533.9900000000	0.0732354837
1534.0000000000	0.0736839854
1534.0100000000	0.0740391102
1534.0200000000	0.0744750720
1534.0300000000	0.0748894499
1534.0400000000	0.0751618645
1534.0500000000	0.0753746967
1534.0600000000	0.0753378351
1534.0700000000	0.0751441091
1534.0800000000	0.0748204089
1534.0900000000	0.0741615769
1534.1000000000	0.0733680297
1534.1100000000	0.0725159835
1534.1200000000	0.0716491892
1534.1300000000	0.0710962475
1534.1400000000	0.0706711496
1534.1500000000	0.0705099361
1534.1600000000	0.0706475249
1534.1700000000	0.0709252517
1534.1800000000	0.0712732256
1534.1900000000	0.0716965105
1534.2000000000	0.0720630924
1534.2100000000	0.0724493358
1534.2200000000	0.0727446009
1534.2300000000	0.0728685461
1534.2400000000	0.0729428765
1534.2500000000	0.0731897904
1534.2600000000	0.0734980655
1534.2700000000	0.0736397196
1534.2800000000	0.0737875031
1534.2900000000	0.0737307410
1534.3000000000	0.0733180184
1534.3100000000	0.0728973682
1534.3200000000	0.0723309529
1534.3300000000	0.0715965229
1534.3400000000	0.0707502978
1534.3500000000	0.0702065380
1534.3600000000	0.0699761753
1534.3700000000	0.0697972981
1534.3800000000	0.0698895622
1534.3900000000	0.0702872494
1534.4000000000	0.0710234218
1534.4100000000	0.0715456037
1534.4200000000	0.0720114347
1534.4300000000	0.0724130505
1534.4400000000	0.0728182778
1534.4500000000	0.0730396839
1534.4600000000	0.0732899643
1534.4700000000	0.0735507214
1534.4800000000	0.0738645467
1534.4900000000	0.0740826057
1534.5000000000	0.0741323020
1534.5100000000	0.0742525947
1534.5200000000	0.0741984430
1534.5300000000	0.0738765218
1534.5400000000	0.0733264314
1534.5500000000	0.0725506222
1534.5600000000	0.0719278965
1534.5700000000	0.0713201008
1534.5800000000	0.0707804623
1534.5900000000	0.0704715511
1534.6000000000	0.0703689730
1534.6100000000	0.0706440657
1534.6200000000	0.0710984246
1534.6300000000	0.0713403980
1534.6400000000	0.0716228323
1534.6500000000	0.0720114466
1534.6600000000	0.0724895481
1534.6700000000	0.0728810465
1534.6800000000	0.0732545368
1534.6900000000	0.0735405940
1534.7000000000	0.0739121012
1534.7100000000	0.0743875292
1534.7200000000	0.0748338700
1534.7300000000	0.0750816888
1534.7400000000	0.0751448388
1534.7500000000	0.0749652741
1534.7600000000	0.0746719951
1534.7700000000	0.0741894699
1534.7800000000	0.0735416404
1534.7900000000	0.0730930145
1534.8000000000	0.0728977055
1534.8100000000	0.0727440383
1534.8200000000	0.0727057543
1534.8300000000	0.0729251395
1534.8400000000	0.0732757516
1534.8500000000	0.0736945027
1534.8600000000	0.0742203119
1534.8700000000	0.0745421130
1534.8800000000	0.0747963245
1534.8900000000	0.0751864229
1534.9000000000	0.0752601578
1534.9100000000	0.0754131404
1534.9200000000	0.0756770581
1534.9300000000	0.0759844826
1534.9400000000	0.0760640999
1534.9500000000	0.0759347193
1534.9600000000	0.0756775158
1534.9700000000	0.0752360561
1534.9800000000	0.0746309637
1534.9900000000	0.0739321276
1535.0000000000	0.0731554459
1535.0100000000	0.0723886631
1535.0200000000	0.0715849520
1535.0300000000	0.0710211018
1535.0400000000	0.0708102546
1535.0500000000	0.0709549041
1535.0600000000	0.0711534725
1535.0700000000	0.0715946778
1535.0800000000	0.0721006451
1535.0900000000	0.0724382315
1535.1000000000	0.0727842032
1535.1100000000	0.0731436869
1535.1200000000	0.0735334604
1535.1300000000	0.0739303054
1535.1400000000	0.0742596414
1535.1500000000	0.0745814410
1535.1600000000	0.0750036786
1535.1700000000	0.0753680595
1535.1800000000	0.0753666970
1535.1900000000	0.0752525451
1535.2000000000	0.0749927040
1535.2100000000	0.0744449015
1535.2200000000	0.0736242712
1535.2300000000	0.0726906289
1535.2400000000	0.0719391421
1535.2500000000	0.0714664517
1535.2600000000	0.0711269428
1535.2700000000	0.0709308370
1535.2800000000	0.0710075093
1535.2900000000	0.0713693686
1535.3000000000	0.0718543460
1535.3100000000	0.0721910424
1535.3200000000	0.0723880292
1535.3300000000	0.0725466380
1535.3400000000	0.0726113358
1535.3500000000	0.0726116796
1535.3600000000	0.0726460585
1535.3700000000	0.0726804374
1535.3800000000	0.0728803762
1535.3900000000	0.0728641422
1535.4000000000	0.0728952013
1535.4100000000	0.0728634199
1535.4200000000	0.0726883165
1535.4300000000	0.0720458236
1535.4400000000	0.0712103166
1535.4500000000	0.0705555887
1535.4600000000	0.0699741037
1535.4700000000	0.0695516551
1535.4800000000	0.0694046597
1535.4900000000	0.0695232540
1535.5000000000	0.0698833234
1535.5100000000	0.0705000068
1535.5200000000	0.0711797051
1535.5300000000	0.0718742803
1535.5400000000	0.0724923796
1535.5500000000	0.0730354333
1535.5600000000	0.0736372608
1535.5700000000	0.0741956681
1535.5800000000	0.0745222513
1535.5900000000	0.0749527985
1535.6000000000	0.0753872072
1535.6100000000	0.0757892033
1535.6200000000	0.0759530667
1535.6300000000	0.0760344370
1535.6400000000	0.0759181461
1535.6500000000	0.0755194212
1535.6600000000	0.0748610132
1535.6700000000	0.0741551774
1535.6800000000	0.0733135632
1535.6900000000	0.0724314924
1535.7000000000	0.0719035989
1535.7100000000	0.0715456051
1535.7200000000	0.0714352528
1535.7300000000	0.0715297338
1535.7400000000	0.0717574998
1535.7500000000	0.0720421044
1535.7600000000	0.0724668772
1535.7700000000	0.0726759820
1535.7800000000	0.0728568738
1535.7900000000	0.0730396618
1535.8000000000	0.0731834152
1535.8100000000	0.0732513868
1535.8200000000	0.0735160100
1535.8300000000	0.0736666203
1535.8400000000	0.0735888673
1535.8500000000	0.0736798611
1535.8600000000	0.0736019623
1535.8700000000	0.0730761531
1535.8800000000	0.0726248741
1535.8900000000	0.0717952744
1535.9000000000	0.0709460607
1535.9100000000	0.0701481928
1535.9200000000	0.0693951573
1535.9300000000	0.0688429592
1535.9400000000	0.0686479224
1535.9500000000	0.0687140273
1535.9600000000	0.0687980681
1535.9700000000	0.0694265435
1535.9800000000	0.0700795583
1535.9900000000	0.0706271054
1536.0000000000	0.0712393283
1536.0100000000	0.0717287690
1536.0200000000	0.0722169789
1536.0300000000	0.0727706396
1536.0400000000	0.0733474667
1536.0500000000	0.0737806319
1536.0600000000	0.0743611860
1536.0700000000	0.0748097298
1536.0800000000	0.0750305280
1536.0900000000	0.0750612489
1536.1000000000	0.0747924035
1536.1100000000	0.0743686369
1536.1200000000	0.0737084844
1536.1300000000	0.0731456756
1536.1400000000	0.0724717132
1536.1500000000	0.0721422280
1536.1600000000	0.0720786219
1536.1700000000	0.0722037250
1536.1800000000	0.0725720049
1536.1900000000	0.0729936693
1536.2000000000	0.0735130026
1536.2100000000	0.0740751698
1536.2200000000	0.0746619060
1536.2300000000	0.0752001537
1536.2400000000	0.0755531454
1536.2500000000	0.0760375620
1536.2600000000	0.0764093291
1536.2700000000	0.0767846801
1536.2800000000	0.0769994663
1536.2900000000	0.0772161703
1536.3000000000	0.0773873564
1536.3100000000	0.0772405348
1536.3200000000	0.0768456112
1536.3300000000	0.0762803087
1536.3400000000	0.0755946710
1536.3500000000	0.0748414367
1536.3600000000	0.0740625108
1536.3700000000	0.0733468619
1536.3800000000	0.0728360758
1536.3900000000	0.0727578233
1536.4000000000	0.0727216920
1536.4100000000	0.0728437371
1536.4200000000	0.0731696072
1536.4300000000	0.0731877933
1536.4400000000	0.0732797323
1536.4500000000	0.0732250067
1536.4600000000	0.0731520392
1536.4700000000	0.0732155578
1536.4800000000	0.0732191693
1536.4900000000	0.0730790423
1536.5000000000	0.0730769138
1536.5100000000	0.0731242096
1536.5200000000	0.0732549233
1536.5300000000	0.0731929988
1536.5400000000	0.0728931730
1536.5500000000	0.0725380545
1536.5600000000	0.0720287374
1536.5700000000	0.0714317748
1536.5800000000	0.0706849310
1536.5900000000	0.0700022828
1536.6000000000	0.0695517083
1536.6100000000	0.0693242907
1536.6200000000	0.0692215508
1536.6300000000	0.0692675676
1536.6400000000	0.0694165435
1536.6500000000	0.0698800355
1536.6600000000	0.0702572830
1536.6700000000	0.0704846118
1536.6800000000	0.0704359863
1536.6900000000	0.0704302656
1536.7000000000	0.0705947477
1536.7100000000	0.0708044588
1536.7200000000	0.0710168591
1536.7300000000	0.0712292724
1536.7400000000	0.0715448859
1536.7500000000	0.0717799308
1536.7600000000	0.0719286277
1536.7700000000	0.0715990192
1536.7800000000	0.0713562505
1536.7900000000	0.0709030266
1536.8000000000	0.0703244610
1536.8100000000	0.0697617565
1536.8200000000	0.0693662825
1536.8300000000	0.0691802724
1536.8400000000	0.0690058382
1536.8500000000	0.0691192423
1536.8600000000	0.0696343692
1536.8700000000	0.0702800314
1536.8800000000	0.0708620801
1536.8900000000	0.0714111252
1536.9000000000	0.0719268226
1536.9100000000	0.0725725154
1536.9200000000	0.0730274579
1536.9300000000	0.0734701410
1536.9400000000	0.0739826501
1536.9500000000	0.0745215248
1536.9600000000	0.0750981374
1536.9700000000	0.0755847861
1536.9800000000	0.0758701627
1536.9900000000	0.0757736723
1537.0000000000	0.0757256375
1537.0100000000	0.0753969891
1537.0200000000	0.0746866205
1537.0300000000	0.0740711443
1537.0400000000	0.0734687003
1537.0500000000	0.0730605107
1537.0600000000	0.0729881981
1537.0700000000	0.0731080131
1537.0800000000	0.0733035513
1537.0900000000	0.0736085083
1537.1000000000	0.0739873577
1537.1100000000	0.0742662846
1537.1200000000	0.0744687619
1537.1300000000	0.0745869808
1537.1400000000	0.0745975819
1537.1500000000	0.0745307519
1537.1600000000	0.0744538960
1537.1700000000	0.0742887260
1537.1800000000	0.0741855893
1537.1900000000	0.0740443737
1537.2000000000	0.0738680673
1537.2100000000	0.0735193763
1537.2200000000	0.0729954417
1537.2300000000	0.0720517717
1537.2400000000	0.0713241476
1537.2500000000	0.0704392056
1537.2600000000	0.0695626543
1537.2700000000	0.0689970802
1537.2800000000	0.0687159091
1537.2900000000	0.0687645253
1537.3000000000	0.0689781714
1537.3100000000	0.0696524982
1537.3200000000	0.0704120264
1537.3300000000	0.0711110577
1537.3400000000	0.0717943296
1537.3500000000	0.0723393768
1537.3600000000	0.0729316985
1537.3700000000	0.0735416745
1537.3800000000	0.0740106474
1537.3900000000	0.0744269339
1537.4000000000	0.0749890551
1537.4100000000	0.0753920671
1537.4200000000	0.0756903201
1537.4300000000	0.0757915245
1537.4400000000	0.0758262953
1537.4500000000	0.0755223450
1537.4600000000	0.0748816080
1537.4700000000	0.0741051069
1537.4800000000	0.0732505942
1537.4900000000	0.0725051469
1537.5000000000	0.0718442217
1537.5100000000	0.0714149635
1537.5200000000	0.0713599002
1537.5300000000	0.0714828941
1537.5400000000	0.0716614267
1537.5500000000	0.0720275969
1537.5600000000	0.0725584826
1537.5700000000	0.0730135835
1537.5800000000	0.0733493164
1537.5900000000	0.0734866242
1537.6000000000	0.0736053276
1537.6100000000	0.0738190598
1537.6200000000	0.0742052020
1537.6300000000	0.0745516996
1537.6400000000	0.0749232584
1537.6500000000	0.0751049884
1537.6600000000	0.0749933062
1537.6700000000	0.0746669149
1537.6800000000	0.0743498468
1537.6900000000	0.0737334911
1537.7000000000	0.0730098507
1537.7100000000	0.0722478794
1537.7200000000	0.0716577498
1537.7300000000	0.0712036938
1537.7400000000	0.0709480139
1537.7500000000	0.0708636627
1537.7600000000	0.0711988256
1537.7700000000	0.0715599924
1537.7800000000	0.0719558157
1537.7900000000	0.0722862510
1537.8000000000	0.0728740192
1537.8100000000	0.0734827318
1537.8200000000	0.0738299526
1537.8300000000	0.0743648194
1537.8400000000	0.0747424868
1537.8500000000	0.0751703801
1537.8600000000	0.0756356527
1537.8700000000	0.0759255908
1537.8800000000	0.0762123338
1537.8900000000	0.0762702815
1537.9000000000	0.0758942132
1537.9100000000	0.0753644837
1537.9200000000	0.0747622031
1537.9300000000	0.0740814192
1537.9400000000	0.0731256064
1537.9500000000	0.0723904491
1537.9600000000	0.0720402588
1537.9700000000	0.0719134303
1537.9800000000	0.0718676911
1537.9900000000	0.0720017115
1538.0000000000	0.0724101711
1538.0100000000	0.0726756931
1538.0200000000	0.0729474355
1538.0300000000	0.0729760417
1538.0400000000	0.0729402760
1538.0500000000	0.0728473125
1538.0600000000	0.0727668844
1538.0700000000	0.0726575829
1538.0800000000	0.0725071492
1538.0900000000	0.0724548972
1538.1000000000	0.0722429461
1538.1100000000	0.0721067902
1538.1200000000	0.0717369557
1538.1300000000	0.0712753887
1538.1400000000	0.0705976197
1538.1500000000	0.0697748804
1538.1600000000	0.0690892691
1538.1700000000	0.0684669489
1538.1800000000	0.0679510136
1538.1900000000	0.0677981443
1538.2000000000	0.0679164100
1538.2100000000	0.0683275956
1538.2200000000	0.0689748628
1538.2300000000	0.0695539192
1538.2400000000	0.0701383885
1538.2500000000	0.0706836224
1538.2600000000	0.0712435231
1538.2700000000	0.0715542135
1538.2800000000	0.0721118470
1538.2900000000	0.0725878602
1538.3000000000	0.0731603009
1538.3100000000	0.0738355832
1538.3200000000	0.0743481734
1538.3300000000	0.0748488969
1538.3400000000	0.0750054709
1538.3500000000	0.0749203671
1538.3600000000	0.0746417679
1538.3700000000	0.0744961411
1538.3800000000	0.0739625969
1538.3900000000	0.0733860337
1538.4000000000	0.0731157990
1538.4100000000	0.0729331223
1538.4200000000	0.0729517163
1538.4300000000	0.0731226352
1538.4400000000	0.0734801884
1538.4500000000	0.0738318644
1538.4600000000	0.0741627095
1538.4700000000	0.0746547218
1538.4800000000	0.0749220555
1538.4900000000	0.0752528647
1538.5000000000	0.0756257628
1538.5100000000	0.0757463387
1538.5200000000	0.0759680261
1538.5300000000	0.0762783858
1538.5400000000	0.0766602537
1538.5500000000	0.0769962141
1538.5600000000	0.0771665458
1538.5700000000	0.0770344983
1538.5800000000	0.0766922080
1538.5900000000	0.0761827042
1538.6000000000	0.0751499465
1538.6100000000	0.0741376298
1538.6200000000	0.0733497926
1538.6300000000	0.0725419928
1538.6400000000	0.0719775969
1538.6500000000	0.0715256813
1538.6600000000	0.0712237458
1538.6700000000	0.0710738677
1538.6800000000	0.0710478621
1538.6900000000	0.0709376302
1538.7000000000	0.0709731864
1538.7100000000	0.0709634669
1538.7200000000	0.0707566236
1538.7300000000	0.0708065490
1538.7400000000	0.0709665910
1538.7500000000	0.0709665910
1538.7600000000	0.0711352559
1538.7700000000	0.0716526916
1538.7800000000	0.0720567808
1538.7900000000	0.0724834860
1538.8000000000	0.0727597693
1538.8100000000	0.0725994178
1538.8200000000	0.0724791410
1538.8300000000	0.0721143399
1538.8400000000	0.0715279471
1538.8500000000	0.0711775545
1538.8600000000	0.0710458407
1538.8700000000	0.0707551096
1538.8800000000	0.0709442936
1538.8900000000	0.0712253635
1538.9000000000	0.0716236473
1538.9100000000	0.0722049306
1538.9200000000	0.0728039121
1538.9300000000	0.0729402748
1538.9400000000	0.0732939295
1538.9500000000	0.0735767244
1538.9600000000	0.0736070612
1538.9700000000	0.0738753802
1538.9800000000	0.0743940372
1538.9900000000	0.0746253164
1539.0000000000	0.0747923914
1539.0100000000	0.0750959773
1539.0200000000	0.0751141924
1539.0300000000	0.0750829953
1539.0400000000	0.0748936501
1539.0500000000	0.0744117059
1539.0600000000	0.0737923132
1539.0700000000	0.0732685124
1539.0800000000	0.0727132905
1539.0900000000	0.0723181406
1539.1000000000	0.0722238640
1539.1100000000	0.0722493114
1539.1200000000	0.0725487650
1539.1300000000	0.0730895602
1539.1400000000	0.0733596053
1539.1500000000	0.0737277673
1539.1600000000	0.0741189474
1539.1700000000	0.0742762915
1539.1800000000	0.0745681171
1539.1900000000	0.0748735676
1539.2000000000	0.0749971792
1539.2100000000	0.0753144181
1539.2200000000	0.0758611627
1539.2300000000	0.0761606485
1539.2400000000	0.0762555327
1539.2500000000	0.0762009386
1539.2600000000	0.0758917032
1539.2700000000	0.0755881173
1539.2800000000	0.0749900664
1539.2900000000	0.0742601177
1539.3000000000	0.0736422759
1539.3100000000	0.0731472986
1539.3200000000	0.0728590622
1539.3300000000	0.0727623784
1539.3400000000	0.0727864945
1539.3500000000	0.0730475484
1539.3600000000	0.0732692250
1539.3700000000	0.0734194051
1539.3800000000	0.0734668820
1539.3900000000	0.0736109406
1539.4000000000	0.0734540829
1539.4100000000	0.0732906774
1539.4200000000	0.0732906774
1539.4300000000	0.0732906774
1539.4400000000	0.0732779334
1539.4500000000	0.0732253089
1539.4600000000	0.0732614904
1539.4700000000	0.0733195725
1539.4800000000	0.0733570892
1539.4900000000	0.0729874657
1539.5000000000	0.0725482573
1539.5100000000	0.0718972479
1539.5200000000	0.0712192438
1539.5300000000	0.0708491130
1539.5400000000	0.0705085843
1539.5500000000	0.0704006998
1539.5600000000	0.0704268277
1539.5700000000	0.0706159243
1539.5800000000	0.0710970004
1539.5900000000	0.0715415430
1539.6000000000	0.0720859820
1539.6100000000	0.0725383950
1539.6200000000	0.0728811164
1539.6300000000	0.0732089518
1539.6400000000	0.0733791597
1539.6500000000	0.0734931750
1539.6600000000	0.0738004637
1539.6700000000	0.0740668668
1539.6800000000	0.0742203119
1539.6900000000	0.0744005561
1539.7000000000	0.0744219785
1539.7100000000	0.0741924229
1539.7200000000	0.0737125889
1539.7300000000	0.0730039281
1539.7400000000	0.0723800135
1539.7500000000	0.0715172302
1539.7600000000	0.0708159894
1539.7700000000	0.0703198793
1539.7800000000	0.0702913356
1539.7900000000	0.0703601067
1539.8000000000	0.0704950277
1539.8100000000	0.0708863115
1539.8200000000	0.0712397923
1539.8300000000	0.0716300546
1539.8400000000	0.0719016428
1539.8500000000	0.0719637610
1539.8600000000	0.0720950311
1539.8700000000	0.0722052826
1539.8800000000	0.0722180266
1539.8900000000	0.0722803307
1539.9000000000	0.0722895347
1539.9100000000	0.0722895347
1539.9200000000	0.0720339311
1539.9300000000	0.0714870791
1539.9400000000	0.0707549544
1539.9500000000	0.0700419734
1539.9600000000	0.0691033589
1539.9700000000	0.0681354308
1539.9800000000	0.0674994273
1539.9900000000	0.0669824492
1540.0000000000	0.0666701949
1540.0100000000	0.0666580963
1540.0200000000	0.0668138839
1540.0300000000	0.0672932541
1540.0400000000	0.0680906639
1540.0500000000	0.0685966312
1540.0600000000	0.0692408163
1540.0700000000	0.0699317756
1540.0800000000	0.0704962712
1540.0900000000	0.0711054913
1540.1000000000	0.0716767910
1540.1100000000	0.0722801420
1540.1200000000	0.0729760362
1540.1300000000	0.0736677321
1540.1400000000	0.0743483208
1540.1500000000	0.0748224367
1540.1600000000	0.0750181260
1540.1700000000	0.0751317119
1540.1800000000	0.0748439973
1540.1900000000	0.0744652798
1540.2000000000	0.0737699491
1540.2100000000	0.0730842615
1540.2200000000	0.0725500925
1540.2300000000	0.0722463467
1540.2400000000	0.0721443945
1540.2500000000	0.0721125522
1540.2600000000	0.0721537415
1540.2700000000	0.0723112047
1540.2800000000	0.0726698434
1540.2900000000	0.0729632813
1540.3000000000	0.0728933206
1540.3100000000	0.0728258601
1540.3200000000	0.0731266088
1540.3300000000	0.0732103994
1540.3400000000	0.0732191693
1540.3500000000	0.0733660795
1540.3600000000	0.0736592038
1540.3700000000	0.0740638408
1540.3800000000	0.0741488038
1540.3900000000	0.0740638437
1540.4000000000	0.0738720559
1540.4100000000	0.0733795347
1540.4200000000	0.0727142229
1540.4300000000	0.0718529489
1540.4400000000	0.0709816484
1540.4500000000	0.0701159933
1540.4600000000	0.0695065902
1540.4700000000	0.0690339708
1540.4800000000	0.0688555842
1540.4900000000	0.0688147224
1540.5000000000	0.0687053585
1540.5100000000	0.0686034670
1540.5200000000	0.0685948342
1540.5300000000	0.0688026974
1540.5400000000	0.0689453771
1540.5500000000	0.0690998893
1540.5600000000	0.0694017829
1540.5700000000	0.0698942850
1540.5800000000	0.0704157624
1540.5900000000	0.0711241250
1540.6000000000	0.0716688825
1540.6100000000	0.0721471911
1540.6200000000	0.0724563991
1540.6300000000	0.0727139030
1540.6400000000	0.0725704740
1540.6500000000	0.0722913424
1540.6600000000	0.0720982505
1540.6700000000	0.0717362193
1540.6800000000	0.0715599250
1540.6900000000	0.0715988651
1540.7000000000	0.0718860101
1540.7100000000	0.0722996382
1540.7200000000	0.0727593500
1540.7300000000	0.0732604535
1540.7400000000	0.0737470002
1540.7500000000	0.0739840548
1540.7600000000	0.0741272098
1540.7700000000	0.0742918201
1540.7800000000	0.0742994053
1540.7900000000	0.0744049342
1540.8000000000	0.0744814394
1540.8100000000	0.0745971462
1540.8200000000	0.0747597020
1540.8300000000	0.0747856453
1540.8400000000	0.0746169941
1540.8500000000	0.0742499957
1540.8600000000	0.0735244701
1540.8700000000	0.0725783505
1540.8800000000	0.0716653768
1540.8900000000	0.0708482238
1540.9000000000	0.0699534187
1540.9100000000	0.0692720134
1540.9200000000	0.0688548545
1540.9300000000	0.0686685102
1540.9400000000	0.0688220168
1540.9500000000	0.0688876898
1540.9600000000	0.0690195955
1540.9700000000	0.0691981796
1540.9800000000	0.0693823109
1540.9900000000	0.0694995020
1541.0000000000	0.0695751500
1541.0100000000	0.0696668704
1541.0200000000	0.0699411373
1541.0300000000	0.0703349232
1541.0400000000	0.0707549289
1541.0500000000	0.0712944721
1541.0600000000	0.0716020511
1541.0700000000	0.0718059554
1541.0800000000	0.0719202976
1541.0900000000	0.0717934746
1541.1000000000	0.0714814640
1541.1100000000	0.0711696611
1541.1200000000	0.0705962195
1541.1300000000	0.0702818526
1541.1400000000	0.0701265170
1541.1500000000	0.0700462525
1541.1600000000	0.0701626502
1541.1700000000	0.0703687686
1541.1800000000	0.0706462329
1541.1900000000	0.0709297750
1541.2000000000	0.0711205938
1541.2100000000	0.0712367080
1541.2200000000	0.0712839689
1541.2300000000	0.0713888077
1541.2400000000	0.0713975562
1541.2500000000	0.0715796532
1541.2600000000	0.0716656119
1541.2700000000	0.0718644458
1541.2800000000	0.0722123060
1541.2900000000	0.0724282171
1541.3000000000	0.0723686270
1541.3100000000	0.0721465164
1541.3200000000	0.0718510792
1541.3300000000	0.0713230817
1541.3400000000	0.0707169914
1541.3500000000	0.0702855453
1541.3600000000	0.0699427574
1541.3700000000	0.0695700961
1541.3800000000	0.0694679416
1541.3900000000	0.0696649758
1541.4000000000	0.0698392778
1541.4100000000	0.0702559625
1541.4200000000	0.0705315688
1541.4300000000	0.0708130990
1541.4400000000	0.0711020354
1541.4500000000	0.0714216572
1541.4600000000	0.0716535295
1541.4700000000	0.0718994434
1541.4800000000	0.0723052646
1541.4900000000	0.0727032218
1541.5000000000	0.0732674542
1541.5100000000	0.0738057019
1541.5200000000	0.0740841422
1541.5300000000	0.0742951720
1541.5400000000	0.0742953601
1541.5500000000	0.0740220699
1541.5600000000	0.0735462788
1541.5700000000	0.0729474355
1541.5800000000	0.0724000473
1541.5900000000	0.0720789814
1541.6000000000	0.0718160498
1541.6100000000	0.0717757726
1541.6200000000	0.0719592222
1541.6300000000	0.0722315194
1541.6400000000	0.0725013751
1541.6500000000	0.0728046101
1541.6600000000	0.0730518528
1541.6700000000	0.0731398732
1541.6800000000	0.0731476612
1541.6900000000	0.0731165091
1541.7000000000	0.0732052252
1541.7100000000	0.0734369241
1541.7200000000	0.0738082408
1541.7300000000	0.0739857633
1541.7400000000	0.0740057876
1541.7500000000	0.0741696604
1541.7600000000	0.0741845579
1541.7700000000	0.0737871940
1541.7800000000	0.0733789674
1541.7900000000	0.0728911012
1541.8000000000	0.0722045263
1541.8100000000	0.0716816996
1541.8200000000	0.0713827828
1541.8300000000	0.0713012635
1541.8400000000	0.0714171084
1541.8500000000	0.0716126711
1541.8600000000	0.0719458662
1541.8700000000	0.0723860371
1541.8800000000	0.0726897864
1541.8900000000	0.0728306734
1541.9000000000	0.0730713397
1541.9100000000	0.0731753200
1541.9200000000	0.0733087247
1541.9300000000	0.0734438246
1541.9400000000	0.0736381658
1541.9500000000	0.0740220364
1541.9600000000	0.0744839646
1541.9700000000	0.0747223279
1541.9800000000	0.0748435315
1541.9900000000	0.0749206999
1542.0000000000	0.0747955806
1542.0100000000	0.0744285302
1542.0200000000	0.0739116483
1542.0300000000	0.0732152852
1542.0400000000	0.0728804534
1542.0500000000	0.0726113358
1542.0600000000	0.0723999521
1542.0700000000	0.0725054757
1542.0800000000	0.0726456877
1542.0900000000	0.0728900071
1542.1000000000	0.0732407627
1542.1100000000	0.0733936057
1542.1200000000	0.0735030491
1542.1300000000	0.0733636303
1542.1400000000	0.0733972316
1542.1500000000	0.0732310873
1542.1600000000	0.0730924978
1542.1700000000	0.0730761531
1542.1800000000	0.0732494227
1542.1900000000	0.0733467622
1542.2000000000	0.0734163483
1542.2100000000	0.0733548282
1542.2200000000	0.0730938531
1542.2300000000	0.0727446049
1542.2400000000	0.0722294718
1542.2500000000	0.0714949787
1542.2600000000	0.0707806014
1542.2700000000	0.0701062363
1542.2800000000	0.0697033630
1542.2900000000	0.0694925219
1542.3000000000	0.0692432764
1542.3100000000	0.0693500076
1542.3200000000	0.0696436473
1542.3300000000	0.0698511837
1542.3400000000	0.0703127374
1542.3500000000	0.0705761433
1542.3600000000	0.0706232105
1542.3700000000	0.0708126018
1542.3800000000	0.0711581199
1542.3900000000	0.0713826853
1542.4000000000	0.0718459583
1542.4100000000	0.0725494540
1542.4200000000	0.0730307726
1542.4300000000	0.0735693026
1542.4400000000	0.0738891672
1542.4500000000	0.0739916209
1542.4600000000	0.0739514689
1542.4700000000	0.0737749684
1542.4800000000	0.0732743973
1542.4900000000	0.0726984240
1542.5000000000	0.0722874358
1542.5100000000	0.0720105029
1542.5200000000	0.0718127994
1542.5300000000	0.0718920192
1542.5400000000	0.0719910928
1542.5500000000	0.0723047492
1542.5600000000	0.0726790369
1542.5700000000	0.0729342878
1542.5800000000	0.0730002218
1542.5900000000	0.0731292531
1542.6000000000	0.0730860651
1542.6100000000	0.0732283733
1542.6200000000	0.0733163192
1542.6300000000	0.0734817395
1542.6400000000	0.0736623174
1542.6500000000	0.0738111121
1542.6600000000	0.0738270028
1542.6700000000	0.0736742670
1542.6800000000	0.0732391117
1542.6900000000	0.0726742524
1542.7000000000	0.0719250444
1542.7100000000	0.0712293742
1542.7200000000	0.0704958771
1542.7300000000	0.0698224273
1542.7400000000	0.0694209809
1542.7500000000	0.0692981464
1542.7600000000	0.0693345011
1542.7700000000	0.0695809054
1542.7800000000	0.0700080746
1542.7900000000	0.0704262930
1542.8000000000	0.0709015797
1542.8100000000	0.0713808432
1542.8200000000	0.0718060922
1542.8300000000	0.0723460469
1542.8400000000	0.0728247055
1542.8500000000	0.0732115617
1542.8600000000	0.0736538967
1542.8700000000	0.0742203119
1542.8800000000	0.0747513272
1542.8900000000	0.0750370200
1542.9000000000	0.0752855287
1542.9100000000	0.0754317026
1542.9200000000	0.0752278908
1542.9300000000	0.0747359004
1542.9400000000	0.0742158001
1542.9500000000	0.0736505733
1542.9600000000	0.0731987888
1542.9700000000	0.0728980402
1542.9800000000	0.0727015722
1542.9900000000	0.0726947619
1543.0000000000	0.0728805522
1543.0100000000	0.0730361926
1543.0200000000	0.0731419972
1543.0300000000	0.0733345822
1543.0400000000	0.0734761882
1543.0500000000	0.0734634442
1543.0600000000	0.0734971899
1543.0700000000	0.0735633166
1543.0800000000	0.0737197406
1543.0900000000	0.0738424335
1543.1000000000	0.0740242139
1543.1100000000	0.0743268557
1543.1200000000	0.0745698406
1543.1300000000	0.0745260602
1543.1400000000	0.0742990456
1543.1500000000	0.0738663707
1543.1600000000	0.0731845009
1543.1700000000	0.0723393778
1543.1800000000	0.0714873447
1543.1900000000	0.0708235772
1543.2000000000	0.0702216912
1543.2100000000	0.0697393450
1543.2200000000	0.0694242632
1543.2300000000	0.0693053589
1543.2400000000	0.0692613539
1543.2500000000	0.0691334549
1543.2600000000	0.0689818322
1543.2700000000	0.0688837688
1543.2800000000	0.0686750136
1543.2900000000	0.0685709965
1543.3000000000	0.0686649056
1543.3100000000	0.0688775755
1543.3200000000	0.0691483953
1543.3300000000	0.0695675464
1543.3400000000	0.0700992591
1543.3500000000	0.0706171197
1543.3600000000	0.0710327282
1543.3700000000	0.0712018903
1543.3800000000	0.0711520797
1543.3900000000	0.0708554363
1543.4000000000	0.0705339538
1543.4100000000	0.0701513002
1543.4200000000	0.0699156094
1543.4300000000	0.0698939402
1543.4400000000	0.0700617654
1543.4500000000	0.0703127874
1543.4600000000	0.0706595259
1543.4700000000	0.0710966807
1543.4800000000	0.0714155551
1543.4900000000	0.0716071542
1543.5000000000	0.0717783059
1543.5100000000	0.0718753980
1543.5200000000	0.0719207627
1543.5300000000	0.0720264077
1543.5400000000	0.0722130706
1543.5500000000	0.0724726048
1543.5600000000	0.0728067191
1543.5700000000	0.0733049834
1543.5800000000	0.0736214170
1543.5900000000	0.0737544112
1543.6000000000	0.0739104386
1543.6100000000	0.0738006434
1543.6200000000	0.0734690834
1543.6300000000	0.0730147957
1543.6400000000	0.0725793853
1543.6500000000	0.0721921638
1543.6600000000	0.0720492085
1543.6700000000	0.0721681125
1543.6800000000	0.0724052929
1543.6900000000	0.0727161182
1543.7000000000	0.0730347331
1543.7100000000	0.0731694711
1543.7200000000	0.0733374055
1543.7300000000	0.0734544435
1543.7400000000	0.0734694622
1543.7500000000	0.0733277837
1543.7600000000	0.0732906774
1543.7700000000	0.0733155350
1543.7800000000	0.0733264314
1543.7900000000	0.0733729117
1543.8000000000	0.0733744647
1543.8100000000	0.0733857832
1543.8200000000	0.0732799512
1543.8300000000	0.0730789851
1543.8400000000	0.0727285152
1543.8500000000	0.0721904107
1543.8600000000	0.0714850446
1543.8700000000	0.0707765246
1543.8800000000	0.0703070282
1543.8900000000	0.0699266542
1543.9000000000	0.0696749342
1543.9100000000	0.0695504701
1543.9200000000	0.0696951023
1543.9300000000	0.0697794550
1543.9400000000	0.0698851841
1543.9500000000	0.0700282004
1543.9600000000	0.0698672150
1543.9700000000	0.0698235266
1543.9800000000	0.0696837064
1543.9900000000	0.0696127073
1544.0000000000	0.0698338859
1544.0100000000	0.0701393716
1544.0200000000	0.0705089933
1544.0300000000	0.0710054781
1544.0400000000	0.0715221798
1544.0500000000	0.0718810988
1544.0600000000	0.0720434584
1544.0700000000	0.0720244491
1544.0800000000	0.0719522083
1544.0900000000	0.0718279678
1544.1000000000	0.0715253116
1544.1100000000	0.0711668283
1544.1200000000	0.0710473990
1544.1300000000	0.0711174839
1544.1400000000	0.0712272047
1544.1500000000	0.0714621101
1544.1600000000	0.0717643572
1544.1700000000	0.0720719346
1544.1800000000	0.0722233366
1544.1900000000	0.0723960889
1544.2000000000	0.0723610428
1544.2100000000	0.0723610428
1544.2200000000	0.0724318429
1544.2300000000	0.0726828439
1544.2400000000	0.0730046449
1544.2500000000	0.0735458779
1544.2600000000	0.0740366341
1544.2700000000	0.0743420917
1544.2800000000	0.0745216821
1544.2900000000	0.0745717956
1544.3000000000	0.0744651043
1544.3100000000	0.0741311071
1544.3200000000	0.0736871760
1544.3300000000	0.0731504691
1544.3400000000	0.0726378897
1544.3500000000	0.0723231688
1544.3600000000	0.0720753644
1544.3700000000	0.0721040384
1544.3800000000	0.0722982024
1544.3900000000	0.0725442470
1544.4000000000	0.0727204409
1544.4100000000	0.0728111162
1544.4200000000	0.0729152453
1544.4300000000	0.0729640972
1544.4400000000	0.0728716714
1544.4500000000	0.0727599386
1544.4600000000	0.0727543520
1544.4700000000	0.0727893838
1544.4800000000	0.0727901061
1544.4900000000	0.0728962848
1544.5000000000	0.0729681757
1544.5100000000	0.0727564974
1544.5200000000	0.0724003724
1544.5300000000	0.0719366278
1544.5400000000	0.0713420236
1544.5500000000	0.0706965639
1544.5600000000	0.0701387214
1544.5700000000	0.0696531841
1544.5800000000	0.0693077008
1544.5900000000	0.0691306739
1544.6000000000	0.0692286814
1544.6100000000	0.0696224994
1544.6200000000	0.0699904762
1544.6300000000	0.0705913464
1544.6400000000	0.0708936669
1544.6500000000	0.0712016596
1544.6600000000	0.0717123455
1544.6700000000	0.0719852437
1544.6800000000	0.0722484556
1544.6900000000	0.0725671912
1544.7000000000	0.0731133241
1544.7100000000	0.0736335111
1544.7200000000	0.0739884422
1544.7300000000	0.0744486573
1544.7400000000	0.0749003761
1544.7500000000	0.0749318820
1544.7600000000	0.0745778671
1544.7700000000	0.0741884520
1544.7800000000	0.0737334117
1544.7900000000	0.0733563979
1544.8000000000	0.0730131578
1544.8100000000	0.0727318805
1544.8200000000	0.0725432328
1544.8300000000	0.0725302933
1544.8400000000	0.0725398277
1544.8500000000	0.0726767146
1544.8600000000	0.0728834919
1544.8700000000	0.0729475742
1544.8800000000	0.0729114532
1544.8900000000	0.0727872168
1544.9000000000	0.0725412488
1544.9100000000	0.0723429852
1544.9200000000	0.0722667821
1544.9300000000	0.0723231219
1544.9400000000	0.0725527238
1544.9500000000	0.0728320782
1544.9600000000	0.0730434720
1544.9700000000	0.0732676103
1544.9800000000	0.0733241968
1544.9900000000	0.0730575609
1545.0000000000	0.0726410728
1545.0100000000	0.0720793019
1545.0200000000	0.0714010733
1545.0300000000	0.0707768762
1545.0400000000	0.0703274268
1545.0500000000	0.0701789251
1545.0600000000	0.0700727105
1545.0700000000	0.0701064408
1545.0800000000	0.0703005280
1545.0900000000	0.0704430831
1545.1000000000	0.0707541466
1545.1100000000	0.0710218266
1545.1200000000	0.0711021134
1545.1300000000	0.0711375878
1545.1400000000	0.0712282120
1545.1500000000	0.0713616702
1545.1600000000	0.0716647056
1545.1700000000	0.0721249207
1545.1800000000	0.0724943188
1545.1900000000	0.0729666531
1545.2000000000	0.0733409565
1545.2100000000	0.0732124654
1545.2200000000	0.0732154833
1545.2300000000	0.0729537648
1545.2400000000	0.0724580903
1545.2500000000	0.0719773175
1545.2600000000	0.0714771738
1545.2700000000	0.0710508436
1545.2800000000	0.0709694230
1545.2900000000	0.0712724613
1545.3000000000	0.0712550917
1545.3100000000	0.0715460449
1545.3200000000	0.0718643655
1545.3300000000	0.0719277733
1545.3400000000	0.0720227522
1545.3500000000	0.0722092568
1545.3600000000	0.0723063998
1545.3700000000	0.0723734064
1545.3800000000	0.0724870590
1545.3900000000	0.0725846105
1545.4000000000	0.0726789109
1545.4100000000	0.0729006279
1545.4200000000	0.0730961753
1545.4300000000	0.0731476612
1545.4400000000	0.0731476612
1545.4500000000	0.0729469338
1545.4600000000	0.0724830542
1545.4700000000	0.0719646624
1545.4800000000	0.0714925395
1545.4900000000	0.0709704377
1545.5000000000	0.0705463758
1545.5100000000	0.0703127374
1545.5200000000	0.0703797893
1545.5300000000	0.0706685204
1545.5400000000	0.0708074855
1545.5500000000	0.0710716768
1545.5600000000	0.0712699621
1545.5700000000	0.0711570506
1545.5800000000	0.0711131271
1545.5900000000	0.0712299158
1545.6000000000	0.0711971691
1545.6100000000	0.0712323999
1545.6200000000	0.0714194903
1545.6300000000	0.0716383050
1545.6400000000	0.0718913270
1545.6500000000	0.0723575800
1545.6600000000	0.0727929381
1545.6700000000	0.0730132195
1545.6800000000	0.0731161976
1545.6900000000	0.0729874749
1545.7000000000	0.0725986872
1545.7100000000	0.0721472397
1545.7200000000	0.0717067659
1545.7300000000	0.0714481961
1545.7400000000	0.0713003101
1545.7500000000	0.0711233148
1545.7600000000	0.0711583082
1545.7700000000	0.0713349108
1545.7800000000	0.0715843897
1545.7900000000	0.0718332135
1545.8000000000	0.0719241137
1545.8100000000	0.0718689675
1545.8200000000	0.0716716901
1545.8300000000	0.0717095099
1545.8400000000	0.0717810975
1545.8500000000	0.0719818317
1545.8600000000	0.0723471578
1545.8700000000	0.0727196072
1545.8800000000	0.0730066463
1545.8900000000	0.0735254500
1545.9000000000	0.0739301490
1545.9100000000	0.0739500113
1545.9200000000	0.0737625800
1545.9300000000	0.0733911517
1545.9400000000	0.0727731195
1545.9500000000	0.0721345973
1545.9600000000	0.0716228036
1545.9700000000	0.0712687624
1545.9800000000	0.0709633470
1545.9900000000	0.0708664797
1546.0000000000	0.0708950829
1546.0100000000	0.0709455149
1546.0200000000	0.0709665910
1546.0300000000	0.0709665910
1546.0400000000	0.0708869409
1546.0500000000	0.0707270388
1546.0600000000	0.0706541006
1546.0700000000	0.0707784308
1546.0800000000	0.0709590068
1546.0900000000	0.0713317269
1546.1000000000	0.0717857739
1546.1100000000	0.0722358997
1546.1200000000	0.0726580866
1546.1300000000	0.0729290455
1546.1400000000	0.0730912798
1546.1500000000	0.0730259516
1546.1600000000	0.0727440383
1546.1700000000	0.0724353087
1546.1800000000	0.0721564305
1546.1900000000	0.0718692353
1546.2000000000	0.0716649187
1546.2100000000	0.0716649187
1546.2200000000	0.0719428218
1546.2300000000	0.0723187880
1546.2400000000	0.0725853262
1546.2500000000	0.0728616223
1546.2600000000	0.0731943296
1546.2700000000	0.0733024644
1546.2800000000	0.0733184861
1546.2900000000	0.0733892957
1546.3000000000	0.0735636880
1546.3100000000	0.0735441251
1546.3200000000	0.0737664687
1546.3300000000	0.0739805477
1546.3400000000	0.0743204361
1546.3500000000	0.0746201882
1546.3600000000	0.0747488968
1546.3700000000	0.0747227075
1546.3800000000	0.0746542826
1546.3900000000	0.0743106923
1546.4000000000	0.0738016104
1546.4100000000	0.0732408930
1546.4200000000	0.0727860246
1546.4300000000	0.0724851356
1546.4400000000	0.0723079324
1546.4500000000	0.0722110160
1546.4600000000	0.0722649976
1546.4700000000	0.0725051188
1546.4800000000	0.0728206100
1546.4900000000	0.0730617813
1546.5000000000	0.0731658957
1546.5100000000	0.0731834152
1546.5200000000	0.0731638795
1546.5300000000	0.0731476612
1546.5400000000	0.0731904186
1546.5500000000	0.0732873254
1546.5600000000	0.0735201091
1546.5700000000	0.0738951694
1546.5800000000	0.0741922195
1546.5900000000	0.0742828815
1546.6000000000	0.0742113734
1546.6100000000	0.0739163916
1546.6200000000	0.0734247587
1546.6300000000	0.0727543556
1546.6400000000	0.0719856180
1546.6500000000	0.0713330883
1546.6600000000	0.0707604832
1546.6700000000	0.0702889404
1546.6800000000	0.0700301514
1546.6900000000	0.0698608846
1546.7000000000	0.0697089138
1546.7100000000	0.0696436473
1546.7200000000	0.0696436473
1546.7300000000	0.0696436473
1546.7400000000	0.0695425247
1546.7500000000	0.0694241174
1546.7600000000	0.0694539030
1546.7700000000	0.0696007506
1546.7800000000	0.0699271141
1546.7900000000	0.0704899862
1546.8000000000	0.0712411001
1546.8100000000	0.0720422924
1546.8200000000	0.0725666405
1546.8300000000	0.0728543911
1546.8400000000	0.0729873073
1546.8500000000	0.0730046449
1546.8600000000	0.0728526778
1546.8700000000	0.0725219383
1546.8800000000	0.0722841174
1546.8900000000	0.0721307867
1546.9000000000	0.0719901699
1546.9100000000	0.0722565282
1546.9200000000	0.0725728281
1546.9300000000	0.0727764855
1546.9400000000	0.0730699602
1546.9500000000	0.0732974877
1546.9600000000	0.0735327135
1546.9700000000	0.0737469818
1546.9800000000	0.0737898466
1546.9900000000	0.0737190255
1547.0000000000	0.0737569248
1547.0100000000	0.0738452373
1547.0200000000	0.0739539371
1547.0300000000	0.0741704730
1547.0400000000	0.0745171866
1547.0500000000	0.0748165964
1547.0600000000	0.0748996681
1547.0700000000	0.0747644153
1547.0800000000	0.0745075123
1547.0900000000	0.0741511386
1547.1000000000	0.0735995799
1547.1100000000	0.0730046355
1547.1200000000	0.0725780597
1547.1300000000	0.0721633469
1547.1400000000	0.0719902618
1547.1500000000	0.0719677337
1547.1600000000	0.0720275792
1547.1700000000	0.0722559923
1547.1800000000	0.0722291347
1547.1900000000	0.0721902179
1547.2000000000	0.0722074328
1547.2100000000	0.0721730030
1547.2200000000	0.0720655659
1547.2300000000	0.0718535359
1547.2400000000	0.0717174553
1547.2500000000	0.0718025013
1547.2600000000	0.0719125096
1547.2700000000	0.0719638462
1547.2800000000	0.0721436865
1547.2900000000	0.0724166271
1547.3000000000	0.0725097882
1547.3100000000	0.0723610428
1547.3200000000	0.0719909633
1547.3300000000	0.0715459748
1547.3400000000	0.0712154096
1547.3500000000	0.0709564359
1547.3600000000	0.0707306142
1547.3700000000	0.0706914730
1547.3800000000	0.0708644892
1547.3900000000	0.0711538674
1547.4000000000	0.0714969083
1547.4100000000	0.0718268415
1547.4200000000	0.0720517655
1547.4300000000	0.0721349616
1547.4400000000	0.0721708313
1547.4500000000	0.0723296226
1547.4600000000	0.0725177396
1547.4700000000	0.0727828865
1547.4800000000	0.0731789402
1547.4900000000	0.0736258799
1547.5000000000	0.0741354848
1547.5100000000	0.0746096484
1547.5200000000	0.0750069237
1547.5300000000	0.0753644789
1547.5400000000	0.0754674571
1547.5500000000	0.0752575691
1547.5600000000	0.0748221341
1547.5700000000	0.0743675829
1547.5800000000	0.0740087284
1547.5900000000	0.0737349551
1547.6000000000	0.0735303202
1547.6100000000	0.0735478905
1547.6200000000	0.0737682640
1547.6300000000	0.0739633041
1547.6400000000	0.0742189098
1547.6500000000	0.0744228109
1547.6600000000	0.0746011072
1547.6700000000	0.0747021034
1547.6800000000	0.0746938853
1547.6900000000	0.0745478914
1547.7000000000	0.0746683038
1547.7100000000	0.0749991681
1547.7200000000	0.0751607402
1547.7300000000	0.0753962237
1547.7400000000	0.0757148829
1547.7500000000	0.0758303242
1547.7600000000	0.0756838965
1547.7700000000	0.0754163918
1547.7800000000	0.0750287940
1547.7900000000	0.0743325843
1547.8000000000	0.0733232502
1547.8100000000	0.0723878633
1547.8200000000	0.0715529818
1547.8300000000	0.0708593337
1547.8400000000	0.0702829106
1547.8500000000	0.0698747940
1547.8600000000	0.0695772996
1547.8700000000	0.0693739374
1547.8800000000	0.0692142142
1547.8900000000	0.0690948917
1547.9000000000	0.0689665403
1547.9100000000	0.0687649939
1547.9200000000	0.0686782587
1547.9300000000	0.0687009239
1547.9400000000	0.0687822850
1547.9500000000	0.0689368581
1547.9600000000	0.0693083569
1547.9700000000	0.0698036475
1547.9800000000	0.0703265387
1547.9900000000	0.0706614845
1548.0000000000	0.0708998501
1548.0100000000	0.0711199289
1548.0200000000	0.0711800885
1548.0300000000	0.0711274988
1548.0400000000	0.0710554416
1548.0500000000	0.0710205796
1548.0600000000	0.0710745757
1548.0700000000	0.0713082161
1548.0800000000	0.0717684312
1548.0900000000	0.0722127166
1548.1000000000	0.0725354863
1548.1100000000	0.0729565933
1548.1200000000	0.0733968303
1548.1300000000	0.0736471152
1548.1400000000	0.0737197406
1548.1500000000	0.0736963910
1548.1600000000	0.0738031667
1548.1700000000	0.0740827637
1548.1800000000	0.0744088435
1548.1900000000	0.0746580428
1548.2000000000	0.0750798789
1548.2100000000	0.0755335006
1548.2200000000	0.0758314226
1548.2300000000	0.0760017634
1548.2400000000	0.0759466315
1548.2500000000	0.0756659461
1548.2600000000	0.0753197837
1548.2700000000	0.0750210970
1548.2800000000	0.0746607433
1548.2900000000	0.0744186603
1548.3000000000	0.0743702126
1548.3100000000	0.0743413035
1548.3200000000	0.0744196824
1548.3300000000	0.0745208050
1548.3400000000	0.0745421130
1548.3500000000	0.0745275990
1548.3600000000	0.0744213930
1548.3700000000	0.0740985301
1548.3800000000	0.0736942020
1548.3900000000	0.0734794517
1548.4000000000	0.0733075933
1548.4100000000	0.0731986297
1548.4200000000	0.0733398483
1548.4300000000	0.0735023560
1548.4400000000	0.0736553833
1548.4500000000	0.0736510928
1548.4600000000	0.0735893647
1548.4700000000	0.0734344282
1548.4800000000	0.0730718094
1548.4900000000	0.0724865513
1548.5000000000	0.0718930440
1548.5100000000	0.0713379026
1548.5200000000	0.0708325188
1548.5300000000	0.0705609115
1548.5400000000	0.0705017737
1548.5500000000	0.0705205186
1548.5600000000	0.0706269202
1548.5700000000	0.0709034209
1548.5800000000	0.0711910419
1548.5900000000	0.0713859031
1548.6000000000	0.0716524401
1548.6100000000	0.0718077433
1548.6200000000	0.0718765243
1548.6300000000	0.0721844323
1548.6400000000	0.0726546670
1548.6500000000	0.0732354219
1548.6600000000	0.0738370666
1548.6700000000	0.0744538882
1548.6800000000	0.0750849697
1548.6900000000	0.0755929973
1548.7000000000	0.0757452476
1548.7100000000	0.0757001570
1548.7200000000	0.0755751913
1548.7300000000	0.0751923642
1548.7400000000	0.0747067270
1548.7500000000	0.0742808785
1548.7600000000	0.0741285309
1548.7700000000	0.0741418719
1548.7800000000	0.0743191729
1548.7900000000	0.0744418030
1548.8000000000	0.0746821497
1548.8100000000	0.0749592521
1548.8200000000	0.0750784384
1548.8300000000	0.0751326005
1548.8400000000	0.0752393316
1548.8500000000	0.0752752627
1548.8600000000	0.0752046502
1548.8700000000	0.0751149075
1548.8800000000	0.0751478225
1548.8900000000	0.0753404057
1548.9000000000	0.0756754442
1548.9100000000	0.0759892744
1548.9200000000	0.0760983796
1548.9300000000	0.0761153351
1548.9400000000	0.0759067613
1548.9500000000	0.0754672692
1548.9600000000	0.0749354125
1548.9700000000	0.0742501112
1548.9800000000	0.0735949701
1548.9900000000	0.0731455411
1549.0000000000	0.0727819681
1549.0100000000	0.0726573559
1549.0200000000	0.0726470898
1549.0300000000	0.0727447940
1549.0400000000	0.0727901061
1549.0500000000	0.0728375421
1549.0600000000	0.0727935439
1549.0700000000	0.0726707010
1549.0800000000	0.0725546690
1549.0900000000	0.0725040736
1549.1000000000	0.0725040736
1549.1100000000	0.0726102523
1549.1200000000	0.0728484864
1549.1300000000	0.0731151575
1549.1400000000	0.0735398791
1549.1500000000	0.0738774228
1549.1600000000	0.0740021761
1549.1700000000	0.0740429718
1549.1800000000	0.0738465459
1549.1900000000	0.0734659565
1549.2000000000	0.0729008711
1549.2100000000	0.0723964122
1549.2200000000	0.0718146648
1549.2300000000	0.0713992327
1549.2400000000	0.0711563499
1549.2500000000	0.0710259459
1549.2600000000	0.0709460053
1549.2700000000	0.0708731927
1549.2800000000	0.0707411216
1549.2900000000	0.0705648928
1549.3000000000	0.0703569875
1549.3100000000	0.0701227691
1549.3200000000	0.0700998698
1549.3300000000	0.0701084646
1549.3400000000	0.0702288005
1549.3500000000	0.0705569463
1549.3600000000	0.0709889458
1549.3700000000	0.0714140499
1549.3800000000	0.0718471588
1549.3900000000	0.0722014136
1549.4000000000	0.0723805451
1549.4100000000	0.0724137710
1549.4200000000	0.0722436684
1549.4300000000	0.0719387124
1549.4400000000	0.0716373585
1549.4500000000	0.0712965341
1549.4600000000	0.0709754441
1549.4700000000	0.0709439083
1549.4800000000	0.0710261811
1549.4900000000	0.0711693348
1549.5000000000	0.0713827533
1549.5100000000	0.0717595155
1549.5200000000	0.0719950027
1549.5300000000	0.0721444153
1549.5400000000	0.0723114828
1549.5500000000	0.0724897679
1549.5600000000	0.0726672679
1549.5700000000	0.0729216913
1549.5800000000	0.0732784088
1549.5900000000	0.0737936142
1549.6000000000	0.0743490353
1549.6100000000	0.0747951235
1549.6200000000	0.0750815625
1549.6300000000	0.0752388006
1549.6400000000	0.0752409246
1549.6500000000	0.0751007404
1549.6600000000	0.0748239052
1549.6700000000	0.0744142584
1549.6800000000	0.0739808612
1549.6900000000	0.0736168123
1549.7000000000	0.0734337009
1549.7100000000	0.0734173459
1549.7200000000	0.0736053276
1549.7300000000	0.0738130775
1549.7400000000	0.0740897113
1549.7500000000	0.0742907143
1549.7600000000	0.0743275741
1549.7700000000	0.0744746991
1549.7800000000	0.0745669219
1549.7900000000	0.0743347271
1549.8000000000	0.0741076325
1549.8100000000	0.0741387927
1549.8200000000	0.0743314805
1549.8300000000	0.0746040631
1549.8400000000	0.0749170117
1549.8500000000	0.0751180864
1549.8600000000	0.0752063279
1549.8700000000	0.0751162163
1549.8800000000	0.0749084380
1549.8900000000	0.0745635042
1549.9000000000	0.0740304315
1549.9100000000	0.0734151079
1549.9200000000	0.0728673412
1549.9300000000	0.0724668812
1549.9400000000	0.0721050357
1549.9500000000	0.0719319796
1549.9600000000	0.0718930396
1549.9700000000	0.0717648914
1549.9800000000	0.0716230941
1549.9900000000	0.0714479740
1550.0000000000	0.0712206876
1550.0100000000	0.0709669756
1550.0200000000	0.0706529027
1550.0300000000	0.0704634916
1550.0400000000	0.0703201431
1550.0500000000	0.0704262930
1550.0600000000	0.0707728008
1550.0700000000	0.0711410389
1550.0800000000	0.0716163298
1550.0900000000	0.0721797417
1550.1000000000	0.0724882968
1550.1100000000	0.0725669870
1550.1200000000	0.0724724345
1550.1300000000	0.0723105059
1550.1400000000	0.0721616452
1550.1500000000	0.0719591447
1550.1600000000	0.0717793373
1550.1700000000	0.0717923685
1550.1800000000	0.0719305846
1550.1900000000	0.0721248494
1550.2000000000	0.0724838417
1550.2100000000	0.0728450085
1550.2200000000	0.0730965329
1550.2300000000	0.0732928443
1550.2400000000	0.0734373128
1550.2500000000	0.0735434984
1550.2600000000	0.0735968360
1550.2700000000	0.0736570749
1550.2800000000	0.0738839119
1550.2900000000	0.0743022115
1550.3000000000	0.0745738125
1550.3100000000	0.0749585543
1550.3200000000	0.0752389811
1550.3300000000	0.0753476565
1550.3400000000	0.0753644854
1550.3500000000	0.0750871977
1550.3600000000	0.0746654310
1550.3700000000	0.0741692374
1550.3800000000	0.0736748756
1550.3900000000	0.0732529031
1550.4000000000	0.0728481265
1550.4100000000	0.0726731535
1550.4200000000	0.0726682646
1550.4300000000	0.0727239080
1550.4400000000	0.0728970190
1550.4500000000	0.0730853571
1550.4600000000	0.0730875944
1550.4700000000	0.0731204881
1550.4800000000	0.0731834152
1550.4900000000	0.0731047563
1550.5000000000	0.0729609375
1550.5100000000	0.0728973682
1550.5200000000	0.0729187469
1550.5300000000	0.0730666618
1550.5400000000	0.0732173263
1550.5500000000	0.0732057615
1550.5600000000	0.0731312739
1550.5700000000	0.0729169421
1550.5800000000	0.0724004481
1550.5900000000	0.0717733903
1550.6000000000	0.0709022395
1550.6100000000	0.0700082885
1550.6200000000	0.0691232583
1550.6300000000	0.0684039116
1550.6400000000	0.0678713168
1550.6500000000	0.0674831237
1550.6600000000	0.0673147521
1550.6700000000	0.0671421398
1550.6800000000	0.0670265113
1550.6900000000	0.0669593219
1550.7000000000	0.0668911998
1550.7100000000	0.0668547582
1550.7200000000	0.0668715626
1550.7300000000	0.0669913387
1550.7400000000	0.0671722542
1550.7500000000	0.0674665169
1550.7600000000	0.0680123681
1550.7700000000	0.0687841041
1550.7800000000	0.0697778310
1550.7900000000	0.0708562207
1550.8000000000	0.0717624395
1550.8100000000	0.0723099107
1550.8200000000	0.0726441065
1550.8300000000	0.0727722290
1550.8400000000	0.0728166561
1550.8500000000	0.0727200281
1550.8600000000	0.0724155805
1550.8700000000	0.0722711160
1550.8800000000	0.0722815083
1550.8900000000	0.0722895347
1550.9000000000	0.0725132745
1550.9100000000	0.0726828439
1550.9200000000	0.0725913960
1550.9300000000	0.0725398277
1550.9400000000	0.0726085588
1550.9500000000	0.0726687485
1550.9600000000	0.0726418829
1550.9700000000	0.0726502140
1550.9800000000	0.0728314762
1550.9900000000	0.0731694711
1551.0000000000	0.0735607872
1551.0100000000	0.0740594187
1551.0200000000	0.0746851365
1551.0300000000	0.0752750930
1551.0400000000	0.0756877238
1551.0500000000	0.0756834187
1551.0600000000	0.0754492630
1551.0700000000	0.0751361123
1551.0800000000	0.0745959413
1551.0900000000	0.0739546487
1551.1000000000	0.0734560431
1551.1100000000	0.0730825251
1551.1200000000	0.0728941855
1551.1300000000	0.0728616142
1551.1400000000	0.0728072680
1551.1500000000	0.0727623784
1551.1600000000	0.0726980123
1551.1700000000	0.0724810771
1551.1800000000	0.0723473722
1551.1900000000	0.0720899079
1551.2000000000	0.0718374200
1551.2100000000	0.0717532093
1551.2200000000	0.0716755720
1551.2300000000	0.0715555030
1551.2400000000	0.0715723488
1551.2500000000	0.0717447966
1551.2600000000	0.0718923316
1551.2700000000	0.0718533207
1551.2800000000	0.0716753292
1551.2900000000	0.0714206904
1551.3000000000	0.0709501815
1551.3100000000	0.0703576411
1551.3200000000	0.0697259632
1551.3300000000	0.0691170118
1551.3400000000	0.0687866527
1551.3500000000	0.0686231432
1551.3600000000	0.0687162572
1551.3700000000	0.0689673166
1551.3800000000	0.0691708146
1551.3900000000	0.0694836390
1551.4000000000	0.0697049002
1551.4100000000	0.0699081003
1551.4200000000	0.0699654483
1551.4300000000	0.0700688165
1551.4400000000	0.0702614032
1551.4500000000	0.0704989417
1551.4600000000	0.0708922741
1551.4700000000	0.0713420181
1551.4800000000	0.0718109693
1551.4900000000	0.0722691038
1551.5000000000	0.0727189418
1551.5100000000	0.0730096943
1551.5200000000	0.0730568459
1551.5300000000	0.0729623822
1551.5400000000	0.0727203857
1551.5500000000	0.0723002675
1551.5600000000	0.0717603587
1551.5700000000	0.0713062691
1551.5800000000	0.0711453758
1551.5900000000	0.0711887371
1551.6000000000	0.0713591475
1551.6100000000	0.0715090127
1551.6200000000	0.0717591683
1551.6300000000	0.0719670156
1551.6400000000	0.0721479631
1551.6500000000	0.0721822726
1551.6600000000	0.0722731170
1551.6700000000	0.0722895347
1551.6800000000	0.0724482390
1551.6900000000	0.0725332593
1551.7000000000	0.0729264094
1551.7100000000	0.0735312489
1551.7200000000	0.0740312256
1551.7300000000	0.0743147421
1551.7400000000	0.0745812722
1551.7500000000	0.0746746728
1551.7600000000	0.0745687599
1551.7700000000	0.0743363499
1551.7800000000	0.0738641518
1551.7900000000	0.0733231877
1551.8000000000	0.0729349165
1551.8100000000	0.0726311991
1551.8200000000	0.0724239764
1551.8300000000	0.0723410206
1551.8400000000	0.0722658167
1551.8500000000	0.0722770208
1551.8600000000	0.0724266616
1551.8700000000	0.0725040736
1551.8800000000	0.0724290953
1551.8900000000	0.0723414358
1551.9000000000	0.0723252888
1551.9100000000	0.0721565852
1551.9200000000	0.0721912111
1551.9300000000	0.0723207761
1551.9400000000	0.0725621254
1551.9500000000	0.0730301794
1551.9600000000	0.0734434553
1551.9700000000	0.0735143372
1551.9800000000	0.0735840855
1551.9900000000	0.0736371015
1552.0000000000	0.0734222307
1552.0100000000	0.0731260738
1552.0200000000	0.0727755335
1552.0300000000	0.0722223165
1552.0400000000	0.0716520791
1552.0500000000	0.0713935090
1552.0600000000	0.0712272526
1552.0700000000	0.0711287628
1552.0800000000	0.0712419118
1552.0900000000	0.0713436483
1552.1000000000	0.0713599002
1552.1100000000	0.0714211928
1552.1200000000	0.0713624282
1552.1300000000	0.0711592397
1552.1400000000	0.0710965865
1552.1500000000	0.0710851585
1552.1600000000	0.0711271185
1552.1700000000	0.0714633705
1552.1800000000	0.0717502606
1552.1900000000	0.0719713214
1552.2000000000	0.0724548652
1552.2100000000	0.0728701951
1552.2200000000	0.0730818146
1552.2300000000	0.0732000533
1552.2400000000	0.0729317230
1552.2500000000	0.0724368020
1552.2600000000	0.0721623328
1552.2700000000	0.0718577773
1552.2800000000	0.0715902828
1552.2900000000	0.0715239764
1552.3000000000	0.0715194250
1552.3100000000	0.0715570755
1552.3200000000	0.0716952392
1552.3300000000	0.0718534609
1552.3400000000	0.0719319796
1552.3500000000	0.0719620191
1552.3600000000	0.0720332383
1552.3700000000	0.0719577311
1552.3800000000	0.0717587383
1552.3900000000	0.0717509272
1552.4000000000	0.0719411161
1552.4100000000	0.0723979590
1552.4200000000	0.0729364491
1552.4300000000	0.0733950888
1552.4400000000	0.0738914404
1552.4500000000	0.0742167365
1552.4600000000	0.0742918201
1552.4700000000	0.0741988595
1552.4800000000	0.0738670957
1552.4900000000	0.0733657659
1552.5000000000	0.0728132462
1552.5100000000	0.0723891656
1552.5200000000	0.0720440608
1552.5300000000	0.0718178417
1552.5400000000	0.0717348116
1552.5500000000	0.0716480299
1552.5600000000	0.0716238638
1552.5700000000	0.0716660805
1552.5800000000	0.0716459472
1552.5900000000	0.0716024051
1552.6000000000	0.0714820392
1552.6100000000	0.0713956542
1552.6200000000	0.0714092408
1552.6300000000	0.0715823754
1552.6400000000	0.0719502199
1552.6500000000	0.0723577982
1552.6600000000	0.0728745211
1552.6700000000	0.0732457946
1552.6800000000	0.0734553819
1552.6900000000	0.0736466947
1552.7000000000	0.0736283282
1552.7100000000	0.0732545745
1552.7200000000	0.0728495835
1552.7300000000	0.0724063604
1552.7400000000	0.0718149718
1552.7500000000	0.0711836796
1552.7600000000	0.0706551155
1552.7700000000	0.0704025380
1552.7800000000	0.0702348573
1552.7900000000	0.0702032611
1552.8000000000	0.0701942889
1552.8100000000	0.0702386779
1552.8200000000	0.0703403697
1552.8300000000	0.0703464990
1552.8400000000	0.0703450060
1552.8500000000	0.0704302656
1552.8600000000	0.0704302656
1552.8700000000	0.0705189402
1552.8800000000	0.0708618615
1552.8900000000	0.0713069888
1552.9000000000	0.0716553371
1552.9100000000	0.0719677385
1552.9200000000	0.0724011357
1552.9300000000	0.0727081245
1552.9400000000	0.0727012738
1552.9500000000	0.0724778226
1552.9600000000	0.0720862943
1552.9700000000	0.0716158308
1552.9800000000	0.0711548534
1552.9900000000	0.0708083012
1553.0000000000	0.0706430689
1553.0100000000	0.0706444574
1553.0200000000	0.0707478603
1553.0300000000	0.0709049949
1553.0400000000	0.0711138617
1553.0500000000	0.0713616702
1553.0600000000	0.0714879899
1553.0700000000	0.0714807829
1553.0800000000	0.0714909984
1553.0900000000	0.0714875974
1553.1000000000	0.0716081104
1553.1100000000	0.0718870247
1553.1200000000	0.0722297117
1553.1300000000	0.0727678069
1553.1400000000	0.0732273955
1553.1500000000	0.0737952242
1553.1600000000	0.0741419419
1553.1700000000	0.0742333134
1553.1800000000	0.0740920397
1553.1900000000	0.0737971571
1553.2000000000	0.0733174990
1553.2100000000	0.0726709210
1553.2200000000	0.0721966479
1553.2300000000	0.0719396500
1553.2400000000	0.0717436258
1553.2500000000	0.0716977541
1553.2600000000	0.0716671077
1553.2700000000	0.0716452175
1553.2800000000	0.0716999431
1553.2900000000	0.0716605407
1553.3000000000	0.0714763731
1553.3100000000	0.0712495139
1553.3200000000	0.0710250427
1553.3300000000	0.0708631472
1553.3400000000	0.0708382169
1553.3500000000	0.0708977813
1553.3600000000	0.0710313575
1553.3700000000	0.0712419452
1553.3800000000	0.0714511972
1553.3900000000	0.0715329620
1553.4000000000	0.0715029164
1553.4100000000	0.0714786036
1553.4200000000	0.0713051940
1553.4300000000	0.0709582820
1553.4400000000	0.0704703075
1553.4500000000	0.0699304068
1553.4600000000	0.0695481803
1553.4700000000	0.0692779455
1553.4800000000	0.0692615018
1553.4900000000	0.0692581253
1553.5000000000	0.0693281270
1553.5100000000	0.0696117183
1553.5200000000	0.0699546936
1553.5300000000	0.0703093328
1553.5400000000	0.0705427913
1553.5500000000	0.0707016535
1553.5600000000	0.0709929606
1553.5700000000	0.0713119897
1553.5800000000	0.0716254575
1553.5900000000	0.0720851197
1553.6000000000	0.0725759085
1553.6100000000	0.0729547128
1553.6200000000	0.0733549683
1553.6300000000	0.0736975245
1553.6400000000	0.0737947540
1553.6500000000	0.0738186717
1553.6600000000	0.0737054390
1553.6700000000	0.0734012030
1553.6800000000	0.0727662691
1553.6900000000	0.0723715162
1553.7000000000	0.0720188243
1553.7100000000	0.0717745173
1553.7200000000	0.0716419340
1553.7300000000	0.0716336680
1553.7400000000	0.0717993917
1553.7500000000	0.0719015534
1553.7600000000	0.0721119178
1553.7700000000	0.0722062354
1553.7800000000	0.0722098330
1553.7900000000	0.0721951440
1553.8000000000	0.0720527025
1553.8100000000	0.0719820411
1553.8200000000	0.0720757327
1553.8300000000	0.0722711160
1553.8400000000	0.0725788237
1553.8500000000	0.0729345732
1553.8600000000	0.0731696092
1553.8700000000	0.0732906774
1553.8800000000	0.0731898850
1553.8900000000	0.0728751164
1553.9000000000	0.0723878657
1553.9100000000	0.0717101625
1553.9200000000	0.0711685081
1553.9300000000	0.0705503812
1553.9400000000	0.0700181944
1553.9500000000	0.0696277692
1553.9600000000	0.0692759945
1553.9700000000	0.0692145986
1553.9800000000	0.0691854093
1553.9900000000	0.0690019415
1554.0000000000	0.0687964463
1554.0100000000	0.0685963223
1554.0200000000	0.0684756524
1554.0300000000	0.0681920718
1554.0400000000	0.0679777565
1554.0500000000	0.0679521051
1554.0600000000	0.0682094752
1554.0700000000	0.0685872870
1554.0800000000	0.0689724540
1554.0900000000	0.0694277132
1554.1000000000	0.0699233283
1554.1100000000	0.0702157413
1554.1200000000	0.0702292792
1554.1300000000	0.0701631567
1554.1400000000	0.0699657955
1554.1500000000	0.0698306045
1554.1600000000	0.0696168427
1554.1700000000	0.0694291230
1554.1800000000	0.0694231639
1554.1900000000	0.0693825343
1554.2000000000	0.0693504640
1554.2100000000	0.0695526393
1554.2200000000	0.0698892947
1554.2300000000	0.0702400540
1554.2400000000	0.0703771763
1554.2500000000	0.0705046367
1554.2600000000	0.0707396622
1554.2700000000	0.0710403844
1554.2800000000	0.0712594125
1554.2900000000	0.0715968707
1554.3000000000	0.0720104967
1554.3100000000	0.0724397076
1554.3200000000	0.0729786333
1554.3300000000	0.0734941239
1554.3400000000	0.0737876432
1554.3500000000	0.0739497606
1554.3600000000	0.0738870921
1554.3700000000	0.0736336390
1554.3800000000	0.0731119071
1554.3900000000	0.0724449349
1554.4000000000	0.0718577293
1554.4100000000	0.0713509703
1554.4200000000	0.0709954785
1554.4300000000	0.0708359512
1554.4400000000	0.0707981344
1554.4500000000	0.0708861480
1554.4600000000	0.0710816557
1554.4700000000	0.0711326065
1554.4800000000	0.0712584164
1554.4900000000	0.0714657066
1554.5000000000	0.0716911870
1554.5100000000	0.0717275675
1554.5200000000	0.0718272756
1554.5300000000	0.0721042637
1554.5400000000	0.0724563918
1554.5500000000	0.0729677286
1554.5600000000	0.0735936325
1554.5700000000	0.0740339276
1554.5800000000	0.0742671240
1554.5900000000	0.0743068928
1554.6000000000	0.0741102178
1554.6100000000	0.0736755804
1554.6200000000	0.0730704880
1554.6300000000	0.0723332331
1554.6400000000	0.0715815820
1554.6500000000	0.0709991013
1554.6600000000	0.0705564631
1554.6700000000	0.0702685211
1554.6800000000	0.0701799872
1554.6900000000	0.0700921285
1554.7000000000	0.0699785123
1554.7100000000	0.0699892844
1554.7200000000	0.0699321242
1554.7300000000	0.0698581862
1554.7400000000	0.0698485326
1554.7500000000	0.0698124800
1554.7600000000	0.0697976232
1554.7700000000	0.0699639788
1554.7800000000	0.0704430401
1554.7900000000	0.0709348151
1554.8000000000	0.0714029566
1554.8100000000	0.0719554604
1554.8200000000	0.0723595746
1554.8300000000	0.0726044893
1554.8400000000	0.0726433263
1554.8500000000	0.0724291337
1554.8600000000	0.0720779500
1554.8700000000	0.0716147859
1554.8800000000	0.0710745667
1554.8900000000	0.0708154328
1554.9000000000	0.0707014446
1554.9100000000	0.0705160812
1554.9200000000	0.0705160754
1554.9300000000	0.0706376479
1554.9400000000	0.0707430414
1554.9500000000	0.0708070470
1554.9600000000	0.0708407772
1554.9700000000	0.0708745075
1554.9800000000	0.0709221588
1554.9900000000	0.0710303163
1555.0000000000	0.0712329733
1555.0100000000	0.0714823894
1555.0200000000	0.0717310418
1555.0300000000	0.0720804181
1555.0400000000	0.0725827231
1555.0500000000	0.0730133032
1555.0600000000	0.0733039469
1555.0700000000	0.0732090076
1555.0800000000	0.0729567125
1555.0900000000	0.0726143709
1555.1000000000	0.0720005143
1555.1100000000	0.0712972350
1555.1200000000	0.0706933185
1555.1300000000	0.0700465448
1555.1400000000	0.0696013971
1555.1500000000	0.0692539180
1555.1600000000	0.0689437200
1555.1700000000	0.0688820714
1555.1800000000	0.0688927976
1555.1900000000	0.0688209423
1555.2000000000	0.0687626250
1555.2100000000	0.0687497813
1555.2200000000	0.0687497813
1555.2300000000	0.0687699147
1555.2400000000	0.0688809953
1555.2500000000	0.0690906672
1555.2600000000	0.0694035343
1555.2700000000	0.0698574772
1555.2800000000	0.0703744960
1555.2900000000	0.0707913607
1555.3000000000	0.0711128642
1555.3100000000	0.0713050051
1555.3200000000	0.0711543977
1555.3300000000	0.0708105733
1555.3400000000	0.0704822452
1555.3500000000	0.0701486946
1555.3600000000	0.0698552067
1555.3700000000	0.0696838761
1555.3800000000	0.0697604047
1555.3900000000	0.0700560820
1555.4000000000	0.0703180474
1555.4100000000	0.0705757691
1555.4200000000	0.0708398266
1555.4300000000	0.0710242448
1555.4400000000	0.0711215398
1555.4500000000	0.0711942640
1555.4600000000	0.0712413100
1555.4700000000	0.0713214477
1555.4800000000	0.0715288041
1555.4900000000	0.0718206313
1555.5000000000	0.0721802221
1555.5100000000	0.0726208622
1555.5200000000	0.0730417655
1555.5300000000	0.0733455055
1555.5400000000	0.0735285803
1555.5500000000	0.0735059487
1555.5600000000	0.0732976808
1555.5700000000	0.0730309076
1555.5800000000	0.0725541970
1555.5900000000	0.0719850772
1555.6000000000	0.0715545692
1555.6100000000	0.0712493876
1555.6200000000	0.0710046107
1555.6300000000	0.0709506571
1555.6400000000	0.0709436618
1555.6500000000	0.0708527221
1555.6600000000	0.0709911719
1555.6700000000	0.0710380991
1555.6800000000	0.0708782575
1555.6900000000	0.0707722000
1555.7000000000	0.0707017986
1555.7100000000	0.0706299973
1555.7200000000	0.0706859758
1555.7300000000	0.0709763527
1555.7400000000	0.0714321198
1555.7500000000	0.0718591446
1555.7600000000	0.0721318159
1555.7700000000	0.0723333840
1555.7800000000	0.0725193893
1555.7900000000	0.0725952114
1555.8000000000	0.0723263590
1555.8100000000	0.0717773982
1555.8200000000	0.0712639601
1555.8300000000	0.0707354478
1555.8400000000	0.0702332548
1555.8500000000	0.0698679373
1555.8600000000	0.0696490730
1555.8700000000	0.0696392756
1555.8800000000	0.0697281714
1555.8900000000	0.0698202431
1555.9000000000	0.0699466498
1555.9100000000	0.0701309567
1555.9200000000	0.0702760763
1555.9300000000	0.0703878077
1555.9400000000	0.0704755054
1555.9500000000	0.0705933134
1555.9600000000	0.0708297144
1555.9700000000	0.0711864879
1555.9800000000	0.0716232860
1555.9900000000	0.0721030474
1556.0000000000	0.0725503379
1556.0100000000	0.0728027251
1556.0200000000	0.0729014937
1556.0300000000	0.0728238363
1556.0400000000	0.0724757336
1556.0500000000	0.0718989270
1556.0600000000	0.0712172260
1556.0700000000	0.0705768316
1556.0800000000	0.0700344838
1556.0900000000	0.0695339071
1556.1000000000	0.0692431975
1556.1100000000	0.0691108973
1556.1200000000	0.0690572662
1556.1300000000	0.0691395049
1556.1400000000	0.0692035407
1556.1500000000	0.0691788446
1556.1600000000	0.0692238255
1556.1700000000	0.0692686101
1556.1800000000	0.0692307820
1556.1900000000	0.0692969413
1556.2000000000	0.0695880384
1556.2100000000	0.0699853204
1556.2200000000	0.0705126171
1556.2300000000	0.0711045601
1556.2400000000	0.0716566679
1556.2500000000	0.0721067863
1556.2600000000	0.0723421142
1556.2700000000	0.0723544474
1556.2800000000	0.0721857105
1556.2900000000	0.0718688095
1556.3000000000	0.0715046594
1556.3100000000	0.0711241943
1556.3200000000	0.0708013587
1556.3300000000	0.0706363858
1556.3400000000	0.0705732818
1556.3500000000	0.0706419063
1556.3600000000	0.0707661516
1556.3700000000	0.0708311590
1556.3800000000	0.0708950829
1556.3900000000	0.0708804237
1556.4000000000	0.0708297144
1556.4100000000	0.0707728040
1556.4200000000	0.0707675478
1556.4300000000	0.0708555653
1556.4400000000	0.0710449534
1556.4500000000	0.0713157781
1556.4600000000	0.0717028564
1556.4700000000	0.0721521216
1556.4800000000	0.0724991605
1556.4900000000	0.0726744312
1556.5000000000	0.0726570019
1556.5100000000	0.0724054707
1556.5200000000	0.0719012372
1556.5300000000	0.0712898342
1556.5400000000	0.0706694422
1556.5500000000	0.0700356141
1556.5600000000	0.0694284492
1556.5700000000	0.0689143789
1556.5800000000	0.0686036859
1556.5900000000	0.0684678205
1556.6000000000	0.0683111837
1556.6100000000	0.0682849641
1556.6200000000	0.0682849641
1556.6300000000	0.0682972432
1556.6400000000	0.0683564722
1556.6500000000	0.0683492491
1556.6600000000	0.0683820108
1556.6700000000	0.0686576206
1556.6800000000	0.0689256368
1556.6900000000	0.0693384477
1556.7000000000	0.0698399316
1556.7100000000	0.0704778163
1556.7200000000	0.0710932580
1556.7300000000	0.0715029237
1556.7400000000	0.0717262114
1556.7500000000	0.0717663074
1556.7600000000	0.0716027513
1556.7700000000	0.0712027163
1556.7800000000	0.0706731171
1556.7900000000	0.0702092331
1556.8000000000	0.0698885230
1556.8100000000	0.0697866781
1556.8200000000	0.0698249101
1556.8300000000	0.0699118173
1556.8400000000	0.0699654483
1556.8500000000	0.0700646210
1556.8600000000	0.0703032172
1556.8700000000	0.0705244345
1556.8800000000	0.0706334765
1556.8900000000	0.0705651499
1556.9000000000	0.0704766397
1556.9100000000	0.0706065121
1556.9200000000	0.0709451429
1556.9300000000	0.0712212178
1556.9400000000	0.0715523988
1556.9500000000	0.0720713522
1556.9600000000	0.0725690052
1556.9700000000	0.0728127260
1556.9800000000	0.0727346508
1556.9900000000	0.0726181977
1557.0000000000	0.0723830816
1557.0100000000	0.0718528895
1557.0200000000	0.0712389079
1557.0300000000	0.0707062951
1557.0400000000	0.0703547848
1557.0500000000	0.0702318306
1557.0600000000	0.0702674254
1557.0700000000	0.0703335194
1557.0800000000	0.0704819934
1557.0900000000	0.0706363918
1557.1000000000	0.0706932788
1557.1100000000	0.0707493935
1557.1200000000	0.0708496385
1557.1300000000	0.0709180195
1557.1400000000	0.0708638415
1557.1500000000	0.0709208863
1557.1600000000	0.0712076709
1557.1700000000	0.0716514762
1557.1800000000	0.0719575211
1557.1900000000	0.0724279520
1557.2000000000	0.0726899239
1557.2100000000	0.0727320500
1557.2200000000	0.0727565866
1557.2300000000	0.0725087337
1557.2400000000	0.0719840660
1557.2500000000	0.0712790674
1557.2600000000	0.0705852074
1557.2700000000	0.0700727178
1557.2800000000	0.0696988787
1557.2900000000	0.0693611903
1557.3000000000	0.0691257480
1557.3100000000	0.0690715679
1557.3200000000	0.0691084054
1557.3300000000	0.0690867362
1557.3400000000	0.0689982897
1557.3500000000	0.0690174260
1557.3600000000	0.0690392517
1557.3700000000	0.0690439862
1557.3800000000	0.0691595832
1557.3900000000	0.0692966627
1557.4000000000	0.0694328686
1557.4100000000	0.0696271488
1557.4200000000	0.0700208349
1557.4300000000	0.0704807663
1557.4400000000	0.0709206246
1557.4500000000	0.0711708091
1557.4600000000	0.0712244681
1557.4700000000	0.0710971039
1557.4800000000	0.0708217832
1557.4900000000	0.0703240721
1557.5000000000	0.0699274786
1557.5100000000	0.0695194490
1557.5200000000	0.0691039078
1557.5300000000	0.0687790629
1557.5400000000	0.0687297077
1557.5500000000	0.0689069576
1557.5600000000	0.0691717569
1557.5700000000	0.0694549650
1557.5800000000	0.0696901343
1557.5900000000	0.0698199041
1557.6000000000	0.0699091086
1557.6100000000	0.0700694672
1557.6200000000	0.0702493713
1557.6300000000	0.0704210717
1557.6400000000	0.0706693130
1557.6500000000	0.0710552939
1557.6600000000	0.0715709914
1557.6700000000	0.0720660615
1557.6800000000	0.0724780282
1557.6900000000	0.0727744886
1557.7000000000	0.0729899227
1557.7100000000	0.0730046423
1557.7200000000	0.0726142222
1557.7300000000	0.0722241633
1557.7400000000	0.0717185357
1557.7500000000	0.0712430511
1557.7600000000	0.0709020863
1557.7700000000	0.0707265281
1557.7800000000	0.0708079324
1557.7900000000	0.0709820269
1557.8000000000	0.0711766136
1557.8100000000	0.0713569207
1557.8200000000	0.0715007345
1557.8300000000	0.0716277196
1557.8400000000	0.0716292851
1557.8500000000	0.0715944193
1557.8600000000	0.0716048831
1557.8700000000	0.0716905512
1557.8800000000	0.0718257795
1557.8900000000	0.0719744654
1557.9000000000	0.0721069461
1557.9100000000	0.0722908839
1557.9200000000	0.0724224319
1557.9300000000	0.0723563206
1557.9400000000	0.0721680378
1557.9500000000	0.0718561355
1557.9600000000	0.0713273941
1557.9700000000	0.0706527449
1557.9800000000	0.0698711850
1557.9900000000	0.0692306486
1558.0000000000	0.0689311024
1558.0100000000	0.0686284197
1558.0200000000	0.0684283489
1558.0300000000	0.0683704789
1558.0400000000	0.0685330078
1558.0500000000	0.0686944821
1558.0600000000	0.0689388724
1558.0700000000	0.0691591347
1558.0800000000	0.0693627226
1558.0900000000	0.0695459687
1558.1000000000	0.0698133957
1558.1100000000	0.0702439037
1558.1200000000	0.0707820998
1558.1300000000	0.0713924111
1558.1400000000	0.0719652629
1558.1500000000	0.0724901809
1558.1600000000	0.0730481027
1558.1700000000	0.0734385596
1558.1800000000	0.0735127796
1558.1900000000	0.0734569820
1558.2000000000	0.0733197588
1558.2100000000	0.0729189668
1558.2200000000	0.0724040960
1558.2300000000	0.0718507182
1558.2400000000	0.0713552052
1558.2500000000	0.0710839775
1558.2600000000	0.0707618178
1558.2700000000	0.0706448045
1558.2800000000	0.0706834189
1558.2900000000	0.0708338408
1558.3000000000	0.0707100464
1558.3100000000	0.0706881658
1558.3200000000	0.0706965338
1558.3300000000	0.0706571070
1558.3400000000	0.0706949339
1558.3500000000	0.0707906527
1558.3600000000	0.0709830438
1558.3700000000	0.0712547620
1558.3800000000	0.0716101844
1558.3900000000	0.0719820411
1558.4000000000	0.0723324454
1558.4100000000	0.0725326769
1558.4200000000	0.0724774276
1558.4300000000	0.0722088327
1558.4400000000	0.0718237013
1558.4500000000	0.0712966391
1558.4600000000	0.0707823168
1558.4700000000	0.0701761660
1558.4800000000	0.0696679583
1558.4900000000	0.0694194034
1558.5000000000	0.0693576148
1558.5100000000	0.0693723588
1558.5200000000	0.0695338332
1558.5300000000	0.0697785689
1558.5400000000	0.0699231272
1558.5500000000	0.0699158305
1558.5600000000	0.0700329870
1558.5700000000	0.0701526244
1558.5800000000	0.0701799872
1558.5900000000	0.0702134346
1558.6000000000	0.0703426105
1558.6100000000	0.0706782440
1558.6200000000	0.0711341957
1558.6300000000	0.0714030882
1558.6400000000	0.0715976724
1558.6500000000	0.0717192253
1558.6600000000	0.0716044649
1558.6700000000	0.0711854561
1558.6800000000	0.0706054311
1558.6900000000	0.0699524455
1558.7000000000	0.0692966148
1558.7100000000	0.0687318970
1558.7200000000	0.0682438572
1558.7300000000	0.0678687129
1558.7400000000	0.0676555287
1558.7500000000	0.0675049412
1558.7600000000	0.0674182429
1558.7700000000	0.0674348215
1558.7800000000	0.0676119174
1558.7900000000	0.0676242000
1558.8000000000	0.0675745512
1558.8100000000	0.0678269401
1558.8200000000	0.0680715111
1558.8300000000	0.0683280149
1558.8400000000	0.0687649381
1558.8500000000	0.0692145872
1558.8600000000	0.0697774555
1558.8700000000	0.0704991432
1558.8800000000	0.0710820515
1558.8900000000	0.0714558769
1558.9000000000	0.0717828238
1558.9100000000	0.0718744927
1558.9200000000	0.0716647036
1558.9300000000	0.0712673548
1558.9400000000	0.0707651595
1558.9500000000	0.0703784222
1558.9600000000	0.0701290061
1558.9700000000	0.0698195669
1558.9800000000	0.0695481874
1558.9900000000	0.0696777031
1559.0000000000	0.0699735436
1559.0100000000	0.0701421976
1559.0200000000	0.0703164080
1559.0300000000	0.0705253730
1559.0400000000	0.0707163126
1559.0500000000	0.0707377651
1559.0600000000	0.0708950829
1559.0700000000	0.0709326446
1559.0800000000	0.0712468616
1559.0900000000	0.0716838681
1559.1000000000	0.0719493061
1559.1100000000	0.0722950666
1559.1200000000	0.0727260500
1559.1300000000	0.0731119071
1559.1400000000	0.0731011064
1559.1500000000	0.0729545106
1559.1600000000	0.0725174759
1559.1700000000	0.0719463635
1559.1800000000	0.0713090352
1559.1900000000	0.0706484093
1559.2000000000	0.0701702292
1559.2100000000	0.0698625200
1559.2200000000	0.0697151700
1559.2300000000	0.0697491884
1559.2400000000	0.0698824851
1559.2500000000	0.0700614997
1559.2600000000	0.0702279998
1559.2700000000	0.0704073291
1559.2800000000	0.0705017737
1559.2900000000	0.0704936785
1559.3000000000	0.0704847645
1559.3100000000	0.0705732818
1559.3200000000	0.0705906195
1559.3300000000	0.0707358148
1559.3400000000	0.0710405797
1559.3500000000	0.0712590100
1559.3600000000	0.0714839901
1559.3700000000	0.0715595690
1559.3800000000	0.0714529337
1559.3900000000	0.0713142567
1559.4000000000	0.0709446852
1559.4100000000	0.0703207169
1559.4200000000	0.0697059499
1559.4300000000	0.0691611392
1559.4400000000	0.0686698554
1559.4500000000	0.0683801902
1559.4600000000	0.0683210757
1559.4700000000	0.0682371655
1559.4800000000	0.0682260869
1559.4900000000	0.0683280149
1559.5000000000	0.0685309945
1559.5100000000	0.0686674701
1559.5200000000	0.0687562511
1559.5300000000	0.0689013104
1559.5400000000	0.0690644199
1559.5500000000	0.0692066147
1559.5600000000	0.0694023092
1559.5700000000	0.0697620333
1559.5800000000	0.0702791083
1559.5900000000	0.0707361767
1559.6000000000	0.0711377925
1559.6100000000	0.0715971916
1559.6200000000	0.0718933363
1559.6300000000	0.0718344686
1559.6400000000	0.0715419339
1559.6500000000	0.0712049643
1559.6600000000	0.0707528021
1559.6700000000	0.0701419218
1559.6800000000	0.0694537245
1559.6900000000	0.0689823749
1559.7000000000	0.0687318989
1559.7100000000	0.0685137900
1559.7200000000	0.0682921149
1559.7300000000	0.0683064165
1559.7400000000	0.0683633341
1559.7500000000	0.0682466759
1559.7600000000	0.0681267649
1559.7700000000	0.0681061792
1559.7800000000	0.0681684897
1559.7900000000	0.0682052776
1559.8000000000	0.0682066364
1559.8100000000	0.0684568632
1559.8200000000	0.0688494802
1559.8300000000	0.0692027853
1559.8400000000	0.0695700391
1559.8500000000	0.0698918603
1559.8600000000	0.0701980413
1559.8700000000	0.0702529232
1559.8800000000	0.0700033670
1559.8900000000	0.0695950218
1559.9000000000	0.0692655186
1559.9100000000	0.0687096439
1559.9200000000	0.0681470937
1559.9300000000	0.0678580865
1559.9400000000	0.0677670578
1559.9500000000	0.0678614298
1559.9600000000	0.0680670779
1559.9700000000	0.0683371054
1559.9800000000	0.0685547504
1559.9900000000	0.0688339085
1560.0000000000	0.0690046617
1560.0100000000	0.0691753300
1560.0200000000	0.0694319550
1560.0300000000	0.0696443602
1560.0400000000	0.0698684522
1560.0500000000	0.0701728973
1560.0600000000	0.0706166771
1560.0700000000	0.0710610395
1560.0800000000	0.0713983557
1560.0900000000	0.0716924949
1560.1000000000	0.0717497381
1560.1100000000	0.0717124497
1560.1200000000	0.0716137321
1560.1300000000	0.0711403685
1560.1400000000	0.0704631585
1560.1500000000	0.0698238614
1560.1600000000	0.0692517820
1560.1700000000	0.0686882835
1560.1800000000	0.0682652620
1560.1900000000	0.0679420857
1560.2000000000	0.0677030848
1560.2100000000	0.0676614736
1560.2200000000	0.0677568211
1560.2300000000	0.0678231263
1560.2400000000	0.0679826987
1560.2500000000	0.0681183430
1560.2600000000	0.0682215560
1560.2700000000	0.0685129932
1560.2800000000	0.0688978537
1560.2900000000	0.0693065293
1560.3000000000	0.0697294634
1560.3100000000	0.0701166129
1560.3200000000	0.0705697827
1560.3300000000	0.0709899610
1560.3400000000	0.0712773908
1560.3500000000	0.0714068912
1560.3600000000	0.0713180747
1560.3700000000	0.0711072572
1560.3800000000	0.0706321800
1560.3900000000	0.0700207356
1560.4000000000	0.0695130326
1560.4100000000	0.0690538751
1560.4200000000	0.0686872081
1560.4300000000	0.0684994884
1560.4400000000	0.0685401985
1560.4500000000	0.0687168201
1560.4600000000	0.0689154175
1560.4700000000	0.0691938271
1560.4800000000	0.0694022113
1560.4900000000	0.0695421519
1560.5000000000	0.0696559443
1560.5100000000	0.0696818871
1560.5200000000	0.0697587820
1560.5300000000	0.0700405031
1560.5400000000	0.0703122772
1560.5500000000	0.0706252944
1560.5600000000	0.0709590136
1560.5700000000	0.0711757126
1560.5800000000	0.0712715666
1560.5900000000	0.0710628600
1560.6000000000	0.0705347803
1560.6100000000	0.0698626076
1560.6200000000	0.0691908679
1560.6300000000	0.0684215025
1560.6400000000	0.0675933461
1560.6500000000	0.0669582360
1560.6600000000	0.0664404151
1560.6700000000	0.0662996383
1560.6800000000	0.0661754020
1560.6900000000	0.0662042965
1560.7000000000	0.0663971640
1560.7100000000	0.0666495180
1560.7200000000	0.0669067641
1560.7300000000	0.0672019328
1560.7400000000	0.0674906052
1560.7500000000	0.0676483608
1560.7600000000	0.0678766613
1560.7700000000	0.0682573626
1560.7800000000	0.0687698853
1560.7900000000	0.0692439732
1560.8000000000	0.0696536654
1560.8100000000	0.0700111213
1560.8200000000	0.0702818321
1560.8300000000	0.0703945116
1560.8400000000	0.0702336110
1560.8500000000	0.0698332592
1560.8600000000	0.0693501733
1560.8700000000	0.0688815535
1560.8800000000	0.0684232067
1560.8900000000	0.0680291705
1560.9000000000	0.0678431807
1560.9100000000	0.0677738721
1560.9200000000	0.0677205862
1560.9300000000	0.0678709736
1560.9400000000	0.0680371491
1560.9500000000	0.0682076668
1560.9600000000	0.0683922262
1560.9700000000	0.0684225630
1560.9800000000	0.0685204352
1560.9900000000	0.0686476168
1561.0000000000	0.0688796634
1561.0100000000	0.0690496776
1561.0200000000	0.0692503436
1561.0300000000	0.0695812741
1561.0400000000	0.0700491352
1561.0500000000	0.0705029352
1561.0600000000	0.0708840249
1561.0700000000	0.0709942031
1561.0800000000	0.0708370268
1561.0900000000	0.0706033778
1561.1000000000	0.0702720189
1561.1100000000	0.0698152006
1561.1200000000	0.0691648919
1561.1300000000	0.0684947993
1561.1400000000	0.0680825807
1561.1500000000	0.0678272897
1561.1600000000	0.0676777906
1561.1700000000	0.0675792983
1561.1800000000	0.0675258489
1561.1900000000	0.0675950920
1561.2000000000	0.0676890389
1561.2100000000	0.0677619543
1561.2200000000	0.0676703900
1561.2300000000	0.0675801199
1561.2400000000	0.0676056079
1561.2500000000	0.0676749961
1561.2600000000	0.0678851542
1561.2700000000	0.0681179786
1561.2800000000	0.0686691424
1561.2900000000	0.0691817838
1561.3000000000	0.0695843083
1561.3100000000	0.0699448127
1561.3200000000	0.0701956296
1561.3300000000	0.0701814770
1561.3400000000	0.0699253234
1561.3500000000	0.0694522436
1561.3600000000	0.0689871951
1561.3700000000	0.0685558349
1561.3800000000	0.0682226522
1561.3900000000	0.0680498932
1561.4000000000	0.0680718273
1561.4100000000	0.0682304406
1561.4200000000	0.0684397826
1561.4300000000	0.0687261619
1561.4400000000	0.0689830340
1561.4500000000	0.0691542117
1561.4600000000	0.0693523569
1561.4700000000	0.0694882266
1561.4800000000	0.0697177136
1561.4900000000	0.0699618000
1561.5000000000	0.0701792624
1561.5100000000	0.0704164644
1561.5200000000	0.0707676473
1561.5300000000	0.0712083879
1561.5400000000	0.0714423534
1561.5500000000	0.0715409822
1561.5600000000	0.0716217267
1561.5700000000	0.0713264602
1561.5800000000	0.0708702497
1561.5900000000	0.0703034987
1561.6000000000	0.0696279651
1561.6100000000	0.0690491820
1561.6200000000	0.0686555115
1561.6300000000	0.0683532218
1561.6400000000	0.0681567457
1561.6500000000	0.0681766039
1561.6600000000	0.0682842440
1561.6700000000	0.0683434082
1561.6800000000	0.0685501689
1561.6900000000	0.0689240328
1561.7000000000	0.0692789491
1561.7100000000	0.0695680601
1561.7200000000	0.0698392972
1561.7300000000	0.0701091447
1561.7400000000	0.0704779425
1561.7500000000	0.0710789187
1561.7600000000	0.0716817012
1561.7700000000	0.0721519312
1561.7800000000	0.0726542406
1561.7900000000	0.0730067386
1561.8000000000	0.0731476612
1561.8100000000	0.0731027933
1561.8200000000	0.0728732991
1561.8300000000	0.0723765976
1561.8400000000	0.0717236753
1561.8500000000	0.0709681525
1561.8600000000	0.0702994109
1561.8700000000	0.0699056223
1561.8800000000	0.0695813494
1561.8900000000	0.0692676905
1561.9000000000	0.0692031509
1561.9100000000	0.0692094909
1561.9200000000	0.0691369424
1561.9300000000	0.0690857965
1561.9400000000	0.0690283798
1561.9500000000	0.0688583927
1561.9600000000	0.0687681691
1561.9700000000	0.0688189059
1561.9800000000	0.0688420609
1561.9900000000	0.0689160551
1562.0000000000	0.0691458313
1562.0100000000	0.0693194309
1562.0200000000	0.0694857672
1562.0300000000	0.0697564530
1562.0400000000	0.0698016364
1562.0500000000	0.0695577734
1562.0600000000	0.0691287837
1562.0700000000	0.0685179006
1562.0800000000	0.0677992557
1562.0900000000	0.0671747794
1562.1000000000	0.0664905584
1562.1100000000	0.0657276845
1562.1200000000	0.0655660140
1562.1300000000	0.0656437402
1562.1400000000	0.0657411784
1562.1500000000	0.0660226606
1562.1600000000	0.0663420313
1562.1700000000	0.0667211999
1562.1800000000	0.0671209666
1562.1900000000	0.0673618236
1562.2000000000	0.0675857445
1562.2100000000	0.0678342254
1562.2200000000	0.0680073298
1562.2300000000	0.0683326292
1562.2400000000	0.0688914475
1562.2500000000	0.0694136070
1562.2600000000	0.0697481645
1562.2700000000	0.0700465873
1562.2800000000	0.0702872494
1562.2900000000	0.0702403835
1562.3000000000	0.0700159247
1562.3100000000	0.0695735775
1562.3200000000	0.0689444391
1562.3300000000	0.0683432398
1562.3400000000	0.0676623166
1562.3500000000	0.0670269578
1562.3600000000	0.0666196336
1562.3700000000	0.0664515984
1562.3800000000	0.0664363843
1562.3900000000	0.0665216664
1562.4000000000	0.0666959204
1562.4100000000	0.0668464702
1562.4200000000	0.0670821835
1562.4300000000	0.0672657528
1562.4400000000	0.0673531980
1562.4500000000	0.0675117978
1562.4600000000	0.0677054428
1562.4700000000	0.0679491418
1562.4800000000	0.0683375353
1562.4900000000	0.0687602887
1562.5000000000	0.0690660728
1562.5100000000	0.0693953927
1562.5200000000	0.0696580198
1562.5300000000	0.0697634042
1562.5400000000	0.0696443470
1562.5500000000	0.0694132304
1562.5600000000	0.0689764600
1562.5700000000	0.0683221463
1562.5800000000	0.0678073987
1562.5900000000	0.0672108948
1562.6000000000	0.0666770249
1562.6100000000	0.0663649465
1562.6200000000	0.0660973268
1562.6300000000	0.0659875991
1562.6400000000	0.0659091484
1562.6500000000	0.0660396127
1562.6600000000	0.0660588289
1562.6700000000	0.0660429661
1562.6800000000	0.0660681399
1562.6900000000	0.0661053533
1562.7000000000	0.0662016703
1562.7100000000	0.0663978773
1562.7200000000	0.0668092442
1562.7300000000	0.0672570875
1562.7400000000	0.0677833115
1562.7500000000	0.0683741695
1562.7600000000	0.0689243510
1562.7700000000	0.0693714209
1562.7800000000	0.0696235192
1562.7900000000	0.0696119508
1562.8000000000	0.0693266241
1562.8100000000	0.0690732544
1562.8200000000	0.0687858801
1562.8300000000	0.0685612454
1562.8400000000	0.0682527832
1562.8500000000	0.0680704252
1562.8600000000	0.0681100756
1562.8700000000	0.0683732976
1562.8800000000	0.0687147157
1562.8900000000	0.0689912981
1562.9000000000	0.0692507175
1562.9100000000	0.0696371828
1562.9200000000	0.0698908646
1562.9300000000	0.0700643463
1562.9400000000	0.0702112720
1562.9500000000	0.0704430145
1562.9600000000	0.0706798435
1562.9700000000	0.0709754458
1562.9800000000	0.0713799271
1562.9900000000	0.0716659694
1563.0000000000	0.0719511003
1563.0100000000	0.0721576023
1563.0200000000	0.0721170696
1563.0300000000	0.0718503524
1563.0400000000	0.0713820418
1563.0500000000	0.0707142863
1563.0600000000	0.0701023465
1563.0700000000	0.0694581300
1563.0800000000	0.0688512546
1563.0900000000	0.0682723656
1563.1000000000	0.0677915315
1563.1100000000	0.0674934383
1563.1200000000	0.0673340215
1563.1300000000	0.0672867267
1563.1400000000	0.0673170464
1563.1500000000	0.0674203369
1563.1600000000	0.0675612729
1563.1700000000	0.0676038021
1563.1800000000	0.0676395743
1563.1900000000	0.0677464125
1563.2000000000	0.0678835824
1563.2100000000	0.0683405383
1563.2200000000	0.0687330103
1563.2300000000	0.0690170554
1563.2400000000	0.0693710669
1563.2500000000	0.0697006447
1563.2600000000	0.0698546108
1563.2700000000	0.0696509553
1563.2800000000	0.0693328023
1563.2900000000	0.0688555803
1563.3000000000	0.0681879599
1563.3100000000	0.0675739363
1563.3200000000	0.0669494183
1563.3300000000	0.0664270677
1563.3400000000	0.0660368532
1563.3500000000	0.0658052278
1563.3600000000	0.0656699709
1563.3700000000	0.0656117353
1563.3800000000	0.0658185549
1563.3900000000	0.0658539551
1563.4000000000	0.0658893696
1563.4100000000	0.0659955697
1563.4200000000	0.0662069081
1563.4300000000	0.0663527421
1563.4400000000	0.0666044652
1563.4500000000	0.0669728552
1563.4600000000	0.0675128713
1563.4700000000	0.0680026817
1563.4800000000	0.0685496981
1563.4900000000	0.0689544190
1563.5000000000	0.0692583791
1563.5100000000	0.0694025729
1563.5200000000	0.0693406192
1563.5300000000	0.0689781082
1563.5400000000	0.0685815124
1563.5500000000	0.0681451278
1563.5600000000	0.0676919840
1563.5700000000	0.0674155069
1563.5800000000	0.0672122987
1563.5900000000	0.0672217432
1563.6000000000	0.0672919032
1563.6100000000	0.0673957617
1563.6200000000	0.0676296667
1563.6300000000	0.0680370999
1563.6400000000	0.0684286870
1563.6500000000	0.0687891095
1563.6600000000	0.0690145738
1563.6700000000	0.0692610774
1563.6800000000	0.0694791786
1563.6900000000	0.0696599443
1563.7000000000	0.0700294481
1563.7100000000	0.0704948405
1563.7200000000	0.0708394236
1563.7300000000	0.0710693982
1563.7400000000	0.0712165115
1563.7500000000	0.0711663852
1563.7600000000	0.0708533686
1563.7700000000	0.0703193157
1563.7800000000	0.0696826950
1563.7900000000	0.0689918338
1563.8000000000	0.0683196537
1563.8100000000	0.0677042990
1563.8200000000	0.0672271668
1563.8300000000	0.0668837841
1563.8400000000	0.0666402193
1563.8500000000	0.0666494233
1563.8600000000	0.0667199783
1563.8700000000	0.0667832355
1563.8800000000	0.0667852598
1563.8900000000	0.0668527340
1563.9000000000	0.0671165049
1563.9100000000	0.0672671448
1563.9200000000	0.0673461236
1563.9300000000	0.0675419657
1563.9400000000	0.0677854527
1563.9500000000	0.0680968832
1563.9600000000	0.0685377183
1563.9700000000	0.0689678434
1563.9800000000	0.0693331864
1563.9900000000	0.0696053394
1564.0000000000	0.0697729836
1564.0100000000	0.0697866781
1564.0200000000	0.0695661802
1564.0300000000	0.0693795039
1564.0400000000	0.0687815613
1564.0500000000	0.0683998862
1564.0600000000	0.0681354326
1564.0700000000	0.0678407304
1564.0800000000	0.0677486241
1564.0900000000	0.0677601834
1564.1000000000	0.0678262250
1564.1100000000	0.0678968117
1564.1200000000	0.0681287443
1564.1300000000	0.0682849641
1564.1400000000	0.0682897771
1564.1500000000	0.0683534365
1564.1600000000	0.0682522457
1564.1700000000	0.0683482998
1564.1800000000	0.0685131090
1564.1900000000	0.0687466549
1564.2000000000	0.0689957693
1564.2100000000	0.0693962269
1564.2200000000	0.0698252901
1564.2300000000	0.0700426205
1564.2400000000	0.0700727105
1564.2500000000	0.0700164760
1564.2600000000	0.0698371544
1564.2700000000	0.0694539352
1564.2800000000	0.0688532424
1564.2900000000	0.0682330513
1564.3000000000	0.0677277047
1564.3100000000	0.0674268376
1564.3200000000	0.0671790228
1564.3300000000	0.0671765447
1564.3400000000	0.0672459288
1564.3500000000	0.0675255184
1564.3600000000	0.0677092586
1564.3700000000	0.0679274090
1564.3800000000	0.0680714872
1564.3900000000	0.0681776874
1564.4000000000	0.0684183536
1564.4100000000	0.0686260028
1564.4200000000	0.0688304816
1564.4300000000	0.0690684437
1564.4400000000	0.0693134455
1564.4500000000	0.0697640193
1564.4600000000	0.0701421270
1564.4700000000	0.0704115036
1564.4800000000	0.0705223594
1564.4900000000	0.0704519347
1564.5000000000	0.0702858048
1564.5100000000	0.0698968615
1564.5200000000	0.0692828587
1564.5300000000	0.0687191246
1564.5400000000	0.0682076649
1564.5500000000	0.0676882905
1564.5600000000	0.0673938040
1564.5700000000	0.0672041375
1564.5800000000	0.0670994500
1564.5900000000	0.0671100421
1564.6000000000	0.0673249810
1564.6100000000	0.0675126474
1564.6200000000	0.0676056079
1564.6300000000	0.0677775192
1564.6400000000	0.0679068233
1564.6500000000	0.0680108351
1564.6600000000	0.0682180016
1564.6700000000	0.0683925700
1564.6800000000	0.0685995334
1564.6900000000	0.0689772470
1564.7000000000	0.0693385229
1564.7100000000	0.0695450640
1564.7200000000	0.0697172731
1564.7300000000	0.0698224321
1564.7400000000	0.0695447166
1564.7500000000	0.0691586526
1564.7600000000	0.0686625275
1564.7700000000	0.0680307778
1564.7800000000	0.0673875089
1564.7900000000	0.0667377315
1564.8000000000	0.0660812743
1564.8100000000	0.0656080177
1564.8200000000	0.0653865721
1564.8300000000	0.0651757648
1564.8400000000	0.0652134006
1564.8500000000	0.0652615745
1564.8600000000	0.0653738282
1564.8700000000	0.0654974764
1564.8800000000	0.0656741296
1564.8900000000	0.0658305935
1564.9000000000	0.0659435317
1564.9100000000	0.0662862781
1564.9200000000	0.0667671487
1564.9300000000	0.0672982554
1564.9400000000	0.0678065994
1564.9500000000	0.0683207202
1564.9600000000	0.0687868846
1564.9700000000	0.0691565686
1564.9800000000	0.0694938847
1564.9900000000	0.0693985758
1565.0000000000	0.0691531888
1565.0100000000	0.0687963700
1565.0200000000	0.0682600449
1565.0300000000	0.0678637670
1565.0400000000	0.0675089662
1565.0500000000	0.0672555616
1565.0600000000	0.0670420245
1565.0700000000	0.0672436748
1565.0800000000	0.0674418926
1565.0900000000	0.0678114906
1565.1000000000	0.0681125795
1565.1100000000	0.0683989301
1565.1200000000	0.0686395286
1565.1300000000	0.0689274343
1565.1400000000	0.0691864962
1565.1500000000	0.0694520056
1565.1600000000	0.0697509143
1565.1700000000	0.0700870171
1565.1800000000	0.0704794766
1565.1900000000	0.0708695949
1565.2000000000	0.0710717546
1565.2100000000	0.0711347558
1565.2200000000	0.0710089509
1565.2300000000	0.0706117453
1565.2400000000	0.0700642067
1565.2500000000	0.0694597672
1565.2600000000	0.0686883371
1565.2700000000	0.0677161319
1565.2800000000	0.0667640933
1565.2900000000	0.0660876407
1565.3000000000	0.0655392470
1565.3100000000	0.0652562834
1565.3200000000	0.0649809088
1565.3300000000	0.0647823523
1565.3400000000	0.0648195938
1565.3500000000	0.0649631583
1565.3600000000	0.0650737716
1565.3700000000	0.0651438304
1565.3800000000	0.0651890033
1565.3900000000	0.0652873033
1565.4000000000	0.0654938935
1565.4100000000	0.0658099052
1565.4200000000	0.0662061543
1565.4300000000	0.0666474462
1565.4400000000	0.0672430512
1565.4500000000	0.0678103851
1565.4600000000	0.0681398133
1565.4700000000	0.0683675802
1565.4800000000	0.0684994884
1565.4900000000	0.0684626828
1565.5000000000	0.0682880555
1565.5100000000	0.0680704231
1565.5200000000	0.0676073091
1565.5300000000	0.0672769966
1565.5400000000	0.0671407906
1565.5500000000	0.0669655257
1565.5600000000	0.0668912345
1565.5700000000	0.0670335285
1565.5800000000	0.0670714494
1565.5900000000	0.0672845151
1565.6000000000	0.0673206375
1565.6100000000	0.0674268376
1565.6200000000	0.0674622377
1565.6300000000	0.0676401961
1565.6400000000	0.0675375599
1565.6500000000	0.0676252175
1565.6600000000	0.0679773192
1565.6700000000	0.0683369700
1565.6800000000	0.0687011454
1565.6900000000	0.0690964915
1565.7000000000	0.0692607214
1565.7100000000	0.0693384738
1565.7200000000	0.0694432079
1565.7300000000	0.0692814072
1565.7400000000	0.0688985136
1565.7500000000	0.0684512333
1565.7600000000	0.0679652417
1565.7700000000	0.0675063260
1565.7800000000	0.0672043916
1565.7900000000	0.0671247864
1565.8000000000	0.0668905122
1565.8100000000	0.0669041328
1565.8200000000	0.0670493030
1565.8300000000	0.0673629137
1565.8400000000	0.0676113286
1565.8500000000	0.0677515139
1565.8600000000	0.0678255099
1565.8700000000	0.0679344890
1565.8800000000	0.0680746732
1565.8900000000	0.0681819358
1565.9000000000	0.0683295648
1565.9100000000	0.0687687995
1565.9200000000	0.0691282435
1565.9300000000	0.0693580020
1565.9400000000	0.0697231964
1565.9500000000	0.0698673000
1565.9600000000	0.0698174727
1565.9700000000	0.0694512031
1565.9800000000	0.0688871305
1565.9900000000	0.0682051436
1566.0000000000	0.0676272739
1566.0100000000	0.0670017439
1566.0200000000	0.0662861468
1566.0300000000	0.0658711525
1566.0400000000	0.0656201877
1566.0500000000	0.0654879641
1566.0600000000	0.0653880961
1566.0700000000	0.0653537172
1566.0800000000	0.0654550988
1566.0900000000	0.0654603064
1566.1000000000	0.0655241777
1566.1100000000	0.0655942088
1566.1200000000	0.0656966407
1566.1300000000	0.0659305392
1566.1400000000	0.0660238048
1566.1500000000	0.0663819939
1566.1600000000	0.0669399886
1566.1700000000	0.0675888242
1566.1800000000	0.0681065394
1566.1900000000	0.0686961494
1566.2000000000	0.0691499966
1566.2100000000	0.0693652221
1566.2200000000	0.0693874099
1566.2300000000	0.0690938816
1566.2400000000	0.0686690665
1566.2500000000	0.0682633674
1566.2600000000	0.0679146625
1566.2700000000	0.0674521159
1566.2800000000	0.0672001424
1566.2900000000	0.0671346510
1566.3000000000	0.0671176557
1566.3100000000	0.0671710965
1566.3200000000	0.0671782488
1566.3300000000	0.0675065967
1566.3400000000	0.0676406744
1566.3500000000	0.0676062955
1566.3600000000	0.0676403000
1566.3700000000	0.0676070239
1566.3800000000	0.0677755420
1566.3900000000	0.0680870632
1566.4000000000	0.0683078458
1566.4100000000	0.0685536505
1566.4200000000	0.0690697791
1566.4300000000	0.0695439684
1566.4400000000	0.0700918772
1566.4500000000	0.0703587575
1566.4600000000	0.0703520536
1566.4700000000	0.0701210104
1566.4800000000	0.0697702893
1566.4900000000	0.0692332184
1566.5000000000	0.0686286527
1566.5100000000	0.0681490928
1566.5200000000	0.0677132241
1566.5300000000	0.0675426808
1566.5400000000	0.0674133856
1566.5500000000	0.0673178373
1566.5600000000	0.0671250168
1566.5700000000	0.0670335285
1566.5800000000	0.0670161721
1566.5900000000	0.0668380720
1566.6000000000	0.0665990167
1566.6100000000	0.0663265910
1566.6200000000	0.0658890156
1566.6300000000	0.0655342444
1566.6400000000	0.0652124932
1566.6500000000	0.0649540016
1566.6600000000	0.0647370541
1566.6700000000	0.0645228059
1566.6800000000	0.0643393749
1566.6900000000	0.0642237388
1566.7000000000	0.0640243673
1566.7100000000	0.0636178198
1566.7200000000	0.0631636070
1566.7300000000	0.0626762955
1566.7400000000	0.0621898250
1566.7500000000	0.0618648801
1566.7600000000	0.0616877722
1566.7700000000	0.0618287574
1566.7800000000	0.0619696576
1566.7900000000	0.0622975984
1566.8000000000	0.0628443973
1566.8100000000	0.0635450500
1566.8200000000	0.0641341797
1566.8300000000	0.0646218124
1566.8400000000	0.0650892158
1566.8500000000	0.0656106859
1566.8600000000	0.0661313188
1566.8700000000	0.0666027641
1566.8800000000	0.0669518056
1566.8900000000	0.0674625917
1566.9000000000	0.0679439103
1566.9100000000	0.0685296874
1566.9200000000	0.0690365279
1566.9300000000	0.0693349577
1566.9400000000	0.0695549772
1566.9500000000	0.0698353024
1566.9600000000	0.0697930501
1566.9700000000	0.0694323104
1566.9800000000	0.0688198750
1566.9900000000	0.0682576756
1567.0000000000	0.0675485539
1567.0100000000	0.0670445582
1567.0200000000	0.0665675922
1567.0300000000	0.0662504855
1567.0400000000	0.0660735571
1567.0500000000	0.0660867320
1567.0600000000	0.0659792964
1567.0700000000	0.0658955718
1567.0800000000	0.0659043251
1567.0900000000	0.0657872006
1567.1000000000	0.0656504047
1567.1100000000	0.0655524418
1567.1200000000	0.0654838019
1567.1300000000	0.0654468986
1567.1400000000	0.0656125165
1567.1500000000	0.0657216934
1567.1600000000	0.0660011011
1567.1700000000	0.0664480408
1567.1800000000	0.0666948818
1567.1900000000	0.0668747371
1567.2000000000	0.0668582982
1567.2100000000	0.0669512941
1567.2200000000	0.0667071270
1567.2300000000	0.0662941071
1567.2400000000	0.0659003308
1567.2500000000	0.0655732325
1567.2600000000	0.0652854176
1567.2700000000	0.0651516394
1567.2800000000	0.0651719772
1567.2900000000	0.0654637296
1567.3000000000	0.0657924147
1567.3100000000	0.0659286636
1567.3200000000	0.0659927377
1567.3300000000	0.0663354114
1567.3400000000	0.0665403911
1567.3500000000	0.0666467200
1567.3600000000	0.0667574936
1567.3700000000	0.0669157929
1567.3800000000	0.0672820380
1567.3900000000	0.0676989860
1567.4000000000	0.0680045256
1567.4100000000	0.0681474876
1567.4200000000	0.0684252031
1567.4300000000	0.0686708976
1567.4400000000	0.0687783149
1567.4500000000	0.0686241083
1567.4600000000	0.0683255779
1567.4700000000	0.0679153750
1567.4800000000	0.0673538592
1567.4900000000	0.0668388546
1567.5000000000	0.0663286350
1567.5100000000	0.0658554079
1567.5200000000	0.0655852650
1567.5300000000	0.0653324449
1567.5400000000	0.0653172756
1567.5500000000	0.0653526572
1567.5600000000	0.0655629551
1567.5700000000	0.0655010583
1567.5800000000	0.0655539304
1567.5900000000	0.0656472187
1567.6000000000	0.0656748307
1567.6100000000	0.0656960707
1567.6200000000	0.0658493557
1567.6300000000	0.0662436624
1567.6400000000	0.0668000427
1567.6500000000	0.0672863377
1567.6600000000	0.0678597103
1567.6700000000	0.0683718431
1567.6800000000	0.0686725795
1567.6900000000	0.0689703775
1567.7000000000	0.0691727727
1567.7100000000	0.0691127713
1567.7200000000	0.0687848343
1567.7300000000	0.0684311679
1567.7400000000	0.0678618617
1567.7500000000	0.0673879309
1567.7600000000	0.0670487528
1567.7700000000	0.0667896100
1567.7800000000	0.0667180994
1567.7900000000	0.0667117274
1567.8000000000	0.0667721776
1567.8100000000	0.0669085718
1567.8200000000	0.0669911396
1567.8300000000	0.0669977744
1567.8400000000	0.0670692825
1567.8500000000	0.0670783151
1567.8600000000	0.0673002259
1567.8700000000	0.0674861894
1567.8800000000	0.0677164471
1567.8900000000	0.0680818681
1567.9000000000	0.0685423965
1567.9100000000	0.0692221070
1567.9200000000	0.0695959768
1567.9300000000	0.0697823876
1567.9400000000	0.0697340969
1567.9500000000	0.0695838280
1567.9600000000	0.0693307985
1567.9700000000	0.0688791764
1567.9800000000	0.0681981191
1567.9900000000	0.0675042477
1568.0000000000	0.0670299895
1568.0100000000	0.0665739704
1568.0200000000	0.0661141614
1568.0300000000	0.0658769666
1568.0400000000	0.0656960707
1568.0500000000	0.0657062943
1568.0600000000	0.0655548245
1568.0700000000	0.0655000736
1568.0800000000	0.0654960604
1568.0900000000	0.0654260421
1568.1000000000	0.0653474431
1568.1100000000	0.0651845801
1568.1200000000	0.0653210000
1568.1300000000	0.0653839940
1568.1400000000	0.0656171864
1568.1500000000	0.0659011566
1568.1600000000	0.0661442500
1568.1700000000	0.0663505995
1568.1800000000	0.0664908311
1568.1900000000	0.0664495310
1568.2000000000	0.0663378698
1568.2100000000	0.0659945269
1568.2200000000	0.0656758707
1568.2300000000	0.0653411116
1568.2400000000	0.0651708542
1568.2500000000	0.0650005968
1568.2600000000	0.0647972960
1568.2700000000	0.0646851432
1568.2800000000	0.0647682062
1568.2900000000	0.0650012080
1568.3000000000	0.0653116116
1568.3100000000	0.0654463604
1568.3200000000	0.0655847305
1568.3300000000	0.0657573128
1568.3400000000	0.0659973448
1568.3500000000	0.0661892658
1568.3600000000	0.0662780998
1568.3700000000	0.0665303225
1568.3800000000	0.0668681660
1568.3900000000	0.0672025488
1568.4000000000	0.0675344660
1568.4100000000	0.0679075456
1568.4200000000	0.0680346711
1568.4300000000	0.0680207270
1568.4400000000	0.0678629790
1568.4500000000	0.0673538959
1568.4600000000	0.0667467717
1568.4700000000	0.0661147572
1568.4800000000	0.0652599262
1568.4900000000	0.0646428403
1568.5000000000	0.0642574677
1568.5100000000	0.0638769506
1568.5200000000	0.0635396482
1568.5300000000	0.0634304259
1568.5400000000	0.0633601888
1568.5500000000	0.0635000210
1568.5600000000	0.0637393585
1568.5700000000	0.0638398743
1568.5800000000	0.0639726627
1568.5900000000	0.0641462990
1568.6000000000	0.0644439394
1568.6100000000	0.0647051516
1568.6200000000	0.0651020408
1568.6300000000	0.0657555517
1568.6400000000	0.0663826341
1568.6500000000	0.0671050366
1568.6600000000	0.0678819715
1568.6700000000	0.0682567054
1568.6800000000	0.0686345609
1568.6900000000	0.0688355893
1568.7000000000	0.0686479219
1568.7100000000	0.0683995211
1568.7200000000	0.0681415624
1568.7300000000	0.0676763863
1568.7400000000	0.0673482495
1568.7500000000	0.0673001635
1568.7600000000	0.0671882335
1568.7700000000	0.0670369336
1568.7800000000	0.0670761583
1568.7900000000	0.0672136874
1568.8000000000	0.0673525522
1568.8100000000	0.0675574775
1568.8200000000	0.0677330034
1568.8300000000	0.0675572348
1568.8400000000	0.0675983849
1568.8500000000	0.0677681396
1568.8600000000	0.0677186497
1568.8700000000	0.0677786709
1568.8800000000	0.0679817551
1568.8900000000	0.0679989171
1568.9000000000	0.0679989171
1568.9100000000	0.0682363083
1568.9200000000	0.0681746117
1568.9300000000	0.0680104506
1568.9400000000	0.0677136194
1568.9500000000	0.0672611626
1568.9600000000	0.0667655475
1568.9700000000	0.0662578938
1568.9800000000	0.0657027944
1568.9900000000	0.0652544351
1569.0000000000	0.0650798687
1569.0100000000	0.0649655135
1569.0200000000	0.0650312431
1569.0300000000	0.0652412569
1569.0400000000	0.0654699325
1569.0500000000	0.0658618541
1569.0600000000	0.0664023173
1569.0700000000	0.0667117274
1569.0800000000	0.0669523937
1569.0900000000	0.0673250750
1569.1000000000	0.0677939254
1569.1100000000	0.0681608619
1569.1200000000	0.0685511311
1569.1300000000	0.0691347802
1569.1400000000	0.0697487553
1569.1500000000	0.0702356030
1569.1600000000	0.0706054734
1569.1700000000	0.0708675523
1569.1800000000	0.0710223673
1569.1900000000	0.0709386582
1569.2000000000	0.0704943896
1569.2100000000	0.0697699655
1569.2200000000	0.0691468097
1569.2300000000	0.0683731072
1569.2400000000	0.0678066919
1569.2500000000	0.0673616988
1569.2600000000	0.0668361635
1569.2700000000	0.0663866879
1569.2800000000	0.0661764965
1569.2900000000	0.0659868776
1569.3000000000	0.0657321788
1569.3100000000	0.0653253796
1569.3200000000	0.0648779969
1569.3300000000	0.0645684483
1569.3400000000	0.0642239969
1569.3500000000	0.0637082994
1569.3600000000	0.0631528825
1569.3700000000	0.0628301935
1569.3800000000	0.0628144189
1569.3900000000	0.0626190106
1569.4000000000	0.0625341515
1569.4100000000	0.0622981158
1569.4200000000	0.0620787241
1569.4300000000	0.0618284446
1569.4400000000	0.0616417888
1569.4500000000	0.0613571266
1569.4600000000	0.0612069021
1569.4700000000	0.0609543971
1569.4800000000	0.0609350382
1569.4900000000	0.0611794612
1569.5000000000	0.0615965728
1569.5100000000	0.0620706396
1569.5200000000	0.0627432671
1569.5300000000	0.0634265048
1569.5400000000	0.0641748887
1569.5500000000	0.0649593667
1569.5600000000	0.0657300567
1569.5700000000	0.0661510910
1569.5800000000	0.0665392684
1569.5900000000	0.0668854045
1569.6000000000	0.0671885780
1569.6100000000	0.0674278592
1569.6200000000	0.0675300136
1569.6300000000	0.0677696696
1569.6400000000	0.0681504293
1569.6500000000	0.0683423110
1569.6600000000	0.0684541763
1569.6700000000	0.0684315203
1569.6800000000	0.0684279803
1569.6900000000	0.0682686800
1569.7000000000	0.0680264493
1569.7100000000	0.0678040940
1569.7200000000	0.0673733953
1569.7300000000	0.0669620204
1569.7400000000	0.0665970165
1569.7500000000	0.0664448607
1569.7600000000	0.0662826642
1569.7700000000	0.0662707462
1569.7800000000	0.0661965626
1569.7900000000	0.0661555387
1569.8000000000	0.0662111561
1569.8100000000	0.0661504825
1569.8200000000	0.0658723740
1569.8300000000	0.0655191920
1569.8400000000	0.0651999467
1569.8500000000	0.0649912800
1569.8600000000	0.0647694950
1569.8700000000	0.0645070587
1569.8800000000	0.0643655087
1569.8900000000	0.0645367433
1569.9000000000	0.0647391247
1569.9100000000	0.0649135526
1569.9200000000	0.0649905321
1569.9300000000	0.0649296316
1569.9400000000	0.0647285581
1569.9500000000	0.0644491393
1569.9600000000	0.0643583227
1569.9700000000	0.0641586027
1569.9800000000	0.0639442776
1569.9900000000	0.0638896499
1570.0000000000	0.0638163223
1570.0100000000	0.0641942624
1570.0200000000	0.0646289973
1570.0300000000	0.0651253735
1570.0400000000	0.0654975348
1570.0500000000	0.0659174506
1570.0600000000	0.0663823455
1570.0700000000	0.0667550692
1570.0800000000	0.0668814834
1570.0900000000	0.0669486577
1570.1000000000	0.0672702242
1570.1100000000	0.0674746277
1570.1200000000	0.0676785219
1570.1300000000	0.0679851145
1570.1400000000	0.0683561284
1570.1500000000	0.0686644319
1570.1600000000	0.0689548612
1570.1700000000	0.0691430760
1570.1800000000	0.0691423817
1570.1900000000	0.0690729564
1570.2000000000	0.0688946033
1570.2100000000	0.0685742145
1570.2200000000	0.0682492100
1570.2300000000	0.0679659952
1570.2400000000	0.0677569557
1570.2500000000	0.0674820308
1570.2600000000	0.0674303089
1570.2700000000	0.0673618303
1570.2800000000	0.0673553295
1570.2900000000	0.0673553295
1570.3000000000	0.0673405841
1570.3100000000	0.0672030947
1570.3200000000	0.0671195506
1570.3300000000	0.0669503383
1570.3400000000	0.0668476059
1570.3500000000	0.0667579549
1570.3600000000	0.0665289439
1570.3700000000	0.0665065930
1570.3800000000	0.0665934912
1570.3900000000	0.0667700465
1570.4000000000	0.0669090755
1570.4100000000	0.0667474815
1570.4200000000	0.0667481757
1570.4300000000	0.0667828884
1570.4400000000	0.0667151653
1570.4500000000	0.0664149340
1570.4600000000	0.0659428287
1570.4700000000	0.0656058023
1570.4800000000	0.0653768673
1570.4900000000	0.0652556181
1570.5000000000	0.0650485784
1570.5100000000	0.0649980171
1570.5200000000	0.0650962505
1570.5300000000	0.0653716217
1570.5400000000	0.0656603839
1570.5500000000	0.0659225164
1570.5600000000	0.0661559716
1570.5700000000	0.0663716753
1570.5800000000	0.0665128455
1570.5900000000	0.0667142054
1570.6000000000	0.0669110335
1570.6100000000	0.0672207984
1570.6200000000	0.0674153963
1570.6300000000	0.0676669041
1570.6400000000	0.0679591942
1570.6500000000	0.0683083137
1570.6600000000	0.0684226703
1570.6700000000	0.0682451585
1570.6800000000	0.0679447722
1570.6900000000	0.0674956193
1570.7000000000	0.0668281947
1570.7100000000	0.0660180822
1570.7200000000	0.0653022927
1570.7300000000	0.0645531462
1570.7400000000	0.0640304317
1570.7500000000	0.0636392212
1570.7600000000	0.0633084908
1570.7700000000	0.0632467000
1570.7800000000	0.0631448876
1570.7900000000	0.0632677949
1570.8000000000	0.0632141001
1570.8100000000	0.0633043702
1570.8200000000	0.0633787104
1570.8300000000	0.0633864984
1570.8400000000	0.0636010373
1570.8500000000	0.0639989967
1570.8600000000	0.0644949056
1570.8700000000	0.0649365884
1570.8800000000	0.0654064922
1570.8900000000	0.0661017929
1570.9000000000	0.0668093398
1570.9100000000	0.0675105114
1570.9200000000	0.0678437371
1570.9300000000	0.0679770268
1570.9400000000	0.0680346711
1570.9500000000	0.0679709181
1570.9600000000	0.0676617929
1570.9700000000	0.0673249709
1570.9800000000	0.0670225267
1570.9900000000	0.0667474815
1571.0000000000	0.0664670575
1571.0100000000	0.0665301529
1571.0200000000	0.0665666080
1571.0300000000	0.0665354351
1571.0400000000	0.0665665443
1571.0500000000	0.0666366078
1571.0600000000	0.0667431476
1571.0700000000	0.0668175302
1571.0800000000	0.0667482038
1571.0900000000	0.0667471203
1571.1000000000	0.0667154521
1571.1100000000	0.0669019231
1571.1200000000	0.0670875399
1571.1300000000	0.0672192189
1571.1400000000	0.0673027821
1571.1500000000	0.0674815203
1571.1600000000	0.0674993871
1571.1700000000	0.0673370988
1571.1800000000	0.0670549780
1571.1900000000	0.0665744867
1571.2000000000	0.0658427748
1571.2100000000	0.0649398652
1571.2200000000	0.0640736359
1571.2300000000	0.0633439310
1571.2400000000	0.0626802537
1571.2500000000	0.0621258818
1571.2600000000	0.0617630821
1571.2700000000	0.0615650865
1571.2800000000	0.0616344914
1571.2900000000	0.0616344914
1571.3000000000	0.0617733154
1571.3100000000	0.0620178886
1571.3200000000	0.0622705089
1571.3300000000	0.0626634571
1571.3400000000	0.0629899388
1571.3500000000	0.0636422640
1571.3600000000	0.0641985509
1571.3700000000	0.0650480265
1571.3800000000	0.0659243743
1571.3900000000	0.0668163305
1571.4000000000	0.0676951838
1571.4100000000	0.0682469441
1571.4200000000	0.0687737403
1571.4300000000	0.0689497917
1571.4400000000	0.0689384636
1571.4500000000	0.0686269351
1571.4600000000	0.0680620086
1571.4700000000	0.0675174582
1571.4800000000	0.0669878589
1571.4900000000	0.0664076376
1571.5000000000	0.0660509473
1571.5100000000	0.0658353866
1571.5200000000	0.0657463388
1571.5300000000	0.0657547721
1571.5400000000	0.0659234370
1571.5500000000	0.0658576880
1571.5600000000	0.0657547515
1571.5700000000	0.0658114749
1571.5800000000	0.0660092493
1571.5900000000	0.0661269040
1571.6000000000	0.0662032107
1571.6100000000	0.0663384535
1571.6200000000	0.0665791846
1571.6300000000	0.0670313383
1571.6400000000	0.0673842367
1571.6500000000	0.0677934253
1571.6600000000	0.0680915025
1571.6700000000	0.0683110347
1571.6800000000	0.0682428760
1571.6900000000	0.0681747386
1571.7000000000	0.0679373575
1571.7100000000	0.0674950914
1571.7200000000	0.0669836854
1571.7300000000	0.0665607616
1571.7400000000	0.0662176568
1571.7500000000	0.0660009610
1571.7600000000	0.0658192771
1571.7700000000	0.0657810094
1571.7800000000	0.0659114431
1571.7900000000	0.0660846677
1571.8000000000	0.0662111561
1571.8100000000	0.0662384000
1571.8200000000	0.0663854283
1571.8300000000	0.0665601302
1571.8400000000	0.0665015369
1571.8500000000	0.0665561973
1571.8600000000	0.0667117274
1571.8700000000	0.0667622054
1571.8800000000	0.0671720335
1571.8900000000	0.0674822214
1571.9000000000	0.0677686909
1571.9100000000	0.0681551069
1571.9200000000	0.0683389755
1571.9300000000	0.0684637344
1571.9400000000	0.0684460416
1571.9500000000	0.0682654579
1571.9600000000	0.0678272935
1571.9700000000	0.0674586149
1571.9800000000	0.0670624850
1571.9900000000	0.0667417608
1572.0000000000	0.0665878523
1572.0100000000	0.0663863611
1572.0200000000	0.0662217761
1572.0300000000	0.0662568800
1572.0400000000	0.0662479515
1572.0500000000	0.0660938272
1572.0600000000	0.0658992419
1572.0700000000	0.0657443150
1572.0800000000	0.0654798688
1572.0900000000	0.0652774739
1572.1000000000	0.0650750925
1572.1100000000	0.0649670247
1572.1200000000	0.0648267164
1572.1300000000	0.0650182408
1572.1400000000	0.0651992872
1572.1500000000	0.0654788976
1572.1600000000	0.0657649309
1572.1700000000	0.0659178999
1572.1800000000	0.0658571771
1572.1900000000	0.0657485504
1572.2000000000	0.0655568032
1572.2100000000	0.0652921717
1572.2200000000	0.0650707582
1572.2300000000	0.0648838343
1572.2400000000	0.0647364400
1572.2500000000	0.0647473852
1572.2600000000	0.0648626738
1572.2700000000	0.0649766805
1572.2800000000	0.0653080656
1572.2900000000	0.0656726417
1572.3000000000	0.0659359492
1572.3100000000	0.0661493675
1572.3200000000	0.0663326555
1572.3300000000	0.0664025600
1572.3400000000	0.0664714189
1572.3500000000	0.0668302303
1572.3600000000	0.0670844092
1572.3700000000	0.0672082151
1572.3800000000	0.0675887843
1572.3900000000	0.0680103600
1572.4000000000	0.0684512220
1572.4100000000	0.0689718156
1572.4200000000	0.0693296488
1572.4300000000	0.0694108954
1572.4400000000	0.0695693072
1572.4500000000	0.0695241166
1572.4600000000	0.0693393722
1572.4700000000	0.0689701340
1572.4800000000	0.0685548495
1572.4900000000	0.0681994618
1572.5000000000	0.0678938895
1572.5100000000	0.0676877457
1572.5200000000	0.0673567408
1572.5300000000	0.0671443306
1572.5400000000	0.0669305956
1572.5500000000	0.0667131868
1572.5600000000	0.0664704728
1572.5700000000	0.0661549711
1572.5800000000	0.0657548440
1572.5900000000	0.0654479300
1572.6000000000	0.0653805428
1572.6100000000	0.0652243150
1572.6200000000	0.0650828115
1572.6300000000	0.0651773240
1572.6400000000	0.0653911692
1572.6500000000	0.0656666596
1572.6600000000	0.0659761518
1572.6700000000	0.0663552595
1572.6800000000	0.0664614490
1572.6900000000	0.0664593038
1572.7000000000	0.0663527564
1572.7100000000	0.0662805189
1572.7200000000	0.0661725128
1572.7300000000	0.0660259496
1572.7400000000	0.0658189527
1572.7500000000	0.0658627306
1572.7600000000	0.0660058586
1572.7700000000	0.0661187280
1572.7800000000	0.0664290016
1572.7900000000	0.0667970456
1572.8000000000	0.0669925165
1572.8100000000	0.0672119483
1572.8200000000	0.0673538994
1572.8300000000	0.0674801039
1572.8400000000	0.0675436834
1572.8500000000	0.0676227553
1572.8600000000	0.0677815507
1572.8700000000	0.0679590376
1572.8800000000	0.0682849532
1572.8900000000	0.0685373052
1572.9000000000	0.0687469923
1572.9100000000	0.0691184321
1572.9200000000	0.0694059880
1572.9300000000	0.0694832747
1572.9400000000	0.0692993347
1572.9500000000	0.0689697219
1572.9600000000	0.0685155401
1572.9700000000	0.0678266446
1572.9800000000	0.0671964064
1572.9900000000	0.0667312296
1573.0000000000	0.0663166251
1573.0100000000	0.0660529715
1573.0200000000	0.0659498197
1573.0300000000	0.0658963649
1573.0400000000	0.0659251236
1573.0500000000	0.0659631844
1573.0600000000	0.0661061055
1573.0700000000	0.0662413017
1573.0800000000	0.0663407262
1573.0900000000	0.0664116738
1573.1000000000	0.0664302970
1573.1100000000	0.0666030351
1573.1200000000	0.0668890729
1573.1300000000	0.0672015779
1573.1400000000	0.0674910561
1573.1500000000	0.0677305847
1573.1600000000	0.0680530494
1573.1700000000	0.0683203749
1573.1800000000	0.0687899203
1573.1900000000	0.0688067091
1573.2000000000	0.0686012500
1573.2100000000	0.0684637344
1573.2200000000	0.0682918399
1573.2300000000	0.0679147907
1573.2400000000	0.0674547267
1573.2500000000	0.0671606157
1573.2600000000	0.0669745343
1573.2700000000	0.0667604838
1573.2800000000	0.0667474815
1573.2900000000	0.0667474815
1573.3000000000	0.0667452699
1573.3100000000	0.0666364557
1573.3200000000	0.0665498933
1573.3300000000	0.0663673571
1573.3400000000	0.0662323166
1573.3500000000	0.0661987661
1573.3600000000	0.0662679419
1573.3700000000	0.0662044301
1573.3800000000	0.0662140190
1573.3900000000	0.0664484475
1573.4000000000	0.0667529015
1573.4100000000	0.0669190433
1573.4200000000	0.0669202483
1573.4300000000	0.0670335285
1573.4400000000	0.0670028801
1573.4500000000	0.0667949244
1573.4600000000	0.0665499655
1573.4700000000	0.0662341657
1573.4800000000	0.0658143069
1573.4900000000	0.0656365985
1573.5000000000	0.0653887837
1573.5100000000	0.0653179836
1573.5200000000	0.0653172756
1573.5300000000	0.0654960604
1573.5400000000	0.0658536010
1573.5500000000	0.0662863503
1573.5600000000	0.0666490663
1573.5700000000	0.0668649736
1573.5800000000	0.0670276322
1573.5900000000	0.0673508603
1573.6000000000	0.0675875466
1573.6100000000	0.0677261425
1573.6200000000	0.0680157029
1573.6300000000	0.0684322743
1573.6400000000	0.0688970916
1573.6500000000	0.0693533279
1573.6600000000	0.0697049039
1573.6700000000	0.0697866781
1573.6800000000	0.0698178301
1573.6900000000	0.0698925242
1573.7000000000	0.0696890392
1573.7100000000	0.0693365007
1573.7200000000	0.0687656331
1573.7300000000	0.0682647252
1573.7400000000	0.0678599486
1573.7500000000	0.0674435003
1573.7600000000	0.0671549514
1573.7700000000	0.0669390103
1573.7800000000	0.0668929902
1573.7900000000	0.0668575902
1573.8000000000	0.0669524623
1573.8100000000	0.0670270927
1573.8200000000	0.0670335285
1573.8300000000	0.0669350224
1573.8400000000	0.0668562796
1573.8500000000	0.0666691268
1573.8600000000	0.0664681529
1573.8700000000	0.0665187285
1573.8800000000	0.0664366401
1573.8900000000	0.0665034053
1573.9000000000	0.0665535428
1573.9100000000	0.0666616717
1573.9200000000	0.0667120814
1573.9300000000	0.0665347448
1573.9400000000	0.0663220054
1573.9500000000	0.0659583970
1573.9600000000	0.0655243779
1573.9700000000	0.0648871600
1573.9800000000	0.0642408042
1573.9900000000	0.0635759742
1574.0000000000	0.0631181751
1574.0100000000	0.0628174264
1574.0200000000	0.0625138689
1574.0300000000	0.0622688112
1574.0400000000	0.0621780544
1574.0500000000	0.0623639033
1574.0600000000	0.0627104058
1574.0700000000	0.0630006232
1574.0800000000	0.0633156967
1574.0900000000	0.0635379400
1574.1000000000	0.0637500715
1574.1100000000	0.0641877084
1574.1200000000	0.0647521155
1574.1300000000	0.0654382457
1574.1400000000	0.0661253476
1574.1500000000	0.0668470859
1574.1600000000	0.0676012763
1574.1700000000	0.0682477385
1574.1800000000	0.0686592898
1574.1900000000	0.0689144667
1574.2000000000	0.0690307061
1574.2100000000	0.0691015435
1574.2200000000	0.0689042389
1574.2300000000	0.0686130712
1574.2400000000	0.0681992928
1574.2500000000	0.0678769326
1574.2600000000	0.0677874842
1574.2700000000	0.0676209311
1574.2800000000	0.0674882267
1574.2900000000	0.0673870354
1574.3000000000	0.0672858309
1574.3100000000	0.0673178391
1574.3200000000	0.0674554409
1574.3300000000	0.0673953316
1574.3400000000	0.0672230258
1574.3500000000	0.0670778635
1574.3600000000	0.0671691107
1574.3700000000	0.0670119344
1574.3800000000	0.0669977744
1574.3900000000	0.0671637754
1574.4000000000	0.0673180539
1574.4100000000	0.0676908097
1574.4200000000	0.0680136610
1574.4300000000	0.0681373313
1574.4400000000	0.0681104272
1574.4500000000	0.0681302513
1574.4600000000	0.0679989156
1574.4700000000	0.0676342097
1574.4800000000	0.0672051465
1574.4900000000	0.0667796601
1574.5000000000	0.0663976511
1574.5100000000	0.0661257629
1574.5200000000	0.0659574398
1574.5300000000	0.0658890223
1574.5400000000	0.0658542955
1574.5500000000	0.0659546886
1574.5600000000	0.0661224585
1574.5700000000	0.0662943530
1574.5800000000	0.0663775620
1574.5900000000	0.0664189690
1574.6000000000	0.0663671883
1574.6100000000	0.0663242580
1574.6200000000	0.0663487674
1574.6300000000	0.0663848848
1574.6400000000	0.0664520591
1574.6500000000	0.0666169792
1574.6600000000	0.0669230142
1574.6700000000	0.0671914422
1574.6800000000	0.0674983457
1574.6900000000	0.0677968289
1574.7000000000	0.0679154909
1574.7100000000	0.0678201439
1574.7200000000	0.0676337778
1574.7300000000	0.0674100302
1574.7400000000	0.0671516252
1574.7500000000	0.0668459988
1574.7600000000	0.0665340406
1574.7700000000	0.0663527238
1574.7800000000	0.0661396480
1574.7900000000	0.0661125721
1574.8000000000	0.0660086644
1574.8100000000	0.0659251236
1574.8200000000	0.0659251236
1574.8300000000	0.0659170267
1574.8400000000	0.0658392994
1574.8500000000	0.0656023107
1574.8600000000	0.0655011200
1574.8700000000	0.0654630834
1574.8800000000	0.0653938409
1574.8900000000	0.0654223845
1574.9000000000	0.0656961387
1574.9100000000	0.0659823294
1574.9200000000	0.0664338361
1574.9300000000	0.0668940512
1574.9400000000	0.0671567207
1574.9500000000	0.0673443835
1574.9600000000	0.0675356376
1574.9700000000	0.0676678892
1574.9800000000	0.0675366800
1574.9900000000	0.0673111602
1575.0000000000	0.0670823805
1575.0100000000	0.0669567624
1575.0200000000	0.0669262663
1575.0300000000	0.0669167805
1575.0400000000	0.0668547582
1575.0500000000	0.0668664330
1575.0600000000	0.0669326383
1575.0700000000	0.0669620204
1575.0800000000	0.0669578949
1575.0900000000	0.0669153687
1575.1000000000	0.0667770473
1575.1100000000	0.0665707739
1575.1200000000	0.0664999801
1575.1300000000	0.0662991672
1575.1400000000	0.0662510356
1575.1500000000	0.0663403790
1575.1600000000	0.0664503911
1575.1700000000	0.0666273184
1575.1800000000	0.0668801909
1575.1900000000	0.0671356829
1575.2000000000	0.0670707127
1575.2100000000	0.0669992046
1575.2200000000	0.0668926575
1575.2300000000	0.0664513443
1575.2400000000	0.0659344492
1575.2500000000	0.0653336098
1575.2600000000	0.0648447284
1575.2700000000	0.0643985179
1575.2800000000	0.0639893865
1575.2900000000	0.0637068936
1575.3000000000	0.0634508557
1575.3100000000	0.0632629844
1575.3200000000	0.0630730994
1575.3300000000	0.0630029403
1575.3400000000	0.0629994987
1575.3500000000	0.0628778318
1575.3600000000	0.0627901332
1575.3700000000	0.0630120801
1575.3800000000	0.0631471165
1575.3900000000	0.0632854845
1575.4000000000	0.0634937605
1575.4100000000	0.0640094720
1575.4200000000	0.0644261454
1575.4300000000	0.0651041505
1575.4400000000	0.0657918426
1575.4500000000	0.0662440485
1575.4600000000	0.0666441908
1575.4700000000	0.0669750208
1575.4800000000	0.0669977744
1575.4900000000	0.0669977744
1575.5000000000	0.0669634650
1575.5100000000	0.0667117274
1575.5200000000	0.0665352638
1575.5300000000	0.0665736559
1575.5400000000	0.0666184720
1575.5500000000	0.0666993374
1575.5600000000	0.0667609335
1575.5700000000	0.0666688933
1575.5800000000	0.0666673924
1575.5900000000	0.0668109660
1575.6000000000	0.0668883422
1575.6100000000	0.0667234022
1575.6200000000	0.0666906990
1575.6300000000	0.0668547582
1575.6400000000	0.0668662265
1575.6500000000	0.0669485283
1575.6600000000	0.0671459475
1575.6700000000	0.0672501357
1575.6800000000	0.0674584259
1575.6900000000	0.0680809405
1575.7000000000	0.0682728136
1575.7100000000	0.0681861845
1575.7200000000	0.0681776874
1575.7300000000	0.0681111848
1575.7400000000	0.0678038950
1575.7500000000	0.0673769994
1575.7600000000	0.0669779116
1575.7700000000	0.0666499708
1575.7800000000	0.0663949970
1575.7900000000	0.0663165365
1575.8000000000	0.0661419061
1575.8100000000	0.0661919618
1575.8200000000	0.0663067435
1575.8300000000	0.0662405381
1575.8400000000	0.0662051971
1575.8500000000	0.0661647820
1575.8600000000	0.0660840699
1575.8700000000	0.0659608777
1575.8800000000	0.0659659338
1575.8900000000	0.0660020490
1575.9000000000	0.0660548197
1575.9100000000	0.0661944709
1575.9200000000	0.0663305624
1575.9300000000	0.0664725804
1575.9400000000	0.0668436268
1575.9500000000	0.0670231147
1575.9600000000	0.0670335285
1575.9700000000	0.0670002524
1575.9800000000	0.0669312719
1575.9900000000	0.0667599964
1576.0000000000	0.0663817175
1576.0100000000	0.0660854760
1576.0200000000	0.0657320381
1576.0300000000	0.0655391112
1576.0400000000	0.0652815215
1576.0500000000	0.0650982820
1576.0600000000	0.0650014481
1576.0700000000	0.0650759357
1576.0800000000	0.0651504233
1576.0900000000	0.0651874319
1576.1000000000	0.0650666360
1576.1100000000	0.0649597350
1576.1200000000	0.0649513189
1576.1300000000	0.0649393929
1576.1400000000	0.0650308891
1576.1500000000	0.0652280702
1576.1600000000	0.0655246637
1576.1700000000	0.0658815696
1576.1800000000	0.0662285148
1576.1900000000	0.0665481876
1576.2000000000	0.0669125661
1576.2100000000	0.0672801312
1576.2200000000	0.0674476930
1576.2300000000	0.0674938765
1576.2400000000	0.0674361337
1576.2500000000	0.0674268376
1576.2600000000	0.0673652415
1576.2700000000	0.0670785806
1576.2800000000	0.0667595196
1576.2900000000	0.0665597727
1576.3000000000	0.0664727770
1576.3100000000	0.0665533880
1576.3200000000	0.0665687112
1576.3300000000	0.0665351918
1576.3400000000	0.0665329571
1576.3500000000	0.0665672518
1576.3600000000	0.0664913055
1576.3700000000	0.0663465242
1576.3800000000	0.0662436598
1576.3900000000	0.0662219906
1576.4000000000	0.0663302187
1576.4100000000	0.0664574764
1576.4200000000	0.0667372172
1576.4300000000	0.0669768900
1576.4400000000	0.0674441851
1576.4500000000	0.0679497110
1576.4600000000	0.0681804644
1576.4700000000	0.0682201881
1576.4800000000	0.0683551228
1576.4900000000	0.0683227612
1576.5000000000	0.0682246799
1576.5100000000	0.0679353929
1576.5200000000	0.0674304151
1576.5300000000	0.0669555867
1576.5400000000	0.0666445118
1576.5500000000	0.0663584648
1576.5600000000	0.0661357540
1576.5700000000	0.0658911449
1576.5800000000	0.0656730607
1576.5900000000	0.0654842653
1576.6000000000	0.0652286523
1576.6100000000	0.0649239664
1576.6200000000	0.0645126057
1576.6300000000	0.0642088691
1576.6400000000	0.0639228238
1576.6500000000	0.0639025992
1576.6600000000	0.0638014767
1576.6700000000	0.0639748320
1576.6800000000	0.0642998836
1576.6900000000	0.0646249325
1576.7000000000	0.0649420232
1576.7100000000	0.0651994975
1576.7200000000	0.0653394940
1576.7300000000	0.0654694201
1576.7400000000	0.0655280328
1576.7500000000	0.0654865250
1576.7600000000	0.0653489820
1576.7700000000	0.0651466006
1576.7800000000	0.0650089812
1576.7900000000	0.0648392693
1576.8000000000	0.0647859062
1576.8100000000	0.0647502017
1576.8200000000	0.0648669723
1576.8300000000	0.0650705704
1576.8400000000	0.0652832915
1576.8500000000	0.0653767477
1576.8600000000	0.0655944700
1576.8700000000	0.0657587433
1576.8800000000	0.0658453211
1576.8900000000	0.0658536010
1576.9000000000	0.0658182233
1576.9100000000	0.0659658833
1576.9200000000	0.0662190223
1576.9300000000	0.0666109013
1576.9400000000	0.0669312719
1576.9500000000	0.0671837680
1576.9600000000	0.0675449348
1576.9700000000	0.0678930995
1576.9800000000	0.0679256390
1576.9900000000	0.0678874894
1577.0000000000	0.0677816156
1577.0100000000	0.0675039001
1577.0200000000	0.0671891643
1577.0300000000	0.0668795110
1577.0400000000	0.0665727992
1577.0500000000	0.0663255716
1577.0600000000	0.0661980921
1577.0700000000	0.0661212503
1577.0800000000	0.0660768075
1577.0900000000	0.0660955874
1577.1000000000	0.0661317026
1577.1100000000	0.0660559835
1577.1200000000	0.0660323858
1577.1300000000	0.0659219376
1577.1400000000	0.0657517053
1577.1500000000	0.0656245516
1577.1600000000	0.0656033226
1577.1700000000	0.0657070871
1577.1800000000	0.0660474401
1577.1900000000	0.0663467397
1577.2000000000	0.0666495167
1577.2100000000	0.0671368979
1577.2200000000	0.0674799270
1577.2300000000	0.0676902515
1577.2400000000	0.0678320648
1577.2500000000	0.0679098968
1577.2600000000	0.0677348306
1577.2700000000	0.0673817093
1577.2800000000	0.0670314643
1577.2900000000	0.0666656597
1577.3000000000	0.0664951403
1577.3100000000	0.0663920036
1577.3200000000	0.0662214706
1577.3300000000	0.0661142076
1577.3400000000	0.0660426012
1577.3500000000	0.0659132056
1577.3600000000	0.0658305935
1577.3700000000	0.0656126186
1577.3800000000	0.0654514563
1577.3900000000	0.0652797366
1577.4000000000	0.0650140812
1577.4100000000	0.0647590050
1577.4200000000	0.0646522356
1577.4300000000	0.0645795600
1577.4400000000	0.0646599950
1577.4500000000	0.0649055249
1577.4600000000	0.0652777178
1577.4700000000	0.0655367705
1577.4800000000	0.0657835090
1577.4900000000	0.0659251236
1577.5000000000	0.0660667239
1577.5100000000	0.0660681399
1577.5200000000	0.0660327470
1577.5300000000	0.0658536010
1577.5400000000	0.0657449228
1577.5500000000	0.0656033226
1577.5600000000	0.0656727479
1577.5700000000	0.0657081782
1577.5800000000	0.0658397159
1577.5900000000	0.0659773776
1577.6000000000	0.0661723374
1577.6100000000	0.0663782489
1577.6200000000	0.0663994753
1577.6300000000	0.0663394543
1577.6400000000	0.0663184182
1577.6500000000	0.0662927765
1577.6600000000	0.0662566612
1577.6700000000	0.0661947092
1577.6800000000	0.0661754020
1577.6900000000	0.0662544943
1577.7000000000	0.0664149650
1577.7100000000	0.0666523831
1577.7200000000	0.0669511363
1577.7300000000	0.0672918937
1577.7400000000	0.0675671627
1577.7500000000	0.0674636537
1577.7600000000	0.0674969297
1577.7700000000	0.0674240055
1577.7800000000	0.0671407906
1577.7900000000	0.0668575902
1577.8000000000	0.0665687112
1577.8100000000	0.0663534644
1577.8200000000	0.0662826642
1577.8300000000	0.0662809452
1577.8400000000	0.0661090507
1577.8500000000	0.0660038513
1577.8600000000	0.0659966317
1577.8700000000	0.0659348432
1577.8800000000	0.0658955578
1577.8900000000	0.0656901072
1577.9000000000	0.0654745386
1577.9100000000	0.0652380595
1577.9200000000	0.0650139078
1577.9300000000	0.0649329086
1577.9400000000	0.0648968800
1577.9500000000	0.0649969158
1577.9600000000	0.0651410334
1577.9700000000	0.0653689316
1577.9800000000	0.0656217413
1577.9900000000	0.0657039500
1578.0000000000	0.0655871392
1578.0100000000	0.0654352024
1578.0200000000	0.0651415484
1578.0300000000	0.0647048399
1578.0400000000	0.0642446248
1578.0500000000	0.0637538686
1578.0600000000	0.0634318109
1578.0700000000	0.0631448010
1578.0800000000	0.0630654415
1578.0900000000	0.0629213163
1578.1000000000	0.0628890818
1578.1100000000	0.0629945514
1578.1200000000	0.0631307712
1578.1300000000	0.0632657441
1578.1400000000	0.0634006651
1578.1500000000	0.0634800090
1578.1600000000	0.0635770823
1578.1700000000	0.0636280281
1578.1800000000	0.0637929983
1578.1900000000	0.0640042543
1578.2000000000	0.0642943229
1578.2100000000	0.0646922759
1578.2200000000	0.0650451830
1578.2300000000	0.0654939110
1578.2400000000	0.0659467886
1578.2500000000	0.0663281799
1578.2600000000	0.0665047873
1578.2700000000	0.0666147860
1578.2800000000	0.0666987951
1578.2900000000	0.0665538771
1578.3000000000	0.0661605687
1578.3100000000	0.0660703289
1578.3200000000	0.0660681399
1578.3300000000	0.0659362317
1578.3400000000	0.0657638667
1578.3500000000	0.0657463388
1578.3600000000	0.0658113462
1578.3700000000	0.0659838614
1578.3800000000	0.0660302189
1578.3900000000	0.0659325576
1578.4000000000	0.0657996344
1578.4100000000	0.0656043441
1578.4200000000	0.0653739457
1578.4300000000	0.0652911476
1578.4400000000	0.0651540813
1578.4500000000	0.0651525265
1578.4600000000	0.0652719635
1578.4700000000	0.0654388493
1578.4800000000	0.0657170855
1578.4900000000	0.0660695949
1578.5000000000	0.0663549050
1578.5100000000	0.0665307681
1578.5200000000	0.0666227071
1578.5300000000	0.0666962463
1578.5400000000	0.0665964388
1578.5500000000	0.0662701342
1578.5600000000	0.0660514039
1578.5700000000	0.0658968967
1578.5800000000	0.0658163876
1578.5900000000	0.0656737687
1578.6000000000	0.0656404926
1578.6100000000	0.0657127089
1578.6200000000	0.0659251236
1578.6300000000	0.0660667239
1578.6400000000	0.0658911573
1578.6500000000	0.0657842172
1578.6600000000	0.0658872240
1578.6700000000	0.0658553373
1578.6800000000	0.0656933823
1578.6900000000	0.0656153520
1578.7000000000	0.0656309814
1578.7100000000	0.0657159816
1578.7200000000	0.0659407397
1578.7300000000	0.0662166567
1578.7400000000	0.0665566728
1578.7500000000	0.0668151422
1578.7600000000	0.0669924113
1578.7700000000	0.0670898682
1578.7800000000	0.0671257739
1578.7900000000	0.0670570034
1578.8000000000	0.0667780270
1578.8100000000	0.0665473325
1578.8200000000	0.0663269007
1578.8300000000	0.0660670225
1578.8400000000	0.0658867239
1578.8500000000	0.0657374003
1578.8600000000	0.0655562778
1578.8700000000	0.0655318145
1578.8800000000	0.0655003084
1578.8900000000	0.0654960604
1578.9000000000	0.0652468313
1578.9100000000	0.0650233772
1578.9200000000	0.0649326358
1578.9300000000	0.0648286223
1578.9400000000	0.0647202766
1578.9500000000	0.0647094421
1578.9600000000	0.0647094421
1578.9700000000	0.0648806490
1578.9800000000	0.0651660834
1578.9900000000	0.0654532918
1579.0000000000	0.0659396335
1579.0100000000	0.0665060488
1579.0200000000	0.0669237838
1579.0300000000	0.0671568800
1579.0400000000	0.0674615038
1579.0500000000	0.0675698539
1579.0600000000	0.0675185703
1579.0700000000	0.0674187285
1579.0800000000	0.0671699132
1579.0900000000	0.0669597857
1579.1000000000	0.0668053537
1579.1100000000	0.0666892429
1579.1200000000	0.0666435367
1579.1300000000	0.0667073042
1579.1400000000	0.0665402539
1579.1500000000	0.0662877722
1579.1600000000	0.0660745119
1579.1700000000	0.0659307876
1579.1800000000	0.0656532374
1579.1900000000	0.0654709264
1579.2000000000	0.0653271886
1579.2100000000	0.0652843535
1579.2200000000	0.0653792257
1579.2300000000	0.0655151507
1579.2400000000	0.0656200301
1579.2500000000	0.0658826830
1579.2600000000	0.0662823401
1579.2700000000	0.0665408643
1579.2800000000	0.0666490693
1579.2900000000	0.0667203084
1579.3000000000	0.0666596893
1579.3100000000	0.0664749010
1579.3200000000	0.0661775319
1579.3300000000	0.0658235170
1579.3400000000	0.0655105661
1579.3500000000	0.0652035127
1579.3600000000	0.0649360156
1579.3700000000	0.0647101948
1579.3800000000	0.0646632598
1579.3900000000	0.0647005036
1579.4000000000	0.0644321544
1579.4100000000	0.0643518870
1579.4200000000	0.0642336797
1579.4300000000	0.0641189439
1579.4400000000	0.0641316420
1579.4500000000	0.0640172168
1579.4600000000	0.0639342651
1579.4700000000	0.0641330698
1579.4800000000	0.0644133840
1579.4900000000	0.0645192282
1579.5000000000	0.0647108722
1579.5100000000	0.0650076358
1579.5200000000	0.0653128907
1579.5300000000	0.0654646870
1579.5400000000	0.0655882858
1579.5500000000	0.0656390766
1579.5600000000	0.0656603846
1579.5700000000	0.0656104734
1579.5800000000	0.0654808920
1579.5900000000	0.0653154936
1579.6000000000	0.0651367176
1579.6100000000	0.0650238091
1579.6200000000	0.0649740366
1579.6300000000	0.0650035155
1579.6400000000	0.0651012458
1579.6500000000	0.0650880733
1579.6600000000	0.0650938127
1579.6700000000	0.0651310565
1579.6800000000	0.0650509444
1579.6900000000	0.0650312431
1579.7000000000	0.0649071858
1579.7100000000	0.0648567921
1579.7200000000	0.0649468618
1579.7300000000	0.0650226622
1579.7400000000	0.0652514881
1579.7500000000	0.0655930547
1579.7600000000	0.0659778677
1579.7700000000	0.0665195030
1579.7800000000	0.0669655581
1579.7900000000	0.0673223230
1579.8000000000	0.0674178156
1579.8100000000	0.0674756235
1579.8200000000	0.0674983457
1579.8300000000	0.0674983457
1579.8400000000	0.0673410199
1579.8500000000	0.0671328453
1579.8600000000	0.0669291185
1579.8700000000	0.0667595175
1579.8800000000	0.0666533173
1579.8900000000	0.0665662332
1579.9000000000	0.0664954331
1579.9100000000	0.0664424775
1579.9200000000	0.0663443933
1579.9300000000	0.0661031332
1579.9400000000	0.0658730039
1579.9500000000	0.0655823125
1579.9600000000	0.0653356980
1579.9700000000	0.0651731759
1579.9800000000	0.0650561626
1579.9900000000	0.0651146693
1580.0000000000	0.0652230149
1580.0100000000	0.0654717446
1580.0200000000	0.0657885936
1580.0300000000	0.0660801729
1580.0400000000	0.0663611942
1580.0500000000	0.0665876398
1580.0600000000	0.0667190885
1580.0700000000	0.0667981620
1580.0800000000	0.0667713175
1580.0900000000	0.0667474815
1580.1000000000	0.0667474815
1580.1100000000	0.0667092975
1580.1200000000	0.0666201970
1580.1300000000	0.0664766710
1580.1400000000	0.0663352298
1580.1500000000	0.0662826642
1580.1600000000	0.0663195092
1580.1700000000	0.0662790596
1580.1800000000	0.0660963097
1580.1900000000	0.0658572934
1580.2000000000	0.0656379356
1580.2100000000	0.0653758562
1580.2200000000	0.0651488855
1580.2300000000	0.0649906973
1580.2400000000	0.0647600063
1580.2500000000	0.0647672264
1580.2600000000	0.0649272287
1580.2700000000	0.0650794017
1580.2800000000	0.0654061313
1580.2900000000	0.0657058898
1580.3000000000	0.0659327059
1580.3100000000	0.0661475139
1580.3200000000	0.0661155827
1580.3300000000	0.0661327054
1580.3400000000	0.0661396480
1580.3500000000	0.0660072892
1580.3600000000	0.0658365797
1580.3700000000	0.0657357828
1580.3800000000	0.0656462274
1580.3900000000	0.0655026558
1580.4000000000	0.0653661343
1580.4100000000	0.0652599275
1580.4200000000	0.0651912514
1580.4300000000	0.0651184830
1580.4400000000	0.0650112209
1580.4500000000	0.0647923985
1580.4600000000	0.0644705974
1580.4700000000	0.0641819631
1580.4800000000	0.0640449346
1580.4900000000	0.0640068889
1580.5000000000	0.0639685736
1580.5100000000	0.0641495229
1580.5200000000	0.0644015851
1580.5300000000	0.0647344666
1580.5400000000	0.0650920217
1580.5500000000	0.0654220462
1580.5600000000	0.0657185301
1580.5700000000	0.0658947838
1580.5800000000	0.0658680500
1580.5900000000	0.0655987206
1580.6000000000	0.0653946882
1580.6100000000	0.0651683582
1580.6200000000	0.0649492087
1580.6300000000	0.0647173492
1580.6400000000	0.0645010377
1580.6500000000	0.0642756117
1580.6600000000	0.0641143288
1580.6700000000	0.0639922562
1580.6800000000	0.0638691927
1580.6900000000	0.0637252736
1580.7000000000	0.0635820876
1580.7100000000	0.0634383489
1580.7200000000	0.0632586505
1580.7300000000	0.0630418217
1580.7400000000	0.0628465615
1580.7500000000	0.0627982006
1580.7600000000	0.0628579456
1580.7700000000	0.0630827766
1580.7800000000	0.0632823452
1580.7900000000	0.0635503831
1580.8000000000	0.0638735707
1580.8100000000	0.0642298155
1580.8200000000	0.0645288641
1580.8300000000	0.0646908500
1580.8400000000	0.0648037028
1580.8500000000	0.0648802670
1580.8600000000	0.0649525105
1580.8700000000	0.0649275433
1580.8800000000	0.0648614836
1580.8900000000	0.0648524583
1580.9000000000	0.0648524583
1580.9100000000	0.0649652326
1580.9200000000	0.0651295668
1580.9300000000	0.0653002498
1580.9400000000	0.0652825431
1580.9500000000	0.0653137356
1580.9600000000	0.0652847719
1580.9700000000	0.0651533125
1580.9800000000	0.0649853673
1580.9900000000	0.0647571142
1581.0000000000	0.0646252937
1581.0100000000	0.0645049190
1581.0200000000	0.0645328342
1581.0300000000	0.0645409926
1581.0400000000	0.0646690746
1581.0500000000	0.0649524282
1581.0600000000	0.0653880363
1581.0700000000	0.0655616095
1581.0800000000	0.0658078358
1581.0900000000	0.0660217651
1581.1000000000	0.0660323858
1581.1100000000	0.0659644531
1581.1200000000	0.0657550070
1581.1300000000	0.0656423270
1581.1400000000	0.0656040449
1581.1500000000	0.0653284931
1581.1600000000	0.0653826544
1581.1700000000	0.0653574989
1581.1800000000	0.0654715409
1581.1900000000	0.0654114768
1581.2000000000	0.0653356634
1581.2100000000	0.0652675604
1581.2200000000	0.0651994575
1581.2300000000	0.0649118226
1581.2400000000	0.0645521155
1581.2500000000	0.0643596750
1581.2600000000	0.0643372278
1581.2700000000	0.0643940768
1581.2800000000	0.0644444900
1581.2900000000	0.0646490118
1581.3000000000	0.0649075281
1581.3100000000	0.0653217076
1581.3200000000	0.0658209658
1581.3300000000	0.0661492593
1581.3400000000	0.0663591822
1581.3500000000	0.0664837953
1581.3600000000	0.0666545209
1581.3700000000	0.0665806292
1581.3800000000	0.0662504871
1581.3900000000	0.0660812740
1581.4000000000	0.0659675125
1581.4100000000	0.0658558359
1581.4200000000	0.0654220241
1581.4300000000	0.0651742594
1581.4400000000	0.0651742594
1581.4500000000	0.0652783668
1581.4600000000	0.0650794938
1581.4700000000	0.0646715860
1581.4800000000	0.0643532638
1581.4900000000	0.0641328500
1581.5000000000	0.0638950562
1581.5100000000	0.0636501114
1581.5200000000	0.0633698882
1581.5300000000	0.0632272303
1581.5400000000	0.0632669570
1581.5500000000	0.0635463311
1581.5600000000	0.0636891834
1581.5700000000	0.0639405238
1581.5800000000	0.0643671061
1581.5900000000	0.0647245521
1581.6000000000	0.0650335236
1581.6100000000	0.0652362584
1581.6200000000	0.0653493813
1581.6300000000	0.0651700530
1581.6400000000	0.0650642199
1581.6500000000	0.0649253551
1581.6600000000	0.0647851566
1581.6700000000	0.0646769059
1581.6800000000	0.0645685928
1581.6900000000	0.0645664259
1581.7000000000	0.0643887032
1581.7100000000	0.0644949178
1581.7200000000	0.0642519149
1581.7300000000	0.0640445396
1581.7400000000	0.0638686734
1581.7500000000	0.0636037876
1581.7600000000	0.0633602814
1581.7700000000	0.0630391620
1581.7800000000	0.0629051792
1581.7900000000	0.0629364034
1581.8000000000	0.0629574351
1581.8100000000	0.0630087187
1581.8200000000	0.0633149863
1581.8300000000	0.0636885945
1581.8400000000	0.0641048554
1581.8500000000	0.0644284624
1581.8600000000	0.0646339613
1581.8700000000	0.0647324000
1581.8800000000	0.0647129398
1581.8900000000	0.0646033458
1581.9000000000	0.0642845177
1581.9100000000	0.0638656173
1581.9200000000	0.0636870594
1581.9300000000	0.0635098628
1581.9400000000	0.0633149886
1581.9500000000	0.0630114311
1581.9600000000	0.0628606464
1581.9700000000	0.0626797917
1581.9800000000	0.0624979810
1581.9900000000	0.0622853107
1582.0000000000	0.0619156768
1582.0100000000	0.0616206064
1582.0200000000	0.0614794426
1582.0300000000	0.0613116834
1582.0400000000	0.0612776319
1582.0500000000	0.0612435804
1582.0600000000	0.0614010587
1582.0700000000	0.0617631486
1582.0800000000	0.0622531723
1582.0900000000	0.0627270185
1582.1000000000	0.0631643884
1582.1100000000	0.0636627929
1582.1200000000	0.0641593092
1582.1300000000	0.0644318911
1582.1400000000	0.0645536801
1582.1500000000	0.0647610459
1582.1600000000	0.0648859057
1582.1700000000	0.0648543601
1582.1800000000	0.0648963232
1582.1900000000	0.0649597350
1582.2000000000	0.0649597350
1582.2100000000	0.0649480514
1582.2200000000	0.0648631860
1582.2300000000	0.0649633834
1582.2400000000	0.0649779751
1582.2500000000	0.0648167043
1582.2600000000	0.0645681936
1582.2700000000	0.0643824341
1582.2800000000	0.0643106306
1582.2900000000	0.0639665617
1582.3000000000	0.0636367913
1582.3100000000	0.0636360971
1582.3200000000	0.0635666717
1582.3300000000	0.0639358877
1582.3400000000	0.0643175202
1582.3500000000	0.0645751875
1582.3600000000	0.0649236183
1582.3700000000	0.0654424279
1582.3800000000	0.0658210973
1582.3900000000	0.0659850737
1582.4000000000	0.0659634058
1582.4100000000	0.0659269478
1582.4200000000	0.0660623614
1582.4300000000	0.0659251236
1582.4400000000	0.0658041539
1582.4500000000	0.0655848689
1582.4600000000	0.0654673097
1582.4700000000	0.0654259651
1582.4800000000	0.0650701802
1582.4900000000	0.0645958050
1582.5000000000	0.0642124434
1582.5100000000	0.0638404783
1582.5200000000	0.0634079508
1582.5300000000	0.0629491373
1582.5400000000	0.0623748368
1582.5500000000	0.0619011291
1582.5600000000	0.0617989746
1582.5700000000	0.0616874482
1582.5800000000	0.0614965829
1582.5900000000	0.0615987374
1582.6000000000	0.0617376022
1582.6100000000	0.0618751583
1582.6200000000	0.0621430598
1582.6300000000	0.0623916652
1582.6400000000	0.0627042947
1582.6500000000	0.0626806067
1582.6600000000	0.0627647208
1582.6700000000	0.0627472446
1582.6800000000	0.0627750165
1582.6900000000	0.0627786649
1582.7000000000	0.0626779698
1582.7100000000	0.0627064119
1582.7200000000	0.0627817078
1582.7300000000	0.0628424839
1582.7400000000	0.0627661325
1582.7500000000	0.0626929967
1582.7600000000	0.0626220593
1582.7700000000	0.0625237699
1582.7800000000	0.0623235987
1582.7900000000	0.0621441954
1582.8000000000	0.0618468634
1582.8100000000	0.0617300934
1582.8200000000	0.0618047802
1582.8300000000	0.0618012436
1582.8400000000	0.0619566389
1582.8500000000	0.0623348208
1582.8600000000	0.0626903111
1582.8700000000	0.0628769027
1582.8800000000	0.0632613597
1582.8900000000	0.0637082994
1582.9000000000	0.0639833306
1582.9100000000	0.0642635526
1582.9200000000	0.0641805507
1582.9300000000	0.0640068468
1582.9400000000	0.0639614098
1582.9500000000	0.0639585778
1582.9600000000	0.0637924479
1582.9700000000	0.0635782847
1582.9800000000	0.0635313349
1582.9900000000	0.0634587515
1583.0000000000	0.0633826947
1583.0100000000	0.0633024383
1583.0200000000	0.0631705122
1583.0300000000	0.0629536168
1583.0400000000	0.0627169693
1583.0500000000	0.0623513373
1583.0600000000	0.0621194997
1583.0700000000	0.0619956581
1583.0800000000	0.0620317335
1583.0900000000	0.0620754743
1583.1000000000	0.0621999900
1583.1100000000	0.0624571992
1583.1200000000	0.0628575246
1583.1300000000	0.0632251032
1583.1400000000	0.0635291934
1583.1500000000	0.0637770572
1583.1600000000	0.0640858745
1583.1700000000	0.0642574963
1583.1800000000	0.0643404457
1583.1900000000	0.0642617868
1583.2000000000	0.0639743119
1583.2100000000	0.0639228238
1583.2200000000	0.0637447686
1583.2300000000	0.0635584213
1583.2400000000	0.0633747052
1583.2500000000	0.0632545401
1583.2600000000	0.0631107867
1583.2700000000	0.0628204410
1583.2800000000	0.0625533613
1583.2900000000	0.0622678221
1583.3000000000	0.0618704065
1583.3100000000	0.0615784066
1583.3200000000	0.0613102243
1583.3300000000	0.0611100841
1583.3400000000	0.0609962670
1583.3500000000	0.0610376031
1583.3600000000	0.0611288665
1583.3700000000	0.0613229204
1583.3800000000	0.0616263523
1583.3900000000	0.0621303457
1583.4000000000	0.0626441615
1583.4100000000	0.0629952141
1583.4200000000	0.0634648171
1583.4300000000	0.0638053457
1583.4400000000	0.0641186169
1583.4500000000	0.0643312596
1583.4600000000	0.0645705895
1583.4700000000	0.0646326760
1583.4800000000	0.0646379340
1583.4900000000	0.0648460863
1583.5000000000	0.0649763705
1583.5100000000	0.0651127624
1583.5200000000	0.0650792764
1583.5300000000	0.0650669972
1583.5400000000	0.0648849642
1583.5500000000	0.0646018113
1583.5600000000	0.0640978059
1583.5700000000	0.0636413078
1583.5800000000	0.0633018555
1583.5900000000	0.0629742606
1583.6000000000	0.0626728048
1583.6100000000	0.0627099610
1583.6200000000	0.0628501730
1583.6300000000	0.0630625877
1583.6400000000	0.0634186770
1583.6500000000	0.0637798075
1583.6600000000	0.0640301005
1583.6700000000	0.0643806304
1583.6800000000	0.0646190439
1583.6900000000	0.0648258982
1583.7000000000	0.0649698515
1583.7100000000	0.0649954891
1583.7200000000	0.0649402538
1583.7300000000	0.0647331601
1583.7400000000	0.0646198799
1583.7500000000	0.0644694189
1583.7600000000	0.0643164941
1583.7700000000	0.0640095038
1583.7800000000	0.0636483482
1583.7900000000	0.0632000696
1583.8000000000	0.0626345337
1583.8100000000	0.0620496932
1583.8200000000	0.0614299212
1583.8300000000	0.0606355861
1583.8400000000	0.0601464709
1583.8500000000	0.0597269163
1583.8600000000	0.0593166205
1583.8700000000	0.0590128051
1583.8800000000	0.0589234824
1583.8900000000	0.0590082482
1583.9000000000	0.0592537658
1583.9100000000	0.0595072482
1583.9200000000	0.0598617617
1583.9300000000	0.0601165265
1583.9400000000	0.0604382645
1583.9500000000	0.0607129667
1583.9600000000	0.0609153481
1583.9700000000	0.0610846739
1583.9800000000	0.0613133712
1583.9900000000	0.0615237914
1584.0000000000	0.0616754638
1584.0100000000	0.0618684694
1584.0200000000	0.0620519872
1584.0300000000	0.0622016739
1584.0400000000	0.0623177416
1584.0500000000	0.0624239418
1584.0600000000	0.0625057159
1584.0700000000	0.0624539451
1584.0800000000	0.0622662984
1584.0900000000	0.0620706345
1584.1000000000	0.0619710364
1584.1100000000	0.0619860875
1584.1200000000	0.0618642448
1584.1300000000	0.0618151581
1584.1400000000	0.0620635547
1584.1500000000	0.0623917280
1584.1600000000	0.0627106622
1584.1700000000	0.0630612064
1584.1800000000	0.0635203248
1584.1900000000	0.0639111417
1584.2000000000	0.0641309265
1584.2100000000	0.0642774896
1584.2200000000	0.0642453399
1584.2300000000	0.0642106064
1584.2400000000	0.0642088708
1584.2500000000	0.0640925865
1584.2600000000	0.0640128748
1584.2700000000	0.0639200734
1584.2800000000	0.0637426375
1584.2900000000	0.0636006797
1584.3000000000	0.0635178375
1584.3100000000	0.0633049791
1584.3200000000	0.0629507142
1584.3300000000	0.0625843092
1584.3400000000	0.0622756155
1584.3500000000	0.0619179898
1584.3600000000	0.0615596361
1584.3700000000	0.0611987284
1584.3800000000	0.0609333210
1584.3900000000	0.0609707922
1584.4000000000	0.0611468524
1584.4100000000	0.0613021658
1584.4200000000	0.0615577143
1584.4300000000	0.0619955867
1584.4400000000	0.0623496016
1584.4500000000	0.0626328165
1584.4600000000	0.0627758329
1584.4700000000	0.0629188208
1584.4800000000	0.0630289433
1584.4900000000	0.0631008308
1584.5000000000	0.0631362200
1584.5100000000	0.0631372415
1584.5200000000	0.0632393960
1584.5300000000	0.0632758632
1584.5400000000	0.0632792362
1584.5500000000	0.0632503579
1584.5600000000	0.0632154397
1584.5700000000	0.0632624108
1584.5800000000	0.0632259556
1584.5900000000	0.0630767372
1584.6000000000	0.0628462400
1584.6100000000	0.0625176496
1584.6200000000	0.0621861950
1584.6300000000	0.0619411241
1584.6400000000	0.0616957877
1584.6500000000	0.0614664105
1584.6600000000	0.0613046785
1584.6700000000	0.0613665203
1584.6800000000	0.0615422836
1584.6900000000	0.0616969806
1584.7000000000	0.0618810600
1584.7100000000	0.0620635547
1584.7200000000	0.0622738869
1584.7300000000	0.0624515538
1584.7400000000	0.0625248666
1584.7500000000	0.0624274818
1584.7600000000	0.0623532132
1584.7700000000	0.0623156353
1584.7800000000	0.0623481570
1584.7900000000	0.0624495742
1584.8000000000	0.0625835482
1584.8100000000	0.0627483077
1584.8200000000	0.0628893001
1584.8300000000	0.0629480627
1584.8400000000	0.0629315931
1584.8500000000	0.0627929665
1584.8600000000	0.0625899722
1584.8700000000	0.0623760596
1584.8800000000	0.0621361396
1584.8900000000	0.0620122711
1584.9000000000	0.0618890749
1584.9100000000	0.0620066400
1584.9200000000	0.0622544998
1584.9300000000	0.0625145917
1584.9400000000	0.0628925594
1584.9500000000	0.0632702959
1584.9600000000	0.0637786774
1584.9700000000	0.0641965798
1584.9800000000	0.0646050691
1584.9900000000	0.0647494441
1585.0000000000	0.0648882124
1585.0100000000	0.0648871504
1585.0200000000	0.0647809502
1585.0300000000	0.0647809502
1585.0400000000	0.0647094421
1585.0500000000	0.0645664259
1585.0600000000	0.0644573965
1585.0700000000	0.0642821315
1585.0800000000	0.0642135930
1585.0900000000	0.0638921791
1585.1000000000	0.0636138547
1585.1100000000	0.0633115554
1585.1200000000	0.0629727123
1585.1300000000	0.0624953988
1585.1400000000	0.0620467335
1585.1500000000	0.0616015462
1585.1600000000	0.0613820461
1585.1700000000	0.0613235395
1585.1800000000	0.0612621436
1585.1900000000	0.0612155550
1585.2000000000	0.0612319819
1585.2100000000	0.0614070661
1585.2200000000	0.0615994746
1585.2300000000	0.0618758436
1585.2400000000	0.0620485003
1585.2500000000	0.0620974269
1585.2600000000	0.0622762312
1585.2700000000	0.0621665831
1585.2800000000	0.0619531063
1585.2900000000	0.0616344914
1585.3000000000	0.0614574912
1585.3100000000	0.0613495316
1585.3200000000	0.0612776660
1585.3300000000	0.0611707469
1585.3400000000	0.0608865020
1585.3500000000	0.0607118140
1585.3600000000	0.0606721687
1585.3700000000	0.0603650263
1585.3800000000	0.0598582048
1585.3900000000	0.0593676153
1585.4000000000	0.0590597761
1585.4100000000	0.0587895074
1585.4200000000	0.0585816387
1585.4300000000	0.0584052111
1585.4400000000	0.0584384871
1585.4500000000	0.0586261074
1585.4600000000	0.0589744532
1585.4700000000	0.0593794195
1585.4800000000	0.0597803922
1585.4900000000	0.0602345205
1585.5000000000	0.0607355135
1585.5100000000	0.0611191868
1585.5200000000	0.0613691005
1585.5300000000	0.0615051134
1585.5400000000	0.0615862050
1585.5500000000	0.0618410017
1585.5600000000	0.0620352346
1585.5700000000	0.0620338186
1585.5800000000	0.0621159587
1585.5900000000	0.0622802175
1585.6000000000	0.0624601142
1585.6100000000	0.0626099031
1585.6200000000	0.0626060342
1585.6300000000	0.0625416948
1585.6400000000	0.0624732085
1585.6500000000	0.0624827429
1585.6600000000	0.0623461638
1585.6700000000	0.0621385391
1585.6800000000	0.0619949069
1585.6900000000	0.0621164800
1585.7000000000	0.0622981158
1585.7100000000	0.0624182494
1585.7200000000	0.0625493282
1585.7300000000	0.0626928551
1585.7400000000	0.0629307099
1585.7500000000	0.0632456664
1585.7600000000	0.0634531138
1585.7700000000	0.0635212459
1585.7800000000	0.0636763090
1585.7900000000	0.0637395372
1585.8000000000	0.0635494335
1585.8100000000	0.0634617316
1585.8200000000	0.0633529559
1585.8300000000	0.0632799585
1585.8400000000	0.0632792362
1585.8500000000	0.0632105323
1585.8600000000	0.0629698259
1585.8700000000	0.0628242338
1585.8800000000	0.0628802630
1585.8900000000	0.0625928013
1585.9000000000	0.0623064136
1585.9100000000	0.0618758478
1585.9200000000	0.0613292607
1585.9300000000	0.0608439190
1585.9400000000	0.0604267749
1585.9500000000	0.0600200205
1585.9600000000	0.0597030124
1585.9700000000	0.0595762740
1585.9800000000	0.0595408740
1585.9900000000	0.0595635022
1586.0000000000	0.0597079281
1586.0100000000	0.0599361301
1586.0200000000	0.0600956213
1586.0300000000	0.0601837068
1586.0400000000	0.0603303802
1586.0500000000	0.0604385637
1586.0600000000	0.0604545785
1586.0700000000	0.0604774316
1586.0800000000	0.0604424147
1586.0900000000	0.0604438891
1586.1000000000	0.0606116015
1586.1100000000	0.0606421049
1586.1200000000	0.0606877060
1586.1300000000	0.0607863907
1586.1400000000	0.0608664798
1586.1500000000	0.0609108148
1586.1600000000	0.0608650496
1586.1700000000	0.0608478877
1586.1800000000	0.0607102233
1586.1900000000	0.0606151212
1586.2000000000	0.0605975947
1586.2100000000	0.0606214307
1586.2200000000	0.0608104255
1586.2300000000	0.0611693355
1586.2400000000	0.0615930250
1586.2500000000	0.0620017084
1586.2600000000	0.0624357772
1586.2700000000	0.0628394468
1586.2800000000	0.0632813969
1586.2900000000	0.0636804051
1586.3000000000	0.0639202957
1586.3100000000	0.0640804422
1586.3200000000	0.0642963937
1586.3300000000	0.0643634326
1586.3400000000	0.0643004905
1586.3500000000	0.0642803789
1586.3600000000	0.0641384684
1586.3700000000	0.0639228262
1586.3800000000	0.0638561074
1586.3900000000	0.0637560931
1586.4000000000	0.0633659681
1586.4100000000	0.0631280780
1586.4200000000	0.0628848671
1586.4300000000	0.0625457201
1586.4400000000	0.0621014350
1586.4500000000	0.0617006920
1586.4600000000	0.0613406710
1586.4700000000	0.0610776885
1586.4800000000	0.0610533048
1586.4900000000	0.0609885428
1586.5000000000	0.0610455469
1586.5100000000	0.0612252231
1586.5200000000	0.0614786037
1586.5300000000	0.0616808739
1586.5400000000	0.0618232874
1586.5500000000	0.0619459238
1586.5600000000	0.0620525806
1586.5700000000	0.0621193391
1586.5800000000	0.0620755972
1586.5900000000	0.0619074043
1586.6000000000	0.0617071228
1586.6100000000	0.0615890540
1586.6200000000	0.0614162035
1586.6300000000	0.0611162314
1586.6400000000	0.0607844887
1586.6500000000	0.0604807521
1586.6600000000	0.0602170577
1586.6700000000	0.0599930116
1586.6800000000	0.0596927429
1586.6900000000	0.0592594319
1586.7000000000	0.0588558568
1586.7100000000	0.0585783174
1586.7200000000	0.0582752816
1586.7300000000	0.0580657100
1586.7400000000	0.0579694219
1586.7500000000	0.0580298253
1586.7600000000	0.0583236406
1586.7700000000	0.0586260512
1586.7800000000	0.0589144054
1586.7900000000	0.0591852731
1586.8000000000	0.0594664373
1586.8100000000	0.0597914814
1586.8200000000	0.0600623528
1586.8300000000	0.0602414772
1586.8400000000	0.0603845005
1586.8500000000	0.0604726325
1586.8600000000	0.0605618407
1586.8700000000	0.0607245655
1586.8800000000	0.0608319124
1586.8900000000	0.0608915452
1586.9000000000	0.0610392099
1586.9100000000	0.0612020516
1586.9200000000	0.0612139205
1586.9300000000	0.0611480756
1586.9400000000	0.0611936452
1586.9500000000	0.0611441376
1586.9600000000	0.0610121439
1586.9700000000	0.0608693401
1586.9800000000	0.0606974252
1586.9900000000	0.0606991485
1587.0000000000	0.0608250051
1587.0100000000	0.0609388980
1587.0200000000	0.0609551498
1587.0300000000	0.0611912080
1587.0400000000	0.0616248122
1587.0500000000	0.0619673194
1587.0600000000	0.0622699931
1587.0700000000	0.0625132539
1587.0800000000	0.0627657934
1587.0900000000	0.0628859270
1587.1000000000	0.0629281168
1587.1100000000	0.0629156631
1587.1200000000	0.0628053936
1587.1300000000	0.0628007483
1587.1400000000	0.0628501730
1587.1500000000	0.0628140578
1587.1600000000	0.0627596705
1587.1700000000	0.0626814585
1587.1800000000	0.0625468190
1587.1900000000	0.0623982567
1587.2000000000	0.0622029371
1587.2100000000	0.0618833293
1587.2200000000	0.0614407668
1587.2300000000	0.0610754173
1587.2400000000	0.0607813355
1587.2500000000	0.0604205985
1587.2600000000	0.0600821595
1587.2700000000	0.0598882197
1587.2800000000	0.0598975157
1587.2900000000	0.0600464621
1587.3000000000	0.0601485092
1587.3100000000	0.0602185279
1587.3200000000	0.0603564235
1587.3300000000	0.0605675748
1587.3400000000	0.0606883369
1587.3500000000	0.0606871608
1587.3600000000	0.0606170969
1587.3700000000	0.0605264478
1587.3800000000	0.0605083901
1587.3900000000	0.0605076678
1587.4000000000	0.0604351085
1587.4100000000	0.0603650163
1587.4200000000	0.0603119163
1587.4300000000	0.0603115623
1587.4400000000	0.0603089278
1587.4500000000	0.0601282671
1587.4600000000	0.0599346404
1587.4700000000	0.0598098736
1587.4800000000	0.0598261035
1587.4900000000	0.0597405778
1587.5000000000	0.0595942630
1587.5100000000	0.0595606980
1587.5200000000	0.0596159221
1587.5300000000	0.0597941619
1587.5400000000	0.0600856954
1587.5500000000	0.0604566986
1587.5600000000	0.0609011573
1587.5700000000	0.0613920750
1587.5800000000	0.0619187468
1587.5900000000	0.0623929883
1587.6000000000	0.0625985530
1587.6100000000	0.0627619574
1587.6200000000	0.0629635143
1587.6300000000	0.0631334697
1587.6400000000	0.0631578891
1587.6500000000	0.0630495366
1587.6600000000	0.0629585186
1587.6700000000	0.0629393775
1587.6800000000	0.0629574351
1587.6900000000	0.0627981349
1587.7000000000	0.0625480441
1587.7100000000	0.0623138476
1587.7200000000	0.0621132407
1587.7300000000	0.0619160221
1587.7400000000	0.0615607304
1587.7500000000	0.0611715604
1587.7600000000	0.0608792185
1587.7700000000	0.0606191995
1587.7800000000	0.0603893366
1587.7900000000	0.0602888097
1587.8000000000	0.0602177403
1587.8100000000	0.0603476674
1587.8200000000	0.0605529906
1587.8300000000	0.0607933684
1587.8400000000	0.0610963960
1587.8500000000	0.0613348691
1587.8600000000	0.0614932452
1587.8700000000	0.0615008476
1587.8800000000	0.0614426893
1587.8900000000	0.0613317515
1587.9000000000	0.0612177983
1587.9100000000	0.0611160431
1587.9200000000	0.0609944439
1587.9300000000	0.0609027577
1587.9400000000	0.0608022216
1587.9500000000	0.0606083289
1587.9600000000	0.0603788224
1587.9700000000	0.0601456570
1587.9800000000	0.0599320591
1587.9900000000	0.0596854805
1588.0000000000	0.0593894480
1588.0100000000	0.0590883535
1588.0200000000	0.0588504357
1588.0300000000	0.0586202627
1588.0400000000	0.0584541362
1588.0500000000	0.0584651941
1588.0600000000	0.0585897804
1588.0700000000	0.0588937570
1588.0800000000	0.0590934027
1588.0900000000	0.0593125396
1588.1000000000	0.0596877946
1588.1100000000	0.0602171673
1588.1200000000	0.0606394988
1588.1300000000	0.0609208259
1588.1400000000	0.0612509440
1588.1500000000	0.0615019911
1588.1600000000	0.0616348385
1588.1700000000	0.0617366604
1588.1800000000	0.0617775222
1588.1900000000	0.0618712464
1588.2000000000	0.0620483938
1588.2100000000	0.0621350773
1588.2200000000	0.0620585053
1588.2300000000	0.0619725443
1588.2400000000	0.0618972983
1588.2500000000	0.0617516802
1588.2600000000	0.0614578731
1588.2700000000	0.0610602295
1588.2800000000	0.0606959244
1588.2900000000	0.0603830704
1588.3000000000	0.0600831029
1588.3100000000	0.0598625947
1588.3200000000	0.0597584437
1588.3300000000	0.0598474711
1588.3400000000	0.0600765925
1588.3500000000	0.0604953349
1588.3600000000	0.0608436779
1588.3700000000	0.0612422552
1588.3800000000	0.0616113672
1588.3900000000	0.0619619010
1588.4000000000	0.0622395032
1588.4100000000	0.0623874589
1588.4200000000	0.0623970377
1588.4300000000	0.0624544573
1588.4400000000	0.0625557808
1588.4500000000	0.0626560318
1588.4600000000	0.0627399035
1588.4700000000	0.0627209083
1588.4800000000	0.0626220621
1588.4900000000	0.0625998946
1588.5000000000	0.0625734312
1588.5100000000	0.0624357689
1588.5200000000	0.0621193401
1588.5300000000	0.0617020360
1588.5400000000	0.0613470233
1588.5500000000	0.0610171722
1588.5600000000	0.0606559387
1588.5700000000	0.0604056519
1588.5800000000	0.0602743185
1588.5900000000	0.0603416709
1588.6000000000	0.0605506675
1588.6100000000	0.0607272127
1588.6200000000	0.0610009597
1588.6300000000	0.0613831145
1588.6400000000	0.0617499061
1588.6500000000	0.0620019586
1588.6600000000	0.0621641010
1588.6700000000	0.0621818054
1588.6800000000	0.0621957509
1588.6900000000	0.0621813048
1588.7000000000	0.0621451896
1588.7100000000	0.0621350773
1588.7200000000	0.0620885201
1588.7300000000	0.0619360543
1588.7400000000	0.0617528991
1588.7500000000	0.0615817355
1588.7600000000	0.0614228274
1588.7700000000	0.0612791178
1588.7800000000	0.0610827992
1588.7900000000	0.0607974673
1588.8000000000	0.0604931929
1588.8100000000	0.0602085410
1588.8200000000	0.0599582976
1588.8300000000	0.0598467450
1588.8400000000	0.0597908717
1588.8500000000	0.0597595881
1588.8600000000	0.0597968383
1588.8700000000	0.0600395220
1588.8800000000	0.0604320892
1588.8900000000	0.0607874331
1588.9000000000	0.0613023803
1588.9100000000	0.0618607015
1588.9200000000	0.0622341939
1588.9300000000	0.0624200478
1588.9400000000	0.0624830599
1588.9500000000	0.0625443020
1588.9600000000	0.0625383831
1588.9700000000	0.0625798682
1588.9800000000	0.0624969124
1588.9900000000	0.0623568913
1589.0000000000	0.0621974783
1589.0100000000	0.0620508629
1589.0200000000	0.0618598240
1589.0300000000	0.0615698667
1589.0400000000	0.0612690783
1589.0500000000	0.0609036573
1589.0600000000	0.0604359797
1589.0700000000	0.0600233700
1589.0800000000	0.0595992920
1589.0900000000	0.0592346570
1589.1000000000	0.0590803047
1589.1100000000	0.0590290676
1589.1200000000	0.0590051783
1589.1300000000	0.0591703758
1589.1400000000	0.0595697387
1589.1500000000	0.0599890240
1589.1600000000	0.0602901782
1589.1700000000	0.0605482025
1589.1800000000	0.0607815354
1589.1900000000	0.0609245035
1589.2000000000	0.0611080781
1589.2100000000	0.0611194061
1589.2200000000	0.0610486060
1589.2300000000	0.0610513282
1589.2400000000	0.0609884011
1589.2500000000	0.0609551498
1589.2600000000	0.0609308371
1589.2700000000	0.0609432318
1589.2800000000	0.0608883639
1589.2900000000	0.0607865950
1589.3000000000	0.0607031612
1589.3100000000	0.0605476085
1589.3200000000	0.0602843823
1589.3300000000	0.0600319510
1589.3400000000	0.0597670066
1589.3500000000	0.0594788212
1589.3600000000	0.0592789492
1589.3700000000	0.0591861687
1589.3800000000	0.0591330649
1589.3900000000	0.0591834417
1589.4000000000	0.0593677681
1589.4100000000	0.0595539941
1589.4200000000	0.0598698304
1589.4300000000	0.0603026186
1589.4400000000	0.0606512358
1589.4500000000	0.0607666962
1589.4600000000	0.0608877817
1589.4700000000	0.0611211508
1589.4800000000	0.0611407134
1589.4900000000	0.0611625941
1589.5000000000	0.0611410709
1589.5100000000	0.0610481104
1589.5200000000	0.0611116181
1589.5300000000	0.0610774287
1589.5400000000	0.0608946157
1589.5500000000	0.0607658636
1589.5600000000	0.0606893451
1589.5700000000	0.0605022506
1589.5800000000	0.0602653429
1589.5900000000	0.0599656960
1589.6000000000	0.0595189246
1589.6100000000	0.0591232221
1589.6200000000	0.0588965709
1589.6300000000	0.0587015095
1589.6400000000	0.0585245093
1589.6500000000	0.0585398906
1589.6600000000	0.0587524927
1589.6700000000	0.0590039417
1589.6800000000	0.0593574575
1589.6900000000	0.0598065155
1589.7000000000	0.0601896166
1589.7100000000	0.0605499226
1589.7200000000	0.0610200188
1589.7300000000	0.0611432311
1589.7400000000	0.0611897972
1589.7500000000	0.0613495535
1589.7600000000	0.0613555390
1589.7700000000	0.0613767790
1589.7800000000	0.0613282810
1589.7900000000	0.0613400463
1589.8000000000	0.0613484590
1589.8100000000	0.0612422588
1589.8200000000	0.0610744519
1589.8300000000	0.0607732451
1589.8400000000	0.0605038246
1589.8500000000	0.0602444720
1589.8600000000	0.0599519641
1589.8700000000	0.0596047900
1589.8800000000	0.0592912962
1589.8900000000	0.0590958807
1589.9000000000	0.0590597727
1589.9100000000	0.0592010048
1589.9200000000	0.0593635090
1589.9300000000	0.0595079698
1589.9400000000	0.0597788052
1589.9500000000	0.0601959019
1589.9600000000	0.0606980905
1589.9700000000	0.0610503685
1589.9800000000	0.0612761933
1589.9900000000	0.0613740514
1590.0000000000	0.0615201529
1590.0100000000	0.0616203388
1590.0200000000	0.0614210962
1590.0300000000	0.0612273330
1590.0400000000	0.0611739664
1590.0500000000	0.0610450660
1590.0600000000	0.0608711278
1590.0700000000	0.0606612388
1590.0800000000	0.0604156066
1590.0900000000	0.0601674715
1590.1000000000	0.0598867895
1590.1100000000	0.0594849858
1590.1200000000	0.0591030344
1590.1300000000	0.0587015536
1590.1400000000	0.0583433182
1590.1500000000	0.0580242613
1590.1600000000	0.0577548882
1590.1700000000	0.0576208070
1590.1800000000	0.0575941667
1590.1900000000	0.0577021369
1590.2000000000	0.0579874701
1590.2100000000	0.0583853811
1590.2200000000	0.0588548924
1590.2300000000	0.0593584469
1590.2400000000	0.0597841699
1590.2500000000	0.0601069755
1590.2600000000	0.0603524722
1590.2700000000	0.0604970364
1590.2800000000	0.0606363283
1590.2900000000	0.0606691028
1590.3000000000	0.0606382414
1590.3100000000	0.0606333488
1590.3200000000	0.0606950546
1590.3300000000	0.0607353155
1590.3400000000	0.0607406255
1590.3500000000	0.0606524674
1590.3600000000	0.0604591805
1590.3700000000	0.0603041283
1590.3800000000	0.0600492363
1590.3900000000	0.0597429429
1590.4000000000	0.0594372453
1590.4100000000	0.0590628300
1590.4200000000	0.0587887881
1590.4300000000	0.0587025716
1590.4400000000	0.0587025716
1590.4500000000	0.0587025716
1590.4600000000	0.0587393876
1590.4700000000	0.0588824112
1590.4800000000	0.0591692019
1590.4900000000	0.0594920502
1590.5000000000	0.0597611449
1590.5100000000	0.0599951785
1590.5200000000	0.0602154667
1590.5300000000	0.0603535825
1590.5400000000	0.0603388386
1590.5500000000	0.0602880987
1590.5600000000	0.0602503239
1590.5700000000	0.0602400542
1590.5800000000	0.0600323643
1590.5900000000	0.0599897612
1590.6000000000	0.0599288731
1590.6100000000	0.0599182531
1590.6200000000	0.0597398247
1590.6300000000	0.0594069556
1590.6400000000	0.0591039094
1590.6500000000	0.0587531349
1590.6600000000	0.0584201875
1590.6700000000	0.0580380998
1590.6800000000	0.0576353202
1590.6900000000	0.0573653295
1590.7000000000	0.0572824847
1590.7100000000	0.0572242352
1590.7200000000	0.0572471275
1590.7300000000	0.0573856551
1590.7400000000	0.0575836508
1590.7500000000	0.0578816240
1590.7600000000	0.0582592154
1590.7700000000	0.0585439793
1590.7800000000	0.0587365379
1590.7900000000	0.0588737663
1590.8000000000	0.0590055741
1590.8100000000	0.0590601267
1590.8200000000	0.0591080445
1590.8300000000	0.0591316348
1590.8400000000	0.0590514704
1590.8500000000	0.0590809832
1590.8600000000	0.0589453373
1590.8700000000	0.0588557146
1590.8800000000	0.0586933697
1590.8900000000	0.0586066374
1590.9000000000	0.0584168931
1590.9100000000	0.0581750988
1590.9200000000	0.0578401998
1590.9300000000	0.0574253958
1590.9400000000	0.0572291776
1590.9500000000	0.0571447728
1590.9600000000	0.0571027893
1590.9700000000	0.0570935954
1590.9800000000	0.0572556804
1590.9900000000	0.0576254458
1591.0000000000	0.0580384459
1591.0100000000	0.0584073289
1591.0200000000	0.0589429461
1591.0300000000	0.0595792918
1591.0400000000	0.0601703455
1591.0500000000	0.0606452752
1591.0600000000	0.0609587613
1591.0700000000	0.0612776748
1591.0800000000	0.0616223368
1591.0900000000	0.0618118169
1591.1000000000	0.0618003753
1591.1100000000	0.0616747188
1591.1200000000	0.0617178021
1591.1300000000	0.0617117195
1591.1400000000	0.0615120162
1591.1500000000	0.0612566780
1591.1600000000	0.0609084228
1591.1700000000	0.0606860960
1591.1800000000	0.0603108543
1591.1900000000	0.0597877389
1591.2000000000	0.0592464823
1591.2100000000	0.0588708830
1591.2200000000	0.0585768915
1591.2300000000	0.0583598990
1591.2400000000	0.0582171285
1591.2500000000	0.0580796113
1591.2600000000	0.0581168715
1591.2700000000	0.0582415727
1591.2800000000	0.0582735083
1591.2900000000	0.0583772758
1591.3000000000	0.0584165391
1591.3100000000	0.0585142433
1591.3200000000	0.0585838681
1591.3300000000	0.0584479593
1591.3400000000	0.0582574235
1591.3500000000	0.0580524833
1591.3600000000	0.0578326540
1591.3700000000	0.0576114908
1591.3800000000	0.0573643079
1591.3900000000	0.0571919190
1591.4000000000	0.0571027241
1591.4100000000	0.0570935954
1591.4200000000	0.0569521006
1591.4300000000	0.0568061324
1591.4400000000	0.0567349783
1591.4500000000	0.0566287781
1591.4600000000	0.0564163634
1591.4700000000	0.0563091011
1591.4800000000	0.0563423700
1591.4900000000	0.0564857619
1591.5000000000	0.0567763514
1591.5100000000	0.0572320546
1591.5200000000	0.0575400240
1591.5300000000	0.0579745348
1591.5400000000	0.0584822007
1591.5500000000	0.0589394541
1591.5600000000	0.0594218851
1591.5700000000	0.0597187983
1591.5800000000	0.0600721358
1591.5900000000	0.0604074927
1591.6000000000	0.0605961645
1591.6100000000	0.0606598068
1591.6200000000	0.0606691028
1591.6300000000	0.0606691028
1591.6400000000	0.0606423776
1591.6500000000	0.0605520895
1591.6600000000	0.0603614013
1591.6700000000	0.0602255174
1591.6800000000	0.0600810482
1591.6900000000	0.0598958117
1591.7000000000	0.0595606980
1591.7100000000	0.0591245545
1591.7200000000	0.0587723097
1591.7300000000	0.0585953094
1591.7400000000	0.0584183091
1591.7500000000	0.0581333526
1591.7600000000	0.0578444451
1591.7700000000	0.0578488235
1591.7800000000	0.0580717286
1591.7900000000	0.0583900674
1591.8000000000	0.0586994774
1591.8100000000	0.0590089014
1591.8200000000	0.0593836454
1591.8300000000	0.0597651685
1591.8400000000	0.0600248210
1591.8500000000	0.0601202809
1591.8600000000	0.0601902643
1591.8700000000	0.0602326171
1591.8800000000	0.0602115115
1591.8900000000	0.0600875376
1591.9000000000	0.0598243536
1591.9100000000	0.0594724096
1591.9200000000	0.0590765463
1591.9300000000	0.0588672714
1591.9400000000	0.0585566381
1591.9500000000	0.0581215545
1591.9600000000	0.0576975842
1591.9700000000	0.0572946626
1591.9800000000	0.0566943864
1591.9900000000	0.0562011283
1592.0000000000	0.0558362008
1592.0100000000	0.0555957732
1592.0200000000	0.0554081406
1592.0300000000	0.0553867325
1592.0400000000	0.0554640211
1592.0500000000	0.0556211347
1592.0600000000	0.0560644767
1592.0700000000	0.0565363573
1592.0800000000	0.0568770147
1592.0900000000	0.0572568503
1592.1000000000	0.0577628177
1592.1100000000	0.0582446292
1592.1200000000	0.0585320508
1592.1300000000	0.0587470038
1592.1400000000	0.0589552921
1592.1500000000	0.0592830757
1592.1600000000	0.0595807203
1592.1700000000	0.0596615244
1592.1800000000	0.0596386418
1592.1900000000	0.0596908428
1592.2000000000	0.0597925697
1592.2100000000	0.0596910762
1592.2200000000	0.0594556027
1592.2300000000	0.0592296838
1592.2400000000	0.0589353678
1592.2500000000	0.0586268793
1592.2600000000	0.0582038613
1592.2700000000	0.0577378909
1592.2800000000	0.0574476105
1592.2900000000	0.0574090231
1592.3000000000	0.0573524559
1592.3100000000	0.0574657440
1592.3200000000	0.0576552029
1592.3300000000	0.0579323871
1592.3400000000	0.0584002551
1592.3500000000	0.0587990745
1592.3600000000	0.0590071832
1592.3700000000	0.0592170287
1592.3800000000	0.0594953784
1592.3900000000	0.0598048025
1592.4000000000	0.0598790278
1592.4100000000	0.0598171791
1592.4200000000	0.0597794024
1592.4300000000	0.0598063889
1592.4400000000	0.0597147737
1592.4500000000	0.0596380435
1592.4600000000	0.0594287397
1592.4700000000	0.0592804300
1592.4800000000	0.0593433128
1592.4900000000	0.0591381359
1592.5000000000	0.0589235462
1592.5100000000	0.0584857153
1592.5200000000	0.0582350339
1592.5300000000	0.0578207505
1592.5400000000	0.0575211689
1592.5500000000	0.0573537962
1592.5600000000	0.0571413855
1592.5700000000	0.0570054493
1592.5800000000	0.0571038614
1592.5900000000	0.0572813078
1592.6000000000	0.0574958431
1592.6100000000	0.0578086947
1592.6200000000	0.0580670462
1592.6300000000	0.0582176639
1592.6400000000	0.0583409328
1592.6500000000	0.0586889528
1592.6600000000	0.0588456023
1592.6700000000	0.0588486670
1592.6800000000	0.0589508214
1592.6900000000	0.0587843942
1592.7000000000	0.0587740797
1592.7100000000	0.0588988810
1592.7200000000	0.0590113711
1592.7300000000	0.0588985183
1592.7400000000	0.0587224365
1592.7500000000	0.0587343927
1592.7600000000	0.0586428623
1592.7700000000	0.0585356001
1592.7800000000	0.0583328617
1592.7900000000	0.0580140150
1592.8000000000	0.0576725217
1592.8100000000	0.0575195830
1592.8200000000	0.0574389851
1592.8300000000	0.0573438738
1592.8400000000	0.0573576817
1592.8500000000	0.0574723905
1592.8600000000	0.0576571804
1592.8700000000	0.0579163289
1592.8800000000	0.0582655646
1592.8900000000	0.0585270516
1592.9000000000	0.0588466516
1592.9100000000	0.0591083773
1592.9200000000	0.0592093912
1592.9300000000	0.0592788174
1592.9400000000	0.0593451423
1592.9500000000	0.0593107634
1592.9600000000	0.0591742653
1592.9700000000	0.0590367490
1592.9800000000	0.0588992334
1592.9900000000	0.0587273536
1593.0000000000	0.0587025716
1593.0100000000	0.0584486448
1593.0200000000	0.0580629581
1593.0300000000	0.0576656762
1593.0400000000	0.0574021542
1593.0500000000	0.0570181146
1593.0600000000	0.0565258076
1593.0700000000	0.0561466375
1593.0800000000	0.0558383153
1593.0900000000	0.0556668496
1593.1000000000	0.0556931845
1593.1100000000	0.0556846295
1593.1200000000	0.0558317939
1593.1300000000	0.0561664416
1593.1400000000	0.0565436835
1593.1500000000	0.0568526011
1593.1600000000	0.0571163480
1593.1700000000	0.0574407700
1593.1800000000	0.0577613722
1593.1900000000	0.0580468346
1593.2000000000	0.0581373679
1593.2100000000	0.0579551931
1593.2200000000	0.0579995085
1593.2300000000	0.0581652246
1593.2400000000	0.0581311731
1593.2500000000	0.0579957268
1593.2600000000	0.0578914507
1593.2700000000	0.0577866095
1593.2800000000	0.0576472561
1593.2900000000	0.0573756568
1593.3000000000	0.0569903059
1593.3100000000	0.0565966009
1593.3200000000	0.0563641850
1593.3300000000	0.0559922576
1593.3400000000	0.0555993897
1593.3500000000	0.0551952560
1593.3600000000	0.0550567094
1593.3700000000	0.0550867448
1593.3800000000	0.0550510740
1593.3900000000	0.0553215685
1593.4000000000	0.0556376466
1593.4100000000	0.0559580053
1593.4200000000	0.0564299733
1593.4300000000	0.0567638513
1593.4400000000	0.0571427121
1593.4500000000	0.0574381371
1593.4600000000	0.0577280692
1593.4700000000	0.0578798544
1593.4800000000	0.0580637970
1593.4900000000	0.0580877955
1593.5000000000	0.0580279971
1593.5100000000	0.0580954191
1593.5200000000	0.0581294706
1593.5300000000	0.0579996188
1593.5400000000	0.0580181704
1593.5500000000	0.0579937242
1593.5600000000	0.0578690059
1593.5700000000	0.0577850934
1593.5800000000	0.0577429614
1593.5900000000	0.0575587667
1593.6000000000	0.0573169723
1593.6100000000	0.0571286484
1593.6200000000	0.0570369553
1593.6300000000	0.0569347176
1593.6400000000	0.0570104268
1593.6500000000	0.0571270177
1593.6600000000	0.0573687144
1593.6700000000	0.0577605486
1593.6800000000	0.0579767497
1593.6900000000	0.0582338617
1593.7000000000	0.0585433035
1593.7100000000	0.0587455486
1593.7200000000	0.0588098337
1593.7300000000	0.0588098337
1593.7400000000	0.0587848059
1593.7500000000	0.0585918041
1593.7600000000	0.0583408638
1593.7700000000	0.0582997981
1593.7800000000	0.0582044301
1593.7900000000	0.0582349773
1593.8000000000	0.0581648710
1593.8100000000	0.0580273554
1593.8200000000	0.0578231312
1593.8300000000	0.0577108932
1593.8400000000	0.0575371047
1593.8500000000	0.0573232891
1593.8600000000	0.0569722483
1593.8700000000	0.0566816950
1593.8800000000	0.0564648623
1593.8900000000	0.0563834907
1593.9000000000	0.0562467970
1593.9100000000	0.0562354689
1593.9200000000	0.0562723641
1593.9300000000	0.0563944615
1593.9400000000	0.0566217747
1593.9500000000	0.0568361540
1593.9600000000	0.0570203173
1593.9700000000	0.0572384015
1593.9800000000	0.0574618767
1593.9900000000	0.0575119324
1594.0000000000	0.0574511505
1594.0100000000	0.0574361318
1594.0200000000	0.0573438738
1594.0300000000	0.0573191210
1594.0400000000	0.0571183482
1594.0500000000	0.0569808320
1594.0600000000	0.0568433024
1594.0700000000	0.0568092510
1594.0800000000	0.0565191548
1594.0900000000	0.0562478349
1594.1000000000	0.0559507745
1594.1100000000	0.0556950181
1594.1200000000	0.0554456042
1594.1300000000	0.0551685388
1594.1400000000	0.0547485660
1594.1500000000	0.0544412760
1594.1600000000	0.0542452196
1594.1700000000	0.0541974296
1594.1800000000	0.0543503578
1594.1900000000	0.0545166359
1594.2000000000	0.0547562927
1594.2100000000	0.0552514245
1594.2200000000	0.0557955237
1594.2300000000	0.0562452205
1594.2400000000	0.0565791608
1594.2500000000	0.0571174323
1594.2600000000	0.0575022277
1594.2700000000	0.0577079960
1594.2800000000	0.0577729370
1594.2900000000	0.0577948290
1594.3000000000	0.0579567274
1594.3100000000	0.0579874759
1594.3200000000	0.0579736699
1594.3300000000	0.0578802137
1594.3400000000	0.0578725754
1594.3500000000	0.0577921892
1594.3600000000	0.0575845401
1594.3700000000	0.0573438738
1594.3800000000	0.0570033590
1594.3900000000	0.0567865176
1594.4000000000	0.0564754825
1594.4100000000	0.0560552685
1594.4200000000	0.0557278189
1594.4300000000	0.0555364626
1594.4400000000	0.0554237180
1594.4500000000	0.0553812365
1594.4600000000	0.0553458365
1594.4700000000	0.0555322897
1594.4800000000	0.0558946498
1594.4900000000	0.0562712230
1594.5000000000	0.0565989216
1594.5100000000	0.0567537378
1594.5200000000	0.0570007793
1594.5300000000	0.0571683539
1594.5400000000	0.0571936345
1594.5500000000	0.0571215614
1594.5600000000	0.0570507613
1594.5700000000	0.0569767739
1594.5800000000	0.0568650353
1594.5900000000	0.0566875422
1594.6000000000	0.0564752453
1594.6100000000	0.0562669750
1594.6200000000	0.0561240810
1594.6300000000	0.0559177936
1594.6400000000	0.0555169868
1594.6500000000	0.0552363501
1594.6600000000	0.0549664964
1594.6700000000	0.0547181342
1594.6800000000	0.0543869294
1594.6900000000	0.0541378282
1594.7000000000	0.0540901528
1594.7100000000	0.0541180524
1594.7200000000	0.0541822612
1594.7300000000	0.0543951495
1594.7400000000	0.0546474367
1594.7500000000	0.0550813553
1594.7600000000	0.0555732419
1594.7700000000	0.0559323056
1594.7800000000	0.0563121915
1594.7900000000	0.0565705395
1594.8000000000	0.0567751117
1594.8100000000	0.0568208179
1594.8200000000	0.0569202853
1594.8300000000	0.0569688137
1594.8400000000	0.0570760759
1594.8500000000	0.0571529471
1594.8600000000	0.0570996134
1594.8700000000	0.0571350135
1594.8800000000	0.0571544835
1594.8900000000	0.0570886394
1594.9000000000	0.0570399625
1594.9100000000	0.0568964228
1594.9200000000	0.0566948894
1594.9300000000	0.0565599684
1594.9400000000	0.0563258671
1594.9500000000	0.0560514918
1594.9600000000	0.0557981839
1594.9700000000	0.0557063666
1594.9800000000	0.0557635009
1594.9900000000	0.0558671876
1595.0000000000	0.0560053670
1595.0100000000	0.0561800502
1595.0200000000	0.0564832822
1595.0300000000	0.0568746785
1595.0400000000	0.0571519302
1595.0500000000	0.0574153964
1595.0600000000	0.0575997533
1595.0700000000	0.0577181900
1595.0800000000	0.0578754200
1595.0900000000	0.0578385475
1595.1000000000	0.0578156230
1595.1100000000	0.0578369368
1595.1200000000	0.0577861660
1595.1300000000	0.0576864122
1595.1400000000	0.0576076187
1595.1500000000	0.0574876028
1595.1600000000	0.0573375018
1595.1700000000	0.0572544886
1595.1800000000	0.0569296059
1595.1900000000	0.0565555659
1595.2000000000	0.0562132062
1595.2100000000	0.0558421598
1595.2200000000	0.0556397783
1595.2300000000	0.0552398283
1595.2400000000	0.0549777255
1595.2500000000	0.0548871850
1595.2600000000	0.0549363613
1595.2700000000	0.0549776613
1595.2800000000	0.0551001573
1595.2900000000	0.0552704343
1595.3000000000	0.0554474346
1595.3100000000	0.0557413954
1595.3200000000	0.0559833450
1595.3300000000	0.0561445941
1595.3400000000	0.0562601650
1595.3500000000	0.0562712230
1595.3600000000	0.0563058597
1595.3700000000	0.0561997149
1595.3800000000	0.0562690340
1595.3900000000	0.0561908649
1595.4000000000	0.0560195280
1595.4100000000	0.0559819900
1595.4200000000	0.0558779138
1595.4300000000	0.0558754111
1595.4400000000	0.0556254901
1595.4500000000	0.0554123815
1595.4600000000	0.0553391347
1595.4700000000	0.0550937638
1595.4800000000	0.0547573671
1595.4900000000	0.0545437348
1595.5000000000	0.0543708030
1595.5100000000	0.0542835170
1595.5200000000	0.0542974687
1595.5300000000	0.0543332950
1595.5400000000	0.0545137988
1595.5500000000	0.0548445898
1595.5600000000	0.0551419293
1595.5700000000	0.0555101042
1595.5800000000	0.0558995079
1595.5900000000	0.0561559314
1595.6000000000	0.0563486901
1595.6100000000	0.0563784852
1595.6200000000	0.0564440343
1595.6300000000	0.0564499933
1595.6400000000	0.0563784852
1595.6500000000	0.0563412414
1595.6600000000	0.0562925310
1595.6700000000	0.0561218348
1595.6800000000	0.0560454806
1595.6900000000	0.0559115439
1595.7000000000	0.0558743738
1595.7100000000	0.0557991827
1595.7200000000	0.0556149944
1595.7300000000	0.0553686749
1595.7400000000	0.0552173161
1595.7500000000	0.0549718905
1595.7600000000	0.0546683183
1595.7700000000	0.0546295001
1595.7800000000	0.0547185763
1595.7900000000	0.0548214211
1595.8000000000	0.0549270393
1595.8100000000	0.0550913071
1595.8200000000	0.0554102646
1595.8300000000	0.0557922425
1595.8400000000	0.0560712094
1595.8500000000	0.0563190131
1595.8600000000	0.0565399204
1595.8700000000	0.0567284561
1595.8800000000	0.0568278213
1595.8900000000	0.0566961894
1595.9000000000	0.0564809577
1595.9100000000	0.0563539043
1595.9200000000	0.0562411143
1595.9300000000	0.0560209446
1595.9400000000	0.0556889275
1595.9500000000	0.0554341284
1595.9600000000	0.0551943242
1595.9700000000	0.0550818453
1595.9800000000	0.0547663229
1595.9900000000	0.0544477080
1596.0000000000	0.0541645075
1596.0100000000	0.0539138855
1596.0200000000	0.0536660602
1596.0300000000	0.0534206266
1596.0400000000	0.0532165250
1596.0500000000	0.0531962869
1596.0600000000	0.0532536283
1596.0700000000	0.0534307510
1596.0800000000	0.0536137788
1596.0900000000	0.0538891665
1596.1000000000	0.0543018829
1596.1100000000	0.0547125102
1596.1200000000	0.0550829989
1596.1300000000	0.0554660225
1596.1400000000	0.0557637898
1596.1500000000	0.0561162844
1596.1600000000	0.0564142496
1596.1700000000	0.0565908350
1596.1800000000	0.0567097720
1596.1900000000	0.0569058836
1596.2000000000	0.0571331531
1596.2100000000	0.0571323923
1596.2200000000	0.0571293494
1596.2300000000	0.0572366116
1596.2400000000	0.0572366116
1596.2500000000	0.0570964274
1596.2600000000	0.0567813528
1596.2700000000	0.0563556030
1596.2800000000	0.0561325406
1596.2900000000	0.0558804420
1596.3000000000	0.0555561273
1596.3100000000	0.0551313123
1596.3200000000	0.0548573627
1596.3300000000	0.0549050339
1596.3400000000	0.0549428310
1596.3500000000	0.0549482793
1596.3600000000	0.0551426816
1596.3700000000	0.0554124023
1596.3800000000	0.0557414889
1596.3900000000	0.0561159338
1596.4000000000	0.0562601392
1596.4100000000	0.0563210620
1596.4200000000	0.0564428527
1596.4300000000	0.0565358176
1596.4400000000	0.0565822978
1596.4500000000	0.0565171821
1596.4600000000	0.0564349808
1596.4700000000	0.0564142392
1596.4800000000	0.0563585382
1596.4900000000	0.0563727797
1596.5000000000	0.0562168312
1596.5100000000	0.0559340998
1596.5200000000	0.0558813851
1596.5300000000	0.0555939846
1596.5400000000	0.0553422848
1596.5500000000	0.0550350117
1596.5600000000	0.0546866729
1596.5700000000	0.0544187496
1596.5800000000	0.0543174357
1596.5900000000	0.0541897179
1596.6000000000	0.0540254585
1596.6100000000	0.0540595065
1596.6200000000	0.0542331788
1596.6300000000	0.0544387694
1596.6400000000	0.0545827489
1596.6500000000	0.0547078157
1596.6600000000	0.0548861436
1596.6700000000	0.0550408900
1596.6800000000	0.0550913101
1596.6900000000	0.0550714467
1596.7000000000	0.0550146859
1596.7100000000	0.0549417122
1596.7200000000	0.0547155131
1596.7300000000	0.0544787725
1596.7400000000	0.0544119539
1596.7500000000	0.0543385640
1596.7600000000	0.0541142514
1596.7700000000	0.0538422062
1596.7800000000	0.0538041204
1596.7900000000	0.0537691112
1596.8000000000	0.0535601999
1596.8100000000	0.0533134611
1596.8200000000	0.0530996309
1596.8300000000	0.0530210775
1596.8400000000	0.0530175021
1596.8500000000	0.0529481609
1596.8600000000	0.0528759305
1596.8700000000	0.0529785620
1596.8800000000	0.0532435080
1596.8900000000	0.0535466766
1596.9000000000	0.0538506654
1596.9100000000	0.0542655291
1596.9200000000	0.0546365555
1596.9300000000	0.0550060459
1596.9400000000	0.0553608406
1596.9500000000	0.0555743495
1596.9600000000	0.0557384730
1596.9700000000	0.0557840143
1596.9800000000	0.0557706517
1596.9900000000	0.0557256016
1597.0000000000	0.0556540934
1597.0100000000	0.0556053334
1597.0200000000	0.0554810348
1597.0300000000	0.0553673903
1597.0400000000	0.0552916097
1597.0500000000	0.0551316775
1597.0600000000	0.0549110061
1597.0700000000	0.0546887859
1597.0800000000	0.0544771545
1597.0900000000	0.0541432551
1597.1000000000	0.0538517925
1597.1100000000	0.0536571982
1597.1200000000	0.0534494256
1597.1300000000	0.0532935379
1597.1400000000	0.0532384767
1597.1500000000	0.0533470148
1597.1600000000	0.0535400759
1597.1700000000	0.0537724879
1597.1800000000	0.0540626598
1597.1900000000	0.0543253191
1597.2000000000	0.0544563861
1597.2100000000	0.0546512396
1597.2200000000	0.0548486539
1597.2300000000	0.0549507573
1597.2400000000	0.0549648923
1597.2500000000	0.0549287771
1597.2600000000	0.0549125252
1597.2700000000	0.0548518517
1597.2800000000	0.0547645034
1597.2900000000	0.0546530428
1597.3000000000	0.0546107610
1597.3100000000	0.0545852013
1597.3200000000	0.0545096048
1597.3300000000	0.0543312189
1597.3400000000	0.0541578719
1597.3500000000	0.0538929553
1597.3600000000	0.0536076383
1597.3700000000	0.0532982911
1597.3800000000	0.0531201654
1597.3900000000	0.0529216812
1597.4000000000	0.0527321993
1597.4100000000	0.0526379195
1597.4200000000	0.0527424122
1597.4300000000	0.0529141339
1597.4400000000	0.0532279124
1597.4500000000	0.0534912579
1597.4600000000	0.0537806206
1597.4700000000	0.0542109627
1597.4800000000	0.0545824025
1597.4900000000	0.0548729528
1597.5000000000	0.0551506627
1597.5100000000	0.0553500012
1597.5200000000	0.0554917635
1597.5300000000	0.0556347863
1597.5400000000	0.0557581378
1597.5500000000	0.0558457352
1597.5600000000	0.0559762455
1597.5700000000	0.0560761687
1597.5800000000	0.0561503743
1597.5900000000	0.0561400019
1597.6000000000	0.0559828749
1597.6100000000	0.0559628778
1597.6200000000	0.0559305838
1597.6300000000	0.0557393669
1597.6400000000	0.0554959354
1597.6500000000	0.0554488506
1597.6600000000	0.0555055022
1597.6700000000	0.0555203733
1597.6800000000	0.0554638704
1597.6900000000	0.0555344553
1597.7000000000	0.0557849533
1597.7100000000	0.0560665104
1597.7200000000	0.0563989767
1597.7300000000	0.0565631144
1597.7400000000	0.0567882962
1597.7500000000	0.0569942352
1597.7600000000	0.0571221986
1597.7700000000	0.0571651035
1597.7800000000	0.0570557786
1597.7900000000	0.0568144986
1597.8000000000	0.0565987447
1597.8100000000	0.0564392749
1597.8200000000	0.0562769437
1597.8300000000	0.0560845801
1597.8400000000	0.0557865817
1597.8500000000	0.0554803647
1597.8600000000	0.0552481323
1597.8700000000	0.0550329297
1597.8800000000	0.0547413552
1597.8900000000	0.0543196854
1597.9000000000	0.0539053023
1597.9100000000	0.0536015044
1597.9200000000	0.0533721969
1597.9300000000	0.0531591070
1597.9400000000	0.0528734132
1597.9500000000	0.0528390893
1597.9600000000	0.0529228802
1597.9700000000	0.0529705523
1597.9800000000	0.0530315870
1597.9900000000	0.0533010666
1598.0000000000	0.0536043136
1598.0100000000	0.0538131457
1598.0200000000	0.0539653642
1598.0300000000	0.0541693065
1598.0400000000	0.0543098986
1598.0500000000	0.0543596980
1598.0600000000	0.0542868147
1598.0700000000	0.0541301210
1598.0800000000	0.0540045598
1598.0900000000	0.0539303322
1598.1000000000	0.0538774343
1598.1100000000	0.0537368958
1598.1200000000	0.0535743595
1598.1300000000	0.0534847973
1598.1400000000	0.0533651452
1598.1500000000	0.0532014405
1598.1600000000	0.0529955883
1598.1700000000	0.0526630285
1598.1800000000	0.0524692587
1598.1900000000	0.0523169315
1598.2000000000	0.0521374316
1598.2100000000	0.0519591529
1598.2200000000	0.0520365374
1598.2300000000	0.0521884139
1598.2400000000	0.0523781209
1598.2500000000	0.0526620808
1598.2600000000	0.0529785932
1598.2700000000	0.0533396484
1598.2800000000	0.0537010181
1598.2900000000	0.0540273314
1598.3000000000	0.0543397515
1598.3100000000	0.0546121841
1598.3200000000	0.0548319951
1598.3300000000	0.0549763479
1598.3400000000	0.0550315978
1598.3500000000	0.0550854656
1598.3600000000	0.0552079622
1598.3700000000	0.0553603684
1598.3800000000	0.0554228477
1598.3900000000	0.0554488506
1598.4000000000	0.0554385846
1598.4100000000	0.0554130966
1598.4200000000	0.0553939805
1598.4300000000	0.0552941596
1598.4400000000	0.0550989130
1598.4500000000	0.0548829224
1598.4600000000	0.0546603387
1598.4700000000	0.0543777053
1598.4800000000	0.0540814036
1598.4900000000	0.0538486305
1598.5000000000	0.0537887972
1598.5100000000	0.0538250672
1598.5200000000	0.0538398745
1598.5300000000	0.0538398745
1598.5400000000	0.0539720561
1598.5500000000	0.0541641479
1598.5600000000	0.0542547777
1598.5700000000	0.0542901777
1598.5800000000	0.0543255778
1598.5900000000	0.0542800457
1598.6000000000	0.0542331836
1598.6100000000	0.0541831279
1598.6200000000	0.0540809674
1598.6300000000	0.0539915688
1598.6400000000	0.0539089046
1598.6500000000	0.0538023327
1598.6600000000	0.0537202223
1598.6700000000	0.0536117586
1598.6800000000	0.0534465653
1598.6900000000	0.0533998372
1598.7000000000	0.0532469044
1598.7100000000	0.0530342846
1598.7200000000	0.0528010759
1598.7300000000	0.0526874297
1598.7400000000	0.0525739851
1598.7500000000	0.0524983088
1598.7600000000	0.0525205791
1598.7700000000	0.0526752784
1598.7800000000	0.0528941871
1598.7900000000	0.0531334407
1598.8000000000	0.0534065207
1598.8100000000	0.0537604154
1598.8200000000	0.0541552342
1598.8300000000	0.0544598643
1598.8400000000	0.0547744594
1598.8500000000	0.0550420982
1598.8600000000	0.0551483041
1598.8700000000	0.0551628182
1598.8800000000	0.0551056117
1598.8900000000	0.0550208164
1598.9000000000	0.0549682190
1598.9100000000	0.0549337000
1598.9200000000	0.0548706930
1598.9300000000	0.0547638450
1598.9400000000	0.0546572413
1598.9500000000	0.0545771467
1598.9600000000	0.0545280661
1598.9700000000	0.0543917759
1598.9800000000	0.0541694583
1598.9900000000	0.0539777830
1599.0000000000	0.0537702481
1599.0100000000	0.0536769112
1599.0200000000	0.0536084068
1599.0300000000	0.0535374402
1599.0400000000	0.0535329709
1599.0500000000	0.0536056433
1599.0600000000	0.0537753697
1599.0700000000	0.0540276831
1599.0800000000	0.0542894697
1599.0900000000	0.0546086107
1599.1000000000	0.0548027851
1599.1100000000	0.0549996186
1599.1200000000	0.0551359141
1599.1300000000	0.0551847662
1599.1400000000	0.0552849484
1599.1500000000	0.0553003338
1599.1600000000	0.0551938050
1599.1700000000	0.0550582474
1599.1800000000	0.0549688547
1599.1900000000	0.0548946482
1599.2000000000	0.0547557030
1599.2100000000	0.0546020618
1599.2200000000	0.0544133699
1599.2300000000	0.0542349536
1599.2400000000	0.0540730009
1599.2500000000	0.0537647864
1599.2600000000	0.0534072313
1599.2700000000	0.0530813486
1599.2800000000	0.0528364972
1599.2900000000	0.0525992485
1599.3000000000	0.0523682691
1599.3100000000	0.0522323811
1599.3200000000	0.0521951297
1599.3300000000	0.0522372904
1599.3400000000	0.0523362586
1599.3500000000	0.0524973950
1599.3600000000	0.0526270249
1599.3700000000	0.0527820871
1599.3800000000	0.0529350199
1599.3900000000	0.0530057032
1599.4000000000	0.0531384979
1599.4100000000	0.0532945203
1599.4200000000	0.0532894641
1599.4300000000	0.0533421351
1599.4400000000	0.0533285094
1599.4500000000	0.0532820966
1599.4600000000	0.0533851762
1599.4700000000	0.0534823193
1599.4800000000	0.0534318430
1599.4900000000	0.0533911816
1599.5000000000	0.0534416579
1599.5100000000	0.0534087081
1599.5200000000	0.0532327432
1599.5300000000	0.0530143161
1599.5400000000	0.0527849237
1599.5500000000	0.0526031072
1599.5600000000	0.0523652469
1599.5700000000	0.0521897214
1599.5800000000	0.0520813668
1599.5900000000	0.0520016155
1599.6000000000	0.0520129722
1599.6100000000	0.0520342364
1599.6200000000	0.0521142126
1599.6300000000	0.0523598234
1599.6400000000	0.0525828304
1599.6500000000	0.0527188440
1599.6600000000	0.0527293664
1599.6700000000	0.0527509397
1599.6800000000	0.0528394469
1599.6900000000	0.0528564318
1599.7000000000	0.0528208548
1599.7100000000	0.0527503982
1599.7200000000	0.0527287193
1599.7300000000	0.0528126038
1599.7400000000	0.0529017270
1599.7500000000	0.0529216951
1599.7600000000	0.0528855939
1599.7700000000	0.0529204053
1599.7800000000	0.0528991318
1599.7900000000	0.0527502317
1599.8000000000	0.0526790992
1599.8100000000	0.0525984500
1599.8200000000	0.0524822601
1599.8300000000	0.0523648857
1599.8400000000	0.0523189933
1599.8500000000	0.0522452693
1599.8600000000	0.0522885328
1599.8700000000	0.0525451576
1599.8800000000	0.0526899403
1599.8900000000	0.0528729480
1599.9000000000	0.0532416460
1599.9100000000	0.0535877475
1599.9200000000	0.0537851918
1599.9300000000	0.0539478446
1599.9400000000	0.0540817487
1599.9500000000	0.0541259215
1599.9600000000	0.0541468683
1599.9700000000	0.0540551270
1599.9800000000	0.0538528759
1599.9900000000	0.0537251783
1600.0000000000	0.0536764273
1600.0100000000	0.0535299983
1600.0200000000	0.0533427083
1600.0300000000	0.0532523245
1600.0400000000	0.0531751064
1600.0500000000	0.0530890102
1600.0600000000	0.0530525619
1600.0700000000	0.0529368802
1600.0800000000	0.0528062281
1600.0900000000	0.0527203859
1600.1000000000	0.0526733196
1600.1100000000	0.0526356342
1600.1200000000	0.0526942755
1600.1300000000	0.0528125357
1600.1400000000	0.0529767424
1600.1500000000	0.0532276079
1600.1600000000	0.0535522783
1600.1700000000	0.0538294942
1600.1800000000	0.0541355259
1600.1900000000	0.0544904738
1600.2000000000	0.0546885366
1600.2100000000	0.0547942890
1600.2200000000	0.0549195358
1600.2300000000	0.0549454190
1600.2400000000	0.0548140192
1600.2500000000	0.0546123996
1600.2600000000	0.0544568289
1600.2700000000	0.0543701818
1600.2800000000	0.0542407470
1600.2900000000	0.0541059741
1600.3000000000	0.0539340726
1600.3100000000	0.0537250425
1600.3200000000	0.0535815976
1600.3300000000	0.0533974035
1600.3400000000	0.0530759559
1600.3500000000	0.0527626624
1600.3600000000	0.0525054894
1600.3700000000	0.0522081414
1600.3800000000	0.0518840650
1600.3900000000	0.0516266256
1600.4000000000	0.0514984420
1600.4100000000	0.0513830379
1600.4200000000	0.0514085259
1600.4300000000	0.0514386934
1600.4400000000	0.0515880734
1600.4500000000	0.0517757884
1600.4600000000	0.0518741204
1600.4700000000	0.0519910336
1600.4800000000	0.0521356576
1600.4900000000	0.0522967916
1600.5000000000	0.0524532106
1600.5100000000	0.0524776013
1600.5200000000	0.0523858325
1600.5300000000	0.0523177296
1600.5400000000	0.0523861937
1600.5500000000	0.0524665175
1600.5600000000	0.0524604954
1600.5700000000	0.0524252446
1600.5800000000	0.0525078170
1600.5900000000	0.0526821707
1600.6000000000	0.0527141061
1600.6100000000	0.0526434451
1600.6200000000	0.0525939395
1600.6300000000	0.0525102047
1600.6400000000	0.0524454226
1600.6500000000	0.0523286687
1600.6600000000	0.0521290389
1600.6700000000	0.0520412789
1600.6800000000	0.0519334100
1600.6900000000	0.0518418796
1600.7000000000	0.0517861033
1600.7100000000	0.0518147360
1600.7200000000	0.0519275509
1600.7300000000	0.0519806053
1600.7400000000	0.0520038074
1600.7500000000	0.0520163594
1600.7600000000	0.0520420012
1600.7700000000	0.0520521135
1600.7800000000	0.0519481017
1600.7900000000	0.0517785843
1600.8000000000	0.0516269442
1600.8100000000	0.0515100674
1600.8200000000	0.0514290579
1600.8300000000	0.0513331238
1600.8400000000	0.0512769550
1600.8500000000	0.0512889902
1600.8600000000	0.0512561281
1600.8700000000	0.0511444814
1600.8800000000	0.0510472251
1600.8900000000	0.0509973397
1600.9000000000	0.0509319030
1600.9100000000	0.0508579683
1600.9200000000	0.0507820948
1600.9300000000	0.0507203197
1600.9400000000	0.0507781528
1600.9500000000	0.0508668282
1600.9600000000	0.0510588367
1600.9700000000	0.0512608056
1600.9800000000	0.0515086373
1600.9900000000	0.0518843923
1601.0000000000	0.0522497283
1601.0100000000	0.0525573057
1601.0200000000	0.0528437297
1601.0300000000	0.0531093430
1601.0400000000	0.0532940633
1601.0500000000	0.0532894641
1601.0600000000	0.0531656302
1601.0700000000	0.0530207524
1601.0800000000	0.0528773462
1601.0900000000	0.0527332754
1601.1000000000	0.0525634148
1601.1100000000	0.0524640147
1601.1200000000	0.0523117964
1601.1300000000	0.0521041229
1601.1400000000	0.0519972183
1601.1500000000	0.0518996329
1601.1600000000	0.0517974501
1601.1700000000	0.0516720894
1601.1800000000	0.0514922926
1601.1900000000	0.0513265957
1601.2000000000	0.0512454729
1601.2100000000	0.0512898160
1601.2200000000	0.0513370178
1601.2300000000	0.0513570401
1601.2400000000	0.0514520680
1601.2500000000	0.0516337765
1601.2600000000	0.0518082005
1601.2700000000	0.0520309529
1601.2800000000	0.0523053798
1601.2900000000	0.0524990537
1601.3000000000	0.0526490424
1601.3100000000	0.0527974488
1601.3200000000	0.0527582852
1601.3300000000	0.0526754312
1601.3400000000	0.0525725891
1601.3500000000	0.0525526848
1601.3600000000	0.0525526848
1601.3700000000	0.0525526848
1601.3800000000	0.0525240107
1601.3900000000	0.0525169307
1601.4000000000	0.0524604393
1601.4100000000	0.0524454226
1601.4200000000	0.0523889312
1601.4300000000	0.0523462226
1601.4400000000	0.0522595015
1601.4500000000	0.0520837859
1601.4600000000	0.0518551224
1601.4700000000	0.0517223341
1601.4800000000	0.0516733183
1601.4900000000	0.0515752602
1601.5000000000	0.0514952560
1601.5100000000	0.0515004138
1601.5200000000	0.0515565477
1601.5300000000	0.0516881946
1601.5400000000	0.0518061256
1601.5500000000	0.0520214671
1601.5600000000	0.0523121861
1601.5700000000	0.0526230735
1601.5800000000	0.0528082468
1601.5900000000	0.0529486285
1601.6000000000	0.0530392494
1601.6100000000	0.0530834236
1601.6200000000	0.0530576793
1601.6300000000	0.0531803946
1601.6400000000	0.0532592990
1601.6500000000	0.0532677950
1601.6600000000	0.0531445903
1601.6700000000	0.0531247642
1601.6800000000	0.0532782664
1601.6900000000	0.0533346081
1601.7000000000	0.0533707234
1601.7100000000	0.0532825173
1601.7200000000	0.0532086633
1601.7300000000	0.0531398940
1601.7400000000	0.0530716439
1601.7500000000	0.0528758744
1601.7600000000	0.0526047273
1601.7700000000	0.0524443710
1601.7800000000	0.0523622325
1601.7900000000	0.0522909651
1601.8000000000	0.0522904884
1601.8100000000	0.0523508008
1601.8200000000	0.0524475895
1601.8300000000	0.0525315242
1601.8400000000	0.0525265143
1601.8500000000	0.0524359369
1601.8600000000	0.0523816551
1601.8700000000	0.0523739145
1601.8800000000	0.0520867157
1601.8900000000	0.0518445093
1601.9000000000	0.0516554869
1601.9100000000	0.0515472941
1601.9200000000	0.0514747240
1601.9300000000	0.0513685233
1601.9400000000	0.0512644225
1601.9500000000	0.0512286576
1601.9600000000	0.0511896090
1601.9700000000	0.0510823910
1601.9800000000	0.0510029482
1601.9900000000	0.0508313380
1602.0000000000	0.0507291697
1602.0100000000	0.0506954395
1602.0200000000	0.0505665900
1602.0300000000	0.0505806529
1602.0400000000	0.0505861535
1602.0500000000	0.0506713323
1602.0600000000	0.0507208387
1602.0700000000	0.0508098928
1602.0800000000	0.0510753968
1602.0900000000	0.0513678120
1602.1000000000	0.0516251742
1602.1100000000	0.0517975405
1602.1200000000	0.0519951988
1602.1300000000	0.0521061094
1602.1400000000	0.0522345434
1602.1500000000	0.0521794900
1602.1600000000	0.0520648004
1602.1700000000	0.0518468160
1602.1800000000	0.0517247834
1602.1900000000	0.0515410262
1602.2000000000	0.0513656913
1602.2100000000	0.0511908322
1602.2200000000	0.0510870824
1602.2300000000	0.0511217492
1602.2400000000	0.0510466370
1602.2500000000	0.0509079546
1602.2600000000	0.0509058093
1602.2700000000	0.0508680742
1602.2800000000	0.0507958181
1602.2900000000	0.0505528294
1602.3000000000	0.0506191306
1602.3100000000	0.0505889038
1602.3200000000	0.0506819605
1602.3300000000	0.0507546101
1602.3400000000	0.0507944296
1602.3500000000	0.0509458299
1602.3600000000	0.0512749929
1602.3700000000	0.0515792698
1602.3800000000	0.0518091299
1602.3900000000	0.0520575307
1602.4000000000	0.0522766617
1602.4100000000	0.0525226514
1602.4200000000	0.0527414790
1602.4300000000	0.0527999982
1602.4400000000	0.0528387318
1602.4500000000	0.0528449499
1602.4600000000	0.0529102399
1602.4700000000	0.0529314799
1602.4800000000	0.0530444061
1602.4900000000	0.0531605183
1602.5000000000	0.0531484823
1602.5100000000	0.0530658964
1602.5200000000	0.0529398544
1602.5300000000	0.0528907377
1602.5400000000	0.0527289889
1602.5500000000	0.0523784272
1602.5600000000	0.0521947983
1602.5700000000	0.0519503504
1602.5800000000	0.0516801192
1602.5900000000	0.0514739043
1602.6000000000	0.0512695816
1602.6100000000	0.0510986429
1602.6200000000	0.0510547525
1602.6300000000	0.0510509708
1602.6400000000	0.0511118589
1602.6500000000	0.0511832608
1602.6600000000	0.0513143595
1602.6700000000	0.0513069844
1602.6800000000	0.0513012637
1602.6900000000	0.0513613306
1602.7000000000	0.0514328387
1602.7100000000	0.0512894560
1602.7200000000	0.0512654951
1602.7300000000	0.0513366333
1602.7400000000	0.0512982830
1602.7500000000	0.0512782409
1602.7600000000	0.0513922419
1602.7700000000	0.0515763236
1602.7800000000	0.0518050529
1602.7900000000	0.0518440249
1602.8000000000	0.0519188483
1602.8100000000	0.0520306610
1602.8200000000	0.0521735371
1602.8300000000	0.0522960344
1602.8400000000	0.0522280651
1602.8500000000	0.0522050427
1602.8600000000	0.0523360977
1602.8700000000	0.0523030874
1602.8800000000	0.0523371389
1602.8900000000	0.0524690338
1602.9000000000	0.0526039548
1602.9100000000	0.0528897569
1602.9200000000	0.0530052229
1602.9300000000	0.0531074289
1602.9400000000	0.0532764605
1602.9500000000	0.0532427672
1602.9600000000	0.0532922210
1602.9700000000	0.0531548567
1602.9800000000	0.0529778540
1602.9900000000	0.0527664940
1603.0000000000	0.0526036549
1603.0100000000	0.0524515084
1603.0200000000	0.0523724401
1603.0300000000	0.0522969884
1603.0400000000	0.0521864620
1603.0500000000	0.0520571696
1603.0600000000	0.0521264819
1603.0700000000	0.0521679578
1603.0800000000	0.0522524912
1603.0900000000	0.0520903703
1603.1000000000	0.0521236216
1603.1100000000	0.0521278696
1603.1200000000	0.0521969004
1603.1300000000	0.0522308983
1603.1400000000	0.0522298665
1603.1500000000	0.0521954736
1603.1600000000	0.0523955009
1603.1700000000	0.0526292524
1603.1800000000	0.0528066855
1603.1900000000	0.0529793181
1603.2000000000	0.0530727262
1603.2100000000	0.0532817357
1603.2200000000	0.0534483353
1603.2300000000	0.0535092234
1603.2400000000	0.0533587732
1603.2500000000	0.0531463622
1603.2600000000	0.0529598000
1603.2700000000	0.0527000829
1603.2800000000	0.0523145780
1603.2900000000	0.0518961671
1603.3000000000	0.0515431754
1603.3100000000	0.0512759240
1603.3200000000	0.0510203245
1603.3300000000	0.0507981240
1603.3400000000	0.0505536498
1603.3500000000	0.0506463336
1603.3600000000	0.0503673807
1603.3700000000	0.0502278904
1603.3800000000	0.0501924868
1603.3900000000	0.0501567328
1603.4000000000	0.0501209751
1603.4100000000	0.0500870124
1603.4200000000	0.0501605616
1603.4300000000	0.0503341249
1603.4400000000	0.0505343592
1603.4500000000	0.0507963464
1603.4600000000	0.0509216547
1603.4700000000	0.0511827500
1603.4800000000	0.0516014522
1603.4900000000	0.0519827042
1603.5000000000	0.0521869978
1603.5100000000	0.0523276446
1603.5200000000	0.0525399408
1603.5300000000	0.0526942945
1603.5400000000	0.0527314696
1603.5500000000	0.0527545834
1603.5600000000	0.0528156406
1603.5700000000	0.0529415247
1603.5800000000	0.0530904999
1603.5900000000	0.0529526978
1603.6000000000	0.0528499049
1603.6100000000	0.0529653607
1603.6200000000	0.0529817480
1603.6300000000	0.0527781688
1603.6400000000	0.0526326898
1603.6500000000	0.0525576408
1603.6600000000	0.0523222304
1603.6700000000	0.0522366189
1603.6800000000	0.0519677351
1603.6900000000	0.0517122558
1603.7000000000	0.0516280558
1603.7100000000	0.0517198986
1603.7200000000	0.0517303124
1603.7300000000	0.0517016417
1603.7400000000	0.0519077443
1603.7500000000	0.0521311849
1603.7600000000	0.0522195657
1603.7700000000	0.0523739145
1603.7800000000	0.0525155147
1603.7900000000	0.0525756948
1603.8000000000	0.0526342040
1603.8100000000	0.0527052683
1603.8200000000	0.0526638853
1603.8300000000	0.0526701718
1603.8400000000	0.0527683410
1603.8500000000	0.0526744761
1603.8600000000	0.0525692446
1603.8700000000	0.0526398353
1603.8800000000	0.0526287573
1603.8900000000	0.0526241929
1603.9000000000	0.0526241929
1603.9100000000	0.0526238389
1603.9200000000	0.0525884388
1603.9300000000	0.0525884388
1603.9400000000	0.0524496706
1603.9500000000	0.0521020281
1603.9600000000	0.0518819242
1603.9700000000	0.0518733432
1603.9800000000	0.0518054105
1603.9900000000	0.0516699135
1604.0000000000	0.0515648222
1604.0100000000	0.0516395781
1604.0200000000	0.0517407799
1604.0300000000	0.0517916196
1604.0400000000	0.0517777698
1604.0500000000	0.0517206916
1604.0600000000	0.0516945584
1604.0700000000	0.0516538969
1604.0800000000	0.0515239301
1604.0900000000	0.0513852858
1604.1000000000	0.0513175478
1604.1100000000	0.0512626415
1604.1200000000	0.0512297411
1604.1300000000	0.0512100763
1604.1400000000	0.0512535852
1604.1500000000	0.0513829873
1604.1600000000	0.0515325240
1604.1700000000	0.0517318276
1604.1800000000	0.0517493344
1604.1900000000	0.0518124119
1604.2000000000	0.0519738793
1604.2100000000	0.0521239756
1604.2200000000	0.0521593756
1604.2300000000	0.0522123024
1604.2400000000	0.0522843488
1604.2500000000	0.0523844948
1604.2600000000	0.0526043295
1604.2700000000	0.0527993991
1604.2800000000	0.0530553389
1604.2900000000	0.0532825134
1604.3000000000	0.0534406641
1604.3100000000	0.0536557897
1604.3200000000	0.0538791685
1604.3300000000	0.0539712087
1604.3400000000	0.0539591726
1604.3500000000	0.0538303164
1604.3600000000	0.0537214166
1604.3700000000	0.0536732606
1604.3800000000	0.0534942422
1604.3900000000	0.0531930267
1604.4000000000	0.0528434268
1604.4100000000	0.0526559381
1604.4200000000	0.0526241929
1604.4300000000	0.0524901152
1604.4400000000	0.0522719774
1604.4500000000	0.0521363102
1604.4600000000	0.0521574738
1604.4700000000	0.0520893419
1604.4800000000	0.0519504598
1604.4900000000	0.0517069491
1604.5000000000	0.0516279577
1604.5100000000	0.0516230502
1604.5200000000	0.0514585816
1604.5300000000	0.0513455988
1604.5400000000	0.0512712169
1604.5500000000	0.0513622545
1604.5600000000	0.0514664961
1604.5700000000	0.0515697629
1604.5800000000	0.0515872962
1604.5900000000	0.0516687742
1604.6000000000	0.0517967232
1604.6100000000	0.0518375891
1604.6200000000	0.0518375891
1604.6300000000	0.0517948245
1604.6400000000	0.0517243004
1604.6500000000	0.0516116089
1604.6600000000	0.0514694140
1604.6700000000	0.0513473865
1604.6800000000	0.0512808756
1604.6900000000	0.0512247355
1604.7000000000	0.0511736072
1604.7100000000	0.0511582330
1604.7200000000	0.0511354112
1604.7300000000	0.0510209835
1604.7400000000	0.0508683969
1604.7500000000	0.0507187441
1604.7600000000	0.0505747122
1604.7700000000	0.0504005214
1604.7800000000	0.0501613831
1604.7900000000	0.0498786297
1604.8000000000	0.0498045913
1604.8100000000	0.0497684761
1604.8200000000	0.0498894748
1604.8300000000	0.0498438720
1604.8400000000	0.0499895350
1604.8500000000	0.0501931915
1604.8600000000	0.0505195501
1604.8700000000	0.0507565111
1604.8800000000	0.0509093262
1604.8900000000	0.0510218121
1604.9000000000	0.0512009296
1604.9100000000	0.0513622512
1604.9200000000	0.0514322439
1604.9300000000	0.0514676440
1604.9400000000	0.0514800340
1604.9500000000	0.0515026901
1604.9600000000	0.0514930355
1604.9700000000	0.0515493752
1604.9800000000	0.0516342460
1604.9900000000	0.0516831318
1605.0000000000	0.0518257940
1605.0100000000	0.0519589247
1605.0200000000	0.0520114147
1605.0300000000	0.0520484275
1605.0400000000	0.0519233989
1605.0500000000	0.0517465656
1605.0600000000	0.0516652400
1605.0700000000	0.0515937319
1605.0800000000	0.0515547600
1605.0900000000	0.0514549000
1605.1000000000	0.0515408159
1605.1100000000	0.0515515421
1605.1200000000	0.0515824364
1605.1300000000	0.0516475873
1605.1400000000	0.0516296456
1605.1500000000	0.0516230502
1605.1600000000	0.0515699299
1605.1700000000	0.0515763997
1605.1800000000	0.0515178312
1605.1900000000	0.0513925581
1605.2000000000	0.0512520490
1605.2100000000	0.0511313289
1605.2200000000	0.0510251288
1605.2300000000	0.0509189286
1605.2400000000	0.0508521782
1605.2500000000	0.0509375690
1605.2600000000	0.0510559764
1605.2700000000	0.0511075206
1605.2800000000	0.0511224789
1605.2900000000	0.0511224789
1605.3000000000	0.0511729109
1605.3100000000	0.0511939870
1605.3200000000	0.0512769329
1605.3300000000	0.0511305083
1605.3400000000	0.0509982612
1605.3500000000	0.0509494871
1605.3600000000	0.0509437086
1605.3700000000	0.0509437086
1605.3800000000	0.0510017647
1605.3900000000	0.0510152167
1605.4000000000	0.0511299129
1605.4100000000	0.0513281648
1605.4200000000	0.0515126021
1605.4300000000	0.0516335661
1605.4400000000	0.0515811669
1605.4500000000	0.0515031890
1605.4600000000	0.0514119638
1605.4700000000	0.0512448737
1605.4800000000	0.0510145087
1605.4900000000	0.0507263441
1605.5000000000	0.0504077292
1605.5100000000	0.0501475323
1605.5200000000	0.0499351242
1605.5300000000	0.0497973899
1605.5400000000	0.0497262571
1605.5500000000	0.0496353584
1605.5600000000	0.0496256576
1605.5700000000	0.0496787241
1605.5800000000	0.0496922730
1605.5900000000	0.0497182418
1605.6000000000	0.0497280271
1605.6100000000	0.0497280271
1605.6200000000	0.0498807391
1605.6300000000	0.0500009399
1605.6400000000	0.0501386823
1605.6500000000	0.0503726892
1605.6600000000	0.0506509356
1605.6700000000	0.0509061647
1605.6800000000	0.0511278962
1605.6900000000	0.0514657304
1605.7000000000	0.0517642733
1605.7100000000	0.0520153078
1605.7200000000	0.0521968440
1605.7300000000	0.0522853807
1605.7400000000	0.0523281906
1605.7500000000	0.0524357965
1605.7600000000	0.0524811767
1605.7700000000	0.0524138749
1605.7800000000	0.0523308708
1605.7900000000	0.0523232924
1605.8000000000	0.0523174231
1605.8100000000	0.0522609317
1605.8200000000	0.0521686778
1605.8300000000	0.0520821469
1605.8400000000	0.0520102198
1605.8500000000	0.0519379894
1605.8600000000	0.0518224207
1605.8700000000	0.0516086803
1605.8800000000	0.0513940721
1605.8900000000	0.0511262463
1605.9000000000	0.0507942146
1605.9100000000	0.0505814106
1605.9200000000	0.0504647960
1605.9300000000	0.0503882913
1605.9400000000	0.0503452368
1605.9500000000	0.0503358606
1605.9600000000	0.0503358606
1605.9700000000	0.0503615128
1605.9800000000	0.0503716292
1605.9900000000	0.0503716292
1606.0000000000	0.0503250720
1606.0100000000	0.0502788565
1606.0200000000	0.0502451262
1606.0300000000	0.0501759987
1606.0400000000	0.0499895303
1606.0500000000	0.0497884271
1606.0600000000	0.0497133048
1606.0700000000	0.0496781130
1606.0800000000	0.0496146867
1606.0900000000	0.0495632009
1606.1000000000	0.0496407872
1606.1100000000	0.0497702819
1606.1200000000	0.0498644822
1606.1300000000	0.0499222930
1606.1400000000	0.0499425660
1606.1500000000	0.0499600706
1606.1600000000	0.0499584998
1606.1700000000	0.0498291433
1606.1800000000	0.0497637811
1606.1900000000	0.0497099658
1606.2000000000	0.0496922730
1606.2100000000	0.0497448525
1606.2200000000	0.0497379391
1606.2300000000	0.0498824951
1606.2400000000	0.0500739074
1606.2500000000	0.0501213362
1606.2600000000	0.0502045191
1606.2700000000	0.0502564866
1606.2800000000	0.0503726670
1606.2900000000	0.0503553036
1606.3000000000	0.0502358881
1606.3100000000	0.0502165658
1606.3200000000	0.0501834719
1606.3300000000	0.0501357754
1606.3400000000	0.0500810695
1606.3500000000	0.0500498281
1606.3600000000	0.0501863436
1606.3700000000	0.0503803789
1606.3800000000	0.0504225516
1606.3900000000	0.0504695953
1606.4000000000	0.0505967735
1606.4100000000	0.0506976220
1606.4200000000	0.0507681098
1606.4300000000	0.0508006779
1606.4400000000	0.0507154767
1606.4500000000	0.0507048266
1606.4600000000	0.0507291697
1606.4700000000	0.0507831657
1606.4800000000	0.0508006779
1606.4900000000	0.0508525668
1606.5000000000	0.0509479150
1606.5100000000	0.0511777030
1606.5200000000	0.0513888567
1606.5300000000	0.0514687060
1606.5400000000	0.0516259106
1606.5500000000	0.0517422401
1606.5600000000	0.0518114612
1606.5700000000	0.0517949593
1606.5800000000	0.0516475738
1606.5900000000	0.0514968797
1606.6000000000	0.0513252086
1606.6100000000	0.0510674727
1606.6200000000	0.0508496313
1606.6300000000	0.0507649238
1606.6400000000	0.0507256297
1606.6500000000	0.0506066856
1606.6600000000	0.0504774754
1606.6700000000	0.0503953472
1606.6800000000	0.0503835472
1606.6900000000	0.0503828199
1606.7000000000	0.0502473783
1606.7100000000	0.0500457735
1606.7200000000	0.0499486518
1606.7300000000	0.0498212234
1606.7400000000	0.0496103847
1606.7500000000	0.0494702999
1606.7600000000	0.0494643861
1606.7700000000	0.0495232539
1606.7800000000	0.0495723705
1606.7900000000	0.0496561541
1606.8000000000	0.0497406674
1606.8100000000	0.0499111412
1606.8200000000	0.0501278370
1606.8300000000	0.0502679279
1606.8400000000	0.0502753265
1606.8500000000	0.0504597707
1606.8600000000	0.0505985435
1606.8700000000	0.0505521351
1606.8800000000	0.0504706404
1606.8900000000	0.0504225100
1606.9000000000	0.0504645897
1606.9100000000	0.0505325224
1606.9200000000	0.0505328800
1606.9300000000	0.0504792525
1606.9400000000	0.0505146454
1606.9500000000	0.0506576616
1606.9600000000	0.0507112927
1606.9700000000	0.0506226156
1606.9800000000	0.0506029579
1606.9900000000	0.0506397846
1607.0000000000	0.0505067419
1607.0100000000	0.0504073832
1607.0200000000	0.0504977093
1607.0300000000	0.0505503995
1607.0400000000	0.0505749578
1607.0500000000	0.0506868486
1607.0600000000	0.0508573892
1607.0700000000	0.0510881550
1607.0800000000	0.0513853866
1607.0900000000	0.0515781824
1607.1000000000	0.0515992142
1607.1100000000	0.0517492504
1607.1200000000	0.0519273248
1607.1300000000	0.0519590835
1607.1400000000	0.0518414450
1607.1500000000	0.0517858672
1607.1600000000	0.0517098886
1607.1700000000	0.0516063650
1607.1800000000	0.0516022788
1607.1900000000	0.0516364580
1607.2000000000	0.0516833414
1607.2100000000	0.0518237733
1607.2200000000	0.0520387933
1607.2300000000	0.0520984875
1607.2400000000	0.0521443589
1607.2500000000	0.0522056074
1607.2600000000	0.0521879891
1607.2700000000	0.0520221968
1607.2800000000	0.0518368284
1607.2900000000	0.0517088687
1607.3000000000	0.0514935829
1607.3100000000	0.0512105540
1607.3200000000	0.0509670429
1607.3300000000	0.0507848765
1607.3400000000	0.0507057061
1607.3500000000	0.0506193274
1607.3600000000	0.0505611257
1607.3700000000	0.0505008394
1607.3800000000	0.0504542211
1607.3900000000	0.0503937967
1607.4000000000	0.0502729380
1607.4100000000	0.0501289204
1607.4200000000	0.0500605543
1607.4300000000	0.0499762168
1607.4400000000	0.0498724235
1607.4500000000	0.0498573007
1607.4600000000	0.0499329399
1607.4700000000	0.0500366373
1607.4800000000	0.0501227384
1607.4900000000	0.0501749673
1607.5000000000	0.0502100203
1607.5100000000	0.0503117953
1607.5200000000	0.0504904482
1607.5300000000	0.0506197623
1607.5400000000	0.0506576616
1607.5500000000	0.0506576616
1607.5600000000	0.0506222687
1607.5700000000	0.0506042111
1607.5800000000	0.0506403263
1607.5900000000	0.0506193274
1607.6000000000	0.0505861535
1607.6100000000	0.0506990611
1607.6200000000	0.0508627870
1607.6300000000	0.0510867249
1607.6400000000	0.0513096722
1607.6500000000	0.0514471120
1607.6600000000	0.0515042206
1607.6700000000	0.0515395061
1607.6800000000	0.0515515421
1607.6900000000	0.0514800340
1607.7000000000	0.0513005389
1607.7100000000	0.0510653425
1607.7200000000	0.0508466529
1607.7300000000	0.0507036311
1607.7400000000	0.0506009364
1607.7500000000	0.0504977997
1607.7600000000	0.0503937059
1607.7700000000	0.0503358606
1607.7800000000	0.0503653111
1607.7900000000	0.0504073832
1607.8000000000	0.0503935772
1607.8100000000	0.0503850812
1607.8200000000	0.0504073832
1607.8300000000	0.0503558922
1607.8400000000	0.0502378134
1607.8500000000	0.0501928444
1607.8600000000	0.0502532945
1607.8700000000	0.0503686418
1607.8800000000	0.0504438980
1607.8900000000	0.0505199705
1607.9000000000	0.0507580130
1607.9100000000	0.0510677533
1607.9200000000	0.0512791756
1607.9300000000	0.0514309598
1607.9400000000	0.0515711718
1607.9500000000	0.0518014756
1607.9600000000	0.0519986630
1607.9700000000	0.0520521135
1607.9800000000	0.0520289997
1607.9900000000	0.0520163594
1608.0000000000	0.0519945665
1608.0100000000	0.0519806053
1608.0200000000	0.0519063469
1608.0300000000	0.0518375891
1608.0400000000	0.0518375891
1608.0500000000	0.0518375891
1608.0600000000	0.0518375891
1608.0700000000	0.0518007785
1608.0800000000	0.0517067147
1608.0900000000	0.0516230502
1608.1000000000	0.0515150730
1608.1100000000	0.0513956544
1608.1200000000	0.0512404769
1608.1300000000	0.0510733622
1608.1400000000	0.0509168880
1608.1500000000	0.0507361731
1608.1600000000	0.0506071396
1608.1700000000	0.0506397846
1608.1800000000	0.0507349365
1608.1900000000	0.0508330892
1608.2000000000	0.0509182206
1608.2100000000	0.0510810042
1608.2200000000	0.0512262011
1608.2300000000	0.0512654951
1608.2400000000	0.0512654951
1608.2500000000	0.0512185454
1608.2600000000	0.0511701510
1608.2700000000	0.0511103225
1608.2800000000	0.0509704374
1608.2900000000	0.0509079546
1608.3000000000	0.0509291293
1608.3100000000	0.0509835882
1608.3200000000	0.0510527064
1608.3300000000	0.0511042581
1608.3400000000	0.0512517501
1608.3500000000	0.0514383788
1608.3600000000	0.0514800340
1608.3700000000	0.0514938400
1608.3800000000	0.0515023361
1608.3900000000	0.0514538380
1608.4000000000	0.0513570348
1608.4100000000	0.0511890310
1608.4200000000	0.0510134290
1608.4300000000	0.0509054007
1608.4400000000	0.0508364465
1608.4500000000	0.0507878896
1608.4600000000	0.0507109124
1608.4700000000	0.0507730411
1608.4800000000	0.0508772061
1608.4900000000	0.0508675985
1608.5000000000	0.0507963938
1608.5100000000	0.0507849461
1608.5200000000	0.0508411351
1608.5300000000	0.0508722005
1608.5400000000	0.0508722005
1608.5500000000	0.0508722005
1608.5600000000	0.0508923339
1608.5700000000	0.0509465129
1608.5800000000	0.0509610650
1608.5900000000	0.0509610650
1608.6000000000	0.0509954669
1608.6100000000	0.0510295184
1608.6200000000	0.0510636910
1608.6300000000	0.0510867249
1608.6400000000	0.0510759986
1608.6500000000	0.0510401362
1608.6600000000	0.0510041330
1608.6700000000	0.0509462114
1608.6800000000	0.0508056935
1608.6900000000	0.0506016831
1608.7000000000	0.0504216802
1608.7100000000	0.0502647211
1608.7200000000	0.0501662190
1608.7300000000	0.0501213362
1608.7400000000	0.0501928444
1608.7500000000	0.0502446132
1608.7600000000	0.0502922853
1608.7700000000	0.0503133761
1608.7800000000	0.0502765162
1608.7900000000	0.0502154643
1608.8000000000	0.0500448226
1608.8100000000	0.0500032395
1608.8200000000	0.0498638969
1608.8300000000	0.0496493682
1608.8400000000	0.0494848995
1608.8500000000	0.0494167140
1608.8600000000	0.0494570113
1608.8700000000	0.0494279734
1608.8800000000	0.0494767271
1608.8900000000	0.0496006745
1608.9000000000	0.0497985121
1608.9100000000	0.0500391707
1608.9200000000	0.0502107214
1608.9300000000	0.0503163976
1608.9400000000	0.0504389309
1608.9500000000	0.0505634975
1608.9600000000	0.0506219076
1608.9700000000	0.0506219076
1608.9800000000	0.0506675736
1608.9900000000	0.0507892427
1609.0000000000	0.0508876817
1609.0100000000	0.0509900430
1609.0200000000	0.0511733455
1609.0300000000	0.0513760822
1609.0400000000	0.0515984693
1609.0500000000	0.0518219408
1609.0600000000	0.0519779708
1609.0700000000	0.0521117036
1609.0800000000	0.0522533272
1609.0900000000	0.0522568375
1609.1000000000	0.0521204724
1609.1100000000	0.0520089254
1609.1200000000	0.0519806053
1609.1300000000	0.0518505906
1609.1400000000	0.0516134023
1609.1500000000	0.0514516411
1609.1600000000	0.0512891128
1609.1700000000	0.0512120343
1609.1800000000	0.0511325980
1609.1900000000	0.0509423201
1609.2000000000	0.0508088288
1609.2100000000	0.0506842117
1609.2200000000	0.0505373014
1609.2300000000	0.0504381761
1609.2400000000	0.0501999952
1609.2500000000	0.0499761531
1609.2600000000	0.0499068119
1609.2700000000	0.0498808037
1609.2800000000	0.0498080130
1609.2900000000	0.0497637811
1609.3000000000	0.0498566743
1609.3100000000	0.0500453589
1609.3200000000	0.0501213362
1609.3300000000	0.0502528189
1609.3400000000	0.0504104879
1609.3500000000	0.0506023719
1609.3600000000	0.0506313719
1609.3700000000	0.0506735917
1609.3800000000	0.0507438920
1609.3900000000	0.0508400175
1609.4000000000	0.0509480425
1609.4100000000	0.0511348834
1609.4200000000	0.0512994542
1609.4300000000	0.0514957658
1609.4400000000	0.0516278633
1609.4500000000	0.0518289063
1609.4600000000	0.0520486422
1609.4700000000	0.0522791434
1609.4800000000	0.0523529434
1609.4900000000	0.0522788018
1609.5000000000	0.0522121458
1609.5100000000	0.0521236216
1609.5200000000	0.0519469965
1609.5300000000	0.0516988139
1609.5400000000	0.0514828943
1609.5500000000	0.0513055472
1609.5600000000	0.0511253392
1609.5700000000	0.0509660107
1609.5800000000	0.0508385849
1609.5900000000	0.0508180090
1609.6000000000	0.0508554646
1609.6100000000	0.0508722005
1609.6200000000	0.0509920146
1609.6300000000	0.0511018374
1609.6400000000	0.0511981934
1609.6500000000	0.0513040913
1609.6600000000	0.0512886348
1609.6700000000	0.0511943410
1609.6800000000	0.0512059050
1609.6900000000	0.0512539383
1609.7000000000	0.0512163784
1609.7100000000	0.0510706355
1609.7200000000	0.0509912650
1609.7300000000	0.0510940145
1609.7400000000	0.0512244831
1609.7500000000	0.0512445240
1609.7600000000	0.0512874276
1609.7700000000	0.0513196515
1609.7800000000	0.0512542663
1609.7900000000	0.0511655226
1609.8000000000	0.0510950314
1609.8100000000	0.0509946311
1609.8200000000	0.0508501644
1609.8300000000	0.0507068677
1609.8400000000	0.0505794275
1609.8500000000	0.0505008394
1609.8600000000	0.0504788914
1609.8700000000	0.0504788914
1609.8800000000	0.0504167041
1609.8900000000	0.0502239348
1609.9000000000	0.0501430996
1609.9100000000	0.0501089164
1609.9200000000	0.0498168858
1609.9300000000	0.0494734483
1609.9400000000	0.0492982559
1609.9500000000	0.0491194785
1609.9600000000	0.0488550981
1609.9700000000	0.0486152884
1609.9800000000	0.0484733455
1609.9900000000	0.0484408374
1610.0000000000	0.0484408374
1610.0100000000	0.0484408374
1610.0200000000	0.0486118296
1610.0300000000	0.0488341466
1610.0400000000	0.0489955598
1610.0500000000	0.0491109997
1610.0600000000	0.0491944520
1610.0700000000	0.0493177161
1610.0800000000	0.0495832051
1610.0900000000	0.0497459041
1610.1000000000	0.0497460847
1610.1100000000	0.0498549614
1610.1200000000	0.0499786740
1610.1300000000	0.0501202742
1610.1400000000	0.0502979896
1610.1500000000	0.0504942145
1610.1600000000	0.0507550421
1610.1700000000	0.0510408091
1610.1800000000	0.0512959895
1610.1900000000	0.0514710955
1610.2000000000	0.0516189957
1610.2100000000	0.0517933537
1610.2200000000	0.0518653168
1610.2300000000	0.0517324824
1610.2400000000	0.0516391746
1610.2500000000	0.0515685342
1610.2600000000	0.0515249019
1610.2700000000	0.0513848079
1610.2800000000	0.0512848062
1610.2900000000	0.0512913477
1610.3000000000	0.0513527496
1610.3100000000	0.0513977650
1610.3200000000	0.0514550736
1610.3300000000	0.0515437842
1610.3400000000	0.0515680699
1610.3500000000	0.0514807283
1610.3600000000	0.0513235589
1610.3700000000	0.0512131030
1610.3800000000	0.0511614190
1610.3900000000	0.0510581216
1610.4000000000	0.0509311947
1610.4100000000	0.0509043792
1610.4200000000	0.0509919766
1610.4300000000	0.0510345531
1610.4400000000	0.0510325409
1610.4500000000	0.0511254584
1610.4600000000	0.0513134210
1610.4700000000	0.0515586929
1610.4800000000	0.0515644744
1610.4900000000	0.0514896453
1610.5000000000	0.0515941427
1610.5100000000	0.0516230502
1610.5200000000	0.0515366157
1610.5300000000	0.0514057756
1610.5400000000	0.0512936162
1610.5500000000	0.0512654951
1610.5600000000	0.0512654951
1610.5700000000	0.0512391310
1610.5800000000	0.0511228401
1610.5900000000	0.0510601748
1610.6000000000	0.0510766582
1610.6100000000	0.0510623158
1610.6200000000	0.0509811983
1610.6300000000	0.0508326190
1610.6400000000	0.0506580122
1610.6500000000	0.0503563987
1610.6600000000	0.0500911907
1610.6700000000	0.0499540073
1610.6800000000	0.0498250800
1610.6900000000	0.0497218875
1610.7000000000	0.0496922730
1610.7100000000	0.0497145281
1610.7200000000	0.0497739966
1610.7300000000	0.0499169192
1610.7400000000	0.0500987163
1610.7500000000	0.0502583935
1610.7600000000	0.0505519508
1610.7700000000	0.0506834199
1610.7800000000	0.0508624840
1610.7900000000	0.0509429638
1610.8000000000	0.0509787547
1610.8100000000	0.0509447706
1610.8200000000	0.0509780467
1610.8300000000	0.0510474308
1610.8400000000	0.0510852802
1610.8500000000	0.0511907367
1610.8600000000	0.0514041918
1610.8700000000	0.0514432180
1610.8800000000	0.0514109324
1610.8900000000	0.0516667882
1610.9000000000	0.0517570539
1610.9100000000	0.0517062496
1610.9200000000	0.0516097702
1610.9300000000	0.0515336651
1610.9400000000	0.0513897976
1610.9500000000	0.0512886348
1610.9600000000	0.0512897022
1610.9700000000	0.0511067518
1610.9800000000	0.0508432984
1610.9900000000	0.0506662426
1611.0000000000	0.0504997774
1611.0100000000	0.0504672093
1611.0200000000	0.0503840096
1611.0300000000	0.0502621178
1611.0400000000	0.0500109650
1611.0500000000	0.0498516140
1611.0600000000	0.0498018670
1611.0700000000	0.0495194618
1611.0800000000	0.0493073771
1611.0900000000	0.0492323155
1611.1000000000	0.0491622572
1611.1100000000	0.0490915195
1611.1200000000	0.0489879036
1611.1300000000	0.0491071921
1611.1400000000	0.0491527298
1611.1500000000	0.0492203757
1611.1600000000	0.0494483025
1611.1700000000	0.0494777487
1611.1800000000	0.0495681854
1611.1900000000	0.0496733444
1611.2000000000	0.0496638086
1611.2100000000	0.0496016729
1611.2200000000	0.0495850109
1611.2300000000	0.0495333268
1611.2400000000	0.0494609662
1611.2500000000	0.0494954451
1611.2600000000	0.0494861399
1611.2700000000	0.0496463035
1611.2800000000	0.0498063971
1611.2900000000	0.0499219775
1611.3000000000	0.0501473392
1611.3100000000	0.0503455564
1611.3200000000	0.0506030694
1611.3300000000	0.0506219076
1611.3400000000	0.0506241657
1611.3500000000	0.0506536070
1611.3600000000	0.0506115868
1611.3700000000	0.0505065337
1611.3800000000	0.0502855130
1611.3900000000	0.0502128666
1611.4000000000	0.0501570903
1611.4100000000	0.0501570903
1611.4200000000	0.0501726663
1611.4300000000	0.0502285984
1611.4400000000	0.0502420504
1611.4500000000	0.0502937970
1611.4600000000	0.0502699065
1611.4700000000	0.0503088782
1611.4800000000	0.0503620938
1611.4900000000	0.0502265553
1611.5000000000	0.0501244009
1611.5100000000	0.0500879887
1611.5200000000	0.0500536098
1611.5300000000	0.0500498281
1611.5400000000	0.0499901223
1611.5500000000	0.0500656020
1611.5600000000	0.0502014253
1611.5700000000	0.0504023749
1611.5800000000	0.0505589804
1611.5900000000	0.0508225801
1611.6000000000	0.0509027942
1611.6100000000	0.0511962216
1611.6200000000	0.0515283194
1611.6300000000	0.0516208156
1611.6400000000	0.0516938056
1611.6500000000	0.0516719779
1611.6600000000	0.0518419672
1611.6700000000	0.0518635283
1611.6800000000	0.0518018351
1611.6900000000	0.0518081446
1611.7000000000	0.0518758212
1611.7100000000	0.0519069520
1611.7200000000	0.0518711763
1611.7300000000	0.0518350863
1611.7400000000	0.0517944001
1611.7500000000	0.0516904329
1611.7600000000	0.0516202732
1611.7700000000	0.0514814225
1611.7800000000	0.0513082063
1611.7900000000	0.0511013052
1611.8000000000	0.0508911291
1611.8100000000	0.0507445946
1611.8200000000	0.0506355782
1611.8300000000	0.0506219076
1611.8400000000	0.0506853893
1611.8500000000	0.0507255582
1611.8600000000	0.0508933599
1611.8700000000	0.0510422147
1611.8800000000	0.0511195602
1611.8900000000	0.0512275521
1611.9000000000	0.0511939870
1611.9100000000	0.0512266982
1611.9200000000	0.0511505439
1611.9300000000	0.0510479279
1611.9400000000	0.0508722005
1611.9500000000	0.0508814045
1611.9600000000	0.0508991046
1611.9700000000	0.0508891925
1611.9800000000	0.0509437086
1611.9900000000	0.0509673063
1612.0000000000	0.0510588367
1612.0100000000	0.0511024566
1612.0200000000	0.0511738090
1612.0300000000	0.0512297411
1612.0400000000	0.0511922514
1612.0500000000	0.0510100098
1612.0600000000	0.0509629608
1612.0700000000	0.0508228248
1612.0800000000	0.0506515324
1612.0900000000	0.0504472235
1612.1000000000	0.0500760487
1612.1100000000	0.0499529798
1612.1200000000	0.0499750697
1612.1300000000	0.0499783200
1612.1400000000	0.0497789506
1612.1500000000	0.0497637811
1612.1600000000	0.0496619362
1612.1700000000	0.0497251379
1612.1800000000	0.0498320389
1612.1900000000	0.0496911071
1612.2000000000	0.0495850109
1612.2100000000	0.0496114378
1612.2200000000	0.0497372420
1612.2300000000	0.0497541550
1612.2400000000	0.0497692851
1612.2500000000	0.0499274392
1612.2600000000	0.0500308995
1612.2700000000	0.0501516730
1612.2800000000	0.0503792010
1612.2900000000	0.0506681374
1612.3000000000	0.0509440626
1612.3100000000	0.0511113709
1612.3200000000	0.0510465015
1612.3300000000	0.0510121226
1612.3400000000	0.0509811983
1612.3500000000	0.0510138282
1612.3600000000	0.0509444029
1612.3700000000	0.0508406120
1612.3800000000	0.0507018293
1612.3900000000	0.0506934157
1612.4000000000	0.0505957115
1612.4100000000	0.0506186897
1612.4200000000	0.0505896935
1612.4300000000	0.0506826895
1612.4400000000	0.0506934157
1612.4500000000	0.0506605508
1612.4600000000	0.0506244356
1612.4700000000	0.0506911811
1612.4800000000	0.0505434789
1612.4900000000	0.0503282533
1612.5000000000	0.0502462873
1612.5100000000	0.0501647519
1612.5200000000	0.0501676706
1612.5300000000	0.0500582194
1612.5400000000	0.0499490667
1612.5500000000	0.0498811701
1612.5600000000	0.0499487056
1612.5700000000	0.0500281590
1612.5800000000	0.0500222161
1612.5900000000	0.0501107162
1612.6000000000	0.0500753162
1612.6100000000	0.0500101801
1612.6200000000	0.0498599460
1612.6300000000	0.0496871653
1612.6400000000	0.0495104355
1612.6500000000	0.0493154657
1612.6600000000	0.0491882638
1612.6700000000	0.0491559476
1612.6800000000	0.0491577176
1612.6900000000	0.0491917017
1612.7000000000	0.0491917017
1612.7100000000	0.0491938469
1612.7200000000	0.0493025396
1612.7300000000	0.0494819967
1612.7400000000	0.0496922730
1612.7500000000	0.0496945552
1612.7600000000	0.0497739442
1612.7700000000	0.0498870331
1612.7800000000	0.0499485219
1612.7900000000	0.0498352892
1612.8000000000	0.0498751019
1612.8100000000	0.0499783200
1612.8200000000	0.0499902380
1612.8300000000	0.0500494810
1612.8400000000	0.0501648020
1612.8500000000	0.0503247566
1612.8600000000	0.0504788914
1612.8700000000	0.0504958834
1612.8800000000	0.0505666835
1612.8900000000	0.0506296956
1612.9000000000	0.0506649513
1612.9100000000	0.0506627694
1612.9200000000	0.0505102187
1612.9300000000	0.0504788914
1612.9400000000	0.0504788914
1612.9500000000	0.0504788914
1612.9600000000	0.0505136040
1612.9700000000	0.0505483167
1612.9800000000	0.0506492489
1612.9900000000	0.0507544079
1613.0000000000	0.0508286569
1613.0100000000	0.0509000887
1613.0200000000	0.0508764485
1613.0300000000	0.0509039819
1613.0400000000	0.0510391756
1613.0500000000	0.0508475044
1613.0600000000	0.0507671133
1613.0700000000	0.0507637827
1613.0800000000	0.0506602961
1613.0900000000	0.0506843831
1613.1000000000	0.0506219076
1613.1100000000	0.0506431476
1613.1200000000	0.0507560765
1613.1300000000	0.0508594539
1613.1400000000	0.0508066983
1613.1500000000	0.0508248872
1613.1600000000	0.0507526446
1613.1700000000	0.0506804142
1613.1800000000	0.0505947345
1613.1900000000	0.0504327208
1613.2000000000	0.0501619478
1613.2100000000	0.0497363563
1613.2200000000	0.0492677225
1613.2300000000	0.0489600004
1613.2400000000	0.0487128625
1613.2500000000	0.0484324247
1613.2600000000	0.0481530348
1613.2700000000	0.0479760201
1613.2800000000	0.0480464700
1613.2900000000	0.0479388215
1613.3000000000	0.0478008614
1613.3100000000	0.0479771151
1613.3200000000	0.0480210037
1613.3300000000	0.0481963964
1613.3400000000	0.0482732403
1613.3500000000	0.0484177725
1613.3600000000	0.0487234243
1613.3700000000	0.0488980518
1613.3800000000	0.0491238796
1613.3900000000	0.0493776967
1613.4000000000	0.0496995673
1613.4100000000	0.0500675358
1613.4200000000	0.0504378793
1613.4300000000	0.0506666001
1613.4400000000	0.0508632511
1613.4500000000	0.0511046019
1613.4600000000	0.0513093149
1613.4700000000	0.0514522639
1613.4800000000	0.0514662825
1613.4900000000	0.0514195272
1613.5000000000	0.0514800340
1613.5100000000	0.0514800340
1613.5200000000	0.0514807150
1613.5300000000	0.0515147665
1613.5400000000	0.0514827581
1613.5500000000	0.0515119697
1613.5600000000	0.0514842820
1613.5700000000	0.0515114976
1613.5800000000	0.0515780922
1613.5900000000	0.0516180942
1613.6000000000	0.0516534943
1613.6100000000	0.0515384441
1613.6200000000	0.0514860520
1613.6300000000	0.0515708785
1613.6400000000	0.0514551616
1613.6500000000	0.0511939870
1613.6600000000	0.0511660542
1613.6700000000	0.0512734421
1613.6800000000	0.0513370178
1613.6900000000	0.0513370178
1613.7000000000	0.0513557977
1613.7100000000	0.0514851417
1613.7200000000	0.0514982759
1613.7300000000	0.0513953918
1613.7400000000	0.0513297948
1613.7500000000	0.0512937523
1613.7600000000	0.0512124058
1613.7700000000	0.0509758873
1613.7800000000	0.0507978850
1613.7900000000	0.0506507191
1613.8000000000	0.0506160632
1613.8100000000	0.0505365126
1613.8200000000	0.0501893391
1613.8300000000	0.0501627543
1613.8400000000	0.0502137304
1613.8500000000	0.0500119501
1613.8600000000	0.0499836300
1613.8700000000	0.0500841520
1613.8800000000	0.0500441641
1613.8900000000	0.0499003757
1613.9000000000	0.0496889895
1613.9100000000	0.0495755018
1613.9200000000	0.0493689794
1613.9300000000	0.0490543284
1613.9400000000	0.0488900123
1613.9500000000	0.0487799738
1613.9600000000	0.0486480796
1613.9700000000	0.0486763231
1613.9800000000	0.0485481141
1613.9900000000	0.0485582795
1614.0000000000	0.0486125422
1614.0100000000	0.0486911304
1614.0200000000	0.0486827176
1614.0300000000	0.0486785113
1614.0400000000	0.0487556959
1614.0500000000	0.0487388024
1614.0600000000	0.0488035994
1614.0700000000	0.0488464068
1614.0800000000	0.0489438069
1614.0900000000	0.0489813028
1614.1000000000	0.0491875762
1614.1100000000	0.0492590843
1614.1200000000	0.0493291094
1614.1300000000	0.0495604723
1614.1400000000	0.0498374053
1614.1500000000	0.0499645140
1614.1600000000	0.0500411605
1614.1700000000	0.0502405164
1614.1800000000	0.0502964950
1614.1900000000	0.0503986260
1614.2000000000	0.0505769386
1614.2100000000	0.0506215351
1614.2200000000	0.0505533790
1614.2300000000	0.0507024492
1614.2400000000	0.0508364465
1614.2500000000	0.0508545117
1614.2600000000	0.0509901520
1614.2700000000	0.0511667290
1614.2800000000	0.0512184164
1614.2900000000	0.0513246278
1614.3000000000	0.0513936579
1614.3100000000	0.0512941100
1614.3200000000	0.0510935867
1614.3300000000	0.0509719543
1614.3400000000	0.0509069000
1614.3500000000	0.0507253513
1614.3600000000	0.0505173935
1614.3700000000	0.0503111078
1614.3800000000	0.0501130052
1614.3900000000	0.0500140741
1614.4000000000	0.0500106025
1614.4100000000	0.0498370250
1614.4200000000	0.0498352892
1614.4300000000	0.0499026047
1614.4400000000	0.0500765534
1614.4500000000	0.0500516158
1614.4600000000	0.0500841376
1614.4700000000	0.0501549234
1614.4800000000	0.0500863119
1614.4900000000	0.0500505578
1614.5000000000	0.0500855822
1614.5100000000	0.0500855822
1614.5200000000	0.0501028825
1614.5300000000	0.0502012123
1614.5400000000	0.0502285984
1614.5500000000	0.0502806717
1614.5600000000	0.0504445125
1614.5700000000	0.0505424155
1614.5800000000	0.0505216560
1614.5900000000	0.0505634009
1614.6000000000	0.0506150457
1614.6100000000	0.0505644844
1614.6200000000	0.0505011934
1614.6300000000	0.0505792110
1614.6400000000	0.0505328662
1614.6500000000	0.0504297277
1614.6600000000	0.0503389860
1614.6700000000	0.0503716292
1614.6800000000	0.0503768361
1614.6900000000	0.0505503995
1614.7000000000	0.0505854525
1614.7100000000	0.0507579132
1614.7200000000	0.0507995944
1614.7300000000	0.0510087806
1614.7400000000	0.0511903755
1614.7500000000	0.0512290260
1614.7600000000	0.0511256649
1614.7700000000	0.0511224789
1614.7800000000	0.0512598311
1614.7900000000	0.0513008950
1614.8000000000	0.0512392509
1614.8100000000	0.0514294458
1614.8200000000	0.0515998285
1614.8300000000	0.0516800472
1614.8400000000	0.0517997111
1614.8500000000	0.0519958300
1614.8600000000	0.0522429343
1614.8700000000	0.0522967424
1614.8800000000	0.0522827417
1614.8900000000	0.0523792245
1614.9000000000	0.0524146246
1614.9100000000	0.0524226382
1614.9200000000	0.0522475588
1614.9300000000	0.0520738463
1614.9400000000	0.0519132628
1614.9500000000	0.0519795838
1614.9600000000	0.0519455323
1614.9700000000	0.0519114808
1614.9800000000	0.0519090972
1614.9900000000	0.0519399915
1615.0000000000	0.0520370968
1615.0100000000	0.0520210544
1615.0200000000	0.0519852534
1615.0300000000	0.0520428174
1615.0400000000	0.0518950123
1615.0500000000	0.0517160125
1615.0600000000	0.0514720887
1615.0700000000	0.0514114747
1615.0800000000	0.0513012637
1615.0900000000	0.0510482796
1615.1000000000	0.0509941407
1615.1100000000	0.0508929962
1615.1200000000	0.0509872033
1615.1300000000	0.0510239728
1615.1400000000	0.0510603608
1615.1500000000	0.0510963784
1615.1600000000	0.0511127278
1615.1700000000	0.0510867249
1615.1800000000	0.0510566914
1615.1900000000	0.0509497266
1615.2000000000	0.0508244066
1615.2100000000	0.0506197836
1615.2200000000	0.0503635634
1615.2300000000	0.0502051029
1615.2400000000	0.0501029484
1615.2500000000	0.0499875121
1615.2600000000	0.0497940346
1615.2700000000	0.0497266250
1615.2800000000	0.0496901903
1615.2900000000	0.0495860522
1615.3000000000	0.0495850109
1615.3100000000	0.0495510095
1615.3200000000	0.0494819967
1615.3300000000	0.0493129862
1615.3400000000	0.0491361236
1615.3500000000	0.0489900488
1615.3600000000	0.0488429938
1615.3700000000	0.0486955535
1615.3800000000	0.0484766060
1615.3900000000	0.0483291521
1615.4000000000	0.0481883700
1615.4100000000	0.0481489074
1615.4200000000	0.0480636305
1615.4300000000	0.0478929445
1615.4400000000	0.0477814760
1615.4500000000	0.0476086637
1615.4600000000	0.0474683688
1615.4700000000	0.0473252818
1615.4800000000	0.0471522177
1615.4900000000	0.0471179083
1615.5000000000	0.0471214136
1615.5100000000	0.0471894164
1615.5200000000	0.0471894164
1615.5300000000	0.0473562686
1615.5400000000	0.0476848783
1615.5500000000	0.0481190487
1615.5600000000	0.0484850162
1615.5700000000	0.0489217908
1615.5800000000	0.0493774940
1615.5900000000	0.0498091044
1615.6000000000	0.0501270569
1615.6100000000	0.0503564037
1615.6200000000	0.0506519410
1615.6300000000	0.0509232745
1615.6400000000	0.0511807175
1615.6500000000	0.0513805908
1615.6600000000	0.0514085259
1615.6700000000	0.0516403627
1615.6800000000	0.0518003135
1615.6900000000	0.0518824719
1615.7000000000	0.0520252058
1615.7100000000	0.0520983834
1615.7200000000	0.0521548630
1615.7300000000	0.0521166110
1615.7400000000	0.0520406722
1615.7500000000	0.0519004296
1615.7600000000	0.0517823315
1615.7700000000	0.0515620155
1615.7800000000	0.0513097582
1615.7900000000	0.0510729733
1615.8000000000	0.0509375204
1615.8100000000	0.0508337221
1615.8200000000	0.0506975023
1615.8300000000	0.0506267206
1615.8400000000	0.0507497971
1615.8500000000	0.0508873251
1615.8600000000	0.0508787325
1615.8700000000	0.0509005934
1615.8800000000	0.0509638867
1615.8900000000	0.0510631272
1615.9000000000	0.0510591128
1615.9100000000	0.0509959096
1615.9200000000	0.0509522046
1615.9300000000	0.0508091775
1615.9400000000	0.0506852737
1615.9500000000	0.0506031091
1615.9600000000	0.0504085366
1615.9700000000	0.0504039232
1615.9800000000	0.0503381432
1615.9900000000	0.0501213362
1616.0000000000	0.0501213362
1616.0100000000	0.0500873348
1616.0200000000	0.0499866511
1616.0300000000	0.0497503304
1616.0400000000	0.0494352014
1616.0500000000	0.0492110102
1616.0600000000	0.0490290207
1616.0700000000	0.0487258344
1616.0800000000	0.0485381443
1616.0900000000	0.0483954599
1616.1000000000	0.0483693293
1616.1100000000	0.0483958011
1616.1200000000	0.0483305106
1616.1300000000	0.0483441312
1616.1400000000	0.0484776317
1616.1500000000	0.0486709970
1616.1600000000	0.0488617667
1616.1700000000	0.0489414233
1616.1800000000	0.0490752355
1616.1900000000	0.0492667498
1616.2000000000	0.0493910653
1616.2100000000	0.0494802768
1616.2200000000	0.0496305160
1616.2300000000	0.0498714241
1616.2400000000	0.0500917334
1616.2500000000	0.0502332118
1616.2600000000	0.0504587289
1616.2700000000	0.0508119807
1616.2800000000	0.0510560785
1616.2900000000	0.0511184243
1616.3000000000	0.0512523610
1616.3100000000	0.0512654951
1616.3200000000	0.0512654951
1616.3300000000	0.0511678866
1616.3400000000	0.0510293768
1616.3500000000	0.0508543235
1616.3600000000	0.0506111828
1616.3700000000	0.0503930816
1616.3800000000	0.0502429015
1616.3900000000	0.0500723914
1616.4000000000	0.0498720673
1616.4100000000	0.0498076304
1616.4200000000	0.0498251702
1616.4300000000	0.0498595980
1616.4400000000	0.0499184939
1616.4500000000	0.0499661636
1616.4600000000	0.0499549560
1616.4700000000	0.0500115961
1616.4800000000	0.0501177962
1616.4900000000	0.0501347883
1616.5000000000	0.0499896480
1616.5100000000	0.0498627424
1616.5200000000	0.0499045721
1616.5300000000	0.0498934041
1616.5400000000	0.0498183569
1616.5500000000	0.0496613107
1616.5600000000	0.0496207649
1616.5700000000	0.0496207649
1616.5800000000	0.0494954414
1616.5900000000	0.0493506102
1616.6000000000	0.0491475349
1616.6100000000	0.0490295935
1616.6200000000	0.0487479188
1616.6300000000	0.0483137540
1616.6400000000	0.0479922746
1616.6500000000	0.0477625793
1616.6600000000	0.0475458758
1616.6700000000	0.0473654096
1616.6800000000	0.0471958251
1616.6900000000	0.0471286011
1616.7000000000	0.0470949717
1616.7100000000	0.0470821542
1616.7200000000	0.0471232183
1616.7300000000	0.0472148017
1616.7400000000	0.0473214586
1616.7500000000	0.0474282535
1616.7600000000	0.0474952728
1616.7700000000	0.0475501509
1616.7800000000	0.0476974217
1616.7900000000	0.0477781088
1616.8000000000	0.0477614958
1616.8100000000	0.0479313362
1616.8200000000	0.0482723879
1616.8300000000	0.0485014409
1616.8400000000	0.0487039265
1616.8500000000	0.0489878244
1616.8600000000	0.0494747036
1616.8700000000	0.0497375128
1616.8800000000	0.0499180269
1616.8900000000	0.0500932938
1616.9000000000	0.0502391143
1616.9100000000	0.0502936708
1616.9200000000	0.0502704921
1616.9300000000	0.0502643525
1616.9400000000	0.0503564587
1616.9500000000	0.0503716292
1616.9600000000	0.0503131732
1616.9700000000	0.0503836586
1616.9800000000	0.0505397420
1616.9900000000	0.0506114938
1617.0000000000	0.0506948042
1617.0100000000	0.0508454667
1617.0200000000	0.0510201242
1617.0300000000	0.0511953891
1617.0400000000	0.0513298612
1617.0500000000	0.0513515318
1617.0600000000	0.0513159229
1617.0700000000	0.0513012637
1617.0800000000	0.0513864956
1617.0900000000	0.0514226108
1617.1000000000	0.0514085259
1617.1100000000	0.0515470729
1617.1200000000	0.0517513089
1617.1300000000	0.0519168699
1617.1400000000	0.0519767190
1617.1500000000	0.0520476442
1617.1600000000	0.0521519416
1617.1700000000	0.0522252331
1617.1800000000	0.0521657489
1617.1900000000	0.0520627335
1617.2000000000	0.0519546024
1617.2100000000	0.0516819192
1617.2200000000	0.0513265444
1617.2300000000	0.0509354862
1617.2400000000	0.0505205480
1617.2500000000	0.0503226716
1617.2600000000	0.0500585063
1617.2700000000	0.0497830361
1617.2800000000	0.0496180146
1617.2900000000	0.0494038464
1617.3000000000	0.0492138352
1617.3100000000	0.0490198072
1617.3200000000	0.0489844670
1617.3300000000	0.0489715689
1617.3400000000	0.0488622703
1617.3500000000	0.0487416067
1617.3600000000	0.0486727223
1617.3700000000	0.0486553763
1617.3800000000	0.0486553763
1617.3900000000	0.0487073822
1617.4000000000	0.0488364047
1617.4100000000	0.0490479265
1617.4200000000	0.0493335979
1617.4300000000	0.0495127655
1617.4400000000	0.0496944399
1617.4500000000	0.0499111412
1617.4600000000	0.0500032395
1617.4700000000	0.0500140741
1617.4800000000	0.0498871368
1617.4900000000	0.0497850212
1617.5000000000	0.0496636698
1617.5100000000	0.0494455599
1617.5200000000	0.0492453328
1617.5300000000	0.0491664210
1617.5400000000	0.0491559476
1617.5500000000	0.0492313498
1617.5600000000	0.0493368211
1617.5700000000	0.0494896619
1617.5800000000	0.0496880667
1617.5900000000	0.0498544145
1617.6000000000	0.0499743871
1617.6100000000	0.0501032822
1617.6200000000	0.0502679279
1617.6300000000	0.0503582611
1617.6400000000	0.0503716292
1617.6500000000	0.0504420538
1617.6600000000	0.0504066536
1617.6700000000	0.0503716292
1617.6800000000	0.0503716292
1617.6900000000	0.0504807343
1617.7000000000	0.0505430275
1617.7100000000	0.0505503995
1617.7200000000	0.0505503995
1617.7300000000	0.0506508872
1617.7400000000	0.0507991724
1617.7500000000	0.0507291697
1617.7600000000	0.0506250317
1617.7700000000	0.0505552125
1617.7800000000	0.0506149650
1617.7900000000	0.0504957168
1617.8000000000	0.0503215607
1617.8100000000	0.0501742522
1617.8200000000	0.0501256267
1617.8300000000	0.0500602419
1617.8400000000	0.0500498281
1617.8500000000	0.0499983690
1617.8600000000	0.0500017105
1617.8700000000	0.0500353241
1617.8800000000	0.0501685455
1617.8900000000	0.0503014817
1617.9000000000	0.0502664352
1617.9100000000	0.0501928444
1617.9200000000	0.0502084204
1617.9300000000	0.0501683073
1617.9400000000	0.0500565541
1617.9500000000	0.0500283757
1617.9600000000	0.0500060477
1617.9700000000	0.0499116037
1617.9800000000	0.0498382158
1617.9900000000	0.0497820306
1618.0000000000	0.0497833882
1618.0100000000	0.0497995352
1618.0200000000	0.0496759174
1618.0300000000	0.0494113903
1618.0400000000	0.0491775417
1618.0500000000	0.0490168254
1618.0600000000	0.0486967985
1618.0700000000	0.0483553894
1618.0800000000	0.0480548290
1618.0900000000	0.0477607586
1618.1000000000	0.0474404277
1618.1100000000	0.0471749023
1618.1200000000	0.0471179083
1618.1300000000	0.0471687890
1618.1400000000	0.0472375468
1618.1500000000	0.0473525659
1618.1600000000	0.0474255994
1618.1700000000	0.0475216250
1618.1800000000	0.0476799210
1618.1900000000	0.0478172301
1618.2000000000	0.0479599382
1618.2100000000	0.0481569502
1618.2200000000	0.0482803017
1618.2300000000	0.0483525249
1618.2400000000	0.0485314689
1618.2500000000	0.0487438764
1618.2600000000	0.0489035378
1618.2700000000	0.0491364119
1618.2800000000	0.0495169939
1618.2900000000	0.0498986454
1618.3000000000	0.0502484186
1618.3100000000	0.0505293860
1618.3200000000	0.0507518258
1618.3300000000	0.0509097211
1618.3400000000	0.0509437086
1618.3500000000	0.0508632620
1618.3600000000	0.0507280898
1618.3700000000	0.0506934157
1618.3800000000	0.0506652458
1618.3900000000	0.0505150066
1618.4000000000	0.0503372796
1618.4100000000	0.0503001065
1618.4200000000	0.0503829539
1618.4300000000	0.0504073832
1618.4400000000	0.0505600256
1618.4500000000	0.0506941033
1618.4600000000	0.0508426293
1618.4700000000	0.0509948860
1618.4800000000	0.0511367805
1618.4900000000	0.0513023415
1618.5000000000	0.0514382018
1618.5100000000	0.0515232221
1618.5200000000	0.0515727822
1618.5300000000	0.0516499543
1618.5400000000	0.0517766948
1618.5500000000	0.0519199318
1618.5600000000	0.0519806053
1618.5700000000	0.0520517371
1618.5800000000	0.0521646446
1618.5900000000	0.0522495167
1618.6000000000	0.0522388436
1618.6100000000	0.0521463772
1618.6200000000	0.0521236216
1618.6300000000	0.0519233989
1618.6400000000	0.0517611622
1618.6500000000	0.0514324777
1618.6600000000	0.0511792686
1618.6700000000	0.0509674267
1618.6800000000	0.0506785518
1618.6900000000	0.0502561333
1618.7000000000	0.0499453980
1618.7100000000	0.0498465108
1618.7200000000	0.0497206064
1618.7300000000	0.0495720713
1618.7400000000	0.0494358575
1618.7500000000	0.0493525949
1618.7600000000	0.0492837418
1618.7700000000	0.0490791749
1618.7800000000	0.0488100745
1618.7900000000	0.0485976742
1618.8000000000	0.0484300111
1618.8100000000	0.0482739852
1618.8200000000	0.0480735391
1618.8300000000	0.0479421091
1618.8400000000	0.0479406347
1618.8500000000	0.0480147616
1618.8600000000	0.0480475428
1618.8700000000	0.0480697480
1618.8800000000	0.0482555315
1618.8900000000	0.0484973630
1618.9000000000	0.0486074507
1618.9100000000	0.0487125091
1618.9200000000	0.0486652883
1618.9300000000	0.0486553763
1618.9400000000	0.0485661682
1618.9500000000	0.0485481141
1618.9600000000	0.0485481141
1618.9700000000	0.0484853621
1618.9800000000	0.0484766060
1618.9900000000	0.0485732482
1619.0000000000	0.0488290389
1619.0100000000	0.0490725187
1619.0200000000	0.0491746760
1619.0300000000	0.0493979856
1619.0400000000	0.0496486118
1619.0500000000	0.0498908390
1619.0600000000	0.0500894006
1619.0700000000	0.0502629640
1619.0800000000	0.0503564010
1619.0900000000	0.0504315698
1619.1000000000	0.0504788914
1619.1100000000	0.0504980074
1619.1200000000	0.0505912096
1619.1300000000	0.0506576616
1619.1400000000	0.0506771638
1619.1500000000	0.0507542344
1619.1600000000	0.0509330529
1619.1700000000	0.0509908736
1619.1800000000	0.0509525510
1619.1900000000	0.0509998936
1619.2000000000	0.0510152167
1619.2100000000	0.0510152167
1619.2200000000	0.0508076924
1619.2300000000	0.0505507535
1619.2400000000	0.0503763137
1619.2500000000	0.0502838547
1619.2600000000	0.0501588961
1619.2700000000	0.0499641600
1619.2800000000	0.0498064153
1619.2900000000	0.0497398294
1619.3000000000	0.0496822063
1619.3100000000	0.0495698841
1619.3200000000	0.0495135027
1619.3300000000	0.0495135027
1619.3400000000	0.0495315533
1619.3500000000	0.0494805529
1619.3600000000	0.0493722854
1619.3700000000	0.0493000473
1619.3800000000	0.0491924240
1619.3900000000	0.0490665625
1619.4000000000	0.0489235390
1619.4100000000	0.0488341466
1619.4200000000	0.0488699006
1619.4300000000	0.0488872248
1619.4400000000	0.0488493032
1619.4500000000	0.0488575982
1619.4600000000	0.0487906199
1619.4700000000	0.0487626385
1619.4800000000	0.0485892855
1619.4900000000	0.0484322592
1619.5000000000	0.0482880701
1619.5100000000	0.0480568389
1619.5200000000	0.0477452465
1619.5300000000	0.0474822446
1619.5400000000	0.0473197923
1619.5500000000	0.0472065783
1619.5600000000	0.0471293496
1619.5700000000	0.0471179083
1619.5800000000	0.0473002539
1619.5900000000	0.0475410100
1619.6000000000	0.0477805646
1619.6100000000	0.0480189358
1619.6200000000	0.0484095628
1619.6300000000	0.0487636799
1619.6400000000	0.0490586917
1619.6500000000	0.0493228096
1619.6600000000	0.0496218375
1619.6700000000	0.0498717681
1619.6800000000	0.0500623421
1619.6900000000	0.0502665194
1619.7000000000	0.0505303725
1619.7100000000	0.0507211433
1619.7200000000	0.0509734997
1619.7300000000	0.0512163333
1619.7400000000	0.0513817076
1619.7500000000	0.0515306856
1619.7600000000	0.0515515421
1619.7700000000	0.0516178361
1619.7800000000	0.0517962480
1619.7900000000	0.0518018351
1619.8000000000	0.0515636923
1619.8100000000	0.0513517401
1619.8200000000	0.0511755907
1619.8300000000	0.0511263729
1619.8400000000	0.0509951945
1619.8500000000	0.0507223093
1619.8600000000	0.0505968797
1619.8700000000	0.0505230581
1619.8800000000	0.0504552802
1619.8900000000	0.0502197482
1619.9000000000	0.0501311180
1619.9100000000	0.0500969272
1619.9200000000	0.0501330183
1619.9300000000	0.0500414154
1619.9400000000	0.0498876867
1619.9500000000	0.0498576004
1619.9600000000	0.0498932254
1619.9700000000	0.0498409589
1619.9800000000	0.0497995352
1619.9900000000	0.0498436047
1620.0000000000	0.0498936778
1620.0100000000	0.0499761531
1620.0200000000	0.0499903597
1620.0300000000	0.0500282267
1620.0400000000	0.0501590126
1620.0500000000	0.0502528189
1620.0600000000	0.0501996909
1620.0700000000	0.0502267362
1620.0800000000	0.0501277083
1620.0900000000	0.0498884039
1620.1000000000	0.0497064342
1620.1100000000	0.0495278044
1620.1200000000	0.0494795917
1620.1300000000	0.0494077150
1620.1400000000	0.0492274557
1620.1500000000	0.0490486855
1620.1600000000	0.0490486855
1620.1700000000	0.0491888975
1620.1800000000	0.0492263937
1620.1900000000	0.0493634614
1620.2000000000	0.0494694165
1620.2100000000	0.0495416200
1620.2200000000	0.0496116511
1620.2300000000	0.0496512610
1620.2400000000	0.0496872169
1620.2500000000	0.0495692791
1620.2600000000	0.0495181977
1620.2700000000	0.0496068208
1620.2800000000	0.0496836054
1620.2900000000	0.0497237366
1620.3000000000	0.0496962457
1620.3100000000	0.0498891180
1620.3200000000	0.0500817786
1620.3300000000	0.0502662543
1620.3400000000	0.0503001065
1620.3500000000	0.0503001065
1620.3600000000	0.0503001065
1620.3700000000	0.0503001065
1620.3800000000	0.0502495452
1620.3900000000	0.0500122864
1620.4000000000	0.0498483022
1620.4100000000	0.0497008540
1620.4200000000	0.0494305501
1620.4300000000	0.0492709978
1620.4400000000	0.0493063979
1620.4500000000	0.0493417979
1620.4600000000	0.0493770066
1620.4700000000	0.0494113483
1620.4800000000	0.0494554867
1620.4900000000	0.0495836616
1620.5000000000	0.0495499314
1620.5100000000	0.0496172936
1620.5200000000	0.0497566303
1620.5300000000	0.0498667234
1620.5400000000	0.0499053817
1620.5500000000	0.0499754597
1620.5600000000	0.0499443360
1620.5700000000	0.0500098261
1620.5800000000	0.0500806262
1620.5900000000	0.0500519950
1620.6000000000	0.0501928444
1620.6100000000	0.0503058127
1620.6200000000	0.0503991017
1620.6300000000	0.0503060655
1620.6400000000	0.0501645391
1620.6500000000	0.0501660288
1620.6600000000	0.0500451332
1620.6700000000	0.0498809657
1620.6800000000	0.0496982910
1620.6900000000	0.0496016489
1620.7000000000	0.0494848250
1620.7100000000	0.0492628487
1620.7200000000	0.0491371677
1620.7300000000	0.0490941906
1620.7400000000	0.0491301056
1620.7500000000	0.0491835293
1620.7600000000	0.0492707732
1620.7700000000	0.0493173542
1620.7800000000	0.0494153544
1620.7900000000	0.0494855367
1620.8000000000	0.0495598768
1620.8100000000	0.0496692630
1620.8200000000	0.0497882072
1620.8300000000	0.0496514628
1620.8400000000	0.0495879001
1620.8500000000	0.0496207649
1620.8600000000	0.0496170789
1620.8700000000	0.0495559587
1620.8800000000	0.0494084632
1620.8900000000	0.0495928321
1620.9000000000	0.0496301739
1620.9100000000	0.0496108755
1620.9200000000	0.0494724236
1620.9300000000	0.0493739400
1620.9400000000	0.0491902273
1620.9500000000	0.0488813489
1620.9600000000	0.0485037715
1620.9700000000	0.0481118925
1620.9800000000	0.0477171532
1620.9900000000	0.0473421837
1621.0000000000	0.0470745622
1621.0100000000	0.0468578642
1621.0200000000	0.0466832366
1621.0300000000	0.0465451404
1621.0400000000	0.0465403203
1621.0500000000	0.0466772675
1621.0600000000	0.0468676208
1621.0700000000	0.0471417443
1621.0800000000	0.0474039449
1621.0900000000	0.0476428886
1621.1000000000	0.0478840345
1621.1100000000	0.0481219112
1621.1200000000	0.0483303275
1621.1300000000	0.0485037791
1621.1400000000	0.0486734303
1621.1500000000	0.0489498240
1621.1600000000	0.0491616116
1621.1700000000	0.0492337674
1621.1800000000	0.0495014631
1621.1900000000	0.0496795861
1621.2000000000	0.0498333704
1621.2100000000	0.0499871624
1621.2200000000	0.0501386604
1621.2300000000	0.0502147924
1621.2400000000	0.0502466524
1621.2500000000	0.0503227626
1621.2600000000	0.0502357492
1621.2700000000	0.0500563289
1621.2800000000	0.0498885646
1621.2900000000	0.0497713653
1621.3000000000	0.0496846888
1621.3100000000	0.0495917369
1621.3200000000	0.0494920503
1621.3300000000	0.0493637547
1621.3400000000	0.0493536521
1621.3500000000	0.0494291509
1621.3600000000	0.0493477917
1621.3700000000	0.0492586972
1621.3800000000	0.0493915076
1621.3900000000	0.0495581953
1621.4000000000	0.0495759821
1621.4100000000	0.0495771450
1621.4200000000	0.0496844071
1621.4300000000	0.0497637811
1621.4400000000	0.0498190090
1621.4500000000	0.0500140741
1621.4600000000	0.0501304572
1621.4700000000	0.0501772020
1621.4800000000	0.0502632352
1621.4900000000	0.0503358606
1621.5000000000	0.0503646171
1621.5100000000	0.0504538267
1621.5200000000	0.0504317040
1621.5300000000	0.0501589333
1621.5400000000	0.0499597133
1621.5500000000	0.0498487482
1621.5600000000	0.0495981089
1621.5700000000	0.0493697712
1621.5800000000	0.0492458638
1621.5900000000	0.0490515387
1621.6000000000	0.0488355767
1621.6100000000	0.0488151969
1621.6200000000	0.0488528914
1621.6300000000	0.0488651784
1621.6400000000	0.0489724901
1621.6500000000	0.0491178325
1621.6600000000	0.0491733139
1621.6700000000	0.0491587519
1621.6800000000	0.0493414468
1621.6900000000	0.0495068427
1621.7000000000	0.0494777487
1621.7100000000	0.0495117327
1621.7200000000	0.0496922730
1621.7300000000	0.0496922730
1621.7400000000	0.0496973292
1621.7500000000	0.0497553921
1621.7600000000	0.0499130781
1621.7700000000	0.0499571595
1621.7800000000	0.0500304614
1621.7900000000	0.0500953675
1621.8000000000	0.0501802924
1621.8100000000	0.0502578863
1621.8200000000	0.0501457803
1621.8300000000	0.0500855822
1621.8400000000	0.0500388541
1621.8500000000	0.0499180227
1621.8600000000	0.0497326751
1621.8700000000	0.0495700525
1621.8800000000	0.0495181977
1621.8900000000	0.0494135308
1621.9000000000	0.0493024692
1621.9100000000	0.0492632098
1621.9200000000	0.0492503923
1621.9300000000	0.0492166621
1621.9400000000	0.0491739949
1621.9500000000	0.0491274131
1621.9600000000	0.0491441453
1621.9700000000	0.0490941591
1621.9800000000	0.0491559476
1621.9900000000	0.0491368316
1622.0000000000	0.0489385901
1622.0100000000	0.0489031767
1622.0200000000	0.0488656102
1622.0300000000	0.0487897249
1622.0400000000	0.0486528482
1622.0500000000	0.0486254007
1622.0600000000	0.0486844265
1622.0700000000	0.0486196222
1622.0800000000	0.0486042442
1622.0900000000	0.0485481141
1622.1000000000	0.0485358237
1622.1100000000	0.0484856294
1622.1200000000	0.0484544295
1622.1300000000	0.0484079815
1622.1400000000	0.0482837363
1622.1500000000	0.0482187289
1622.1600000000	0.0481696122
1622.1700000000	0.0481905590
1622.1800000000	0.0481905590
1622.1900000000	0.0481905590
1622.2000000000	0.0482200035
1622.2100000000	0.0483611931
1622.2200000000	0.0485935877
1622.2300000000	0.0487640136
1622.2400000000	0.0488891573
1622.2500000000	0.0490418097
1622.2600000000	0.0491711697
1622.2700000000	0.0493430244
1622.2800000000	0.0493531367
1622.2900000000	0.0493441115
1622.3000000000	0.0494683587
1622.3100000000	0.0494419946
1622.3200000000	0.0494880147
1622.3300000000	0.0496384649
1622.3400000000	0.0497009407
1622.3500000000	0.0497280271
1622.3600000000	0.0497731947
1622.3700000000	0.0498971285
1622.3800000000	0.0499281906
1622.3900000000	0.0498467390
1622.4000000000	0.0496272656
1622.4100000000	0.0493497429
1622.4200000000	0.0491209016
1622.4300000000	0.0488446710
1622.4400000000	0.0484996103
1622.4500000000	0.0482073845
1622.4600000000	0.0480142614
1622.4700000000	0.0477565398
1622.4800000000	0.0475441344
1622.4900000000	0.0473437606
1622.5000000000	0.0472592055
1622.5100000000	0.0473617779
1622.5200000000	0.0474552107
1622.5300000000	0.0475169393
1622.5400000000	0.0475507899
1622.5500000000	0.0475855575
1622.5600000000	0.0476160016
1622.5700000000	0.0475869735
1622.5800000000	0.0476524459
1622.5900000000	0.0476149396
1622.6000000000	0.0475441389
1622.6100000000	0.0474701388
1622.6200000000	0.0472974082
1622.6300000000	0.0473309428
1622.6400000000	0.0472936990
1622.6500000000	0.0472475167
1622.6600000000	0.0471536623
1622.6700000000	0.0471687166
1622.6800000000	0.0472063525
1622.6900000000	0.0471197900
1622.7000000000	0.0470334939
1622.7100000000	0.0469694602
1622.7200000000	0.0469452016
1622.7300000000	0.0469683767
1622.7400000000	0.0469322615
1622.7500000000	0.0469898358
1622.7600000000	0.0470106315
1622.7700000000	0.0471419796
1622.7800000000	0.0473638962
1622.7900000000	0.0476028510
1622.8000000000	0.0479041711
1622.8100000000	0.0480902394
1622.8200000000	0.0482735277
1622.8300000000	0.0485616521
1622.8400000000	0.0488390586
1622.8500000000	0.0491365085
1622.8600000000	0.0493396778
1622.8700000000	0.0495768688
1622.8800000000	0.0496653690
1622.8900000000	0.0497432526
1622.9000000000	0.0499393800
1622.9100000000	0.0500970235
1622.9200000000	0.0502721405
1622.9300000000	0.0503226346
1622.9400000000	0.0504383455
1622.9500000000	0.0505774973
1622.9600000000	0.0506576616
1622.9700000000	0.0506177236
1622.9800000000	0.0505055245
1622.9900000000	0.0504582101
1623.0000000000	0.0503782834
1623.0100000000	0.0501055624
1623.0200000000	0.0497877455
1623.0300000000	0.0494914670
1623.0400000000	0.0492792626
1623.0500000000	0.0491050252
1623.0600000000	0.0489336294
1623.0700000000	0.0488561491
1623.0800000000	0.0488588994
1623.0900000000	0.0489056547
1623.1000000000	0.0489152847
1623.1100000000	0.0489738043
1623.1200000000	0.0491089566
1623.1300000000	0.0492449955
1623.1400000000	0.0493631823
1623.1500000000	0.0492575458
1623.1600000000	0.0491180696
1623.1700000000	0.0490444372
1623.1800000000	0.0488334386
1623.1900000000	0.0487626385
1623.2000000000	0.0486196222
1623.2100000000	0.0484072075
1623.2200000000	0.0482634973
1623.2300000000	0.0481152470
1623.2400000000	0.0479280945
1623.2500000000	0.0477652994
1623.2600000000	0.0475305812
1623.2700000000	0.0472882008
1623.2800000000	0.0471044053
1623.2900000000	0.0469107413
1623.3000000000	0.0466669500
1623.3100000000	0.0463626659
1623.3200000000	0.0460999777
1623.3300000000	0.0460372165
1623.3400000000	0.0460237905
1623.3500000000	0.0459239596
1623.3600000000	0.0459022267
1623.3700000000	0.0459400839
1623.3800000000	0.0460330935
1623.3900000000	0.0461240451
1623.4000000000	0.0463202926
1623.4100000000	0.0466232381
1623.4200000000	0.0467968015
1623.4300000000	0.0469643641
1623.4400000000	0.0471326305
1623.4500000000	0.0474579243
1623.4600000000	0.0478099939
1623.4700000000	0.0479243770
1623.4800000000	0.0481176208
1623.4900000000	0.0483910002
1623.5000000000	0.0485668940
1623.5100000000	0.0487015586
1623.5200000000	0.0487825428
1623.5300000000	0.0489086066
1623.5400000000	0.0490396529
1623.5500000000	0.0490020170
1623.5600000000	0.0489513075
1623.5700000000	0.0488904402
1623.5800000000	0.0487859881
1623.5900000000	0.0485756105
1623.6000000000	0.0483644695
1623.6100000000	0.0481624418
1623.6200000000	0.0479318625
1623.6300000000	0.0477457640
1623.6400000000	0.0476671051
1623.6500000000	0.0476899877
1623.6600000000	0.0477278449
1623.6700000000	0.0478316547
1623.6800000000	0.0479235809
1623.6900000000	0.0480308462
1623.7000000000	0.0482814790
1623.7100000000	0.0485661647
1623.7200000000	0.0486911304
1623.7300000000	0.0486993813
1623.7400000000	0.0488369511
1623.7500000000	0.0489771774
1623.7600000000	0.0490486855
1623.7700000000	0.0489771774
1623.7800000000	0.0490844395
1623.7900000000	0.0492285503
1623.8000000000	0.0493358014
1623.8100000000	0.0493763100
1623.8200000000	0.0495245607
1623.8300000000	0.0496956963
1623.8400000000	0.0497167363
1623.8500000000	0.0496715733
1623.8600000000	0.0497280271
1623.8700000000	0.0496802370
1623.8800000000	0.0494854566
1623.8900000000	0.0492224997
1623.9000000000	0.0489364640
1623.9100000000	0.0487666111
1623.9200000000	0.0485895855
1623.9300000000	0.0483028773
1623.9400000000	0.0480748008
1623.9500000000	0.0480635106
1623.9600000000	0.0481190509
1623.9700000000	0.0481315475
1623.9800000000	0.0482115908
1623.9900000000	0.0483426005
1624.0000000000	0.0484191060
1624.0100000000	0.0485647762
1624.0200000000	0.0487733654
1624.0300000000	0.0489790015
1624.0400000000	0.0490154853
1624.0500000000	0.0490585361
1624.0600000000	0.0491678657
1624.0700000000	0.0492803735
1624.0800000000	0.0494062406
1624.0900000000	0.0494015907
1624.1000000000	0.0493800575
1624.1100000000	0.0494663378
1624.1200000000	0.0495599069
1624.1300000000	0.0494564484
1624.1400000000	0.0494313053
1624.1500000000	0.0494253513
1624.1600000000	0.0492188748
1624.1700000000	0.0489492061
1624.1800000000	0.0487966048
1624.1900000000	0.0486392870
1624.2000000000	0.0483514617
1624.2100000000	0.0480189345
1624.2200000000	0.0477829482
1624.2300000000	0.0476528176
1624.2400000000	0.0475466126
1624.2500000000	0.0474520848
1624.2600000000	0.0474039407
1624.2700000000	0.0474236906
1624.2800000000	0.0474836212
1624.2900000000	0.0475177375
1624.3000000000	0.0475624420
1624.3100000000	0.0476812244
1624.3200000000	0.0479140713
1624.3300000000	0.0480173972
1624.3400000000	0.0480938128
1624.3500000000	0.0482704804
1624.3600000000	0.0484808540
1624.3700000000	0.0486918314
1624.3800000000	0.0487619374
1624.3900000000	0.0489042245
1624.4000000000	0.0491581592
1624.4100000000	0.0493733913
1624.4200000000	0.0494463727
1624.4300000000	0.0495164822
1624.4400000000	0.0495492568
1624.4500000000	0.0495326699
1624.4600000000	0.0493899861
1624.4700000000	0.0491357696
1624.4800000000	0.0489982066
1624.4900000000	0.0487116601
1624.5000000000	0.0483930473
1624.5100000000	0.0480836560
1624.5200000000	0.0478526686
1624.5300000000	0.0477560785
1624.5400000000	0.0476917554
1624.5500000000	0.0475163618
1624.5600000000	0.0475622451
1624.5700000000	0.0476955417
1624.5800000000	0.0477701740
1624.5900000000	0.0479423696
1624.6000000000	0.0480475428
1624.6100000000	0.0482558189
1624.6200000000	0.0483300700
1624.6300000000	0.0483672053
1624.6400000000	0.0485051363
1624.6500000000	0.0484780506
1624.6600000000	0.0485459472
1624.6700000000	0.0484065429
1624.6800000000	0.0483335753
1624.6900000000	0.0483346698
1624.7000000000	0.0483656049
1624.7100000000	0.0482838305
1624.7200000000	0.0481548050
1624.7300000000	0.0481062221
1624.7400000000	0.0479030376
1624.7500000000	0.0476857813
1624.7600000000	0.0474988225
1624.7700000000	0.0473808057
1624.7800000000	0.0472770138
1624.7900000000	0.0471193826
1624.8000000000	0.0470087980
1624.8100000000	0.0468572946
1624.8200000000	0.0466816942
1624.8300000000	0.0466445781
1624.8400000000	0.0467490081
1624.8500000000	0.0468781713
1624.8600000000	0.0469391271
1624.8700000000	0.0470613828
1624.8800000000	0.0471468520
1624.8900000000	0.0473171094
1624.9000000000	0.0474900291
1624.9100000000	0.0476942357
1624.9200000000	0.0478057463
1624.9300000000	0.0480896689
1624.9400000000	0.0484072075
1624.9500000000	0.0486196222
1624.9600000000	0.0486550223
1624.9700000000	0.0487941862
1624.9800000000	0.0490731109
1624.9900000000	0.0491895127
1625.0000000000	0.0493065717
1625.0100000000	0.0494853559
1625.0200000000	0.0495492568
1625.0300000000	0.0495424635
1625.0400000000	0.0495067767
1625.0500000000	0.0494777487
1625.0600000000	0.0494326960
1625.0700000000	0.0492081486
1625.0800000000	0.0490819589
1625.0900000000	0.0488813419
1625.1000000000	0.0487447614
1625.1100000000	0.0486345487
1625.1200000000	0.0485082346
1625.1300000000	0.0484877141
1625.1400000000	0.0486230601
1625.1500000000	0.0486911304
1625.1600000000	0.0486911304
1625.1700000000	0.0488245205
1625.1800000000	0.0490259939
1625.1900000000	0.0490798826
1625.2000000000	0.0492384298
1625.2100000000	0.0493247068
1625.2200000000	0.0494869505
1625.2300000000	0.0495748986
1625.2400000000	0.0494908828
1625.2500000000	0.0494777487
1625.2600000000	0.0496090901
1625.2700000000	0.0496885870
1625.2800000000	0.0495481277
1625.2900000000	0.0494419946
1625.3000000000	0.0494284439
1625.3100000000	0.0492967292
1625.3200000000	0.0490889088
1625.3300000000	0.0489113108
1625.3400000000	0.0486174288
1625.3500000000	0.0482333885
1625.3600000000	0.0477646773
1625.3700000000	0.0472301221
1625.3800000000	0.0467699070
1625.3900000000	0.0463475418
1625.4000000000	0.0459910804
1625.4100000000	0.0455576832
1625.4200000000	0.0451818166
1625.4300000000	0.0449470535
1625.4400000000	0.0447766324
1625.4500000000	0.0447366154
1625.4600000000	0.0448158244
1625.4700000000	0.0449493347
1625.4800000000	0.0450564779
1625.4900000000	0.0452060394
1625.5000000000	0.0455811269
1625.5100000000	0.0456512471
1625.5200000000	0.0458622246
1625.5300000000	0.0461467987
1625.5400000000	0.0464300561
1625.5500000000	0.0467476085
1625.5600000000	0.0469982415
1625.5700000000	0.0471451654
1625.5800000000	0.0473865947
1625.5900000000	0.0475718901
1625.6000000000	0.0479045120
1625.6100000000	0.0479873117
1625.6200000000	0.0481978558
1625.6300000000	0.0482579016
1625.6400000000	0.0482263131
1625.6500000000	0.0482238832
1625.6600000000	0.0481919750
1625.6700000000	0.0482209500
1625.6800000000	0.0480432519
1625.6900000000	0.0479002215
1625.7000000000	0.0477614958
1625.7100000000	0.0477628843
1625.7200000000	0.0478323097
1625.7300000000	0.0477983015
1625.7400000000	0.0477972499
1625.7500000000	0.0477972499
1625.7600000000	0.0478921356
1625.7700000000	0.0478434177
1625.7800000000	0.0478625097
1625.7900000000	0.0479262449
1625.8000000000	0.0480558465
1625.8100000000	0.0480832969
1625.8200000000	0.0480536824
1625.8300000000	0.0481662463
1625.8400000000	0.0481905590
1625.8500000000	0.0481905590
1625.8600000000	0.0482195871
1625.8700000000	0.0483755955
1625.8800000000	0.0486009667
1625.8900000000	0.0486903615
1625.9000000000	0.0486933650
1625.9100000000	0.0487268844
1625.9200000000	0.0487091844
1625.9300000000	0.0485223699
1625.9400000000	0.0482360629
1625.9500000000	0.0479399049
1625.9600000000	0.0475668332
1625.9700000000	0.0470843193
1625.9800000000	0.0465351007
1625.9900000000	0.0461780058
1626.0000000000	0.0458282389
1626.0100000000	0.0455213076
1626.0200000000	0.0453093182
1626.0300000000	0.0451132248
1626.0400000000	0.0450826049
1626.0500000000	0.0452201345
1626.0600000000	0.0452896260
1626.0700000000	0.0454235244
1626.0800000000	0.0457528992
1626.0900000000	0.0459491977
1626.1000000000	0.0461546205
1626.1100000000	0.0463666900
1626.1200000000	0.0466672484
1626.1300000000	0.0469277954
1626.1400000000	0.0472616296
1626.1500000000	0.0475898734
1626.1600000000	0.0480117863
1626.1700000000	0.0483619573
1626.1800000000	0.0486937090
1626.1900000000	0.0489950535
1626.2000000000	0.0493940764
1626.2100000000	0.0496218822
1626.2200000000	0.0497298513
1626.2300000000	0.0497637811
1626.2400000000	0.0497594906
1626.2500000000	0.0496795290
1626.2600000000	0.0494670217
1626.2700000000	0.0492525898
1626.2800000000	0.0490472553
1626.2900000000	0.0490044348
1626.3000000000	0.0487911029
1626.3100000000	0.0485481141
1626.3200000000	0.0484131794
1626.3300000000	0.0484367898
1626.3400000000	0.0484408374
1626.3500000000	0.0484690396
1626.3600000000	0.0485039474
1626.3700000000	0.0486706499
1626.3800000000	0.0488036505
1626.3900000000	0.0488341466
1626.4000000000	0.0488834872
1626.4100000000	0.0489056547
1626.4200000000	0.0490260247
1626.4300000000	0.0490604843
1626.4400000000	0.0490239894
1626.4500000000	0.0491161390
1626.4600000000	0.0491293145
1626.4700000000	0.0489225939
1626.4800000000	0.0487786137
1626.4900000000	0.0485973240
1626.5000000000	0.0484777471
1626.5100000000	0.0481063065
1626.5200000000	0.0476835517
1626.5300000000	0.0473561503
1626.5400000000	0.0467552969
1626.5500000000	0.0462509351
1626.5600000000	0.0458030730
1626.5700000000	0.0452619553
1626.5800000000	0.0448613557
1626.5900000000	0.0445267035
1626.6000000000	0.0444040180
1626.6100000000	0.0444306583
1626.6200000000	0.0443730897
1626.6300000000	0.0445108690
1626.6400000000	0.0446140057
1626.6500000000	0.0448532967
1626.6600000000	0.0451266096
1626.6700000000	0.0452789683
1626.6800000000	0.0455836760
1626.6900000000	0.0459379793
1626.7000000000	0.0461687702
1626.7100000000	0.0463493440
1626.7200000000	0.0465900773
1626.7300000000	0.0468357171
1626.7400000000	0.0470216181
1626.7500000000	0.0472032802
1626.7600000000	0.0475264310
1626.7700000000	0.0477972499
1626.7800000000	0.0480552834
1626.7900000000	0.0481656395
1626.8000000000	0.0482660001
1626.8100000000	0.0483057665
1626.8200000000	0.0483564578
1626.8300000000	0.0482447318
1626.8400000000	0.0481051068
1626.8500000000	0.0479742270
1626.8600000000	0.0476960037
1626.8700000000	0.0474796143
1626.8800000000	0.0472433980
1626.8900000000	0.0470793772
1626.9000000000	0.0470464001
1626.9100000000	0.0470484432
1626.9200000000	0.0471505977
1626.9300000000	0.0472197222
1626.9400000000	0.0474465705
1626.9500000000	0.0475662214
1626.9600000000	0.0477888371
1626.9700000000	0.0480322663
1626.9800000000	0.0482217562
1626.9900000000	0.0483165832
1627.0000000000	0.0483873833
1627.0100000000	0.0484855409
1627.0200000000	0.0485920102
1627.0300000000	0.0486736182
1627.0400000000	0.0486911304
1627.0500000000	0.0487507205
1627.0600000000	0.0487939233
1627.0700000000	0.0487656180
1627.0800000000	0.0486609053
1627.0900000000	0.0486199947
1627.1000000000	0.0484733552
1627.1100000000	0.0483580013
1627.1200000000	0.0480801104
1627.1300000000	0.0479724801
1627.1400000000	0.0477933168
1627.1500000000	0.0474002923
1627.1600000000	0.0470366486
1627.1700000000	0.0467245991
1627.1800000000	0.0467138720
1627.1900000000	0.0465395047
1627.2000000000	0.0464385521
1627.2100000000	0.0464378510
1627.2200000000	0.0463677450
1627.2300000000	0.0465752729
1627.2400000000	0.0467515899
1627.2500000000	0.0468935545
1627.2600000000	0.0471315776
1627.2700000000	0.0472838071
1627.2800000000	0.0474610027
1627.2900000000	0.0476415923
1627.3000000000	0.0479565179
1627.3100000000	0.0480439305
1627.3200000000	0.0481847806
1627.3300000000	0.0483965024
1627.3400000000	0.0485784505
1627.3500000000	0.0486553763
1627.3600000000	0.0487403402
1627.3700000000	0.0489163070
1627.3800000000	0.0489476865
1627.3900000000	0.0488015785
1627.4000000000	0.0486989184
1627.4100000000	0.0486971484
1627.4200000000	0.0485201452
1627.4300000000	0.0481941317
1627.4400000000	0.0478439779
1627.4500000000	0.0475312371
1627.4600000000	0.0472651308
1627.4700000000	0.0471012439
1627.4800000000	0.0469972238
1627.4900000000	0.0469095576
1627.5000000000	0.0469680017
1627.5100000000	0.0468328732
1627.5200000000	0.0469340639
1627.5300000000	0.0471332300
1627.5400000000	0.0474294793
1627.5500000000	0.0476229897
1627.5600000000	0.0476542336
1627.5700000000	0.0477413178
1627.5800000000	0.0479352605
1627.5900000000	0.0479470594
1627.6000000000	0.0478255699
1627.6100000000	0.0478255699
1627.6200000000	0.0478050379
1627.6300000000	0.0476549633
1627.6400000000	0.0474980326
1627.6500000000	0.0473474869
1627.6600000000	0.0472308158
1627.6700000000	0.0471190256
1627.6800000000	0.0469391234
1627.6900000000	0.0467589085
1627.7000000000	0.0466151697
1627.7100000000	0.0465015642
1627.7200000000	0.0462197370
1627.7300000000	0.0460066569
1627.7400000000	0.0458650425
1627.7500000000	0.0457223728
1627.7600000000	0.0456125682
1627.7700000000	0.0454395763
1627.7800000000	0.0455075015
1627.7900000000	0.0454689980
1627.8000000000	0.0453301473
1627.8100000000	0.0455020418
1627.8200000000	0.0456755519
1627.8300000000	0.0458180995
1627.8400000000	0.0459283272
1627.8500000000	0.0460990641
1627.8600000000	0.0464063734
1627.8700000000	0.0465994584
1627.8800000000	0.0467766372
1627.8900000000	0.0469552127
1627.9000000000	0.0471639266
1627.9100000000	0.0473165419
1627.9200000000	0.0474623147
1627.9300000000	0.0475425474
1627.9400000000	0.0476841503
1627.9500000000	0.0477972499
1627.9600000000	0.0479668914
1627.9700000000	0.0478466970
1627.9800000000	0.0479402661
1627.9900000000	0.0479048660
1628.0000000000	0.0477148726
1628.0100000000	0.0474991668
1628.0200000000	0.0474053709
1628.0300000000	0.0471673837
1628.0400000000	0.0468369174
1628.0500000000	0.0466563387
1628.0600000000	0.0464831562
1628.0700000000	0.0463482991
1628.0800000000	0.0462546250
1628.0900000000	0.0462278461
1628.1000000000	0.0462652824
1628.1100000000	0.0463368440
1628.1200000000	0.0464767128
1628.1300000000	0.0467173791
1628.1400000000	0.0468913368
1628.1500000000	0.0471967762
1628.1600000000	0.0473227790
1628.1700000000	0.0473968607
1628.1800000000	0.0474682980
1628.1900000000	0.0475398192
1628.2000000000	0.0476106916
1628.2100000000	0.0475866585
1628.2200000000	0.0476142316
1628.2300000000	0.0475860429
1628.2400000000	0.0475481126
1628.2500000000	0.0475100495
1628.2600000000	0.0474754488
1628.2700000000	0.0474584568
1628.2800000000	0.0473131534
1628.2900000000	0.0471377310
1628.3000000000	0.0469605759
1628.3100000000	0.0467727564
1628.3200000000	0.0464811680
1628.3300000000	0.0462039601
1628.3400000000	0.0460220028
1628.3500000000	0.0458439094
1628.3600000000	0.0456772872
1628.3700000000	0.0455755182
1628.3800000000	0.0455157940
1628.3900000000	0.0456516077
1628.4000000000	0.0456175423
1628.4100000000	0.0456815719
1628.4200000000	0.0459355972
1628.4300000000	0.0462722760
1628.4400000000	0.0465093451
1628.4500000000	0.0466942057
1628.4600000000	0.0469916940
1628.4700000000	0.0471354277
1628.4800000000	0.0472711905
1628.4900000000	0.0473259969
1628.5000000000	0.0474485448
1628.5100000000	0.0475650304
1628.5200000000	0.0475504315
1628.5300000000	0.0476169418
1628.5400000000	0.0476203814
1628.5500000000	0.0476501791
1628.5600000000	0.0476080513
1628.5700000000	0.0475067454
1628.5800000000	0.0473404590
1628.5900000000	0.0473161807
1628.6000000000	0.0470910891
1628.6100000000	0.0468582254
1628.6200000000	0.0466595229
1628.6300000000	0.0463999377
1628.6400000000	0.0460943703
1628.6500000000	0.0458114114
1628.6600000000	0.0456929565
1628.6700000000	0.0454330245
1628.6800000000	0.0451677191
1628.6900000000	0.0450750871
1628.7000000000	0.0450379121
1628.7100000000	0.0449672821
1628.7200000000	0.0448639279
1628.7300000000	0.0448281599
1628.7400000000	0.0447577173
1628.7500000000	0.0447226643
1628.7600000000	0.0447223138
1628.7700000000	0.0446192856
1628.7800000000	0.0444804335
1628.7900000000	0.0445728473
1628.8000000000	0.0446135777
1628.8100000000	0.0444048908
1628.8200000000	0.0445077749
1628.8300000000	0.0448307170
1628.8400000000	0.0448856533
1628.8500000000	0.0451331072
1628.8600000000	0.0454811929
1628.8700000000	0.0456443084
1628.8800000000	0.0456557548
1628.8900000000	0.0458695968
1628.9000000000	0.0460717930
1628.9100000000	0.0460182450
1628.9200000000	0.0460913198
1628.9300000000	0.0461463174
1628.9400000000	0.0461100368
1628.9500000000	0.0460933759
1628.9600000000	0.0461573327
1628.9700000000	0.0461882737
1628.9800000000	0.0462038944
1628.9900000000	0.0465156690
1629.0000000000	0.0467961072
1629.0100000000	0.0469363192
1629.0200000000	0.0472483048
1629.0300000000	0.0476687469
1629.0400000000	0.0478258531
1629.0500000000	0.0478330039
1629.0600000000	0.0481354969
1629.0700000000	0.0483564578
1629.0800000000	0.0483014327
1629.0900000000	0.0482978212
1629.1000000000	0.0484007495
1629.1100000000	0.0484758687
1629.1200000000	0.0484077745
1629.1300000000	0.0484353966
1629.1400000000	0.0484132770
1629.1500000000	0.0484596211
1629.1600000000	0.0485123601
1629.1700000000	0.0485022478
1629.1800000000	0.0484766060
1629.1900000000	0.0484137613
1629.2000000000	0.0482403980
1629.2100000000	0.0481009888
1629.2200000000	0.0478587468
1629.2300000000	0.0476595390
1629.2400000000	0.0473418969
1629.2500000000	0.0470460420
1629.2600000000	0.0468087263
1629.2700000000	0.0465628343
1629.2800000000	0.0462156935
1629.2900000000	0.0459032681
1629.3000000000	0.0457294130
1629.3100000000	0.0455485656
1629.3200000000	0.0453308603
1629.3300000000	0.0450710043
1629.3400000000	0.0447798759
1629.3500000000	0.0446589331
1629.3600000000	0.0444462779
1629.3700000000	0.0442277587
1629.3800000000	0.0439831243
1629.3900000000	0.0437735101
1629.4000000000	0.0436377304
1629.4100000000	0.0435557940
1629.4200000000	0.0434354927
1629.4300000000	0.0433077462
1629.4400000000	0.0432906236
1629.4500000000	0.0433886807
1629.4600000000	0.0434217615
1629.4700000000	0.0434128221
1629.4800000000	0.0434610633
1629.4900000000	0.0435561923
1629.5000000000	0.0436496484
1629.5100000000	0.0436854073
1629.5200000000	0.0437937627
1629.5300000000	0.0439021083
1629.5400000000	0.0440339323
1629.5500000000	0.0441951723
1629.5600000000	0.0443782507
1629.5700000000	0.0446892466
1629.5800000000	0.0450221000
1629.5900000000	0.0453154250
1629.6000000000	0.0454944050
1629.6100000000	0.0457160953
1629.6200000000	0.0460291195
1629.6300000000	0.0463043859
1629.6400000000	0.0464771382
1629.6500000000	0.0465468767
1629.6600000000	0.0465830130
1629.6700000000	0.0466538207
1629.6800000000	0.0466873857
1629.6900000000	0.0466509020
1629.7000000000	0.0466262754
1629.7100000000	0.0467059448
1629.7200000000	0.0465738907
1629.7300000000	0.0465772976
1629.7400000000	0.0466399184
1629.7500000000	0.0466027434
1629.7600000000	0.0465509303
1629.7700000000	0.0464779545
1629.7800000000	0.0463714220
1629.7900000000	0.0462424577
1629.8000000000	0.0461318705
1629.8100000000	0.0460212840
1629.8200000000	0.0458502208
1629.8300000000	0.0456372178
1629.8400000000	0.0454072638
1629.8500000000	0.0452376074
1629.8600000000	0.0451142134
1629.8700000000	0.0450090473
1629.8800000000	0.0449216161
1629.8900000000	0.0448818049
1629.9000000000	0.0449010840
1629.9100000000	0.0449467501
1629.9200000000	0.0450819635
1629.9300000000	0.0452154511
1629.9400000000	0.0453000572
1629.9500000000	0.0453933489
1629.9600000000	0.0454796642
1629.9700000000	0.0456024618
1629.9800000000	0.0456725898
1629.9900000000	0.0456683356
1630.0000000000	0.0456698253
1630.0100000000	0.0456519483
1630.0200000000	0.0456310833
1630.0300000000	0.0455719479
1630.0400000000	0.0455915988
1630.0500000000	0.0456161797
1630.0600000000	0.0456417287
1630.0700000000	0.0455754738
1630.0800000000	0.0454944035
1630.0900000000	0.0453740433
1630.1000000000	0.0452808067
1630.1100000000	0.0451853511
1630.1200000000	0.0451032184
1630.1300000000	0.0450087002
1630.1400000000	0.0449496818
1630.1500000000	0.0450226478
1630.1600000000	0.0450996042
1630.1700000000	0.0451697576
1630.1800000000	0.0453053945
1630.1900000000	0.0455096249
1630.2000000000	0.0457857605
1630.2100000000	0.0461030862
1630.2200000000	0.0464612137
1630.2300000000	0.0468206655
1630.2400000000	0.0471561562
1630.2500000000	0.0475664649
1630.2600000000	0.0478915164
1630.2700000000	0.0481135219
1630.2800000000	0.0483169949
1630.2900000000	0.0486152442
1630.3000000000	0.0487822091
1630.3100000000	0.0488752257
1630.3200000000	0.0489287312
1630.3300000000	0.0490688447
1630.3400000000	0.0490930056
1630.3500000000	0.0490018477
1630.3600000000	0.0489493686
1630.3700000000	0.0488577475
1630.3800000000	0.0486668176
1630.3900000000	0.0483660820
1630.4000000000	0.0480718556
1630.4100000000	0.0477264670
1630.4200000000	0.0473143816
1630.4300000000	0.0469235061
1630.4400000000	0.0465680342
1630.4500000000	0.0461672315
1630.4600000000	0.0457963667
1630.4700000000	0.0454922841
1630.4800000000	0.0453053672
1630.4900000000	0.0451637573
1630.5000000000	0.0450448153
1630.5100000000	0.0449611509
1630.5200000000	0.0449845102
1630.5300000000	0.0450562566
1630.5400000000	0.0450558991
1630.5500000000	0.0449715087
1630.5600000000	0.0448877214
1630.5700000000	0.0448653300
1630.5800000000	0.0447363100
1630.5900000000	0.0446865452
1630.6000000000	0.0446264479
1630.6100000000	0.0446803939
1630.6200000000	0.0446865452
1630.6300000000	0.0446865452
1630.6400000000	0.0448281164
1630.6500000000	0.0449368381
1630.6600000000	0.0451885756
1630.6700000000	0.0453315919
1630.6800000000	0.0454059892
1630.6900000000	0.0455446716
1630.7000000000	0.0455489200
1630.7100000000	0.0456848701
1630.7200000000	0.0455432556
1630.7300000000	0.0454016554
1630.7400000000	0.0452628047
1630.7500000000	0.0451912966
1630.7600000000	0.0451548017
1630.7700000000	0.0450585394
1630.7800000000	0.0449246887
1630.7900000000	0.0449010840
1630.8000000000	0.0449292013
1630.8100000000	0.0449094968
1630.8200000000	0.0448478035
1630.8300000000	0.0449343601
1630.8400000000	0.0450759603
1630.8500000000	0.0451665948
1630.8600000000	0.0451363499
1630.8700000000	0.0450897049
1630.8800000000	0.0451331206
1630.8900000000	0.0450692740
1630.9000000000	0.0449021898
1630.9100000000	0.0448957590
1630.9200000000	0.0448363504
1630.9300000000	0.0447953273
1630.9400000000	0.0446537101
1630.9500000000	0.0446854832
1630.9600000000	0.0445505395
1630.9700000000	0.0444436279
1630.9800000000	0.0444362668
1630.9900000000	0.0443690925
1631.0000000000	0.0442289655
1631.0100000000	0.0439129434
1631.0200000000	0.0437283079
1631.0300000000	0.0435192513
1631.0400000000	0.0434407326
1631.0500000000	0.0435309311
1631.0600000000	0.0433864004
1631.0700000000	0.0434551043
1631.0800000000	0.0435611483
1631.0900000000	0.0436959184
1631.1000000000	0.0437798051
1631.1100000000	0.0438815226
1631.1200000000	0.0441397464
1631.1300000000	0.0443073333
1631.1400000000	0.0444824942
1631.1500000000	0.0446615173
1631.1600000000	0.0447176169
1631.1700000000	0.0447845258
1631.1800000000	0.0449220942
1631.1900000000	0.0450417685
1631.2000000000	0.0450817975
1631.2100000000	0.0451156084
1631.2200000000	0.0451460018
1631.2300000000	0.0453066724
1631.2400000000	0.0453465941
1631.2500000000	0.0452779463
1631.2600000000	0.0453528998
1631.2700000000	0.0453081170
1631.2800000000	0.0453731244
1631.2900000000	0.0453415855
1631.3000000000	0.0451228980
1631.3100000000	0.0451201210
1631.3200000000	0.0449517645
1631.3300000000	0.0448213250
1631.3400000000	0.0447445746
1631.3500000000	0.0445806450
1631.3600000000	0.0446487480
1631.3700000000	0.0447162411
1631.3800000000	0.0448474530
1631.3900000000	0.0451069302
1631.4000000000	0.0454163751
1631.4100000000	0.0456439614
1631.4200000000	0.0459646210
1631.4300000000	0.0463178344
1631.4400000000	0.0467256575
1631.4500000000	0.0469911723
1631.4600000000	0.0472602022
1631.4700000000	0.0473324326
1631.4800000000	0.0474195831
1631.4900000000	0.0474699198
1631.5000000000	0.0474437916
1631.5100000000	0.0473727029
1631.5200000000	0.0472981683
1631.5300000000	0.0472197531
1631.5400000000	0.0470492321
1631.5500000000	0.0471137015
1631.5600000000	0.0469720455
1631.5700000000	0.0466888450
1631.5800000000	0.0463348301
1631.5900000000	0.0461210136
1631.6000000000	0.0459065175
1631.6100000000	0.0455206000
1631.6200000000	0.0451998751
1631.6300000000	0.0448240764
1631.6400000000	0.0444105809
1631.6500000000	0.0441793804
1631.6600000000	0.0439090552
1631.6700000000	0.0437749792
1631.6800000000	0.0435218568
1631.6900000000	0.0433547660
1631.7000000000	0.0433863686
1631.7100000000	0.0433993700
1631.7200000000	0.0434902145
1631.7300000000	0.0435987260
1631.7400000000	0.0437707872
1631.7500000000	0.0439853133
1631.7600000000	0.0441385450
1631.7700000000	0.0442509285
1631.7800000000	0.0442925057
1631.7900000000	0.0445596769
1631.8000000000	0.0447988741
1631.8100000000	0.0448452183
1631.8200000000	0.0449541841
1631.8300000000	0.0451241044
1631.8400000000	0.0451432204
1631.8500000000	0.0451311876
1631.8600000000	0.0451946394
1631.8700000000	0.0452077136
1631.8800000000	0.0451513624
1631.8900000000	0.0451202104
1631.9000000000	0.0449722484
1631.9100000000	0.0447823643
1631.9200000000	0.0445240898
1631.9300000000	0.0443891677
1631.9400000000	0.0442786702
1631.9500000000	0.0440745862
1631.9600000000	0.0439714495
1631.9700000000	0.0438339339
1631.9800000000	0.0437947824
1631.9900000000	0.0438598968
1632.0000000000	0.0439640155
1632.0100000000	0.0440712033
1632.0200000000	0.0442762574
1632.0300000000	0.0444560908
1632.0400000000	0.0446653051
1632.0500000000	0.0446865452
1632.0600000000	0.0448472709
1632.0700000000	0.0449680278
1632.0800000000	0.0451148476
1632.0900000000	0.0450441003
1632.1000000000	0.0450549348
1632.1100000000	0.0451434171
1632.1200000000	0.0450755205
1632.1300000000	0.0450487483
1632.1400000000	0.0450663164
1632.1500000000	0.0449587071
1632.1600000000	0.0448295759
1632.1700000000	0.0448226327
1632.1800000000	0.0446815891
1632.1900000000	0.0444344968
1632.2000000000	0.0442574965
1632.2100000000	0.0439742816
1632.2200000000	0.0437308767
1632.2300000000	0.0435268704
1632.2400000000	0.0432614491
1632.2500000000	0.0429912196
1632.2600000000	0.0427700035
1632.2700000000	0.0426656677
1632.2800000000	0.0426485058
1632.2900000000	0.0427028519
1632.3000000000	0.0427471870
1632.3100000000	0.0429979153
1632.3200000000	0.0432634301
1632.3300000000	0.0434850382
1632.3400000000	0.0438087283
1632.3500000000	0.0441487566
1632.3600000000	0.0444250936
1632.3700000000	0.0446533713
1632.3800000000	0.0448765015
1632.3900000000	0.0449680758
1632.4000000000	0.0449725921
1632.4100000000	0.0450558960
1632.4200000000	0.0453226389
1632.4300000000	0.0452304693
1632.4400000000	0.0453358679
1632.4500000000	0.0454103230
1632.4600000000	0.0455154846
1632.4700000000	0.0455804256
1632.4800000000	0.0455804256
1632.4900000000	0.0455654089
1632.5000000000	0.0454829783
1632.5100000000	0.0455321750
1632.5200000000	0.0454310999
1632.5300000000	0.0453536328
1632.5400000000	0.0451801878
1632.5500000000	0.0450462034
1632.5600000000	0.0451513624
1632.5700000000	0.0449777991
1632.5800000000	0.0451766144
1632.5900000000	0.0451534873
1632.6000000000	0.0450848103
1632.6100000000	0.0451127764
1632.6200000000	0.0451801190
1632.6300000000	0.0452817741
1632.6400000000	0.0452632412
1632.6500000000	0.0451976469
1632.6600000000	0.0453421869
1632.6700000000	0.0453989928
1632.6800000000	0.0453309080
1632.6900000000	0.0452119392
1632.7000000000	0.0450009851
1632.7100000000	0.0448886933
1632.7200000000	0.0446437805
1632.7300000000	0.0444698968
1632.7400000000	0.0443633426
1632.7500000000	0.0442217424
1632.7600000000	0.0440072035
1632.7700000000	0.0437594032
1632.7800000000	0.0436517727
1632.7900000000	0.0435122407
1632.8000000000	0.0432710624
1632.8100000000	0.0429597909
1632.8200000000	0.0427429258
1632.8300000000	0.0425699143
1632.8400000000	0.0424281927
1632.8500000000	0.0423455975
1632.8600000000	0.0422767185
1632.8700000000	0.0424017628
1632.8800000000	0.0425912993
1632.8900000000	0.0426966498
1632.9000000000	0.0429572039
1632.9100000000	0.0433320632
1632.9200000000	0.0437374805
1632.9300000000	0.0440710000
1632.9400000000	0.0444012366
1632.9500000000	0.0447987615
1632.9600000000	0.0450642595
1632.9700000000	0.0452559449
1632.9800000000	0.0453837783
1632.9900000000	0.0454945422
1633.0000000000	0.0455089175
1633.0100000000	0.0454761123
1633.0200000000	0.0456074236
1633.0300000000	0.0455122349
1633.0400000000	0.0454731635
1633.0500000000	0.0454001960
1633.0600000000	0.0453258134
1633.0700000000	0.0452102440
1633.0800000000	0.0449595907
1633.0900000000	0.0447506328
1633.1000000000	0.0446426187
1633.1100000000	0.0445039931
1633.1200000000	0.0441258112
1633.1300000000	0.0439162861
1633.1400000000	0.0436763787
1633.1500000000	0.0435560569
1633.1600000000	0.0433575980
1633.1700000000	0.0431469762
1633.1800000000	0.0430835870
1633.1900000000	0.0430188049
1633.2000000000	0.0429480048
1633.2100000000	0.0430205749
1633.2200000000	0.0431550951
1633.2300000000	0.0433274978
1633.2400000000	0.0433636160
1633.2500000000	0.0434513759
1633.2600000000	0.0435930378
1633.2700000000	0.0436800202
1633.2800000000	0.0437926792
1633.2900000000	0.0438306449
1633.3000000000	0.0438610013
1633.3100000000	0.0438228248
1633.3200000000	0.0437611732
1633.3300000000	0.0438266806
1633.3400000000	0.0437937308
1633.3500000000	0.0438291413
1633.3600000000	0.0438999414
1633.3700000000	0.0439349944
1633.3800000000	0.0439016770
1633.3900000000	0.0438358539
1633.4000000000	0.0437375035
1633.4100000000	0.0436361563
1633.4200000000	0.0435873342
1633.4300000000	0.0435530437
1633.4400000000	0.0434000576
1633.4500000000	0.0432608140
1633.4600000000	0.0432205852
1633.4700000000	0.0432205852
1633.4800000000	0.0431994903
1633.4900000000	0.0432270209
1633.5000000000	0.0433407274
1633.5100000000	0.0435470343
1633.5200000000	0.0437135810
1633.5300000000	0.0438427349
1633.5400000000	0.0441234133
1633.5500000000	0.0444316032
1633.5600000000	0.0446197006
1633.5700000000	0.0448062562
1633.5800000000	0.0449278996
1633.5900000000	0.0449368381
1633.6000000000	0.0449704252
1633.6100000000	0.0451423336
1633.6200000000	0.0452543047
1633.6300000000	0.0452239685
1633.6400000000	0.0452228851
1633.6500000000	0.0452228851
1633.6600000000	0.0453280020
1633.6700000000	0.0452260711
1633.6800000000	0.0451541950
1633.6900000000	0.0450154262
1633.7000000000	0.0449417455
1633.7100000000	0.0448399897
1633.7200000000	0.0445140861
1633.7300000000	0.0441970840
1633.7400000000	0.0439395894
1633.7500000000	0.0436323049
1633.7600000000	0.0433136900
1633.7700000000	0.0430821710
1633.7800000000	0.0429259718
1633.7900000000	0.0427214758
1633.8000000000	0.0426542842
1633.8100000000	0.0426485058
1633.8200000000	0.0427436042
1633.8300000000	0.0427557679
1633.8400000000	0.0428585748
1633.8500000000	0.0430399719
1633.8600000000	0.0430384630
1633.8700000000	0.0429319457
1633.8800000000	0.0429029387
1633.8900000000	0.0429402734
1633.9000000000	0.0429430634
1633.9100000000	0.0427877763
1633.9200000000	0.0427413288
1633.9300000000	0.0425027125
1633.9400000000	0.0423638618
1633.9500000000	0.0422573209
1633.9600000000	0.0421851187
1633.9700000000	0.0420796123
1633.9800000000	0.0419754124
1633.9900000000	0.0417789127
1634.0000000000	0.0416358948
1634.0100000000	0.0415839503
1634.0200000000	0.0414974711
1634.0300000000	0.0413200659
1634.0400000000	0.0410888216
1634.0500000000	0.0410263388
1634.0600000000	0.0409956335
1634.0700000000	0.0408344820
1634.0800000000	0.0407304979
1634.0900000000	0.0408125863
1634.1000000000	0.0409340870
1634.1100000000	0.0411175385
1634.1200000000	0.0412591617
1634.1300000000	0.0414718392
1634.1400000000	0.0418091888
1634.1500000000	0.0421578239
1634.1600000000	0.0424663463
1634.1700000000	0.0428329348
1634.1800000000	0.0432021553
1634.1900000000	0.0434223792
1634.2000000000	0.0436680565
1634.2100000000	0.0437183245
1634.2200000000	0.0438856386
1634.2300000000	0.0439663934
1634.2400000000	0.0441044546
1634.2500000000	0.0442488280
1634.2600000000	0.0443573246
1634.2700000000	0.0443318366
1634.2800000000	0.0444579996
1634.2900000000	0.0445038809
1634.3000000000	0.0444768806
1634.3100000000	0.0443841680
1634.3200000000	0.0442820136
1634.3300000000	0.0442052299
1634.3400000000	0.0440850212
1634.3500000000	0.0439139481
1634.3600000000	0.0438641873
1634.3700000000	0.0438361738
1634.3800000000	0.0439148997
1634.3900000000	0.0438783473
1634.4000000000	0.0439213938
1634.4100000000	0.0440489756
1634.4200000000	0.0441940120
1634.4300000000	0.0443710248
1634.4400000000	0.0445569367
1634.4500000000	0.0447739162
1634.4600000000	0.0448944493
1634.4700000000	0.0449010840
1634.4800000000	0.0448653300
1634.4900000000	0.0447916550
1634.5000000000	0.0447152332
1634.5100000000	0.0445361678
1634.5200000000	0.0442911264
1634.5300000000	0.0440787117
1634.5400000000	0.0437601112
1634.5500000000	0.0435445317
1634.5600000000	0.0432269575
1634.5700000000	0.0430103514
1634.5800000000	0.0427999353
1634.5900000000	0.0425249286
1634.6000000000	0.0422816699
1634.6100000000	0.0420104188
1634.6200000000	0.0417009966
1634.6300000000	0.0414989838
1634.6400000000	0.0413510527
1634.6500000000	0.0411203338
1634.6600000000	0.0409873287
1634.6700000000	0.0408809255
1634.6800000000	0.0408894188
1634.6900000000	0.0409531504
1634.7000000000	0.0410787890
1634.7100000000	0.0412729826
1634.7200000000	0.0415379732
1634.7300000000	0.0418969510
1634.7400000000	0.0423169642
1634.7500000000	0.0427058612
1634.7600000000	0.0431069887
1634.7700000000	0.0433960158
1634.7800000000	0.0437421159
1634.7900000000	0.0438831159
1634.8000000000	0.0439874173
1634.8100000000	0.0440923823
1634.8200000000	0.0441144657
1634.8300000000	0.0440586894
1634.8400000000	0.0440153456
1634.8500000000	0.0439521423
1634.8600000000	0.0438539213
1634.8700000000	0.0437477102
1634.8800000000	0.0435353063
1634.8900000000	0.0433136912
1634.9000000000	0.0430516298
1634.9100000000	0.0428224208
1634.9200000000	0.0426141402
1634.9300000000	0.0423832917
1634.9400000000	0.0420953549
1634.9500000000	0.0417958023
1634.9600000000	0.0415740673
1634.9700000000	0.0413721563
1634.9800000000	0.0411568029
1634.9900000000	0.0409644371
1635.0000000000	0.0408964988
1635.0100000000	0.0408964988
1635.0200000000	0.0408964988
1635.0300000000	0.0409213813
1635.0400000000	0.0411537119
1635.0500000000	0.0413094151
1635.0600000000	0.0413255621
1635.0700000000	0.0415603730
1635.0800000000	0.0416797998
1635.0900000000	0.0418261334
1635.1000000000	0.0419005164
1635.1100000000	0.0420421024
1635.1200000000	0.0421136105
1635.1300000000	0.0421865777
1635.1400000000	0.0423310390
1635.1500000000	0.0424726542
1635.1600000000	0.0425347429
1635.1700000000	0.0424413426
1635.1800000000	0.0425462094
1635.1900000000	0.0426455263
1635.2000000000	0.0426809183
1635.2100000000	0.0427744803
1635.2200000000	0.0427355298
1635.2300000000	0.0425889157
1635.2400000000	0.0424922095
1635.2500000000	0.0423545568
1635.2600000000	0.0421826571
1635.2700000000	0.0420912943
1635.2800000000	0.0420353623
1635.2900000000	0.0419645622
1635.3000000000	0.0418937540
1635.3100000000	0.0418618874
1635.3200000000	0.0419427937
1635.3300000000	0.0421078466
1635.3400000000	0.0422048491
1635.3500000000	0.0422857903
1635.3600000000	0.0424440323
1635.3700000000	0.0426302563
1635.3800000000	0.0426842598
1635.3900000000	0.0427359439
1635.4000000000	0.0428072643
1635.4100000000	0.0427253281
1635.4200000000	0.0426842598
1635.4300000000	0.0426842598
1635.4400000000	0.0426315316
1635.4500000000	0.0425058507
1635.4600000000	0.0423369745
1635.4700000000	0.0422160695
1635.4800000000	0.0421836885
1635.4900000000	0.0422051409
1635.5000000000	0.0422194425
1635.5100000000	0.0421101176
1635.5200000000	0.0420049182
1635.5300000000	0.0420049182
1635.5400000000	0.0420049182
1635.5500000000	0.0419326819
1635.5600000000	0.0417817117
1635.5700000000	0.0416581977
1635.5800000000	0.0415143580
1635.5900000000	0.0415089489
1635.6000000000	0.0415818730
1635.6100000000	0.0415691290
1635.6200000000	0.0416263530
1635.6300000000	0.0417487317
1635.6400000000	0.0420049120
1635.6500000000	0.0422559824
1635.6600000000	0.0424847860
1635.6700000000	0.0426495892
1635.6800000000	0.0427940612
1635.6900000000	0.0429385254
1635.7000000000	0.0431695080
1635.7100000000	0.0432789711
1635.7200000000	0.0432921079
1635.7300000000	0.0432308027
1635.7400000000	0.0432814857
1635.7500000000	0.0432044298
1635.7600000000	0.0431291373
1635.7700000000	0.0430871034
1635.7800000000	0.0430530519
1635.7900000000	0.0430418149
1635.8000000000	0.0430418149
1635.8100000000	0.0429473703
1635.8200000000	0.0428630447
1635.8300000000	0.0428793287
1635.8400000000	0.0428514707
1635.8500000000	0.0426849678
1635.8600000000	0.0424970768
1635.8700000000	0.0424199602
1635.8800000000	0.0423982274
1635.8900000000	0.0423593133
1635.9000000000	0.0422277490
1635.9100000000	0.0420850826
1635.9200000000	0.0420252416
1635.9300000000	0.0419876057
1635.9400000000	0.0418931791
1635.9500000000	0.0418058605
1635.9600000000	0.0417268976
1635.9700000000	0.0416388853
1635.9800000000	0.0414989838
1635.9900000000	0.0414770055
1636.0000000000	0.0414179620
1636.0100000000	0.0411720299
1636.0200000000	0.0409163291
1636.0300000000	0.0407241006
1636.0400000000	0.0405471003
1636.0500000000	0.0403700921
1636.0600000000	0.0403074102
1636.0700000000	0.0403244194
1636.0800000000	0.0402930920
1636.0900000000	0.0402670066
1636.1000000000	0.0402886653
1636.1100000000	0.0403230309
1636.1200000000	0.0403854116
1636.1300000000	0.0403796125
1636.1400000000	0.0404139815
1636.1500000000	0.0403601734
1636.1600000000	0.0403601734
1636.1700000000	0.0403977371
1636.1800000000	0.0405229054
1636.1900000000	0.0405854017
1636.2000000000	0.0406343024
1636.2100000000	0.0407087900
1636.2200000000	0.0407986456
1636.2300000000	0.0410319148
1636.2400000000	0.0413555573
1636.2500000000	0.0414685928
1636.2600000000	0.0416573153
1636.2700000000	0.0419680973
1636.2800000000	0.0421921012
1636.2900000000	0.0422551966
1636.3000000000	0.0424128812
1636.3100000000	0.0425287113
1636.3200000000	0.0424196061
1636.3300000000	0.0424642065
1636.3400000000	0.0426095013
1636.3500000000	0.0425205623
1636.3600000000	0.0423957975
1636.3700000000	0.0424101454
1636.3800000000	0.0423881607
1636.3900000000	0.0422981073
1636.4000000000	0.0422354467
1636.4100000000	0.0422012217
1636.4200000000	0.0421149846
1636.4300000000	0.0419540446
1636.4400000000	0.0418071618
1636.4500000000	0.0416204554
1636.4600000000	0.0414447568
1636.4700000000	0.0413772526
1636.4800000000	0.0412834360
1636.4900000000	0.0410653716
1636.5000000000	0.0409322674
1636.5100000000	0.0408725464
1636.5200000000	0.0408670109
1636.5300000000	0.0409849715
1636.5400000000	0.0412004229
1636.5500000000	0.0413827780
1636.5600000000	0.0415971630
1636.5700000000	0.0419191035
1636.5800000000	0.0422766586
1636.5900000000	0.0425384116
1636.6000000000	0.0426824721
1636.6100000000	0.0429041035
1636.6200000000	0.0430966850
1636.6300000000	0.0432153273
1636.6400000000	0.0432563393
1636.6500000000	0.0432142757
1636.6600000000	0.0431646978
1636.6700000000	0.0431116205
1636.6800000000	0.0429916217
1636.6900000000	0.0428831350
1636.7000000000	0.0427336933
1636.7100000000	0.0424296853
1636.7200000000	0.0420895187
1636.7300000000	0.0417174411
1636.7400000000	0.0414190273
1636.7500000000	0.0411015681
1636.7600000000	0.0407106435
1636.7700000000	0.0402290704
1636.7800000000	0.0398867752
1636.7900000000	0.0396222199
1636.8000000000	0.0393156151
1636.8100000000	0.0390541943
1636.8200000000	0.0389214898
1636.8300000000	0.0388422760
1636.8400000000	0.0388046402
1636.8500000000	0.0388264298
1636.8600000000	0.0389214898
1636.8700000000	0.0390086352
1636.8800000000	0.0391239208
1636.8900000000	0.0392893104
1636.9000000000	0.0394691911
1636.9100000000	0.0396056753
1636.9200000000	0.0397866196
1636.9300000000	0.0401284972
1636.9400000000	0.0403269222
1636.9500000000	0.0404823136
1636.9600000000	0.0407074625
1636.9700000000	0.0409789906
1636.9800000000	0.0411446886
1636.9900000000	0.0412947154
1637.0000000000	0.0414474123
1637.0100000000	0.0415663907
1637.0200000000	0.0416923212
1637.0300000000	0.0417744493
1637.0400000000	0.0418098494
1637.0500000000	0.0417496693
1637.0600000000	0.0415517830
1637.0700000000	0.0413770549
1637.0800000000	0.0412128826
1637.0900000000	0.0410162895
1637.1000000000	0.0408174133
1637.1100000000	0.0405983026
1637.1200000000	0.0404191552
1637.1300000000	0.0403159416
1637.1400000000	0.0402654436
1637.1500000000	0.0403010698
1637.1600000000	0.0403996135
1637.1700000000	0.0405871128
1637.1800000000	0.0406723209
1637.1900000000	0.0407853427
1637.2000000000	0.0409014652
1637.2100000000	0.0410076696
1637.2200000000	0.0410890897
1637.2300000000	0.0411357080
1637.2400000000	0.0411218723
1637.2500000000	0.0410109264
1637.2600000000	0.0408465172
1637.2700000000	0.0406762404
1637.2800000000	0.0404473929
1637.2900000000	0.0401787047
1637.3000000000	0.0398749332
1637.3100000000	0.0396360525
1637.3200000000	0.0394624835
1637.3300000000	0.0392104605
1637.3400000000	0.0389903774
1637.3500000000	0.0387458873
1637.3600000000	0.0385724270
1637.3700000000	0.0385327749
1637.3800000000	0.0383714747
1637.3900000000	0.0381951707
1637.4000000000	0.0381326744
1637.4100000000	0.0381309593
1637.4200000000	0.0381916502
1637.4300000000	0.0382705729
1637.4400000000	0.0384685439
1637.4500000000	0.0386781994
1637.4600000000	0.0389015931
1637.4700000000	0.0392475206
1637.4800000000	0.0396932149
1637.4900000000	0.0400783819
1637.5000000000	0.0404032318
1637.5100000000	0.0407918518
1637.5200000000	0.0411590822
1637.5300000000	0.0413352454
1637.5400000000	0.0413848005
1637.5500000000	0.0414887262
1637.5600000000	0.0415838389
1637.5700000000	0.0416324367
1637.5800000000	0.0416077907
1637.5900000000	0.0415569264
1637.6000000000	0.0414854183
1637.6100000000	0.0414503653
1637.6200000000	0.0414514309
1637.6300000000	0.0413802951
1637.6400000000	0.0413075044
1637.6500000000	0.0412339879
1637.6600000000	0.0412405550
1637.6700000000	0.0412500813
1637.6800000000	0.0411778509
1637.6900000000	0.0411262061
1637.7000000000	0.0410682803
1637.7100000000	0.0410624875
1637.7200000000	0.0411001233
1637.7300000000	0.0411110377
1637.7400000000	0.0411663275
1637.7500000000	0.0411825458
1637.7600000000	0.0411825458
1637.7700000000	0.0411536537
1637.7800000000	0.0412638050
1637.7900000000	0.0413769039
1637.8000000000	0.0413110509
1637.8100000000	0.0412614880
1637.8200000000	0.0412263621
1637.8300000000	0.0412182999
1637.8400000000	0.0410881274
1637.8500000000	0.0409385667
1637.8600000000	0.0408479011
1637.8700000000	0.0407119944
1637.8800000000	0.0405839062
1637.8900000000	0.0405389583
1637.9000000000	0.0405564915
1637.9100000000	0.0405582374
1637.9200000000	0.0405230282
1637.9300000000	0.0405648975
1637.9400000000	0.0406164844
1637.9500000000	0.0405599051
1637.9600000000	0.0404788853
1637.9700000000	0.0403807591
1637.9800000000	0.0403601734
1637.9900000000	0.0403439551
1638.0000000000	0.0402204746
