1460.0000000000	0.1622314827
1460.0100000000	0.1640452659
1460.0200000000	0.1663299173
1460.0300000000	0.1684935858
1460.0400000000	0.1696626560
1460.0500000000	0.1700280647
1460.0600000000	0.1693183331
1460.0700000000	0.1677103222
1460.0800000000	0.1656937275
1460.0900000000	0.1633202445
1460.1000000000	0.1604413478
1460.1100000000	0.1576824465
1460.1200000000	0.1556705814
1460.1300000000	0.1541462523
1460.1400000000	0.1534895273
1460.1500000000	0.1536654372
1460.1600000000	0.1543628051
1460.1700000000	0.1556069299
1460.1800000000	0.1571998045
1460.1900000000	0.1590572334
1460.2000000000	0.1606564854
1460.2100000000	0.1615219931
1460.2200000000	0.1612540387
1460.2300000000	0.1595321470
1460.2400000000	0.1576611950
1460.2500000000	0.1549059437
1460.2600000000	0.1512726885
1460.2700000000	0.1481181816
1460.2800000000	0.1463320257
1460.2900000000	0.1454435485
1460.3000000000	0.1446638978
1460.3100000000	0.1447771707
1460.3200000000	0.1454277954
1460.3300000000	0.1465398527
1460.3400000000	0.1482974867
1460.3500000000	0.1509017469
1460.3600000000	0.1544447472
1460.3700000000	0.1572496451
1460.3800000000	0.1590490728
1460.3900000000	0.1596981432
1460.4000000000	0.1592256782
1460.4100000000	0.1579912152
1460.4200000000	0.1553845459
1460.4300000000	0.1519855024
1460.4400000000	0.1494377849
1460.4500000000	0.1475084061
1460.4600000000	0.1465873513
1460.4700000000	0.1467203512
1460.4800000000	0.1473324792
1460.4900000000	0.1488532774
1460.5000000000	0.1504374356
1460.5100000000	0.1524831553
1460.5200000000	0.1551891847
1460.5300000000	0.1576553277
1460.5400000000	0.1601379580
1460.5500000000	0.1623783895
1460.5600000000	0.1639232813
1460.5700000000	0.1644458092
1460.5800000000	0.1637982879
1460.5900000000	0.1621573143
1460.6000000000	0.1599630938
1460.6100000000	0.1575368494
1460.6200000000	0.1554409283
1460.6300000000	0.1543534911
1460.6400000000	0.1535554402
1460.6500000000	0.1532463852
1460.6600000000	0.1533961561
1460.6700000000	0.1537146627
1460.6800000000	0.1546996625
1460.6900000000	0.1560077098
1460.7000000000	0.1576478175
1460.7100000000	0.1594591755
1460.7200000000	0.1609623488
1460.7300000000	0.1617574117
1460.7400000000	0.1613537290
1460.7500000000	0.1598170333
1460.7600000000	0.1577169573
1460.7700000000	0.1555033657
1460.7800000000	0.1534714662
1460.7900000000	0.1521798943
1460.8000000000	0.1516099707
1460.8100000000	0.1514514734
1460.8200000000	0.1520486300
1460.8300000000	0.1527884238
1460.8400000000	0.1533538638
1460.8500000000	0.1543308685
1460.8600000000	0.1553499089
1460.8700000000	0.1564360371
1460.8800000000	0.1573210772
1460.8900000000	0.1578687531
1460.9000000000	0.1577877376
1460.9100000000	0.1567576793
1460.9200000000	0.1546203363
1460.9300000000	0.1521730825
1460.9400000000	0.1500162230
1460.9500000000	0.1481507068
1460.9600000000	0.1473452874
1460.9700000000	0.1478665616
1460.9800000000	0.1490182522
1460.9900000000	0.1502307021
1461.0000000000	0.1514633907
1461.0100000000	0.1530209304
1461.0200000000	0.1539986184
1461.0300000000	0.1553641795
1461.0400000000	0.1561333328
1461.0500000000	0.1568081429
1461.0600000000	0.1572628187
1461.0700000000	0.1558587077
1461.0800000000	0.1530523539
1461.0900000000	0.1520019806
1461.1000000000	0.1509747381
1461.1100000000	0.1486098703
1461.1200000000	0.1470416679
1461.1300000000	0.1463682872
1461.1400000000	0.1474955950
1461.1500000000	0.1497807692
1461.1600000000	0.1527028979
1461.1700000000	0.1566657061
1461.1800000000	0.1604199469
1461.1900000000	0.1638811020
1461.2000000000	0.1671762224
1461.2100000000	0.1696414455
1461.2200000000	0.1717469158
1461.2300000000	0.1723656855
1461.2400000000	0.1716907033
1461.2500000000	0.1704593692
1461.2600000000	0.1674634838
1461.2700000000	0.1642982104
1461.2800000000	0.1618716522
1461.2900000000	0.1598291576
1461.3000000000	0.1594118038
1461.3100000000	0.1603404458
1461.3200000000	0.1620528832
1461.3300000000	0.1651744503
1461.3400000000	0.1680392873
1461.3500000000	0.1707002782
1461.3600000000	0.1738187356
1461.3700000000	0.1757853700
1461.3800000000	0.1776645764
1461.3900000000	0.1793289764
1461.4000000000	0.1795839418
1461.4100000000	0.1795683038
1461.4200000000	0.1778911365
1461.4300000000	0.1749754307
1461.4400000000	0.1724172748
1461.4500000000	0.1695695947
1461.4600000000	0.1677941211
1461.4700000000	0.1677735285
1461.4800000000	0.1685911927
1461.4900000000	0.1704969447
1461.5000000000	0.1727948998
1461.5100000000	0.1747999360
1461.5200000000	0.1774660990
1461.5300000000	0.1804365999
1461.5400000000	0.1823975617
1461.5500000000	0.1847094830
1461.5600000000	0.1862518966
1461.5700000000	0.1870606903
1461.5800000000	0.1874706470
1461.5900000000	0.1857421321
1461.6000000000	0.1833107633
1461.6100000000	0.1802845034
1461.6200000000	0.1766446299
1461.6300000000	0.1748524551
1461.6400000000	0.1738359986
1461.6500000000	0.1740287276
1461.6600000000	0.1756012204
1461.6700000000	0.1771075968
1461.6800000000	0.1790732289
1461.6900000000	0.1809259975
1461.7000000000	0.1815280808
1461.7100000000	0.1817115455
1461.7200000000	0.1810440391
1461.7300000000	0.1793552776
1461.7400000000	0.1772580948
1461.7500000000	0.1739270396
1461.7600000000	0.1699503093
1461.7700000000	0.1650991411
1461.7800000000	0.1596606335
1461.7900000000	0.1556769136
1461.8000000000	0.1528022374
1461.8100000000	0.1512975111
1461.8200000000	0.1511759021
1461.8300000000	0.1518805405
1461.8400000000	0.1538975832
1461.8500000000	0.1561276244
1461.8600000000	0.1581314693
1461.8700000000	0.1599378789
1461.8800000000	0.1606582543
1461.8900000000	0.1607542572
1461.9000000000	0.1603201658
1461.9100000000	0.1588599524
1461.9200000000	0.1562455917
1461.9300000000	0.1524985876
1461.9400000000	0.1482692670
1461.9500000000	0.1447940802
1461.9600000000	0.1422697512
1461.9700000000	0.1408328706
1461.9800000000	0.1406951916
1461.9900000000	0.1415844083
1462.0000000000	0.1432484351
1462.0100000000	0.1453909857
1462.0200000000	0.1472434339
1462.0300000000	0.1490938435
1462.0400000000	0.1504980028
1462.0500000000	0.1516595669
1462.0600000000	0.1524233581
1462.0700000000	0.1532463808
1462.0800000000	0.1538583586
1462.0900000000	0.1531357319
1462.1000000000	0.1517751570
1462.1100000000	0.1498744930
1462.1200000000	0.1480350766
1462.1300000000	0.1471000724
1462.1400000000	0.1472484466
1462.1500000000	0.1487340822
1462.1600000000	0.1512687272
1462.1700000000	0.1545264178
1462.1800000000	0.1584999310
1462.1900000000	0.1623994163
1462.2000000000	0.1656325252
1462.2100000000	0.1684780892
1462.2200000000	0.1707413970
1462.2300000000	0.1724251152
1462.2400000000	0.1736181647
1462.2500000000	0.1737295687
1462.2600000000	0.1727720821
1462.2700000000	0.1707092044
1462.2800000000	0.1679127151
1462.2900000000	0.1654519668
1462.3000000000	0.1635899793
1462.3100000000	0.1630119493
1462.3200000000	0.1636278444
1462.3300000000	0.1652849286
1462.3400000000	0.1681687389
1462.3500000000	0.1711198661
1462.3600000000	0.1740115465
1462.3700000000	0.1763638938
1462.3800000000	0.1777838851
1462.3900000000	0.1794177364
1462.4000000000	0.1804446231
1462.4100000000	0.1810047419
1462.4200000000	0.1814718670
1462.4300000000	0.1805147031
1462.4400000000	0.1787826442
1462.4500000000	0.1772637156
1462.4600000000	0.1757739228
1462.4700000000	0.1746642533
1462.4800000000	0.1747034912
1462.4900000000	0.1758000032
1462.5000000000	0.1782518269
1462.5100000000	0.1818348909
1462.5200000000	0.1853979959
1462.5300000000	0.1887891724
1462.5400000000	0.1912289221
1462.5500000000	0.1924369065
1462.5600000000	0.1927007626
1462.5700000000	0.1923651661
1462.5800000000	0.1908977757
1462.5900000000	0.1880647615
1462.6000000000	0.1848432556
1462.6100000000	0.1805279325
1462.6200000000	0.1764192124
1462.6300000000	0.1732535381
1462.6400000000	0.1708779793
1462.6500000000	0.1700675293
1462.6600000000	0.1705990674
1462.6700000000	0.1721076015
1462.6800000000	0.1741495848
1462.6900000000	0.1757774724
1462.7000000000	0.1770187906
1462.7100000000	0.1773743192
1462.7200000000	0.1766732396
1462.7300000000	0.1750819432
1462.7400000000	0.1728408043
1462.7500000000	0.1698392092
1462.7600000000	0.1660460807
1462.7700000000	0.1615395322
1462.7800000000	0.1564694805
1462.7900000000	0.1519260404
1462.8000000000	0.1477794706
1462.8100000000	0.1453146700
1462.8200000000	0.1440060290
1462.8300000000	0.1441836190
1462.8400000000	0.1456248225
1462.8500000000	0.1472465208
1462.8600000000	0.1491524235
1462.8700000000	0.1510063230
1462.8800000000	0.1516302480
1462.8900000000	0.1522434526
1462.9000000000	0.1522094739
1462.9100000000	0.1517454617
1462.9200000000	0.1509893255
1462.9300000000	0.1489843708
1462.9400000000	0.1460437687
1462.9500000000	0.1430099261
1462.9600000000	0.1392873573
1462.9700000000	0.1358474760
1462.9800000000	0.1339985804
1462.9900000000	0.1336531417
1463.0000000000	0.1349980189
1463.0100000000	0.1380572360
1463.0200000000	0.1419656278
1463.0300000000	0.1467310730
1463.0400000000	0.1508756704
1463.0500000000	0.1540328460
1463.0600000000	0.1562188433
1463.0700000000	0.1571494271
1463.0800000000	0.1571036191
1463.0900000000	0.1558003880
1463.1000000000	0.1533221742
1463.1100000000	0.1500822617
1463.1200000000	0.1461398932
1463.1300000000	0.1428169506
1463.1400000000	0.1404211732
1463.1500000000	0.1390270626
1463.1600000000	0.1393946412
1463.1700000000	0.1411539819
1463.1800000000	0.1443072018
1463.1900000000	0.1481883151
1463.2000000000	0.1526704639
1463.2100000000	0.1568191627
1463.2200000000	0.1604617861
1463.2300000000	0.1631843364
1463.2400000000	0.1659521753
1463.2500000000	0.1691327803
1463.2600000000	0.1712833185
1463.2700000000	0.1718178400
1463.2800000000	0.1705801071
1463.2900000000	0.1681597830
1463.3000000000	0.1655313913
1463.3100000000	0.1632972695
1463.3200000000	0.1621422707
1463.3300000000	0.1626110231
1463.3400000000	0.1649196266
1463.3500000000	0.1682122461
1463.3600000000	0.1719161770
1463.3700000000	0.1759406099
1463.3800000000	0.1788009949
1463.3900000000	0.1807051594
1463.4000000000	0.1818711024
1463.4100000000	0.1824979815
1463.4200000000	0.1828655602
1463.4300000000	0.1821745123
1463.4400000000	0.1809126286
1463.4500000000	0.1789939035
1463.4600000000	0.1763809333
1463.4700000000	0.1736116463
1463.4800000000	0.1712708211
1463.4900000000	0.1701247740
1463.5000000000	0.1701139018
1463.5100000000	0.1716627097
1463.5200000000	0.1748158468
1463.5300000000	0.1784444368
1463.5400000000	0.1814265808
1463.5500000000	0.1839634012
1463.5600000000	0.1854753651
1463.5700000000	0.1860160872
1463.5800000000	0.1864472037
1463.5900000000	0.1859652111
1463.6000000000	0.1848312809
1463.6100000000	0.1836223616
1463.6200000000	0.1811606421
1463.6300000000	0.1786307889
1463.6400000000	0.1762009292
1463.6500000000	0.1736258642
1463.6600000000	0.1722492906
1463.6700000000	0.1721880908
1463.6800000000	0.1731494338
1463.6900000000	0.1754145770
1463.7000000000	0.1780789559
1463.7100000000	0.1800770639
1463.7200000000	0.1811727665
1463.7300000000	0.1807415872
1463.7400000000	0.1791558928
1463.7500000000	0.1767205344
1463.7600000000	0.1733034085
1463.7700000000	0.1696069784
1463.7800000000	0.1656444243
1463.7900000000	0.1613022138
1463.8000000000	0.1575656117
1463.8100000000	0.1542323640
1463.8200000000	0.1519592655
1463.8300000000	0.1511953448
1463.8400000000	0.1516091416
1463.8500000000	0.1536519522
1463.8600000000	0.1560996534
1463.8700000000	0.1589355544
1463.8800000000	0.1617571381
1463.8900000000	0.1633385404
1463.9000000000	0.1644254399
1463.9100000000	0.1648920006
1463.9200000000	0.1639209881
1463.9300000000	0.1621704326
1463.9400000000	0.1599054225
1463.9500000000	0.1566135771
1463.9600000000	0.1529338541
1463.9700000000	0.1493419187
1463.9800000000	0.1462193049
1463.9900000000	0.1444799472
1464.0000000000	0.1440017779
1464.0100000000	0.1452364486
1464.0200000000	0.1482734737
1464.0300000000	0.1518221317
1464.0400000000	0.1558558671
1464.0500000000	0.1598936635
1464.0600000000	0.1628602319
1464.0700000000	0.1651637684
1464.0800000000	0.1665640019
1464.0900000000	0.1671314458
1464.1000000000	0.1670281452
1464.1100000000	0.1659667311
1464.1200000000	0.1641249224
1464.1300000000	0.1618520148
1464.1400000000	0.1591605713
1464.1500000000	0.1566997740
1464.1600000000	0.1553615404
1464.1700000000	0.1556550142
1464.1800000000	0.1573353517
1464.1900000000	0.1607708328
1464.2000000000	0.1652780635
1464.2100000000	0.1704792492
1464.2200000000	0.1755022713
1464.2300000000	0.1793909414
1464.2400000000	0.1821608690
1464.2500000000	0.1839257369
1464.2600000000	0.1850126893
1464.2700000000	0.1855876332
1464.2800000000	0.1854210856
1464.2900000000	0.1844575457
1464.3000000000	0.1824604127
1464.3100000000	0.1796608252
1464.3200000000	0.1768700558
1464.3300000000	0.1748236504
1464.3400000000	0.1740209907
1464.3500000000	0.1746609126
1464.3600000000	0.1766679759
1464.3700000000	0.1799672780
1464.3800000000	0.1842166530
1464.3900000000	0.1882014810
1464.4000000000	0.1914639733
1464.4100000000	0.1943215487
1464.4200000000	0.1956643257
1464.4300000000	0.1957846974
1464.4400000000	0.1953465271
1464.4500000000	0.1943621298
1464.4600000000	0.1928168808
1464.4700000000	0.1903873575
1464.4800000000	0.1883672935
1464.4900000000	0.1862110379
1464.5000000000	0.1844768776
1464.5100000000	0.1847093342
1464.5200000000	0.1857540334
1464.5300000000	0.1884820370
1464.5400000000	0.1918587885
1464.5500000000	0.1945393055
1464.5600000000	0.1972837368
1464.5700000000	0.1980963544
1464.5800000000	0.1973162395
1464.5900000000	0.1958184188
1464.6000000000	0.1933786283
1464.6100000000	0.1902729936
1464.6200000000	0.1870607433
1464.6300000000	0.1835438830
1464.6400000000	0.1796651643
1464.6500000000	0.1762598850
1464.6600000000	0.1733000019
1464.6700000000	0.1714980771
1464.6800000000	0.1712764748
1464.6900000000	0.1726862361
1464.7000000000	0.1757520485
1464.7100000000	0.1796394843
1464.7200000000	0.1834371341
1464.7300000000	0.1863183690
1464.7400000000	0.1876083535
1464.7500000000	0.1874625793
1464.7600000000	0.1860487973
1464.7700000000	0.1835483046
1464.7800000000	0.1800285060
1464.7900000000	0.1760590441
1464.8000000000	0.1721472072
1464.8100000000	0.1684821874
1464.8200000000	0.1649228846
1464.8300000000	0.1621750384
1464.8400000000	0.1606014886
1464.8500000000	0.1602891499
1464.8600000000	0.1616130932
1464.8700000000	0.1643785949
1464.8800000000	0.1679363940
1464.8900000000	0.1718839553
1464.9000000000	0.1752581088
1464.9100000000	0.1777736580
1464.9200000000	0.1794389157
1464.9300000000	0.1793728682
1464.9400000000	0.1780518159
1464.9500000000	0.1762007487
1464.9600000000	0.1731097000
1464.9700000000	0.1698560203
1464.9800000000	0.1662486242
1464.9900000000	0.1625126704
1465.0000000000	0.1595880278
1465.0100000000	0.1577873643
1465.0200000000	0.1574823083
1465.0300000000	0.1589438047
1465.0400000000	0.1616559934
1465.0500000000	0.1650384315
1465.0600000000	0.1689505052
1465.0700000000	0.1729419508
1465.0800000000	0.1766001515
1465.0900000000	0.1798804846
1465.1000000000	0.1820814751
1465.1100000000	0.1830028433
1465.1200000000	0.1831765160
1465.1300000000	0.1824815859
1465.1400000000	0.1810641912
1465.1500000000	0.1787748607
1465.1600000000	0.1763713860
1465.1700000000	0.1743773761
1465.1800000000	0.1729346787
1465.1900000000	0.1731989760
1465.2000000000	0.1753671511
1465.2100000000	0.1785630045
1465.2200000000	0.1819443218
1465.2300000000	0.1851427403
1465.2400000000	0.1878144685
1465.2500000000	0.1898084616
1465.2600000000	0.1908377818
1465.2700000000	0.1907589240
1465.2800000000	0.1899803844
1465.2900000000	0.1888126749
1465.3000000000	0.1873171778
1465.3100000000	0.1853667154
1465.3200000000	0.1829393158
1465.3300000000	0.1803671939
1465.3400000000	0.1782634279
1465.3500000000	0.1772871328
1465.3600000000	0.1775666050
1465.3700000000	0.1792364081
1465.3800000000	0.1815859147
1465.3900000000	0.1841762981
1465.4000000000	0.1870092782
1465.4100000000	0.1894428684
1465.4200000000	0.1905616109
1465.4300000000	0.1904649296
1465.4400000000	0.1896398822
1465.4500000000	0.1884391454
1465.4600000000	0.1864582614
1465.4700000000	0.1839024515
1465.4800000000	0.1814316585
1465.4900000000	0.1786357723
1465.5000000000	0.1758072432
1465.5100000000	0.1742561173
1465.5200000000	0.1743490808
1465.5300000000	0.1755885439
1465.5400000000	0.1775794687
1465.5500000000	0.1803523446
1465.5600000000	0.1836685533
1465.5700000000	0.1867790406
1465.5800000000	0.1890290477
1465.5900000000	0.1901724660
1465.6000000000	0.1897620369
1465.6100000000	0.1883872761
1465.6200000000	0.1861439907
1465.6300000000	0.1833715371
1465.6400000000	0.1803252124
1465.6500000000	0.1767710332
1465.6600000000	0.1726794994
1465.6700000000	0.1694743332
1465.6800000000	0.1671333182
1465.6900000000	0.1665589072
1465.7000000000	0.1675204766
1465.7100000000	0.1698170090
1465.7200000000	0.1737234769
1465.7300000000	0.1782724896
1465.7400000000	0.1826129749
1465.7500000000	0.1864629274
1465.7600000000	0.1889836742
1465.7700000000	0.1899892958
1465.7800000000	0.1898810573
1465.7900000000	0.1889324070
1465.8000000000	0.1875006112
1465.8100000000	0.1853817984
1465.8200000000	0.1823390827
1465.8300000000	0.1791401361
1465.8400000000	0.1762939378
1465.8500000000	0.1738959770
1465.8600000000	0.1727257913
1465.8700000000	0.1728648397
1465.8800000000	0.1742632700
1465.8900000000	0.1766519544
1465.9000000000	0.1792819122
1465.9100000000	0.1825130881
1465.9200000000	0.1844523451
1465.9300000000	0.1851643532
1465.9400000000	0.1856284018
1465.9500000000	0.1852659348
1465.9600000000	0.1845371499
1465.9700000000	0.1837308092
1465.9800000000	0.1826335942
1465.9900000000	0.1812115640
1466.0000000000	0.1791823024
1466.0100000000	0.1774150188
1466.0200000000	0.1766522473
1466.0300000000	0.1765833877
1466.0400000000	0.1769594760
1466.0500000000	0.1787421560
1466.0600000000	0.1819932550
1466.0700000000	0.1852795160
1466.0800000000	0.1883898060
1466.0900000000	0.1900920767
1466.1000000000	0.1901516655
1466.1100000000	0.1893526732
1466.1200000000	0.1876846864
1466.1300000000	0.1858900168
1466.1400000000	0.1842975631
1466.1500000000	0.1827089412
1466.1600000000	0.1810158230
1466.1700000000	0.1796002488
1466.1800000000	0.1785924573
1466.1900000000	0.1782745706
1466.2000000000	0.1788770782
1466.2100000000	0.1800729632
1466.2200000000	0.1823347385
1466.2300000000	0.1854718057
1466.2400000000	0.1885030297
1466.2500000000	0.1911632140
1466.2600000000	0.1928291482
1466.2700000000	0.1929171954
1466.2800000000	0.1918908812
1466.2900000000	0.1898922794
1466.3000000000	0.1874149014
1466.3100000000	0.1844501264
1466.3200000000	0.1809822810
1466.3300000000	0.1775512610
1466.3400000000	0.1744062756
1466.3500000000	0.1715411822
1466.3600000000	0.1695544263
1466.3700000000	0.1687615252
1466.3800000000	0.1690185485
1466.3900000000	0.1706407041
1466.4000000000	0.1729139890
1466.4100000000	0.1760412768
1466.4200000000	0.1788928406
1466.4300000000	0.1806417745
1466.4400000000	0.1822277412
1466.4500000000	0.1825679296
1466.4600000000	0.1814812510
1466.4700000000	0.1803505039
1466.4800000000	0.1782335029
1466.4900000000	0.1757840382
1466.5000000000	0.1738432367
1466.5100000000	0.1714894038
1466.5200000000	0.1699522591
1466.5300000000	0.1696697442
1466.5400000000	0.1696847713
1466.5500000000	0.1714364464
1466.5600000000	0.1744172478
1466.5700000000	0.1777340464
1466.5800000000	0.1817976979
1466.5900000000	0.1855912693
1466.6000000000	0.1880633287
1466.6100000000	0.1901622846
1466.6200000000	0.1910243405
1466.6300000000	0.1908783467
1466.6400000000	0.1904478218
1466.6500000000	0.1890501410
1466.6600000000	0.1876201307
1466.6700000000	0.1853599816
1466.6800000000	0.1832296747
1466.6900000000	0.1821578630
1466.7000000000	0.1819148601
1466.7100000000	0.1832556792
1466.7200000000	0.1857753818
1466.7300000000	0.1893127145
1466.7400000000	0.1933088546
1466.7500000000	0.1967485861
1466.7600000000	0.1995123700
1466.7700000000	0.2009018665
1466.7800000000	0.2004928094
1466.7900000000	0.1987325751
1466.8000000000	0.1967003675
1466.8100000000	0.1943759048
1466.8200000000	0.1922112680
1466.8300000000	0.1903786199
1466.8400000000	0.1884320544
1466.8500000000	0.1869368475
1466.8600000000	0.1856713855
1466.8700000000	0.1850709200
1466.8800000000	0.1858070847
1466.8900000000	0.1871999957
1466.9000000000	0.1896928809
1466.9100000000	0.1928652468
1466.9200000000	0.1952464812
1466.9300000000	0.1968129625
1466.9400000000	0.1968827372
1466.9500000000	0.1953876938
1466.9600000000	0.1928986407
1466.9700000000	0.1898514849
1466.9800000000	0.1868335700
1466.9900000000	0.1834982140
1467.0000000000	0.1804293523
1467.0100000000	0.1776719408
1467.0200000000	0.1747554592
1467.0300000000	0.1721376712
1467.0400000000	0.1705367952
1467.0500000000	0.1697989771
1467.0600000000	0.1707253107
1467.0700000000	0.1734509060
1467.0800000000	0.1770370000
1467.0900000000	0.1806133951
1467.1000000000	0.1835739124
1467.1100000000	0.1855640545
1467.1200000000	0.1865405199
1467.1300000000	0.1854907535
1467.1400000000	0.1831563892
1467.1500000000	0.1805933388
1467.1600000000	0.1774097169
1467.1700000000	0.1741011352
1467.1800000000	0.1713462415
1467.1900000000	0.1690156027
1467.2000000000	0.1673347770
1467.2100000000	0.1665428237
1467.2200000000	0.1664412497
1467.2300000000	0.1674013213
1467.2400000000	0.1694159288
1467.2500000000	0.1712045193
1467.2600000000	0.1731931023
1467.2700000000	0.1750831682
1467.2800000000	0.1748353534
1467.2900000000	0.1741917513
1467.3000000000	0.1723863052
1467.3100000000	0.1700456390
1467.3200000000	0.1682759483
1467.3300000000	0.1656783459
1467.3400000000	0.1636903519
1467.3500000000	0.1619302298
1467.3600000000	0.1598164257
1467.3700000000	0.1588671090
1467.3800000000	0.1583449276
1467.3900000000	0.1585234175
1467.4000000000	0.1605486109
1467.4100000000	0.1627295172
1467.4200000000	0.1657892893
1467.4300000000	0.1691995224
1467.4400000000	0.1711060232
1467.4500000000	0.1726239252
1467.4600000000	0.1731501312
1467.4700000000	0.1721686415
1467.4800000000	0.1718301772
1467.4900000000	0.1705124456
1467.5000000000	0.1690197582
1467.5100000000	0.1689839154
1467.5200000000	0.1677991658
1467.5300000000	0.1669962263
1467.5400000000	0.1679107643
1467.5500000000	0.1682972634
1467.5600000000	0.1705844544
1467.5700000000	0.1738539158
1467.5800000000	0.1784285746
1467.5900000000	0.1839500956
1467.6000000000	0.1878360670
1467.6100000000	0.1910395775
1467.6200000000	0.1936800963
1467.6300000000	0.1939643698
1467.6400000000	0.1938101241
1467.6500000000	0.1935420326
1467.6600000000	0.1930481896
1467.6700000000	0.1929086210
1467.6800000000	0.1923576846
1467.6900000000	0.1918492287
1467.7000000000	0.1917862522
1467.7100000000	0.1916158693
1467.7200000000	0.1917114367
1467.7300000000	0.1929766222
1467.7400000000	0.1948417342
1467.7500000000	0.1976220165
1467.7600000000	0.2016825282
1467.7700000000	0.2055334614
1467.7800000000	0.2084264490
1467.7900000000	0.2093580761
1467.8000000000	0.2079472257
1467.8100000000	0.2048987283
1467.8200000000	0.2009835380
1467.8300000000	0.1976631121
1467.8400000000	0.1956833652
1467.8500000000	0.1943653056
1467.8600000000	0.1937255367
1467.8700000000	0.1937498455
1467.8800000000	0.1938063907
1467.8900000000	0.1942623154
1467.9000000000	0.1953349715
1467.9100000000	0.1967006206
1467.9200000000	0.1984426854
1467.9300000000	0.2003989656
1467.9400000000	0.2025827003
1467.9500000000	0.2041433643
1467.9600000000	0.2038447117
1467.9700000000	0.2026528527
1467.9800000000	0.1994667613
1467.9900000000	0.1949581552
1468.0000000000	0.1903032435
1468.0100000000	0.1855618902
1468.0200000000	0.1817393394
1468.0300000000	0.1785030235
1468.0400000000	0.1760038521
1468.0500000000	0.1743451114
1468.0600000000	0.1727917688
1468.0700000000	0.1723401249
1468.0800000000	0.1734964481
1468.0900000000	0.1752932315
1468.1000000000	0.1769994026
1468.1100000000	0.1787854085
1468.1200000000	0.1796233244
1468.1300000000	0.1792902269
1468.1400000000	0.1778387814
1468.1500000000	0.1749004759
1468.1600000000	0.1719634448
1468.1700000000	0.1687764561
1468.1800000000	0.1657675878
1468.1900000000	0.1632931362
1468.2000000000	0.1612841443
1468.2100000000	0.1599251035
1468.2200000000	0.1593940781
1468.2300000000	0.1597045966
1468.2400000000	0.1606339571
1468.2500000000	0.1620311930
1468.2600000000	0.1641606784
1468.2700000000	0.1663408961
1468.2800000000	0.1679871311
1468.2900000000	0.1692497305
1468.3000000000	0.1692433956
1468.3100000000	0.1680050018
1468.3200000000	0.1659666984
1468.3300000000	0.1633658444
1468.3400000000	0.1603607523
1468.3500000000	0.1572871289
1468.3600000000	0.1544255874
1468.3700000000	0.1519005583
1468.3800000000	0.1495893387
1468.3900000000	0.1477250690
1468.4000000000	0.1469238050
1468.4100000000	0.1470485738
1468.4200000000	0.1478375319
1468.4300000000	0.1491888755
1468.4400000000	0.1509082052
1468.4500000000	0.1528638053
1468.4600000000	0.1540713578
1468.4700000000	0.1545519496
1468.4800000000	0.1547037624
1468.4900000000	0.1540626670
1468.5000000000	0.1532238731
1468.5100000000	0.1527197231
1468.5200000000	0.1520085001
1468.5300000000	0.1522321351
1468.5400000000	0.1527029120
1468.5500000000	0.1534999486
1468.5600000000	0.1545394816
1468.5700000000	0.1558424138
1468.5800000000	0.1582277652
1468.5900000000	0.1615871917
1468.6000000000	0.1651928021
1468.6100000000	0.1695751680
1468.6200000000	0.1739799717
1468.6300000000	0.1771275075
1468.6400000000	0.1798917875
1468.6500000000	0.1813870101
1468.6600000000	0.1813736763
1468.6700000000	0.1806845634
1468.6800000000	0.1797103977
1468.6900000000	0.1789121440
1468.7000000000	0.1782467408
1468.7100000000	0.1777854990
1468.7200000000	0.1779217340
1468.7300000000	0.1784777845
1468.7400000000	0.1794548548
1468.7500000000	0.1811085883
1468.7600000000	0.1838782152
1468.7700000000	0.1876304905
1468.7800000000	0.1915516362
1468.7900000000	0.1956780199
1468.8000000000	0.1990851670
1468.8100000000	0.2010256616
1468.8200000000	0.2018213811
1468.8300000000	0.2012478944
1468.8400000000	0.1998674598
1468.8500000000	0.1982111580
1468.8600000000	0.1967806114
1468.8700000000	0.1957752629
1468.8800000000	0.1950994127
1468.8900000000	0.1945915840
1468.9000000000	0.1943239488
1468.9100000000	0.1944773107
1468.9200000000	0.1951877999
1468.9300000000	0.1965905308
1468.9400000000	0.1985840710
1468.9500000000	0.2007987122
1468.9600000000	0.2027502808
1468.9700000000	0.2037576967
1468.9800000000	0.2033701272
1468.9900000000	0.2010939410
1469.0000000000	0.1975613413
1469.0100000000	0.1932295658
1469.0200000000	0.1880545502
1469.0300000000	0.1835755021
1469.0400000000	0.1801183612
1469.0500000000	0.1772911378
1469.0600000000	0.1754417876
1469.0700000000	0.1740958190
1469.0800000000	0.1733541652
1469.0900000000	0.1734058264
1469.1000000000	0.1737736999
1469.1100000000	0.1747586382
1469.1200000000	0.1760070241
1469.1300000000	0.1764440161
1469.1400000000	0.1765396883
1469.1500000000	0.1763311162
1469.1600000000	0.1748194471
1469.1700000000	0.1722371558
1469.1800000000	0.1689613023
1469.1900000000	0.1647944113
1469.2000000000	0.1615738387
1469.2100000000	0.1583905446
1469.2200000000	0.1561238549
1469.2300000000	0.1544658575
1469.2400000000	0.1529744965
1469.2500000000	0.1528732174
1469.2600000000	0.1536620368
1469.2700000000	0.1552178164
1469.2800000000	0.1574974281
1469.2900000000	0.1600738947
1469.3000000000	0.1626042253
1469.3100000000	0.1643233356
1469.3200000000	0.1653237717
1469.3300000000	0.1653251764
1469.3400000000	0.1640148195
1469.3500000000	0.1618517454
1469.3600000000	0.1593482039
1469.3700000000	0.1569095349
1469.3800000000	0.1545146191
1469.3900000000	0.1522532751
1469.4000000000	0.1505265682
1469.4100000000	0.1491628116
1469.4200000000	0.1487650915
1469.4300000000	0.1493397324
1469.4400000000	0.1511069260
1469.4500000000	0.1534822216
1469.4600000000	0.1563181480
1469.4700000000	0.1595931894
1469.4800000000	0.1621357647
1469.4900000000	0.1638686311
1469.5000000000	0.1651092269
1469.5100000000	0.1652493639
1469.5200000000	0.1644211182
1469.5300000000	0.1639744394
1469.5400000000	0.1637534138
1469.5500000000	0.1627601156
1469.5600000000	0.1618919778
1469.5700000000	0.1609981118
1469.5800000000	0.1606542948
1469.5900000000	0.1614251149
1469.6000000000	0.1625624027
1469.6100000000	0.1651969259
1469.6200000000	0.1683137487
1469.6300000000	0.1712767017
1469.6400000000	0.1758540363
1469.6500000000	0.1813700281
1469.6600000000	0.1862408805
1469.6700000000	0.1895281707
1469.6800000000	0.1905322424
1469.6900000000	0.1901210516
1469.7000000000	0.1897176154
1469.7100000000	0.1889652730
1469.7200000000	0.1891600289
1469.7300000000	0.1897979642
1469.7400000000	0.1903718899
1469.7500000000	0.1924110423
1469.7600000000	0.1938994920
1469.7700000000	0.1951638164
1469.7800000000	0.1979050249
1469.7900000000	0.2002025448
1469.8000000000	0.2027893947
1469.8100000000	0.2054948588
1469.8200000000	0.2069304185
1469.8300000000	0.2080491367
1469.8400000000	0.2073856141
1469.8500000000	0.2054321549
1469.8600000000	0.2034165510
1469.8700000000	0.2010237958
1469.8800000000	0.1990237092
1469.8900000000	0.1979553199
1469.9000000000	0.1972013050
1469.9100000000	0.1966700722
1469.9200000000	0.1969316817
1469.9300000000	0.1971940115
1469.9400000000	0.1978355033
1469.9500000000	0.1991182621
1469.9600000000	0.2002255354
1469.9700000000	0.2017434991
1469.9800000000	0.2028564406
1469.9900000000	0.2036007503
1470.0000000000	0.2038439905
1470.0100000000	0.2020515851
1470.0200000000	0.1990872056
1470.0300000000	0.1957978199
1470.0400000000	0.1916242122
1470.0500000000	0.1872883520
1470.0600000000	0.1846784432
1470.0700000000	0.1820132093
1470.0800000000	0.1797921208
1470.0900000000	0.1783980225
1470.1000000000	0.1773331090
1470.1100000000	0.1776055352
1470.1200000000	0.1780206210
1470.1300000000	0.1781248138
1470.1400000000	0.1793516619
1470.1500000000	0.1805639986
1470.1600000000	0.1808321576
1470.1700000000	0.1808422094
1470.1800000000	0.1792527664
1470.1900000000	0.1769719095
1470.2000000000	0.1749496156
1470.2100000000	0.1722066230
1470.2200000000	0.1707095038
1470.2300000000	0.1694312122
1470.2400000000	0.1678030149
1470.2500000000	0.1678240425
1470.2600000000	0.1676503940
1470.2700000000	0.1683279115
1470.2800000000	0.1703139599
1470.2900000000	0.1713196524
1470.3000000000	0.1733136845
1470.3100000000	0.1758620434
1470.3200000000	0.1771463861
1470.3300000000	0.1786281461
1470.3400000000	0.1790719881
1470.3500000000	0.1782814687
1470.3600000000	0.1769193747
1470.3700000000	0.1745731570
1470.3800000000	0.1719833428
1470.3900000000	0.1698325427
1470.4000000000	0.1673588772
1470.4100000000	0.1653584043
1470.4200000000	0.1643094771
1470.4300000000	0.1635399689
1470.4400000000	0.1635797814
1470.4500000000	0.1639820376
1470.4600000000	0.1651796044
1470.4700000000	0.1665803333
1470.4800000000	0.1675037130
1470.4900000000	0.1688314402
1470.5000000000	0.1696018306
1470.5100000000	0.1693794163
1470.5200000000	0.1688395557
1470.5300000000	0.1672194921
1470.5400000000	0.1657121705
1470.5500000000	0.1641705109
1470.5600000000	0.1621376585
1470.5700000000	0.1616020759
1470.5800000000	0.1603350908
1470.5900000000	0.1590563110
1470.6000000000	0.1589386025
1470.6100000000	0.1583897009
1470.6200000000	0.1585723467
1470.6300000000	0.1602040490
1470.6400000000	0.1613593363
1470.6500000000	0.1633884846
1470.6600000000	0.1660052786
1470.6700000000	0.1679637858
1470.6800000000	0.1698429852
1470.6900000000	0.1704221495
1470.7000000000	0.1699011482
1470.7100000000	0.1690735985
1470.7200000000	0.1672522964
1470.7300000000	0.1669012709
1470.7400000000	0.1682784221
1470.7500000000	0.1688477932
1470.7600000000	0.1694034404
1470.7700000000	0.1704242859
1470.7800000000	0.1716100991
1470.7900000000	0.1728528411
1470.8000000000	0.1739851977
1470.8100000000	0.1761721669
1470.8200000000	0.1781458744
1470.8300000000	0.1799483484
1470.8400000000	0.1815910443
1470.8500000000	0.1820767873
1470.8600000000	0.1814747604
1470.8700000000	0.1798946988
1470.8800000000	0.1779176696
1470.8900000000	0.1765355582
1470.9000000000	0.1752950567
1470.9100000000	0.1745623224
1470.9200000000	0.1745095408
1470.9300000000	0.1743528266
1470.9400000000	0.1747660413
1470.9500000000	0.1756139293
1470.9600000000	0.1767082455
1470.9700000000	0.1782678592
1470.9800000000	0.1800618733
1470.9900000000	0.1821746564
1471.0000000000	0.1844611501
1471.0100000000	0.1860539695
1471.0200000000	0.1870551216
1471.0300000000	0.1868448289
1471.0400000000	0.1852581560
1471.0500000000	0.1837304923
1471.0600000000	0.1814255253
1471.0700000000	0.1789737631
1471.0800000000	0.1777535116
1471.0900000000	0.1769641676
1471.1000000000	0.1779332598
1471.1100000000	0.1784678579
1471.1200000000	0.1787050884
1471.1300000000	0.1808035375
1471.1400000000	0.1813937055
1471.1500000000	0.1826653544
1471.1600000000	0.1857883439
1471.1700000000	0.1885027705
1471.1800000000	0.1911717655
1471.1900000000	0.1931896753
1471.2000000000	0.1940819493
1471.2100000000	0.1936595496
1471.2200000000	0.1922081041
1471.2300000000	0.1905272697
1471.2400000000	0.1894408099
1471.2500000000	0.1884312520
1471.2600000000	0.1881637777
1471.2700000000	0.1887729331
1471.2800000000	0.1897779249
1471.2900000000	0.1910381315
1471.3000000000	0.1921408402
1471.3100000000	0.1934440662
1471.3200000000	0.1952445328
1471.3300000000	0.1968942695
1471.3400000000	0.1994655479
1471.3500000000	0.2015429791
1471.3600000000	0.2026368106
1471.3700000000	0.2030775379
1471.3800000000	0.2016889407
1471.3900000000	0.1998354373
1471.4000000000	0.1980902917
1471.4100000000	0.1960544050
1471.4200000000	0.1947055510
1471.4300000000	0.1935308228
1471.4400000000	0.1934365970
1471.4500000000	0.1940487676
1471.4600000000	0.1945466668
1471.4700000000	0.1954343770
1471.4800000000	0.1965401996
1471.4900000000	0.1974998388
1471.5000000000	0.1984245598
1471.5100000000	0.1989557932
1471.5200000000	0.1989128708
1471.5300000000	0.1978803955
1471.5400000000	0.1952158054
1471.5500000000	0.1920452834
1471.5600000000	0.1881781583
1471.5700000000	0.1835227325
1471.5800000000	0.1798539777
1471.5900000000	0.1765992856
1471.6000000000	0.1742245657
1471.6100000000	0.1729771721
1471.6200000000	0.1718829931
1471.6300000000	0.1723790853
1471.6400000000	0.1726966044
1471.6500000000	0.1730744067
1471.6600000000	0.1751782173
1471.6700000000	0.1769501193
1471.6800000000	0.1793468349
1471.6900000000	0.1819803671
1471.7000000000	0.1833241964
1471.7100000000	0.1843247708
1471.7200000000	0.1842644438
1471.7300000000	0.1829093049
1471.7400000000	0.1813392541
1471.7500000000	0.1791896861
1471.7600000000	0.1772854643
1471.7700000000	0.1763436842
1471.7800000000	0.1757890500
1471.7900000000	0.1760636197
1471.8000000000	0.1771601105
1471.8100000000	0.1779770210
1471.8200000000	0.1795325382
1471.8300000000	0.1812355221
1471.8400000000	0.1831062101
1471.8500000000	0.1855756343
1471.8600000000	0.1870192878
1471.8700000000	0.1880849860
1471.8800000000	0.1879664313
1471.8900000000	0.1864032647
1471.9000000000	0.1849581595
1471.9100000000	0.1828721625
1471.9200000000	0.1809256422
1471.9300000000	0.1797192167
1471.9400000000	0.1787601146
1471.9500000000	0.1784338505
1471.9600000000	0.1781667263
1471.9700000000	0.1781984511
1471.9800000000	0.1787754864
1471.9900000000	0.1794906677
1472.0000000000	0.1810050741
1472.0100000000	0.1835403868
1472.0200000000	0.1864792671
1472.0300000000	0.1895313996
1472.0400000000	0.1922035038
1472.0500000000	0.1942660368
1472.0600000000	0.1950090955
1472.0700000000	0.1935006615
1472.0800000000	0.1914235224
1472.0900000000	0.1890543496
1472.1000000000	0.1862912316
1472.1100000000	0.1845936287
1472.1200000000	0.1834198448
1472.1300000000	0.1826288390
1472.1400000000	0.1824128059
1472.1500000000	0.1817520731
1472.1600000000	0.1825306120
1472.1700000000	0.1834611928
1472.1800000000	0.1852672792
1472.1900000000	0.1882502736
1472.2000000000	0.1904221068
1472.2100000000	0.1929078021
1472.2200000000	0.1955290889
1472.2300000000	0.1967711432
1472.2400000000	0.1974326151
1472.2500000000	0.1971942413
1472.2600000000	0.1958772676
1472.2700000000	0.1947364125
1472.2800000000	0.1941588416
1472.2900000000	0.1934072459
1472.3000000000	0.1933362489
1472.3100000000	0.1932083943
1472.3200000000	0.1925275892
1472.3300000000	0.1919348038
1472.3400000000	0.1911156255
1472.3500000000	0.1914393355
1472.3600000000	0.1937229311
1472.3700000000	0.1960533787
1472.3800000000	0.1977389804
1472.3900000000	0.1980488311
1472.4000000000	0.1976569410
1472.4100000000	0.1959409149
1472.4200000000	0.1933633928
1472.4300000000	0.1908693986
1472.4400000000	0.1882778644
1472.4500000000	0.1861578212
1472.4600000000	0.1847633614
1472.4700000000	0.1839171600
1472.4800000000	0.1833057149
1472.4900000000	0.1824916399
1472.5000000000	0.1819275750
1472.5100000000	0.1817691707
1472.5200000000	0.1817090237
1472.5300000000	0.1821204529
1472.5400000000	0.1829539997
1472.5500000000	0.1835765698
1472.5600000000	0.1836512383
1472.5700000000	0.1823898994
1472.5800000000	0.1802008162
1472.5900000000	0.1772114483
1472.6000000000	0.1733084518
1472.6100000000	0.1699045946
1472.6200000000	0.1673047032
1472.6300000000	0.1658392705
1472.6400000000	0.1657588573
1472.6500000000	0.1649956068
1472.6600000000	0.1649177324
1472.6700000000	0.1651371323
1472.6800000000	0.1654501637
1472.6900000000	0.1669784404
1472.7000000000	0.1677842894
1472.7100000000	0.1691547072
1472.7200000000	0.1710766846
1472.7300000000	0.1714340554
1472.7400000000	0.1721835597
1472.7500000000	0.1728091081
1472.7600000000	0.1725302854
1472.7700000000	0.1719104307
1472.7800000000	0.1715641203
1472.7900000000	0.1713840568
1472.8000000000	0.1719749416
1472.8100000000	0.1727095145
1472.8200000000	0.1732051297
1472.8300000000	0.1741032653
1472.8400000000	0.1747942893
1472.8500000000	0.1757646078
1472.8600000000	0.1776953764
1472.8700000000	0.1798410740
1472.8800000000	0.1824333340
1472.8900000000	0.1844821020
1472.9000000000	0.1861939346
1472.9100000000	0.1868365754
1472.9200000000	0.1860356613
1472.9300000000	0.1849004359
1472.9400000000	0.1830143519
1472.9500000000	0.1815036987
1472.9600000000	0.1815698430
1472.9700000000	0.1826468660
1472.9800000000	0.1846115558
1472.9900000000	0.1871678785
1473.0000000000	0.1897646324
1473.0100000000	0.1922525380
1473.0200000000	0.1945275053
1473.0300000000	0.1964296197
1473.0400000000	0.1982918382
1473.0500000000	0.2005313869
1473.0600000000	0.2028247688
1473.0700000000	0.2051568087
1473.0800000000	0.2070868631
1473.0900000000	0.2074398273
1473.1000000000	0.2062580588
1473.1100000000	0.2042466361
1473.1200000000	0.2016190160
1473.1300000000	0.1997531357
1473.1400000000	0.1990366034
1473.1500000000	0.1983486582
1473.1600000000	0.1990480319
1473.1700000000	0.2002694309
1473.1800000000	0.2012838440
1473.1900000000	0.2035212113
1473.2000000000	0.2046927609
1473.2100000000	0.2062714309
1473.2200000000	0.2081412895
1473.2300000000	0.2089980771
1473.2400000000	0.2108818387
1473.2500000000	0.2129872059
1473.2600000000	0.2132057472
1473.2700000000	0.2128003266
1473.2800000000	0.2112654837
1473.2900000000	0.2090628481
1473.3000000000	0.2075801262
1473.3100000000	0.2062234699
1473.3200000000	0.2057677724
1473.3300000000	0.2061135143
1473.3400000000	0.2065319283
1473.3500000000	0.2084680204
1473.3600000000	0.2103318458
1473.3700000000	0.2119197686
1473.3800000000	0.2147591440
1473.3900000000	0.2165577388
1473.4000000000	0.2184219415
1473.4100000000	0.2200160139
1473.4200000000	0.2202682404
1473.4300000000	0.2208989540
1473.4400000000	0.2195932288
1473.4500000000	0.2176490436
1473.4600000000	0.2165973904
1473.4700000000	0.2148775314
1473.4800000000	0.2130794668
1473.4900000000	0.2119652517
1473.5000000000	0.2105083027
1473.5100000000	0.2091406080
1473.5200000000	0.2084050799
1473.5300000000	0.2075867158
1473.5400000000	0.2073959001
1473.5500000000	0.2070467862
1473.5600000000	0.2064255752
1473.5700000000	0.2062518359
1473.5800000000	0.2052968297
1473.5900000000	0.2039031552
1473.6000000000	0.2016578070
1473.6100000000	0.1978765468
1473.6200000000	0.1943437336
1473.6300000000	0.1905357617
1473.6400000000	0.1870128477
1473.6500000000	0.1841250026
1473.6600000000	0.1813986528
1473.6700000000	0.1792951596
1473.6800000000	0.1770303128
1473.6900000000	0.1748452888
1473.7000000000	0.1737686657
1473.7100000000	0.1724377704
1473.7200000000	0.1713276959
1473.7300000000	0.1705360579
1473.7400000000	0.1700268291
1473.7500000000	0.1696959929
1473.7600000000	0.1689650023
1473.7700000000	0.1685420895
1473.7800000000	0.1675589957
1473.7900000000	0.1655747668
1473.8000000000	0.1635619573
1473.8100000000	0.1618091786
1473.8200000000	0.1606349153
1473.8300000000	0.1598114759
1473.8400000000	0.1593164720
1473.8500000000	0.1593648180
1473.8600000000	0.1593597417
1473.8700000000	0.1592067635
1473.8800000000	0.1599075762
1473.8900000000	0.1604534774
1473.9000000000	0.1610428923
1473.9100000000	0.1623725344
1473.9200000000	0.1637902592
1473.9300000000	0.1649864660
1473.9400000000	0.1657161074
1473.9500000000	0.1659197318
1473.9600000000	0.1658701567
1473.9700000000	0.1652631745
1473.9800000000	0.1644079831
1473.9900000000	0.1639365958
1474.0000000000	0.1634889198
1474.0100000000	0.1634229451
1474.0200000000	0.1638014419
1474.0300000000	0.1643413885
1474.0400000000	0.1653959819
1474.0500000000	0.1665896100
1474.0600000000	0.1682305323
1474.0700000000	0.1701164240
1474.0800000000	0.1720182974
1474.0900000000	0.1739935052
1474.1000000000	0.1754980522
1474.1100000000	0.1760077564
1474.1200000000	0.1759565151
1474.1300000000	0.1750679431
1474.1400000000	0.1739385123
1474.1500000000	0.1730383920
1474.1600000000	0.1724039903
1474.1700000000	0.1723037589
1474.1800000000	0.1722656541
1474.1900000000	0.1723471965
1474.2000000000	0.1730810036
1474.2100000000	0.1739057109
1474.2200000000	0.1748057313
1474.2300000000	0.1763327334
1474.2400000000	0.1779038037
1474.2500000000	0.1798130386
1474.2600000000	0.1816776827
1474.2700000000	0.1838796472
1474.2800000000	0.1860437070
1474.2900000000	0.1868020458
1474.3000000000	0.1872725092
1474.3100000000	0.1878025505
1474.3200000000	0.1880440601
1474.3300000000	0.1893438834
1474.3400000000	0.1906702868
1474.3500000000	0.1923911263
1474.3600000000	0.1944316529
1474.3700000000	0.1960283060
1474.3800000000	0.1976648422
1474.3900000000	0.1987445974
1474.4000000000	0.1996255855
1474.4100000000	0.2014299163
1474.4200000000	0.2032964694
1474.4300000000	0.2051504373
1474.4400000000	0.2069722281
1474.4500000000	0.2077093575
1474.4600000000	0.2069402321
1474.4700000000	0.2049304656
1474.4800000000	0.2021322658
1474.4900000000	0.1997501952
1474.5000000000	0.1977132386
1474.5100000000	0.1964382714
1474.5200000000	0.1963877641
1474.5300000000	0.1965153953
1474.5400000000	0.1970769178
1474.5500000000	0.1979132321
1474.5600000000	0.1980836629
1474.5700000000	0.1979912455
1474.5800000000	0.1977731668
1474.5900000000	0.1975253520
1474.6000000000	0.1971957742
1474.6100000000	0.1962899260
1474.6200000000	0.1943930575
1474.6300000000	0.1915628136
1474.6400000000	0.1875516567
1474.6500000000	0.1838269435
1474.6600000000	0.1805143476
1474.6700000000	0.1775618403
1474.6800000000	0.1753173730
1474.6900000000	0.1738073959
1474.7000000000	0.1728861733
1474.7100000000	0.1720235776
1474.7200000000	0.1713914261
1474.7300000000	0.1707664214
1474.7400000000	0.1693534778
1474.7500000000	0.1679871662
1474.7600000000	0.1669463419
1474.7700000000	0.1660542670
1474.7800000000	0.1655866945
1474.7900000000	0.1645277031
1474.8000000000	0.1630402421
1474.8100000000	0.1611572257
1474.8200000000	0.1583554787
1474.8300000000	0.1559394546
1474.8400000000	0.1537684049
1474.8500000000	0.1515273690
1474.8600000000	0.1502766598
1474.8700000000	0.1496005127
1474.8800000000	0.1487588900
1474.8900000000	0.1478081020
1474.9000000000	0.1463384979
1474.9100000000	0.1449427116
1474.9200000000	0.1435538862
1474.9300000000	0.1421547783
1474.9400000000	0.1413509976
1474.9500000000	0.1410559338
1474.9600000000	0.1407518405
1474.9700000000	0.1404145837
1474.9800000000	0.1396093727
1474.9900000000	0.1383951213
1475.0000000000	0.1371594251
1475.0100000000	0.1358637201
1475.0200000000	0.1351441412
1475.0300000000	0.1348610822
1475.0400000000	0.1351351966
1475.0500000000	0.1360381068
1475.0600000000	0.1366397179
1475.0700000000	0.1372945935
1475.0800000000	0.1378190116
1475.0900000000	0.1378827666
1475.1000000000	0.1378645247
1475.1100000000	0.1379783540
1475.1200000000	0.1379491670
1475.1300000000	0.1374892547
1475.1400000000	0.1367084372
1475.1500000000	0.1358017169
1475.1600000000	0.1347173806
1475.1700000000	0.1335753195
1475.1800000000	0.1328375535
1475.1900000000	0.1328623755
1475.2000000000	0.1334553111
1475.2100000000	0.1344969633
1475.2200000000	0.1361220059
1475.2300000000	0.1381556124
1475.2400000000	0.1399685850
1475.2500000000	0.1417207930
1475.2600000000	0.1440964400
1475.2700000000	0.1462586843
1475.2800000000	0.1489392083
1475.2900000000	0.1513059097
1475.3000000000	0.1532147862
1475.3100000000	0.1549427003
1475.3200000000	0.1552323980
1475.3300000000	0.1557614269
1475.3400000000	0.1561317661
1475.3500000000	0.1563141705
1475.3600000000	0.1575563516
1475.3700000000	0.1588806028
1475.3800000000	0.1608583967
1475.3900000000	0.1638174549
1475.4000000000	0.1666915326
1475.4100000000	0.1694526378
1475.4200000000	0.1720769963
1475.4300000000	0.1741836878
1475.4400000000	0.1762270234
1475.4500000000	0.1784531306
1475.4600000000	0.1806403232
1475.4700000000	0.1828244829
1475.4800000000	0.1843162422
1475.4900000000	0.1849853461
1475.5000000000	0.1854785870
1475.5100000000	0.1853987730
1475.5200000000	0.1852570516
1475.5300000000	0.1854929329
1475.5400000000	0.1860807124
1475.5500000000	0.1875511926
1475.5600000000	0.1889272612
1475.5700000000	0.1909149495
1475.5800000000	0.1926231899
1475.5900000000	0.1929791049
1475.6000000000	0.1932587573
1475.6100000000	0.1938536218
1475.6200000000	0.1946072523
1475.6300000000	0.1953720077
1475.6400000000	0.1960255533
1475.6500000000	0.1962590117
1475.6600000000	0.1954853583
1475.6700000000	0.1937670176
1475.6800000000	0.1915498407
1475.6900000000	0.1891850983
1475.7000000000	0.1866500402
1475.7100000000	0.1844058230
1475.7200000000	0.1831003225
1475.7300000000	0.1820859205
1475.7400000000	0.1810142930
1475.7500000000	0.1803950857
1475.7600000000	0.1791617251
1475.7700000000	0.1771082538
1475.7800000000	0.1757661130
1475.7900000000	0.1737485421
1475.8000000000	0.1717285937
1475.8100000000	0.1709201725
1475.8200000000	0.1690533926
1475.8300000000	0.1669041460
1475.8400000000	0.1650655938
1475.8500000000	0.1624082074
1475.8600000000	0.1605827957
1475.8700000000	0.1584883755
1475.8800000000	0.1556348288
1475.8900000000	0.1550276570
1475.9000000000	0.1545431092
1475.9100000000	0.1538001753
1475.9200000000	0.1538944079
1475.9300000000	0.1534990045
1475.9400000000	0.1524383086
1475.9500000000	0.1514222228
1475.9600000000	0.1498467842
1475.9700000000	0.1484863463
1475.9800000000	0.1474213540
1475.9900000000	0.1457638820
1476.0000000000	0.1445748197
1476.0100000000	0.1427567151
1476.0200000000	0.1402116923
1476.0300000000	0.1386105693
1476.0400000000	0.1366419666
1476.0500000000	0.1359781553
1476.0600000000	0.1364167998
1476.0700000000	0.1370497374
1476.0800000000	0.1384889834
1476.0900000000	0.1397795140
1476.1000000000	0.1404466633
1476.1100000000	0.1412254933
1476.1200000000	0.1413317079
1476.1300000000	0.1416731211
1476.1400000000	0.1424020129
1476.1500000000	0.1428172926
1476.1600000000	0.1426337112
1476.1700000000	0.1428260062
1476.1800000000	0.1425536657
1476.1900000000	0.1416925257
1476.2000000000	0.1411440476
1476.2100000000	0.1402947910
1476.2200000000	0.1400198380
1476.2300000000	0.1401831934
1476.2400000000	0.1406394839
1476.2500000000	0.1420003354
1476.2600000000	0.1427477614
1476.2700000000	0.1430941782
1476.2800000000	0.1440430176
1476.2900000000	0.1447092856
1476.3000000000	0.1455922762
1476.3100000000	0.1474046960
1476.3200000000	0.1488607880
1476.3300000000	0.1501924819
1476.3400000000	0.1515667214
1476.3500000000	0.1518906033
1476.3600000000	0.1522765307
1476.3700000000	0.1522907103
1476.3800000000	0.1513462361
1476.3900000000	0.1520208662
1476.4000000000	0.1530361615
1476.4100000000	0.1546900294
1476.4200000000	0.1578396145
1476.4300000000	0.1602288217
1476.4400000000	0.1620866468
1476.4500000000	0.1645353429
1476.4600000000	0.1660558416
1476.4700000000	0.1677118507
1476.4800000000	0.1699336460
1476.4900000000	0.1717604018
1476.5000000000	0.1740845055
1476.5100000000	0.1757950982
1476.5200000000	0.1767703705
1476.5300000000	0.1773346472
1476.5400000000	0.1767048950
1476.5500000000	0.1756158771
1476.5600000000	0.1753359102
1476.5700000000	0.1755049370
1476.5800000000	0.1769034343
1476.5900000000	0.1789507718
1476.6000000000	0.1812442160
1476.6100000000	0.1832776220
1476.6200000000	0.1843556680
1476.6300000000	0.1853001422
1476.6400000000	0.1858600917
1476.6500000000	0.1859194599
1476.6600000000	0.1862182752
1476.6700000000	0.1865466160
1476.6800000000	0.1866670256
1476.6900000000	0.1868420139
1476.7000000000	0.1858975133
1476.7100000000	0.1841835314
1476.7200000000	0.1821789763
1476.7300000000	0.1798256883
1476.7400000000	0.1783493605
1476.7500000000	0.1776330031
1476.7600000000	0.1773842331
1476.7700000000	0.1776314049
1476.7800000000	0.1771828009
1476.7900000000	0.1762455460
1476.8000000000	0.1752679602
1476.8100000000	0.1737492428
1476.8200000000	0.1720278623
1476.8300000000	0.1702034719
1476.8400000000	0.1692872265
1476.8500000000	0.1685080401
1476.8600000000	0.1671102051
1476.8700000000	0.1661657309
1476.8800000000	0.1646923665
1476.8900000000	0.1620980296
1476.9000000000	0.1596523162
1476.9100000000	0.1576278991
1476.9200000000	0.1567275159
1476.9300000000	0.1563383822
1476.9400000000	0.1560764198
1476.9500000000	0.1563231097
1476.9600000000	0.1564910322
1476.9700000000	0.1564298006
1476.9800000000	0.1561468110
1476.9900000000	0.1554773623
1477.0000000000	0.1543686770
1477.0100000000	0.1531684259
1477.0200000000	0.1517626469
1477.0300000000	0.1502887402
1477.0400000000	0.1485596070
1477.0500000000	0.1465692605
1477.0600000000	0.1445035276
1477.0700000000	0.1423038833
1477.0800000000	0.1410705704
1477.0900000000	0.1407116964
1477.1000000000	0.1411314901
1477.1100000000	0.1421908964
1477.1200000000	0.1428199165
1477.1300000000	0.1434073059
1477.1400000000	0.1437166897
1477.1500000000	0.1433781207
1477.1600000000	0.1434423320
1477.1700000000	0.1432319855
1477.1800000000	0.1429873290
1477.1900000000	0.1431134510
1477.2000000000	0.1431538178
1477.2100000000	0.1427155626
1477.2200000000	0.1415041666
1477.2300000000	0.1398556649
1477.2400000000	0.1384466083
1477.2500000000	0.1376163987
1477.2600000000	0.1376142391
1477.2700000000	0.1385796277
1477.2800000000	0.1399645868
1477.2900000000	0.1417512504
1477.3000000000	0.1437724130
1477.3100000000	0.1456233808
1477.3200000000	0.1472168611
1477.3300000000	0.1484149933
1477.3400000000	0.1496765235
1477.3500000000	0.1508975995
1477.3600000000	0.1516185870
1477.3700000000	0.1531625689
1477.3800000000	0.1536354729
1477.3900000000	0.1528546914
1477.4000000000	0.1520869261
1477.4100000000	0.1508240079
1477.4200000000	0.1499894220
1477.4300000000	0.1503692664
1477.4400000000	0.1515125942
1477.4500000000	0.1536161735
1477.4600000000	0.1560081330
1477.4700000000	0.1582160408
1477.4800000000	0.1606867223
1477.4900000000	0.1622679405
1477.5000000000	0.1634954135
1477.5100000000	0.1651550730
1477.5200000000	0.1665394359
1477.5300000000	0.1679950239
1477.5400000000	0.1696410949
1477.5500000000	0.1710796391
1477.5600000000	0.1719497851
1477.5700000000	0.1719895173
1477.5800000000	0.1715419057
1477.5900000000	0.1712015785
1477.6000000000	0.1706387427
1477.6100000000	0.1705815728
1477.6200000000	0.1710359168
1477.6300000000	0.1718947656
1477.6400000000	0.1732978853
1477.6500000000	0.1745598217
1477.6600000000	0.1759034150
1477.6700000000	0.1772358539
1477.6800000000	0.1782777686
1477.6900000000	0.1799708714
1477.7000000000	0.1818969901
1477.7100000000	0.1838029000
1477.7200000000	0.1859421953
1477.7300000000	0.1869967911
1477.7400000000	0.1869541968
1477.7500000000	0.1863788556
1477.7600000000	0.1855686096
1477.7700000000	0.1847007885
1477.7800000000	0.1842955686
1477.7900000000	0.1846009854
1477.8000000000	0.1850221982
1477.8100000000	0.1853814229
1477.8200000000	0.1857281997
1477.8300000000	0.1856800659
1477.8400000000	0.1848500344
1477.8500000000	0.1832157808
1477.8600000000	0.1820521232
1477.8700000000	0.1824901979
1477.8800000000	0.1831963332
1477.8900000000	0.1833949196
1477.9000000000	0.1836922567
1477.9100000000	0.1831795412
1477.9200000000	0.1816995952
1477.9300000000	0.1806615650
1477.9400000000	0.1796829961
1477.9500000000	0.1795738522
1477.9600000000	0.1802455997
1477.9700000000	0.1810967224
1477.9800000000	0.1821694077
1477.9900000000	0.1830727090
1478.0000000000	0.1836542476
1478.0100000000	0.1838218175
1478.0200000000	0.1833808346
1478.0300000000	0.1829550363
1478.0400000000	0.1831596892
1478.0500000000	0.1835134922
1478.0600000000	0.1835903973
1478.0700000000	0.1835592791
1478.0800000000	0.1830232772
1478.0900000000	0.1820893644
1478.1000000000	0.1809394825
1478.1100000000	0.1798224845
1478.1200000000	0.1790383340
1478.1300000000	0.1783309380
1478.1400000000	0.1781000355
1478.1500000000	0.1785160230
1478.1600000000	0.1791846558
1478.1700000000	0.1801470960
1478.1800000000	0.1807407215
1478.1900000000	0.1813904673
1478.2000000000	0.1816288277
1478.2100000000	0.1819899974
1478.2200000000	0.1826423894
1478.2300000000	0.1828708734
1478.2400000000	0.1828544614
1478.2500000000	0.1823521319
1478.2600000000	0.1817438373
1478.2700000000	0.1811791294
1478.2800000000	0.1807227032
1478.2900000000	0.1807512993
1478.3000000000	0.1809460337
1478.3100000000	0.1810730903
1478.3200000000	0.1814688195
1478.3300000000	0.1818100760
1478.3400000000	0.1813971309
1478.3500000000	0.1808322974
1478.3600000000	0.1799241402
1478.3700000000	0.1782353396
1478.3800000000	0.1767600508
1478.3900000000	0.1752084363
1478.4000000000	0.1737841580
1478.4100000000	0.1723362565
1478.4200000000	0.1703565416
1478.4300000000	0.1685345371
1478.4400000000	0.1664158982
1478.4500000000	0.1647641926
1478.4600000000	0.1641463178
1478.4700000000	0.1639371761
1478.4800000000	0.1643034794
1478.4900000000	0.1655097568
1478.5000000000	0.1668171567
1478.5100000000	0.1677811096
1478.5200000000	0.1682145697
1478.5300000000	0.1681464283
1478.5400000000	0.1678927703
1478.5500000000	0.1676128013
1478.5600000000	0.1673982770
1478.5700000000	0.1673982770
1478.5800000000	0.1671157410
1478.5900000000	0.1661867673
1478.6000000000	0.1651607186
1478.6100000000	0.1639776923
1478.6200000000	0.1628566434
1478.6300000000	0.1622166325
1478.6400000000	0.1624531615
1478.6500000000	0.1629785684
1478.6600000000	0.1639505035
1478.6700000000	0.1653274779
1478.6800000000	0.1663713309
1478.6900000000	0.1671122445
1478.7000000000	0.1670259772
1478.7100000000	0.1667349817
1478.7200000000	0.1665331533
1478.7300000000	0.1660957612
1478.7400000000	0.1659640111
1478.7500000000	0.1657236301
1478.7600000000	0.1648555726
1478.7700000000	0.1641605518
1478.7800000000	0.1635037031
1478.7900000000	0.1627889229
1478.8000000000	0.1624475902
1478.8100000000	0.1623345789
1478.8200000000	0.1624640632
1478.8300000000	0.1631020477
1478.8400000000	0.1637188159
1478.8500000000	0.1643491344
1478.8600000000	0.1648238976
1478.8700000000	0.1645356467
1478.8800000000	0.1641618875
1478.8900000000	0.1638431995
1478.9000000000	0.1634489961
1478.9100000000	0.1632806068
1478.9200000000	0.1629027154
1478.9300000000	0.1621705718
1478.9400000000	0.1608215479
1478.9500000000	0.1591233535
1478.9600000000	0.1577114908
1478.9700000000	0.1561549037
1478.9800000000	0.1553409305
1478.9900000000	0.1552057802
1479.0000000000	0.1557379358
1479.0100000000	0.1570877251
1479.0200000000	0.1586222879
1479.0300000000	0.1597650715
1479.0400000000	0.1602816606
1479.0500000000	0.1605006051
1479.0600000000	0.1604379368
1479.0700000000	0.1602921871
1479.0800000000	0.1602981700
1479.0900000000	0.1600236885
1479.1000000000	0.1596430195
1479.1100000000	0.1589351344
1479.1200000000	0.1576298867
1479.1300000000	0.1563817075
1479.1400000000	0.1550724952
1479.1500000000	0.1536307320
1479.1600000000	0.1525628892
1479.1700000000	0.1521759860
1479.1800000000	0.1520521706
1479.1900000000	0.1523269218
1479.2000000000	0.1522727779
1479.2100000000	0.1522144940
1479.2200000000	0.1522380917
1479.2300000000	0.1519026991
1479.2400000000	0.1520663220
1479.2500000000	0.1524912114
1479.2600000000	0.1526314009
1479.2700000000	0.1530484224
1479.2800000000	0.1530199428
1479.2900000000	0.1524443707
1479.3000000000	0.1520068748
1479.3100000000	0.1514442632
1479.3200000000	0.1506615393
1479.3300000000	0.1502574002
1479.3400000000	0.1499247017
1479.3500000000	0.1497580802
1479.3600000000	0.1495796635
1479.3700000000	0.1488322248
1479.3800000000	0.1480657996
1479.3900000000	0.1467894519
1479.4000000000	0.1453274540
1479.4100000000	0.1445917489
1479.4200000000	0.1437257209
1479.4300000000	0.1435187308
1479.4400000000	0.1431996123
1479.4500000000	0.1426843042
1479.4600000000	0.1426835079
1479.4700000000	0.1415776755
1479.4800000000	0.1410864628
1479.4900000000	0.1410792280
1479.5000000000	0.1406920428
1479.5100000000	0.1411464144
1479.5200000000	0.1418293665
1479.5300000000	0.1426704101
1479.5400000000	0.1439409149
1479.5500000000	0.1448100467
1479.5600000000	0.1450060684
1479.5700000000	0.1451921224
1479.5800000000	0.1453504893
1479.5900000000	0.1458262372
1479.6000000000	0.1465891281
1479.6100000000	0.1468879213
1479.6200000000	0.1470059215
1479.6300000000	0.1468433077
1479.6400000000	0.1458571332
1479.6500000000	0.1446313771
1479.6600000000	0.1435412312
1479.6700000000	0.1430193562
1479.6800000000	0.1429456418
1479.6900000000	0.1437294359
1479.7000000000	0.1454717724
1479.7100000000	0.1472213950
1479.7200000000	0.1490333481
1479.7300000000	0.1503483725
1479.7400000000	0.1510138396
1479.7500000000	0.1516166696
1479.7600000000	0.1518167139
1479.7700000000	0.1520559654
1479.7800000000	0.1521548836
1479.7900000000	0.1518624893
1479.8000000000	0.1515163554
1479.8100000000	0.1509885007
1479.8200000000	0.1501993131
1479.8300000000	0.1493301255
1479.8400000000	0.1486858143
1479.8500000000	0.1484946238
1479.8600000000	0.1490094000
1479.8700000000	0.1500105369
1479.8800000000	0.1514584583
1479.8900000000	0.1524456286
1479.9000000000	0.1529943958
1479.9100000000	0.1537755597
1479.9200000000	0.1537752059
1479.9300000000	0.1537398202
1479.9400000000	0.1541331003
1479.9500000000	0.1539543446
1479.9600000000	0.1540892513
1479.9700000000	0.1536639180
1479.9800000000	0.1528663540
1479.9900000000	0.1520699972
1480.0000000000	0.1506157490
1480.0100000000	0.1499474217
1480.0200000000	0.1495330742
1480.0300000000	0.1491026770
1480.0400000000	0.1492834073
1480.0500000000	0.1498696650
1480.0600000000	0.1500151399
1480.0700000000	0.1499025544
1480.0800000000	0.1495844162
1480.0900000000	0.1493174880
1480.1000000000	0.1490966385
1480.1100000000	0.1488551489
1480.1200000000	0.1488968853
1480.1300000000	0.1488157490
1480.1400000000	0.1486000942
1480.1500000000	0.1486583217
1480.1600000000	0.1482335210
1480.1700000000	0.1477077118
1480.1800000000	0.1472114786
1480.1900000000	0.1468875533
1480.2000000000	0.1474352273
1480.2100000000	0.1476971956
1480.2200000000	0.1483126909
1480.2300000000	0.1490401332
1480.2400000000	0.1485152763
1480.2500000000	0.1478302675
1480.2600000000	0.1471123005
1480.2700000000	0.1463854871
1480.2800000000	0.1457858959
1480.2900000000	0.1451177602
1480.3000000000	0.1445021052
1480.3100000000	0.1439515606
1480.3200000000	0.1428377317
1480.3300000000	0.1416938938
1480.3400000000	0.1404023993
1480.3500000000	0.1388813922
1480.3600000000	0.1379033458
1480.3700000000	0.1374183327
1480.3800000000	0.1378272471
1480.3900000000	0.1397747618
1480.4000000000	0.1414775696
1480.4100000000	0.1429131423
1480.4200000000	0.1438784740
1480.4300000000	0.1445661107
1480.4400000000	0.1450494651
1480.4500000000	0.1448442175
1480.4600000000	0.1441725391
1480.4700000000	0.1438538380
1480.4800000000	0.1430262841
1480.4900000000	0.1418567181
1480.5000000000	0.1407526722
1480.5100000000	0.1394978880
1480.5200000000	0.1386339567
1480.5300000000	0.1375069718
1480.5400000000	0.1377536726
1480.5500000000	0.1386797274
1480.5600000000	0.1396808701
1480.5700000000	0.1411249502
1480.5800000000	0.1420593145
1480.5900000000	0.1427615434
1480.6000000000	0.1432180062
1480.6100000000	0.1432303867
1480.6200000000	0.1434378151
1480.6300000000	0.1435488649
1480.6400000000	0.1435188960
1480.6500000000	0.1437533778
1480.6600000000	0.1433786744
1480.6700000000	0.1424429977
1480.6800000000	0.1412872481
1480.6900000000	0.1397026169
1480.7000000000	0.1388963543
1480.7100000000	0.1397615742
1480.7200000000	0.1409981531
1480.7300000000	0.1429545620
1480.7400000000	0.1447146609
1480.7500000000	0.1464380063
1480.7600000000	0.1480200395
1480.7700000000	0.1480610961
1480.7800000000	0.1479893038
1480.7900000000	0.1480125982
1480.8000000000	0.1474562806
1480.8100000000	0.1472790630
1480.8200000000	0.1471146157
1480.8300000000	0.1468408604
1480.8400000000	0.1465054634
1480.8500000000	0.1453614282
1480.8600000000	0.1442688425
1480.8700000000	0.1432357240
1480.8800000000	0.1425126975
1480.8900000000	0.1425877825
1480.9000000000	0.1433827318
1480.9100000000	0.1445732247
1480.9200000000	0.1457218077
1480.9300000000	0.1466289134
1480.9400000000	0.1472168972
1480.9500000000	0.1473944604
1480.9600000000	0.1471676636
1480.9700000000	0.1469641922
1480.9800000000	0.1465066965
1480.9900000000	0.1459304519
1481.0000000000	0.1454314260
1481.0100000000	0.1441122878
1481.0200000000	0.1426087299
1481.0300000000	0.1404620279
1481.0400000000	0.1380338122
1481.0500000000	0.1364144150
1481.0600000000	0.1348267875
1481.0700000000	0.1349904612
1481.0800000000	0.1356945134
1481.0900000000	0.1359750332
1481.1000000000	0.1371796414
1481.1100000000	0.1378947375
1481.1200000000	0.1378711568
1481.1300000000	0.1377393679
1481.1400000000	0.1369459412
1481.1500000000	0.1360940952
1481.1600000000	0.1352088849
1481.1700000000	0.1341224971
1481.1800000000	0.1333268663
1481.1900000000	0.1320873030
1481.2000000000	0.1303681879
1481.2100000000	0.1290230178
1481.2200000000	0.1276543518
1481.2300000000	0.1266373874
1481.2400000000	0.1266868942
1481.2500000000	0.1273477187
1481.2600000000	0.1290163106
1481.2700000000	0.1308028777
1481.2800000000	0.1327639374
1481.2900000000	0.1348756751
1481.3000000000	0.1358622394
1481.3100000000	0.1365853472
1481.3200000000	0.1369574949
1481.3300000000	0.1366553966
1481.3400000000	0.1367444306
1481.3500000000	0.1365832941
1481.3600000000	0.1362853394
1481.3700000000	0.1358532809
1481.3800000000	0.1348759730
1481.3900000000	0.1342496226
1481.4000000000	0.1339704481
1481.4100000000	0.1339385880
1481.4200000000	0.1345573365
1481.4300000000	0.1352703214
1481.4400000000	0.1357921123
1481.4500000000	0.1364548363
1481.4600000000	0.1367557440
1481.4700000000	0.1367898275
1481.4800000000	0.1363798286
1481.4900000000	0.1355899294
1481.5000000000	0.1351369110
1481.5100000000	0.1343273355
1481.5200000000	0.1336874209
1481.5300000000	0.1332189009
1481.5400000000	0.1319785526
1481.5500000000	0.1310212044
1481.5600000000	0.1302504667
1481.5700000000	0.1296603322
1481.5800000000	0.1300836024
1481.5900000000	0.1302919363
1481.6000000000	0.1312140529
1481.6100000000	0.1323055353
1481.6200000000	0.1327910485
1481.6300000000	0.1336383957
1481.6400000000	0.1341279179
1481.6500000000	0.1341554416
1481.6600000000	0.1343728958
1481.6700000000	0.1342293981
1481.6800000000	0.1338171703
1481.6900000000	0.1332983631
1481.7000000000	0.1320532419
1481.7100000000	0.1305678166
1481.7200000000	0.1290182841
1481.7300000000	0.1275567607
1481.7400000000	0.1278026127
1481.7500000000	0.1285043415
1481.7600000000	0.1291628780
1481.7700000000	0.1306204331
1481.7800000000	0.1320564782
1481.7900000000	0.1339010589
1481.8000000000	0.1354176343
1481.8100000000	0.1365451590
1481.8200000000	0.1377365243
1481.8300000000	0.1379695151
1481.8400000000	0.1379442265
1481.8500000000	0.1379115672
1481.8600000000	0.1372581719
1481.8700000000	0.1364543231
1481.8800000000	0.1351872140
1481.8900000000	0.1334666231
1481.9000000000	0.1319291623
1481.9100000000	0.1306687845
1481.9200000000	0.1300695321
1481.9300000000	0.1300648914
1481.9400000000	0.1305790531
1481.9500000000	0.1314573350
1481.9600000000	0.1323929823
1481.9700000000	0.1332805088
1481.9800000000	0.1337901041
1481.9900000000	0.1338238480
1482.0000000000	0.1339202881
1482.0100000000	0.1333707811
1482.0200000000	0.1330084624
1482.0300000000	0.1329798761
1482.0400000000	0.1322080553
1482.0500000000	0.1314703599
1482.0600000000	0.1304345933
1482.0700000000	0.1284605295
1482.0800000000	0.1273536428
1482.0900000000	0.1262456125
1482.1000000000	0.1261459395
1482.1100000000	0.1268771499
1482.1200000000	0.1270437850
1482.1300000000	0.1275817391
1482.1400000000	0.1278155315
1482.1500000000	0.1266874344
1482.1600000000	0.1260093614
1482.1700000000	0.1251685648
1482.1800000000	0.1236203645
1482.1900000000	0.1229381985
1482.2000000000	0.1224116514
1482.2100000000	0.1215526054
1482.2200000000	0.1211777663
1482.2300000000	0.1203500992
1482.2400000000	0.1189500203
1482.2500000000	0.1182952354
1482.2600000000	0.1175155229
1482.2700000000	0.1174154104
1482.2800000000	0.1181942109
1482.2900000000	0.1187011408
1482.3000000000	0.1199536498
1482.3100000000	0.1212960499
1482.3200000000	0.1221518373
1482.3300000000	0.1225632164
1482.3400000000	0.1225422741
1482.3500000000	0.1220660302
1482.3600000000	0.1215116509
1482.3700000000	0.1210273638
1482.3800000000	0.1205972387
1482.3900000000	0.1201188855
1482.4000000000	0.1194789809
1482.4100000000	0.1187055741
1482.4200000000	0.1183845734
1482.4300000000	0.1181388095
1482.4400000000	0.1181408922
1482.4500000000	0.1186838501
1482.4600000000	0.1193790813
1482.4700000000	0.1205709236
1482.4800000000	0.1220089132
1482.4900000000	0.1233311282
1482.5000000000	0.1243293533
1482.5100000000	0.1246350876
1482.5200000000	0.1244177028
1482.5300000000	0.1241251260
1482.5400000000	0.1231905798
1482.5500000000	0.1224776141
1482.5600000000	0.1217868570
1482.5700000000	0.1201885170
1482.5800000000	0.1188876439
1482.5900000000	0.1177743881
1482.6000000000	0.1167321427
1482.6100000000	0.1167063820
1482.6200000000	0.1172158954
1482.6300000000	0.1185440724
1482.6400000000	0.1204979710
1482.6500000000	0.1222167418
1482.6600000000	0.1242320292
1482.6700000000	0.1253383852
1482.6800000000	0.1251012264
1482.6900000000	0.1245091251
1482.7000000000	0.1234432550
1482.7100000000	0.1218541319
1482.7200000000	0.1204966927
1482.7300000000	0.1186682651
1482.7400000000	0.1163604218
1482.7500000000	0.1141019842
1482.7600000000	0.1116267099
1482.7700000000	0.1097457693
1482.7800000000	0.1086243612
1482.7900000000	0.1081649605
1482.8000000000	0.1090149790
1482.8100000000	0.1104288850
1482.8200000000	0.1125600108
1482.8300000000	0.1148034869
1482.8400000000	0.1164671796
1482.8500000000	0.1177559451
1482.8600000000	0.1180386181
1482.8700000000	0.1180842301
1482.8800000000	0.1177126764
1482.8900000000	0.1168660062
1482.9000000000	0.1160141304
1482.9100000000	0.1147394393
1482.9200000000	0.1130940452
1482.9300000000	0.1116097191
1482.9400000000	0.1099695714
1482.9500000000	0.1088869354
1482.9600000000	0.1082194972
1482.9700000000	0.1080564952
1482.9800000000	0.1087197158
1482.9900000000	0.1100505673
1483.0000000000	0.1115227033
1483.0100000000	0.1133321327
1483.0200000000	0.1145650074
1483.0300000000	0.1151578038
1483.0400000000	0.1152664732
1483.0500000000	0.1147050433
1483.0600000000	0.1140365095
1483.0700000000	0.1131327625
1483.0800000000	0.1119958240
1483.0900000000	0.1106848558
1483.1000000000	0.1089656678
1483.1100000000	0.1072617330
1483.1200000000	0.1057147783
1483.1300000000	0.1044640780
1483.1400000000	0.1041109042
1483.1500000000	0.1045110649
1483.1600000000	0.1057992689
1483.1700000000	0.1077146534
1483.1800000000	0.1097374492
1483.1900000000	0.1121646089
1483.2000000000	0.1137801007
1483.2100000000	0.1147876952
1483.2200000000	0.1158393279
1483.2300000000	0.1165404021
1483.2400000000	0.1170145457
1483.2500000000	0.1172334184
1483.2600000000	0.1171922327
1483.2700000000	0.1168976029
1483.2800000000	0.1164099471
1483.2900000000	0.1158157364
1483.3000000000	0.1155292017
1483.3100000000	0.1153991828
1483.3200000000	0.1159866818
1483.3300000000	0.1174132587
1483.3400000000	0.1190158137
1483.3500000000	0.1210007060
1483.3600000000	0.1227885944
1483.3700000000	0.1240081180
1483.3800000000	0.1248041213
1483.3900000000	0.1249528788
1483.4000000000	0.1250918852
1483.4100000000	0.1250050055
1483.4200000000	0.1245371819
1483.4300000000	0.1242964359
1483.4400000000	0.1235430008
1483.4500000000	0.1224880244
1483.4600000000	0.1217729424
1483.4700000000	0.1211079558
1483.4800000000	0.1211065299
1483.4900000000	0.1216458860
1483.5000000000	0.1228747825
1483.5100000000	0.1248633426
1483.5200000000	0.1269636172
1483.5300000000	0.1287329396
1483.5400000000	0.1304996912
1483.5500000000	0.1313489734
1483.5600000000	0.1315660202
1483.5700000000	0.1313412186
1483.5800000000	0.1305883531
1483.5900000000	0.1296080330
1483.6000000000	0.1280745417
1483.6100000000	0.1264504994
1483.6200000000	0.1249058129
1483.6300000000	0.1235224695
1483.6400000000	0.1227036061
1483.6500000000	0.1223039906
1483.6600000000	0.1224393003
1483.6700000000	0.1233465403
1483.6800000000	0.1243387330
1483.6900000000	0.1261582579
1483.7000000000	0.1274776374
1483.7100000000	0.1283715168
1483.7200000000	0.1290972813
1483.7300000000	0.1283106629
1483.7400000000	0.1275919409
1483.7500000000	0.1270187627
1483.7600000000	0.1254217036
1483.7700000000	0.1236303310
1483.7800000000	0.1217299796
1483.7900000000	0.1194122253
1483.8000000000	0.1172181319
1483.8100000000	0.1151327022
1483.8200000000	0.1137476429
1483.8300000000	0.1135078075
1483.8400000000	0.1138444675
1483.8500000000	0.1152014450
1483.8600000000	0.1173697118
1483.8700000000	0.1192926418
1483.8800000000	0.1210248588
1483.8900000000	0.1222290808
1483.9000000000	0.1227317334
1483.9100000000	0.1225910321
1483.9200000000	0.1217556298
1483.9300000000	0.1213091850
1483.9400000000	0.1202288581
1483.9500000000	0.1187395384
1483.9600000000	0.1167419612
1483.9700000000	0.1142043356
1483.9800000000	0.1114859434
1483.9900000000	0.1089244884
1484.0000000000	0.1069016252
1484.0100000000	0.1059201793
1484.0200000000	0.1059243129
1484.0300000000	0.1070187424
1484.0400000000	0.1089347720
1484.0500000000	0.1111348501
1484.0600000000	0.1132630714
1484.0700000000	0.1149291876
1484.0800000000	0.1159327286
1484.0900000000	0.1164114074
1484.1000000000	0.1164114074
1484.1100000000	0.1163041423
1484.1200000000	0.1157034567
1484.1300000000	0.1148739335
1484.1400000000	0.1140587119
1484.1500000000	0.1128923658
1484.1600000000	0.1120054305
1484.1700000000	0.1116753522
1484.1800000000	0.1114414335
1484.1900000000	0.1119136707
1484.2000000000	0.1132109509
1484.2100000000	0.1148761271
1484.2200000000	0.1169625394
1484.2300000000	0.1182080187
1484.2400000000	0.1190930489
1484.2500000000	0.1195886640
1484.2600000000	0.1190626436
1484.2700000000	0.1186367276
1484.2800000000	0.1175791462
1484.2900000000	0.1154794844
1484.3000000000	0.1132427457
1484.3100000000	0.1106022469
1484.3200000000	0.1078492625
1484.3300000000	0.1053728729
1484.3400000000	0.1033271147
1484.3500000000	0.1022251067
1484.3600000000	0.1023883735
1484.3700000000	0.1034057328
1484.3800000000	0.1055708613
1484.3900000000	0.1085751767
1484.4000000000	0.1110455363
1484.4100000000	0.1134528259
1484.4200000000	0.1151229199
1484.4300000000	0.1162142595
1484.4400000000	0.1168624963
1484.4500000000	0.1172709888
1484.4600000000	0.1174280796
1484.4700000000	0.1170062434
1484.4800000000	0.1163658953
1484.4900000000	0.1152347376
1484.5000000000	0.1137029503
1484.5100000000	0.1122442998
1484.5200000000	0.1107959172
1484.5300000000	0.1100688971
1484.5400000000	0.1102880473
1484.5500000000	0.1111337942
1484.5600000000	0.1128015626
1484.5700000000	0.1146519673
1484.5800000000	0.1160681543
1484.5900000000	0.1174924497
1484.6000000000	0.1183085974
1484.6100000000	0.1183837760
1484.6200000000	0.1185014526
1484.6300000000	0.1181759935
1484.6400000000	0.1178449239
1484.6500000000	0.1174777104
1484.6600000000	0.1168696057
1484.6700000000	0.1163479106
1484.6800000000	0.1155652022
1484.6900000000	0.1149191705
1484.7000000000	0.1150046736
1484.7100000000	0.1154915213
1484.7200000000	0.1167736500
1484.7300000000	0.1187108135
1484.7400000000	0.1209158298
1484.7500000000	0.1226256567
1484.7600000000	0.1236818690
1484.7700000000	0.1244616411
1484.7800000000	0.1244009920
1484.7900000000	0.1234010199
1484.8000000000	0.1221124430
1484.8100000000	0.1207188499
1484.8200000000	0.1188259310
1484.8300000000	0.1166762679
1484.8400000000	0.1145587065
1484.8500000000	0.1125697169
1484.8600000000	0.1102124035
1484.8700000000	0.1088956061
1484.8800000000	0.1085347721
1484.8900000000	0.1087535721
1484.9000000000	0.1101457199
1484.9100000000	0.1118760695
1484.9200000000	0.1137655248
1484.9300000000	0.1157746084
1484.9400000000	0.1172456884
1484.9500000000	0.1179917855
1484.9600000000	0.1184308546
1484.9700000000	0.1182678347
1484.9800000000	0.1180078696
1484.9900000000	0.1177093135
1485.0000000000	0.1167503185
1485.0100000000	0.1159168500
1485.0200000000	0.1149164585
1485.0300000000	0.1137625127
1485.0400000000	0.1134022459
1485.0500000000	0.1135264565
1485.0600000000	0.1143121216
1485.0700000000	0.1155582323
1485.0800000000	0.1170063341
1485.0900000000	0.1185311783
1485.1000000000	0.1196839244
1485.1100000000	0.1202758796
1485.1200000000	0.1206542398
1485.1300000000	0.1204379053
1485.1400000000	0.1197035481
1485.1500000000	0.1187874325
1485.1600000000	0.1178352362
1485.1700000000	0.1166422159
1485.1800000000	0.1151821396
1485.1900000000	0.1135145246
1485.2000000000	0.1118383188
1485.2100000000	0.1101581441
1485.2200000000	0.1090429840
1485.2300000000	0.1086682669
1485.2400000000	0.1092430560
1485.2500000000	0.1104715780
1485.2600000000	0.1121249307
1485.2700000000	0.1138504422
1485.2800000000	0.1148038561
1485.2900000000	0.1155081344
1485.3000000000	0.1157138166
1485.3100000000	0.1149604545
1485.3200000000	0.1140756484
1485.3300000000	0.1128391419
1485.3400000000	0.1116530445
1485.3500000000	0.1104641302
1485.3600000000	0.1092822950
1485.3700000000	0.1083256756
1485.3800000000	0.1075448036
1485.3900000000	0.1069427562
1485.4000000000	0.1069390366
1485.4100000000	0.1076617037
1485.4200000000	0.1088254090
1485.4300000000	0.1105190202
1485.4400000000	0.1124064652
1485.4500000000	0.1139149157
1485.4600000000	0.1149275631
1485.4700000000	0.1150705793
1485.4800000000	0.1145215908
1485.4900000000	0.1136730001
1485.5000000000	0.1122313984
1485.5100000000	0.1107392351
1485.5200000000	0.1091982513
1485.5300000000	0.1074899527
1485.5400000000	0.1060037970
1485.5500000000	0.1046122052
1485.5600000000	0.1036584860
1485.5700000000	0.1037847208
1485.5800000000	0.1048047014
1485.5900000000	0.1063569038
1485.6000000000	0.1081539990
1485.6100000000	0.1099223479
1485.6200000000	0.1114716937
1485.6300000000	0.1125805013
1485.6400000000	0.1129789161
1485.6500000000	0.1128886558
1485.6600000000	0.1123408688
1485.6700000000	0.1113237591
1485.6800000000	0.1102513069
1485.6900000000	0.1090591175
1485.7000000000	0.1075776907
1485.7100000000	0.1059541127
1485.7200000000	0.1044900364
1485.7300000000	0.1033427018
1485.7400000000	0.1027726753
1485.7500000000	0.1029477212
1485.7600000000	0.1039484937
1485.7700000000	0.1054867084
1485.7800000000	0.1070841021
1485.7900000000	0.1088015124
1485.8000000000	0.1101542522
1485.8100000000	0.1107768342
1485.8200000000	0.1112232595
1485.8300000000	0.1110634486
1485.8400000000	0.1101118972
1485.8500000000	0.1093614539
1485.8600000000	0.1081557842
1485.8700000000	0.1066696804
1485.8800000000	0.1050008327
1485.8900000000	0.1031746420
1485.9000000000	0.1014136122
1485.9100000000	0.0999657017
1485.9200000000	0.0990932726
1485.9300000000	0.0991019807
1485.9400000000	0.0999712565
1485.9500000000	0.1015980387
1485.9600000000	0.1036923178
1485.9700000000	0.1057563673
1485.9800000000	0.1074754726
1485.9900000000	0.1086373634
1486.0000000000	0.1091602608
1486.0100000000	0.1093070464
1486.0200000000	0.1088779772
1486.0300000000	0.1083902080
1486.0400000000	0.1079133656
1486.0500000000	0.1068705000
1486.0600000000	0.1057715933
1486.0700000000	0.1046479556
1486.0800000000	0.1035206189
1486.0900000000	0.1029334804
1486.1000000000	0.1031777887
1486.1100000000	0.1042171272
1486.1200000000	0.1059155796
1486.1300000000	0.1080382872
1486.1400000000	0.1102982820
1486.1500000000	0.1122913868
1486.1600000000	0.1136530966
1486.1700000000	0.1141591977
1486.1800000000	0.1138151446
1486.1900000000	0.1127828120
1486.2000000000	0.1114086317
1486.2100000000	0.1099360736
1486.2200000000	0.1084306348
1486.2300000000	0.1066922059
1486.2400000000	0.1046356585
1486.2500000000	0.1027956076
1486.2600000000	0.1014703636
1486.2700000000	0.1011553572
1486.2800000000	0.1020757154
1486.2900000000	0.1035749479
1486.3000000000	0.1059213371
1486.3100000000	0.1085481356
1486.3200000000	0.1115508710
1486.3300000000	0.1139800544
1486.3400000000	0.1155346862
1486.3500000000	0.1163377309
1486.3600000000	0.1161575081
1486.3700000000	0.1154989907
1486.3800000000	0.1146223322
1486.3900000000	0.1133781710
1486.4000000000	0.1116785852
1486.4100000000	0.1097024347
1486.4200000000	0.1078068136
1486.4300000000	0.1061377552
1486.4400000000	0.1049255055
1486.4500000000	0.1042224764
1486.4600000000	0.1041335819
1486.4700000000	0.1044852732
1486.4800000000	0.1052413445
1486.4900000000	0.1062892736
1486.5000000000	0.1067772856
1486.5100000000	0.1070789296
1486.5200000000	0.1066523497
1486.5300000000	0.1058250725
1486.5400000000	0.1047131629
1486.5500000000	0.1032401841
1486.5600000000	0.1020852600
1486.5700000000	0.1007764448
1486.5800000000	0.0991763254
1486.5900000000	0.0979471439
1486.6000000000	0.0970231646
1486.6100000000	0.0962849274
1486.6200000000	0.0959541053
1486.6300000000	0.0960670526
1486.6400000000	0.0965680193
1486.6500000000	0.0973604700
1486.6600000000	0.0983762067
1486.6700000000	0.0995189167
1486.6800000000	0.1003787894
1486.6900000000	0.1006562455
1486.7000000000	0.1004360005
1486.7100000000	0.0995192368
1486.7200000000	0.0984880700
1486.7300000000	0.0976999234
1486.7400000000	0.0964650216
1486.7500000000	0.0948274622
1486.7600000000	0.0932640032
1486.7700000000	0.0919060265
1486.7800000000	0.0908807841
1486.7900000000	0.0903497810
1486.8000000000	0.0906492562
1486.8100000000	0.0913680526
1486.8200000000	0.0925391202
1486.8300000000	0.0937554561
1486.8400000000	0.0949697723
1486.8500000000	0.0960518793
1486.8600000000	0.0963554548
1486.8700000000	0.0964763752
1486.8800000000	0.0964957871
1486.8900000000	0.0959644096
1486.9000000000	0.0952422407
1486.9100000000	0.0944198588
1486.9200000000	0.0933312710
1486.9300000000	0.0920677446
1486.9400000000	0.0908124815
1486.9500000000	0.0898499252
1486.9600000000	0.0893553970
1486.9700000000	0.0892732351
1486.9800000000	0.0897045784
1486.9900000000	0.0908216284
1487.0000000000	0.0922207416
1487.0100000000	0.0936496731
1487.0200000000	0.0948736955
1487.0300000000	0.0954445728
1487.0400000000	0.0955941650
1487.0500000000	0.0954287088
1487.0600000000	0.0951013353
1487.0700000000	0.0942975142
1487.0800000000	0.0937240863
1487.0900000000	0.0928811082
1487.1000000000	0.0918104891
1487.1100000000	0.0908985609
1487.1200000000	0.0902317510
1487.1300000000	0.0901224230
1487.1400000000	0.0905892988
1487.1500000000	0.0916653919
1487.1600000000	0.0935426975
1487.1700000000	0.0959798849
1487.1800000000	0.0984572045
1487.1900000000	0.1009804935
1487.2000000000	0.1031603958
1487.2100000000	0.1044825913
1487.2200000000	0.1049557513
1487.2300000000	0.1047522436
1487.2400000000	0.1040633353
1487.2500000000	0.1032659128
1487.2600000000	0.1022475739
1487.2700000000	0.1011195017
1487.2800000000	0.0997756768
1487.2900000000	0.0982835318
1487.3000000000	0.0971297881
1487.3100000000	0.0963929797
1487.3200000000	0.0962107629
1487.3300000000	0.0966388045
1487.3400000000	0.0975326839
1487.3500000000	0.0988735029
1487.3600000000	0.1002871786
1487.3700000000	0.1015934478
1487.3800000000	0.1024756677
1487.3900000000	0.1027532766
1487.4000000000	0.1027619649
1487.4100000000	0.1024820610
1487.4200000000	0.1017915123
1487.4300000000	0.1009135222
1487.4400000000	0.0999465116
1487.4500000000	0.0988538129
1487.4600000000	0.0979318209
1487.4700000000	0.0973632913
1487.4800000000	0.0972198213
1487.4900000000	0.0973419810
1487.5000000000	0.0980321479
1487.5100000000	0.0992366314
1487.5200000000	0.1005232400
1487.5300000000	0.1018104296
1487.5400000000	0.1027082432
1487.5500000000	0.1027879750
1487.5600000000	0.1022044618
1487.5700000000	0.1010366858
1487.5800000000	0.0997578284
1487.5900000000	0.0984938563
1487.6000000000	0.0972844007
1487.6100000000	0.0959992213
1487.6200000000	0.0947210565
1487.6300000000	0.0933972264
1487.6400000000	0.0921760369
1487.6500000000	0.0912729450
1487.6600000000	0.0907771425
1487.6700000000	0.0910031220
1487.6800000000	0.0915053787
1487.6900000000	0.0926894784
1487.7000000000	0.0942198495
1487.7100000000	0.0957481754
1487.7200000000	0.0970283043
1487.7300000000	0.0976635271
1487.7400000000	0.0973999233
1487.7500000000	0.0963286838
1487.7600000000	0.0951204508
1487.7700000000	0.0934565905
1487.7800000000	0.0919191225
1487.7900000000	0.0902552623
1487.8000000000	0.0884508627
1487.8100000000	0.0869366345
1487.8200000000	0.0856883374
1487.8300000000	0.0847614717
1487.8400000000	0.0844304021
1487.8500000000	0.0846932417
1487.8600000000	0.0855463522
1487.8700000000	0.0868562585
1487.8800000000	0.0885668952
1487.8900000000	0.0901840757
1487.9000000000	0.0917768270
1487.9100000000	0.0925940834
1487.9200000000	0.0926464973
1487.9300000000	0.0924843401
1487.9400000000	0.0917346217
1487.9500000000	0.0902624663
1487.9600000000	0.0887954896
1487.9700000000	0.0873154535
1487.9800000000	0.0860616654
1487.9900000000	0.0851058463
1488.0000000000	0.0844410851
1488.0100000000	0.0843432362
1488.0200000000	0.0845535542
1488.0300000000	0.0853866867
1488.0400000000	0.0868626818
1488.0500000000	0.0884866313
1488.0600000000	0.0901230559
1488.0700000000	0.0914670984
1488.0800000000	0.0918935362
1488.0900000000	0.0918882887
1488.1000000000	0.0916603043
1488.1100000000	0.0909491359
1488.1200000000	0.0898854558
1488.1300000000	0.0886172414
1488.1400000000	0.0872619187
1488.1500000000	0.0860370340
1488.1600000000	0.0847903922
1488.1700000000	0.0838459602
1488.1800000000	0.0833654887
1488.1900000000	0.0832406216
1488.2000000000	0.0836688101
1488.2100000000	0.0848888989
1488.2200000000	0.0865779083
1488.2300000000	0.0882777350
1488.2400000000	0.0899609994
1488.2500000000	0.0909663501
1488.2600000000	0.0915070497
1488.2700000000	0.0916551589
1488.2800000000	0.0912519316
1488.2900000000	0.0907012072
1488.3000000000	0.0899400593
1488.3100000000	0.0889156800
1488.3200000000	0.0884434428
1488.3300000000	0.0877429193
1488.3400000000	0.0871490353
1488.3500000000	0.0870850257
1488.3600000000	0.0872633655
1488.3700000000	0.0877689902
1488.3800000000	0.0893414968
1488.3900000000	0.0909696171
1488.4000000000	0.0930500546
1488.4100000000	0.0953693130
1488.4200000000	0.0966459495
1488.4300000000	0.0980189466
1488.4400000000	0.0987968036
1488.4500000000	0.0987171616
1488.4600000000	0.0989735390
1488.4700000000	0.0980877674
1488.4800000000	0.0967694284
1488.4900000000	0.0961121285
1488.5000000000	0.0947260772
1488.5100000000	0.0934816543
1488.5200000000	0.0927009463
1488.5300000000	0.0919242284
1488.5400000000	0.0918129558
1488.5500000000	0.0926145079
1488.5600000000	0.0936236710
1488.5700000000	0.0952954781
1488.5800000000	0.0969996978
1488.5900000000	0.0980944017
1488.6000000000	0.0990606131
1488.6100000000	0.0993847993
1488.6200000000	0.0990746247
1488.6300000000	0.0986308774
1488.6400000000	0.0978154745
1488.6500000000	0.0966949353
1488.6600000000	0.0954039786
1488.6700000000	0.0940258073
1488.6800000000	0.0925737647
1488.6900000000	0.0911269705
1488.7000000000	0.0900631619
1488.7100000000	0.0895227908
1488.7200000000	0.0895733670
1488.7300000000	0.0902636617
1488.7400000000	0.0915482006
1488.7500000000	0.0930318242
1488.7600000000	0.0941389232
1488.7700000000	0.0950222847
1488.7800000000	0.0950655667
1488.7900000000	0.0943938610
1488.8000000000	0.0934565905
1488.8100000000	0.0921721792
1488.8200000000	0.0908204252
1488.8300000000	0.0895971214
1488.8400000000	0.0883301982
1488.8500000000	0.0874702050
1488.8600000000	0.0866782340
1488.8700000000	0.0860757519
1488.8800000000	0.0857794512
1488.8900000000	0.0858476057
1488.9000000000	0.0861975666
1488.9100000000	0.0872471087
1488.9200000000	0.0885626027
1488.9300000000	0.0898062190
1488.9400000000	0.0908560535
1488.9500000000	0.0912680716
1488.9600000000	0.0912272337
1488.9700000000	0.0905742034
1488.9800000000	0.0894273211
1488.9900000000	0.0883141218
1489.0000000000	0.0869170509
1489.0100000000	0.0857788142
1489.0200000000	0.0848001928
1489.0300000000	0.0839613813
1489.0400000000	0.0834056473
1489.0500000000	0.0830078352
1489.0600000000	0.0829936133
1489.0700000000	0.0836172375
1489.0800000000	0.0845862998
1489.0900000000	0.0860365643
1489.1000000000	0.0876258243
1489.1100000000	0.0890105829
1489.1200000000	0.0901656605
1489.1300000000	0.0907789330
1489.1400000000	0.0905976411
1489.1500000000	0.0897445587
1489.1600000000	0.0884768736
1489.1700000000	0.0871701812
1489.1800000000	0.0856901359
1489.1900000000	0.0841125796
1489.2000000000	0.0826779337
1489.2100000000	0.0813397727
1489.2200000000	0.0802426127
1489.2300000000	0.0795964652
1489.2400000000	0.0793737522
1489.2500000000	0.0799304119
1489.2600000000	0.0810448975
1489.2700000000	0.0825969388
1489.2800000000	0.0843018499
1489.2900000000	0.0860446512
1489.3000000000	0.0874040557
1489.3100000000	0.0884008739
1489.3200000000	0.0888312603
1489.3300000000	0.0888441718
1489.3400000000	0.0883972340
1489.3500000000	0.0877598292
1489.3600000000	0.0870728354
1489.3700000000	0.0864025055
1489.3800000000	0.0858611774
1489.3900000000	0.0853204737
1489.4000000000	0.0850205406
1489.4100000000	0.0853203071
1489.4200000000	0.0859909088
1489.4300000000	0.0870228325
1489.4400000000	0.0886514085
1489.4500000000	0.0904640456
1489.4600000000	0.0919787160
1489.4700000000	0.0930684908
1489.4800000000	0.0936364146
1489.4900000000	0.0937731829
1489.5000000000	0.0931544309
1489.5100000000	0.0922898094
1489.5200000000	0.0914980812
1489.5300000000	0.0902094349
1489.5400000000	0.0894111540
1489.5500000000	0.0888786236
1489.5600000000	0.0884508627
1489.5700000000	0.0884508627
1489.5800000000	0.0886400470
1489.5900000000	0.0891790907
1489.6000000000	0.0901715447
1489.6100000000	0.0916688362
1489.6200000000	0.0935704248
1489.6300000000	0.0955845625
1489.6400000000	0.0973307916
1489.6500000000	0.0985097437
1489.6600000000	0.0990860410
1489.6700000000	0.0987559365
1489.6800000000	0.0977882886
1489.6900000000	0.0963523791
1489.7000000000	0.0945284908
1489.7100000000	0.0925500981
1489.7200000000	0.0910840013
1489.7300000000	0.0896623336
1489.7400000000	0.0882342120
1489.7500000000	0.0873347952
1489.7600000000	0.0867703784
1489.7700000000	0.0868538061
1489.7800000000	0.0876263048
1489.7900000000	0.0885103452
1489.8000000000	0.0894348048
1489.8100000000	0.0902065454
1489.8200000000	0.0905741241
1489.8300000000	0.0905327659
1489.8400000000	0.0896347661
1489.8500000000	0.0879960629
1489.8600000000	0.0860715259
1489.8700000000	0.0840100838
1489.8800000000	0.0820799561
1489.8900000000	0.0803140179
1489.9000000000	0.0787807274
1489.9100000000	0.0772298825
1489.9200000000	0.0758905407
1489.9300000000	0.0749061332
1489.9400000000	0.0745470057
1489.9500000000	0.0746036100
1489.9600000000	0.0748355846
1489.9700000000	0.0754799735
1489.9800000000	0.0761106896
1489.9900000000	0.0764751248
1490.0000000000	0.0766042393
1490.0100000000	0.0762725146
1490.0200000000	0.0754047096
1490.0300000000	0.0740161469
1490.0400000000	0.0727034228
1490.0500000000	0.0714482793
1490.0600000000	0.0702373245
1490.0700000000	0.0694273504
1490.0800000000	0.0686471066
1490.0900000000	0.0682724491
1490.1000000000	0.0681086572
1490.1100000000	0.0681569509
1490.1200000000	0.0684290646
1490.1300000000	0.0690576258
1490.1400000000	0.0698900093
1490.1500000000	0.0708445870
1490.1600000000	0.0716149849
1490.1700000000	0.0719724785
1490.1800000000	0.0719316233
1490.1900000000	0.0713350978
1490.2000000000	0.0701557812
1490.2100000000	0.0687727567
1490.2200000000	0.0673946883
1490.2300000000	0.0661927413
1490.2400000000	0.0651341235
1490.2500000000	0.0643291410
1490.2600000000	0.0637657185
1490.2700000000	0.0634681718
1490.2800000000	0.0636168004
1490.2900000000	0.0641601397
1490.3000000000	0.0650550745
1490.3100000000	0.0662445548
1490.3200000000	0.0674352618
1490.3300000000	0.0686620706
1490.3400000000	0.0696638863
1490.3500000000	0.0703385185
1490.3600000000	0.0705375278
1490.3700000000	0.0701630311
1490.3800000000	0.0693083603
1490.3900000000	0.0683181622
1490.4000000000	0.0672675669
1490.4100000000	0.0663096737
1490.4200000000	0.0655383134
1490.4300000000	0.0650274375
1490.4400000000	0.0647881010
1490.4500000000	0.0649262523
1490.4600000000	0.0656522484
1490.4700000000	0.0670692836
1490.4800000000	0.0687295495
1490.4900000000	0.0706148813
1490.5000000000	0.0724321988
1490.5100000000	0.0739075517
1490.5200000000	0.0747730903
1490.5300000000	0.0749213311
1490.5400000000	0.0743876492
1490.5500000000	0.0733093955
1490.5600000000	0.0720115121
1490.5700000000	0.0708516461
1490.5800000000	0.0697354021
1490.5900000000	0.0687588078
1490.6000000000	0.0681448321
1490.6100000000	0.0675834404
1490.6200000000	0.0673585799
1490.6300000000	0.0676156218
1490.6400000000	0.0681447708
1490.6500000000	0.0691731172
1490.6600000000	0.0705575579
1490.6700000000	0.0721241686
1490.6800000000	0.0739126735
1490.6900000000	0.0753110318
1490.7000000000	0.0761734398
1490.7100000000	0.0762742912
1490.7200000000	0.0753892661
1490.7300000000	0.0738365720
1490.7400000000	0.0720204872
1490.7500000000	0.0699580852
1490.7600000000	0.0679833400
1490.7700000000	0.0661859213
1490.7800000000	0.0647356423
1490.7900000000	0.0634688395
1490.8000000000	0.0626376331
1490.8100000000	0.0621727995
1490.8200000000	0.0622056014
1490.8300000000	0.0624955974
1490.8400000000	0.0631712488
1490.8500000000	0.0641300635
1490.8600000000	0.0652721295
1490.8700000000	0.0661591484
1490.8800000000	0.0665846011
1490.8900000000	0.0665025662
1490.9000000000	0.0656051295
1490.9100000000	0.0644691620
1490.9200000000	0.0631160093
1490.9300000000	0.0617308827
1490.9400000000	0.0605049500
1490.9500000000	0.0595412024
1490.9600000000	0.0587553102
1490.9700000000	0.0582309713
1490.9800000000	0.0579412484
1490.9900000000	0.0580597257
1491.0000000000	0.0585875738
1491.0100000000	0.0593301170
1491.0200000000	0.0603244601
1491.0300000000	0.0611972332
1491.0400000000	0.0617258672
1491.0500000000	0.0620198552
1491.0600000000	0.0618861064
1491.0700000000	0.0611952249
1491.0800000000	0.0601638467
1491.0900000000	0.0590510025
1491.1000000000	0.0580037239
1491.1100000000	0.0570411993
1491.1200000000	0.0561837830
1491.1300000000	0.0555704272
1491.1400000000	0.0554046005
1491.1500000000	0.0553672398
1491.1600000000	0.0557314405
1491.1700000000	0.0567041284
1491.1800000000	0.0578825162
1491.1900000000	0.0593888637
1491.2000000000	0.0611682920
1491.2100000000	0.0628449659
1491.2200000000	0.0643425131
1491.2300000000	0.0654398651
1491.2400000000	0.0656379888
1491.2500000000	0.0651512700
1491.2600000000	0.0642327068
1491.2700000000	0.0629791556
1491.2800000000	0.0616999352
1491.2900000000	0.0604669480
1491.3000000000	0.0592375584
1491.3100000000	0.0584677142
1491.3200000000	0.0577795316
1491.3300000000	0.0573123265
1491.3400000000	0.0574550063
1491.3500000000	0.0578405893
1491.3600000000	0.0586955691
1491.3700000000	0.0601415358
1491.3800000000	0.0617660853
1491.3900000000	0.0636405072
1491.4000000000	0.0653560134
1491.4100000000	0.0662647899
1491.4200000000	0.0664808158
1491.4300000000	0.0662660581
1491.4400000000	0.0655321713
1491.4500000000	0.0644667394
1491.4600000000	0.0634049229
1491.4700000000	0.0624671898
1491.4800000000	0.0616833841
1491.4900000000	0.0609440865
1491.5000000000	0.0604480114
1491.5100000000	0.0602758082
1491.5200000000	0.0604106521
1491.5300000000	0.0608822607
1491.5400000000	0.0616416497
1491.5500000000	0.0626602894
1491.5600000000	0.0638967946
1491.5700000000	0.0650396459
1491.5800000000	0.0659119202
1491.5900000000	0.0662826642
1491.6000000000	0.0661876902
1491.6100000000	0.0655277542
1491.6200000000	0.0647273158
1491.6300000000	0.0638002453
1491.6400000000	0.0628910410
1491.6500000000	0.0622726718
1491.6600000000	0.0617359261
1491.6700000000	0.0615644627
1491.6800000000	0.0617856314
1491.6900000000	0.0621793004
1491.7000000000	0.0629511670
1491.7100000000	0.0639293298
1491.7200000000	0.0651760709
1491.7300000000	0.0665994656
1491.7400000000	0.0677269619
1491.7500000000	0.0684276322
1491.7600000000	0.0686984002
1491.7700000000	0.0683720870
1491.7800000000	0.0675889494
1491.7900000000	0.0666746027
1491.8000000000	0.0656335771
1491.8100000000	0.0645182876
1491.8200000000	0.0634607646
1491.8300000000	0.0624897078
1491.8400000000	0.0617840860
1491.8500000000	0.0612433602
1491.8600000000	0.0610357789
1491.8700000000	0.0611203375
1491.8800000000	0.0614217587
1491.8900000000	0.0619773913
1491.9000000000	0.0626914183
1491.9100000000	0.0636458176
1491.9200000000	0.0643654408
1491.9300000000	0.0646874682
1491.9400000000	0.0645088367
1491.9500000000	0.0637840992
1491.9600000000	0.0627118460
1491.9700000000	0.0615783584
1491.9800000000	0.0604363448
1491.9900000000	0.0592732294
1492.0000000000	0.0582130848
1492.0100000000	0.0572981095
1492.0200000000	0.0566248383
1492.0300000000	0.0562516595
1492.0400000000	0.0560786233
1492.0500000000	0.0561039210
1492.0600000000	0.0563182181
1492.0700000000	0.0568389315
1492.0800000000	0.0577122711
1492.0900000000	0.0585223459
1492.1000000000	0.0591352506
1492.1100000000	0.0595325281
1492.1200000000	0.0594978530
1492.1300000000	0.0589399884
1492.1400000000	0.0580802971
1492.1500000000	0.0571048698
1492.1600000000	0.0560443915
1492.1700000000	0.0550970693
1492.1800000000	0.0543531300
1492.1900000000	0.0538706725
1492.2000000000	0.0535382572
1492.2100000000	0.0533035491
1492.2200000000	0.0533170011
1492.2300000000	0.0536333707
1492.2400000000	0.0541638817
1492.2500000000	0.0549366089
1492.2600000000	0.0557640896
1492.2700000000	0.0564036546
1492.2800000000	0.0568292763
1492.2900000000	0.0568985962
1492.3000000000	0.0565218440
1492.3100000000	0.0557784433
1492.3200000000	0.0547884571
1492.3300000000	0.0536972016
1492.3400000000	0.0526442192
1492.3500000000	0.0516330655
1492.3600000000	0.0507730700
1492.3700000000	0.0500855771
1492.3800000000	0.0494330510
1492.3900000000	0.0489790538
1492.4000000000	0.0486930122
1492.4100000000	0.0485989225
1492.4200000000	0.0487871018
1492.4300000000	0.0491638865
1492.4400000000	0.0496940807
1492.4500000000	0.0500866656
1492.4600000000	0.0502975870
1492.4700000000	0.0503498730
1492.4800000000	0.0503358606
1492.4900000000	0.0502886800
1492.5000000000	0.0500687997
1492.5100000000	0.0498877776
1492.5200000000	0.0498352892
1492.5300000000	0.0498854829
1492.5400000000	0.0499981834
1492.5500000000	0.0501818752
1492.5600000000	0.0505468642
1492.5700000000	0.0511798362
1492.5800000000	0.0520514144
1492.5900000000	0.0530459683
1492.6000000000	0.0542212605
1492.6100000000	0.0554411892
1492.6200000000	0.0566630833
1492.6300000000	0.0576261137
1492.6400000000	0.0581813069
1492.6500000000	0.0583629080
1492.6600000000	0.0581854469
1492.6700000000	0.0579307030
1492.6800000000	0.0576854140
1492.6900000000	0.0573785268
1492.7000000000	0.0574478288
1492.7100000000	0.0576765094
1492.7200000000	0.0580492289
1492.7300000000	0.0587143771
1492.7400000000	0.0596289626
1492.7500000000	0.0607644529
1492.7600000000	0.0620267786
1492.7700000000	0.0634827660
1492.7800000000	0.0651027471
1492.7900000000	0.0667713189
1492.8000000000	0.0682696326
1492.8100000000	0.0694291209
1492.8200000000	0.0701646551
1492.8300000000	0.0704174963
1492.8400000000	0.0702460173
1492.8500000000	0.0696881662
1492.8600000000	0.0688855032
1492.8700000000	0.0680985194
1492.8800000000	0.0674946530
1492.8900000000	0.0671086850
1492.9000000000	0.0668168077
1492.9100000000	0.0667117274
1492.9200000000	0.0666700143
1492.9300000000	0.0666623352
1492.9400000000	0.0667698278
1492.9500000000	0.0669148202
1492.9600000000	0.0669857384
1492.9700000000	0.0666202020
1492.9800000000	0.0658121362
1492.9900000000	0.0647319177
1493.0000000000	0.0633040975
1493.0100000000	0.0616950106
1493.0200000000	0.0601225695
1493.0300000000	0.0586921249
1493.0400000000	0.0575390065
1493.0500000000	0.0566105635
1493.0600000000	0.0557655398
1493.0700000000	0.0551676062
1493.0800000000	0.0546775658
1493.0900000000	0.0543481864
1493.1000000000	0.0541138769
1493.1100000000	0.0540640822
1493.1200000000	0.0541767793
1493.1300000000	0.0545058147
1493.1400000000	0.0545925748
1493.1500000000	0.0543313171
1493.1600000000	0.0536705108
1493.1700000000	0.0526166673
1493.1800000000	0.0511187146
1493.1900000000	0.0495095283
1493.2000000000	0.0479973405
1493.2100000000	0.0465529773
1493.2200000000	0.0452943906
1493.2300000000	0.0442939589
1493.2400000000	0.0435947571
1493.2500000000	0.0432499073
1493.2600000000	0.0429996251
1493.2700000000	0.0429595131
1493.2800000000	0.0431323919
1493.2900000000	0.0435393533
1493.3000000000	0.0442615760
1493.3100000000	0.0450890703
1493.3200000000	0.0458226114
1493.3300000000	0.0465657273
1493.3400000000	0.0472048921
1493.3500000000	0.0474263746
1493.3600000000	0.0474179619
1493.3700000000	0.0472552605
1493.3800000000	0.0469882038
1493.3900000000	0.0467808927
1493.4000000000	0.0466527106
1493.4100000000	0.0466698269
1493.4200000000	0.0468582063
1493.4300000000	0.0471838047
1493.4400000000	0.0476163730
1493.4500000000	0.0482907485
1493.4600000000	0.0490812809
1493.4700000000	0.0500371802
1493.4800000000	0.0512720661
1493.4900000000	0.0525205467
1493.5000000000	0.0535260268
1493.5100000000	0.0543265374
1493.5200000000	0.0546953227
1493.5300000000	0.0547277959
1493.5400000000	0.0545693456
1493.5500000000	0.0542570126
1493.5600000000	0.0539128272
1493.5700000000	0.0537326123
1493.5800000000	0.0538413191
1493.5900000000	0.0542039232
1493.6000000000	0.0546185405
1493.6100000000	0.0550516162
1493.6200000000	0.0555954862
1493.6300000000	0.0562476427
1493.6400000000	0.0570920780
1493.6500000000	0.0582438460
1493.6600000000	0.0595166680
1493.6700000000	0.0605896574
1493.6800000000	0.0614666633
1493.6900000000	0.0618945327
1493.7000000000	0.0619270392
1493.7100000000	0.0616182753
1493.7200000000	0.0611908366
1493.7300000000	0.0605246137
1493.7400000000	0.0597650093
1493.7500000000	0.0593241583
1493.7600000000	0.0589080851
1493.7700000000	0.0587287022
1493.7800000000	0.0586182197
1493.7900000000	0.0585140817
1493.8000000000	0.0585669165
1493.8100000000	0.0588233820
1493.8200000000	0.0593342511
1493.8300000000	0.0600161308
1493.8400000000	0.0605924972
1493.8500000000	0.0610226853
1493.8600000000	0.0611859366
1493.8700000000	0.0608592013
1493.8800000000	0.0601324154
1493.8900000000	0.0590718074
1493.9000000000	0.0577948353
1493.9100000000	0.0566516357
1493.9200000000	0.0554726917
1493.9300000000	0.0542261826
1493.9400000000	0.0531424592
1493.9500000000	0.0520491957
1493.9600000000	0.0508252371
1493.9700000000	0.0496207649
1493.9800000000	0.0485396813
1493.9900000000	0.0476963978
1494.0000000000	0.0468531143
1494.0100000000	0.0460698707
1494.0200000000	0.0454340396
1494.0300000000	0.0447384648
1494.0400000000	0.0439913936
1494.0500000000	0.0431875913
1494.0600000000	0.0421836903
1494.0700000000	0.0409988165
1494.0800000000	0.0397308904
1494.0900000000	0.0385150675
1494.1000000000	0.0374032231
1494.1100000000	0.0365019766
1494.1200000000	0.0357481335
1494.1300000000	0.0350795908
1494.1400000000	0.0344251877
1494.1500000000	0.0338339170
1494.1600000000	0.0334773140
1494.1700000000	0.0332725452
1494.1800000000	0.0330549547
1494.1900000000	0.0330303737
1494.2000000000	0.0328990189
1494.2100000000	0.0325883090
1494.2200000000	0.0322632585
1494.2300000000	0.0317113250
1494.2400000000	0.0311449097
1494.2500000000	0.0306436306
1494.2600000000	0.0301157882
1494.2700000000	0.0298175146
1494.2800000000	0.0297479821
1494.2900000000	0.0296870974
1494.3000000000	0.0297197868
1494.3100000000	0.0298950881
1494.3200000000	0.0300899725
1494.3300000000	0.0305021883
1494.3400000000	0.0310413554
1494.3500000000	0.0317230035
1494.3600000000	0.0325761710
1494.3700000000	0.0334325272
1494.3800000000	0.0343387974
1494.3900000000	0.0352914056
1494.4000000000	0.0360541766
1494.4100000000	0.0366773893
1494.4200000000	0.0372011102
1494.4300000000	0.0375920985
1494.4400000000	0.0381156721
1494.4500000000	0.0389219052
1494.4600000000	0.0397628550
1494.4700000000	0.0406898395
1494.4800000000	0.0415847926
1494.4900000000	0.0423746288
1494.5000000000	0.0432305959
1494.5100000000	0.0441472773
1494.5200000000	0.0450080271
1494.5300000000	0.0460682108
1494.5400000000	0.0470516868
1494.5500000000	0.0479413532
1494.5600000000	0.0488477369
1494.5700000000	0.0494192368
1494.5800000000	0.0495492568
1494.5900000000	0.0493679993
1494.6000000000	0.0487676494
1494.6100000000	0.0481197553
1494.6200000000	0.0477493394
1494.6300000000	0.0476542336
1494.6400000000	0.0479429393
1494.6500000000	0.0485325163
1494.6600000000	0.0491791477
1494.6700000000	0.0500173209
1494.6800000000	0.0508450239
1494.6900000000	0.0516111306
1494.7000000000	0.0524264698
1494.7100000000	0.0531338970
1494.7200000000	0.0537221377
1494.7300000000	0.0542718555
1494.7400000000	0.0542028468
1494.7500000000	0.0538739273
1494.7600000000	0.0530044420
1494.7700000000	0.0516445106
1494.7800000000	0.0502867084
1494.7900000000	0.0489493638
1494.8000000000	0.0476693967
1494.8100000000	0.0469519979
1494.8200000000	0.0466036015
1494.8300000000	0.0464013534
1494.8400000000	0.0463377907
1494.8500000000	0.0465365301
1494.8600000000	0.0467000407
1494.8700000000	0.0469771597
1494.8800000000	0.0474125960
1494.8900000000	0.0478288638
1494.9000000000	0.0483566896
1494.9100000000	0.0489311948
1494.9200000000	0.0494188809
1494.9300000000	0.0495705648
1494.9400000000	0.0493607328
1494.9500000000	0.0488363341
1494.9600000000	0.0481439686
1494.9700000000	0.0474812399
1494.9800000000	0.0469954156
1494.9900000000	0.0466370510
1495.0000000000	0.0463697173
1495.0100000000	0.0462016397
1495.0200000000	0.0462804991
1495.0300000000	0.0463250416
1495.0400000000	0.0465590167
1495.0500000000	0.0467834881
1495.0600000000	0.0471793460
1495.0700000000	0.0476372377
1495.0800000000	0.0480199267
1495.0900000000	0.0484249178
1495.1000000000	0.0487240524
1495.1100000000	0.0487457023
1495.1200000000	0.0485034102
1495.1300000000	0.0481732465
1495.1400000000	0.0477436206
1495.1500000000	0.0473368121
1495.1600000000	0.0469317525
1495.1700000000	0.0468015798
1495.1800000000	0.0467961072
1495.1900000000	0.0469022749
1495.2000000000	0.0471179083
1495.2100000000	0.0474111640
1495.2200000000	0.0477739928
1495.2300000000	0.0481905590
1495.2400000000	0.0485724126
1495.2500000000	0.0490939031
1495.2600000000	0.0492850788
1495.2700000000	0.0494586552
1495.2800000000	0.0494165542
1495.2900000000	0.0491701824
1495.3000000000	0.0488355381
1495.3100000000	0.0484423145
1495.3200000000	0.0480944700
1495.3300000000	0.0480475428
1495.3400000000	0.0480803481
1495.3500000000	0.0482806592
1495.3600000000	0.0485304167
1495.3700000000	0.0489471429
1495.3800000000	0.0494427087
1495.3900000000	0.0499068119
1495.4000000000	0.0505538605
1495.4100000000	0.0512114877
1495.4200000000	0.0519059452
1495.4300000000	0.0526361158
1495.4400000000	0.0533223133
1495.4500000000	0.0538840432
1495.4600000000	0.0541616755
1495.4700000000	0.0541406423
1495.4800000000	0.0539188154
1495.4900000000	0.0535650444
1495.5000000000	0.0532237639
1495.5100000000	0.0530582224
1495.5200000000	0.0529890312
1495.5300000000	0.0529817480
1495.5400000000	0.0531712221
1495.5500000000	0.0533656672
1495.5600000000	0.0536297248
1495.5700000000	0.0540305741
1495.5800000000	0.0544357899
1495.5900000000	0.0548827860
1495.6000000000	0.0553187027
1495.6100000000	0.0556892282
1495.6200000000	0.0559633772
1495.6300000000	0.0559321241
1495.6400000000	0.0557858662
1495.6500000000	0.0552913812
1495.6600000000	0.0546137482
1495.6700000000	0.0539761645
1495.6800000000	0.0533035491
1495.6900000000	0.0526241929
1495.7000000000	0.0520931777
1495.7100000000	0.0514800340
1495.7200000000	0.0510466802
1495.7300000000	0.0506182959
1495.7400000000	0.0502569318
1495.7500000000	0.0498858992
1495.7600000000	0.0495796154
1495.7700000000	0.0493063867
1495.7800000000	0.0490343838
1495.7900000000	0.0488059797
1495.8000000000	0.0485291426
1495.8100000000	0.0480027504
1495.8200000000	0.0474248899
1495.8300000000	0.0468819193
1495.8400000000	0.0463713800
1495.8500000000	0.0460220050
1495.8600000000	0.0457609982
1495.8700000000	0.0454620156
1495.8800000000	0.0453324294
1495.8900000000	0.0451361479
1495.9000000000	0.0448335470
1495.9100000000	0.0445492496
1495.9200000000	0.0442986661
1495.9300000000	0.0440647676
1495.9400000000	0.0439620595
1495.9500000000	0.0439050491
1495.9600000000	0.0439356954
1495.9700000000	0.0439234163
1495.9800000000	0.0438228545
1495.9900000000	0.0435989969
1496.0000000000	0.0434321445
1496.0100000000	0.0431341805
1496.0200000000	0.0430517466
1496.0300000000	0.0432825476
1496.0400000000	0.0437695417
1496.0500000000	0.0445028161
1496.0600000000	0.0452816434
1496.0700000000	0.0460887935
1496.0800000000	0.0468191141
1496.0900000000	0.0474719167
1496.1000000000	0.0480546194
1496.1100000000	0.0486241838
1496.1200000000	0.0491898179
1496.1300000000	0.0495579118
1496.1400000000	0.0500697747
1496.1500000000	0.0504008822
1496.1600000000	0.0503719903
1496.1700000000	0.0502285984
1496.1800000000	0.0498302330
1496.1900000000	0.0493289395
1496.2000000000	0.0490454351
1496.2100000000	0.0489457571
1496.2200000000	0.0490589009
1496.2300000000	0.0492632098
1496.2400000000	0.0496377900
1496.2500000000	0.0499504719
1496.2600000000	0.0503811617
1496.2700000000	0.0506521076
1496.2800000000	0.0509261794
1496.2900000000	0.0510356972
1496.3000000000	0.0510783121
1496.3100000000	0.0512808296
1496.3200000000	0.0513370178
1496.3300000000	0.0512214374
1496.3400000000	0.0509280206
1496.3500000000	0.0504438766
1496.3600000000	0.0498068355
1496.3700000000	0.0492739005
1496.3800000000	0.0487626395
1496.3900000000	0.0484085068
1496.4000000000	0.0482590242
1496.4100000000	0.0481755047
1496.4200000000	0.0480421255
1496.4300000000	0.0479709246
1496.4400000000	0.0477159880
1496.4500000000	0.0474631696
1496.4600000000	0.0471767944
1496.4700000000	0.0467624538
1496.4800000000	0.0463992927
1496.4900000000	0.0461490123
1496.5000000000	0.0458577011
1496.5100000000	0.0454866548
1496.5200000000	0.0451156084
1496.5300000000	0.0447108317
1496.5400000000	0.0442704360
1496.5500000000	0.0440269061
1496.5600000000	0.0438100145
1496.5700000000	0.0440611995
1496.5800000000	0.0444182084
1496.5900000000	0.0446740312
1496.6000000000	0.0449582898
1496.6100000000	0.0451764041
1496.6200000000	0.0452210974
1496.6300000000	0.0450779525
1496.6400000000	0.0448877714
1496.6500000000	0.0447025329
1496.6600000000	0.0445658310
1496.6700000000	0.0444434150
1496.6800000000	0.0440928717
1496.6900000000	0.0437250991
1496.7000000000	0.0431122586
1496.7100000000	0.0424760427
1496.7200000000	0.0418888040
1496.7300000000	0.0416162111
1496.7400000000	0.0416794431
1496.7500000000	0.0419553354
1496.7600000000	0.0423938423
1496.7700000000	0.0429275345
1496.7800000000	0.0435599241
1496.7900000000	0.0440223700
1496.8000000000	0.0442986661
1496.8100000000	0.0443607860
1496.8200000000	0.0443004736
1496.8300000000	0.0442610719
1496.8400000000	0.0442574965
1496.8500000000	0.0442253178
1496.8600000000	0.0442860997
1496.8700000000	0.0443286117
1496.8800000000	0.0441669309
1496.8900000000	0.0438832279
1496.9000000000	0.0436388139
1496.9100000000	0.0437384954
1496.9200000000	0.0438552488
1496.9300000000	0.0442054797
1496.9400000000	0.0449069749
1496.9500000000	0.0457975389
1496.9600000000	0.0467545107
1496.9700000000	0.0476206868
1496.9800000000	0.0483402633
1496.9900000000	0.0488415020
1497.0000000000	0.0493196843
1497.0100000000	0.0497046388
1497.0200000000	0.0500104987
1497.0300000000	0.0503549779
1497.0400000000	0.0505532598
1497.0500000000	0.0505861535
1497.0600000000	0.0505804895
1497.0700000000	0.0505121426
1497.0800000000	0.0504888034
1497.0900000000	0.0506304885
1497.1000000000	0.0507920225
1497.1100000000	0.0513057689
1497.1200000000	0.0523279891
1497.1300000000	0.0534213444
1497.1400000000	0.0546315420
1497.1500000000	0.0556852732
1497.1600000000	0.0565478740
1497.1700000000	0.0573352105
1497.1800000000	0.0580102230
1497.1900000000	0.0586140940
1497.2000000000	0.0590708577
1497.2100000000	0.0593342556
1497.2200000000	0.0593475182
1497.2300000000	0.0591983757
1497.2400000000	0.0589102970
1497.2500000000	0.0585942878
1497.2600000000	0.0584029993
1497.2700000000	0.0583023199
1497.2800000000	0.0582549312
1497.2900000000	0.0585071399
1497.3000000000	0.0588871348
1497.3100000000	0.0591813333
1497.3200000000	0.0596441246
1497.3300000000	0.0600398175
1497.3400000000	0.0603919167
1497.3500000000	0.0606001749
1497.3600000000	0.0606297004
1497.3700000000	0.0605843252
1497.3800000000	0.0604225857
1497.3900000000	0.0599644324
1497.4000000000	0.0594880571
1497.4100000000	0.0589945732
1497.4200000000	0.0585238013
1497.4300000000	0.0582939487
1497.4400000000	0.0580784862
1497.4500000000	0.0580676516
1497.4600000000	0.0582686063
1497.4700000000	0.0584438804
1497.4800000000	0.0586558484
1497.4900000000	0.0588340301
1497.5000000000	0.0587676099
1497.5100000000	0.0586048438
1497.5200000000	0.0583521789
1497.5300000000	0.0580729451
1497.5400000000	0.0579597482
1497.5500000000	0.0579950582
1497.5600000000	0.0577831524
1497.5700000000	0.0576241423
1497.5800000000	0.0575143496
1497.5900000000	0.0571033465
1497.6000000000	0.0569795399
1497.6100000000	0.0569505792
1497.6200000000	0.0570107965
1497.6300000000	0.0574247985
1497.6400000000	0.0581751892
1497.6500000000	0.0590763111
1497.6600000000	0.0602153807
1497.6700000000	0.0611240137
1497.6800000000	0.0618890714
1497.6900000000	0.0626113269
1497.7000000000	0.0630562068
1497.7100000000	0.0634379896
1497.7200000000	0.0637868875
1497.7300000000	0.0639743148
1497.7400000000	0.0641019427
1497.7500000000	0.0641440456
1497.7600000000	0.0640070411
1497.7700000000	0.0637646289
1497.7800000000	0.0636659783
1497.7900000000	0.0635891176
1497.8000000000	0.0634981404
1497.8100000000	0.0635699782
1497.8200000000	0.0638728396
1497.8300000000	0.0642467297
1497.8400000000	0.0645619132
1497.8500000000	0.0648720890
1497.8600000000	0.0651462779
1497.8700000000	0.0652865737
1497.8800000000	0.0653091143
1497.8900000000	0.0652364403
1497.9000000000	0.0650337158
1497.9100000000	0.0646884052
1497.9200000000	0.0641589518
1497.9300000000	0.0635213824
1497.9400000000	0.0629377390
1497.9500000000	0.0623654463
1497.9600000000	0.0620095587
1497.9700000000	0.0618920811
1497.9800000000	0.0618901308
1497.9900000000	0.0620365751
1498.0000000000	0.0623188637
1498.0100000000	0.0626923155
1498.0200000000	0.0629641633
1498.0300000000	0.0632027225
1498.0400000000	0.0631372800
1498.0500000000	0.0628844969
1498.0600000000	0.0625845185
1498.0700000000	0.0621813029
1498.0800000000	0.0617124478
1498.0900000000	0.0612075839
1498.1000000000	0.0604775342
1498.1100000000	0.0598467392
1498.1200000000	0.0591226926
1498.1300000000	0.0585087426
1498.1400000000	0.0580221305
1498.1500000000	0.0578213314
1498.1600000000	0.0579232553
1498.1700000000	0.0582236749
1498.1800000000	0.0585725568
1498.1900000000	0.0587892539
1498.2000000000	0.0589319177
1498.2100000000	0.0588770164
1498.2200000000	0.0586435436
1498.2300000000	0.0583399664
1498.2400000000	0.0580050114
1498.2500000000	0.0575992710
1498.2600000000	0.0572029375
1498.2700000000	0.0568498979
1498.2800000000	0.0564631967
1498.2900000000	0.0560389936
1498.3000000000	0.0555409030
1498.3100000000	0.0549182449
1498.3200000000	0.0545068260
1498.3300000000	0.0543533172
1498.3400000000	0.0545925690
1498.3500000000	0.0552219232
1498.3600000000	0.0558996644
1498.3700000000	0.0567309346
1498.3800000000	0.0574273023
1498.3900000000	0.0579034239
1498.4000000000	0.0581818920
1498.4100000000	0.0583947918
1498.4200000000	0.0585671395
1498.4300000000	0.0586780132
1498.4400000000	0.0587372421
1498.4500000000	0.0588455926
1498.4600000000	0.0589404881
1498.4700000000	0.0589988340
1498.4800000000	0.0590673462
1498.4900000000	0.0592464632
1498.5000000000	0.0594878171
1498.5100000000	0.0599316627
1498.5200000000	0.0606158180
1498.5300000000	0.0616179917
1498.5400000000	0.0627210210
1498.5500000000	0.0641041633
1498.5600000000	0.0653660326
1498.5700000000	0.0663439586
1498.5800000000	0.0673663765
1498.5900000000	0.0683498391
1498.6000000000	0.0689489846
1498.6100000000	0.0696008923
1498.6200000000	0.0701961226
1498.6300000000	0.0706957666
1498.6400000000	0.0712818614
1498.6500000000	0.0717882087
1498.6600000000	0.0721826266
1498.6700000000	0.0725791135
1498.6800000000	0.0731691116
1498.6900000000	0.0740486195
1498.7000000000	0.0751506654
1498.7100000000	0.0762396014
1498.7200000000	0.0773887219
1498.7300000000	0.0786065213
1498.7400000000	0.0795738093
1498.7500000000	0.0802265124
1498.7600000000	0.0807297813
1498.7700000000	0.0810778883
1498.7800000000	0.0811709020
1498.7900000000	0.0810379980
1498.8000000000	0.0809473463
1498.8100000000	0.0807862604
1498.8200000000	0.0806944535
1498.8300000000	0.0805370655
1498.8400000000	0.0804509232
1498.8500000000	0.0802692461
1498.8600000000	0.0800841663
1498.8700000000	0.0801058469
1498.8800000000	0.0801914284
1498.8900000000	0.0802032197
1498.9000000000	0.0801234203
1498.9100000000	0.0798307185
1498.9200000000	0.0795142061
1498.9300000000	0.0791405059
1498.9400000000	0.0786777920
1498.9500000000	0.0782245314
1498.9600000000	0.0776119981
1498.9700000000	0.0769019486
1498.9800000000	0.0761514286
1498.9900000000	0.0754162750
1499.0000000000	0.0746811285
1499.0100000000	0.0739713810
1499.0200000000	0.0734337071
1499.0300000000	0.0729426213
1499.0400000000	0.0726788307
1499.0500000000	0.0726376041
1499.0600000000	0.0725972509
1499.0700000000	0.0727128195
1499.0800000000	0.0726159813
1499.0900000000	0.0721299005
1499.1000000000	0.0711938112
1499.1100000000	0.0702069852
1499.1200000000	0.0690278311
1499.1300000000	0.0678205245
1499.1400000000	0.0666186957
1499.1500000000	0.0655861764
1499.1600000000	0.0647123320
1499.1700000000	0.0638950964
1499.1800000000	0.0632048315
1499.1900000000	0.0625867529
1499.2000000000	0.0619909698
1499.2100000000	0.0616442492
1499.2200000000	0.0614887768
1499.2300000000	0.0614199671
1499.2400000000	0.0614779831
1499.2500000000	0.0615130626
1499.2600000000	0.0614412820
1499.2700000000	0.0614914752
1499.2800000000	0.0614515556
1499.2900000000	0.0612783232
1499.3000000000	0.0611056001
1499.3100000000	0.0609236021
1499.3200000000	0.0607268176
1499.3300000000	0.0606333488
1499.3400000000	0.0606534165
1499.3500000000	0.0608500767
1499.3600000000	0.0611474213
1499.3700000000	0.0614943964
1499.3800000000	0.0619820972
1499.3900000000	0.0627716568
1499.4000000000	0.0638929145
1499.4100000000	0.0651034860
1499.4200000000	0.0663791006
1499.4300000000	0.0674004681
1499.4400000000	0.0680187851
1499.4500000000	0.0683683902
1499.4600000000	0.0685703089
1499.4700000000	0.0685496816
1499.4800000000	0.0682214362
1499.4900000000	0.0678720557
1499.5000000000	0.0676379241
1499.5100000000	0.0674522780
1499.5200000000	0.0673796268
1499.5300000000	0.0672975595
1499.5400000000	0.0674582579
1499.5500000000	0.0673606926
1499.5600000000	0.0674734262
1499.5700000000	0.0677135869
1499.5800000000	0.0683402556
1499.5900000000	0.0692551458
1499.6000000000	0.0700896696
1499.6100000000	0.0707937206
1499.6200000000	0.0712442700
1499.6300000000	0.0713142567
1499.6400000000	0.0710556057
1499.6500000000	0.0705413404
1499.6600000000	0.0698438869
1499.6700000000	0.0691560858
1499.6800000000	0.0684626638
1499.6900000000	0.0678040512
1499.7000000000	0.0673928301
1499.7100000000	0.0670883986
1499.7200000000	0.0667706253
1499.7300000000	0.0667209369
1499.7400000000	0.0670402165
1499.7500000000	0.0676016022
1499.7600000000	0.0683494467
1499.7700000000	0.0692196007
1499.7800000000	0.0699264466
1499.7900000000	0.0706668363
1499.8000000000	0.0712007946
1499.8100000000	0.0713837378
1499.8200000000	0.0715618183
1499.8300000000	0.0714282223
1499.8400000000	0.0710391640
1499.8500000000	0.0706557775
1499.8600000000	0.0702884018
1499.8700000000	0.0697366972
1499.8800000000	0.0693214732
1499.8900000000	0.0688053101
1499.9000000000	0.0683476174
1499.9100000000	0.0679780310
1499.9200000000	0.0678780684
1499.9300000000	0.0680700757
1499.9400000000	0.0685531239
1499.9500000000	0.0691001755
1499.9600000000	0.0696508025
1499.9700000000	0.0700870165
1499.9800000000	0.0702971811
1499.9900000000	0.0703157202
1500.0000000000	0.0702269953
1500.0100000000	0.0697923578
1500.0200000000	0.0692911191
1500.0300000000	0.0687855354
1500.0400000000	0.0683564722
1500.0500000000	0.0681051066
1500.0600000000	0.0679964389
1500.0700000000	0.0677486241
1500.0800000000	0.0675383062
1500.0900000000	0.0674300236
1500.1000000000	0.0672894714
1500.1100000000	0.0675098798
1500.1200000000	0.0679135702
1500.1300000000	0.0685098713
1500.1400000000	0.0691302080
1500.1500000000	0.0694637936
1500.1600000000	0.0695006311
1500.1700000000	0.0691699024
1500.1800000000	0.0686388634
1500.1900000000	0.0678894619
1500.2000000000	0.0671502823
1500.2100000000	0.0666004474
1500.2200000000	0.0661805589
1500.2300000000	0.0659312489
1500.2400000000	0.0658123463
1500.2500000000	0.0656542034
1500.2600000000	0.0655786766
1500.2700000000	0.0656709767
1500.2800000000	0.0659390103
1500.2900000000	0.0664102728
1500.3000000000	0.0671191233
1500.3100000000	0.0679498025
1500.3200000000	0.0687655143
1500.3300000000	0.0693893974
1500.3400000000	0.0697807805
1500.3500000000	0.0700815587
1500.3600000000	0.0701442332
1500.3700000000	0.0701316983
1500.3800000000	0.0700874575
1500.3900000000	0.0701956296
1500.4000000000	0.0704284267
1500.4100000000	0.0706753982
1500.4200000000	0.0708943678
1500.4300000000	0.0710970981
1500.4400000000	0.0713348771
1500.4500000000	0.0717632253
1500.4600000000	0.0724611633
1500.4700000000	0.0734813773
1500.4800000000	0.0746758534
1500.4900000000	0.0758834379
1500.5000000000	0.0770982692
1500.5100000000	0.0782487354
1500.5200000000	0.0794262634
1500.5300000000	0.0801413722
1500.5400000000	0.0806896152
1500.5500000000	0.0809292767
1500.5600000000	0.0812138783
1500.5700000000	0.0814321371
1500.5800000000	0.0815114829
1500.5900000000	0.0815493965
1500.6000000000	0.0816931424
1500.6100000000	0.0816245530
1500.6200000000	0.0817874729
1500.6300000000	0.0823580334
1500.6400000000	0.0829651201
1500.6500000000	0.0838475795
1500.6600000000	0.0849190483
1500.6700000000	0.0858253677
1500.6800000000	0.0868516419
1500.6900000000	0.0872852514
1500.7000000000	0.0871708340
1500.7100000000	0.0867954019
1500.7200000000	0.0859587381
1500.7300000000	0.0850291035
1500.7400000000	0.0843369629
1500.7500000000	0.0837053136
1500.7600000000	0.0833949562
1500.7700000000	0.0832794407
1500.7800000000	0.0829662472
1500.7900000000	0.0829034067
1500.8000000000	0.0830983205
1500.8100000000	0.0832132774
1500.8200000000	0.0836129479
1500.8300000000	0.0842041433
1500.8400000000	0.0847809541
1500.8500000000	0.0856329350
1500.8600000000	0.0864062896
1500.8700000000	0.0868984041
1500.8800000000	0.0871625300
1500.8900000000	0.0867650481
1500.9000000000	0.0862228303
1500.9100000000	0.0857954263
1500.9200000000	0.0853534874
1500.9300000000	0.0851504187
1500.9400000000	0.0850866388
1500.9500000000	0.0847752388
1500.9600000000	0.0846272292
1500.9700000000	0.0845678558
1500.9800000000	0.0843626472
1500.9900000000	0.0844820461
1501.0000000000	0.0846902803
1501.0100000000	0.0846863092
1501.0200000000	0.0849164193
1501.0300000000	0.0850855891
1501.0400000000	0.0848675669
1501.0500000000	0.0844738224
1501.0600000000	0.0836450141
1501.0700000000	0.0821799073
1501.0800000000	0.0807992619
1501.0900000000	0.0792260398
1501.1000000000	0.0774382788
1501.1100000000	0.0757094842
1501.1200000000	0.0740126281
1501.1300000000	0.0724873318
1501.1400000000	0.0712855064
1501.1500000000	0.0701931137
1501.1600000000	0.0693442481
1501.1700000000	0.0686999381
1501.1800000000	0.0681893722
1501.1900000000	0.0677876384
1501.2000000000	0.0674735319
1501.2100000000	0.0671321230
1501.2200000000	0.0666463531
1501.2300000000	0.0660041188
1501.2400000000	0.0651921437
1501.2500000000	0.0643076285
1501.2600000000	0.0634580162
1501.2700000000	0.0626430055
1501.2800000000	0.0619807166
1501.2900000000	0.0613232174
1501.3000000000	0.0605181398
1501.3100000000	0.0597275616
1501.3200000000	0.0589914771
1501.3300000000	0.0584143704
1501.3400000000	0.0578422687
1501.3500000000	0.0575609906
1501.3600000000	0.0573533595
1501.3700000000	0.0572876918
1501.3800000000	0.0575442600
1501.3900000000	0.0577851046
1501.4000000000	0.0579159678
1501.4100000000	0.0578429803
1501.4200000000	0.0575844103
1501.4300000000	0.0572076454
1501.4400000000	0.0567544590
1501.4500000000	0.0563363044
1501.4600000000	0.0559737300
1501.4700000000	0.0557342034
1501.4800000000	0.0555856286
1501.4900000000	0.0553526965
1501.5000000000	0.0551551292
1501.5100000000	0.0550261988
1501.5200000000	0.0551037902
1501.5300000000	0.0554819072
1501.5400000000	0.0559577287
1501.5500000000	0.0567896719
1501.5600000000	0.0576837330
1501.5700000000	0.0585810082
1501.5800000000	0.0592864503
1501.5900000000	0.0596733779
1501.6000000000	0.0598538958
1501.6100000000	0.0600326661
1501.6200000000	0.0602179792
1501.6300000000	0.0605787783
1501.6400000000	0.0610894200
1501.6500000000	0.0615464268
1501.6600000000	0.0620932944
1501.6700000000	0.0624467020
1501.6800000000	0.0626356486
1501.6900000000	0.0626122814
1501.7000000000	0.0625283719
1501.7100000000	0.0625358803
1501.7200000000	0.0626467209
1501.7300000000	0.0630775749
1501.7400000000	0.0636216127
1501.7500000000	0.0640351957
1501.7600000000	0.0642803789
1501.7700000000	0.0642684608
1501.7800000000	0.0640301005
1501.7900000000	0.0633968187
1501.8000000000	0.0625604904
1501.8100000000	0.0618973155
1501.8200000000	0.0611633135
1501.8300000000	0.0604765251
1501.8400000000	0.0599740281
1501.8500000000	0.0594088305
1501.8600000000	0.0589062275
1501.8700000000	0.0583611755
1501.8800000000	0.0580500455
1501.8900000000	0.0578563728
1501.9000000000	0.0577915346
1501.9100000000	0.0578530351
1501.9200000000	0.0578766293
1501.9300000000	0.0579874759
1501.9400000000	0.0579597482
1501.9500000000	0.0577715011
1501.9600000000	0.0573340316
1501.9700000000	0.0567891379
1501.9800000000	0.0562818195
1501.9900000000	0.0557806713
1502.0000000000	0.0552029122
1502.0100000000	0.0545867229
1502.0200000000	0.0539018224
1502.0300000000	0.0531289812
1502.0400000000	0.0524047108
1502.0500000000	0.0517830715
1502.0600000000	0.0513193163
1502.0700000000	0.0511582330
1502.0800000000	0.0511731020
1502.0900000000	0.0513876399
1502.1000000000	0.0516324600
1502.1100000000	0.0517943064
1502.1200000000	0.0516964401
1502.1300000000	0.0514329861
1502.1400000000	0.0509973361
1502.1500000000	0.0505057033
1502.1600000000	0.0500140704
1502.1700000000	0.0494509295
1502.1800000000	0.0488951885
1502.1900000000	0.0482718144
1502.2000000000	0.0476314771
1502.2100000000	0.0470175039
1502.2200000000	0.0463840762
1502.2300000000	0.0457602287
1502.2400000000	0.0453820594
1502.2500000000	0.0453097164
1502.2600000000	0.0454467833
1502.2700000000	0.0459077817
1502.2800000000	0.0464939364
1502.2900000000	0.0469852916
1502.3000000000	0.0475059958
1502.3100000000	0.0478366902
1502.3200000000	0.0480318548
1502.3300000000	0.0484308863
1502.3400000000	0.0488142438
1502.3500000000	0.0493343550
1502.3600000000	0.0499101192
1502.3700000000	0.0506262883
1502.3800000000	0.0512289834
1502.3900000000	0.0517615061
1502.4000000000	0.0522331709
1502.4100000000	0.0526911426
1502.4200000000	0.0533234108
1502.4300000000	0.0540674069
1502.4400000000	0.0550699933
1502.4500000000	0.0562405243
1502.4600000000	0.0575622291
1502.4700000000	0.0588917683
1502.4800000000	0.0600234095
1502.4900000000	0.0609666018
1502.5000000000	0.0618005741
1502.5100000000	0.0625776263
1502.5200000000	0.0632411464
1502.5300000000	0.0640061421
1502.5400000000	0.0649071652
1502.5500000000	0.0657138042
1502.5600000000	0.0664088792
1502.5700000000	0.0672076523
1502.5800000000	0.0678187194
1502.5900000000	0.0684842693
1502.6000000000	0.0694280530
1502.6100000000	0.0706483351
1502.6200000000	0.0723017113
1502.6300000000	0.0742362937
1502.6400000000	0.0761685868
1502.6500000000	0.0780799965
1502.6600000000	0.0794093315
1502.6700000000	0.0802494025
1502.6800000000	0.0807527469
1502.6900000000	0.0808582735
1502.7000000000	0.0805146713
1502.7100000000	0.0803337150
1502.7200000000	0.0801517017
1502.7300000000	0.0799794288
1502.7400000000	0.0798534369
1502.7500000000	0.0797738335
1502.7600000000	0.0796591507
1502.7700000000	0.0797010725
1502.7800000000	0.0798733135
1502.7900000000	0.0802505327
1502.8000000000	0.0808434955
1502.8100000000	0.0815701936
1502.8200000000	0.0821694026
1502.8300000000	0.0825630677
1502.8400000000	0.0826467322
1502.8500000000	0.0825080049
1502.8600000000	0.0820639075
1502.8700000000	0.0811521977
1502.8800000000	0.0799652369
1502.8900000000	0.0786612636
1502.9000000000	0.0774379202
1502.9100000000	0.0763450384
1502.9200000000	0.0752711548
1502.9300000000	0.0744258157
1502.9400000000	0.0737204718
1502.9500000000	0.0730579044
1502.9600000000	0.0727370167
1502.9700000000	0.0727185979
1502.9800000000	0.0726845146
1502.9900000000	0.0726911976
1503.0000000000	0.0726430750
1503.0100000000	0.0722706417
1503.0200000000	0.0716521887
1503.0300000000	0.0707139002
1503.0400000000	0.0694909189
1503.0500000000	0.0681717948
1503.0600000000	0.0668536914
1503.0700000000	0.0655568394
1503.0800000000	0.0643851733
1503.0900000000	0.0633028313
1503.1000000000	0.0623697106
1503.1100000000	0.0614649342
1503.1200000000	0.0610266579
1503.1300000000	0.0608921195
1503.1400000000	0.0612470265
1503.1500000000	0.0620314527
1503.1600000000	0.0628274178
1503.1700000000	0.0637951349
1503.1800000000	0.0646433455
1503.1900000000	0.0652685246
1503.2000000000	0.0658021198
1503.2100000000	0.0660428592
1503.2200000000	0.0661854687
1503.2300000000	0.0662826642
1503.2400000000	0.0662826642
1503.2500000000	0.0663385548
1503.2600000000	0.0665806292
1503.2700000000	0.0668087762
1503.2800000000	0.0669822585
1503.2900000000	0.0671833555
1503.3000000000	0.0673536268
1503.3100000000	0.0679361654
1503.3200000000	0.0688183717
1503.3300000000	0.0699293317
1503.3400000000	0.0713436514
1503.3500000000	0.0726170588
1503.3600000000	0.0735630018
1503.3700000000	0.0742685812
1503.3800000000	0.0747739391
1503.3900000000	0.0749110765
1503.4000000000	0.0747840234
1503.4100000000	0.0746181811
1503.4200000000	0.0741580999
1503.4300000000	0.0738012695
1503.4400000000	0.0734909097
1503.4500000000	0.0732306106
1503.4600000000	0.0731595792
1503.4700000000	0.0731005791
1503.4800000000	0.0733043525
1503.4900000000	0.0740323315
1503.5000000000	0.0748016685
1503.5100000000	0.0758306329
1503.5200000000	0.0772110475
1503.5300000000	0.0781934879
1503.5400000000	0.0788618016
1503.5500000000	0.0795478409
1503.5600000000	0.0792181736
1503.5700000000	0.0784293089
1503.5800000000	0.0774103898
1503.5900000000	0.0760209438
1503.6000000000	0.0748810754
1503.6100000000	0.0739492953
1503.6200000000	0.0729183540
1503.6300000000	0.0721922668
1503.6400000000	0.0715892044
1503.6500000000	0.0711715186
1503.6600000000	0.0712813167
1503.6700000000	0.0717719758
1503.6800000000	0.0725612743
1503.6900000000	0.0737869991
1503.7000000000	0.0750751820
1503.7100000000	0.0761261683
1503.7200000000	0.0771973849
1503.7300000000	0.0777232424
1503.7400000000	0.0777521345
1503.7500000000	0.0774773821
1503.7600000000	0.0767395516
1503.7700000000	0.0758593732
1503.7800000000	0.0751495842
1503.7900000000	0.0742611214
1503.8000000000	0.0736603880
1503.8100000000	0.0732560059
1503.8200000000	0.0726764709
1503.8300000000	0.0720939382
1503.8400000000	0.0718048928
1503.8500000000	0.0713315806
1503.8600000000	0.0715805903
1503.8700000000	0.0718743132
1503.8800000000	0.0720219560
1503.8900000000	0.0720488640
1503.9000000000	0.0716459428
1503.9100000000	0.0708557593
1503.9200000000	0.0698152828
1503.9300000000	0.0685781488
1503.9400000000	0.0673049731
1503.9500000000	0.0660878414
1503.9600000000	0.0649611696
1503.9700000000	0.0640122183
1503.9800000000	0.0632649389
1503.9900000000	0.0626043168
1504.0000000000	0.0621514183
1504.0100000000	0.0619695726
1504.0200000000	0.0619437983
1504.0300000000	0.0623055185
1504.0400000000	0.0627649958
1504.0500000000	0.0633090904
1504.0600000000	0.0640290042
1504.0700000000	0.0645817490
1504.0800000000	0.0647711991
1504.0900000000	0.0646231253
1504.1000000000	0.0640788865
1504.1100000000	0.0632054889
1504.1200000000	0.0622530231
1504.1300000000	0.0614318818
1504.1400000000	0.0609618537
1504.1500000000	0.0608504678
1504.1600000000	0.0608255414
1504.1700000000	0.0610557828
1504.1800000000	0.0615486875
1504.1900000000	0.0623710512
1504.2000000000	0.0635080651
1504.2100000000	0.0649096677
1504.2200000000	0.0665201069
1504.2300000000	0.0680627148
1504.2400000000	0.0693780956
1504.2500000000	0.0705207115
1504.2600000000	0.0712499689
1504.2700000000	0.0716644988
1504.2800000000	0.0718432691
1504.2900000000	0.0717309474
1504.3000000000	0.0715368785
1504.3100000000	0.0715115849
1504.3200000000	0.0716709760
1504.3300000000	0.0720515365
1504.3400000000	0.0727557564
1504.3500000000	0.0736734724
1504.3600000000	0.0746956468
1504.3700000000	0.0758552424
1504.3800000000	0.0771522318
1504.3900000000	0.0789738494
1504.4000000000	0.0809651079
1504.4100000000	0.0827258640
1504.4200000000	0.0840331624
1504.4300000000	0.0846420543
1504.4400000000	0.0844909812
1504.4500000000	0.0835095821
1504.4600000000	0.0820943985
1504.4700000000	0.0802175300
1504.4800000000	0.0785196017
1504.4900000000	0.0770578452
1504.5000000000	0.0758852883
1504.5100000000	0.0751233838
1504.5200000000	0.0746142957
1504.5300000000	0.0743681099
1504.5400000000	0.0744399070
1504.5500000000	0.0747067992
1504.5600000000	0.0754474360
1504.5700000000	0.0766307154
1504.5800000000	0.0779023903
1504.5900000000	0.0793175719
1504.6000000000	0.0806916469
1504.6100000000	0.0815629981
1504.6200000000	0.0819650445
1504.6300000000	0.0813962226
1504.6400000000	0.0800359665
1504.6500000000	0.0782451028
1504.6600000000	0.0762902197
1504.6700000000	0.0746726146
1504.6800000000	0.0732365147
1504.6900000000	0.0720092130
1504.7000000000	0.0711825992
1504.7100000000	0.0706787100
1504.7200000000	0.0705309607
1504.7300000000	0.0708055115
1504.7400000000	0.0715118670
1504.7500000000	0.0723444950
1504.7600000000	0.0730728358
1504.7700000000	0.0737394583
1504.7800000000	0.0741519300
1504.7900000000	0.0743685481
1504.8000000000	0.0740485500
1504.8100000000	0.0732323584
1504.8200000000	0.0722544878
1504.8300000000	0.0710794751
1504.8400000000	0.0695721392
1504.8500000000	0.0683685085
1504.8600000000	0.0674452462
1504.8700000000	0.0666737618
1504.8800000000	0.0664629234
1504.8900000000	0.0665307466
1504.9000000000	0.0670678261
1504.9100000000	0.0681696663
1504.9200000000	0.0696130072
1504.9300000000	0.0712227163
1504.9400000000	0.0730436454
1504.9500000000	0.0747420495
1504.9600000000	0.0758585476
1504.9700000000	0.0763338434
1504.9800000000	0.0760249154
1504.9900000000	0.0750505202
1505.0000000000	0.0735650297
1505.0100000000	0.0719457401
1505.0200000000	0.0703153641
1505.0300000000	0.0690074200
1505.0400000000	0.0680634825
1505.0500000000	0.0673692149
1505.0600000000	0.0671835559
1505.0700000000	0.0673181009
1505.0800000000	0.0679380986
1505.0900000000	0.0690139253
1505.1000000000	0.0702684536
1505.1100000000	0.0717442749
1505.1200000000	0.0732272843
1505.1300000000	0.0746176805
1505.1400000000	0.0756950261
1505.1500000000	0.0762846109
1505.1600000000	0.0760932790
1505.1700000000	0.0752933462
1505.1800000000	0.0739689675
1505.1900000000	0.0726569983
1505.2000000000	0.0714887591
1505.2100000000	0.0704338087
1505.2200000000	0.0696341920
1505.2300000000	0.0689962454
1505.2400000000	0.0685352425
1505.2500000000	0.0684258771
1505.2600000000	0.0687179935
1505.2700000000	0.0695140031
1505.2800000000	0.0706050322
1505.2900000000	0.0720405827
1505.3000000000	0.0738463106
1505.3100000000	0.0757756576
1505.3200000000	0.0775584129
1505.3300000000	0.0788395241
1505.3400000000	0.0795096186
1505.3500000000	0.0792642476
1505.3600000000	0.0784983114
1505.3700000000	0.0774450060
1505.3800000000	0.0763929711
1505.3900000000	0.0753164282
1505.4000000000	0.0747254967
1505.4100000000	0.0744410021
1505.4200000000	0.0745357410
1505.4300000000	0.0749185884
1505.4400000000	0.0756845076
1505.4500000000	0.0766166199
1505.4600000000	0.0777359914
1505.4700000000	0.0787721590
1505.4800000000	0.0796709856
1505.4900000000	0.0803110985
1505.5000000000	0.0805513192
1505.5100000000	0.0803263469
1505.5200000000	0.0796206932
1505.5300000000	0.0784319984
1505.5400000000	0.0771164778
1505.5500000000	0.0757220259
1505.5600000000	0.0745321016
1505.5700000000	0.0735356071
1505.5800000000	0.0730017845
1505.5900000000	0.0727200426
1505.6000000000	0.0728780616
1505.6100000000	0.0737047245
1505.6200000000	0.0747543564
1505.6300000000	0.0764627334
1505.6400000000	0.0785832065
1505.6500000000	0.0807778095
1505.6600000000	0.0827672632
1505.6700000000	0.0841208503
1505.6800000000	0.0848341839
1505.6900000000	0.0846677542
1505.7000000000	0.0835737204
1505.7100000000	0.0818490406
1505.7200000000	0.0799375295
1505.7300000000	0.0780750733
1505.7400000000	0.0767190878
1505.7500000000	0.0758364496
1505.7600000000	0.0752854107
1505.7700000000	0.0750392792
1505.7800000000	0.0752675263
1505.7900000000	0.0758829365
1505.8000000000	0.0767981642
1505.8100000000	0.0780619283
1505.8200000000	0.0797809292
1505.8300000000	0.0815858803
1505.8400000000	0.0836596737
1505.8500000000	0.0853169327
1505.8600000000	0.0865609474
1505.8700000000	0.0870423255
1505.8800000000	0.0865507306
1505.8900000000	0.0855059387
1505.9000000000	0.0840760708
1505.9100000000	0.0824242641
1505.9200000000	0.0813534743
1505.9300000000	0.0808000068
1505.9400000000	0.0805954638
1505.9500000000	0.0810867457
1505.9600000000	0.0820835872
1505.9700000000	0.0834008137
1505.9800000000	0.0852322151
1505.9900000000	0.0873685859
1506.0000000000	0.0897456890
1506.0100000000	0.0923145098
1506.0200000000	0.0948196663
1506.0300000000	0.0967710280
1506.0400000000	0.0979853578
1506.0500000000	0.0983982300
1506.0600000000	0.0976736798
1506.0700000000	0.0960916359
1506.0800000000	0.0940445672
1506.0900000000	0.0917248155
1506.1000000000	0.0897998146
1506.1100000000	0.0881666219
1506.1200000000	0.0868057748
1506.1300000000	0.0862712384
1506.1400000000	0.0862669467
1506.1500000000	0.0865881335
1506.1600000000	0.0877807498
1506.1700000000	0.0891492305
1506.1800000000	0.0906776071
1506.1900000000	0.0922251851
1506.2000000000	0.0936605001
1506.2100000000	0.0947223182
1506.2200000000	0.0952786462
1506.2300000000	0.0949091940
1506.2400000000	0.0938155961
1506.2500000000	0.0922448833
1506.2600000000	0.0902207488
1506.2700000000	0.0884806105
1506.2800000000	0.0870103083
1506.2900000000	0.0855440038
1506.3000000000	0.0844746964
1506.3100000000	0.0838727833
1506.3200000000	0.0835668583
1506.3300000000	0.0837901898
1506.3400000000	0.0845499781
1506.3500000000	0.0855646071
1506.3600000000	0.0869112880
1506.3700000000	0.0885188401
1506.3800000000	0.0897284914
1506.3900000000	0.0909750323
1506.4000000000	0.0915881924
1506.4100000000	0.0910921833
1506.4200000000	0.0900563073
1506.4300000000	0.0884618438
1506.4400000000	0.0866402267
1506.4500000000	0.0850169520
1506.4600000000	0.0838591927
1506.4700000000	0.0831591024
1506.4800000000	0.0831912825
1506.4900000000	0.0835488376
1506.5000000000	0.0842529434
1506.5100000000	0.0851861156
1506.5200000000	0.0864225116
1506.5300000000	0.0877223961
1506.5400000000	0.0891726601
1506.5500000000	0.0906445575
1506.5600000000	0.0921168261
1506.5700000000	0.0931914372
1506.5800000000	0.0936606098
1506.5900000000	0.0936367948
1506.6000000000	0.0930116403
1506.6100000000	0.0918207952
1506.6200000000	0.0903369582
1506.6300000000	0.0888568672
1506.6400000000	0.0875022156
1506.6500000000	0.0868738379
1506.6600000000	0.0867346243
1506.6700000000	0.0872809031
1506.6800000000	0.0884609227
1506.6900000000	0.0901999274
1506.7000000000	0.0924554437
1506.7100000000	0.0947560566
1506.7200000000	0.0970653108
1506.7300000000	0.0993388602
1506.7400000000	0.1013178168
1506.7500000000	0.1024500662
1506.7600000000	0.1030219765
1506.7700000000	0.1027739636
1506.7800000000	0.1016968078
1506.7900000000	0.1004312304
1506.8000000000	0.0989247510
1506.8100000000	0.0970178126
1506.8200000000	0.0955072334
1506.8300000000	0.0944475195
1506.8400000000	0.0938769869
1506.8500000000	0.0938152402
1506.8600000000	0.0943746679
1506.8700000000	0.0953576309
1506.8800000000	0.0966235796
1506.8900000000	0.0980339610
1506.9000000000	0.0994163764
1506.9100000000	0.1010465729
1506.9200000000	0.1019663177
1506.9300000000	0.1019130649
1506.9400000000	0.1013283301
1506.9500000000	0.0998125932
1506.9600000000	0.0977962878
1506.9700000000	0.0958192398
1506.9800000000	0.0935996145
1506.9900000000	0.0918596461
1507.0000000000	0.0905761960
1507.0100000000	0.0896035311
1507.0200000000	0.0892535210
1507.0300000000	0.0895208547
1507.0400000000	0.0898908639
1507.0500000000	0.0906005208
1507.0600000000	0.0917767726
1507.0700000000	0.0929509575
1507.0800000000	0.0943699772
1507.0900000000	0.0957213200
1507.1000000000	0.0964629173
1507.1100000000	0.0967471490
1507.1200000000	0.0963313063
1507.1300000000	0.0950319862
1507.1400000000	0.0933868643
1507.1500000000	0.0911527174
1507.1600000000	0.0888620484
1507.1700000000	0.0870987819
1507.1800000000	0.0856827060
1507.1900000000	0.0848867965
1507.2000000000	0.0848167186
1507.2100000000	0.0851939288
1507.2200000000	0.0861146202
1507.2300000000	0.0875562614
1507.2400000000	0.0891895618
1507.2500000000	0.0909540990
1507.2600000000	0.0926552806
1507.2700000000	0.0938330373
1507.2800000000	0.0945339636
1507.2900000000	0.0944894374
1507.3000000000	0.0935334078
1507.3100000000	0.0920086841
1507.3200000000	0.0902386237
1507.3300000000	0.0879375480
1507.3400000000	0.0861271314
1507.3500000000	0.0846752629
1507.3600000000	0.0836954277
1507.3700000000	0.0833378872
1507.3800000000	0.0834514810
1507.3900000000	0.0841045881
1507.4000000000	0.0851375541
1507.4100000000	0.0862100850
1507.4200000000	0.0875190003
1507.4300000000	0.0889385416
1507.4400000000	0.0903466407
1507.4500000000	0.0915988036
1507.4600000000	0.0924048866
1507.4700000000	0.0922146464
1507.4800000000	0.0913452279
1507.4900000000	0.0901551975
1507.5000000000	0.0885925138
1507.5100000000	0.0870832283
1507.5200000000	0.0858563572
1507.5300000000	0.0850981305
1507.5400000000	0.0848949512
1507.5500000000	0.0850857583
1507.5600000000	0.0858225261
1507.5700000000	0.0869642783
1507.5800000000	0.0882060029
1507.5900000000	0.0895821664
1507.6000000000	0.0910559417
1507.6100000000	0.0927057285
1507.6200000000	0.0941312394
1507.6300000000	0.0954458762
1507.6400000000	0.0963652713
1507.6500000000	0.0964733937
1507.6600000000	0.0955917413
1507.6700000000	0.0940532576
1507.6800000000	0.0920064392
1507.6900000000	0.0898401016
1507.7000000000	0.0880421336
1507.7100000000	0.0868949831
1507.7200000000	0.0864173802
1507.7300000000	0.0867268278
1507.7400000000	0.0876714039
1507.7500000000	0.0891945732
1507.7600000000	0.0910395436
1507.7700000000	0.0932921219
1507.7800000000	0.0956296402
1507.7900000000	0.0976827225
1507.8000000000	0.0993508404
1507.8100000000	0.1004535764
1507.8200000000	0.1006961697
1507.8300000000	0.0997992558
1507.8400000000	0.0980511336
1507.8500000000	0.0955555587
1507.8600000000	0.0925702175
1507.8700000000	0.0897491354
1507.8800000000	0.0872898988
1507.8900000000	0.0856154785
1507.9000000000	0.0845515897
1507.9100000000	0.0844253075
1507.9200000000	0.0850305572
1507.9300000000	0.0861302825
1507.9400000000	0.0874014528
1507.9500000000	0.0889210489
1507.9600000000	0.0907105976
1507.9700000000	0.0926324363
1507.9800000000	0.0945701093
1507.9900000000	0.0959974013
1508.0000000000	0.0966723905
1508.0100000000	0.0966555799
1508.0200000000	0.0956854416
1508.0300000000	0.0940413730
1508.0400000000	0.0920711601
1508.0500000000	0.0899566390
1508.0600000000	0.0879707779
1508.0700000000	0.0862908354
1508.0800000000	0.0853550976
1508.0900000000	0.0851859258
1508.1000000000	0.0855592552
1508.1100000000	0.0863760185
1508.1200000000	0.0875334971
1508.1300000000	0.0887603948
1508.1400000000	0.0901608047
1508.1500000000	0.0917553938
1508.1600000000	0.0934383369
1508.1700000000	0.0949270711
1508.1800000000	0.0958569307
1508.1900000000	0.0960829727
1508.2000000000	0.0954318827
1508.2100000000	0.0938824038
1508.2200000000	0.0918923033
1508.2300000000	0.0897683890
1508.2400000000	0.0878301609
1508.2500000000	0.0867103078
1508.2600000000	0.0863062554
1508.2700000000	0.0867335849
1508.2800000000	0.0877888736
1508.2900000000	0.0894912420
1508.3000000000	0.0917403468
1508.3100000000	0.0939716073
1508.3200000000	0.0965273654
1508.3300000000	0.0992991171
1508.3400000000	0.1018088607
1508.3500000000	0.1040547197
1508.3600000000	0.1054935538
1508.3700000000	0.1062102362
1508.3800000000	0.1059557322
1508.3900000000	0.1047877330
1508.4000000000	0.1027290927
1508.4100000000	0.1003414428
1508.4200000000	0.0979415307
1508.4300000000	0.0958844842
1508.4400000000	0.0948441180
1508.4500000000	0.0947610766
1508.4600000000	0.0954824855
1508.4700000000	0.0966405765
1508.4800000000	0.0982048776
1508.4900000000	0.0998567644
1508.5000000000	0.1015512840
1508.5100000000	0.1032808505
1508.5200000000	0.1046982231
1508.5300000000	0.1057658288
1508.5400000000	0.1064436656
1508.5500000000	0.1064684914
1508.5600000000	0.1060804779
1508.5700000000	0.1052250485
1508.5800000000	0.1040773088
1508.5900000000	0.1023646316
1508.6000000000	0.1008343144
1508.6100000000	0.0996651137
1508.6200000000	0.0990358139
1508.6300000000	0.0991146695
1508.6400000000	0.0999910229
1508.6500000000	0.1014367175
1508.6600000000	0.1032697897
1508.6700000000	0.1054272615
1508.6800000000	0.1074034085
1508.6900000000	0.1091592614
1508.7000000000	0.1105089745
1508.7100000000	0.1111461971
1508.7200000000	0.1111067721
1508.7300000000	0.1104289670
1508.7400000000	0.1090849147
1508.7500000000	0.1072989496
1508.7600000000	0.1052705344
1508.7700000000	0.1033089588
1508.7800000000	0.1015925731
1508.7900000000	0.1004163658
1508.8000000000	0.0998426035
1508.8100000000	0.0998560977
1508.8200000000	0.1003495549
1508.8300000000	0.1010830596
1508.8400000000	0.1021379403
1508.8500000000	0.1035696329
1508.8600000000	0.1050185039
1508.8700000000	0.1064085356
1508.8800000000	0.1075206512
1508.8900000000	0.1081519586
1508.9000000000	0.1080887291
1508.9100000000	0.1071977498
1508.9200000000	0.1055538728
1508.9300000000	0.1034359999
1508.9400000000	0.1010279262
1508.9500000000	0.0988350400
1508.9600000000	0.0972761946
1508.9700000000	0.0964845869
1508.9800000000	0.0966796084
1508.9900000000	0.0974644545
1509.0000000000	0.0985598304
1509.0100000000	0.0998730181
1509.0200000000	0.1011936614
1509.0300000000	0.1024549698
1509.0400000000	0.1036220568
1509.0500000000	0.1046963073
1509.0600000000	0.1055927230
1509.0700000000	0.1060358157
1509.0800000000	0.1061606729
1509.0900000000	0.1055737734
1509.1000000000	0.1044713535
1509.1100000000	0.1027095167
1509.1200000000	0.1004328182
1509.1300000000	0.0984984301
1509.1400000000	0.0972167189
1509.1500000000	0.0966274950
1509.1600000000	0.0972838561
1509.1700000000	0.0987469004
1509.1800000000	0.1007095676
1509.1900000000	0.1029949376
1509.2000000000	0.1051748783
1509.2100000000	0.1067959054
1509.2200000000	0.1076628341
1509.2300000000	0.1079460152
1509.2400000000	0.1076571114
1509.2500000000	0.1069184035
1509.2600000000	0.1059471740
1509.2700000000	0.1046532678
1509.2800000000	0.1028773631
1509.2900000000	0.1009357920
1509.3000000000	0.0991536947
1509.3100000000	0.0975239063
1509.3200000000	0.0965662898
1509.3300000000	0.0965153403
1509.3400000000	0.0972030209
1509.3500000000	0.0987711101
1509.3600000000	0.1010545675
1509.3700000000	0.1037254697
1509.3800000000	0.1062937587
1509.3900000000	0.1087608501
1509.4000000000	0.1107107639
1509.4100000000	0.1119781147
1509.4200000000	0.1125304206
1509.4300000000	0.1120223638
1509.4400000000	0.1106268388
1509.4500000000	0.1086679152
1509.4600000000	0.1060298957
1509.4700000000	0.1031189810
1509.4800000000	0.1001585339
1509.4900000000	0.0971915750
1509.5000000000	0.0946970754
1509.5100000000	0.0931924376
1509.5200000000	0.0924500306
1509.5300000000	0.0926685187
1509.5400000000	0.0935554225
1509.5500000000	0.0947866175
1509.5600000000	0.0962957536
1509.5700000000	0.0978710077
1509.5800000000	0.0991374169
1509.5900000000	0.1000620929
1509.6000000000	0.1003501886
1509.6100000000	0.0999158819
1509.6200000000	0.0985918766
1509.6300000000	0.0968515803
1509.6400000000	0.0943094104
1509.6500000000	0.0913604864
1509.6600000000	0.0886060567
1509.6700000000	0.0856751369
1509.6800000000	0.0835825256
1509.6900000000	0.0824534118
1509.7000000000	0.0820441968
1509.7100000000	0.0825072029
1509.7200000000	0.0836340315
1509.7300000000	0.0852209826
1509.7400000000	0.0872557772
1509.7500000000	0.0892321237
1509.7600000000	0.0910241594
1509.7700000000	0.0926356495
1509.7800000000	0.0937119816
1509.7900000000	0.0941910999
1509.8000000000	0.0943325904
1509.8100000000	0.0936101681
1509.8200000000	0.0924763536
1509.8300000000	0.0910882327
1509.8400000000	0.0893865799
1509.8500000000	0.0877000130
1509.8600000000	0.0865081695
1509.8700000000	0.0858309933
1509.8800000000	0.0859436722
1509.8900000000	0.0868938918
1509.9000000000	0.0884353327
1509.9100000000	0.0901853495
1509.9200000000	0.0924196938
1509.9300000000	0.0941359467
1509.9400000000	0.0959236932
1509.9500000000	0.0973607466
1509.9600000000	0.0979302095
1509.9700000000	0.0981534497
1509.9800000000	0.0977873030
1509.9900000000	0.0966745601
1510.0000000000	0.0954624896
1510.0100000000	0.0940413121
1510.0200000000	0.0924692555
1510.0300000000	0.0915760772
1510.0400000000	0.0911682582
1510.0500000000	0.0914932424
1510.0600000000	0.0928000597
1510.0700000000	0.0944577332
1510.0800000000	0.0964178058
1510.0900000000	0.0987868351
1510.1000000000	0.1007582239
1510.1100000000	0.1026685460
1510.1200000000	0.1044406454
1510.1300000000	0.1050226763
1510.1400000000	0.1052084818
1510.1500000000	0.1049579575
1510.1600000000	0.1035948054
1510.1700000000	0.1017946925
1510.1800000000	0.0995822604
1510.1900000000	0.0961671383
1510.2000000000	0.0931144246
1510.2100000000	0.0906722571
1510.2200000000	0.0890566024
1510.2300000000	0.0887142536
1510.2400000000	0.0892753378
1510.2500000000	0.0905671540
1510.2600000000	0.0926158069
1510.2700000000	0.0948371824
1510.2800000000	0.0971393699
1510.2900000000	0.0993265753
1510.3000000000	0.1008363891
1510.3100000000	0.1017267249
1510.3200000000	0.1021745051
1510.3300000000	0.1015282417
1510.3400000000	0.1003311421
1510.3500000000	0.0986566611
1510.3600000000	0.0960938935
1510.3700000000	0.0931960421
1510.3800000000	0.0902624575
1510.3900000000	0.0875104052
1510.4000000000	0.0855064274
1510.4100000000	0.0845965320
1510.4200000000	0.0848016143
1510.4300000000	0.0860716630
1510.4400000000	0.0884694973
1510.4500000000	0.0914520724
1510.4600000000	0.0946431468
1510.4700000000	0.0977785882
1510.4800000000	0.1004063563
1510.4900000000	0.1025581017
1510.5000000000	0.1037371093
1510.5100000000	0.1039915975
1510.5200000000	0.1034210862
1510.5300000000	0.1019273160
1510.5400000000	0.0996828482
1510.5500000000	0.0971214982
1510.5600000000	0.0944737047
1510.5700000000	0.0920548484
1510.5800000000	0.0902358778
1510.5900000000	0.0892596145
1510.6000000000	0.0893512794
1510.6100000000	0.0904201504
1510.6200000000	0.0921217340
1510.6300000000	0.0945400829
1510.6400000000	0.0973546220
1510.6500000000	0.1001265575
1510.6600000000	0.1026944222
1510.6700000000	0.1049397187
1510.6800000000	0.1068727191
1510.6900000000	0.1081834256
1510.7000000000	0.1089295443
1510.7100000000	0.1086879169
1510.7200000000	0.1075264407
1510.7300000000	0.1057699214
1510.7400000000	0.1034694538
1510.7500000000	0.1014306947
1510.7600000000	0.1000394407
1510.7700000000	0.0995169152
1510.7800000000	0.1000680740
1510.7900000000	0.1015315954
1510.8000000000	0.1039257064
1510.8100000000	0.1068976746
1510.8200000000	0.1100530031
1510.8300000000	0.1127630416
1510.8400000000	0.1151302389
1510.8500000000	0.1169285079
1510.8600000000	0.1179741728
1510.8700000000	0.1181970230
1510.8800000000	0.1177743958
1510.8900000000	0.1166373734
1510.9000000000	0.1149976488
1510.9100000000	0.1129134129
1510.9200000000	0.1102436450
1510.9300000000	0.1075186396
1510.9400000000	0.1053559063
1510.9500000000	0.1035403139
1510.9600000000	0.1027681506
1510.9700000000	0.1030298448
1510.9800000000	0.1039941006
1510.9900000000	0.1054398821
1511.0000000000	0.1069577382
1511.0100000000	0.1082641825
1511.0200000000	0.1092148610
1511.0300000000	0.1093809998
1511.0400000000	0.1087698116
1511.0500000000	0.1074563673
1511.0600000000	0.1054180215
1511.0700000000	0.1030222641
1511.0800000000	0.1003279297
1511.0900000000	0.0973538990
1511.1000000000	0.0941793783
1511.1100000000	0.0910974713
1511.1200000000	0.0888409916
1511.1300000000	0.0873825059
1511.1400000000	0.0867775304
1511.1500000000	0.0870277368
1511.1600000000	0.0881090913
1511.1700000000	0.0895911369
1511.1800000000	0.0914249157
1511.1900000000	0.0930402114
1511.2000000000	0.0944219792
1511.2100000000	0.0949834085
1511.2200000000	0.0947846401
1511.2300000000	0.0941662769
1511.2400000000	0.0928720995
1511.2500000000	0.0911682622
1511.2600000000	0.0891406928
1511.2700000000	0.0870133627
1511.2800000000	0.0852646820
1511.2900000000	0.0839002088
1511.3000000000	0.0830105822
1511.3100000000	0.0825849430
1511.3200000000	0.0829958050
1511.3300000000	0.0837502774
1511.3400000000	0.0847442466
1511.3500000000	0.0859463055
1511.3600000000	0.0873424578
1511.3700000000	0.0885457613
1511.3800000000	0.0894438450
1511.3900000000	0.0900115841
1511.4000000000	0.0901584479
1511.4100000000	0.0898381649
1511.4200000000	0.0889871904
1511.4300000000	0.0877314789
1511.4400000000	0.0861482334
1511.4500000000	0.0842760928
1511.4600000000	0.0825784454
1511.4700000000	0.0814160358
1511.4800000000	0.0809065241
1511.4900000000	0.0815054354
1511.5000000000	0.0831258321
1511.5100000000	0.0854286787
1511.5200000000	0.0882420642
1511.5300000000	0.0913215465
1511.5400000000	0.0944514280
1511.5500000000	0.0971803888
1511.5600000000	0.0997365246
1511.5700000000	0.1020150407
1511.5800000000	0.1034953718
1511.5900000000	0.1043102645
1511.6000000000	0.1044868965
1511.6100000000	0.1041213164
1511.6200000000	0.1030520091
1511.6300000000	0.1015292314
1511.6400000000	0.0996949426
1511.6500000000	0.0981120566
1511.6600000000	0.0968715764
1511.6700000000	0.0962726706
1511.6800000000	0.0967023629
1511.6900000000	0.0978852238
1511.7000000000	0.0997101658
1511.7100000000	0.1019816451
1511.7200000000	0.1042830170
1511.7300000000	0.1062693735
1511.7400000000	0.1073848265
1511.7500000000	0.1077865505
1511.7600000000	0.1076761657
1511.7700000000	0.1072258980
1511.7800000000	0.1064781046
1511.7900000000	0.1050781112
1511.8000000000	0.1033839968
1511.8100000000	0.1014102950
1511.8200000000	0.0995717294
1511.8300000000	0.0980242278
1511.8400000000	0.0969228309
1511.8500000000	0.0968894159
1511.8600000000	0.0975569677
1511.8700000000	0.0992183839
1511.8800000000	0.1015888276
1511.8900000000	0.1042890158
1511.9000000000	0.1072907173
1511.9100000000	0.1099124609
1511.9200000000	0.1117827065
1511.9300000000	0.1128258824
1511.9400000000	0.1131527304
1511.9500000000	0.1126596721
1511.9600000000	0.1115240077
1511.9700000000	0.1097427024
1511.9800000000	0.1075696595
1511.9900000000	0.1053944828
1512.0000000000	0.1031130387
1512.0100000000	0.1011887341
1512.0200000000	0.0998957773
1512.0300000000	0.0994566004
1512.0400000000	0.0998928844
1512.0500000000	0.1013389794
1512.0600000000	0.1035348558
1512.0700000000	0.1057903914
1512.0800000000	0.1081849685
1512.0900000000	0.1102149971
1512.1000000000	0.1114855256
1512.1100000000	0.1122501822
1512.1200000000	0.1123019436
1512.1300000000	0.1115037569
1512.1400000000	0.1100830828
1512.1500000000	0.1080122569
1512.1600000000	0.1056613867
1512.1700000000	0.1033062192
1512.1800000000	0.1011063525
1512.1900000000	0.0993952322
1512.2000000000	0.0985849069
1512.2100000000	0.0986064292
1512.2200000000	0.0996163349
1512.2300000000	0.1016399116
1512.2400000000	0.1044265847
1512.2500000000	0.1079005423
1512.2600000000	0.1113867377
1512.2700000000	0.1142856001
1512.2800000000	0.1164042595
1512.2900000000	0.1176735561
1512.3000000000	0.1180454099
1512.3100000000	0.1175162339
1512.3200000000	0.1163255918
1512.3300000000	0.1143662099
1512.3400000000	0.1121505223
1512.3500000000	0.1099390492
1512.3600000000	0.1075331008
1512.3700000000	0.1057045768
1512.3800000000	0.1040650809
1512.3900000000	0.1027808171
1512.4000000000	0.1026329273
1512.4100000000	0.1031681905
1512.4200000000	0.1044362583
1512.4300000000	0.1064581530
1512.4400000000	0.1089244148
1512.4500000000	0.1111571505
1512.4600000000	0.1132847722
1512.4700000000	0.1148675316
1512.4800000000	0.1154573071
1512.4900000000	0.1153923877
1512.5000000000	0.1142815252
1512.5100000000	0.1126142711
1512.5200000000	0.1107521706
1512.5300000000	0.1087148397
1512.5400000000	0.1068527392
1512.5500000000	0.1053838546
1512.5600000000	0.1045253614
1512.5700000000	0.1043012387
1512.5800000000	0.1050449156
1512.5900000000	0.1062103849
1512.6000000000	0.1076642105
1512.6100000000	0.1094883968
1512.6200000000	0.1111257651
1512.6300000000	0.1125405451
1512.6400000000	0.1136309916
1512.6500000000	0.1141144900
1512.6600000000	0.1139371435
1512.6700000000	0.1129529066
1512.6800000000	0.1110921895
1512.6900000000	0.1086954391
1512.7000000000	0.1059066108
1512.7100000000	0.1029542917
1512.7200000000	0.1003121755
1512.7300000000	0.0983606932
1512.7400000000	0.0970245869
1512.7500000000	0.0969255733
1512.7600000000	0.0976399460
1512.7700000000	0.0991347299
1512.7800000000	0.1013019244
1512.7900000000	0.1037320526
1512.8000000000	0.1059380578
1512.8100000000	0.1077315674
1512.8200000000	0.1091394321
1512.8300000000	0.1096336936
1512.8400000000	0.1097545752
1512.8500000000	0.1091131391
1512.8600000000	0.1078431094
1512.8700000000	0.1063788403
1512.8800000000	0.1043414847
1512.8900000000	0.1021182795
1512.9000000000	0.1004543821
1512.9100000000	0.0989738261
1512.9200000000	0.0982389347
1512.9300000000	0.0985374737
1512.9400000000	0.0996101239
1512.9500000000	0.1013085661
1512.9600000000	0.1034838137
1512.9700000000	0.1057121213
1512.9800000000	0.1076237834
1512.9900000000	0.1094725937
1513.0000000000	0.1105171244
1513.0100000000	0.1107651348
1513.0200000000	0.1107389550
1513.0300000000	0.1102888602
1513.0400000000	0.1095832367
1513.0500000000	0.1084937360
1513.0600000000	0.1071211983
1513.0700000000	0.1056724479
1513.0800000000	0.1041961390
1513.0900000000	0.1029714315
1513.1000000000	0.1024390804
1513.1100000000	0.1025397225
1513.1200000000	0.1034667064
1513.1300000000	0.1054107334
1513.1400000000	0.1079215419
1513.1500000000	0.1109773445
1513.1600000000	0.1142436969
1513.1700000000	0.1171947288
1513.1800000000	0.1195611062
1513.1900000000	0.1211403782
1513.2000000000	0.1217718416
1513.2100000000	0.1215422744
1513.2200000000	0.1203033593
1513.2300000000	0.1182641325
1513.2400000000	0.1158635490
1513.2500000000	0.1137597503
1513.2600000000	0.1119987165
1513.2700000000	0.1111810429
1513.2800000000	0.1112117430
1513.2900000000	0.1119644034
1513.3000000000	0.1136070208
1513.3100000000	0.1160129908
1513.3200000000	0.1183572991
1513.3300000000	0.1207662367
1513.3400000000	0.1225894816
1513.3500000000	0.1235101841
1513.3600000000	0.1239227662
1513.3700000000	0.1235679329
1513.3800000000	0.1222058295
1513.3900000000	0.1203739213
1513.4000000000	0.1178804855
1513.4100000000	0.1148704306
1513.4200000000	0.1120965905
1513.4300000000	0.1091010927
1513.4400000000	0.1062140282
1513.4500000000	0.1042741505
1513.4600000000	0.1030280234
1513.4700000000	0.1029010621
1513.4800000000	0.1040693698
1513.4900000000	0.1060073796
1513.5000000000	0.1082100680
1513.5100000000	0.1107203740
1513.5200000000	0.1127613923
1513.5300000000	0.1140962559
1513.5400000000	0.1148334862
1513.5500000000	0.1144271711
1513.5600000000	0.1132005928
1513.5700000000	0.1112691667
1513.5800000000	0.1085311100
1513.5900000000	0.1054429894
1513.6000000000	0.1022442236
1513.6100000000	0.0990800658
1513.6200000000	0.0962680031
1513.6300000000	0.0941272490
1513.6400000000	0.0925934968
1513.6500000000	0.0919321548
1513.6600000000	0.0923665634
1513.6700000000	0.0937149090
1513.6800000000	0.0959370552
1513.6900000000	0.0985233539
1513.7000000000	0.1010387875
1513.7100000000	0.1029317064
1513.7200000000	0.1043123517
1513.7300000000	0.1051243431
1513.7400000000	0.1051141925
1513.7500000000	0.1041312390
1513.7600000000	0.1023319401
1513.7700000000	0.0998818729
1513.7800000000	0.0973258548
1513.7900000000	0.0948941571
1513.8000000000	0.0926487358
1513.8100000000	0.0909600383
1513.8200000000	0.0899765501
1513.8300000000	0.0901129373
1513.8400000000	0.0913915517
1513.8500000000	0.0937529508
1513.8600000000	0.0968707038
1513.8700000000	0.1002386040
1513.8800000000	0.1035213371
1513.8900000000	0.1064100762
1513.9000000000	0.1087555027
1513.9100000000	0.1103071870
1513.9200000000	0.1107939129
1513.9300000000	0.1103945254
1513.9400000000	0.1093835302
1513.9500000000	0.1073935232
1513.9600000000	0.1052239694
1513.9700000000	0.1029707090
1513.9800000000	0.1007081198
1513.9900000000	0.0987916425
1514.0000000000	0.0974187157
1514.0100000000	0.0971096451
1514.0200000000	0.0981667848
1514.0300000000	0.1002099405
1514.0400000000	0.1029804711
1514.0500000000	0.1060117606
1514.0600000000	0.1092451968
1514.0700000000	0.1123499061
1514.0800000000	0.1147905035
1514.0900000000	0.1164467957
1514.1000000000	0.1172220813
1514.1100000000	0.1169528421
1514.1200000000	0.1157678089
1514.1300000000	0.1140268133
1514.1400000000	0.1119185114
1514.1500000000	0.1096117948
1514.1600000000	0.1073697759
1514.1700000000	0.1052088004
1514.1800000000	0.1036423907
1514.1900000000	0.1027616040
1514.2000000000	0.1031104912
1514.2100000000	0.1043619122
1514.2200000000	0.1070026928
1514.2300000000	0.1100663208
1514.2400000000	0.1131056711
1514.2500000000	0.1163231075
1514.2600000000	0.1189515284
1514.2700000000	0.1206749312
1514.2800000000	0.1216048440
1514.2900000000	0.1212816394
1514.3000000000	0.1202086073
1514.3100000000	0.1186675246
1514.3200000000	0.1167103215
1514.3300000000	0.1144126931
1514.3400000000	0.1121482365
1514.3500000000	0.1101510067
1514.3600000000	0.1086325140
1514.3700000000	0.1079273220
1514.3800000000	0.1081266649
1514.3900000000	0.1090654007
1514.4000000000	0.1106126618
1514.4100000000	0.1124773148
1514.4200000000	0.1144113001
1514.4300000000	0.1161917643
1514.4400000000	0.1174030657
1514.4500000000	0.1179357413
1514.4600000000	0.1176914421
1514.4700000000	0.1165211540
1514.4800000000	0.1147116064
1514.4900000000	0.1125959662
1514.5000000000	0.1101769309
1514.5100000000	0.1075933338
1514.5200000000	0.1051139275
1514.5300000000	0.1032398131
1514.5400000000	0.1020696889
1514.5500000000	0.1017524925
1514.5600000000	0.1024318466
1514.5700000000	0.1036800854
1514.5800000000	0.1053856822
1514.5900000000	0.1071486516
1514.6000000000	0.1086204275
1514.6100000000	0.1097219426
1514.6200000000	0.1101398841
1514.6300000000	0.1098634843
1514.6400000000	0.1088616700
1514.6500000000	0.1070455756
1514.6600000000	0.1047139126
1514.6700000000	0.1018604438
1514.6800000000	0.0987630757
1514.6900000000	0.0956494545
1514.7000000000	0.0929288410
1514.7100000000	0.0905488648
1514.7200000000	0.0889271335
1514.7300000000	0.0882678031
1514.7400000000	0.0887470750
1514.7500000000	0.0903194506
1514.7600000000	0.0926914257
1514.7700000000	0.0955207061
1514.7800000000	0.0981113313
1514.7900000000	0.1002297942
1514.8000000000	0.1017163988
1514.8100000000	0.1021928963
1514.8200000000	0.1019005923
1514.8300000000	0.1007316724
1514.8400000000	0.0989863568
1514.8500000000	0.0969172521
1514.8600000000	0.0946241195
1514.8700000000	0.0924412889
1514.8800000000	0.0904956353
1514.8900000000	0.0889089578
1514.9000000000	0.0878747403
1514.9100000000	0.0875110168
1514.9200000000	0.0879088100
1514.9300000000	0.0889987735
1514.9400000000	0.0906472518
1514.9500000000	0.0928465654
1514.9600000000	0.0952844825
1514.9700000000	0.0976414057
1514.9800000000	0.0997058832
1514.9900000000	0.1012749319
1515.0000000000	0.1020771584
1515.0100000000	0.1022920487
1515.0200000000	0.1017875409
1515.0300000000	0.1004772921
1515.0400000000	0.0987145263
1515.0500000000	0.0966607200
1515.0600000000	0.0946304938
1515.0700000000	0.0929989247
1515.0800000000	0.0921272825
1515.0900000000	0.0920346081
1515.1000000000	0.0930285982
1515.1100000000	0.0950095936
1515.1200000000	0.0973753573
1515.1300000000	0.0999640307
1515.1400000000	0.1022727449
1515.1500000000	0.1040603573
1515.1600000000	0.1053934721
1515.1700000000	0.1059709030
1515.1800000000	0.1058151364
1515.1900000000	0.1049479411
1515.2000000000	0.1033809501
1515.2100000000	0.1013227302
1515.2200000000	0.0988699292
1515.2300000000	0.0965744432
1515.2400000000	0.0941788399
1515.2500000000	0.0921765575
1515.2600000000	0.0907411256
1515.2700000000	0.0901674959
1515.2800000000	0.0909168180
1515.2900000000	0.0930655654
1515.3000000000	0.0960143200
1515.3100000000	0.0993883717
1515.3200000000	0.1028598460
1515.3300000000	0.1058793673
1515.3400000000	0.1082519356
1515.3500000000	0.1096782377
1515.3600000000	0.1100670478
1515.3700000000	0.1093918374
1515.3800000000	0.1077141348
1515.3900000000	0.1054791775
1515.4000000000	0.1029153583
1515.4100000000	0.1000998987
1515.4200000000	0.0972713944
1515.4300000000	0.0946241387
1515.4400000000	0.0924306979
1515.4500000000	0.0909616387
1515.4600000000	0.0905095042
1515.4700000000	0.0910642505
1515.4800000000	0.0925180138
1515.4900000000	0.0949268830
1515.5000000000	0.0978257195
1515.5100000000	0.1007064933
1515.5200000000	0.1032251234
1515.5300000000	0.1052842462
1515.5400000000	0.1065026575
1515.5500000000	0.1068166047
1515.5600000000	0.1064710923
1515.5700000000	0.1057778182
1515.5800000000	0.1049574673
1515.5900000000	0.1039788188
1515.6000000000	0.1030707571
1515.6100000000	0.1022209441
1515.6200000000	0.1015298276
1515.6300000000	0.1013050302
1515.6400000000	0.1015372618
1515.6500000000	0.1023182087
1515.6600000000	0.1035448420
1515.6700000000	0.1050111881
1515.6800000000	0.1066365437
1515.6900000000	0.1081195425
1515.7000000000	0.1093622142
1515.7100000000	0.1100929543
1515.7200000000	0.1100953839
1515.7300000000	0.1092430356
1515.7400000000	0.1078392861
1515.7500000000	0.1059277859
1515.7600000000	0.1037267370
1515.7700000000	0.1015800229
1515.7800000000	0.0995461222
1515.7900000000	0.0976232135
1515.8000000000	0.0963354612
1515.8100000000	0.0959940659
1515.8200000000	0.0965353572
1515.8300000000	0.0979386058
1515.8400000000	0.1001139943
1515.8500000000	0.1026607426
1515.8600000000	0.1054203347
1515.8700000000	0.1081154788
1515.8800000000	0.1103797255
1515.8900000000	0.1122269706
1515.9000000000	0.1132425658
1515.9100000000	0.1135044479
1515.9200000000	0.1133040831
1515.9300000000	0.1125012731
1515.9400000000	0.1110803797
1515.9500000000	0.1089995751
1515.9600000000	0.1068028261
1515.9700000000	0.1044229126
1515.9800000000	0.1023767858
1515.9900000000	0.1011493626
1516.0000000000	0.1008021377
1516.0100000000	0.1015343989
1516.0200000000	0.1033329239
1516.0300000000	0.1057153384
1516.0400000000	0.1084455347
1516.0500000000	0.1111384645
1516.0600000000	0.1131565787
1516.0700000000	0.1142830514
1516.0800000000	0.1143855266
1516.0900000000	0.1134260386
1516.1000000000	0.1119580631
1516.1100000000	0.1101133863
1516.1200000000	0.1079038656
1516.1300000000	0.1056140725
1516.1400000000	0.1032232495
1516.1500000000	0.1011838294
1516.1600000000	0.0998116325
1516.1700000000	0.0990756525
1516.1800000000	0.0991919272
1516.1900000000	0.1003758935
1516.2000000000	0.1023764919
1516.2100000000	0.1047552214
1516.2200000000	0.1076582579
1516.2300000000	0.1108296209
1516.2400000000	0.1130017912
1516.2500000000	0.1145413055
1516.2600000000	0.1148450433
1516.2700000000	0.1136763217
1516.2800000000	0.1116953055
1516.2900000000	0.1092560432
1516.3000000000	0.1064090825
1516.3100000000	0.1037574637
1516.3200000000	0.1010123440
1516.3300000000	0.0985812471
1516.3400000000	0.0969365305
1516.3500000000	0.0957492171
1516.3600000000	0.0954181711
1516.3700000000	0.0961539597
1516.3800000000	0.0974997820
1516.3900000000	0.0996617362
1516.4000000000	0.1023017032
1516.4100000000	0.1048285150
1516.4200000000	0.1068929141
1516.4300000000	0.1082772727
1516.4400000000	0.1088440094
1516.4500000000	0.1085165288
1516.4600000000	0.1077701006
1516.4700000000	0.1061066914
1516.4800000000	0.1042174606
1516.4900000000	0.1021862132
1516.5000000000	0.0998769418
1516.5100000000	0.0977359867
1516.5200000000	0.0958111175
1516.5300000000	0.0939791085
1516.5400000000	0.0930244183
1516.5500000000	0.0930436762
1516.5600000000	0.0939786885
1516.5700000000	0.0959955915
1516.5800000000	0.0986817982
1516.5900000000	0.1016373694
1516.6000000000	0.1047091999
1516.6100000000	0.1072019477
1516.6200000000	0.1089125731
1516.6300000000	0.1098767924
1516.6400000000	0.1098389534
1516.6500000000	0.1090966148
1516.6600000000	0.1079617164
1516.6700000000	0.1064060842
1516.6800000000	0.1048621485
1516.6900000000	0.1033515808
1516.7000000000	0.1016400118
1516.7100000000	0.1001750842
1516.7200000000	0.0993711245
1516.7300000000	0.0990489776
1516.7400000000	0.0995349692
1516.7500000000	0.1010709791
1516.7600000000	0.1028067501
1516.7700000000	0.1050507433
1516.7800000000	0.1073605028
1516.7900000000	0.1092812249
1516.8000000000	0.1106581371
1516.8100000000	0.1112023256
1516.8200000000	0.1107219081
1516.8300000000	0.1096068638
1516.8400000000	0.1080038325
1516.8500000000	0.1060641549
1516.8600000000	0.1041477374
1516.8700000000	0.1023408610
1516.8800000000	0.1008446749
1516.8900000000	0.1000358901
1516.9000000000	0.0996821918
1516.9100000000	0.0998125969
1516.9200000000	0.1007163094
1516.9300000000	0.1021636768
1516.9400000000	0.1038201881
1516.9500000000	0.1055324782
1516.9600000000	0.1073168925
1516.9700000000	0.1086020740
1516.9800000000	0.1093038164
1516.9900000000	0.1096439214
1517.0000000000	0.1091982455
1517.0100000000	0.1084101970
1517.0200000000	0.1074368629
1517.0300000000	0.1063501772
1517.0400000000	0.1051948017
1517.0500000000	0.1038231110
1517.0600000000	0.1029215430
1517.0700000000	0.1024676580
1517.0800000000	0.1026245170
1517.0900000000	0.1038163548
1517.1000000000	0.1057620294
1517.1100000000	0.1081540652
1517.1200000000	0.1109001540
1517.1300000000	0.1136331221
1517.1400000000	0.1159644627
1517.1500000000	0.1175772410
1517.1600000000	0.1182633797
1517.1700000000	0.1180680637
1517.1800000000	0.1172668291
1517.1900000000	0.1162879477
1517.2000000000	0.1151373695
1517.2100000000	0.1139579233
1517.2200000000	0.1128001313
1517.2300000000	0.1114291541
1517.2400000000	0.1102035982
1517.2500000000	0.1090978444
1517.2600000000	0.1081444502
1517.2700000000	0.1079156247
1517.2800000000	0.1084018948
1517.2900000000	0.1096086246
1517.3000000000	0.1116989557
1517.3100000000	0.1143474971
1517.3200000000	0.1171641682
1517.3300000000	0.1194646613
1517.3400000000	0.1211511038
1517.3500000000	0.1218819380
1517.3600000000	0.1216416666
1517.3700000000	0.1206934464
1517.3800000000	0.1193584937
1517.3900000000	0.1175934890
1517.4000000000	0.1158924186
1517.4100000000	0.1145871709
1517.4200000000	0.1136457567
1517.4300000000	0.1133206424
1517.4400000000	0.1135197467
1517.4500000000	0.1142397158
1517.4600000000	0.1155165294
1517.4700000000	0.1172765439
1517.4800000000	0.1196320119
1517.4900000000	0.1223798716
1517.5000000000	0.1250240583
1517.5100000000	0.1274680721
1517.5200000000	0.1288802120
1517.5300000000	0.1291924450
1517.5400000000	0.1285873069
1517.5500000000	0.1271508203
1517.5600000000	0.1252214733
1517.5700000000	0.1226628415
1517.5800000000	0.1204145537
1517.5900000000	0.1182210828
1517.6000000000	0.1163467434
1517.6100000000	0.1151204124
1517.6200000000	0.1145398591
1517.6300000000	0.1146236490
1517.6400000000	0.1155074084
1517.6500000000	0.1168798334
1517.6600000000	0.1187822224
1517.6700000000	0.1210124950
1517.6800000000	0.1230779513
1517.6900000000	0.1249062602
1517.7000000000	0.1259344201
1517.7100000000	0.1259047342
1517.7200000000	0.1251181167
1517.7300000000	0.1236339449
1517.7400000000	0.1213524263
1517.7500000000	0.1186470173
1517.7600000000	0.1157678053
1517.7700000000	0.1131959921
1517.7800000000	0.1109390723
1517.7900000000	0.1094844588
1517.8000000000	0.1082706754
1517.8100000000	0.1077014435
1517.8200000000	0.1080761298
1517.8300000000	0.1089568487
1517.8400000000	0.1105420625
1517.8500000000	0.1123244321
1517.8600000000	0.1138745540
1517.8700000000	0.1149612120
1517.8800000000	0.1152658179
1517.8900000000	0.1149309285
1517.9000000000	0.1140158129
1517.9100000000	0.1126089509
1517.9200000000	0.1106743254
1517.9300000000	0.1085701891
1517.9400000000	0.1064430602
1517.9500000000	0.1043284949
1517.9600000000	0.1025387328
1517.9700000000	0.1009445926
1517.9800000000	0.0996305410
1517.9900000000	0.0989126956
1518.0000000000	0.0987249736
1518.0100000000	0.0991375344
1518.0200000000	0.0998564251
1518.0300000000	0.1013870853
1518.0400000000	0.1030097134
1518.0500000000	0.1044820581
1518.0600000000	0.1055017940
1518.0700000000	0.1056848560
1518.0800000000	0.1054435152
1518.0900000000	0.1045270558
1518.1000000000	0.1032779661
1518.1100000000	0.1017484346
1518.1200000000	0.1003501849
1518.1300000000	0.0992310524
1518.1400000000	0.0984124753
1518.1500000000	0.0981462380
1518.1600000000	0.0985410435
1518.1700000000	0.0996243529
1518.1800000000	0.1009689916
1518.1900000000	0.1026716984
1518.2000000000	0.1048267321
1518.2100000000	0.1071900422
1518.2200000000	0.1094016876
1518.2300000000	0.1111887628
1518.2400000000	0.1123782202
1518.2500000000	0.1128304371
1518.2600000000	0.1126942312
1518.2700000000	0.1115881115
1518.2800000000	0.1099732596
1518.2900000000	0.1081366323
1518.3000000000	0.1064303532
1518.3100000000	0.1052200374
1518.3200000000	0.1044834891
1518.3300000000	0.1043368859
1518.3400000000	0.1048513376
1518.3500000000	0.1059301444
1518.3600000000	0.1077494268
1518.3700000000	0.1103807008
1518.3800000000	0.1136855988
1518.3900000000	0.1170003191
1518.4000000000	0.1202241100
1518.4100000000	0.1231922617
1518.4200000000	0.1253668099
1518.4300000000	0.1267695734
1518.4400000000	0.1275074416
1518.4500000000	0.1272979537
1518.4600000000	0.1264542589
1518.4700000000	0.1252058335
1518.4800000000	0.1236827368
1518.4900000000	0.1222577162
1518.5000000000	0.1211317939
1518.5100000000	0.1202736759
1518.5200000000	0.1198230125
1518.5300000000	0.1200484126
1518.5400000000	0.1205154548
1518.5500000000	0.1216005097
1518.5600000000	0.1231255873
1518.5700000000	0.1247292539
1518.5800000000	0.1266754252
1518.5900000000	0.1285185011
1518.6000000000	0.1295580186
1518.6100000000	0.1296445936
1518.6200000000	0.1290391371
1518.6300000000	0.1275193468
1518.6400000000	0.1254516777
1518.6500000000	0.1230651113
1518.6600000000	0.1205757858
1518.6700000000	0.1185348203
1518.6800000000	0.1170073237
1518.6900000000	0.1160801205
1518.7000000000	0.1159551030
1518.7100000000	0.1164860072
1518.7200000000	0.1176253822
1518.7300000000	0.1192704406
1518.7400000000	0.1212686005
1518.7500000000	0.1234565436
1518.7600000000	0.1255220300
1518.7700000000	0.1271792148
1518.7800000000	0.1279986134
1518.7900000000	0.1282369879
1518.8000000000	0.1277365090
1518.8100000000	0.1262213239
1518.8200000000	0.1242629505
1518.8300000000	0.1221116417
1518.8400000000	0.1199971406
1518.8500000000	0.1181179038
1518.8600000000	0.1164479256
1518.8700000000	0.1151314420
1518.8800000000	0.1144201490
1518.8900000000	0.1141341055
1518.9000000000	0.1144591733
1518.9100000000	0.1154088158
1518.9200000000	0.1167560829
1518.9300000000	0.1185724471
1518.9400000000	0.1203203921
1518.9500000000	0.1216088033
1518.9600000000	0.1224489158
1518.9700000000	0.1225204260
1518.9800000000	0.1217180676
1518.9900000000	0.1204564191
1519.0000000000	0.1188390785
1519.0100000000	0.1167315334
1519.0200000000	0.1144520176
1519.0300000000	0.1125169217
1519.0400000000	0.1108407465
1519.0500000000	0.1098199413
1519.0600000000	0.1095569263
1519.0700000000	0.1096953893
1519.0800000000	0.1103737435
1519.0900000000	0.1117597336
1519.1000000000	0.1135525419
1519.1100000000	0.1158335591
1519.1200000000	0.1181495703
1519.1300000000	0.1199488536
1519.1400000000	0.1211332083
1519.1500000000	0.1215042142
1519.1600000000	0.1209487324
1519.1700000000	0.1197497339
1519.1800000000	0.1178591293
1519.1900000000	0.1156233321
1519.2000000000	0.1135112611
1519.2100000000	0.1116165614
1519.2200000000	0.1101585912
1519.2300000000	0.1094067357
1519.2400000000	0.1093686462
1519.2500000000	0.1098832536
1519.2600000000	0.1109632158
1519.2700000000	0.1128224839
1519.2800000000	0.1150709339
1519.2900000000	0.1175827264
1519.3000000000	0.1202987435
1519.3100000000	0.1226805952
1519.3200000000	0.1243848092
1519.3300000000	0.1253115542
1519.3400000000	0.1251356580
1519.3500000000	0.1239137226
1519.3600000000	0.1221672455
1519.3700000000	0.1193035206
1519.3800000000	0.1164706116
1519.3900000000	0.1137716054
1519.4000000000	0.1116529302
1519.4100000000	0.1102987995
1519.4200000000	0.1095750221
1519.4300000000	0.1095648353
1519.4400000000	0.1102168260
1519.4500000000	0.1114181976
1519.4600000000	0.1132885485
1519.4700000000	0.1156938272
1519.4800000000	0.1182098899
1519.4900000000	0.1203988175
1519.5000000000	0.1220373292
1519.5100000000	0.1228459947
1519.5200000000	0.1228500105
1519.5300000000	0.1220786028
1519.5400000000	0.1201513995
1519.5500000000	0.1174136348
1519.5600000000	0.1145135221
1519.5700000000	0.1114071102
1519.5800000000	0.1086401452
1519.5900000000	0.1066334251
1519.6000000000	0.1051718909
1519.6100000000	0.1043704082
1519.6200000000	0.1044975479
1519.6300000000	0.1052798969
1519.6400000000	0.1070800876
1519.6500000000	0.1093526447
1519.6600000000	0.1115739433
1519.6700000000	0.1134885063
1519.6800000000	0.1148406350
1519.6900000000	0.1154225332
1519.7000000000	0.1151242226
1519.7100000000	0.1138666516
1519.7200000000	0.1119044668
1519.7300000000	0.1095807232
1519.7400000000	0.1071953442
1519.7500000000	0.1050466633
1519.7600000000	0.1033034328
1519.7700000000	0.1020439622
1519.7800000000	0.1009446412
1519.7900000000	0.1002960978
1519.8000000000	0.1001306479
1519.8100000000	0.1004461989
1519.8200000000	0.1016246577
1519.8300000000	0.1032877957
1519.8400000000	0.1055844507
1519.8500000000	0.1080822519
1519.8600000000	0.1103676737
1519.8700000000	0.1124591739
1519.8800000000	0.1141223410
1519.8900000000	0.1148108980
1519.9000000000	0.1147582779
1519.9100000000	0.1138385039
1519.9200000000	0.1123338550
1519.9300000000	0.1108146279
1519.9400000000	0.1095009092
1519.9500000000	0.1085951104
1519.9600000000	0.1082866739
1519.9700000000	0.1084434228
1519.9800000000	0.1089953596
1519.9900000000	0.1102285359
1520.0000000000	0.1120457672
1520.0100000000	0.1142524197
1520.0200000000	0.1169048246
1520.0300000000	0.1196855517
1520.0400000000	0.1222518725
1520.0500000000	0.1247331653
1520.0600000000	0.1264900299
1520.0700000000	0.1275988217
1520.0800000000	0.1282467518
1520.0900000000	0.1278855784
1520.1000000000	0.1268833707
1520.1100000000	0.1257353580
1520.1200000000	0.1245814521
1520.1300000000	0.1236053395
1520.1400000000	0.1232231473
1520.1500000000	0.1231775856
1520.1600000000	0.1235453320
1520.1700000000	0.1245239842
1520.1800000000	0.1258960861
1520.1900000000	0.1275500326
1520.2000000000	0.1294617014
1520.2100000000	0.1312246818
1520.2200000000	0.1325731170
1520.2300000000	0.1333031812
1520.2400000000	0.1331964838
1520.2500000000	0.1320624221
1520.2600000000	0.1299275428
1520.2700000000	0.1272155435
1520.2800000000	0.1242694482
1520.2900000000	0.1213199798
1520.3000000000	0.1185588348
1520.3100000000	0.1164641559
1520.3200000000	0.1150976619
1520.3300000000	0.1142324612
1520.3400000000	0.1141567285
1520.3500000000	0.1146993677
1520.3600000000	0.1161228884
1520.3700000000	0.1179408079
1520.3800000000	0.1201171433
1520.3900000000	0.1225831206
1520.4000000000	0.1248395688
1520.4100000000	0.1264811956
1520.4200000000	0.1274168637
1520.4300000000	0.1276474006
1520.4400000000	0.1268719463
1520.4500000000	0.1253462625
1520.4600000000	0.1231002027
1520.4700000000	0.1206378842
1520.4800000000	0.1185745943
1520.4900000000	0.1169573142
1520.5000000000	0.1158998292
1520.5100000000	0.1155560312
1520.5200000000	0.1158723261
1520.5300000000	0.1165668078
1520.5400000000	0.1177609067
1520.5500000000	0.1194260710
1520.5600000000	0.1214370702
1520.5700000000	0.1238552865
1520.5800000000	0.1260667716
1520.5900000000	0.1282120899
1520.6000000000	0.1299159351
1520.6100000000	0.1307112818
1520.6200000000	0.1308355502
1520.6300000000	0.1300830318
1520.6400000000	0.1284327332
1520.6500000000	0.1266413513
1520.6600000000	0.1250350080
1520.6700000000	0.1235667171
1520.6800000000	0.1228108039
1520.6900000000	0.1227181506
1520.7000000000	0.1232891342
1520.7100000000	0.1244348580
1520.7200000000	0.1261286745
1520.7300000000	0.1284609170
1520.7400000000	0.1311516715
1520.7500000000	0.1338454310
1520.7600000000	0.1365422787
1520.7700000000	0.1390111649
1520.7800000000	0.1407990963
1520.7900000000	0.1417975873
1520.8000000000	0.1420412445
1520.8100000000	0.1411937302
1520.8200000000	0.1395636087
1520.8300000000	0.1376199583
1520.8400000000	0.1356076507
1520.8500000000	0.1338871219
1520.8600000000	0.1329534365
1520.8700000000	0.1323224569
1520.8800000000	0.1323392846
1520.8900000000	0.1325601445
1520.9000000000	0.1329718131
1520.9100000000	0.1340225663
1520.9200000000	0.1352174750
1520.9300000000	0.1366168791
1520.9400000000	0.1380093053
1520.9500000000	0.1391958606
1520.9600000000	0.1401602700
1520.9700000000	0.1408990941
1520.9800000000	0.1409022436
1520.9900000000	0.1399638589
1521.0000000000	0.1381288907
1521.0100000000	0.1355521001
1521.0200000000	0.1328216810
1521.0300000000	0.1304938375
1521.0400000000	0.1287213170
1521.0500000000	0.1274005058
1521.0600000000	0.1266692857
1521.0700000000	0.1266811267
1521.0800000000	0.1272094703
1521.0900000000	0.1284111435
1521.1000000000	0.1298524511
1521.1100000000	0.1314934667
1521.1200000000	0.1330784455
1521.1300000000	0.1341335821
1521.1400000000	0.1347549245
1521.1500000000	0.1350066786
1521.1600000000	0.1346443150
1521.1700000000	0.1335193333
1521.1800000000	0.1318689442
1521.1900000000	0.1297650344
1521.2000000000	0.1273405769
1521.2100000000	0.1251672782
1521.2200000000	0.1235838910
1521.2300000000	0.1225175963
1521.2400000000	0.1220446335
1521.2500000000	0.1223306725
1521.2600000000	0.1231885712
1521.2700000000	0.1243959205
1521.2800000000	0.1257350908
1521.2900000000	0.1269282860
1521.3000000000	0.1279481929
1521.3100000000	0.1287550379
1521.3200000000	0.1292205366
1521.3300000000	0.1293149813
1521.3400000000	0.1287671827
1521.3500000000	0.1274736171
1521.3600000000	0.1255672552
1521.3700000000	0.1230708965
1521.3800000000	0.1203472488
1521.3900000000	0.1178037492
1521.4000000000	0.1157268532
1521.4100000000	0.1139299300
1521.4200000000	0.1127336203
1521.4300000000	0.1121375238
1521.4400000000	0.1118116756
1521.4500000000	0.1121371346
1521.4600000000	0.1125869990
1521.4700000000	0.1129180177
1521.4800000000	0.1131513769
1521.4900000000	0.1131647664
1521.5000000000	0.1128959777
1521.5100000000	0.1124936638
1521.5200000000	0.1117238334
1521.5300000000	0.1104614517
1521.5400000000	0.1089500411
1521.5500000000	0.1071393468
1521.5600000000	0.1052462607
1521.5700000000	0.1036549048
1521.5800000000	0.1024661849
1521.5900000000	0.1015443345
1521.6000000000	0.1012876783
1521.6100000000	0.1017606443
1521.6200000000	0.1025373159
1521.6300000000	0.1039643161
1521.6400000000	0.1056837760
1521.6500000000	0.1074597485
1521.6600000000	0.1093139987
1521.6700000000	0.1110582911
1521.6800000000	0.1123770320
1521.6900000000	0.1131368299
1521.7000000000	0.1130861747
1521.7100000000	0.1123515343
1521.7200000000	0.1107568736
1521.7300000000	0.1088884410
1521.7400000000	0.1070504134
1521.7500000000	0.1053934036
1521.7600000000	0.1041293331
1521.7700000000	0.1034420373
1521.7800000000	0.1033545814
1521.7900000000	0.1038173320
1521.8000000000	0.1047750075
1521.8100000000	0.1060822890
1521.8200000000	0.1076055144
1521.8300000000	0.1091359074
1521.8400000000	0.1105762299
1521.8500000000	0.1119297488
1521.8600000000	0.1129835983
1521.8700000000	0.1139943619
1521.8800000000	0.1149616993
1521.8900000000	0.1152715253
1521.9000000000	0.1153068948
1521.9100000000	0.1147723259
1521.9200000000	0.1141631184
1521.9300000000	0.1133895562
1521.9400000000	0.1129373808
1521.9500000000	0.1127986114
1521.9600000000	0.1132584179
1521.9700000000	0.1144810066
1521.9800000000	0.1162917470
1521.9900000000	0.1184441424
1522.0000000000	0.1208482642
1522.0100000000	0.1232948027
1522.0200000000	0.1257142436
1522.0300000000	0.1275319991
1522.0400000000	0.1288300187
1522.0500000000	0.1295812297
1522.0600000000	0.1297322015
1522.0700000000	0.1292130993
1522.0800000000	0.1282364509
1522.0900000000	0.1269505637
1522.1000000000	0.1252952429
1522.1100000000	0.1235795993
1522.1200000000	0.1222306439
1522.1300000000	0.1210824633
1522.1400000000	0.1207792541
1522.1500000000	0.1213286201
1522.1600000000	0.1225818244
1522.1700000000	0.1244863484
1522.1800000000	0.1273503824
1522.1900000000	0.1306738701
1522.2000000000	0.1340364115
1522.2100000000	0.1370844401
1522.2200000000	0.1394489381
1522.2300000000	0.1411576297
1522.2400000000	0.1419312097
1522.2500000000	0.1418170789
1522.2600000000	0.1411077662
1522.2700000000	0.1392994606
1522.2800000000	0.1372151460
1522.2900000000	0.1351666126
1522.3000000000	0.1332922314
1522.3100000000	0.1317905199
1522.3200000000	0.1309222681
1522.3300000000	0.1303657095
1522.3400000000	0.1307232028
1522.3500000000	0.1316438054
1522.3600000000	0.1328563681
1522.3700000000	0.1345226330
1522.3800000000	0.1362576291
1522.3900000000	0.1375752265
1522.4000000000	0.1389944545
1522.4100000000	0.1396880252
1522.4200000000	0.1396460830
1522.4300000000	0.1390010840
1522.4400000000	0.1375106150
1522.4500000000	0.1349087626
1522.4600000000	0.1320961359
1522.4700000000	0.1287838536
1522.4800000000	0.1251010428
1522.4900000000	0.1222451377
1522.5000000000	0.1200437126
1522.5100000000	0.1186223225
1522.5200000000	0.1181364125
1522.5300000000	0.1183004748
1522.5400000000	0.1189911956
1522.5500000000	0.1200465114
1522.5600000000	0.1210781644
1522.5700000000	0.1218801356
1522.5800000000	0.1224254830
1522.5900000000	0.1226447182
1522.6000000000	0.1222265809
1522.6100000000	0.1215313497
1522.6200000000	0.1203116990
1522.6300000000	0.1186409905
1522.6400000000	0.1170958589
1522.6500000000	0.1153555263
1522.6600000000	0.1137458192
1522.6700000000	0.1127484478
1522.6800000000	0.1117572175
1522.6900000000	0.1108604165
1522.7000000000	0.1109709523
1522.7100000000	0.1111634746
1522.7200000000	0.1114864176
1522.7300000000	0.1122923357
1522.7400000000	0.1130471985
1522.7500000000	0.1136797135
1522.7600000000	0.1143125749
1522.7700000000	0.1146454563
1522.7800000000	0.1148466519
1522.7900000000	0.1146822603
1522.8000000000	0.1137953779
1522.8100000000	0.1126128737
1522.8200000000	0.1115010285
1522.8300000000	0.1102819536
1522.8400000000	0.1092500573
1522.8500000000	0.1085381140
1522.8600000000	0.1080747864
1522.8700000000	0.1081827609
1522.8800000000	0.1091245021
1522.8900000000	0.1102551401
1522.9000000000	0.1118350989
1522.9100000000	0.1140100858
1522.9200000000	0.1159848659
1522.9300000000	0.1177772501
1522.9400000000	0.1193552475
1522.9500000000	0.1201497991
1522.9600000000	0.1208457588
1522.9700000000	0.1209317273
1522.9800000000	0.1203573994
1522.9900000000	0.1196545866
1523.0000000000	0.1189165278
1523.0100000000	0.1181555056
1523.0200000000	0.1178798453
1523.0300000000	0.1178633461
1523.0400000000	0.1183389944
1523.0500000000	0.1194842251
1523.0600000000	0.1211668426
1523.0700000000	0.1231855751
1523.0800000000	0.1257864124
1523.0900000000	0.1284887863
1523.1000000000	0.1309028432
1523.1100000000	0.1332631216
1523.1200000000	0.1352286550
1523.1300000000	0.1365786636
1523.1400000000	0.1377429609
1523.1500000000	0.1381361111
1523.1600000000	0.1378001657
1523.1700000000	0.1367082068
1523.1800000000	0.1352848456
1523.1900000000	0.1334227321
1523.2000000000	0.1318226058
1523.2100000000	0.1300844064
1523.2200000000	0.1293975327
1523.2300000000	0.1298522484
1523.2400000000	0.1314122536
1523.2500000000	0.1339477698
1523.2600000000	0.1371465548
1523.2700000000	0.1401259339
1523.2800000000	0.1426245880
1523.2900000000	0.1445106824
1523.3000000000	0.1454837184
1523.3100000000	0.1456391802
1523.3200000000	0.1451138651
1523.3300000000	0.1438140189
1523.3400000000	0.1421611512
1523.3500000000	0.1402904701
1523.3600000000	0.1381321733
1523.3700000000	0.1358433444
1523.3800000000	0.1335108091
1523.3900000000	0.1312893922
1523.4000000000	0.1295956035
1523.4100000000	0.1283595969
1523.4200000000	0.1279335178
1523.4300000000	0.1286277636
1523.4400000000	0.1303230436
1523.4500000000	0.1326671522
1523.4600000000	0.1355827470
1523.4700000000	0.1389101672
1523.4800000000	0.1419165275
1523.4900000000	0.1446988626
1523.5000000000	0.1468383051
1523.5100000000	0.1480848495
1523.5200000000	0.1481206028
1523.5300000000	0.1473226921
1523.5400000000	0.1457431601
1523.5500000000	0.1436633518
1523.5600000000	0.1414271642
1523.5700000000	0.1393469260
1523.5800000000	0.1377983213
1523.5900000000	0.1370460464
1523.6000000000	0.1372556147
1523.6100000000	0.1380655927
1523.6200000000	0.1394317903
1523.6300000000	0.1411652494
1523.6400000000	0.1429000436
1523.6500000000	0.1443562543
1523.6600000000	0.1455803369
1523.6700000000	0.1460881904
1523.6800000000	0.1459247385
1523.6900000000	0.1447783873
1523.7000000000	0.1429746684
1523.7100000000	0.1407546616
1523.7200000000	0.1381820289
1523.7300000000	0.1351966737
1523.7400000000	0.1322662702
1523.7500000000	0.1292203106
1523.7600000000	0.1264523959
1523.7700000000	0.1243980172
1523.7800000000	0.1232820057
1523.7900000000	0.1232763966
1523.8000000000	0.1242270613
1523.8100000000	0.1259180731
1523.8200000000	0.1280880325
1523.8300000000	0.1305266876
1523.8400000000	0.1329783429
1523.8500000000	0.1348833436
1523.8600000000	0.1358943439
1523.8700000000	0.1359016580
1523.8800000000	0.1350502164
1523.8900000000	0.1334519385
1523.9000000000	0.1310551177
1523.9100000000	0.1283341802
1523.9200000000	0.1257597900
1523.9300000000	0.1231354999
1523.9400000000	0.1209394372
1523.9500000000	0.1194018292
1523.9600000000	0.1185985436
1523.9700000000	0.1187558760
1523.9800000000	0.1196734040
1523.9900000000	0.1214826831
1524.0000000000	0.1236719625
1524.0100000000	0.1261133516
1524.0200000000	0.1284642263
1524.0300000000	0.1306203709
1524.0400000000	0.1320349564
1524.0500000000	0.1326339372
1524.0600000000	0.1324925670
1524.0700000000	0.1313928224
1524.0800000000	0.1295194749
1524.0900000000	0.1273134910
1524.1000000000	0.1248878325
1524.1100000000	0.1223825166
1524.1200000000	0.1202117206
1524.1300000000	0.1185630270
1524.1400000000	0.1176196619
1524.1500000000	0.1176196592
1524.1600000000	0.1183529730
1524.1700000000	0.1195389635
1524.1800000000	0.1213654776
1524.1900000000	0.1236324881
1524.2000000000	0.1260530218
1524.2100000000	0.1282640792
1524.2200000000	0.1303023061
1524.2300000000	0.1318884934
1524.2400000000	0.1326686873
1524.2500000000	0.1325972952
1524.2600000000	0.1317749907
1524.2700000000	0.1303017301
1524.2800000000	0.1283794064
1524.2900000000	0.1263562907
1524.3000000000	0.1244729740
1524.3100000000	0.1231663254
1524.3200000000	0.1226262068
1524.3300000000	0.1229829928
1524.3400000000	0.1240388127
1524.3500000000	0.1257332850
1524.3600000000	0.1279126507
1524.3700000000	0.1301926859
1524.3800000000	0.1320519489
1524.3900000000	0.1335044425
1524.4000000000	0.1347187406
1524.4100000000	0.1353939948
1524.4200000000	0.1355904911
1524.4300000000	0.1354468854
1524.4400000000	0.1350309193
1524.4500000000	0.1340844689
1524.4600000000	0.1328620411
1524.4700000000	0.1312462438
1524.4800000000	0.1293627299
1524.4900000000	0.1278430478
1524.5000000000	0.1266662142
1524.5100000000	0.1261124584
1524.5200000000	0.1265613082
1524.5300000000	0.1280280406
1524.5400000000	0.1301826767
1524.5500000000	0.1326899588
1524.5600000000	0.1352390581
1524.5700000000	0.1378077528
1524.5800000000	0.1397482351
1524.5900000000	0.1406431984
1524.6000000000	0.1405103976
1524.6100000000	0.1396913089
1524.6200000000	0.1384536259
1524.6300000000	0.1369768355
1524.6400000000	0.1352605160
1524.6500000000	0.1334305248
1524.6600000000	0.1317644209
1524.6700000000	0.1304291165
1524.6800000000	0.1294199520
1524.6900000000	0.1288652493
1524.7000000000	0.1291830872
1524.7100000000	0.1302522121
1524.7200000000	0.1320882671
1524.7300000000	0.1340645601
1524.7400000000	0.1361142743
1524.7500000000	0.1381366205
1524.7600000000	0.1392543770
1524.7700000000	0.1399154356
1524.7800000000	0.1395762034
1524.7900000000	0.1379808986
1524.8000000000	0.1354567370
1524.8100000000	0.1324487440
1524.8200000000	0.1292737114
1524.8300000000	0.1263302495
1524.8400000000	0.1235280941
1524.8500000000	0.1210803099
1524.8600000000	0.1192096988
1524.8700000000	0.1179965506
1524.8800000000	0.1176628342
1524.8900000000	0.1183540998
1524.9000000000	0.1197626021
1524.9100000000	0.1215891544
1524.9200000000	0.1236717281
1524.9300000000	0.1258824768
1524.9400000000	0.1279968104
1524.9500000000	0.1298039062
1524.9600000000	0.1310046272
1524.9700000000	0.1311932675
1524.9800000000	0.1306533044
1524.9900000000	0.1295735214
1525.0000000000	0.1280201673
1525.0100000000	0.1261792841
1525.0200000000	0.1243645909
1525.0300000000	0.1226381860
1525.0400000000	0.1210849521
1525.0500000000	0.1203836840
1525.0600000000	0.1206630204
1525.0700000000	0.1218729167
1525.0800000000	0.1240347633
1525.0900000000	0.1266785601
1525.1000000000	0.1296466632
1525.1100000000	0.1327060189
1525.1200000000	0.1352025735
1525.1300000000	0.1368536208
1525.1400000000	0.1376169639
1525.1500000000	0.1374500962
1525.1600000000	0.1366515801
1525.1700000000	0.1355581268
1525.1800000000	0.1342185000
1525.1900000000	0.1328584469
1525.2000000000	0.1317302896
1525.2100000000	0.1306746587
1525.2200000000	0.1296740363
1525.2300000000	0.1290990728
1525.2400000000	0.1293562343
1525.2500000000	0.1302540803
1525.2600000000	0.1321592200
1525.2700000000	0.1347957037
1525.2800000000	0.1376953852
1525.2900000000	0.1413360190
1525.3000000000	0.1449832516
1525.3100000000	0.1482974253
1525.3200000000	0.1508569570
1525.3300000000	0.1517732744
1525.3400000000	0.1508949761
1525.3500000000	0.1489247798
1525.3600000000	0.1461044894
1525.3700000000	0.1428475837
1525.3800000000	0.1395578752
1525.3900000000	0.1362858651
1525.4000000000	0.1335077410
1525.4100000000	0.1314639807
1525.4200000000	0.1301119973
1525.4300000000	0.1295409885
1525.4400000000	0.1296435284
1525.4500000000	0.1301494903
1525.4600000000	0.1309966634
1525.4700000000	0.1322314572
1525.4800000000	0.1334755725
1525.4900000000	0.1341906682
1525.5000000000	0.1345676705
1525.5100000000	0.1339780583
1525.5200000000	0.1323161499
1525.5300000000	0.1299195114
1525.5400000000	0.1267416148
1525.5500000000	0.1229466163
1525.5600000000	0.1192140017
1525.5700000000	0.1156289787
1525.5800000000	0.1125605725
1525.5900000000	0.1103146116
1525.6000000000	0.1086453820
1525.6100000000	0.1076156361
1525.6200000000	0.1072208647
1525.6300000000	0.1070537692
1525.6400000000	0.1070683627
1525.6500000000	0.1072033525
1525.6600000000	0.1071732899
1525.6700000000	0.1070411472
1525.6800000000	0.1066573991
1525.6900000000	0.1056126558
1525.7000000000	0.1038606442
1525.7100000000	0.1018078267
1525.7200000000	0.0992576067
1525.7300000000	0.0964388442
1525.7400000000	0.0939582669
1525.7500000000	0.0912798981
1525.7600000000	0.0889960391
1525.7700000000	0.0875427607
1525.7800000000	0.0866631123
1525.7900000000	0.0865388695
1525.8000000000	0.0873366776
1525.8100000000	0.0886946536
1525.8200000000	0.0902914987
1525.8300000000	0.0922230403
1525.8400000000	0.0939126649
1525.8500000000	0.0955467478
1525.8600000000	0.0969205891
1525.8700000000	0.0976904232
1525.8800000000	0.0981284813
1525.8900000000	0.0980665239
1525.9000000000	0.0973585012
1525.9100000000	0.0963737887
1525.9200000000	0.0951508896
1525.9300000000	0.0936697081
1525.9400000000	0.0923958602
1525.9500000000	0.0915645792
1525.9600000000	0.0910767011
1525.9700000000	0.0912096991
1525.9800000000	0.0921064807
1525.9900000000	0.0936233340
1526.0000000000	0.0958879376
1526.0100000000	0.0987644409
1526.0200000000	0.1017504031
1526.0300000000	0.1048440832
1526.0400000000	0.1079174472
1526.0500000000	0.1104576522
1526.0600000000	0.1127255161
1526.0700000000	0.1142949271
1526.0800000000	0.1147674345
1526.0900000000	0.1147697487
1526.1000000000	0.1140119192
1526.1100000000	0.1128501922
1526.1200000000	0.1117809353
1526.1300000000	0.1107931935
1526.1400000000	0.1102828993
1526.1500000000	0.1107178558
1526.1600000000	0.1120485375
1526.1700000000	0.1143560362
1526.1800000000	0.1171674209
1526.1900000000	0.1201585430
1526.2000000000	0.1233609708
1526.2100000000	0.1267130255
1526.2200000000	0.1297789465
1526.2300000000	0.1322046926
1526.2400000000	0.1338739639
1526.2500000000	0.1345750352
1526.2600000000	0.1344174201
1526.2700000000	0.1333958460
1526.2800000000	0.1316781492
1526.2900000000	0.1295182340
1526.3000000000	0.1272102132
1526.3100000000	0.1248955897
1526.3200000000	0.1228852753
1526.3300000000	0.1217192256
1526.3400000000	0.1214250294
1526.3500000000	0.1221160449
1526.3600000000	0.1236230284
1526.3700000000	0.1257623187
1526.3800000000	0.1280991436
1526.3900000000	0.1302049331
1526.4000000000	0.1319526542
1526.4100000000	0.1329657152
1526.4200000000	0.1332636671
1526.4300000000	0.1328864826
1526.4400000000	0.1315824735
1526.4500000000	0.1296460747
1526.4600000000	0.1272517808
1526.4700000000	0.1245423946
1526.4800000000	0.1215296900
1526.4900000000	0.1185408231
1526.5000000000	0.1157483147
1526.5100000000	0.1135181285
1526.5200000000	0.1122087438
1526.5300000000	0.1119235870
1526.5400000000	0.1122797767
1526.5500000000	0.1135467909
1526.5600000000	0.1152304396
1526.5700000000	0.1169661299
1526.5800000000	0.1186492617
1526.5900000000	0.1202833436
1526.6000000000	0.1211559625
1526.6100000000	0.1215063250
1526.6200000000	0.1211071291
1526.6300000000	0.1203200506
1526.6400000000	0.1193118669
1526.6500000000	0.1178509087
1526.6600000000	0.1161039845
1526.6700000000	0.1143501434
1526.6800000000	0.1126619070
1526.6900000000	0.1114178473
1526.7000000000	0.1108693541
1526.7100000000	0.1111165770
1526.7200000000	0.1120314018
1526.7300000000	0.1135407789
1526.7400000000	0.1156952473
1526.7500000000	0.1183648408
1526.7600000000	0.1211941828
1526.7700000000	0.1237822812
1526.7800000000	0.1260284545
1526.7900000000	0.1275648740
1526.8000000000	0.1284061891
1526.8100000000	0.1286624253
1526.8200000000	0.1284999373
1526.8300000000	0.1279679896
1526.8400000000	0.1275104688
1526.8500000000	0.1271912250
1526.8600000000	0.1271379588
1526.8700000000	0.1273667994
1526.8800000000	0.1282996424
1526.8900000000	0.1299637541
1526.9000000000	0.1323476029
1526.9100000000	0.1353655477
1526.9200000000	0.1390902104
1526.9300000000	0.1431707916
1526.9400000000	0.1473154364
1526.9500000000	0.1509307598
1526.9600000000	0.1535645296
1526.9700000000	0.1551447785
1526.9800000000	0.1551964147
1526.9900000000	0.1541110608
1527.0000000000	0.1523065907
1527.0100000000	0.1499457407
1527.0200000000	0.1474447314
1527.0300000000	0.1450441533
1527.0400000000	0.1429428401
1527.0500000000	0.1415158296
1527.0600000000	0.1411876383
1527.0700000000	0.1416503664
1527.0800000000	0.1428036883
1527.0900000000	0.1447242513
1527.1000000000	0.1469390277
1527.1100000000	0.1497846883
1527.1200000000	0.1526094835
1527.1300000000	0.1550965968
1527.1400000000	0.1567468102
1527.1500000000	0.1576541246
1527.1600000000	0.1577901631
1527.1700000000	0.1567153557
1527.1800000000	0.1545067103
1527.1900000000	0.1512420422
1527.2000000000	0.1474257311
1527.2100000000	0.1432445668
1527.2200000000	0.1392103968
1527.2300000000	0.1358817906
1527.2400000000	0.1331853081
1527.2500000000	0.1312923784
1527.2600000000	0.1305346959
1527.2700000000	0.1305851748
1527.2800000000	0.1311926728
1527.2900000000	0.1324370969
1527.3000000000	0.1340164561
1527.3100000000	0.1356502162
1527.3200000000	0.1371056222
1527.3300000000	0.1381108316
1527.3400000000	0.1384526570
1527.3500000000	0.1381321369
1527.3600000000	0.1368838046
1527.3700000000	0.1349048630
1527.3800000000	0.1323805554
1527.3900000000	0.1293182753
1527.4000000000	0.1262160559
1527.4100000000	0.1232354287
1527.4200000000	0.1208750845
1527.4300000000	0.1193815890
1527.4400000000	0.1189611066
1527.4500000000	0.1194237787
1527.4600000000	0.1205779271
1527.4700000000	0.1222769857
1527.4800000000	0.1240861445
1527.4900000000	0.1260021983
1527.5000000000	0.1275481284
1527.5100000000	0.1285834928
1527.5200000000	0.1291497031
1527.5300000000	0.1289448022
1527.5400000000	0.1286935021
1527.5500000000	0.1278056379
1527.5600000000	0.1268460121
1527.5700000000	0.1257230716
1527.5800000000	0.1244689329
1527.5900000000	0.1234138092
1527.6000000000	0.1226873183
1527.6100000000	0.1225265927
1527.6200000000	0.1230902371
1527.6300000000	0.1244659222
1527.6400000000	0.1266404895
1527.6500000000	0.1296477517
1527.6600000000	0.1328402146
1527.6700000000	0.1356802891
1527.6800000000	0.1381353385
1527.6900000000	0.1397364026
1527.7000000000	0.1403265051
1527.7100000000	0.1399507182
1527.7200000000	0.1388868235
1527.7300000000	0.1375252014
1527.7400000000	0.1362996466
1527.7500000000	0.1352012642
1527.7600000000	0.1340978629
1527.7700000000	0.1332885306
1527.7800000000	0.1328335442
1527.7900000000	0.1326024879
1527.8000000000	0.1330523039
1527.8100000000	0.1339264800
1527.8200000000	0.1356082999
1527.8300000000	0.1378872672
1527.8400000000	0.1405045647
1527.8500000000	0.1433845268
1527.8600000000	0.1461954726
1527.8700000000	0.1484502949
1527.8800000000	0.1496458353
1527.8900000000	0.1497061670
1527.9000000000	0.1486722558
1527.9100000000	0.1467581437
1527.9200000000	0.1442751154
1527.9300000000	0.1415025954
1527.9400000000	0.1389072479
1527.9500000000	0.1366889777
1527.9600000000	0.1350146869
1527.9700000000	0.1340387098
1527.9800000000	0.1338778093
1527.9900000000	0.1343622559
1528.0000000000	0.1354883837
1528.0100000000	0.1371781617
1528.0200000000	0.1391717940
1528.0300000000	0.1412755469
1528.0400000000	0.1432356195
1528.0500000000	0.1447274721
1528.0600000000	0.1457631535
1528.0700000000	0.1459878564
1528.0800000000	0.1453145841
1528.0900000000	0.1436835902
1528.1000000000	0.1413772874
1528.1100000000	0.1386385009
1528.1200000000	0.1354047728
1528.1300000000	0.1321850586
1528.1400000000	0.1291748655
1528.1500000000	0.1266982426
1528.1600000000	0.1251402762
1528.1700000000	0.1244810408
1528.1800000000	0.1248159744
1528.1900000000	0.1259637002
1528.2000000000	0.1276644716
1528.2100000000	0.1296896832
1528.2200000000	0.1319211311
1528.2300000000	0.1340285937
1528.2400000000	0.1355054045
1528.2500000000	0.1362262875
1528.2600000000	0.1361472712
1528.2700000000	0.1353272468
1528.2800000000	0.1338786526
1528.2900000000	0.1319723439
1528.3000000000	0.1298490473
1528.3100000000	0.1276988368
1528.3200000000	0.1259639951
1528.3300000000	0.1244426423
1528.3400000000	0.1237365121
1528.3500000000	0.1237922884
1528.3600000000	0.1245502239
1528.3700000000	0.1260923898
1528.3800000000	0.1280184333
1528.3900000000	0.1303931828
1528.4000000000	0.1329358282
1528.4100000000	0.1350536459
1528.4200000000	0.1364823638
1528.4300000000	0.1374067053
1528.4400000000	0.1374265024
1528.4500000000	0.1366433076
1528.4600000000	0.1352619770
1528.4700000000	0.1333203646
1528.4800000000	0.1311710826
1528.4900000000	0.1289679815
1528.5000000000	0.1269234272
1528.5100000000	0.1253984422
1528.5200000000	0.1246294791
1528.5300000000	0.1246463108
1528.5400000000	0.1253072900
1528.5500000000	0.1266741596
1528.5600000000	0.1286764560
1528.5700000000	0.1311456020
1528.5800000000	0.1338718446
1528.5900000000	0.1362774156
1528.6000000000	0.1382076266
1528.6100000000	0.1392701615
1528.6200000000	0.1391917087
1528.6300000000	0.1382508085
1528.6400000000	0.1367348549
1528.6500000000	0.1347120459
1528.6600000000	0.1321340803
1528.6700000000	0.1293581984
1528.6800000000	0.1266608353
1528.6900000000	0.1242531924
1528.7000000000	0.1227001048
1528.7100000000	0.1218879639
1528.7200000000	0.1217536504
1528.7300000000	0.1224557998
1528.7400000000	0.1238311441
1528.7500000000	0.1256409841
1528.7600000000	0.1276872962
1528.7700000000	0.1296657552
1528.7800000000	0.1313173091
1528.7900000000	0.1323933076
1528.8000000000	0.1327184493
1528.8100000000	0.1324337741
1528.8200000000	0.1314075478
1528.8300000000	0.1294389145
1528.8400000000	0.1270650476
1528.8500000000	0.1243732434
1528.8600000000	0.1216717073
1528.8700000000	0.1190258650
1528.8800000000	0.1169720414
1528.8900000000	0.1156884417
1528.9000000000	0.1150020580
1528.9100000000	0.1153052281
1528.9200000000	0.1164464196
1528.9300000000	0.1182401264
1528.9400000000	0.1205637932
1528.9500000000	0.1229582842
1528.9600000000	0.1253247616
1528.9700000000	0.1272474351
1528.9800000000	0.1285093004
1528.9900000000	0.1291998549
1529.0000000000	0.1291312381
1529.0100000000	0.1281113105
1529.0200000000	0.1264731938
1529.0300000000	0.1241639684
1529.0400000000	0.1213213234
1529.0500000000	0.1186597767
1529.0600000000	0.1161649007
1529.0700000000	0.1140267067
1529.0800000000	0.1128448239
1529.0900000000	0.1125952331
1529.1000000000	0.1130402023
1529.1100000000	0.1148853578
1529.1200000000	0.1180163763
1529.1300000000	0.1213729760
1529.1400000000	0.1250475148
1529.1500000000	0.1283593546
1529.1600000000	0.1306026790
1529.1700000000	0.1323492834
1529.1800000000	0.1333364429
1529.1900000000	0.1335173926
1529.2000000000	0.1334541961
1529.2100000000	0.1326984653
1529.2200000000	0.1315624923
1529.2300000000	0.1305849778
1529.2400000000	0.1295027135
1529.2500000000	0.1284647966
1529.2600000000	0.1280322004
1529.2700000000	0.1280508182
1529.2800000000	0.1287606816
1529.2900000000	0.1306564208
1529.3000000000	0.1329839288
1529.3100000000	0.1355523477
1529.3200000000	0.1386451762
1529.3300000000	0.1416612494
1529.3400000000	0.1439369974
1529.3500000000	0.1456240758
1529.3600000000	0.1464346472
1529.3700000000	0.1458660273
1529.3800000000	0.1446629617
1529.3900000000	0.1423517941
1529.4000000000	0.1393333080
1529.4100000000	0.1364729254
1529.4200000000	0.1333482014
1529.4300000000	0.1305302440
1529.4400000000	0.1284411607
1529.4500000000	0.1272195423
1529.4600000000	0.1268644479
1529.4700000000	0.1275874508
1529.4800000000	0.1290410945
1529.4900000000	0.1310199589
1529.5000000000	0.1334384665
1529.5100000000	0.1352981680
1529.5200000000	0.1364556145
1529.5300000000	0.1370909079
1529.5400000000	0.1369404872
1529.5500000000	0.1359729960
1529.5600000000	0.1342932074
1529.5700000000	0.1318218904
1529.5800000000	0.1287469528
1529.5900000000	0.1256171633
1529.6000000000	0.1224853088
1529.6100000000	0.1194873761
1529.6200000000	0.1170885198
1529.6300000000	0.1150796233
1529.6400000000	0.1139010986
1529.6500000000	0.1135248251
1529.6600000000	0.1137973883
1529.6700000000	0.1148056148
1529.6800000000	0.1162061724
1529.6900000000	0.1174752052
1529.7000000000	0.1184801014
1529.7100000000	0.1191066509
1529.7200000000	0.1188246832
1529.7300000000	0.1180405987
1529.7400000000	0.1168152273
1529.7500000000	0.1151803068
1529.7600000000	0.1133687172
1529.7700000000	0.1113594147
1529.7800000000	0.1093376630
1529.7900000000	0.1075574856
1529.8000000000	0.1061886763
1529.8100000000	0.1056252659
1529.8200000000	0.1059449824
1529.8300000000	0.1070084580
1529.8400000000	0.1089445383
1529.8500000000	0.1116500136
1529.8600000000	0.1146401530
1529.8700000000	0.1176329228
1529.8800000000	0.1203708600
1529.8900000000	0.1223357590
1529.9000000000	0.1233622141
1529.9100000000	0.1234615443
1529.9200000000	0.1226016931
1529.9300000000	0.1211056988
1529.9400000000	0.1192014126
1529.9500000000	0.1171793977
1529.9600000000	0.1151927832
1529.9700000000	0.1132288328
1529.9800000000	0.1117986256
1529.9900000000	0.1107233856
1530.0000000000	0.1103400321
1530.0100000000	0.1105287632
1530.0200000000	0.1117391550
1530.0300000000	0.1138362996
1530.0400000000	0.1167267011
1530.0500000000	0.1200037067
1530.0600000000	0.1229430345
1530.0700000000	0.1254553541
1530.0800000000	0.1275167500
1530.0900000000	0.1288661345
1530.1000000000	0.1295390584
1530.1100000000	0.1295775650
1530.1200000000	0.1289868107
1530.1300000000	0.1280370018
1530.1400000000	0.1269241540
1530.1500000000	0.1252597097
1530.1600000000	0.1237003505
1530.1700000000	0.1223810577
1530.1800000000	0.1214185476
1530.1900000000	0.1209880720
1530.2000000000	0.1211749875
1530.2100000000	0.1221881605
1530.2200000000	0.1240350279
1530.2300000000	0.1267258130
1530.2400000000	0.1292821221
1530.2500000000	0.1315208651
1530.2600000000	0.1327268812
1530.2700000000	0.1328518477
1530.2800000000	0.1322530540
1530.2900000000	0.1309141254
1530.3000000000	0.1290665752
1530.3100000000	0.1269573766
1530.3200000000	0.1248810431
1530.3300000000	0.1230997908
1530.3400000000	0.1216482095
1530.3500000000	0.1205890728
1530.3600000000	0.1198041681
1530.3700000000	0.1194729775
1530.3800000000	0.1194831905
1530.3900000000	0.1200886276
1530.4000000000	0.1213869797
1530.4100000000	0.1232616718
1530.4200000000	0.1254025684
1530.4300000000	0.1275974297
1530.4400000000	0.1296130097
1530.4500000000	0.1311325328
1530.4600000000	0.1315137227
1530.4700000000	0.1310576254
1530.4800000000	0.1296419425
1530.4900000000	0.1276602921
1530.5000000000	0.1253660478
1530.5100000000	0.1232108419
1530.5200000000	0.1211882200
1530.5300000000	0.1194948227
1530.5400000000	0.1182263321
1530.5500000000	0.1172557232
1530.5600000000	0.1169180569
1530.5700000000	0.1173900194
1530.5800000000	0.1186910543
1530.5900000000	0.1208266487
1530.6000000000	0.1232826447
1530.6100000000	0.1260021205
1530.6200000000	0.1285441008
1530.6300000000	0.1305602532
1530.6400000000	0.1318406167
1530.6500000000	0.1323394965
1530.6600000000	0.1319649164
1530.6700000000	0.1308671997
1530.6800000000	0.1295908305
1530.6900000000	0.1279015892
1530.7000000000	0.1265934888
1530.7100000000	0.1256999626
1530.7200000000	0.1247355690
1530.7300000000	0.1241281432
1530.7400000000	0.1235437815
1530.7500000000	0.1233035962
1530.7600000000	0.1236689286
1530.7700000000	0.1248620623
1530.7800000000	0.1267159793
1530.7900000000	0.1288570558
1530.8000000000	0.1310824836
1530.8100000000	0.1331512023
1530.8200000000	0.1348610739
1530.8300000000	0.1358399753
1530.8400000000	0.1356650389
1530.8500000000	0.1346611421
1530.8600000000	0.1327953755
1530.8700000000	0.1306910059
1530.8800000000	0.1285068651
1530.8900000000	0.1265699547
1530.9000000000	0.1250235426
1530.9100000000	0.1239272790
1530.9200000000	0.1234968298
1530.9300000000	0.1238453485
1530.9400000000	0.1248249481
1530.9500000000	0.1269708650
1530.9600000000	0.1295149815
1530.9700000000	0.1324082736
1530.9800000000	0.1352698651
1530.9900000000	0.1380760940
1531.0000000000	0.1402162456
1531.0100000000	0.1415214804
1531.0200000000	0.1417868834
1531.0300000000	0.1410558482
1531.0400000000	0.1397289392
1531.0500000000	0.1379768780
1531.0600000000	0.1360695955
1531.0700000000	0.1342304829
1531.0800000000	0.1327432977
1531.0900000000	0.1316631286
1531.1000000000	0.1309741773
1531.1100000000	0.1307588715
1531.1200000000	0.1309682786
1531.1300000000	0.1318486203
1531.1400000000	0.1332520870
1531.1500000000	0.1350927912
1531.1600000000	0.1372226494
1531.1700000000	0.1390048903
1531.1800000000	0.1404728062
1531.1900000000	0.1415599354
1531.2000000000	0.1417472371
1531.2100000000	0.1408625197
1531.2200000000	0.1394052498
1531.2300000000	0.1374224411
1531.2400000000	0.1351929025
1531.2500000000	0.1333275933
1531.2600000000	0.1314498019
1531.2700000000	0.1298915016
1531.2800000000	0.1286101422
1531.2900000000	0.1277088810
1531.3000000000	0.1273085951
1531.3100000000	0.1274119615
1531.3200000000	0.1280740270
1531.3300000000	0.1291367081
1531.3400000000	0.1305295986
1531.3500000000	0.1320642316
1531.3600000000	0.1333349150
1531.3700000000	0.1339805712
1531.3800000000	0.1338819949
1531.3900000000	0.1331475310
1531.4000000000	0.1316852832
1531.4100000000	0.1297430273
1531.4200000000	0.1277315584
1531.4300000000	0.1257251007
1531.4400000000	0.1240689720
1531.4500000000	0.1226911153
1531.4600000000	0.1216982099
1531.4700000000	0.1211040959
1531.4800000000	0.1209126566
1531.4900000000	0.1213374740
1531.5000000000	0.1226227506
1531.5100000000	0.1245865457
1531.5200000000	0.1270545326
1531.5300000000	0.1294754681
1531.5400000000	0.1319627306
1531.5500000000	0.1341029366
1531.5600000000	0.1358329798
1531.5700000000	0.1369253985
1531.5800000000	0.1372498248
1531.5900000000	0.1368005322
1531.6000000000	0.1357787987
1531.6100000000	0.1343688169
1531.6200000000	0.1329141467
1531.6300000000	0.1317699837
1531.6400000000	0.1310019608
1531.6500000000	0.1305649527
1531.6600000000	0.1305500336
1531.6700000000	0.1312395824
1531.6800000000	0.1323973743
1531.6900000000	0.1339024928
1531.7000000000	0.1361840114
1531.7100000000	0.1386215013
1531.7200000000	0.1407114389
1531.7300000000	0.1425953882
1531.7400000000	0.1434822779
1531.7500000000	0.1435273635
1531.7600000000	0.1429624413
1531.7700000000	0.1414550911
1531.7800000000	0.1390801934
1531.7900000000	0.1364661818
1531.8000000000	0.1340909736
1531.8100000000	0.1324297409
1531.8200000000	0.1318064768
1531.8300000000	0.1317583800
1531.8400000000	0.1325264873
1531.8500000000	0.1340828757
1531.8600000000	0.1360183803
1531.8700000000	0.1385110378
1531.8800000000	0.1414385959
1531.8900000000	0.1441023428
1531.9000000000	0.1465617934
1531.9100000000	0.1488753897
1531.9200000000	0.1504309118
1531.9300000000	0.1512454509
1531.9400000000	0.1514858376
1531.9500000000	0.1505291396
1531.9600000000	0.1488445072
1531.9700000000	0.1465621351
1531.9800000000	0.1438980218
1531.9900000000	0.1415705352
1532.0000000000	0.1395092404
1532.0100000000	0.1381863258
1532.0200000000	0.1372566912
1532.0300000000	0.1372455044
1532.0400000000	0.1381133319
1532.0500000000	0.1397167819
1532.0600000000	0.1421495960
1532.0700000000	0.1445924475
1532.0800000000	0.1470900882
1532.0900000000	0.1494270790
1532.1000000000	0.1509873680
1532.1100000000	0.1517947268
1532.1200000000	0.1519012701
1532.1300000000	0.1509401790
1532.1400000000	0.1489163446
1532.1500000000	0.1465217872
1532.1600000000	0.1434332100
1532.1700000000	0.1404038144
1532.1800000000	0.1376688665
1532.1900000000	0.1352152714
1532.2000000000	0.1332136382
1532.2100000000	0.1319318616
1532.2200000000	0.1315334933
1532.2300000000	0.1317958960
1532.2400000000	0.1332174188
1532.2500000000	0.1351857249
1532.2600000000	0.1373747690
1532.2700000000	0.1397032558
1532.2800000000	0.1414800308
1532.2900000000	0.1425398537
1532.3000000000	0.1434016048
1532.3100000000	0.1433719897
1532.3200000000	0.1424907682
1532.3300000000	0.1414246605
1532.3400000000	0.1396312425
1532.3500000000	0.1378140381
1532.3600000000	0.1363024982
1532.3700000000	0.1346241179
1532.3800000000	0.1332726882
1532.3900000000	0.1325920843
1532.4000000000	0.1323051260
1532.4100000000	0.1327760954
1532.4200000000	0.1338382734
1532.4300000000	0.1350130442
1532.4400000000	0.1364631996
1532.4500000000	0.1379483961
1532.4600000000	0.1389093912
1532.4700000000	0.1397078252
1532.4800000000	0.1404041623
1532.4900000000	0.1399726701
1532.5000000000	0.1392926361
1532.5100000000	0.1384756099
1532.5200000000	0.1368890140
1532.5300000000	0.1354732097
1532.5400000000	0.1344977507
1532.5500000000	0.1335498147
1532.5600000000	0.1331872184
1532.5700000000	0.1333593682
1532.5800000000	0.1339550531
1532.5900000000	0.1351705951
1532.6000000000	0.1371147585
1532.6100000000	0.1395726519
1532.6200000000	0.1424939339
1532.6300000000	0.1454428429
1532.6400000000	0.1482013246
1532.6500000000	0.1505767145
1532.6600000000	0.1519704441
1532.6700000000	0.1523404928
1532.6800000000	0.1518371440
1532.6900000000	0.1504919983
1532.7000000000	0.1483050291
1532.7100000000	0.1459438299
1532.7200000000	0.1434654801
1532.7300000000	0.1412706913
1532.7400000000	0.1399144852
1532.7500000000	0.1388635067
1532.7600000000	0.1382839374
1532.7700000000	0.1384145739
1532.7800000000	0.1390158315
1532.7900000000	0.1400956418
1532.8000000000	0.1414873375
1532.8100000000	0.1431809561
1532.8200000000	0.1448171108
1532.8300000000	0.1461931318
1532.8400000000	0.1472032296
1532.8500000000	0.1472827408
1532.8600000000	0.1467491461
1532.8700000000	0.1453376899
1532.8800000000	0.1433672413
1532.8900000000	0.1411777120
1532.9000000000	0.1389111805
1532.9100000000	0.1366719641
1532.9200000000	0.1347975146
1532.9300000000	0.1333008580
1532.9400000000	0.1322867138
1532.9500000000	0.1317923197
1532.9600000000	0.1318784687
1532.9700000000	0.1323080326
1532.9800000000	0.1333737925
1532.9900000000	0.1345857940
1533.0000000000	0.1359326882
1533.0100000000	0.1374277310
1533.0200000000	0.1385469850
1533.0300000000	0.1389979428
1533.0400000000	0.1387616538
1533.0500000000	0.1377472421
1533.0600000000	0.1356634393
1533.0700000000	0.1328931005
1533.0800000000	0.1298830903
1533.0900000000	0.1269219668
1533.1000000000	0.1244811292
1533.1100000000	0.1224182779
1533.1200000000	0.1212890014
1533.1300000000	0.1208390834
1533.1400000000	0.1213341765
1533.1500000000	0.1227886969
1533.1600000000	0.1247180457
1533.1700000000	0.1269205683
1533.1800000000	0.1292513331
1533.1900000000	0.1313470067
1533.2000000000	0.1331889995
1533.2100000000	0.1344941698
1533.2200000000	0.1351504707
1533.2300000000	0.1354846207
1533.2400000000	0.1352510183
1533.2500000000	0.1343875000
1533.2600000000	0.1331664153
1533.2700000000	0.1315544522
1533.2800000000	0.1298250311
1533.2900000000	0.1281873940
1533.3000000000	0.1267711098
1533.3100000000	0.1258043874
1533.3200000000	0.1254939151
1533.3300000000	0.1259551954
1533.3400000000	0.1271188517
1533.3500000000	0.1291184972
1533.3600000000	0.1315902665
1533.3700000000	0.1340822339
1533.3800000000	0.1363859469
1533.3900000000	0.1378392723
1533.4000000000	0.1383650815
1533.4100000000	0.1381172667
1533.4200000000	0.1369695931
1533.4300000000	0.1351299680
1533.4400000000	0.1330375671
1533.4500000000	0.1308153248
1533.4600000000	0.1287745437
1533.4700000000	0.1273102607
1533.4800000000	0.1261354289
1533.4900000000	0.1254891293
1533.5000000000	0.1256664961
1533.5100000000	0.1264675504
1533.5200000000	0.1276956040
1533.5300000000	0.1296373985
1533.5400000000	0.1321203062
1533.5500000000	0.1349694378
1533.5600000000	0.1379506168
1533.5700000000	0.1407559291
1533.5800000000	0.1429997528
1533.5900000000	0.1445626452
1533.6000000000	0.1451855654
1533.6100000000	0.1447168696
1533.6200000000	0.1432700559
1533.6300000000	0.1412308149
1533.6400000000	0.1388998892
1533.6500000000	0.1360052556
1533.6600000000	0.1335231191
1533.6700000000	0.1315011927
1533.6800000000	0.1297977893
1533.6900000000	0.1290254871
1533.7000000000	0.1289604138
1533.7100000000	0.1294942755
1533.7200000000	0.1306509133
1533.7300000000	0.1322697144
1533.7400000000	0.1340839251
1533.7500000000	0.1361077945
1533.7600000000	0.1376027737
1533.7700000000	0.1387145521
1533.7800000000	0.1391585101
1533.7900000000	0.1383748498
1533.8000000000	0.1367203618
1533.8100000000	0.1342958530
1533.8200000000	0.1313670797
1533.8300000000	0.1283295693
1533.8400000000	0.1253140825
1533.8500000000	0.1223385338
1533.8600000000	0.1196814122
1533.8700000000	0.1175959419
1533.8800000000	0.1159696600
1533.8900000000	0.1154106492
1533.9000000000	0.1154828360
1533.9100000000	0.1159727881
1533.9200000000	0.1168626398
1533.9300000000	0.1178104621
1533.9400000000	0.1184656993
1533.9500000000	0.1187495778
1533.9600000000	0.1183555451
1533.9700000000	0.1174757481
1533.9800000000	0.1160064043
1533.9900000000	0.1142814117
1534.0000000000	0.1124425762
1534.0100000000	0.1106548175
1534.0200000000	0.1090650946
1534.0300000000	0.1075785090
1534.0400000000	0.1065021131
1534.0500000000	0.1057862766
1534.0600000000	0.1053231789
1534.0700000000	0.1050832247
1534.0800000000	0.1052115609
1534.0900000000	0.1055476745
1534.1000000000	0.1060920266
1534.1100000000	0.1066451348
1534.1200000000	0.1070041495
1534.1300000000	0.1073325179
1534.1400000000	0.1075295316
1534.1500000000	0.1072580781
1534.1600000000	0.1066098247
1534.1700000000	0.1055118478
1534.1800000000	0.1043102723
1534.1900000000	0.1030043057
1534.2000000000	0.1019381518
1534.2100000000	0.1010623213
1534.2200000000	0.1007242759
1534.2300000000	0.1008568403
1534.2400000000	0.1014169882
1534.2500000000	0.1026056270
1534.2600000000	0.1042951723
1534.2700000000	0.1061939415
1534.2800000000	0.1084359409
1534.2900000000	0.1107906903
1534.3000000000	0.1130429822
1534.3100000000	0.1153310361
1534.3200000000	0.1174217566
1534.3300000000	0.1187298305
1534.3400000000	0.1193118212
1534.3500000000	0.1193957189
1534.3600000000	0.1187457589
1534.3700000000	0.1174706057
1534.3800000000	0.1161253604
1534.3900000000	0.1145935354
1534.4000000000	0.1133326916
1534.4100000000	0.1126364131
1534.4200000000	0.1123567665
1534.4300000000	0.1126142015
1534.4400000000	0.1135581406
1534.4500000000	0.1149955002
1534.4600000000	0.1170593289
1534.4700000000	0.1192968477
1534.4800000000	0.1218050134
1534.4900000000	0.1242725283
1534.5000000000	0.1264001593
1534.5100000000	0.1279734027
1534.5200000000	0.1289621779
1534.5300000000	0.1294228664
1534.5400000000	0.1293619338
1534.5500000000	0.1288858545
1534.5600000000	0.1284732797
1534.5700000000	0.1278333202
1534.5800000000	0.1273071192
1534.5900000000	0.1267636241
1534.6000000000	0.1265447054
1534.6100000000	0.1265301107
1534.6200000000	0.1270445453
1534.6300000000	0.1278292316
1534.6400000000	0.1290563312
1534.6500000000	0.1309280051
1534.6600000000	0.1330620517
1534.6700000000	0.1355070072
1534.6800000000	0.1378505157
1534.6900000000	0.1396285620
1534.7000000000	0.1404496157
1534.7100000000	0.1405819009
1534.7200000000	0.1399783528
1534.7300000000	0.1388220326
1534.7400000000	0.1374784286
1534.7500000000	0.1358239201
1534.7600000000	0.1343485874
1534.7700000000	0.1331979366
1534.7800000000	0.1322870532
1534.7900000000	0.1318242512
1534.8000000000	0.1318232494
1534.8100000000	0.1320576774
1534.8200000000	0.1322278284
1534.8300000000	0.1328330986
1534.8400000000	0.1337190134
1534.8500000000	0.1344691629
1534.8600000000	0.1353795186
1534.8700000000	0.1362431449
1534.8800000000	0.1366166645
1534.8900000000	0.1366738710
1534.9000000000	0.1364216544
1534.9100000000	0.1353828902
1534.9200000000	0.1336226760
1534.9300000000	0.1317343643
1534.9400000000	0.1296076204
1534.9500000000	0.1278475973
1534.9600000000	0.1265432520
1534.9700000000	0.1257621096
1534.9800000000	0.1256222904
1534.9900000000	0.1260458276
1535.0000000000	0.1267603831
1535.0100000000	0.1276027947
1535.0200000000	0.1284893708
1535.0300000000	0.1293138145
1535.0400000000	0.1300004564
1535.0500000000	0.1305281032
1535.0600000000	0.1304668780
1535.0700000000	0.1301994294
1535.0800000000	0.1292391800
1535.0900000000	0.1277688654
1535.1000000000	0.1260909353
1535.1100000000	0.1241670252
1535.1200000000	0.1220990349
1535.1300000000	0.1204755716
1535.1400000000	0.1192938509
1535.1500000000	0.1184208450
1535.1600000000	0.1180005207
1535.1700000000	0.1183622063
1535.1800000000	0.1187211915
1535.1900000000	0.1193856185
1535.2000000000	0.1202185553
1535.2100000000	0.1209630743
1535.2200000000	0.1216788588
1535.2300000000	0.1222207349
1535.2400000000	0.1225798862
1535.2500000000	0.1225863220
1535.2600000000	0.1222263658
1535.2700000000	0.1212792143
1535.2800000000	0.1200757639
1535.2900000000	0.1186085265
1535.3000000000	0.1170209127
1535.3100000000	0.1156753882
1535.3200000000	0.1145892388
1535.3300000000	0.1139092234
1535.3400000000	0.1134687266
1535.3500000000	0.1138002340
1535.3600000000	0.1145030646
1535.3700000000	0.1156247890
1535.3800000000	0.1172910540
1535.3900000000	0.1189875770
1535.4000000000	0.1208266219
1535.4100000000	0.1226503211
1535.4200000000	0.1240630081
1535.4300000000	0.1250427725
1535.4400000000	0.1254887908
1535.4500000000	0.1253686264
1535.4600000000	0.1247781165
1535.4700000000	0.1241595907
1535.4800000000	0.1234492127
1535.4900000000	0.1228801429
1535.5000000000	0.1225071320
1535.5100000000	0.1225523556
1535.5200000000	0.1229889340
1535.5300000000	0.1236596948
1535.5400000000	0.1247150152
1535.5500000000	0.1259958897
1535.5600000000	0.1274962264
1535.5700000000	0.1290582398
1535.5800000000	0.1304284427
1535.5900000000	0.1319659092
1535.6000000000	0.1331675666
1535.6100000000	0.1343037040
1535.6200000000	0.1352898181
1535.6300000000	0.1357545846
1535.6400000000	0.1359235300
1535.6500000000	0.1357321973
1535.6600000000	0.1350675807
1535.6700000000	0.1343601437
1535.6800000000	0.1334839773
1535.6900000000	0.1326242374
1535.7000000000	0.1324063561
1535.7100000000	0.1327949636
1535.7200000000	0.1336547316
1535.7300000000	0.1355496461
1535.7400000000	0.1373370302
1535.7500000000	0.1389886450
1535.7600000000	0.1408360794
1535.7700000000	0.1424576278
1535.7800000000	0.1433912465
1535.7900000000	0.1441636334
1535.8000000000	0.1441089078
1535.8100000000	0.1433033105
1535.8200000000	0.1422874646
1535.8300000000	0.1408740151
1535.8400000000	0.1389837268
1535.8500000000	0.1372600442
1535.8600000000	0.1354990596
1535.8700000000	0.1335905442
1535.8800000000	0.1326386495
1535.8900000000	0.1320778016
1535.9000000000	0.1322123773
1535.9100000000	0.1329584747
1535.9200000000	0.1341341872
1535.9300000000	0.1356476860
1535.9400000000	0.1373997075
1535.9500000000	0.1390109055
1535.9600000000	0.1402840813
1535.9700000000	0.1415742181
1535.9800000000	0.1420557818
1535.9900000000	0.1414784298
1536.0000000000	0.1404251134
1536.0100000000	0.1389450770
1536.0200000000	0.1370818011
1536.0300000000	0.1354508729
1536.0400000000	0.1338613571
1536.0500000000	0.1324336338
1536.0600000000	0.1317326880
1536.0700000000	0.1315861251
1536.0800000000	0.1321472734
1536.0900000000	0.1335979758
1536.1000000000	0.1356327907
1536.1100000000	0.1377241416
1536.1200000000	0.1398489379
1536.1300000000	0.1420291539
1536.1400000000	0.1437333872
1536.1500000000	0.1452275628
1536.1600000000	0.1461593513
1536.1700000000	0.1460581715
1536.1800000000	0.1453590107
1536.1900000000	0.1438607624
1536.2000000000	0.1418967103
1536.2100000000	0.1397460856
1536.2200000000	0.1373536643
1536.2300000000	0.1348253281
1536.2400000000	0.1327005497
1536.2500000000	0.1313646864
1536.2600000000	0.1309988007
1536.2700000000	0.1315813543
1536.2800000000	0.1331319689
1536.2900000000	0.1352293656
1536.3000000000	0.1377233109
1536.3100000000	0.1402061090
1536.3200000000	0.1426874854
1536.3300000000	0.1446576480
1536.3400000000	0.1460726923
1536.3500000000	0.1469238478
1536.3600000000	0.1471170174
1536.3700000000	0.1467556266
1536.3800000000	0.1460715283
1536.3900000000	0.1452384241
1536.4000000000	0.1437523045
1536.4100000000	0.1422263053
1536.4200000000	0.1406988931
1536.4300000000	0.1389700011
1536.4400000000	0.1377557904
1536.4500000000	0.1370341265
1536.4600000000	0.1370414084
1536.4700000000	0.1379360328
1536.4800000000	0.1396117765
1536.4900000000	0.1418537752
1536.5000000000	0.1444286191
1536.5100000000	0.1472863873
1536.5200000000	0.1500905052
1536.5300000000	0.1523397054
1536.5400000000	0.1537164357
1536.5500000000	0.1541483369
1536.5600000000	0.1537900762
1536.5700000000	0.1526161672
1536.5800000000	0.1511249766
1536.5900000000	0.1492899081
1536.6000000000	0.1473410649
1536.6100000000	0.1454186021
1536.6200000000	0.1439602806
1536.6300000000	0.1430145877
1536.6400000000	0.1425720544
1536.6500000000	0.1427818327
1536.6600000000	0.1434108797
1536.6700000000	0.1446775001
1536.6800000000	0.1459776770
1536.6900000000	0.1471959075
1536.7000000000	0.1483183769
1536.7100000000	0.1488264856
1536.7200000000	0.1488070025
1536.7300000000	0.1478880027
1536.7400000000	0.1461922709
1536.7500000000	0.1438713807
1536.7600000000	0.1411486555
1536.7700000000	0.1381851720
1536.7800000000	0.1353320273
1536.7900000000	0.1329981941
1536.8000000000	0.1311425479
1536.8100000000	0.1296975281
1536.8200000000	0.1289752122
1536.8300000000	0.1288076376
1536.8400000000	0.1291824516
1536.8500000000	0.1299189235
1536.8600000000	0.1308514469
1536.8700000000	0.1317578881
1536.8800000000	0.1326023892
1536.8900000000	0.1330995408
1536.9000000000	0.1329536821
1536.9100000000	0.1323348339
1536.9200000000	0.1310421593
1536.9300000000	0.1292186481
1536.9400000000	0.1268979787
1536.9500000000	0.1242126003
1536.9600000000	0.1212780739
1536.9700000000	0.1182896415
1536.9800000000	0.1155554537
1536.9900000000	0.1132912213
1537.0000000000	0.1117318166
1537.0100000000	0.1109280938
1537.0200000000	0.1105898081
1537.0300000000	0.1113197192
1537.0400000000	0.1124901266
1537.0500000000	0.1139751101
1537.0600000000	0.1158255206
1537.0700000000	0.1175720227
1537.0800000000	0.1190282585
1537.0900000000	0.1201238589
1537.1000000000	0.1207811947
1537.1100000000	0.1207414651
1537.1200000000	0.1203809605
1537.1300000000	0.1197621709
1537.1400000000	0.1189619426
1537.1500000000	0.1181892307
1537.1600000000	0.1175449725
1537.1700000000	0.1172377895
1537.1800000000	0.1173046196
1537.1900000000	0.1176985970
1537.2000000000	0.1185567089
1537.2100000000	0.1200022896
1537.2200000000	0.1215396199
1537.2300000000	0.1230618655
1537.2400000000	0.1250089261
1537.2500000000	0.1270260789
1537.2600000000	0.1291133520
1537.2700000000	0.1310243538
1537.2800000000	0.1322242284
1537.2900000000	0.1328098575
1537.3000000000	0.1329164412
1537.3100000000	0.1325221947
1537.3200000000	0.1315803574
1537.3300000000	0.1302526410
1537.3400000000	0.1291496452
1537.3500000000	0.1282062942
1537.3600000000	0.1277457923
1537.3700000000	0.1279263757
1537.3800000000	0.1287973455
1537.3900000000	0.1302343735
1537.4000000000	0.1322564584
1537.4100000000	0.1345229318
1537.4200000000	0.1367901777
1537.4300000000	0.1393190027
1537.4400000000	0.1417476624
1537.4500000000	0.1437276838
1537.4600000000	0.1452638139
1537.4700000000	0.1461217801
1537.4800000000	0.1459521225
1537.4900000000	0.1450610501
1537.5000000000	0.1435955667
1537.5100000000	0.1416402491
1537.5200000000	0.1393597287
1537.5300000000	0.1371018536
1537.5400000000	0.1350444925
1537.5500000000	0.1336365731
1537.5600000000	0.1329814371
1537.5700000000	0.1334072867
1537.5800000000	0.1347445318
1537.5900000000	0.1363563060
1537.6000000000	0.1382621209
1537.6100000000	0.1400191334
1537.6200000000	0.1418118188
1537.6300000000	0.1429719661
1537.6400000000	0.1437458767
1537.6500000000	0.1436196391
1537.6600000000	0.1427556277
1537.6700000000	0.1413506472
1537.6800000000	0.1395021613
1537.6900000000	0.1372823043
1537.7000000000	0.1347842994
1537.7100000000	0.1322246583
1537.7200000000	0.1295956123
1537.7300000000	0.1272441860
1537.7400000000	0.1256095935
1537.7500000000	0.1246797816
1537.7600000000	0.1246690539
1537.7700000000	0.1252822636
1537.7800000000	0.1264353610
1537.7900000000	0.1277900517
1537.8000000000	0.1293426198
1537.8100000000	0.1305074211
1537.8200000000	0.1313537521
1537.8300000000	0.1316704765
1537.8400000000	0.1312158912
1537.8500000000	0.1303362197
1537.8600000000	0.1290101034
1537.8700000000	0.1272841652
1537.8800000000	0.1254867829
1537.8900000000	0.1235438469
1537.9000000000	0.1215604857
1537.9100000000	0.1197439206
1537.9200000000	0.1185017013
1537.9300000000	0.1179867122
1537.9400000000	0.1180474505
1537.9500000000	0.1189496828
1537.9600000000	0.1204105902
1537.9700000000	0.1222732475
1537.9800000000	0.1246128244
1537.9900000000	0.1273346134
1538.0000000000	0.1298932751
1538.0100000000	0.1320845723
1538.0200000000	0.1336204736
1538.0300000000	0.1345128182
1538.0400000000	0.1346168795
1538.0500000000	0.1341063020
1538.0600000000	0.1332313736
1538.0700000000	0.1322023742
1538.0800000000	0.1310822921
1538.0900000000	0.1302717284
1538.1000000000	0.1296563450
1538.1100000000	0.1296408198
1538.1200000000	0.1304436900
1538.1300000000	0.1318447676
1538.1400000000	0.1338381994
1538.1500000000	0.1362584737
1538.1600000000	0.1390984386
1538.1700000000	0.1419159144
1538.1800000000	0.1446059007
1538.1900000000	0.1470065886
1538.2000000000	0.1486116937
1538.2100000000	0.1494757482
1538.2200000000	0.1496334578
1538.2300000000	0.1492195207
1538.2400000000	0.1479474595
1538.2500000000	0.1464200735
1538.2600000000	0.1445734309
1538.2700000000	0.1423945906
1538.2800000000	0.1405988690
1538.2900000000	0.1389664160
1538.3000000000	0.1379652866
1538.3100000000	0.1380411138
1538.3200000000	0.1385741884
1538.3300000000	0.1396880252
1538.3400000000	0.1414234729
1538.3500000000	0.1433045594
1538.3600000000	0.1445663826
1538.3700000000	0.1454822532
1538.3800000000	0.1450325492
1538.3900000000	0.1436200294
1538.4000000000	0.1417805849
1538.4100000000	0.1392303024
1538.4200000000	0.1363330731
1538.4300000000	0.1334224653
1538.4400000000	0.1302911577
1538.4500000000	0.1273301852
1538.4600000000	0.1245244895
1538.4700000000	0.1222259988
1538.4800000000	0.1201009387
1538.4900000000	0.1188467694
1538.5000000000	0.1181522729
1538.5100000000	0.1178130100
1538.5200000000	0.1178008031
1538.5300000000	0.1182670990
1538.5400000000	0.1186496820
1538.5500000000	0.1191656385
1538.5600000000	0.1194538073
1538.5700000000	0.1192349816
1538.5800000000	0.1185395505
1538.5900000000	0.1170101150
1538.6000000000	0.1146951545
1538.6100000000	0.1120188470
1538.6200000000	0.1091202697
1538.6300000000	0.1062058603
1538.6400000000	0.1036334445
1538.6500000000	0.1015536767
1538.6600000000	0.0996537944
1538.6700000000	0.0984041700
1538.6800000000	0.0979581686
1538.6900000000	0.0977591293
1538.7000000000	0.0983034795
1538.7100000000	0.0993630652
1538.7200000000	0.1004444638
1538.7300000000	0.1018542471
1538.7400000000	0.1034060610
1538.7500000000	0.1045631716
1538.7600000000	0.1056868982
1538.7700000000	0.1063542403
1538.7800000000	0.1062416139
1538.7900000000	0.1057126663
1538.8000000000	0.1048535483
1538.8100000000	0.1034051957
1538.8200000000	0.1019341435
1538.8300000000	0.1007473898
1538.8400000000	0.0996574021
1538.8500000000	0.0994062546
1538.8600000000	0.0998239044
1538.8700000000	0.1007057533
1538.8800000000	0.1026357746
1538.8900000000	0.1052900339
1538.9000000000	0.1079363724
1538.9100000000	0.1109029857
1538.9200000000	0.1138802248
1538.9300000000	0.1160602198
1538.9400000000	0.1180933420
1538.9500000000	0.1196434487
1538.9600000000	0.1204016786
1538.9700000000	0.1205665930
1538.9800000000	0.1207563161
1538.9900000000	0.1204089598
1539.0000000000	0.1198756427
1539.0100000000	0.1194746490
1539.0200000000	0.1187595543
1539.0300000000	0.1186331876
1539.0400000000	0.1192675690
1539.0500000000	0.1204428016
1539.0600000000	0.1224359687
1539.0700000000	0.1253332032
1539.0800000000	0.1287294248
1539.0900000000	0.1326686778
1539.1000000000	0.1371773030
1539.1100000000	0.1414332689
1539.1200000000	0.1451842736
1539.1300000000	0.1485643504
1539.1400000000	0.1503073145
1539.1500000000	0.1511691266
1539.1600000000	0.1513095364
1539.1700000000	0.1505856843
1539.1800000000	0.1494373998
1539.1900000000	0.1480807471
1539.2000000000	0.1463992608
1539.2100000000	0.1449476054
1539.2200000000	0.1442871238
1539.2300000000	0.1438608782
1539.2400000000	0.1442190118
1539.2500000000	0.1452784545
1539.2600000000	0.1469824248
1539.2700000000	0.1493773406
1539.2800000000	0.1519925604
1539.2900000000	0.1545918618
1539.3000000000	0.1569761617
1539.3100000000	0.1587524579
1539.3200000000	0.1595463638
1539.3300000000	0.1591742193
1539.3400000000	0.1576429435
1539.3500000000	0.1551440145
1539.3600000000	0.1521210731
1539.3700000000	0.1488513735
1539.3800000000	0.1454659202
1539.3900000000	0.1423696522
1539.4000000000	0.1402374333
1539.4100000000	0.1390209839
1539.4200000000	0.1387544608
1539.4300000000	0.1391796689
1539.4400000000	0.1400884823
1539.4500000000	0.1414328872
1539.4600000000	0.1430237249
1539.4700000000	0.1446656554
1539.4800000000	0.1461394807
1539.4900000000	0.1471305079
1539.5000000000	0.1473573325
1539.5100000000	0.1467357949
1539.5200000000	0.1455294724
1539.5300000000	0.1440003605
1539.5400000000	0.1418617457
1539.5500000000	0.1393058292
1539.5600000000	0.1365339983
1539.5700000000	0.1339436044
1539.5800000000	0.1316465979
1539.5900000000	0.1297689759
1539.6000000000	0.1288450102
1539.6100000000	0.1288273076
1539.6200000000	0.1297718044
1539.6300000000	0.1315317884
1539.6400000000	0.1342070545
1539.6500000000	0.1371405591
1539.6600000000	0.1399235814
1539.6700000000	0.1425510287
1539.6800000000	0.1445507223
1539.6900000000	0.1453395522
1539.7000000000	0.1453659422
1539.7100000000	0.1446157279
1539.7200000000	0.1432964369
1539.7300000000	0.1417232023
1539.7400000000	0.1401311828
1539.7500000000	0.1382907096
1539.7600000000	0.1364929508
1539.7700000000	0.1350341307
1539.7800000000	0.1341055091
1539.7900000000	0.1336116658
1539.8000000000	0.1337118972
1539.8100000000	0.1345180411
1539.8200000000	0.1357816171
1539.8300000000	0.1378221947
1539.8400000000	0.1401973449
1539.8500000000	0.1424466392
1539.8600000000	0.1446722210
1539.8700000000	0.1462899940
1539.8800000000	0.1473922166
1539.8900000000	0.1478922354
1539.9000000000	0.1478550779
1539.9100000000	0.1472051751
1539.9200000000	0.1460359190
1539.9300000000	0.1443704225
1539.9400000000	0.1426008248
1539.9500000000	0.1410560275
1539.9600000000	0.1396317476
1539.9700000000	0.1385549482
1539.9800000000	0.1381173551
1539.9900000000	0.1379385744
1540.0000000000	0.1383118203
1540.0100000000	0.1393366808
1540.0200000000	0.1407189158
1540.0300000000	0.1422907330
1540.0400000000	0.1442473173
1540.0500000000	0.1458116027
1540.0600000000	0.1467560769
1540.0700000000	0.1473639237
1540.0800000000	0.1469999496
1540.0900000000	0.1459076887
1540.1000000000	0.1439012438
1540.1100000000	0.1411446102
1540.1200000000	0.1380154760
1540.1300000000	0.1347137627
1540.1400000000	0.1318457326
1540.1500000000	0.1293103716
1540.1600000000	0.1273774122
1540.1700000000	0.1261114219
1540.1800000000	0.1253924543
1540.1900000000	0.1253144437
1540.2000000000	0.1255974653
1540.2100000000	0.1258620599
1540.2200000000	0.1261042349
1540.2300000000	0.1264328597
1540.2400000000	0.1261056615
1540.2500000000	0.1253215910
1540.2600000000	0.1240200263
1540.2700000000	0.1221404491
1540.2800000000	0.1202111995
1540.2900000000	0.1179560335
1540.3000000000	0.1159058183
1540.3100000000	0.1140839783
1540.3200000000	0.1127807522
1540.3300000000	0.1119587154
1540.3400000000	0.1114802257
1540.3500000000	0.1117618020
1540.3600000000	0.1125986998
1540.3700000000	0.1139371461
1540.3800000000	0.1156312288
1540.3900000000	0.1175005091
1540.4000000000	0.1193220908
1540.4100000000	0.1207367127
1540.4200000000	0.1217989976
1540.4300000000	0.1223589394
1540.4400000000	0.1222218054
1540.4500000000	0.1217189752
1540.4600000000	0.1208618232
1540.4700000000	0.1198980814
1540.4800000000	0.1185720435
1540.4900000000	0.1172487341
1540.5000000000	0.1158552138
1540.5100000000	0.1147593641
1540.5200000000	0.1142198638
1540.5300000000	0.1144925380
1540.5400000000	0.1153932477
1540.5500000000	0.1169279412
1540.5600000000	0.1190073011
1540.5700000000	0.1213629739
1540.5800000000	0.1236536975
1540.5900000000	0.1259352161
1540.6000000000	0.1276773592
1540.6100000000	0.1286541368
1540.6200000000	0.1289001832
1540.6300000000	0.1288029281
1540.6400000000	0.1281614967
1540.6500000000	0.1272588113
1540.6600000000	0.1262895870
1540.6700000000	0.1248510490
1540.6800000000	0.1236325182
1540.6900000000	0.1226413867
1540.7000000000	0.1218333159
1540.7100000000	0.1214682674
1540.7200000000	0.1218245037
1540.7300000000	0.1232851425
1540.7400000000	0.1255165766
1540.7500000000	0.1282141617
1540.7600000000	0.1312037956
1540.7700000000	0.1339827849
1540.7800000000	0.1362197826
1540.7900000000	0.1377294277
1540.8000000000	0.1383933256
1540.8100000000	0.1379280713
1540.8200000000	0.1368080562
1540.8300000000	0.1351309216
1540.8400000000	0.1330733357
1540.8500000000	0.1309145179
1540.8600000000	0.1286289002
1540.8700000000	0.1265027814
1540.8800000000	0.1245502562
1540.8900000000	0.1230050728
1540.9000000000	0.1218202504
1540.9100000000	0.1210469308
1540.9200000000	0.1209458027
1540.9300000000	0.1213669301
1540.9400000000	0.1222622555
1540.9500000000	0.1232629929
1540.9600000000	0.1245838497
1540.9700000000	0.1254522443
1540.9800000000	0.1259134306
1540.9900000000	0.1255706802
1541.0000000000	0.1240464176
1541.0100000000	0.1219333421
1541.0200000000	0.1192848237
1541.0300000000	0.1163334638
1541.0400000000	0.1132436428
1541.0500000000	0.1103026392
1541.0600000000	0.1075246566
1541.0700000000	0.1051373076
1541.0800000000	0.1035696393
1541.0900000000	0.1024240534
1541.1000000000	0.1021039385
1541.1100000000	0.1024144503
1541.1200000000	0.1028911849
1541.1300000000	0.1037641959
1541.1400000000	0.1049023334
1541.1500000000	0.1059947358
1541.1600000000	0.1063389169
1541.1700000000	0.1062033043
1541.1800000000	0.1054053123
1541.1900000000	0.1040709136
1541.2000000000	0.1023238772
1541.2100000000	0.1001697147
1541.2200000000	0.0981144104
1541.2300000000	0.0959398426
1541.2400000000	0.0941244113
1541.2500000000	0.0925992217
1541.2600000000	0.0916530978
1541.2700000000	0.0914620955
1541.2800000000	0.0920764447
1541.2900000000	0.0934762516
1541.3000000000	0.0956299979
1541.3100000000	0.0985327460
1541.3200000000	0.1018845983
1541.3300000000	0.1051618963
1541.3400000000	0.1080831487
1541.3500000000	0.1101930398
1541.3600000000	0.1115372287
1541.3700000000	0.1117908159
1541.3800000000	0.1115183902
1541.3900000000	0.1105263797
1541.4000000000	0.1091899000
1541.4100000000	0.1078679990
1541.4200000000	0.1065179806
1541.4300000000	0.1053345277
1541.4400000000	0.1045558544
1541.4500000000	0.1045645315
1541.4600000000	0.1051871724
1541.4700000000	0.1065559799
1541.4800000000	0.1092824012
1541.4900000000	0.1127672428
1541.5000000000	0.1171705689
1541.5100000000	0.1227195231
1541.5200000000	0.1281889374
1541.5300000000	0.1333506206
1541.5400000000	0.1371830568
1541.5500000000	0.1392688909
1541.5600000000	0.1400169771
1541.5700000000	0.1394080167
1541.5800000000	0.1377172099
1541.5900000000	0.1356455379
1541.6000000000	0.1336060770
1541.6100000000	0.1317450224
1541.6200000000	0.1303674044
1541.6300000000	0.1295172219
1541.6400000000	0.1289763302
1541.6500000000	0.1293473766
1541.6600000000	0.1306229019
1541.6700000000	0.1324426010
1541.6800000000	0.1349432180
1541.6900000000	0.1385023969
1541.7000000000	0.1421823073
1541.7100000000	0.1457338400
1541.7200000000	0.1487263088
1541.7300000000	0.1503073116
1541.7400000000	0.1502272974
1541.7500000000	0.1486256893
1541.7600000000	0.1451939347
1541.7700000000	0.1403444174
1541.7800000000	0.1353313745
1541.7900000000	0.1306618473
1541.8000000000	0.1264221210
1541.8100000000	0.1232290831
1541.8200000000	0.1207171991
1541.8300000000	0.1190858934
1541.8400000000	0.1184967577
1541.8500000000	0.1187633748
1541.8600000000	0.1200996871
1541.8700000000	0.1221098810
1541.8800000000	0.1247069495
1541.8900000000	0.1275020639
1541.9000000000	0.1304839599
1541.9100000000	0.1325611696
1541.9200000000	0.1341807007
1541.9300000000	0.1350443308
1541.9400000000	0.1345546093
1541.9500000000	0.1327439339
1541.9600000000	0.1299958420
1541.9700000000	0.1263198809
1541.9800000000	0.1223099230
1541.9900000000	0.1184834347
1542.0000000000	0.1149334019
1542.0100000000	0.1119041059
1542.0200000000	0.1097308550
1542.0300000000	0.1081065984
1542.0400000000	0.1076636903
1542.0500000000	0.1085654288
1542.0600000000	0.1104792061
1542.0700000000	0.1129151111
1542.0800000000	0.1155893933
1542.0900000000	0.1184487491
1542.1000000000	0.1211024862
1542.1100000000	0.1232279963
1542.1200000000	0.1243512004
1542.1300000000	0.1244034008
1542.1400000000	0.1238014911
1542.1500000000	0.1222350675
1542.1600000000	0.1202014576
1542.1700000000	0.1178732766
1542.1800000000	0.1157034574
1542.1900000000	0.1136221522
1542.2000000000	0.1121218357
1542.2100000000	0.1113033765
1542.2200000000	0.1111827424
1542.2300000000	0.1121243945
1542.2400000000	0.1138659900
1542.2500000000	0.1164709926
1542.2600000000	0.1199075443
1542.2700000000	0.1235780746
1542.2800000000	0.1271431829
1542.2900000000	0.1301689542
1542.3000000000	0.1322732915
1542.3100000000	0.1333845694
1542.3200000000	0.1335456652
1542.3300000000	0.1325936173
1542.3400000000	0.1315143972
1542.3500000000	0.1303792991
1542.3600000000	0.1288395622
1542.3700000000	0.1277547405
1542.3800000000	0.1268675294
1542.3900000000	0.1260871624
1542.4000000000	0.1259398044
1542.4100000000	0.1263121164
1542.4200000000	0.1273882517
1542.4300000000	0.1295602951
1542.4400000000	0.1326924943
1542.4500000000	0.1361610830
1542.4600000000	0.1398603995
1542.4700000000	0.1436904748
1542.4800000000	0.1467575273
1542.4900000000	0.1486877027
1542.5000000000	0.1493361907
1542.5100000000	0.1484922059
1542.5200000000	0.1463591721
1542.5300000000	0.1435559029
1542.5400000000	0.1404469575
1542.5500000000	0.1372812934
1542.5600000000	0.1345715803
1542.5700000000	0.1324897148
1542.5800000000	0.1311240936
1542.5900000000	0.1306766764
1542.6000000000	0.1306738839
1542.6100000000	0.1314654053
1542.6200000000	0.1328055229
1542.6300000000	0.1344305705
1542.6400000000	0.1360749201
1542.6500000000	0.1375412732
1542.6600000000	0.1383683306
1542.6700000000	0.1382488808
1542.6800000000	0.1374443902
1542.6900000000	0.1355060696
1542.7000000000	0.1327652918
1542.7100000000	0.1296449969
1542.7200000000	0.1260702090
1542.7300000000	0.1224293785
1542.7400000000	0.1190572851
1542.7500000000	0.1160947134
1542.7600000000	0.1135830944
1542.7700000000	0.1120626382
1542.7800000000	0.1115202424
1542.7900000000	0.1118143081
1542.8000000000	0.1130091874
1542.8100000000	0.1149096923
1542.8200000000	0.1170969545
1542.8300000000	0.1194608637
1542.8400000000	0.1214601118
1542.8500000000	0.1229401491
1542.8600000000	0.1234781841
1542.8700000000	0.1231277083
1542.8800000000	0.1217374904
1542.8900000000	0.1198658452
1542.9000000000	0.1173859991
1542.9100000000	0.1147309085
1542.9200000000	0.1122771275
1542.9300000000	0.1099729978
1542.9400000000	0.1081870069
1542.9500000000	0.1068651075
1542.9600000000	0.1062756502
1542.9700000000	0.1062676282
1542.9800000000	0.1070263531
1542.9900000000	0.1086840879
1543.0000000000	0.1110933469
1543.0100000000	0.1138543814
1543.0200000000	0.1167808771
1543.0300000000	0.1196690177
1543.0400000000	0.1220260222
1543.0500000000	0.1235695136
1543.0600000000	0.1242301049
1543.0700000000	0.1238416339
1543.0800000000	0.1224427409
1543.0900000000	0.1204634045
1543.1000000000	0.1183000307
1543.1100000000	0.1162723610
1543.1200000000	0.1145459953
1543.1300000000	0.1130429097
1543.1400000000	0.1120037672
1543.1500000000	0.1115654806
1543.1600000000	0.1118769953
1543.1700000000	0.1132755357
1543.1800000000	0.1153333322
1543.1900000000	0.1180634291
1543.2000000000	0.1214659466
1543.2100000000	0.1250565182
1543.2200000000	0.1288563027
1543.2300000000	0.1321402535
1543.2400000000	0.1344670752
1543.2500000000	0.1357425857
1543.2600000000	0.1359212419
1543.2700000000	0.1352096051
1543.2800000000	0.1337952860
1543.2900000000	0.1319974121
1543.3000000000	0.1303042912
1543.3100000000	0.1289811538
1543.3200000000	0.1279406672
1543.3300000000	0.1274633352
1543.3400000000	0.1276671523
1543.3500000000	0.1284170749
1543.3600000000	0.1300041387
1543.3700000000	0.1324570312
1543.3800000000	0.1351705753
1543.3900000000	0.1382259658
1543.4000000000	0.1412407353
1543.4100000000	0.1440169077
1543.4200000000	0.1462298125
1543.4300000000	0.1477592011
1543.4400000000	0.1482746903
1543.4500000000	0.1476942639
1543.4600000000	0.1462890212
1543.4700000000	0.1447092613
1543.4800000000	0.1431542656
1543.4900000000	0.1416592908
1543.5000000000	0.1405890640
1543.5100000000	0.1400501414
1543.5200000000	0.1399383182
1543.5300000000	0.1406155617
1543.5400000000	0.1419493663
1543.5500000000	0.1437784143
1543.5600000000	0.1459433901
1543.5700000000	0.1484516193
1543.5800000000	0.1509580470
1543.5900000000	0.1530896508
1543.6000000000	0.1546535860
1543.6100000000	0.1552159873
1543.6200000000	0.1545417549
1543.6300000000	0.1527326949
1543.6400000000	0.1501240713
1543.6500000000	0.1469098327
1543.6600000000	0.1437872058
1543.6700000000	0.1410002500
1543.6800000000	0.1388132557
1543.6900000000	0.1373703778
1543.7000000000	0.1364890242
1543.7100000000	0.1362410217
1543.7200000000	0.1366247693
1543.7300000000	0.1377625665
1543.7400000000	0.1391233879
1543.7500000000	0.1403913358
1543.7600000000	0.1419446825
1543.7700000000	0.1432264285
1543.7800000000	0.1442902331
1543.7900000000	0.1447504540
1543.8000000000	0.1443080331
1543.8100000000	0.1428230479
1543.8200000000	0.1404031257
1543.8300000000	0.1371373788
1543.8400000000	0.1333888059
1543.8500000000	0.1293271699
1543.8600000000	0.1253728594
1543.8700000000	0.1216316547
1543.8800000000	0.1186835824
1543.8900000000	0.1165951835
1543.9000000000	0.1156369640
1543.9100000000	0.1158104343
1543.9200000000	0.1169334282
1543.9300000000	0.1186802322
1543.9400000000	0.1208926021
1543.9500000000	0.1233092051
1543.9600000000	0.1254100287
1543.9700000000	0.1269794464
1543.9800000000	0.1277461329
1543.9900000000	0.1277801983
1544.0000000000	0.1269564270
1544.0100000000	0.1252272646
1544.0200000000	0.1227792561
1544.0300000000	0.1199841402
1544.0400000000	0.1170543056
1544.0500000000	0.1142640160
1544.0600000000	0.1117271289
1544.0700000000	0.1096020297
1544.0800000000	0.1082137235
1544.0900000000	0.1077972677
1544.1000000000	0.1082068606
1544.1100000000	0.1094088150
1544.1200000000	0.1113590913
1544.1300000000	0.1138541981
1544.1400000000	0.1165667004
1544.1500000000	0.1191222547
1544.1600000000	0.1211045554
1544.1700000000	0.1219388508
1544.1800000000	0.1214964292
1544.1900000000	0.1201846254
1544.2000000000	0.1179651577
1544.2100000000	0.1152042210
1544.2200000000	0.1124783303
1544.2300000000	0.1100469817
1544.2400000000	0.1078659261
1544.2500000000	0.1066144905
1544.2600000000	0.1059709030
1544.2700000000	0.1060383634
1544.2800000000	0.1068985104
1544.2900000000	0.1084326013
1544.3000000000	0.1106507390
1544.3100000000	0.1135081553
1544.3200000000	0.1169477330
1544.3300000000	0.1204706628
1544.3400000000	0.1238721986
1544.3500000000	0.1270059268
1544.3600000000	0.1294723128
1544.3700000000	0.1310924854
1544.3800000000	0.1316240094
1544.3900000000	0.1311391898
1544.4000000000	0.1299220166
1544.4100000000	0.1282571729
1544.4200000000	0.1265066562
1544.4300000000	0.1248967997
1544.4400000000	0.1237112934
1544.4500000000	0.1227024695
1544.4600000000	0.1225310126
1544.4700000000	0.1231147664
1544.4800000000	0.1244646229
1544.4900000000	0.1269591739
1544.5000000000	0.1300660001
1544.5100000000	0.1332520915
1544.5200000000	0.1368977172
1544.5300000000	0.1404052419
1544.5400000000	0.1430171588
1544.5500000000	0.1446387569
1544.5600000000	0.1453029746
1544.5700000000	0.1444566698
1544.5800000000	0.1424886191
1544.5900000000	0.1396011945
1544.6000000000	0.1362336325
1544.6100000000	0.1329591368
1544.6200000000	0.1301881103
1544.6300000000	0.1280816365
1544.6400000000	0.1266777390
1544.6500000000	0.1261928886
1544.6600000000	0.1267612827
1544.6700000000	0.1280683575
1544.6800000000	0.1302867360
1544.6900000000	0.1329741224
1544.7000000000	0.1358064984
1544.7100000000	0.1381700014
1544.7200000000	0.1399341135
1544.7300000000	0.1410193817
1544.7400000000	0.1412113327
1544.7500000000	0.1404923286
1544.7600000000	0.1386868826
1544.7700000000	0.1361482718
1544.7800000000	0.1331391663
1544.7900000000	0.1302037944
1544.8000000000	0.1274574076
1544.8100000000	0.1249012374
1544.8200000000	0.1226552783
1544.8300000000	0.1208780461
1544.8400000000	0.1198218905
1544.8500000000	0.1195344739
1544.8600000000	0.1199621653
1544.8700000000	0.1210173227
1544.8800000000	0.1226585516
1544.8900000000	0.1246394281
1544.9000000000	0.1266409643
1544.9100000000	0.1285192842
1544.9200000000	0.1297831210
1544.9300000000	0.1301294736
1544.9400000000	0.1294080439
1544.9500000000	0.1276627619
1544.9600000000	0.1249477649
1544.9700000000	0.1218005389
1544.9800000000	0.1187058165
1544.9900000000	0.1159329942
1545.0000000000	0.1135950591
1545.0100000000	0.1120868117
1545.0200000000	0.1111303602
1545.0300000000	0.1110152595
1545.0400000000	0.1117829352
1545.0500000000	0.1134625127
1545.0600000000	0.1156247890
1545.0700000000	0.1180534488
1545.0800000000	0.1206959012
1545.0900000000	0.1229394153
1545.1000000000	0.1250079651
1545.1100000000	0.1266566850
1545.1200000000	0.1273048194
1545.1300000000	0.1270492803
1545.1400000000	0.1260552884
1545.1500000000	0.1242088304
1545.1600000000	0.1220784221
1545.1700000000	0.1202280942
1545.1800000000	0.1183839577
1545.1900000000	0.1169432120
1545.2000000000	0.1162506903
1545.2100000000	0.1163466012
1545.2200000000	0.1178491367
1545.2300000000	0.1203105165
1545.2400000000	0.1232081404
1545.2500000000	0.1267446445
1545.2600000000	0.1308005271
1545.2700000000	0.1343962748
1545.2800000000	0.1378001634
1545.2900000000	0.1405103947
1545.3000000000	0.1417503902
1545.3100000000	0.1420308700
1545.3200000000	0.1415362962
1545.3300000000	0.1397147493
1545.3400000000	0.1374673922
1545.3500000000	0.1352581029
1545.3600000000	0.1327086240
1545.3700000000	0.1301505936
1545.3800000000	0.1281098330
1545.3900000000	0.1264163605
1545.4000000000	0.1252461820
1545.4100000000	0.1251270872
1545.4200000000	0.1257052197
1545.4300000000	0.1270271154
1545.4400000000	0.1291521758
1545.4500000000	0.1317089167
1545.4600000000	0.1342368062
1545.4700000000	0.1367503362
1545.4800000000	0.1385461501
1545.4900000000	0.1389264108
1545.5000000000	0.1378576674
1545.5100000000	0.1352095307
1545.5200000000	0.1315553359
1545.5300000000	0.1279915305
1545.5400000000	0.1242049659
1545.5500000000	0.1208771448
1545.5600000000	0.1184005645
1545.5700000000	0.1164406660
1545.5800000000	0.1151395440
1545.5900000000	0.1149284058
1545.6000000000	0.1150246410
1545.6100000000	0.1156598817
1545.6200000000	0.1170299339
1545.6300000000	0.1186394420
1545.6400000000	0.1206273634
1545.6500000000	0.1230709791
1545.6600000000	0.1254374782
1545.6700000000	0.1273653669
1545.6800000000	0.1289508557
1545.6900000000	0.1296050614
1545.7000000000	0.1288642292
1545.7100000000	0.1272392692
1545.7200000000	0.1248577343
1545.7300000000	0.1220182658
1545.7400000000	0.1192567045
1545.7500000000	0.1166579268
1545.7600000000	0.1147478539
1545.7700000000	0.1137768153
1545.7800000000	0.1137862196
1545.7900000000	0.1144770518
1545.8000000000	0.1159036809
1545.8100000000	0.1177593731
1545.8200000000	0.1199118386
1545.8300000000	0.1224468739
1545.8400000000	0.1247115583
1545.8500000000	0.1265161748
1545.8600000000	0.1279817788
1545.8700000000	0.1287933914
1545.8800000000	0.1287597670
1545.8900000000	0.1282497449
1545.9000000000	0.1273356183
1545.9100000000	0.1258150069
1545.9200000000	0.1240959030
1545.9300000000	0.1222781138
1545.9400000000	0.1205890340
1545.9500000000	0.1195291135
1545.9600000000	0.1193012636
1545.9700000000	0.1197850121
1545.9800000000	0.1209277766
1545.9900000000	0.1229234133
1546.0000000000	0.1254993041
1546.0100000000	0.1282136574
1546.0200000000	0.1308196237
1546.0300000000	0.1330910231
1546.0400000000	0.1347222732
1546.0500000000	0.1355598938
1546.0600000000	0.1354802545
1546.0700000000	0.1344794475
1546.0800000000	0.1327544083
1546.0900000000	0.1305525740
1546.1000000000	0.1277873278
1546.1100000000	0.1250028643
1546.1200000000	0.1224999973
1546.1300000000	0.1203921468
1546.1400000000	0.1188819172
1546.1500000000	0.1182129115
1546.1600000000	0.1182651691
1546.1700000000	0.1189500181
1546.1800000000	0.1202784602
1546.1900000000	0.1220946312
1546.2000000000	0.1240779653
1546.2100000000	0.1259491852
1546.2200000000	0.1275181279
1546.2300000000	0.1285134486
1546.2400000000	0.1287577904
1546.2500000000	0.1281704896
1546.2600000000	0.1268652834
1546.2700000000	0.1249474642
1546.2800000000	0.1225153277
1546.2900000000	0.1197162034
1546.3000000000	0.1169764954
1546.3100000000	0.1145759793
1546.3200000000	0.1128288100
1546.3300000000	0.1115318746
1546.3400000000	0.1108959057
1546.3500000000	0.1108978851
1546.3600000000	0.1117502305
1546.3700000000	0.1134451733
1546.3800000000	0.1157465067
1546.3900000000	0.1181794440
1546.4000000000	0.1208199774
1546.4100000000	0.1232028830
1546.4200000000	0.1250870879
1546.4300000000	0.1262966569
1546.4400000000	0.1267706841
1546.4500000000	0.1263601008
1546.4600000000	0.1251815822
1546.4700000000	0.1234246751
1546.4800000000	0.1213990749
1546.4900000000	0.1193952051
1546.5000000000	0.1175373393
1546.5100000000	0.1160896063
1546.5200000000	0.1152434046
1546.5300000000	0.1150431260
1546.5400000000	0.1157476969
1546.5500000000	0.1172414351
1546.5600000000	0.1192552275
1546.5700000000	0.1215637921
1546.5800000000	0.1240630123
1546.5900000000	0.1262083229
1546.6000000000	0.1279574412
1546.6100000000	0.1289506356
1546.6200000000	0.1290318985
1546.6300000000	0.1285398482
1546.6400000000	0.1274429421
1546.6500000000	0.1259392749
1546.6600000000	0.1239638901
1546.6700000000	0.1219214467
1546.6800000000	0.1200247190
1546.6900000000	0.1184974631
1546.7000000000	0.1173219721
1546.7100000000	0.1166186419
1546.7200000000	0.1166385798
1546.7300000000	0.1173957690
1546.7400000000	0.1189897486
1546.7500000000	0.1213112948
1546.7600000000	0.1239922054
1546.7700000000	0.1268090057
1546.7800000000	0.1295092457
1546.7900000000	0.1319122466
1546.8000000000	0.1334781691
1546.8100000000	0.1339856554
1546.8200000000	0.1333874237
1546.8300000000	0.1317203511
1546.8400000000	0.1294956875
1546.8500000000	0.1267897025
1546.8600000000	0.1240304722
1546.8700000000	0.1215240335
1546.8800000000	0.1195693022
1546.8900000000	0.1180583111
1546.9000000000	0.1170514239
1546.9100000000	0.1169409225
1546.9200000000	0.1171656733
1546.9300000000	0.1178783946
1546.9400000000	0.1190947373
1546.9500000000	0.1204654915
1546.9600000000	0.1218747984
1546.9700000000	0.1232540529
1546.9800000000	0.1244126564
1546.9900000000	0.1250450097
1547.0000000000	0.1249747656
1547.0100000000	0.1241099649
1547.0200000000	0.1223792980
1547.0300000000	0.1200431055
1547.0400000000	0.1172571258
1547.0500000000	0.1143018550
1547.0600000000	0.1113392791
1547.0700000000	0.1085441126
1547.0800000000	0.1061321800
1547.0900000000	0.1044980926
1547.1000000000	0.1036559360
1547.1100000000	0.1035983159
1547.1200000000	0.1041916352
1547.1300000000	0.1050791622
1547.1400000000	0.1063741155
1547.1500000000	0.1078348587
1547.1600000000	0.1089732314
1547.1700000000	0.1095128209
1547.1800000000	0.1092787967
1547.1900000000	0.1084366761
1547.2000000000	0.1071018176
1547.2100000000	0.1054623782
1547.2200000000	0.1035388803
1547.2300000000	0.1013598644
1547.2400000000	0.0991276394
1547.2500000000	0.0971310456
1547.2600000000	0.0954914850
1547.2700000000	0.0942612651
1547.2800000000	0.0936622734
1547.2900000000	0.0937592669
1547.3000000000	0.0944602140
1547.3100000000	0.0959426966
1547.3200000000	0.0980768339
1547.3300000000	0.1005808109
1547.3400000000	0.1031864635
1547.3500000000	0.1054412017
1547.3600000000	0.1069768344
1547.3700000000	0.1077039329
1547.3800000000	0.1074479165
1547.3900000000	0.1062926895
1547.4000000000	0.1045453818
1547.4100000000	0.1024593086
1547.4200000000	0.1003172466
1547.4300000000	0.0983646030
1547.4400000000	0.0967814649
1547.4500000000	0.0957821019
1547.4600000000	0.0955785379
1547.4700000000	0.0961777720
1547.4800000000	0.0974054793
1547.4900000000	0.0992468437
1547.5000000000	0.1017765429
1547.5100000000	0.1049116101
1547.5200000000	0.1084405299
1547.5300000000	0.1121458077
1547.5400000000	0.1157645602
1547.5500000000	0.1189929273
1547.5600000000	0.1216030527
1547.5700000000	0.1233407565
1547.5800000000	0.1242149709
1547.5900000000	0.1241814253
1547.6000000000	0.1230717552
1547.6100000000	0.1212779096
1547.6200000000	0.1191972660
1547.6300000000	0.1173129975
1547.6400000000	0.1159823399
1547.6500000000	0.1151851094
1547.6600000000	0.1150432453
1547.6700000000	0.1155587498
1547.6800000000	0.1169509836
1547.6900000000	0.1186997412
1547.7000000000	0.1209523171
1547.7100000000	0.1232575292
1547.7200000000	0.1253672344
1547.7300000000	0.1272772992
1547.7400000000	0.1288104321
1547.7500000000	0.1297714692
1547.7600000000	0.1301369746
1547.7700000000	0.1299516183
1547.7800000000	0.1291598494
1547.7900000000	0.1277164888
1547.8000000000	0.1257077480
1547.8100000000	0.1235481395
1547.8200000000	0.1214514539
1547.8300000000	0.1195282462
1547.8400000000	0.1179565360
1547.8500000000	0.1169040279
1547.8600000000	0.1164388549
1547.8700000000	0.1166778388
1547.8800000000	0.1172837512
1547.8900000000	0.1182587542
1547.9000000000	0.1194967279
1547.9100000000	0.1202949049
1547.9200000000	0.1206510439
1547.9300000000	0.1206680587
1547.9400000000	0.1202393276
1547.9500000000	0.1195089684
1547.9600000000	0.1184654993
1547.9700000000	0.1169621780
1547.9800000000	0.1150877366
1547.9900000000	0.1131033757
1548.0000000000	0.1110123779
1548.0100000000	0.1090815956
1548.0200000000	0.1073030327
1548.0300000000	0.1056389899
1548.0400000000	0.1044290864
1548.0500000000	0.1037490657
1548.0600000000	0.1035222046
1548.0700000000	0.1039077154
1548.0800000000	0.1048446065
1548.0900000000	0.1059202729
1548.1000000000	0.1069454949
1548.1100000000	0.1079553113
1548.1200000000	0.1086017296
1548.1300000000	0.1087161401
1548.1400000000	0.1083326155
1548.1500000000	0.1074397467
1548.1600000000	0.1060788792
1548.1700000000	0.1046165377
1548.1800000000	0.1029066814
1548.1900000000	0.1011208341
1548.2000000000	0.0996844944
1548.2100000000	0.0985663276
1548.2200000000	0.0978089690
1548.2300000000	0.0976142587
1548.2400000000	0.0980724760
1548.2500000000	0.0991097241
1548.2600000000	0.1007082944
1548.2700000000	0.1025444736
1548.2800000000	0.1043430249
1548.2900000000	0.1060801873
1548.3000000000	0.1075927002
1548.3100000000	0.1085723597
1548.3200000000	0.1090701575
1548.3300000000	0.1092192009
1548.3400000000	0.1087311917
1548.3500000000	0.1079159760
1548.3600000000	0.1070187767
1548.3700000000	0.1060452689
1548.3800000000	0.1050580615
1548.3900000000	0.1041692956
1548.4000000000	0.1033649987
1548.4100000000	0.1028452046
1548.4200000000	0.1028214013
1548.4300000000	0.1031639402
1548.4400000000	0.1039463052
1548.4500000000	0.1052743837
1548.4600000000	0.1070513350
1548.4700000000	0.1090918117
1548.4800000000	0.1111842182
1548.4900000000	0.1128238465
1548.5000000000	0.1138691397
1548.5100000000	0.1143406738
1548.5200000000	0.1141498959
1548.5300000000	0.1134311317
1548.5400000000	0.1124625211
1548.5500000000	0.1112160347
1548.5600000000	0.1097859353
1548.5700000000	0.1084737605
1548.5800000000	0.1073625454
1548.5900000000	0.1065390033
1548.6000000000	0.1061883460
1548.6100000000	0.1061326991
1548.6200000000	0.1063739557
1548.6300000000	0.1072044470
1548.6400000000	0.1084099067
1548.6500000000	0.1098995898
1548.6600000000	0.1116982971
1548.6700000000	0.1133906767
1548.6800000000	0.1147963361
1548.6900000000	0.1160031083
1548.7000000000	0.1165319822
1548.7100000000	0.1165901776
1548.7200000000	0.1164198201
1548.7300000000	0.1155725666
1548.7400000000	0.1144750178
1548.7500000000	0.1133277961
1548.7600000000	0.1122818703
1548.7700000000	0.1112984125
1548.7800000000	0.1108303497
1548.7900000000	0.1106565005
1548.8000000000	0.1108837226
1548.8100000000	0.1117508685
1548.8200000000	0.1131084351
1548.8300000000	0.1149047312
1548.8400000000	0.1170550022
1548.8500000000	0.1191705741
1548.8600000000	0.1209831076
1548.8700000000	0.1223893774
1548.8800000000	0.1232157233
1548.8900000000	0.1233675700
1548.9000000000	0.1229435124
1548.9100000000	0.1219217957
1548.9200000000	0.1201605365
1548.9300000000	0.1180889218
1548.9400000000	0.1159425342
1548.9500000000	0.1138934295
1548.9600000000	0.1122419154
1548.9700000000	0.1109611438
1548.9800000000	0.1101268891
1548.9900000000	0.1099658200
1549.0000000000	0.1103372727
1549.0100000000	0.1112483535
1549.0200000000	0.1126814261
1549.0300000000	0.1143216330
1549.0400000000	0.1159507922
1549.0500000000	0.1173899861
1549.0600000000	0.1183260548
1549.0700000000	0.1187613669
1549.0800000000	0.1188589140
1549.0900000000	0.1185178974
1549.1000000000	0.1177536044
1549.1100000000	0.1167093675
1549.1200000000	0.1153550031
1549.1300000000	0.1138091489
1549.1400000000	0.1123143693
1549.1500000000	0.1107508900
1549.1600000000	0.1091677024
1549.1700000000	0.1078782051
1549.1800000000	0.1068506981
1549.1900000000	0.1061372434
1549.2000000000	0.1060043503
1549.2100000000	0.1064329959
1549.2200000000	0.1070112569
1549.2300000000	0.1075214663
1549.2400000000	0.1077590151
1549.2500000000	0.1077094463
1549.2600000000	0.1070998430
1549.2700000000	0.1059299825
1549.2800000000	0.1041185613
1549.2900000000	0.1021071308
1549.3000000000	0.1001289460
1549.3100000000	0.0983489801
1549.3200000000	0.0968046323
1549.3300000000	0.0957068011
1549.3400000000	0.0948186883
1549.3500000000	0.0942772273
1549.3600000000	0.0940926205
1549.3700000000	0.0941873153
1549.3800000000	0.0945511182
1549.3900000000	0.0952532909
1549.4000000000	0.0962285211
1549.4100000000	0.0972702357
1549.4200000000	0.0981526749
1549.4300000000	0.0986540902
1549.4400000000	0.0989032932
1549.4500000000	0.0988368394
1549.4600000000	0.0983626321
1549.4700000000	0.0976194031
1549.4800000000	0.0966436910
1549.4900000000	0.0956608560
1549.5000000000	0.0948303457
1549.5100000000	0.0944457002
1549.5200000000	0.0943862251
1549.5300000000	0.0946315586
1549.5400000000	0.0952461179
1549.5500000000	0.0962993056
1549.5600000000	0.0977557071
1549.5700000000	0.0995857388
1549.5800000000	0.1016576236
1549.5900000000	0.1039281325
1549.6000000000	0.1062702176
1549.6100000000	0.1085034404
1549.6200000000	0.1105424467
1549.6300000000	0.1123094717
1549.6400000000	0.1136124923
1549.6500000000	0.1143659265
1549.6600000000	0.1146751322
1549.6700000000	0.1145748908
1549.6800000000	0.1141436609
1549.6900000000	0.1135509883
1549.7000000000	0.1130486112
1549.7100000000	0.1128128182
1549.7200000000	0.1129849964
1549.7300000000	0.1133410310
1549.7400000000	0.1139496261
1549.7500000000	0.1151315948
1549.7600000000	0.1165343636
1549.7700000000	0.1183871585
1549.7800000000	0.1205692159
1549.7900000000	0.1226201669
1549.8000000000	0.1246740995
1549.8100000000	0.1265258278
1549.8200000000	0.1278888311
1549.8300000000	0.1286558225
1549.8400000000	0.1287469640
1549.8500000000	0.1280697042
1549.8600000000	0.1269472645
1549.8700000000	0.1254945629
1549.8800000000	0.1239659597
1549.8900000000	0.1226995888
1549.9000000000	0.1215887518
1549.9100000000	0.1207785448
1549.9200000000	0.1202121776
1549.9300000000	0.1198210160
1549.9400000000	0.1196594076
1549.9500000000	0.1198141625
1549.9600000000	0.1202568662
1549.9700000000	0.1207296307
1549.9800000000	0.1213170111
1549.9900000000	0.1220150734
1550.0000000000	0.1225582463
1550.0100000000	0.1226525811
1550.0200000000	0.1221824418
1550.0300000000	0.1211167808
1550.0400000000	0.1194505981
1550.0500000000	0.1174053992
1550.0600000000	0.1151814242
1550.0700000000	0.1127950746
1550.0800000000	0.1104337888
1550.0900000000	0.1082935402
1550.1000000000	0.1065585068
1550.1100000000	0.1052057312
1550.1200000000	0.1043152653
1550.1300000000	0.1037808985
1550.1400000000	0.1036468166
1550.1500000000	0.1038255868
1550.1600000000	0.1042293039
1550.1700000000	0.1047724125
1550.1800000000	0.1052474617
1550.1900000000	0.1055635018
1550.2000000000	0.1055533890
1550.2100000000	0.1051313609
1550.2200000000	0.1043456594
1550.2300000000	0.1032666401
1550.2400000000	0.1019561065
1550.2500000000	0.1006178387
1550.2600000000	0.0994503237
1550.2700000000	0.0984212346
1550.2800000000	0.0976650540
1550.2900000000	0.0974124779
1550.3000000000	0.0974809524
1550.3100000000	0.0979792713
1550.3200000000	0.0987232265
1550.3300000000	0.0996993769
1550.3400000000	0.1008101171
1550.3500000000	0.1021635130
1550.3600000000	0.1035720502
1550.3700000000	0.1048917439
1550.3800000000	0.1060120696
1550.3900000000	0.1066387733
1550.4000000000	0.1069153750
1550.4100000000	0.1068506069
1550.4200000000	0.1065483792
1550.4300000000	0.1060352573
1550.4400000000	0.1055372291
1550.4500000000	0.1052997702
1550.4600000000	0.1053401723
1550.4700000000	0.1058165466
1550.4800000000	0.1068604892
1550.4900000000	0.1082224152
1550.5000000000	0.1099726174
1550.5100000000	0.1121710684
1550.5200000000	0.1147051087
1550.5300000000	0.1173767960
1550.5400000000	0.1202401595
1550.5500000000	0.1229534925
1550.5600000000	0.1254887881
1550.5700000000	0.1276947140
1550.5800000000	0.1292165504
1550.5900000000	0.1301728165
1550.6000000000	0.1304982268
1550.6100000000	0.1299951347
1550.6200000000	0.1289300295
1550.6300000000	0.1276388880
1550.6400000000	0.1266216080
1550.6500000000	0.1258195199
1550.6600000000	0.1254497483
1550.6700000000	0.1255095874
1550.6800000000	0.1259941265
1550.6900000000	0.1267584812
1550.7000000000	0.1277687445
1550.7100000000	0.1290792310
1550.7200000000	0.1304989564
1550.7300000000	0.1317561561
1550.7400000000	0.1326142249
1550.7500000000	0.1330586695
1550.7600000000	0.1330704606
1550.7700000000	0.1326202953
1550.7800000000	0.1317389359
1550.7900000000	0.1301872566
1550.8000000000	0.1280295393
1550.8100000000	0.1255009967
1550.8200000000	0.1226800931
1550.8300000000	0.1199816075
1550.8400000000	0.1175156070
1550.8500000000	0.1151886478
1550.8600000000	0.1129966044
1550.8700000000	0.1112582805
1550.8800000000	0.1099375365
1550.8900000000	0.1088137960
1550.9000000000	0.1080782638
1550.9100000000	0.1074011001
1550.9200000000	0.1068235177
1550.9300000000	0.1062773704
1550.9400000000	0.1055844645
1550.9500000000	0.1046628816
1550.9600000000	0.1034156180
1550.9700000000	0.1019021030
1550.9800000000	0.1001073992
1550.9900000000	0.0979581615
1551.0000000000	0.0956533823
1551.0100000000	0.0934809010
1551.0200000000	0.0915422579
1551.0300000000	0.0898258176
1551.0400000000	0.0883865105
1551.0500000000	0.0871716313
1551.0600000000	0.0862826768
1551.0700000000	0.0858115255
1551.0800000000	0.0855299781
1551.0900000000	0.0853413259
1551.1000000000	0.0852755109
1551.1100000000	0.0852976925
1551.1200000000	0.0852183963
1551.1300000000	0.0852257595
1551.1400000000	0.0851479387
1551.1500000000	0.0850685716
1551.1600000000	0.0848518804
1551.1700000000	0.0844527954
1551.1800000000	0.0839601693
1551.1900000000	0.0833472354
1551.2000000000	0.0827377288
1551.2100000000	0.0822976396
1551.2200000000	0.0820543732
1551.2300000000	0.0820555573
1551.2400000000	0.0823773989
1551.2500000000	0.0829525545
1551.2600000000	0.0837140047
1551.2700000000	0.0846947878
1551.2800000000	0.0858997431
1551.2900000000	0.0872226803
1551.3000000000	0.0885456160
1551.3100000000	0.0898660203
1551.3200000000	0.0911080416
1551.3300000000	0.0920018059
1551.3400000000	0.0928096103
1551.3500000000	0.0934414731
1551.3600000000	0.0938218817
1551.3700000000	0.0941278335
1551.3800000000	0.0945034394
1551.3900000000	0.0949268375
1551.4000000000	0.0955732964
1551.4100000000	0.0965329644
1551.4200000000	0.0976242073
1551.4300000000	0.0990357997
1551.4400000000	0.1007375517
1551.4500000000	0.1025717101
1551.4600000000	0.1047191106
1551.4700000000	0.1067946413
1551.4800000000	0.1086525377
1551.4900000000	0.1103649616
1551.5000000000	0.1118189241
1551.5100000000	0.1128438323
1551.5200000000	0.1134136936
1551.5300000000	0.1136069742
1551.5400000000	0.1135206046
1551.5500000000	0.1131176398
1551.5600000000	0.1123417477
1551.5700000000	0.1114121132
1551.5800000000	0.1106047658
1551.5900000000	0.1100123867
1551.6000000000	0.1096863884
1551.6100000000	0.1095380424
1551.6200000000	0.1097130208
1551.6300000000	0.1099386361
1551.6400000000	0.1105150592
1551.6500000000	0.1115201024
1551.6600000000	0.1123894970
1551.6700000000	0.1131407291
1551.6800000000	0.1135823701
1551.6900000000	0.1138215469
1551.7000000000	0.1136334488
1551.7100000000	0.1132343036
1551.7200000000	0.1125127131
1551.7300000000	0.1114111330
1551.7400000000	0.1103000201
1551.7500000000	0.1090600031
1551.7600000000	0.1079219134
1551.7700000000	0.1069740661
1551.7800000000	0.1061724859
1551.7900000000	0.1055938377
1551.8000000000	0.1054381464
1551.8100000000	0.1057086920
1551.8200000000	0.1062597975
1551.8300000000	0.1071295098
1551.8400000000	0.1081562946
1551.8500000000	0.1091616845
1551.8600000000	0.1100849052
1551.8700000000	0.1108939630
1551.8800000000	0.1114566583
1551.8900000000	0.1117505477
1551.9000000000	0.1115886361
1551.9100000000	0.1109585682
1551.9200000000	0.1101006190
1551.9300000000	0.1090916668
1551.9400000000	0.1078419717
1551.9500000000	0.1068225220
1551.9600000000	0.1059395198
1551.9700000000	0.1051788709
1551.9800000000	0.1047310276
1551.9900000000	0.1048037929
1552.0000000000	0.1051738234
1552.0100000000	0.1058315858
1552.0200000000	0.1069131320
1552.0300000000	0.1082034534
1552.0400000000	0.1096536818
1552.0500000000	0.1112733844
1552.0600000000	0.1126821378
1552.0700000000	0.1138052483
1552.0800000000	0.1147065975
1552.0900000000	0.1148504562
1552.1000000000	0.1143283096
1552.1100000000	0.1134002277
1552.1200000000	0.1118815568
1552.1300000000	0.1099627105
1552.1400000000	0.1080144760
1552.1500000000	0.1061726331
1552.1600000000	0.1046244915
1552.1700000000	0.1038556983
1552.1800000000	0.1035402868
1552.1900000000	0.1034422888
1552.2000000000	0.1042087799
1552.2100000000	0.1052282583
1552.2200000000	0.1061718370
1552.2300000000	0.1078175444
1552.2400000000	0.1091829035
1552.2500000000	0.1103926252
1552.2600000000	0.1116980300
1552.2700000000	0.1124001461
1552.2800000000	0.1127441391
1552.2900000000	0.1128581473
1552.3000000000	0.1126894961
1552.3100000000	0.1120008999
1552.3200000000	0.1109533586
1552.3300000000	0.1098720678
1552.3400000000	0.1087359650
1552.3500000000	0.1077103829
1552.3600000000	0.1070350512
1552.3700000000	0.1066316525
1552.3800000000	0.1066602621
1552.3900000000	0.1072896100
1552.4000000000	0.1081738737
1552.4100000000	0.1093926276
1552.4200000000	0.1108682141
1552.4300000000	0.1121197293
1552.4400000000	0.1132599933
1552.4500000000	0.1140753981
1552.4600000000	0.1145822233
1552.4700000000	0.1147543834
1552.4800000000	0.1145521383
1552.4900000000	0.1137915323
1552.5000000000	0.1127427073
1552.5100000000	0.1117724239
1552.5200000000	0.1108253458
1552.5300000000	0.1100725266
1552.5400000000	0.1096076117
1552.5500000000	0.1094391482
1552.5600000000	0.1097139707
1552.5700000000	0.1104560636
1552.5800000000	0.1115129464
1552.5900000000	0.1128164194
1552.6000000000	0.1143273370
1552.6100000000	0.1158389592
1552.6200000000	0.1171551802
1552.6300000000	0.1182674233
1552.6400000000	0.1190648705
1552.6500000000	0.1195592879
1552.6600000000	0.1197474710
1552.6700000000	0.1194197880
1552.6800000000	0.1186814817
1552.6900000000	0.1176849015
1552.7000000000	0.1164574320
1552.7100000000	0.1152828197
1552.7200000000	0.1144141229
1552.7300000000	0.1138784511
1552.7400000000	0.1139389366
1552.7500000000	0.1144784362
1552.7600000000	0.1155262837
1552.7700000000	0.1170820826
1552.7800000000	0.1190215345
1552.7900000000	0.1211236635
1552.8000000000	0.1232396163
1552.8100000000	0.1254210295
1552.8200000000	0.1274904006
1552.8300000000	0.1292688276
1552.8400000000	0.1307209621
1552.8500000000	0.1316193851
1552.8600000000	0.1318830800
1552.8700000000	0.1317622955
1552.8800000000	0.1310760411
1552.8900000000	0.1299127771
1552.9000000000	0.1283339749
1552.9100000000	0.1263998763
1552.9200000000	0.1245011903
1552.9300000000	0.1228148620
1552.9400000000	0.1214123802
1552.9500000000	0.1206331175
1552.9600000000	0.1203634642
1552.9700000000	0.1205556500
1552.9800000000	0.1213266203
1552.9900000000	0.1224557635
1553.0000000000	0.1237755684
1553.0100000000	0.1249079444
1553.0200000000	0.1255826064
1553.0300000000	0.1258321910
1553.0400000000	0.1255179950
1553.0500000000	0.1245551682
1553.0600000000	0.1230385052
1553.0700000000	0.1211985154
1553.0800000000	0.1192690978
1553.0900000000	0.1171966420
1553.1000000000	0.1151592892
1553.1100000000	0.1132164512
1553.1200000000	0.1114732982
1553.1300000000	0.1100728288
1553.1400000000	0.1088242287
1553.1500000000	0.1080223020
1553.1600000000	0.1076589714
1553.1700000000	0.1077824887
1553.1800000000	0.1082906477
1553.1900000000	0.1091019238
1553.2000000000	0.1101023153
1553.2100000000	0.1111049649
1553.2200000000	0.1119055041
1553.2300000000	0.1122796966
1553.2400000000	0.1120557757
1553.2500000000	0.1114178370
1553.2600000000	0.1103146042
1553.2700000000	0.1086964011
1553.2800000000	0.1070929525
1553.2900000000	0.1055878069
1553.3000000000	0.1042697607
1553.3100000000	0.1032960702
1553.3200000000	0.1026408534
1553.3300000000	0.1022618924
1553.3400000000	0.1022001004
1553.3500000000	0.1024587993
1553.3600000000	0.1027617059
1553.3700000000	0.1030261549
1553.3800000000	0.1033866517
1553.3900000000	0.1038277563
1553.4000000000	0.1042603733
1553.4100000000	0.1046382081
1553.4200000000	0.1047484281
1553.4300000000	0.1046920198
1553.4400000000	0.1044969947
1553.4500000000	0.1041305804
1553.4600000000	0.1038352374
1553.4700000000	0.1033537709
1553.4800000000	0.1028671184
1553.4900000000	0.1026036961
1553.5000000000	0.1026568154
1553.5100000000	0.1030516958
1553.5200000000	0.1037165878
1553.5300000000	0.1046369557
1553.5400000000	0.1057417871
1553.5500000000	0.1070818376
1553.5600000000	0.1086073881
1553.5700000000	0.1100405485
1553.5800000000	0.1113764288
1553.5900000000	0.1125709007
1553.6000000000	0.1134541798
1553.6100000000	0.1139001073
1553.6200000000	0.1139233891
1553.6300000000	0.1136098825
1553.6400000000	0.1130045999
1553.6500000000	0.1121116731
1553.6600000000	0.1112942087
1553.6700000000	0.1103432424
1553.6800000000	0.1093658332
1553.6900000000	0.1089188743
1553.7000000000	0.1087399303
1553.7100000000	0.1089458754
1553.7200000000	0.1096485690
1553.7300000000	0.1106551834
1553.7400000000	0.1117643342
1553.7500000000	0.1128381734
1553.7600000000	0.1138842007
1553.7700000000	0.1144798694
1553.7800000000	0.1146236464
1553.7900000000	0.1144884899
1553.8000000000	0.1140315385
1553.8100000000	0.1133729343
1553.8200000000	0.1125734468
1553.8300000000	0.1115432806
1553.8400000000	0.1104236798
1553.8500000000	0.1092618034
1553.8600000000	0.1081519602
1553.8700000000	0.1072513342
1553.8800000000	0.1064680959
1553.8900000000	0.1057816672
1553.9000000000	0.1052435305
1553.9100000000	0.1048596793
1553.9200000000	0.1047124567
1553.9300000000	0.1047028293
1553.9400000000	0.1048088525
1553.9500000000	0.1049199090
1553.9600000000	0.1050298271
1553.9700000000	0.1049177520
1553.9800000000	0.1045142341
1553.9900000000	0.1037061478
1554.0000000000	0.1027145124
1554.0100000000	0.1014592813
1554.0200000000	0.1001823242
1554.0300000000	0.0989729989
1554.0400000000	0.0979404271
1554.0500000000	0.0970235254
1554.0600000000	0.0963701001
1554.0700000000	0.0959641035
1554.0800000000	0.0957653027
1554.0900000000	0.0958679231
1554.1000000000	0.0962000866
1554.1100000000	0.0965586086
1554.1200000000	0.0969265771
1554.1300000000	0.0973521686
1554.1400000000	0.0977222199
1554.1500000000	0.0980896409
1554.1600000000	0.0983908103
1554.1700000000	0.0983189518
1554.1800000000	0.0979383638
1554.1900000000	0.0972336307
1554.2000000000	0.0961993665
1554.2100000000	0.0948925819
1554.2200000000	0.0936990124
1554.2300000000	0.0926685514
1554.2400000000	0.0917240951
1554.2500000000	0.0911003228
1554.2600000000	0.0908174991
1554.2700000000	0.0909268222
1554.2800000000	0.0913980051
1554.2900000000	0.0920552972
1554.3000000000	0.0929316732
1554.3100000000	0.0940265505
1554.3200000000	0.0951289452
1554.3300000000	0.0961654028
1554.3400000000	0.0971177782
1554.3500000000	0.0978364152
1554.3600000000	0.0982020733
1554.3700000000	0.0982499911
1554.3800000000	0.0979735347
1554.3900000000	0.0974581038
1554.4000000000	0.0968288119
1554.4100000000	0.0961200052
1554.4200000000	0.0954118886
1554.4300000000	0.0949235919
1554.4400000000	0.0946760494
1554.4500000000	0.0947038499
1554.4600000000	0.0951190276
1554.4700000000	0.0956989451
1554.4800000000	0.0965329780
1554.4900000000	0.0975706231
1554.5000000000	0.0988982404
1554.5100000000	0.1001657955
1554.5200000000	0.1014893352
1554.5300000000	0.1028171424
1554.5400000000	0.1037628304
1554.5500000000	0.1043077101
1554.5600000000	0.1044068029
1554.5700000000	0.1040078241
1554.5800000000	0.1033706649
1554.5900000000	0.1026323506
1554.6000000000	0.1017349654
1554.6100000000	0.1010177609
1554.6200000000	0.1006489891
1554.6300000000	0.1004386008
1554.6400000000	0.1005957100
1554.6500000000	0.1013470447
1554.6600000000	0.1024751975
1554.6700000000	0.1037722874
1554.6800000000	0.1051280918
1554.6900000000	0.1064067021
1554.7000000000	0.1076190404
1554.7100000000	0.1088716714
1554.7200000000	0.1100112374
1554.7300000000	0.1108700667
1554.7400000000	0.1114878121
1554.7500000000	0.1119010949
1554.7600000000	0.1119770389
1554.7700000000	0.1117444361
1554.7800000000	0.1115151396
1554.7900000000	0.1112743321
1554.8000000000	0.1110683973
1554.8100000000	0.1111794725
1554.8200000000	0.1115570940
1554.8300000000	0.1122231597
1554.8400000000	0.1130684832
1554.8500000000	0.1139353550
1554.8600000000	0.1147403222
1554.8700000000	0.1155589500
1554.8800000000	0.1161713901
1554.8900000000	0.1167410694
1554.9000000000	0.1171813826
1554.9100000000	0.1172355580
1554.9200000000	0.1169909208
1554.9300000000	0.1166245068
1554.9400000000	0.1159108320
1554.9500000000	0.1147977415
1554.9600000000	0.1135803998
1554.9700000000	0.1121602213
1554.9800000000	0.1104871814
1554.9900000000	0.1089356859
1555.0000000000	0.1076441620
1555.0100000000	0.1064943512
1555.0200000000	0.1058300479
1555.0300000000	0.1056705543
1555.0400000000	0.1058850845
1555.0500000000	0.1063642034
1555.0600000000	0.1071222097
1555.0700000000	0.1078463108
1555.0800000000	0.1085988988
1555.0900000000	0.1094126230
1555.1000000000	0.1098491933
1555.1100000000	0.1100842049
1555.1200000000	0.1099086650
1555.1300000000	0.1091169909
1555.1400000000	0.1080107459
1555.1500000000	0.1068030198
1555.1600000000	0.1053752231
1555.1700000000	0.1039151533
1555.1800000000	0.1025605723
1555.1900000000	0.1010863242
1555.2000000000	0.0998793280
1555.2100000000	0.0991572857
1555.2200000000	0.0987146849
1555.2300000000	0.0985050150
1555.2400000000	0.0985442403
1555.2500000000	0.0985858955
1555.2600000000	0.0985511829
1555.2700000000	0.0985695806
1555.2800000000	0.0984789241
1555.2900000000	0.0980815158
1555.3000000000	0.0975451904
1555.3100000000	0.0967482320
1555.3200000000	0.0955318348
1555.3300000000	0.0941666866
1555.3400000000	0.0927050097
1555.3500000000	0.0909947530
1555.3600000000	0.0893156953
1555.3700000000	0.0878358785
1555.3800000000	0.0867197208
1555.3900000000	0.0862956491
1555.4000000000	0.0862589406
1555.4100000000	0.0866117815
1555.4200000000	0.0872999828
1555.4300000000	0.0881925632
1555.4400000000	0.0891594779
1555.4500000000	0.0901671218
1555.4600000000	0.0910772545
1555.4700000000	0.0917545144
1555.4800000000	0.0922971032
1555.4900000000	0.0925748529
1555.5000000000	0.0925770117
1555.5100000000	0.0923866829
1555.5200000000	0.0918692665
1555.5300000000	0.0909750453
1555.5400000000	0.0899034185
1555.5500000000	0.0887273249
1555.5600000000	0.0874789103
1555.5700000000	0.0864839654
1555.5800000000	0.0858600738
1555.5900000000	0.0855517782
1555.6000000000	0.0859334119
1555.6100000000	0.0866631090
1555.6200000000	0.0874858395
1555.6300000000	0.0884912825
1555.6400000000	0.0894081823
1555.6500000000	0.0900893856
1555.6600000000	0.0907937964
1555.6700000000	0.0913501644
1555.6800000000	0.0915653858
1555.6900000000	0.0917052847
1555.7000000000	0.0916622341
1555.7100000000	0.0914250519
1555.7200000000	0.0913470431
1555.7300000000	0.0913737683
1555.7400000000	0.0913557107
1555.7500000000	0.0913470431
1555.7600000000	0.0915314939
1555.7700000000	0.0918402570
1555.7800000000	0.0923060159
1555.7900000000	0.0929935254
1555.8000000000	0.0938201627
1555.8100000000	0.0947949562
1555.8200000000	0.0958904216
1555.8300000000	0.0968219138
1555.8400000000	0.0975008944
1555.8500000000	0.0978837303
1555.8600000000	0.0978122234
1555.8700000000	0.0973107805
1555.8800000000	0.0963038750
1555.8900000000	0.0948683722
1555.9000000000	0.0933088279
1555.9100000000	0.0916467171
1555.9200000000	0.0899248571
1555.9300000000	0.0883362297
1555.9400000000	0.0871432519
1555.9500000000	0.0864431648
1555.9600000000	0.0861715637
1555.9700000000	0.0865955320
1555.9800000000	0.0875038986
1555.9900000000	0.0887642519
1556.0000000000	0.0901931498
1556.0100000000	0.0916604156
1556.0200000000	0.0930664340
1556.0300000000	0.0942926589
1556.0400000000	0.0953617331
1556.0500000000	0.0960483377
1556.0600000000	0.0962731530
1556.0700000000	0.0962544327
1556.0800000000	0.0959755460
1556.0900000000	0.0953605566
1556.1000000000	0.0943665596
1556.1100000000	0.0931490955
1556.1200000000	0.0918826453
1556.1300000000	0.0907620817
1556.1400000000	0.0899354240
1556.1500000000	0.0894404807
1556.1600000000	0.0895404361
1556.1700000000	0.0903478092
1556.1800000000	0.0917430064
1556.1900000000	0.0933618407
1556.2000000000	0.0950493228
1556.2100000000	0.0965887465
1556.2200000000	0.0979503046
1556.2300000000	0.0992355638
1556.2400000000	0.1004526853
1556.2500000000	0.1014299972
1556.2600000000	0.1021274014
1556.2700000000	0.1024875164
1556.2800000000	0.1023981313
1556.2900000000	0.1019787003
1556.3000000000	0.1014244906
1556.3100000000	0.1006565647
1556.3200000000	0.0997533126
1556.3300000000	0.0989621821
1556.3400000000	0.0984015650
1556.3500000000	0.0982651209
1556.3600000000	0.0985900177
1556.3700000000	0.0994118147
1556.3800000000	0.1007571422
1556.3900000000	0.1023513184
1556.4000000000	0.1041295091
1556.4100000000	0.1059427316
1556.4200000000	0.1075698744
1556.4300000000	0.1088974981
1556.4400000000	0.1100033261
1556.4500000000	0.1105840770
1556.4600000000	0.1106171840
1556.4700000000	0.1102888619
1556.4800000000	0.1097966985
1556.4900000000	0.1090395252
1556.5000000000	0.1080285683
1556.5100000000	0.1069949247
1556.5200000000	0.1060770780
1556.5300000000	0.1054860542
1556.5400000000	0.1054174102
1556.5500000000	0.1058282149
1556.5600000000	0.1065126260
1556.5700000000	0.1074853137
1556.5800000000	0.1087466404
1556.5900000000	0.1100758610
1556.6000000000	0.1113929586
1556.6100000000	0.1127445888
1556.6200000000	0.1136671999
1556.6300000000	0.1141628018
1556.6400000000	0.1142598890
1556.6500000000	0.1139424916
1556.6600000000	0.1131074786
1556.6700000000	0.1118615605
1556.6800000000	0.1103079600
1556.6900000000	0.1085556951
1556.7000000000	0.1067847893
1556.7100000000	0.1051884641
1556.7200000000	0.1038489212
1556.7300000000	0.1028944455
1556.7400000000	0.1024740399
1556.7500000000	0.1025628322
1556.7600000000	0.1028808795
1556.7700000000	0.1032896094
1556.7800000000	0.1036322964
1556.7900000000	0.1038355980
1556.8000000000	0.1038765093
1556.8100000000	0.1037369168
1556.8200000000	0.1033772225
1556.8300000000	0.1027277365
1556.8400000000	0.1017640445
1556.8500000000	0.1006076212
1556.8600000000	0.0993572171
1556.8700000000	0.0978477516
1556.8800000000	0.0961077812
1556.8900000000	0.0944477209
1556.9000000000	0.0928268080
1556.9100000000	0.0915673501
1556.9200000000	0.0907835393
1556.9300000000	0.0903783988
1556.9400000000	0.0904291982
1556.9500000000	0.0909183450
1556.9600000000	0.0916776819
1556.9700000000	0.0923832009
1556.9800000000	0.0930975679
1556.9900000000	0.0937901830
1557.0000000000	0.0943125427
1557.0100000000	0.0945292413
1557.0200000000	0.0943504710
1557.0300000000	0.0938285916
1557.0400000000	0.0930911693
1557.0500000000	0.0922084049
1557.0600000000	0.0910710066
1557.0700000000	0.0897311169
1557.0800000000	0.0883595767
1557.0900000000	0.0871494504
1557.1000000000	0.0862274515
1557.1100000000	0.0857017698
1557.1200000000	0.0856822018
1557.1300000000	0.0860087243
1557.1400000000	0.0865194075
1557.1500000000	0.0872005380
1557.1600000000	0.0880466143
1557.1700000000	0.0888309056
1557.1800000000	0.0894282946
1557.1900000000	0.0899872620
1557.2000000000	0.0902743777
1557.2100000000	0.0902647241
1557.2200000000	0.0901420838
1557.2300000000	0.0896795057
1557.2400000000	0.0888519476
1557.2500000000	0.0878461389
1557.2600000000	0.0867563858
1557.2700000000	0.0856325179
1557.2800000000	0.0846480785
1557.2900000000	0.0837680003
1557.3000000000	0.0830426349
1557.3100000000	0.0826475859
1557.3200000000	0.0826329924
1557.3300000000	0.0828424176
1557.3400000000	0.0831196999
1557.3500000000	0.0834188337
1557.3600000000	0.0836096180
1557.3700000000	0.0835908640
1557.3800000000	0.0833634196
1557.3900000000	0.0829369356
1557.4000000000	0.0822308472
1557.4100000000	0.0812422154
1557.4200000000	0.0801903889
1557.4300000000	0.0790147539
1557.4400000000	0.0775864048
1557.4500000000	0.0761716762
1557.4600000000	0.0747356914
1557.4700000000	0.0735611901
1557.4800000000	0.0728240407
1557.4900000000	0.0724809505
1557.5000000000	0.0726600913
1557.5100000000	0.0732394894
1557.5200000000	0.0741623511
1557.5300000000	0.0753577034
1557.5400000000	0.0766147787
1557.5500000000	0.0776411230
1557.5600000000	0.0785020812
1557.5700000000	0.0790631929
1557.5800000000	0.0793407360
1557.5900000000	0.0794022820
1557.6000000000	0.0793690560
1557.6100000000	0.0792510677
1557.6200000000	0.0789360266
1557.6300000000	0.0785912144
1557.6400000000	0.0782010542
1557.6500000000	0.0777396428
1557.6600000000	0.0773786887
1557.6700000000	0.0771022552
1557.6800000000	0.0768437655
1557.6900000000	0.0768988293
1557.7000000000	0.0772847399
1557.7100000000	0.0777868991
1557.7200000000	0.0784238993
1557.7300000000	0.0793883708
1557.7400000000	0.0804438596
1557.7500000000	0.0815449054
1557.7600000000	0.0825663758
1557.7700000000	0.0834049215
1557.7800000000	0.0841060666
1557.7900000000	0.0845863348
1557.8000000000	0.0847651136
1557.8100000000	0.0847330690
1557.8200000000	0.0845088616
1557.8300000000	0.0841819846
1557.8400000000	0.0838685965
1557.8500000000	0.0836596737
1557.8600000000	0.0835366377
1557.8700000000	0.0835807316
1557.8800000000	0.0839885535
1557.8900000000	0.0847090909
1557.9000000000	0.0855437213
1557.9100000000	0.0864647714
1557.9200000000	0.0873998045
1557.9300000000	0.0881769674
1557.9400000000	0.0888853299
1557.9500000000	0.0895603685
1557.9600000000	0.0900641872
1557.9700000000	0.0904015065
1557.9800000000	0.0906044853
1557.9900000000	0.0906319328
1558.0000000000	0.0906414186
1558.0100000000	0.0905564479
1558.0200000000	0.0901067989
1558.0300000000	0.0895346966
1558.0400000000	0.0889996172
1558.0500000000	0.0885849490
1558.0600000000	0.0883830789
1558.0700000000	0.0884284782
1558.0800000000	0.0886975072
1558.0900000000	0.0892410927
1558.1000000000	0.0900371013
1558.1100000000	0.0910353550
1558.1200000000	0.0920353241
1558.1300000000	0.0929148489
1558.1400000000	0.0935452685
1558.1500000000	0.0939113411
1558.1600000000	0.0940107930
1558.1700000000	0.0937360352
1558.1800000000	0.0931698505
1558.1900000000	0.0924978875
1558.2000000000	0.0917234769
1558.2100000000	0.0907324550
1558.2200000000	0.0898217110
1558.2300000000	0.0890411957
1558.2400000000	0.0884617087
1558.2500000000	0.0882764704
1558.2600000000	0.0885624657
1558.2700000000	0.0892017306
1558.2800000000	0.0899593099
1558.2900000000	0.0907863938
1558.3000000000	0.0913870765
1558.3100000000	0.0918141562
1558.3200000000	0.0919910110
1558.3300000000	0.0918479930
1558.3400000000	0.0916566580
1558.3500000000	0.0913862953
1558.3600000000	0.0910680761
1558.3700000000	0.0907202742
1558.3800000000	0.0902818198
1558.3900000000	0.0897566462
1558.4000000000	0.0891173410
1558.4100000000	0.0884222676
1558.4200000000	0.0876757019
1558.4300000000	0.0871003457
1558.4400000000	0.0868868345
1558.4500000000	0.0869345113
1558.4600000000	0.0872859364
1558.4700000000	0.0879332889
1558.4800000000	0.0889219955
1558.4900000000	0.0900112491
1558.5000000000	0.0912516912
1558.5100000000	0.0924108517
1558.5200000000	0.0933303594
1558.5300000000	0.0939844410
1558.5400000000	0.0942913674
1558.5500000000	0.0944840015
1558.5600000000	0.0945554118
1558.5700000000	0.0944657596
1558.5800000000	0.0941789929
1558.5900000000	0.0937587794
1558.6000000000	0.0933589334
1558.6100000000	0.0931347895
1558.6200000000	0.0931758770
1558.6300000000	0.0932700323
1558.6400000000	0.0937143859
1558.6500000000	0.0945359698
1558.6600000000	0.0955032132
1558.6700000000	0.0965730702
1558.6800000000	0.0976926770
1558.6900000000	0.0986553932
1558.7000000000	0.0994753822
1558.7100000000	0.1000881867
1558.7200000000	0.1004278472
1558.7300000000	0.1004438864
1558.7400000000	0.1001912637
1558.7500000000	0.0997396841
1558.7600000000	0.0989860162
1558.7700000000	0.0981489261
1558.7800000000	0.0974765954
1558.7900000000	0.0969421895
1558.8000000000	0.0963998384
1558.8100000000	0.0963403664
1558.8200000000	0.0964837396
1558.8300000000	0.0968872448
1558.8400000000	0.0978168611
1558.8500000000	0.0988143381
1558.8600000000	0.0995884205
1558.8700000000	0.1003138374
1558.8800000000	0.1007014744
1558.8900000000	0.1007233659
1558.9000000000	0.1007071497
1558.9100000000	0.1003959210
1558.9200000000	0.0999197759
1558.9300000000	0.0994219800
1558.9400000000	0.0987989748
1558.9500000000	0.0979288126
1558.9600000000	0.0968186381
1558.9700000000	0.0953409992
1558.9800000000	0.0935284587
1558.9900000000	0.0917787978
1559.0000000000	0.0902447538
1559.0100000000	0.0888165161
1559.0200000000	0.0876857083
1559.0300000000	0.0870062203
1559.0400000000	0.0865265862
1559.0500000000	0.0862340530
1559.0600000000	0.0861928789
1559.0700000000	0.0859400577
1559.0800000000	0.0854985599
1559.0900000000	0.0848060079
1559.1000000000	0.0837261812
1559.1100000000	0.0824127622
1559.1200000000	0.0811127852
1559.1300000000	0.0796550982
1559.1400000000	0.0779320737
1559.1500000000	0.0761182586
1559.1600000000	0.0742312606
1559.1700000000	0.0723760035
1559.1800000000	0.0707126579
1559.1900000000	0.0693039838
1559.2000000000	0.0684745760
1559.2100000000	0.0682681816
1559.2200000000	0.0685970074
1559.2300000000	0.0693152664
1559.2400000000	0.0702928036
1559.2500000000	0.0712675638
1559.2600000000	0.0720368184
1559.2700000000	0.0725775969
1559.2800000000	0.0727901061
1559.2900000000	0.0727587369
1559.3000000000	0.0726402795
1559.3100000000	0.0724390633
1559.3200000000	0.0720912592
1559.3300000000	0.0716666813
1559.3400000000	0.0712566074
1559.3500000000	0.0707810914
1559.3600000000	0.0702556986
1559.3700000000	0.0695951580
1559.3800000000	0.0688499608
1559.3900000000	0.0682595874
1559.4000000000	0.0677982291
1559.4100000000	0.0676659669
1559.4200000000	0.0679977614
1559.4300000000	0.0688393385
1559.4400000000	0.0699209349
1559.4500000000	0.0711998776
1559.4600000000	0.0724521915
1559.4700000000	0.0734760254
1559.4800000000	0.0742495046
1559.4900000000	0.0747801181
1559.5000000000	0.0751681884
1559.5100000000	0.0753654886
1559.5200000000	0.0754717476
1559.5300000000	0.0753567232
1559.5400000000	0.0749337161
1559.5500000000	0.0743386911
1559.5600000000	0.0736614209
1559.5700000000	0.0728880064
1559.5800000000	0.0720701475
1559.5900000000	0.0714080587
1559.6000000000	0.0711489874
1559.6100000000	0.0712413297
1559.6200000000	0.0718254436
1559.6300000000	0.0726763473
1559.6400000000	0.0736529798
1559.6500000000	0.0746179599
1559.6600000000	0.0754522480
1559.6700000000	0.0761176448
1559.6800000000	0.0766136283
1559.6900000000	0.0768192962
1559.7000000000	0.0768365311
1559.7100000000	0.0768268699
1559.7200000000	0.0768501101
1559.7300000000	0.0767499921
1559.7400000000	0.0763942247
1559.7500000000	0.0757870413
1559.7600000000	0.0750704941
1559.7700000000	0.0743468890
1559.7800000000	0.0738530134
1559.7900000000	0.0736676418
1559.8000000000	0.0738108507
1559.8100000000	0.0742805885
1559.8200000000	0.0749539817
1559.8300000000	0.0757366137
1559.8400000000	0.0764360884
1559.8500000000	0.0769432651
1559.8600000000	0.0773492442
1559.8700000000	0.0775455410
1559.8800000000	0.0775155076
1559.8900000000	0.0773873564
1559.9000000000	0.0772916840
1559.9100000000	0.0770954677
1559.9200000000	0.0768650936
1559.9300000000	0.0767385022
1559.9400000000	0.0766652986
1559.9500000000	0.0766037427
1559.9600000000	0.0765801524
1559.9700000000	0.0766232784
1559.9800000000	0.0767029020
1559.9900000000	0.0769462100
1560.0000000000	0.0774705339
1560.0100000000	0.0781824146
1560.0200000000	0.0790883309
1560.0300000000	0.0799278211
1560.0400000000	0.0805539305
1560.0500000000	0.0809159937
1560.0600000000	0.0811954031
1560.0700000000	0.0813126507
1560.0800000000	0.0812450104
1560.0900000000	0.0811770552
1560.1000000000	0.0811036967
1560.1100000000	0.0810180913
1560.1200000000	0.0810366817
1560.1300000000	0.0809122447
1560.1400000000	0.0806748378
1560.1500000000	0.0805275294
1560.1600000000	0.0803528634
1560.1700000000	0.0802504226
1560.1800000000	0.0804384908
1560.1900000000	0.0806958034
1560.2000000000	0.0810066384
1560.2100000000	0.0813736273
1560.2200000000	0.0818060546
1560.2300000000	0.0821273134
1560.2400000000	0.0822517229
1560.2500000000	0.0820302608
1560.2600000000	0.0814745988
1560.2700000000	0.0808229781
1560.2800000000	0.0800933745
1560.2900000000	0.0793405990
1560.3000000000	0.0785196854
1560.3100000000	0.0777027966
1560.3200000000	0.0769016035
1560.3300000000	0.0760945088
1560.3400000000	0.0754549158
1560.3500000000	0.0749497180
1560.3600000000	0.0745989790
1560.3700000000	0.0745390484
1560.3800000000	0.0747239517
1560.3900000000	0.0751630839
1560.4000000000	0.0757559442
1560.4100000000	0.0764221818
1560.4200000000	0.0768224189
1560.4300000000	0.0769843280
1560.4400000000	0.0769787195
1560.4500000000	0.0768637214
1560.4600000000	0.0766586819
1560.4700000000	0.0762443714
1560.4800000000	0.0757142628
1560.4900000000	0.0751468457
1560.5000000000	0.0745317323
1560.5100000000	0.0738347211
1560.5200000000	0.0732636936
1560.5300000000	0.0728079904
1560.5400000000	0.0724381670
1560.5500000000	0.0723065089
1560.5600000000	0.0725179300
1560.5700000000	0.0729352965
1560.5800000000	0.0734792063
1560.5900000000	0.0740543517
1560.6000000000	0.0744372263
1560.6100000000	0.0746616337
1560.6200000000	0.0748046549
1560.6300000000	0.0747642109
1560.6400000000	0.0745672096
1560.6500000000	0.0743794976
1560.6600000000	0.0741388340
1560.6700000000	0.0738740791
1560.6800000000	0.0734789455
1560.6900000000	0.0731010698
1560.7000000000	0.0726521946
1560.7100000000	0.0721751185
1560.7200000000	0.0718088235
1560.7300000000	0.0714453524
1560.7400000000	0.0712526380
1560.7500000000	0.0712705150
1560.7600000000	0.0715029212
1560.7700000000	0.0720672292
1560.7800000000	0.0726440069
1560.7900000000	0.0731582743
1560.8000000000	0.0734551536
1560.8100000000	0.0735409703
1560.8200000000	0.0734315555
1560.8300000000	0.0731238176
1560.8400000000	0.0726485415
1560.8500000000	0.0720457491
1560.8600000000	0.0714155241
1560.8700000000	0.0707864707
1560.8800000000	0.0700914465
1560.8900000000	0.0693576169
1560.9000000000	0.0686152669
1560.9100000000	0.0678239926
1560.9200000000	0.0670871548
1560.9300000000	0.0665991552
1560.9400000000	0.0664046632
1560.9500000000	0.0664350849
1560.9600000000	0.0667868513
1560.9700000000	0.0673445975
1560.9800000000	0.0680151733
1560.9900000000	0.0686107684
1561.0000000000	0.0690258666
1561.0100000000	0.0692277328
1561.0200000000	0.0692503527
1561.0300000000	0.0692047030
1561.0400000000	0.0689681093
1561.0500000000	0.0685877390
1561.0600000000	0.0681878547
1561.0700000000	0.0677447356
1561.0800000000	0.0672221193
1561.0900000000	0.0665729565
1561.1000000000	0.0658440490
1561.1100000000	0.0651338078
1561.1200000000	0.0645149314
1561.1300000000	0.0640885984
1561.1400000000	0.0639371254
1561.1500000000	0.0641032729
1561.1600000000	0.0644412794
1561.1700000000	0.0648440322
1561.1800000000	0.0651995570
1561.1900000000	0.0653652982
1561.2000000000	0.0653537376
1561.2100000000	0.0652366537
1561.2200000000	0.0650641609
1561.2300000000	0.0648266163
1561.2400000000	0.0645735726
1561.2500000000	0.0642863969
1561.2600000000	0.0641316381
1561.2700000000	0.0638423771
1561.2800000000	0.0635213308
1561.2900000000	0.0631244196
1561.3000000000	0.0627369460
1561.3100000000	0.0625022014
1561.3200000000	0.0624542836
1561.3300000000	0.0626327225
1561.3400000000	0.0631104110
1561.3500000000	0.0637285172
1561.3600000000	0.0644819030
1561.3700000000	0.0653011877
1561.3800000000	0.0659767619
1561.3900000000	0.0664607481
1561.4000000000	0.0667331097
1561.4100000000	0.0669429210
1561.4200000000	0.0671870674
1561.4300000000	0.0674135576
1561.4400000000	0.0676737166
1561.4500000000	0.0680142452
1561.4600000000	0.0683653256
1561.4700000000	0.0687089089
1561.4800000000	0.0689340806
1561.4900000000	0.0690697437
1561.5000000000	0.0691551205
1561.5100000000	0.0691168894
1561.5200000000	0.0690486853
1561.5300000000	0.0692634410
1561.5400000000	0.0695242287
1561.5500000000	0.0696490933
1561.5600000000	0.0698339657
1561.5700000000	0.0698201254
1561.5800000000	0.0696451910
1561.5900000000	0.0694377906
1561.6000000000	0.0690197299
1561.6100000000	0.0685937544
1561.6200000000	0.0682806643
1561.6300000000	0.0678274340
1561.6400000000	0.0673042425
1561.6500000000	0.0667478472
1561.6600000000	0.0661407468
1561.6700000000	0.0654726774
1561.6800000000	0.0648350973
1561.6900000000	0.0643250773
1561.7000000000	0.0639578967
1561.7100000000	0.0637971738
1561.7200000000	0.0638131780
1561.7300000000	0.0639420821
1561.7400000000	0.0642701690
1561.7500000000	0.0647917899
1561.7600000000	0.0652165142
1561.7700000000	0.0654191800
1561.7800000000	0.0655318145
1561.7900000000	0.0654376448
1561.8000000000	0.0651636393
1561.8100000000	0.0648705217
1561.8200000000	0.0645359768
1561.8300000000	0.0640238770
1561.8400000000	0.0634471327
1561.8500000000	0.0626504154
1561.8600000000	0.0616402692
1561.8700000000	0.0607301056
1561.8800000000	0.0598667218
1561.8900000000	0.0589689860
1561.9000000000	0.0583264445
1561.9100000000	0.0579433221
1561.9200000000	0.0577441149
1561.9300000000	0.0577014289
1561.9400000000	0.0577244136
1561.9500000000	0.0576494843
1561.9600000000	0.0575742659
1561.9700000000	0.0574511432
1561.9800000000	0.0572329013
1561.9900000000	0.0570935954
1562.0000000000	0.0570525834
1562.0100000000	0.0569863332
1562.0200000000	0.0570476760
1562.0300000000	0.0571891828
1562.0400000000	0.0572113310
1562.0500000000	0.0570994328
1562.0600000000	0.0568765374
1562.0700000000	0.0564074492
1562.0800000000	0.0556565906
1562.0900000000	0.0549615172
1562.1000000000	0.0542979017
1562.1100000000	0.0536428323
1562.1200000000	0.0531762880
1562.1300000000	0.0528779459
1562.1400000000	0.0527091618
1562.1500000000	0.0525655285
1562.1600000000	0.0524030085
1562.1700000000	0.0523600294
1562.1800000000	0.0524790735
1562.1900000000	0.0526783742
1562.2000000000	0.0530016114
1562.2100000000	0.0534608698
1562.2200000000	0.0540078190
1562.2300000000	0.0545418237
1562.2400000000	0.0550663427
1562.2500000000	0.0555729846
1562.2600000000	0.0559593028
1562.2700000000	0.0561941609
1562.2800000000	0.0563069771
1562.2900000000	0.0562847609
1562.3000000000	0.0562052689
1562.3100000000	0.0560538346
1562.3200000000	0.0557670401
1562.3300000000	0.0554788946
1562.3400000000	0.0551638869
1562.3500000000	0.0547672934
1562.3600000000	0.0544613461
1562.3700000000	0.0543878746
1562.3800000000	0.0543791486
1562.3900000000	0.0545892402
1562.4000000000	0.0549616934
1562.4100000000	0.0554198074
1562.4200000000	0.0560715892
1562.4300000000	0.0566845477
1562.4400000000	0.0571824505
1562.4500000000	0.0576427922
1562.4600000000	0.0580149997
1562.4700000000	0.0583870263
1562.4800000000	0.0588383052
1562.4900000000	0.0592590369
1562.5000000000	0.0595450773
1562.5100000000	0.0596816603
1562.5200000000	0.0597151825
1562.5300000000	0.0596922459
1562.5400000000	0.0595161741
1562.5500000000	0.0592936347
1562.5600000000	0.0589664484
1562.5700000000	0.0586700679
1562.5800000000	0.0584830389
1562.5900000000	0.0583092624
1562.6000000000	0.0583269683
1562.6100000000	0.0584263539
1562.6200000000	0.0585048727
1562.6300000000	0.0586388361
1562.6400000000	0.0587786959
1562.6500000000	0.0591823864
1562.6600000000	0.0595776189
1562.6700000000	0.0601501185
1562.6800000000	0.0608478847
1562.6900000000	0.0616236686
1562.7000000000	0.0624575849
1562.7100000000	0.0631161455
1562.7200000000	0.0634657535
1562.7300000000	0.0635485007
1562.7400000000	0.0633719123
1562.7500000000	0.0630862267
1562.7600000000	0.0628256359
1562.7700000000	0.0625776721
1562.7800000000	0.0624421416
1562.7900000000	0.0623393862
1562.8000000000	0.0621945528
1562.8100000000	0.0621074913
1562.8200000000	0.0618847844
1562.8300000000	0.0616151956
1562.8400000000	0.0613722950
1562.8500000000	0.0611396520
1562.8600000000	0.0609029489
1562.8700000000	0.0608559498
1562.8800000000	0.0608836417
1562.8900000000	0.0608969618
1562.9000000000	0.0609789859
1562.9100000000	0.0610865071
1562.9200000000	0.0609824459
1562.9300000000	0.0607895883
1562.9400000000	0.0605814477
1562.9500000000	0.0604072569
1562.9600000000	0.0603777604
1562.9700000000	0.0604629912
1562.9800000000	0.0605685667
1562.9900000000	0.0606472928
1563.0000000000	0.0606691028
1563.0100000000	0.0605436061
1563.0200000000	0.0601102556
1563.0300000000	0.0595439852
1563.0400000000	0.0589872649
1563.0500000000	0.0583652656
1563.0600000000	0.0579402508
1563.0700000000	0.0576986786
1563.0800000000	0.0574373975
1563.0900000000	0.0572895551
1563.1000000000	0.0569767068
1563.1100000000	0.0564953883
1563.1200000000	0.0559194466
1563.1300000000	0.0553415884
1563.1400000000	0.0548352385
1563.1500000000	0.0542624366
1563.1600000000	0.0539373851
1563.1700000000	0.0536210017
1563.1800000000	0.0535162676
1563.1900000000	0.0534823193
1563.2000000000	0.0534930840
1563.2100000000	0.0535211824
1563.2200000000	0.0533996621
1563.2300000000	0.0533750572
1563.2400000000	0.0533874472
1563.2500000000	0.0534830273
1563.2600000000	0.0536837504
1563.2700000000	0.0538975187
1563.2800000000	0.0541645847
1563.2900000000	0.0542786888
1563.3000000000	0.0541521842
1563.3100000000	0.0539389643
1563.3200000000	0.0537114957
1563.3300000000	0.0534482842
1563.3400000000	0.0532592821
1563.3500000000	0.0532390516
1563.3600000000	0.0533182713
1563.3700000000	0.0536099145
1563.3800000000	0.0539604588
1563.3900000000	0.0543114195
1563.4000000000	0.0546654328
1563.4100000000	0.0550162134
1563.4200000000	0.0553306159
1563.4300000000	0.0555760317
1563.4400000000	0.0558231900
1563.4500000000	0.0562668019
1563.4600000000	0.0567513660
1563.4700000000	0.0572866702
1563.4800000000	0.0578993971
1563.4900000000	0.0584247226
1563.5000000000	0.0588858632
1563.5100000000	0.0592035024
1563.5200000000	0.0594605158
1563.5300000000	0.0596736860
1563.5400000000	0.0599256871
1563.5500000000	0.0603045421
1563.5600000000	0.0608647080
1563.5700000000	0.0615789178
1563.5800000000	0.0622886034
1563.5900000000	0.0628551890
1563.6000000000	0.0632286408
1563.6100000000	0.0634934253
1563.6200000000	0.0637325852
1563.6300000000	0.0639996954
1563.6400000000	0.0641805507
1563.6500000000	0.0644248255
1563.6600000000	0.0644970630
1563.6700000000	0.0645993476
1563.6800000000	0.0644559313
1563.6900000000	0.0641345305
1563.7000000000	0.0638513156
1563.7100000000	0.0634222524
1563.7200000000	0.0631606825
1563.7300000000	0.0629462620
1563.7400000000	0.0628765181
1563.7500000000	0.0630566737
1563.7600000000	0.0632416392
1563.7700000000	0.0635375446
1563.7800000000	0.0637104884
1563.7900000000	0.0638054493
1563.8000000000	0.0637379139
1563.8100000000	0.0636367913
1563.8200000000	0.0636259567
1563.8300000000	0.0636333200
1563.8400000000	0.0638064518
1563.8500000000	0.0640929304
1563.8600000000	0.0641489301
1563.8700000000	0.0639879348
1563.8800000000	0.0635908197
1563.8900000000	0.0630391705
1563.9000000000	0.0624211091
1563.9100000000	0.0617060141
1563.9200000000	0.0609625841
1563.9300000000	0.0603243066
1563.9400000000	0.0597859634
1563.9500000000	0.0592201358
1563.9600000000	0.0587223962
1563.9700000000	0.0579888926
1563.9800000000	0.0571445732
1563.9900000000	0.0561951149
1564.0000000000	0.0552343263
1564.0100000000	0.0543581295
1564.0200000000	0.0536161189
1564.0300000000	0.0530695080
1564.0400000000	0.0526271229
1564.0500000000	0.0522059753
1564.0600000000	0.0519260677
1564.0700000000	0.0515179512
1564.0800000000	0.0509451640
1564.0900000000	0.0503322593
1564.1000000000	0.0498049626
1564.1100000000	0.0493316340
1564.1200000000	0.0491283659
1564.1300000000	0.0490713755
1564.1400000000	0.0491930768
1564.1500000000	0.0494038444
1564.1600000000	0.0496268942
1564.1700000000	0.0496908979
1564.1800000000	0.0496565190
1564.1900000000	0.0494862616
1564.2000000000	0.0490361723
1564.2100000000	0.0487072204
1564.2200000000	0.0484533521
1564.2300000000	0.0483049720
1564.2400000000	0.0482312205
1564.2500000000	0.0481937138
1564.2600000000	0.0482227731
1564.2700000000	0.0481632177
1564.2800000000	0.0482224686
1564.2900000000	0.0481920968
1564.3000000000	0.0483427039
1564.3100000000	0.0484942969
1564.3200000000	0.0488842739
1564.3300000000	0.0493520768
1564.3400000000	0.0499509795
1564.3500000000	0.0506886251
1564.3600000000	0.0514343289
1564.3700000000	0.0517955689
1564.3800000000	0.0520473217
1564.3900000000	0.0520055657
1564.4000000000	0.0519347322
1564.4100000000	0.0518321917
1564.4200000000	0.0516972570
1564.4300000000	0.0517279288
1564.4400000000	0.0518290920
1564.4500000000	0.0518375891
1564.4600000000	0.0517731610
1564.4700000000	0.0516704879
1564.4800000000	0.0515945192
1564.4900000000	0.0515547925
1564.5000000000	0.0515840783
1564.5100000000	0.0518502283
1564.5200000000	0.0521418634
1564.5300000000	0.0525366314
1564.5400000000	0.0528679185
1564.5500000000	0.0532320410
1564.5600000000	0.0534139203
1564.5700000000	0.0534154748
1564.5800000000	0.0532304826
1564.5900000000	0.0531134362
1564.6000000000	0.0530451141
1564.6100000000	0.0528709104
1564.6200000000	0.0526638512
1564.6300000000	0.0525037966
1564.6400000000	0.0521779923
1564.6500000000	0.0517779942
1564.6600000000	0.0513545249
1564.6700000000	0.0508688226
1564.6800000000	0.0504033315
1564.6900000000	0.0500889552
1564.7000000000	0.0499783200
1564.7100000000	0.0499967280
1564.7200000000	0.0501549888
1564.7300000000	0.0504250833
1564.7400000000	0.0505893395
1564.7500000000	0.0506133266
1564.7600000000	0.0504976522
1564.7700000000	0.0502725759
1564.7800000000	0.0498692681
1564.7900000000	0.0493347169
1564.8000000000	0.0488300906
1564.8100000000	0.0483839210
1564.8200000000	0.0479096177
1564.8300000000	0.0474268961
1564.8400000000	0.0468604613
1564.8500000000	0.0462040768
1564.8600000000	0.0457147954
1564.8700000000	0.0452249831
1564.8800000000	0.0448409039
1564.8900000000	0.0446760391
1564.9000000000	0.0446231835
1564.9100000000	0.0447656520
1564.9200000000	0.0448985813
1564.9300000000	0.0450061793
1564.9400000000	0.0450684130
1564.9500000000	0.0449361591
1564.9600000000	0.0445891579
1564.9700000000	0.0441799112
1564.9800000000	0.0436496464
1564.9900000000	0.0431776789
1565.0000000000	0.0427557679
1565.0100000000	0.0423982259
1565.0200000000	0.0420478216
1565.0300000000	0.0417650987
1565.0400000000	0.0414963999
1565.0500000000	0.0411081756
1565.0600000000	0.0408033216
1565.0700000000	0.0406363310
1565.0800000000	0.0405675615
1565.0900000000	0.0406021865
1565.1000000000	0.0408438131
1565.1100000000	0.0411073133
1565.1200000000	0.0414037798
1565.1300000000	0.0415624472
1565.1400000000	0.0416317207
1565.1500000000	0.0415401009
1565.1600000000	0.0414149545
1565.1700000000	0.0413255621
1565.1800000000	0.0414149545
1565.1900000000	0.0416636471
1565.2000000000	0.0421009629
1565.2100000000	0.0425978905
1565.2200000000	0.0430715576
1565.2300000000	0.0435913013
1565.2400000000	0.0440327476
1565.2500000000	0.0443492427
1565.2600000000	0.0446388770
1565.2700000000	0.0450007654
1565.2800000000	0.0454931892
1565.2900000000	0.0461828489
1565.3000000000	0.0469570077
1565.3100000000	0.0478754912
1565.3200000000	0.0487163719
1565.3300000000	0.0493333051
1565.3400000000	0.0496073129
1565.3500000000	0.0496390223
1565.3600000000	0.0492952069
1565.3700000000	0.0487051990
1565.3800000000	0.0480471608
1565.3900000000	0.0474115333
1565.4000000000	0.0468976570
1565.4100000000	0.0464977893
1565.4200000000	0.0462168769
1565.4300000000	0.0460381003
1565.4400000000	0.0459538714
1565.4500000000	0.0460059135
1565.4600000000	0.0462383214
1565.4700000000	0.0467086231
1565.4800000000	0.0472705478
1565.4900000000	0.0479312462
1565.5000000000	0.0486966797
1565.5100000000	0.0494612412
1565.5200000000	0.0500021561
1565.5300000000	0.0503276129
1565.5400000000	0.0505308035
1565.5500000000	0.0504052141
1565.5600000000	0.0501527998
1565.5700000000	0.0498963361
1565.5800000000	0.0496018128
1565.5900000000	0.0492860924
1565.6000000000	0.0489811475
1565.6100000000	0.0485910164
1565.6200000000	0.0482141541
1565.6300000000	0.0477291990
1565.6400000000	0.0471909503
1565.6500000000	0.0468295545
1565.6600000000	0.0467188323
1565.6700000000	0.0468261406
1565.6800000000	0.0471500790
1565.6900000000	0.0477028580
1565.7000000000	0.0482091511
1565.7100000000	0.0486402001
1565.7200000000	0.0489887266
1565.7300000000	0.0490681877
1565.7400000000	0.0488890490
1565.7500000000	0.0486251229
1565.7600000000	0.0482690177
1565.7700000000	0.0479526510
1565.7800000000	0.0477875303
1565.7900000000	0.0475428410
1565.8000000000	0.0472664251
1565.8100000000	0.0470697739
1565.8200000000	0.0468731159
1565.8300000000	0.0466173340
1565.8400000000	0.0464671553
1565.8500000000	0.0464600045
1565.8600000000	0.0466316269
1565.8700000000	0.0471023234
1565.8800000000	0.0477597285
1565.8900000000	0.0485173563
1565.9000000000	0.0492936564
1565.9100000000	0.0498291407
1565.9200000000	0.0500756928
1565.9300000000	0.0498512744
1565.9400000000	0.0494921969
1565.9500000000	0.0489330046
1565.9600000000	0.0482763026
1565.9700000000	0.0477099626
1565.9800000000	0.0472086905
1565.9900000000	0.0467841843
1566.0000000000	0.0464475809
1566.0100000000	0.0461346375
1566.0200000000	0.0458390251
1566.0300000000	0.0456993976
1566.0400000000	0.0456812936
1566.0500000000	0.0458514390
1566.0600000000	0.0462854190
1566.0700000000	0.0469089807
1566.0800000000	0.0476941963
1566.0900000000	0.0486406558
1566.1000000000	0.0495829088
1566.1100000000	0.0504187115
1566.1200000000	0.0509822947
1566.1300000000	0.0512654951
1566.1400000000	0.0511582330
1566.1500000000	0.0508396325
1566.1600000000	0.0503240651
1566.1700000000	0.0497306065
1566.1800000000	0.0490759606
1566.1900000000	0.0485127370
1566.2000000000	0.0478928423
1566.2100000000	0.0474275232
1566.2200000000	0.0470377396
1566.2300000000	0.0467131578
1566.2400000000	0.0466407010
1566.2500000000	0.0467689341
1566.2600000000	0.0470649824
1566.2700000000	0.0474697328
1566.2800000000	0.0478539554
1566.2900000000	0.0481301347
1566.3000000000	0.0483214189
1566.3100000000	0.0483356183
1566.3200000000	0.0481953262
1566.3300000000	0.0479334672
1566.3400000000	0.0475868092
1566.3500000000	0.0471826885
1566.3600000000	0.0466021132
1566.3700000000	0.0461695101
1566.3800000000	0.0456668135
1566.3900000000	0.0450908270
1566.4000000000	0.0444176735
1566.4100000000	0.0437473648
1566.4200000000	0.0431930546
1566.4300000000	0.0428038259
1566.4400000000	0.0424892712
1566.4500000000	0.0423729016
1566.4600000000	0.0424671553
1566.4700000000	0.0426514546
1566.4800000000	0.0428357574
1566.4900000000	0.0429703068
1566.5000000000	0.0429150125
1566.5100000000	0.0426980658
1566.5200000000	0.0424148608
1566.5300000000	0.0421307725
1566.5400000000	0.0418346395
1566.5500000000	0.0415387082
1566.5600000000	0.0413139946
1566.5700000000	0.0411391550
1566.5800000000	0.0409575025
1566.5900000000	0.0407487604
1566.6000000000	0.0405604107
1566.6100000000	0.0404674502
1566.6200000000	0.0404728984
1566.6300000000	0.0406091043
1566.6400000000	0.0408936385
1566.6500000000	0.0412540539
1566.6600000000	0.0415401009
1566.6700000000	0.0417188712
1566.6800000000	0.0417188712
1566.6900000000	0.0412898080
1566.7000000000	0.0406462204
1566.7100000000	0.0396808318
1566.7200000000	0.0386203508
1566.7300000000	0.0376496353
1566.7400000000	0.0368675822
1566.7500000000	0.0363753004
1566.7600000000	0.0360863383
1566.7700000000	0.0360338017
1566.7800000000	0.0360443820
1566.7900000000	0.0361255389
1566.8000000000	0.0363061250
1566.8100000000	0.0365097028
1566.8200000000	0.0367965743
1566.8300000000	0.0371647746
1566.8400000000	0.0375789110
1566.8500000000	0.0380760515
1566.8600000000	0.0385463816
1566.8700000000	0.0388496092
1566.8800000000	0.0390915629
1566.8900000000	0.0391659589
1566.9000000000	0.0390544325
1566.9100000000	0.0388387940
1566.9200000000	0.0384439095
1566.9300000000	0.0380203553
1566.9400000000	0.0376256299
1566.9500000000	0.0371995686
1566.9600000000	0.0368433022
1566.9700000000	0.0364196765
1566.9800000000	0.0361718124
1566.9900000000	0.0359257707
1567.0000000000	0.0359046258
1567.0100000000	0.0360891654
1567.0200000000	0.0364970848
1567.0300000000	0.0371100323
1567.0400000000	0.0377691647
1567.0500000000	0.0385398847
1567.0600000000	0.0392492700
1567.0700000000	0.0398289601
1567.0800000000	0.0402266430
1567.0900000000	0.0403123798
1567.1000000000	0.0402120495
1567.1100000000	0.0400359752
1567.1200000000	0.0398994423
1567.1300000000	0.0397332711
1567.1400000000	0.0396808318
1567.1500000000	0.0396746436
1567.1600000000	0.0396450778
1567.1700000000	0.0396485157
1567.1800000000	0.0396767064
1567.1900000000	0.0396114690
1567.2000000000	0.0397230219
1567.2100000000	0.0400483984
1567.2200000000	0.0405546903
1567.2300000000	0.0413425547
1567.2400000000	0.0421936008
1567.2500000000	0.0431848312
1567.2600000000	0.0441760615
1567.2700000000	0.0448869234
1567.2800000000	0.0453396563
1567.2900000000	0.0454962306
1567.3000000000	0.0453468804
1567.3100000000	0.0450146523
1567.3200000000	0.0446479869
1567.3300000000	0.0444723748
1567.3400000000	0.0442823814
1567.3500000000	0.0440418741
1567.3600000000	0.0438446851
1567.3700000000	0.0437433358
1567.3800000000	0.0436922644
1567.3900000000	0.0437558720
1567.4000000000	0.0439353483
1567.4100000000	0.0441679252
1567.4200000000	0.0445383236
1567.4300000000	0.0448160380
1567.4400000000	0.0450798543
1567.4500000000	0.0450749469
1567.4600000000	0.0448295759
1567.4700000000	0.0444130097
1567.4800000000	0.0436926995
1567.4900000000	0.0427200139
1567.5000000000	0.0417694319
1567.5100000000	0.0407261189
1567.5200000000	0.0398249418
1567.5300000000	0.0391423385
1567.5400000000	0.0386059908
1567.5500000000	0.0381560491
1567.5600000000	0.0379581128
1567.5700000000	0.0379550699
1567.5800000000	0.0381684576
1567.5900000000	0.0386634007
1567.6000000000	0.0392756095
1567.6100000000	0.0400355496
1567.6200000000	0.0409205798
1567.6300000000	0.0417975389
1567.6400000000	0.0425715848
1567.6500000000	0.0430257256
1567.6600000000	0.0431047421
1567.6700000000	0.0428713942
1567.6800000000	0.0423888646
1567.6900000000	0.0417539547
1567.7000000000	0.0411123716
1567.7100000000	0.0404127525
1567.7200000000	0.0397820758
1567.7300000000	0.0391802605
1567.7400000000	0.0386895043
1567.7500000000	0.0382286783
1567.7600000000	0.0378714774
1567.7700000000	0.0376217470
1567.7800000000	0.0376403134
1567.7900000000	0.0378074027
1567.8000000000	0.0382327483
1567.8100000000	0.0388875786
1567.8200000000	0.0397821973
1567.8300000000	0.0407713615
1567.8400000000	0.0416466197
1567.8500000000	0.0423281966
1567.8600000000	0.0427825862
1567.8700000000	0.0428751978
1567.8800000000	0.0427214299
1567.8900000000	0.0424246823
1567.9000000000	0.0421876214
1567.9100000000	0.0418808486
1567.9200000000	0.0416380671
1567.9300000000	0.0414385564
1567.9400000000	0.0412805119
1567.9500000000	0.0411110377
1567.9600000000	0.0411328307
1567.9700000000	0.0412843089
1567.9800000000	0.0415687052
1567.9900000000	0.0419790765
1568.0000000000	0.0424761076
1568.0100000000	0.0431133230
1568.0200000000	0.0437926792
1568.0300000000	0.0443236944
1568.0400000000	0.0444691888
1568.0500000000	0.0442985605
1568.0600000000	0.0437094757
1568.0700000000	0.0429377395
1568.0800000000	0.0417072038
1568.0900000000	0.0405351519
1568.1000000000	0.0392905299
1568.1100000000	0.0381608709
1568.1200000000	0.0372104061
1568.1300000000	0.0362943036
1568.1400000000	0.0355806557
1568.1500000000	0.0350536021
1568.1600000000	0.0346722436
1568.1700000000	0.0345678418
1568.1800000000	0.0346279086
1568.1900000000	0.0348795656
1568.2000000000	0.0352258720
1568.2100000000	0.0355776656
1568.2200000000	0.0359220269
1568.2300000000	0.0360644481
1568.2400000000	0.0359994214
1568.2500000000	0.0356455995
1568.2600000000	0.0351320138
1568.2700000000	0.0343412711
1568.2800000000	0.0335198618
1568.2900000000	0.0326367117
1568.3000000000	0.0317088614
1568.3100000000	0.0308135507
1568.3200000000	0.0299621505
1568.3300000000	0.0292403281
1568.3400000000	0.0285992050
1568.3500000000	0.0280568254
1568.3600000000	0.0276670908
1568.3700000000	0.0275286389
1568.3800000000	0.0276226823
1568.3900000000	0.0278715174
1568.4000000000	0.0282384577
1568.4100000000	0.0286714891
1568.4200000000	0.0292503386
1568.4300000000	0.0296658034
1568.4400000000	0.0299825989
1568.4500000000	0.0300848646
1568.4600000000	0.0300405205
1568.4700000000	0.0300718109
1568.4800000000	0.0299436208
1568.4900000000	0.0298741001
1568.5000000000	0.0297871670
1568.5100000000	0.0295742568
1568.5200000000	0.0293380546
1568.5300000000	0.0290996804
1568.5400000000	0.0289624528
1568.5500000000	0.0287942385
1568.5600000000	0.0288719378
1568.5700000000	0.0290758442
1568.5800000000	0.0294548504
1568.5900000000	0.0300437475
1568.6000000000	0.0307491909
1568.6100000000	0.0313341418
1568.6200000000	0.0319062213
1568.6300000000	0.0321854750
1568.6400000000	0.0322787322
1568.6500000000	0.0321203453
1568.6600000000	0.0318412194
1568.6700000000	0.0315077708
1568.6800000000	0.0312444005
1568.6900000000	0.0310726897
1568.7000000000	0.0309565658
1568.7100000000	0.0309762696
1568.7200000000	0.0310785864
1568.7300000000	0.0311605244
1568.7400000000	0.0313429467
1568.7500000000	0.0317462525
1568.7600000000	0.0322148147
1568.7700000000	0.0329248043
1568.7800000000	0.0337924638
1568.7900000000	0.0347861875
1568.8000000000	0.0358632835
1568.8100000000	0.0369634363
1568.8200000000	0.0378312814
1568.8300000000	0.0385981127
1568.8400000000	0.0389834181
1568.8500000000	0.0393445841
1568.8600000000	0.0393937014
1568.8700000000	0.0393947848
1568.8800000000	0.0395363709
1568.8900000000	0.0396086086
1568.9000000000	0.0396093237
1568.9100000000	0.0396808318
1568.9200000000	0.0397192771
1568.9300000000	0.0397684869
1568.9400000000	0.0398675897
1568.9500000000	0.0399521459
1568.9600000000	0.0401983988
1568.9700000000	0.0405179265
1568.9800000000	0.0407364938
1568.9900000000	0.0409853568
1569.0000000000	0.0411746799
1569.0100000000	0.0410911711
1569.0200000000	0.0408060411
1569.0300000000	0.0403700565
1569.0400000000	0.0398025306
1569.0500000000	0.0392827535
1569.0600000000	0.0387405386
1569.0700000000	0.0382265600
1569.0800000000	0.0377458890
1569.0900000000	0.0373293227
1569.1000000000	0.0370177558
1569.1100000000	0.0365749882
1569.1200000000	0.0361728465
1569.1300000000	0.0358420300
1569.1400000000	0.0356177409
1569.1500000000	0.0354689453
1569.1600000000	0.0354617223
1569.1700000000	0.0357044165
1569.1800000000	0.0360588291
1569.1900000000	0.0365600146
1569.2000000000	0.0367581388
1569.2100000000	0.0368919282
1569.2200000000	0.0368381017
1569.2300000000	0.0365556131
1569.2400000000	0.0362186008
1569.2500000000	0.0358291858
1569.2600000000	0.0354312748
1569.2700000000	0.0350210988
1569.2800000000	0.0346686032
1569.2900000000	0.0343616203
1569.3000000000	0.0341463628
1569.3100000000	0.0340308418
1569.3200000000	0.0339171709
1569.3300000000	0.0339137979
1569.3400000000	0.0340948534
1569.3500000000	0.0344087018
1569.3600000000	0.0348980559
1569.3700000000	0.0353187061
1569.3800000000	0.0358851214
1569.3900000000	0.0362725268
1569.4000000000	0.0365962276
1569.4100000000	0.0366759447
1569.4200000000	0.0364321165
1569.4300000000	0.0360416679
1569.4400000000	0.0356704091
1569.4500000000	0.0350942146
1569.4600000000	0.0347626649
1569.4700000000	0.0344337629
1569.4800000000	0.0341164323
1569.4900000000	0.0339302108
1569.5000000000	0.0337365309
1569.5100000000	0.0335412111
1569.5200000000	0.0334838630
1569.5300000000	0.0336056392
1569.5400000000	0.0338346806
1569.5500000000	0.0342594956
1569.5600000000	0.0346843107
1569.5700000000	0.0351218698
1569.5800000000	0.0355452664
1569.5900000000	0.0356212404
1569.6000000000	0.0356913733
1569.6100000000	0.0355029759
1569.6200000000	0.0351206685
1569.6300000000	0.0346393499
1569.6400000000	0.0340375346
1569.6500000000	0.0334762628
1569.6600000000	0.0330473663
1569.6700000000	0.0325885672
1569.6800000000	0.0322598455
1569.6900000000	0.0321418564
1569.7000000000	0.0320685605
1569.7100000000	0.0320310188
1569.7200000000	0.0321045029
1569.7300000000	0.0324831340
1569.7400000000	0.0329302512
1569.7500000000	0.0336547966
1569.7600000000	0.0344358747
1569.7700000000	0.0352369745
1569.7800000000	0.0359608228
1569.7900000000	0.0364693657
1569.8000000000	0.0366773893
1569.8100000000	0.0366564425
1569.8200000000	0.0364650275
1569.8300000000	0.0359688847
1569.8400000000	0.0353940286
1569.8500000000	0.0348027079
1569.8600000000	0.0343050636
1569.8700000000	0.0337873040
1569.8800000000	0.0333002157
1569.8900000000	0.0329345788
1569.9000000000	0.0326329781
1569.9100000000	0.0324286554
1569.9200000000	0.0323878443
1569.9300000000	0.0324561486
1569.9400000000	0.0327357458
1569.9500000000	0.0331951995
1569.9600000000	0.0337987425
1569.9700000000	0.0342977242
1569.9800000000	0.0346951257
1569.9900000000	0.0349854631
1570.0000000000	0.0349899844
1570.0100000000	0.0347362319
1570.0200000000	0.0342821871
1570.0300000000	0.0338520204
1570.0400000000	0.0333901143
1570.0500000000	0.0329816144
1570.0600000000	0.0326565628
1570.0700000000	0.0323714485
1570.0800000000	0.0322112517
1570.0900000000	0.0321138733
1570.1000000000	0.0320888212
1570.1100000000	0.0321841653
1570.1200000000	0.0324128107
1570.1300000000	0.0328712227
1570.1400000000	0.0334415531
1570.1500000000	0.0340402897
1570.1600000000	0.0346291371
1570.1700000000	0.0351303888
1570.1800000000	0.0355516194
1570.1900000000	0.0357491995
1570.2000000000	0.0357806335
1570.2100000000	0.0357012745
1570.2200000000	0.0354849617
1570.2300000000	0.0352385052
1570.2400000000	0.0350649419
1570.2500000000	0.0348913785
1570.2600000000	0.0348896428
1570.2700000000	0.0348559716
1570.2800000000	0.0348923340
1570.2900000000	0.0351676030
1570.3000000000	0.0355358953
1570.3100000000	0.0360295984
1570.3200000000	0.0365669778
1570.3300000000	0.0373163918
1570.3400000000	0.0381181156
1570.3500000000	0.0388380306
1570.3600000000	0.0394399312
1570.3700000000	0.0399092225
1570.3800000000	0.0401250634
1570.3900000000	0.0399971295
1570.4000000000	0.0397578383
1570.4100000000	0.0393323003
1570.4200000000	0.0388120467
1570.4300000000	0.0382943632
1570.4400000000	0.0377375575
1570.4500000000	0.0371127011
1570.4600000000	0.0364878586
1570.4700000000	0.0359296647
1570.4800000000	0.0354541390
1570.4900000000	0.0351173019
1570.5000000000	0.0349654848
1570.5100000000	0.0350662462
1570.5200000000	0.0354617223
1570.5300000000	0.0359688608
1570.5400000000	0.0366243008
1570.5500000000	0.0372479294
1570.5600000000	0.0380649229
1570.5700000000	0.0385452113
1570.5800000000	0.0387569641
1570.5900000000	0.0387750333
1570.6000000000	0.0384722402
1570.6100000000	0.0380052461
1570.6200000000	0.0374119654
1570.6300000000	0.0367744464
1570.6400000000	0.0361833907
1570.6500000000	0.0354577449
1570.6600000000	0.0346966341
1570.6700000000	0.0340453410
1570.6800000000	0.0334900793
1570.6900000000	0.0330452118
1570.7000000000	0.0328638499
1570.7100000000	0.0329767427
1570.7200000000	0.0334011969
1570.7300000000	0.0339531331
1570.7400000000	0.0346751040
1570.7500000000	0.0355689833
1570.7600000000	0.0364628638
1570.7700000000	0.0372614004
1570.7800000000	0.0378054730
1570.7900000000	0.0381683912
1570.8000000000	0.0383178436
1570.8100000000	0.0383568155
1570.8200000000	0.0383232067
1570.8300000000	0.0382180898
1570.8400000000	0.0380999199
1570.8500000000	0.0379505882
1570.8600000000	0.0378188716
1570.8700000000	0.0376122925
1570.8800000000	0.0374019638
1570.8900000000	0.0373209914
1570.9000000000	0.0373595497
1570.9100000000	0.0375435451
1570.9200000000	0.0377785119
1570.9300000000	0.0381054097
1570.9400000000	0.0385811724
1570.9500000000	0.0391148131
1570.9600000000	0.0395121691
1570.9700000000	0.0398400386
1570.9800000000	0.0399345154
1570.9900000000	0.0399633590
1571.0000000000	0.0398932530
1571.0100000000	0.0398231401
1571.0200000000	0.0397523399
1571.0300000000	0.0396471810
1571.0400000000	0.0395034918
1571.0500000000	0.0394305389
1571.0600000000	0.0394677377
1571.0700000000	0.0396137018
1571.0800000000	0.0398444902
1571.0900000000	0.0403576206
1571.1000000000	0.0408384910
1571.1100000000	0.0414092452
1571.1200000000	0.0421430444
1571.1300000000	0.0426880669
1571.1400000000	0.0430399374
1571.1500000000	0.0433036754
1571.1600000000	0.0432626589
1571.1700000000	0.0429710037
1571.1800000000	0.0424329260
1571.1900000000	0.0417257403
1571.2000000000	0.0409044511
1571.2100000000	0.0401506507
1571.2200000000	0.0395150591
1571.2300000000	0.0389218792
1571.2400000000	0.0384484651
1571.2500000000	0.0382158911
1571.2600000000	0.0380483473
1571.2700000000	0.0381605397
1571.2800000000	0.0384184229
1571.2900000000	0.0389236592
1571.3000000000	0.0396656104
1571.3100000000	0.0406928094
1571.3200000000	0.0417767937
1571.3300000000	0.0428811028
1571.3400000000	0.0437751602
1571.3500000000	0.0443736972
1571.3600000000	0.0446585327
1571.3700000000	0.0447319956
1571.3800000000	0.0444406878
1571.3900000000	0.0439543148
1571.4000000000	0.0433937803
1571.4100000000	0.0427233728
1571.4200000000	0.0421646898
1571.4300000000	0.0416151443
1571.4400000000	0.0411625236
1571.4500000000	0.0408887208
1571.4600000000	0.0407398961
1571.4700000000	0.0408544397
1571.4800000000	0.0411562602
1571.4900000000	0.0417672521
1571.5000000000	0.0426173157
1571.5100000000	0.0434783020
1571.5200000000	0.0442821097
1571.5300000000	0.0450393795
1571.5400000000	0.0456212881
1571.5500000000	0.0457234564
1571.5600000000	0.0456182832
1571.5700000000	0.0453757162
1571.5800000000	0.0449957280
1571.5900000000	0.0445112813
1571.6000000000	0.0441065214
1571.6100000000	0.0435799290
1571.6200000000	0.0430049783
1571.6300000000	0.0427014226
1571.6400000000	0.0423624733
1571.6500000000	0.0421365236
1571.6600000000	0.0419919859
1571.6700000000	0.0421881605
1571.6800000000	0.0424841141
1571.6900000000	0.0430721001
1571.7000000000	0.0437970959
1571.7100000000	0.0446274504
1571.7200000000	0.0455118162
1571.7300000000	0.0463094046
1571.7400000000	0.0468531744
1571.7500000000	0.0471922767
1571.7600000000	0.0472226924
1571.7700000000	0.0470285180
1571.7800000000	0.0466459351
1571.7900000000	0.0461525148
1571.8000000000	0.0455191392
1571.8100000000	0.0448551111
1571.8200000000	0.0442762220
1571.8300000000	0.0438355819
1571.8400000000	0.0434279711
1571.8500000000	0.0431741049
1571.8600000000	0.0431347755
1571.8700000000	0.0432979966
1571.8800000000	0.0435970707
1571.8900000000	0.0440523314
1571.9000000000	0.0445014663
1571.9100000000	0.0449164629
1571.9200000000	0.0452053884
1571.9300000000	0.0453439875
1571.9400000000	0.0453731282
1571.9500000000	0.0451724674
1571.9600000000	0.0447913394
1571.9700000000	0.0444362624
1571.9800000000	0.0440036238
1571.9900000000	0.0434481212
1572.0000000000	0.0430493233
1572.0100000000	0.0426929375
1572.0200000000	0.0423181336
1572.0300000000	0.0420709257
1572.0400000000	0.0418881178
1572.0500000000	0.0419093335
1572.0600000000	0.0421417489
1572.0700000000	0.0425250551
1572.0800000000	0.0431388642
1572.0900000000	0.0438267312
1572.1000000000	0.0446780321
1572.1100000000	0.0453945029
1572.1200000000	0.0460484926
1572.1300000000	0.0463867080
1572.1400000000	0.0463684886
1572.1500000000	0.0461611006
1572.1600000000	0.0458404701
1572.1700000000	0.0453402598
1572.1800000000	0.0446293392
1572.1900000000	0.0441195220
1572.2000000000	0.0436911683
1572.2100000000	0.0431913648
1572.2200000000	0.0427382713
1572.2300000000	0.0425130737
1572.2400000000	0.0425022392
1572.2500000000	0.0428056110
1572.2600000000	0.0432704285
1572.2700000000	0.0438708165
1572.2800000000	0.0446566986
1572.2900000000	0.0455148205
1572.3000000000	0.0462107495
1572.3100000000	0.0466255792
1572.3200000000	0.0467697256
1572.3300000000	0.0465922354
1572.3400000000	0.0462129153
1572.3500000000	0.0458128376
1572.3600000000	0.0453097130
1572.3700000000	0.0446535506
1572.3800000000	0.0441137760
1572.3900000000	0.0436303396
1572.4000000000	0.0431455017
1572.4100000000	0.0427997584
1572.4200000000	0.0425612659
1572.4300000000	0.0424417694
1572.4400000000	0.0425510599
1572.4500000000	0.0430241161
1572.4600000000	0.0437066445
1572.4700000000	0.0445466399
1572.4800000000	0.0457830385
1572.4900000000	0.0469449595
1572.5000000000	0.0479352773
1572.5100000000	0.0486040462
1572.5200000000	0.0488586837
1572.5300000000	0.0488121985
1572.5400000000	0.0484610254
1572.5500000000	0.0479267725
1572.5600000000	0.0473306035
1572.5700000000	0.0468358339
1572.5800000000	0.0464371019
1572.5900000000	0.0460459332
1572.6000000000	0.0457275380
1572.6100000000	0.0455613568
1572.6200000000	0.0455950710
1572.6300000000	0.0460002975
1572.6400000000	0.0465815720
1572.6500000000	0.0474305046
1572.6600000000	0.0485357394
1572.6700000000	0.0500140741
1572.6800000000	0.0515515421
1572.6900000000	0.0529914019
1572.7000000000	0.0539542877
1572.7100000000	0.0546640526
1572.7200000000	0.0548352384
1572.7300000000	0.0545322171
1572.7400000000	0.0537665594
1572.7500000000	0.0528264278
1572.7600000000	0.0518527999
1572.7700000000	0.0508151406
1572.7800000000	0.0499296262
1572.7900000000	0.0491706656
1572.8000000000	0.0485622701
1572.8100000000	0.0481695272
1572.8200000000	0.0480471888
1572.8300000000	0.0482686378
1572.8400000000	0.0488378027
1572.8500000000	0.0498199744
1572.8600000000	0.0512355817
1572.8700000000	0.0527818646
1572.8800000000	0.0541912381
1572.8900000000	0.0552636137
1572.9000000000	0.0559645512
1572.9100000000	0.0563686703
1572.9200000000	0.0562312609
1572.9300000000	0.0555722489
1572.9400000000	0.0546552340
1572.9500000000	0.0536735069
1572.9600000000	0.0526892125
1572.9700000000	0.0517263111
1572.9800000000	0.0509039787
1572.9900000000	0.0502177621
1573.0000000000	0.0495591055
1573.0100000000	0.0491180245
1573.0200000000	0.0488998763
1573.0300000000	0.0489417959
1573.0400000000	0.0494477544
1573.0500000000	0.0502881982
1573.0600000000	0.0513849407
1573.0700000000	0.0525814325
1573.0800000000	0.0536589984
1573.0900000000	0.0545493673
1573.1000000000	0.0551172401
1573.1100000000	0.0552643597
1573.1200000000	0.0548594293
1573.1300000000	0.0540383138
1573.1400000000	0.0530228695
1573.1500000000	0.0518852616
1573.1600000000	0.0507174780
1573.1700000000	0.0496481598
1573.1800000000	0.0487385779
1573.1900000000	0.0480142169
1573.2000000000	0.0474650350
1573.2100000000	0.0471179083
1573.2200000000	0.0472567590
1573.2300000000	0.0477660076
1573.2400000000	0.0486957303
1573.2500000000	0.0499929761
1573.2600000000	0.0516000367
1573.2700000000	0.0532105839
1573.2800000000	0.0549670894
1573.2900000000	0.0563862251
1573.3000000000	0.0574544679
1573.3100000000	0.0577699261
1573.3200000000	0.0576511484
1573.3300000000	0.0570770336
1573.3400000000	0.0563472095
1573.3500000000	0.0554049628
1573.3600000000	0.0545553326
1573.3700000000	0.0537340225
1573.3800000000	0.0530596254
1573.3900000000	0.0525201785
1573.4000000000	0.0520109421
1573.4100000000	0.0518520352
1573.4200000000	0.0520001106
1573.4300000000	0.0525385241
1573.4400000000	0.0534833453
1573.4500000000	0.0546407844
1573.4600000000	0.0560730322
1573.4700000000	0.0575369607
1573.4800000000	0.0589645468
1573.4900000000	0.0601327774
1573.5000000000	0.0607048714
1573.5100000000	0.0609909039
1573.5200000000	0.0606691028
1573.5300000000	0.0599964874
1573.5400000000	0.0592464056
1573.5500000000	0.0583185587
1573.5600000000	0.0572779513
1573.5700000000	0.0562756441
1573.5800000000	0.0553274343
1573.5900000000	0.0545030081
1573.6000000000	0.0538960569
1573.6100000000	0.0534823193
1573.6200000000	0.0535625868
1573.6300000000	0.0540372438
1573.6400000000	0.0549196830
1573.6500000000	0.0560695661
1573.6600000000	0.0574382750
1573.6700000000	0.0586941657
1573.6800000000	0.0597275534
1573.6900000000	0.0602326085
1573.7000000000	0.0602940331
1573.7100000000	0.0599465842
1573.7200000000	0.0592497021
1573.7300000000	0.0583710019
1573.7400000000	0.0574602579
1573.7500000000	0.0565072023
1573.7600000000	0.0554753104
1573.7700000000	0.0546144442
1573.7800000000	0.0538234286
1573.7900000000	0.0533360863
1573.8000000000	0.0530730813
1573.8100000000	0.0532145130
1573.8200000000	0.0535825015
1573.8300000000	0.0541924701
1573.8400000000	0.0553515826
1573.8500000000	0.0568375366
1573.8600000000	0.0583389348
1573.8700000000	0.0597947312
1573.8800000000	0.0608135661
1573.8900000000	0.0614304429
1573.9000000000	0.0616398666
1573.9100000000	0.0614116581
1573.9200000000	0.0609043764
1573.9300000000	0.0601977941
1573.9400000000	0.0593958690
1573.9500000000	0.0587323757
1573.9600000000	0.0581424077
1573.9700000000	0.0576178826
1573.9800000000	0.0573242441
1573.9900000000	0.0572130004
1574.0000000000	0.0573384778
1574.0100000000	0.0578444451
1574.0200000000	0.0586877286
1574.0300000000	0.0597529700
1574.0400000000	0.0610902304
1574.0500000000	0.0624822589
1574.0600000000	0.0640499594
1574.0700000000	0.0653673414
1574.0800000000	0.0660695543
1574.0900000000	0.0663892380
1574.1000000000	0.0662408941
1574.1100000000	0.0658153711
1574.1200000000	0.0650856526
1574.1300000000	0.0641731167
1574.1400000000	0.0631377556
1574.1500000000	0.0621264055
1574.1600000000	0.0610862582
1574.1700000000	0.0602974726
1574.1800000000	0.0595574451
1574.1900000000	0.0589981043
1574.2000000000	0.0588886531
1574.2100000000	0.0589806732
1574.2200000000	0.0593709749
1574.2300000000	0.0601461047
1574.2400000000	0.0610794277
1574.2500000000	0.0620600551
1574.2600000000	0.0629048582
1574.2700000000	0.0635261438
1574.2800000000	0.0636912737
1574.2900000000	0.0635008571
1574.3000000000	0.0629274155
1574.3100000000	0.0621800261
1574.3200000000	0.0613284385
1574.3300000000	0.0604282159
1574.3400000000	0.0596697493
1574.3500000000	0.0591226970
1574.3600000000	0.0587931966
1574.3700000000	0.0587740797
1574.3800000000	0.0589403496
1574.3900000000	0.0594467087
1574.4000000000	0.0603640516
1574.4100000000	0.0617044806
1574.4200000000	0.0634466003
1574.4300000000	0.0650880236
1574.4400000000	0.0665308579
1574.4500000000	0.0677339053
1574.4600000000	0.0684595294
1574.4700000000	0.0687324449
1574.4800000000	0.0684837553
1574.4900000000	0.0678721500
1574.5000000000	0.0668619061
1574.5100000000	0.0658749276
1574.5200000000	0.0650179614
1574.5300000000	0.0642013071
1574.5400000000	0.0634449433
1574.5500000000	0.0626885931
1574.5600000000	0.0619899666
1574.5700000000	0.0615492337
1574.5800000000	0.0614317694
1574.5900000000	0.0617369055
1574.6000000000	0.0623386539
1574.6100000000	0.0634934064
1574.6200000000	0.0650407222
1574.6300000000	0.0668471658
1574.6400000000	0.0685338048
1574.6500000000	0.0698607368
1574.6600000000	0.0707405069
1574.6700000000	0.0709860932
1574.6800000000	0.0705072147
1574.6900000000	0.0693723806
1574.7000000000	0.0680473656
1574.7100000000	0.0667539253
1574.7200000000	0.0656946629
1574.7300000000	0.0648227909
1574.7400000000	0.0640154352
1574.7500000000	0.0632996640
1574.7600000000	0.0627671046
1574.7700000000	0.0624313252
1574.7800000000	0.0622892893
1574.7900000000	0.0625510658
1574.8000000000	0.0631114591
1574.8100000000	0.0640214992
1574.8200000000	0.0653348151
1574.8300000000	0.0668749878
1574.8400000000	0.0683462581
1574.8500000000	0.0695721392
1574.8600000000	0.0706178178
1574.8700000000	0.0710966807
1574.8800000000	0.0708239374
1574.8900000000	0.0700402095
1574.9000000000	0.0688808819
1574.9100000000	0.0676225851
1574.9200000000	0.0663702647
1574.9300000000	0.0652291318
1574.9400000000	0.0642832415
1574.9500000000	0.0634193944
1574.9600000000	0.0627848163
1574.9700000000	0.0624430235
1574.9800000000	0.0622818972
1574.9900000000	0.0626482586
1575.0000000000	0.0633490135
1575.0100000000	0.0644311127
1575.0200000000	0.0657799948
1575.0300000000	0.0672327341
1575.0400000000	0.0684734890
1575.0500000000	0.0693930060
1575.0600000000	0.0698365171
1575.0700000000	0.0695953043
1575.0800000000	0.0688011945
1575.0900000000	0.0676282955
1575.1000000000	0.0662176250
1575.1100000000	0.0647533697
1575.1200000000	0.0634972343
1575.1300000000	0.0623454387
1575.1400000000	0.0615157775
1575.1500000000	0.0608395587
1575.1600000000	0.0603646423
1575.1700000000	0.0603436679
1575.1800000000	0.0606790685
1575.1900000000	0.0615531320
1575.2000000000	0.0628682288
1575.2100000000	0.0646552675
1575.2200000000	0.0668114185
1575.2300000000	0.0690137829
1575.2400000000	0.0712637904
1575.2500000000	0.0728585429
1575.2600000000	0.0737451177
1575.2700000000	0.0740282215
1575.2800000000	0.0737071287
1575.2900000000	0.0728757818
1575.3000000000	0.0717455024
1575.3100000000	0.0705862886
1575.3200000000	0.0692831815
1575.3300000000	0.0680162563
1575.3400000000	0.0669056733
1575.3500000000	0.0658693135
1575.3600000000	0.0650359628
1575.3700000000	0.0645316725
1575.3800000000	0.0642884741
1575.3900000000	0.0644233951
1575.4000000000	0.0649788262
1575.4100000000	0.0658709702
1575.4200000000	0.0668387878
1575.4300000000	0.0682214348
1575.4400000000	0.0694728191
1575.4500000000	0.0704670891
1575.4600000000	0.0710875886
1575.4700000000	0.0713384477
1575.4800000000	0.0713270648
1575.4900000000	0.0710528438
1575.5000000000	0.0706568441
1575.5100000000	0.0699016021
1575.5200000000	0.0693290869
1575.5300000000	0.0687459743
1575.5400000000	0.0680561210
1575.5500000000	0.0673893104
1575.5600000000	0.0669531673
1575.5700000000	0.0667407555
1575.5800000000	0.0666628781
1575.5900000000	0.0671927992
1575.6000000000	0.0678872680
1575.6100000000	0.0686685138
1575.6200000000	0.0696674898
1575.6300000000	0.0706336653
1575.6400000000	0.0711497608
1575.6500000000	0.0713784533
1575.6600000000	0.0715267663
1575.6700000000	0.0712883921
1575.6800000000	0.0709378478
1575.6900000000	0.0705529517
1575.7000000000	0.0701673682
1575.7100000000	0.0696829089
1575.7200000000	0.0692818162
1575.7300000000	0.0689180792
1575.7400000000	0.0684272662
1575.7500000000	0.0681594538
1575.7600000000	0.0680048147
1575.7700000000	0.0679989171
1575.7800000000	0.0683291095
1575.7900000000	0.0691754794
1575.8000000000	0.0702573950
1575.8100000000	0.0713680968
1575.8200000000	0.0724797358
1575.8300000000	0.0732977599
1575.8400000000	0.0739024072
1575.8500000000	0.0740918097
1575.8600000000	0.0739303835
1575.8700000000	0.0736792916
1575.8800000000	0.0736482325
1575.8900000000	0.0736785693
1575.9000000000	0.0739163901
1575.9100000000	0.0742759689
1575.9200000000	0.0746470153
1575.9300000000	0.0750210974
1575.9400000000	0.0754933345
1575.9500000000	0.0760310083
1575.9600000000	0.0766054319
1575.9700000000	0.0774491113
1575.9800000000	0.0784741009
1575.9900000000	0.0795879261
1576.0000000000	0.0809994966
1576.0100000000	0.0823624848
1576.0200000000	0.0833178632
1576.0300000000	0.0838105695
1576.0400000000	0.0838738362
1576.0500000000	0.0831124327
1576.0600000000	0.0819185916
1576.0700000000	0.0804085391
1576.0800000000	0.0786740643
1576.0900000000	0.0771441278
1576.1000000000	0.0757434084
1576.1100000000	0.0744180177
1576.1200000000	0.0733289168
1576.1300000000	0.0724157332
1576.1400000000	0.0718027662
1576.1500000000	0.0714299923
1576.1600000000	0.0713237921
1576.1700000000	0.0715680580
1576.1800000000	0.0721882958
1576.1900000000	0.0732373819
1576.2000000000	0.0743850516
1576.2100000000	0.0754194412
1576.2200000000	0.0763795308
1576.2300000000	0.0769397106
1576.2400000000	0.0771679327
1576.2500000000	0.0768379553
1576.2600000000	0.0760232443
1576.2700000000	0.0749711791
1576.2800000000	0.0739399337
1576.2900000000	0.0729133017
1576.3000000000	0.0719801274
1576.3100000000	0.0712752961
1576.3200000000	0.0706956143
1576.3300000000	0.0701948218
1576.3400000000	0.0697479128
1576.3500000000	0.0696180065
1576.3600000000	0.0697769270
1576.3700000000	0.0701247191
1576.3800000000	0.0707206479
1576.3900000000	0.0715227846
1576.4000000000	0.0726438412
1576.4100000000	0.0734683680
1576.4200000000	0.0739545040
1576.4300000000	0.0740404879
1576.4400000000	0.0737449769
1576.4500000000	0.0731101529
1576.4600000000	0.0724220470
1576.4700000000	0.0715272148
1576.4800000000	0.0708549020
1576.4900000000	0.0704122189
1576.5000000000	0.0700349146
1576.5100000000	0.0698152813
1576.5200000000	0.0696003110
1576.5300000000	0.0694166090
1576.5400000000	0.0692676880
1576.5500000000	0.0693447434
1576.5600000000	0.0697937562
1576.5700000000	0.0703817655
1576.5800000000	0.0712347569
1576.5900000000	0.0722732464
1576.6000000000	0.0736416931
1576.6100000000	0.0749227348
1576.6200000000	0.0761995320
1576.6300000000	0.0769442101
1576.6400000000	0.0772490351
1576.6500000000	0.0773808556
1576.6600000000	0.0772306140
1576.6700000000	0.0770377466
1576.6800000000	0.0767784368
1576.6900000000	0.0765240185
1576.7000000000	0.0764096886
1576.7100000000	0.0762941199
1576.7200000000	0.0762881609
1576.7300000000	0.0762896073
1576.7400000000	0.0765191619
1576.7500000000	0.0769336612
1576.7600000000	0.0776231222
1576.7700000000	0.0786688009
1576.7800000000	0.0796814104
1576.7900000000	0.0808588612
1576.8000000000	0.0821958679
1576.8100000000	0.0834408120
1576.8200000000	0.0841859990
1576.8300000000	0.0846765609
1576.8400000000	0.0850438595
1576.8500000000	0.0851203757
1576.8600000000	0.0851557237
1576.8700000000	0.0850721795
1576.8800000000	0.0849594153
1576.8900000000	0.0848114544
1576.9000000000	0.0845870261
1576.9100000000	0.0843623929
1576.9200000000	0.0841896271
1576.9300000000	0.0840869669
1576.9400000000	0.0840685595
1576.9500000000	0.0844668781
1576.9600000000	0.0851675290
1576.9700000000	0.0862094961
1576.9800000000	0.0871311848
1576.9900000000	0.0877863060
1577.0000000000	0.0884928796
1577.0100000000	0.0887011556
1577.0200000000	0.0885292611
1577.0300000000	0.0880558334
1577.0400000000	0.0873250949
1577.0500000000	0.0866957958
1577.0600000000	0.0861635647
1577.0700000000	0.0857593608
1577.0800000000	0.0855016112
1577.0900000000	0.0854200719
1577.1000000000	0.0853560632
1577.1100000000	0.0853120027
1577.1200000000	0.0852196814
1577.1300000000	0.0850573147
1577.1400000000	0.0851578236
1577.1500000000	0.0854481498
1577.1600000000	0.0860092966
1577.1700000000	0.0868010787
1577.1800000000	0.0878445850
1577.1900000000	0.0887121314
1577.2000000000	0.0890703927
1577.2100000000	0.0891373682
1577.2200000000	0.0888232844
1577.2300000000	0.0882323225
1577.2400000000	0.0873941010
1577.2500000000	0.0866061998
1577.2600000000	0.0861679601
1577.2700000000	0.0859992306
1577.2800000000	0.0861209891
1577.2900000000	0.0863997602
1577.3000000000	0.0867765669
1577.3100000000	0.0870859910
1577.3200000000	0.0874964753
1577.3300000000	0.0877151383
1577.3400000000	0.0879214131
1577.3500000000	0.0882755278
1577.3600000000	0.0887833873
1577.3700000000	0.0894076796
1577.3800000000	0.0897873929
1577.3900000000	0.0899625997
1577.4000000000	0.0897537867
1577.4100000000	0.0892331931
1577.4200000000	0.0882506452
1577.4300000000	0.0870020725
1577.4400000000	0.0857722697
1577.4500000000	0.0847224369
1577.4600000000	0.0841602450
1577.4700000000	0.0838114677
1577.4800000000	0.0839972490
1577.4900000000	0.0845213403
1577.5000000000	0.0848753552
1577.5100000000	0.0854362174
1577.5200000000	0.0861553216
1577.5300000000	0.0869581778
1577.5400000000	0.0878654212
1577.5500000000	0.0889906272
1577.5600000000	0.0902970674
1577.5700000000	0.0916586116
1577.5800000000	0.0929037591
1577.5900000000	0.0936773137
1577.6000000000	0.0941331939
1577.6100000000	0.0941792641
1577.6200000000	0.0937926273
1577.6300000000	0.0930007199
1577.6400000000	0.0918440007
1577.6500000000	0.0907359526
1577.6600000000	0.0898731309
1577.6700000000	0.0892656545
1577.6800000000	0.0887239117
1577.6900000000	0.0883743018
1577.7000000000	0.0881409942
1577.7100000000	0.0880369824
1577.7200000000	0.0881736726
1577.7300000000	0.0884295624
1577.7400000000	0.0891229139
1577.7500000000	0.0900772009
1577.7600000000	0.0911363993
1577.7700000000	0.0921191337
1577.7800000000	0.0928172510
1577.7900000000	0.0930242768
1577.8000000000	0.0926891130
1577.8100000000	0.0918454461
1577.8200000000	0.0905770360
1577.8300000000	0.0892034274
1577.8400000000	0.0878072751
1577.8500000000	0.0865813802
1577.8600000000	0.0856789875
1577.8700000000	0.0849162191
1577.8800000000	0.0843907543
1577.8900000000	0.0837624291
1577.9000000000	0.0832639141
1577.9100000000	0.0829452723
1577.9200000000	0.0829265204
1577.9300000000	0.0832395599
1577.9400000000	0.0837712807
1577.9500000000	0.0845893158
1577.9600000000	0.0857096389
1577.9700000000	0.0870513083
1577.9800000000	0.0883696092
1577.9900000000	0.0893519752
1578.0000000000	0.0901397275
1578.0100000000	0.0908342980
1578.0200000000	0.0912359627
1578.0300000000	0.0916197559
1578.0400000000	0.0921841237
1578.0500000000	0.0929202652
1578.0600000000	0.0936914596
1578.0700000000	0.0945313439
1578.0800000000	0.0952655115
1578.0900000000	0.0955661526
1578.1000000000	0.0956040957
1578.1100000000	0.0957078196
1578.1200000000	0.0956740894
1578.1300000000	0.0959378599
1578.1400000000	0.0964559816
1578.1500000000	0.0972343757
1578.1600000000	0.0982130826
1578.1700000000	0.0993315461
1578.1800000000	0.1006721209
1578.1900000000	0.1016851847
1578.2000000000	0.1024197001
1578.2100000000	0.1030519806
1578.2200000000	0.1034526575
1578.2300000000	0.1038527560
1578.2400000000	0.1043904502
1578.2500000000	0.1051886591
1578.2600000000	0.1060850202
1578.2700000000	0.1071269847
1578.2800000000	0.1081070733
1578.2900000000	0.1086069888
1578.3000000000	0.1086186776
1578.3100000000	0.1085452677
1578.3200000000	0.1082998968
1578.3300000000	0.1079514560
1578.3400000000	0.1078364816
1578.3500000000	0.1076654096
1578.3600000000	0.1076513872
1578.3700000000	0.1077531768
1578.3800000000	0.1078615917
1578.3900000000	0.1077619002
1578.4000000000	0.1074641844
1578.4100000000	0.1069764326
1578.4200000000	0.1063271001
1578.4300000000	0.1058123600
1578.4400000000	0.1053488989
1578.4500000000	0.1050140848
1578.4600000000	0.1047555754
1578.4700000000	0.1045821718
1578.4800000000	0.1043611940
1578.4900000000	0.1038963691
1578.5000000000	0.1032730133
1578.5100000000	0.1026229138
1578.5200000000	0.1020466754
1578.5300000000	0.1018432058
1578.5400000000	0.1015814886
1578.5500000000	0.1012552767
1578.5600000000	0.1011492154
1578.5700000000	0.1010039400
1578.5800000000	0.1005617038
1578.5900000000	0.1002132488
1578.6000000000	0.0997582703
1578.6100000000	0.0994061130
1578.6200000000	0.0996949780
1578.6300000000	0.1001240411
1578.6400000000	0.1006982447
1578.6500000000	0.1016556009
1578.6600000000	0.1027607242
1578.6700000000	0.1035395399
1578.6800000000	0.1041410371
1578.6900000000	0.1043695977
1578.7000000000	0.1043689294
1578.7100000000	0.1045218044
1578.7200000000	0.1048045134
1578.7300000000	0.1054626108
1578.7400000000	0.1062635355
1578.7500000000	0.1071126121
1578.7600000000	0.1079498188
1578.7700000000	0.1084348139
1578.7800000000	0.1086748407
1578.7900000000	0.1085049176
1578.8000000000	0.1078644172
1578.8100000000	0.1070740337
1578.8200000000	0.1064949274
1578.8300000000	0.1062268267
1578.8400000000	0.1063291807
1578.8500000000	0.1067262197
1578.8600000000	0.1070125897
1578.8700000000	0.1072381737
1578.8800000000	0.1073231637
1578.8900000000	0.1070995335
1578.9000000000	0.1066187822
1578.9100000000	0.1063813607
1578.9200000000	0.1062326226
1578.9300000000	0.1063527563
1578.9400000000	0.1065944671
1578.9500000000	0.1068447600
1578.9600000000	0.1068964120
1578.9700000000	0.1072301558
1578.9800000000	0.1074935851
1578.9900000000	0.1076256031
1579.0000000000	0.1077318339
1579.0100000000	0.1081072623
1579.0200000000	0.1085720796
1579.0300000000	0.1094927829
1579.0400000000	0.1107631683
1579.0500000000	0.1120994716
1579.0600000000	0.1134530194
1579.0700000000	0.1145163777
1579.0800000000	0.1149052214
1579.0900000000	0.1145178761
1579.1000000000	0.1135800488
1579.1100000000	0.1121721889
1579.1200000000	0.1104388339
1579.1300000000	0.1087763940
1579.1400000000	0.1070628897
1579.1500000000	0.1054289123
1579.1600000000	0.1040465606
1579.1700000000	0.1025815987
1579.1800000000	0.1011671852
1579.1900000000	0.0999184632
1579.2000000000	0.0989369508
1579.2100000000	0.0981560940
1579.2200000000	0.0980718135
1579.2300000000	0.0983068976
1579.2400000000	0.0986684874
1579.2500000000	0.0992125092
1579.2600000000	0.0999429774
1579.2700000000	0.1005137193
1579.2800000000	0.1010624311
1579.2900000000	0.1014447996
1579.3000000000	0.1014400035
1579.3100000000	0.1013942383
1579.3200000000	0.1015134185
1579.3300000000	0.1015496445
1579.3400000000	0.1015372545
1579.3500000000	0.1014926505
1579.3600000000	0.1013478341
1579.3700000000	0.1010541839
1579.3800000000	0.1008244410
1579.3900000000	0.1004853058
1579.4000000000	0.1002753476
1579.4100000000	0.1006538455
1579.4200000000	0.1017517881
1579.4300000000	0.1031661038
1579.4400000000	0.1051250498
1579.4500000000	0.1071150565
1579.4600000000	0.1089206946
1579.4700000000	0.1105276995
1579.4800000000	0.1117296020
1579.4900000000	0.1121891104
1579.5000000000	0.1123236320
1579.5100000000	0.1125243632
1579.5200000000	0.1126685834
1579.5300000000	0.1126375516
1579.5400000000	0.1123906358
1579.5500000000	0.1119420097
1579.5600000000	0.1113641520
1579.5700000000	0.1107740051
1579.5800000000	0.1101719450
1579.5900000000	0.1097053219
1579.6000000000	0.1094356082
1579.6100000000	0.1096837159
1579.6200000000	0.1104583500
1579.6300000000	0.1118161507
1579.6400000000	0.1135076321
1579.6500000000	0.1151462835
1579.6600000000	0.1166837544
1579.6700000000	0.1178397284
1579.6800000000	0.1185399252
1579.6900000000	0.1185924630
1579.7000000000	0.1183549539
1579.7100000000	0.1177932195
1579.7200000000	0.1169119799
1579.7300000000	0.1156280407
1579.7400000000	0.1140630095
1579.7500000000	0.1119348562
1579.7600000000	0.1095243306
1579.7700000000	0.1070723022
1579.7800000000	0.1046288356
1579.7900000000	0.1026919350
1579.8000000000	0.1014500460
1579.8100000000	0.1009992458
1579.8200000000	0.1013411044
1579.8300000000	0.1023043090
1579.8400000000	0.1037573282
1579.8500000000	0.1053720021
1579.8600000000	0.1067333141
1579.8700000000	0.1076935817
1579.8800000000	0.1083002943
1579.8900000000	0.1084509752
1579.9000000000	0.1082372782
1579.9100000000	0.1080284124
1579.9200000000	0.1078559304
1579.9300000000	0.1078202826
1579.9400000000	0.1078586215
1579.9500000000	0.1075886295
1579.9600000000	0.1071397340
1579.9700000000	0.1063251967
1579.9800000000	0.1051828580
1579.9900000000	0.1040343958
1580.0000000000	0.1029754090
1580.0100000000	0.1025419742
1580.0200000000	0.1028240816
1580.0300000000	0.1035681547
1580.0400000000	0.1045840842
1580.0500000000	0.1059088527
1580.0600000000	0.1070286222
1580.0700000000	0.1079409338
1580.0800000000	0.1084431098
1580.0900000000	0.1084686519
1580.1000000000	0.1080288869
1580.1100000000	0.1073806742
1580.1200000000	0.1065916047
1580.1300000000	0.1056400697
1580.1400000000	0.1044355676
1580.1500000000	0.1031126329
1580.1600000000	0.1017814096
1580.1700000000	0.1005588658
1580.1800000000	0.0994493719
1580.1900000000	0.0986241195
1580.2000000000	0.0981878092
1580.2100000000	0.0982991284
1580.2200000000	0.0990232444
1580.2300000000	0.1004174351
1580.2400000000	0.1020645615
1580.2500000000	0.1036251448
1580.2600000000	0.1052643711
1580.2700000000	0.1064154935
1580.2800000000	0.1070890583
1580.2900000000	0.1071497324
1580.3000000000	0.1067654524
1580.3100000000	0.1058372624
1580.3200000000	0.1048067911
1580.3300000000	0.1033181435
1580.3400000000	0.1015077555
1580.3500000000	0.0995019621
1580.3600000000	0.0973181450
1580.3700000000	0.0952123430
1580.3800000000	0.0931457972
1580.3900000000	0.0914304692
1580.4000000000	0.0902149066
1580.4100000000	0.0897766667
1580.4200000000	0.0900779021
1580.4300000000	0.0910177320
1580.4400000000	0.0925355354
1580.4500000000	0.0944674870
1580.4600000000	0.0967188954
1580.4700000000	0.0990558532
1580.4800000000	0.1014426857
1580.4900000000	0.1036574670
1580.5000000000	0.1055532427
1580.5100000000	0.1074421812
1580.5200000000	0.1088171495
1580.5300000000	0.1100441307
1580.5400000000	0.1107196100
1580.5500000000	0.1109222701
1580.5600000000	0.1107209206
1580.5700000000	0.1102774129
1580.5800000000	0.1096150322
1580.5900000000	0.1088963234
1580.6000000000	0.1086733592
1580.6100000000	0.1091107496
1580.6200000000	0.1098970179
1580.6300000000	0.1110717347
1580.6400000000	0.1127465008
1580.6500000000	0.1144826912
1580.6600000000	0.1159820011
1580.6700000000	0.1171151622
1580.6800000000	0.1178219431
1580.6900000000	0.1181330180
1580.7000000000	0.1181315840
1580.7100000000	0.1177540066
1580.7200000000	0.1170550002
1580.7300000000	0.1159368399
1580.7400000000	0.1144723241
1580.7500000000	0.1126332742
1580.7600000000	0.1104935346
1580.7700000000	0.1084403090
1580.7800000000	0.1065826275
1580.7900000000	0.1053273023
1580.8000000000	0.1046259293
1580.8100000000	0.1047891697
1580.8200000000	0.1054281271
1580.8300000000	0.1066026912
1580.8400000000	0.1080446964
1580.8500000000	0.1095810822
1580.8600000000	0.1113092532
1580.8700000000	0.1128542848
1580.8800000000	0.1142066162
1580.8900000000	0.1154099196
1580.9000000000	0.1163214998
1580.9100000000	0.1170608948
1580.9200000000	0.1172829398
1580.9300000000	0.1169164503
1580.9400000000	0.1158417287
1580.9500000000	0.1145026286
1580.9600000000	0.1128586375
1580.9700000000	0.1109054683
1580.9800000000	0.1087995317
1580.9900000000	0.1071757446
1581.0000000000	0.1060658802
1581.0100000000	0.1053674356
1581.0200000000	0.1051077204
1581.0300000000	0.1049271321
1581.0400000000	0.1050920147
1581.0500000000	0.1055326126
1581.0600000000	0.1061331426
1581.0700000000	0.1065054583
1581.0800000000	0.1068042364
1581.0900000000	0.1072078114
1581.1000000000	0.1074138529
1581.1100000000	0.1075152317
1581.1200000000	0.1071274650
1581.1300000000	0.1064396897
1581.1400000000	0.1054486572
1581.1500000000	0.1040924023
1581.1600000000	0.1028244413
1581.1700000000	0.1012961692
1581.1800000000	0.0999681198
1581.1900000000	0.0990364432
1581.2000000000	0.0984616392
1581.2100000000	0.0981216113
1581.2200000000	0.0981537974
1581.2300000000	0.0983908067
1581.2400000000	0.0989338578
1581.2500000000	0.0995710732
1581.2600000000	0.1001614012
1581.2700000000	0.1006274544
1581.2800000000	0.1010327105
1581.2900000000	0.1015379910
1581.3000000000	0.1019475378
1581.3100000000	0.1024170466
1581.3200000000	0.1027429377
1581.3300000000	0.1028525092
1581.3400000000	0.1028255975
1581.3500000000	0.1023422910
1581.3600000000	0.1018983843
1581.3700000000	0.1012562767
1581.3800000000	0.1006641114
1581.3900000000	0.1004222149
1581.4000000000	0.1003481266
1581.4100000000	0.1006514022
1581.4200000000	0.1010219414
1581.4300000000	0.1014765097
1581.4400000000	0.1021324709
1581.4500000000	0.1025318035
1581.4600000000	0.1027466265
1581.4700000000	0.1026838578
1581.4800000000	0.1027185841
1581.4900000000	0.1027529361
1581.5000000000	0.1027529361
1581.5100000000	0.1026835311
1581.5200000000	0.1024733252
1581.5300000000	0.1021200606
1581.5400000000	0.1015890983
1581.5500000000	0.1011221358
1581.5600000000	0.1003798671
1581.5700000000	0.1000451946
1581.5800000000	0.1001049034
1581.5900000000	0.1005926028
1581.6000000000	0.1016532664
1581.6100000000	0.1031367258
1581.6200000000	0.1046030689
1581.6300000000	0.1059327134
1581.6400000000	0.1070192574
1581.6500000000	0.1076166869
1581.6600000000	0.1078076070
1581.6700000000	0.1076076053
1581.6800000000	0.1071529810
1581.6900000000	0.1065269257
1581.7000000000	0.1055635044
1581.7100000000	0.1044581810
1581.7200000000	0.1030706460
1581.7300000000	0.1018270803
1581.7400000000	0.1003497770
1581.7500000000	0.0989058212
1581.7600000000	0.0978362517
1581.7700000000	0.0969418643
1581.7800000000	0.0966367406
1581.7900000000	0.0970465492
1581.8000000000	0.0980870619
1581.8100000000	0.0996462502
1581.8200000000	0.1015502623
1581.8300000000	0.1036558377
1581.8400000000	0.1059325869
1581.8500000000	0.1079713587
1581.8600000000	0.1094337274
1581.8700000000	0.1104191285
1581.8800000000	0.1109766163
1581.8900000000	0.1109183200
1581.9000000000	0.1102234291
1581.9100000000	0.1089637142
1581.9200000000	0.1074368629
1581.9300000000	0.1055202422
1581.9400000000	0.1034351386
1581.9500000000	0.1013949683
1581.9600000000	0.0995414692
1581.9700000000	0.0980693661
1581.9800000000	0.0972448311
1581.9900000000	0.0970678666
1582.0000000000	0.0972714981
1582.0100000000	0.0981356986
1582.0200000000	0.0993689117
1582.0300000000	0.1009115367
1582.0400000000	0.1024168371
1582.0500000000	0.1038420904
1582.0600000000	0.1051485306
1582.0700000000	0.1058705015
1582.0800000000	0.1065581499
1582.0900000000	0.1067538952
1582.1000000000	0.1064421560
1582.1100000000	0.1057986192
1582.1200000000	0.1050133804
1582.1300000000	0.1039190439
1582.1400000000	0.1026006101
1582.1500000000	0.1014879145
1582.1600000000	0.1003623387
1582.1700000000	0.0998164028
1582.1800000000	0.0998719847
1582.1900000000	0.1004158727
1582.2000000000	0.1013400817
1582.2100000000	0.1027389117
1582.2200000000	0.1044691847
1582.2300000000	0.1062861319
1582.2400000000	0.1082135226
1582.2500000000	0.1098809755
1582.2600000000	0.1112535380
1582.2700000000	0.1124143925
1582.2800000000	0.1133086127
1582.2900000000	0.1136166593
1582.3000000000	0.1135599323
1582.3100000000	0.1132948557
1582.3200000000	0.1124297311
1582.3300000000	0.1114510588
1582.3400000000	0.1101446186
1582.3500000000	0.1084515456
1582.3600000000	0.1071313154
1582.3700000000	0.1064271398
1582.3800000000	0.1060879167
1582.3900000000	0.1060088022
1582.4000000000	0.1065375097
1582.4100000000	0.1077001432
1582.4200000000	0.1090057078
1582.4300000000	0.1105802667
1582.4400000000	0.1122425087
1582.4500000000	0.1134170985
1582.4600000000	0.1143429313
1582.4700000000	0.1150148315
1582.4800000000	0.1151479357
1582.4900000000	0.1148788916
1582.5000000000	0.1142062689
1582.5100000000	0.1130718697
1582.5200000000	0.1118000761
1582.5300000000	0.1104402945
1582.5400000000	0.1090011501
1582.5500000000	0.1076992919
1582.5600000000	0.1069659137
1582.5700000000	0.1066335593
1582.5800000000	0.1068065434
1582.5900000000	0.1073643140
1582.6000000000	0.1082363108
1582.6100000000	0.1095207222
1582.6200000000	0.1109892336
1582.6300000000	0.1127477112
1582.6400000000	0.1141684796
1582.6500000000	0.1154299264
1582.6600000000	0.1167146133
1582.6700000000	0.1174697555
1582.6800000000	0.1180287740
1582.6900000000	0.1183012698
1582.7000000000	0.1177701051
1582.7100000000	0.1167058072
1582.7200000000	0.1152969118
1582.7300000000	0.1133851490
1582.7400000000	0.1112438476
1582.7500000000	0.1094607460
1582.7600000000	0.1080647227
1582.7700000000	0.1070608963
1582.7800000000	0.1065100887
1582.7900000000	0.1064165792
1582.8000000000	0.1065590352
1582.8100000000	0.1070449914
1582.8200000000	0.1078269151
1582.8300000000	0.1084105024
1582.8400000000	0.1088395578
1582.8500000000	0.1093148797
1582.8600000000	0.1097245076
1582.8700000000	0.1099355559
1582.8800000000	0.1101576963
1582.8900000000	0.1101671013
1582.9000000000	0.1097789990
1582.9100000000	0.1091888553
1582.9200000000	0.1079852246
1582.9300000000	0.1064311191
1582.9400000000	0.1048932332
1582.9500000000	0.1036135414
1582.9600000000	0.1027613276
1582.9700000000	0.1022173404
1582.9800000000	0.1022957804
1582.9900000000	0.1025745332
1583.0000000000	0.1033171154
1583.0100000000	0.1042264281
1583.0200000000	0.1050804129
1583.0300000000	0.1055705832
1583.0400000000	0.1059219469
1583.0500000000	0.1061728112
1583.0600000000	0.1064599068
1583.0700000000	0.1067638812
1583.0800000000	0.1070063695
1583.0900000000	0.1071639139
1583.1000000000	0.1069845574
1583.1100000000	0.1065600220
1583.1200000000	0.1059149075
1583.1300000000	0.1047707368
1583.1400000000	0.1037588021
1583.1500000000	0.1028440105
1583.1600000000	0.1023667792
1583.1700000000	0.1022601528
1583.1800000000	0.1027933366
1583.1900000000	0.1038466785
1583.2000000000	0.1053051415
1583.2100000000	0.1072347217
1583.2200000000	0.1091087738
1583.2300000000	0.1109051157
1583.2400000000	0.1122667830
1583.2500000000	0.1130563821
1583.2600000000	0.1134046474
1583.2700000000	0.1132120778
1583.2800000000	0.1125764741
1583.2900000000	0.1112261415
1583.3000000000	0.1095087762
1583.3100000000	0.1076787320
1583.3200000000	0.1059496636
1583.3300000000	0.1041582558
1583.3400000000	0.1027518680
1583.3500000000	0.1018222151
1583.3600000000	0.1014473277
1583.3700000000	0.1018113754
1583.3800000000	0.1027276510
1583.3900000000	0.1042951250
1583.4000000000	0.1062758221
1583.4100000000	0.1083671657
1583.4200000000	0.1104413158
1583.4300000000	0.1122419374
1583.4400000000	0.1136304868
1583.4500000000	0.1144483802
1583.4600000000	0.1147472235
1583.4700000000	0.1143754579
1583.4800000000	0.1137899474
1583.4900000000	0.1129969588
1583.5000000000	0.1117731501
1583.5100000000	0.1104364025
1583.5200000000	0.1088331309
1583.5300000000	0.1074186105
1583.5400000000	0.1062749954
1583.5500000000	0.1055141130
1583.5600000000	0.1055410870
1583.5700000000	0.1060774133
1583.5800000000	0.1072908575
1583.5900000000	0.1090837031
1583.6000000000	0.1111799308
1583.6100000000	0.1132175171
1583.6200000000	0.1152753001
1583.6300000000	0.1169012539
1583.6400000000	0.1180972562
1583.6500000000	0.1188928123
1583.6600000000	0.1191502546
1583.6700000000	0.1188414053
1583.6800000000	0.1180993126
1583.6900000000	0.1170468242
1583.7000000000	0.1155883653
1583.7100000000	0.1139718813
1583.7200000000	0.1121508185
1583.7300000000	0.1103362105
1583.7400000000	0.1086332306
1583.7500000000	0.1073338845
1583.7600000000	0.1065227604
1583.7700000000	0.1061922230
1583.7800000000	0.1065093929
1583.7900000000	0.1072094624
1583.8000000000	0.1083307397
1583.8100000000	0.1095766460
1583.8200000000	0.1106045491
1583.8300000000	0.1116003135
1583.8400000000	0.1123925215
1583.8500000000	0.1130715003
1583.8600000000	0.1132762393
1583.8700000000	0.1130020460
1583.8800000000	0.1122783153
1583.8900000000	0.1112058710
1583.9000000000	0.1098444878
1583.9100000000	0.1083107159
1583.9200000000	0.1069348562
1583.9300000000	0.1055232441
1583.9400000000	0.1048539026
1583.9500000000	0.1048310751
1583.9600000000	0.1051923813
1583.9700000000	0.1060693950
1583.9800000000	0.1075808881
1583.9900000000	0.1094438761
1584.0000000000	0.1115192572
1584.0100000000	0.1135927111
1584.0200000000	0.1152826637
1584.0300000000	0.1166680009
1584.0400000000	0.1177867368
1584.0500000000	0.1184898107
1584.0600000000	0.1187645218
1584.0700000000	0.1184572384
1584.0800000000	0.1176647163
1584.0900000000	0.1162796742
1584.1000000000	0.1144392816
1584.1100000000	0.1122205284
1584.1200000000	0.1096343076
1584.1300000000	0.1072346126
1584.1400000000	0.1052945231
1584.1500000000	0.1038829334
1584.1600000000	0.1031819993
1584.1700000000	0.1032273125
1584.1800000000	0.1038284209
1584.1900000000	0.1049082514
1584.2000000000	0.1062661420
1584.2100000000	0.1076031207
1584.2200000000	0.1087723082
1584.2300000000	0.1097308238
1584.2400000000	0.1105584775
1584.2500000000	0.1108426207
1584.2600000000	0.1107791336
1584.2700000000	0.1102628492
1584.2800000000	0.1094934979
1584.2900000000	0.1083993871
1584.3000000000	0.1070292480
1584.3100000000	0.1054360037
1584.3200000000	0.1037229265
1584.3300000000	0.1023427985
1584.3400000000	0.1013301577
1584.3500000000	0.1007410824
1584.3600000000	0.1008506825
1584.3700000000	0.1015669959
1584.3800000000	0.1029196715
1584.3900000000	0.1044857451
1584.4000000000	0.1061884050
1584.4100000000	0.1076253169
1584.4200000000	0.1085974106
1584.4300000000	0.1095689368
1584.4400000000	0.1097935173
1584.4500000000	0.1097266242
1584.4600000000	0.1092689566
1584.4700000000	0.1084470320
1584.4800000000	0.1071963303
1584.4900000000	0.1056991532
1584.5000000000	0.1040527602
1584.5100000000	0.1024554178
1584.5200000000	0.1013895147
1584.5300000000	0.1005799614
1584.5400000000	0.1002379229
1584.5500000000	0.1003409952
1584.5600000000	0.1011593792
1584.5700000000	0.1025656633
1584.5800000000	0.1045168513
1584.5900000000	0.1065960841
1584.6000000000	0.1087718317
1584.6100000000	0.1108686397
1584.6200000000	0.1126677381
1584.6300000000	0.1140158070
1584.6400000000	0.1148918115
1584.6500000000	0.1150482403
1584.6600000000	0.1145985830
1584.6700000000	0.1133997735
1584.6800000000	0.1116380959
1584.6900000000	0.1092104697
1584.7000000000	0.1067166014
1584.7100000000	0.1042843809
1584.7200000000	0.1022832080
1584.7300000000	0.1009311902
1584.7400000000	0.1004037157
1584.7500000000	0.1006490958
1584.7600000000	0.1017223997
1584.7700000000	0.1036925839
1584.7800000000	0.1064196194
1584.7900000000	0.1094526428
1584.8000000000	0.1122860654
1584.8100000000	0.1149474839
1584.8200000000	0.1174253705
1584.8300000000	0.1193515036
1584.8400000000	0.1206276510
1584.8500000000	0.1210170972
1584.8600000000	0.1205733017
1584.8700000000	0.1193933887
1584.8800000000	0.1174697565
1584.8900000000	0.1149382966
1584.9000000000	0.1120349712
1584.9100000000	0.1091245009
1584.9200000000	0.1065191439
1584.9300000000	0.1043750915
1584.9400000000	0.1029209088
1584.9500000000	0.1022702422
1584.9600000000	0.1026940912
1584.9700000000	0.1039957941
1584.9800000000	0.1059764804
1584.9900000000	0.1080255752
1585.0000000000	0.1100830967
1585.0100000000	0.1121211355
1585.0200000000	0.1137035727
1585.0300000000	0.1148310225
1585.0400000000	0.1155203885
1585.0500000000	0.1158915275
1585.0600000000	0.1156190658
1585.0700000000	0.1147106667
1585.0800000000	0.1132757406
1585.0900000000	0.1112518712
1585.1000000000	0.1088026369
1585.1100000000	0.1063095649
1585.1200000000	0.1039388080
1585.1300000000	0.1019528615
1585.1400000000	0.1006602052
1585.1500000000	0.1000889976
1585.1600000000	0.1002822550
1585.1700000000	0.1013559503
1585.1800000000	0.1029817649
1585.1900000000	0.1049554470
1585.2000000000	0.1071094195
1585.2100000000	0.1091464052
1585.2200000000	0.1107745090
1585.2300000000	0.1120246998
1585.2400000000	0.1126534288
1585.2500000000	0.1124373613
1585.2600000000	0.1115490748
1585.2700000000	0.1098925300
1585.2800000000	0.1076642628
1585.2900000000	0.1050684327
1585.3000000000	0.1023110055
1585.3100000000	0.0995424074
1585.3200000000	0.0969988059
1585.3300000000	0.0951169075
1585.3400000000	0.0937688324
1585.3500000000	0.0932611350
1585.3600000000	0.0935437629
1585.3700000000	0.0943269747
1585.3800000000	0.0952338927
1585.3900000000	0.0964624109
1585.4000000000	0.0978926617
1585.4100000000	0.0993043124
1585.4200000000	0.1006954483
1585.4300000000	0.1020399333
1585.4400000000	0.1030591539
1585.4500000000	0.1039530341
1585.4600000000	0.1044975051
1585.4700000000	0.1045346791
1585.4800000000	0.1041026881
1585.4900000000	0.1035157068
1585.5000000000	0.1028067540
1585.5100000000	0.1019704185
1585.5200000000	0.1012559537
1585.5300000000	0.1009524058
1585.5400000000	0.1010622218
1585.5500000000	0.1017510622
1585.5600000000	0.1031122767
1585.5700000000	0.1045608725
1585.5800000000	0.1061267880
1585.5900000000	0.1075991837
1585.6000000000	0.1088634908
1585.6100000000	0.1096107668
1585.6200000000	0.1099225567
1585.6300000000	0.1095700089
1585.6400000000	0.1086501493
1585.6500000000	0.1074542212
1585.6600000000	0.1057563607
1585.6700000000	0.1035735941
1585.6800000000	0.1009174951
1585.6900000000	0.0981033250
1585.7000000000	0.0950099550
1585.7100000000	0.0920764459
1585.7200000000	0.0895831197
1585.7300000000	0.0877346813
1585.7400000000	0.0868415320
1585.7500000000	0.0870127231
1585.7600000000	0.0881158990
1585.7700000000	0.0899394126
1585.7800000000	0.0926041194
1585.7900000000	0.0957091688
1585.8000000000	0.0985751694
1585.8100000000	0.1011096699
1585.8200000000	0.1030854164
1585.8300000000	0.1041754322
1585.8400000000	0.1045813570
1585.8500000000	0.1042242034
1585.8600000000	0.1030698263
1585.8700000000	0.1016634564
1585.8800000000	0.1001792630
1585.8900000000	0.0984076340
1585.9000000000	0.0965874727
1585.9100000000	0.0950298127
1585.9200000000	0.0939041951
1585.9300000000	0.0932049777
1585.9400000000	0.0934605600
1585.9500000000	0.0942495493
1585.9600000000	0.0955307387
1585.9700000000	0.0975358607
1585.9800000000	0.0999912902
1585.9900000000	0.1024233509
1586.0000000000	0.1046206113
1586.0100000000	0.1065808531
1586.0200000000	0.1080979744
1586.0300000000	0.1092327541
1586.0400000000	0.1099201434
1586.0500000000	0.1097455088
1586.0600000000	0.1087598002
1586.0700000000	0.1072840569
1586.0800000000	0.1053549571
1586.0900000000	0.1031670390
1586.1000000000	0.1010448008
1586.1100000000	0.0989307784
1586.1200000000	0.0971665530
1586.1300000000	0.0961660440
1586.1400000000	0.0957484999
1586.1500000000	0.0959000955
1586.1600000000	0.0966237835
1586.1700000000	0.0977388988
1586.1800000000	0.0989807624
1586.1900000000	0.1003930913
1586.2000000000	0.1015986515
1586.2100000000	0.1023310208
1586.2200000000	0.1028399564
1586.2300000000	0.1030171756
1586.2400000000	0.1025477917
1586.2500000000	0.1014516602
1586.2600000000	0.1000462653
1586.2700000000	0.0981907200
1586.2800000000	0.0961825694
1586.2900000000	0.0942056591
1586.3000000000	0.0920614260
1586.3100000000	0.0902507824
1586.3200000000	0.0891859236
1586.3300000000	0.0886758329
1586.3400000000	0.0888046542
1586.3500000000	0.0896989430
1586.3600000000	0.0912530456
1586.3700000000	0.0931801387
1586.3800000000	0.0953088551
1586.3900000000	0.0975507385
1586.4000000000	0.0993561989
1586.4100000000	0.1010200447
1586.4200000000	0.1021932458
1586.4300000000	0.1025982374
1586.4400000000	0.1024382156
1586.4500000000	0.1017174561
1586.4600000000	0.1002677683
1586.4700000000	0.0985147135
1586.4800000000	0.0965572657
1586.4900000000	0.0941926127
1586.5000000000	0.0918988876
1586.5100000000	0.0900632294
1586.5200000000	0.0884674793
1586.5300000000	0.0872952570
1586.5400000000	0.0868852248
1586.5500000000	0.0872423421
1586.5600000000	0.0883804177
1586.5700000000	0.0899564813
1586.5800000000	0.0917289068
1586.5900000000	0.0933957027
1586.6000000000	0.0948544313
1586.6100000000	0.0960573079
1586.6200000000	0.0966037913
1586.6300000000	0.0966135874
1586.6400000000	0.0961951484
1586.6500000000	0.0952483274
1586.6600000000	0.0938706994
1586.6700000000	0.0924280039
1586.6800000000	0.0909308414
1586.6900000000	0.0893776691
1586.7000000000	0.0882613688
1586.7100000000	0.0875466161
1586.7200000000	0.0872940847
1586.7300000000	0.0877120472
1586.7400000000	0.0887894852
1586.7500000000	0.0903214657
1586.7600000000	0.0922362335
1586.7700000000	0.0943275298
1586.7800000000	0.0965345393
1586.7900000000	0.0984582628
1586.8000000000	0.1002106684
1586.8100000000	0.1015545932
1586.8200000000	0.1022603858
1586.8300000000	0.1023617938
1586.8400000000	0.1019326929
1586.8500000000	0.1010816427
1586.8600000000	0.0997688023
1586.8700000000	0.0979642179
1586.8800000000	0.0959475340
1586.8900000000	0.0939098747
1586.9000000000	0.0920183073
1586.9100000000	0.0907258857
1586.9200000000	0.0901091078
1586.9300000000	0.0900933959
1586.9400000000	0.0907815155
1586.9500000000	0.0922817841
1586.9600000000	0.0940821201
1586.9700000000	0.0961024780
1586.9800000000	0.0982120255
1586.9900000000	0.1003030099
1587.0000000000	0.1020206495
1587.0100000000	0.1032995266
1587.0200000000	0.1040807861
1587.0300000000	0.1044514744
1587.0400000000	0.1042769120
1587.0500000000	0.1035575916
1587.0600000000	0.1023167162
1587.0700000000	0.1005851459
1587.0800000000	0.0987448119
1587.0900000000	0.0966713730
1587.1000000000	0.0947537931
1587.1100000000	0.0929942534
1587.1200000000	0.0916201046
1587.1300000000	0.0909283839
1587.1400000000	0.0909137683
1587.1500000000	0.0914606093
1587.1600000000	0.0924950053
1587.1700000000	0.0938826450
1587.1800000000	0.0952405812
1587.1900000000	0.0964698106
1587.2000000000	0.0973939968
1587.2100000000	0.0978967375
1587.2200000000	0.0978389429
1587.2300000000	0.0974459947
1587.2400000000	0.0967986259
1587.2500000000	0.0956734055
1587.2600000000	0.0942718028
1587.2700000000	0.0926842791
1587.2800000000	0.0911516258
1587.2900000000	0.0898141685
1587.3000000000	0.0889001083
1587.3100000000	0.0885018411
1587.3200000000	0.0886775414
1587.3300000000	0.0896665476
1587.3400000000	0.0912063971
1587.3500000000	0.0931296852
1587.3600000000	0.0953418652
1587.3700000000	0.0976764258
1587.3800000000	0.0999066038
1587.3900000000	0.1014776644
1587.4000000000	0.1023217440
1587.4100000000	0.1023047568
1587.4200000000	0.1013984873
1587.4300000000	0.0997417123
1587.4400000000	0.0972610903
1587.4500000000	0.0941313765
1587.4600000000	0.0907745747
1587.4700000000	0.0874181064
1587.4800000000	0.0841565946
1587.4900000000	0.0813832675
1587.5000000000	0.0790720706
1587.5100000000	0.0777510534
1587.5200000000	0.0774554419
1587.5300000000	0.0781548024
1587.5400000000	0.0796890655
1587.5500000000	0.0817535748
1587.5600000000	0.0843358672
1587.5700000000	0.0871141171
1587.5800000000	0.0898866796
1587.5900000000	0.0922228587
1587.6000000000	0.0939389506
1587.6100000000	0.0951398063
1587.6200000000	0.0957507073
1587.6300000000	0.0958409481
1587.6400000000	0.0952901127
1587.6500000000	0.0941388317
1587.6600000000	0.0925555651
1587.6700000000	0.0906533911
1587.6800000000	0.0884651752
1587.6900000000	0.0861071225
1587.7000000000	0.0839439293
1587.7100000000	0.0821615358
1587.7200000000	0.0809430478
1587.7300000000	0.0806028028
1587.7400000000	0.0810996076
1587.7500000000	0.0825697040
1587.7600000000	0.0847035801
1587.7700000000	0.0873089094
1587.7800000000	0.0901324628
1587.7900000000	0.0926906265
1587.8000000000	0.0947536905
1587.8100000000	0.0963605427
1587.8200000000	0.0973167137
1587.8300000000	0.0974218671
1587.8400000000	0.0971227367
1587.8500000000	0.0963382444
1587.8600000000	0.0950960142
1587.8700000000	0.0934307524
1587.8800000000	0.0916661651
1587.8900000000	0.0898951154
1587.9000000000	0.0884070908
1587.9100000000	0.0874012733
1587.9200000000	0.0868443947
1587.9300000000	0.0870334099
1587.9400000000	0.0879667417
1587.9500000000	0.0895013529
1587.9600000000	0.0915498864
1587.9700000000	0.0939313201
1587.9800000000	0.0964457256
1587.9900000000	0.0986931323
1588.0000000000	0.1006452629
1588.0100000000	0.1020212711
1588.0200000000	0.1025673874
1588.0300000000	0.1022557552
1588.0400000000	0.1012804030
1588.0500000000	0.0997288592
1588.0600000000	0.0977165577
1588.0700000000	0.0952603987
1588.0800000000	0.0927243271
1588.0900000000	0.0902902765
1588.1000000000	0.0883375287
1588.1100000000	0.0871107618
1588.1200000000	0.0864177810
1588.1300000000	0.0867151524
1588.1400000000	0.0879213394
1588.1500000000	0.0896640727
1588.1600000000	0.0918978095
1588.1700000000	0.0944904326
1588.1800000000	0.0971926684
1588.1900000000	0.0998082889
1588.2000000000	0.1021526793
1588.2100000000	0.1038862622
1588.2200000000	0.1048338864
1588.2300000000	0.1052464028
1588.2400000000	0.1049668895
1588.2500000000	0.1040110915
1588.2600000000	0.1023878749
1588.2700000000	0.1002851104
1588.2800000000	0.0979320040
1588.2900000000	0.0956376578
1588.3000000000	0.0936233259
1588.3100000000	0.0919251352
1588.3200000000	0.0907572550
1588.3300000000	0.0903991666
1588.3400000000	0.0907890340
1588.3500000000	0.0916341578
1588.3600000000	0.0930149057
1588.3700000000	0.0947628922
1588.3800000000	0.0966472110
1588.3900000000	0.0982994724
1588.4000000000	0.0994718704
1588.4100000000	0.1003468217
1588.4200000000	0.1006756228
1588.4300000000	0.1006854376
1588.4400000000	0.1002681124
1588.4500000000	0.0992155057
1588.4600000000	0.0977973321
1588.4700000000	0.0961203506
1588.4800000000	0.0941949380
1588.4900000000	0.0923243464
1588.5000000000	0.0907806744
1588.5100000000	0.0896465202
1588.5200000000	0.0890788807
1588.5300000000	0.0892857504
1588.5400000000	0.0901823389
1588.5500000000	0.0915529887
1588.5600000000	0.0933447684
1588.5700000000	0.0953455360
1588.5800000000	0.0972108844
1588.5900000000	0.0988069310
1588.6000000000	0.0999384879
1588.6100000000	0.1003197420
1588.6200000000	0.1003270601
1588.6300000000	0.0998874185
1588.6400000000	0.0988155304
1588.6500000000	0.0974373300
1588.6600000000	0.0958504021
1588.6700000000	0.0940019506
1588.6800000000	0.0919980580
1588.6900000000	0.0902952689
1588.7000000000	0.0889314170
1588.7100000000	0.0882430662
1588.7200000000	0.0882537046
1588.7300000000	0.0889701705
1588.7400000000	0.0902410102
1588.7500000000	0.0919804114
1588.7600000000	0.0943649180
1588.7700000000	0.0969834783
1588.7800000000	0.0994641752
1588.7900000000	0.1013491847
1588.8000000000	0.1025430045
1588.8100000000	0.1031250004
1588.8200000000	0.1032535074
1588.8300000000	0.1026693875
1588.8400000000	0.1013459312
1588.8500000000	0.0995041080
1588.8600000000	0.0972131644
1588.8700000000	0.0946831819
1588.8800000000	0.0921602881
1588.8900000000	0.0898051891
1588.9000000000	0.0880677731
1588.9100000000	0.0869323677
1588.9200000000	0.0864404362
1588.9300000000	0.0865472585
1588.9400000000	0.0874210440
1588.9500000000	0.0890483380
1588.9600000000	0.0912276194
1588.9700000000	0.0935557195
1588.9800000000	0.0959465845
1588.9900000000	0.0979474408
1589.0000000000	0.0994574403
1589.0100000000	0.1005954830
1589.0200000000	0.1011685793
1589.0300000000	0.1012130969
1589.0400000000	0.1009401472
1589.0500000000	0.1001274381
1589.0600000000	0.0988030592
1589.0700000000	0.0972173184
1589.0800000000	0.0956072071
1589.0900000000	0.0939207004
1589.1000000000	0.0925001412
1589.1100000000	0.0915098791
1589.1200000000	0.0908702981
1589.1300000000	0.0908058209
1589.1400000000	0.0914718063
1589.1500000000	0.0926439075
1589.1600000000	0.0941385197
1589.1700000000	0.0956427622
1589.1800000000	0.0968983063
1589.1900000000	0.0976815362
1589.2000000000	0.0980075110
1589.2100000000	0.0975822454
1589.2200000000	0.0962133199
1589.2300000000	0.0944255604
1589.2400000000	0.0920766607
1589.2500000000	0.0892024387
1589.2600000000	0.0861073166
1589.2700000000	0.0830904522
1589.2800000000	0.0803256751
1589.2900000000	0.0778792614
1589.3000000000	0.0759413330
1589.3100000000	0.0745778662
1589.3200000000	0.0737731958
1589.3300000000	0.0738684874
1589.3400000000	0.0747916745
1589.3500000000	0.0761861292
1589.3600000000	0.0780085771
1589.3700000000	0.0802218159
1589.3800000000	0.0823485354
1589.3900000000	0.0842878981
1589.4000000000	0.0859660738
1589.4100000000	0.0869283000
1589.4200000000	0.0875325308
1589.4300000000	0.0876594172
1589.4400000000	0.0872430182
1589.4500000000	0.0860589569
1589.4600000000	0.0845483410
1589.4700000000	0.0829635271
1589.4800000000	0.0812863808
1589.4900000000	0.0799411355
1589.5000000000	0.0788327307
1589.5100000000	0.0780818664
1589.5200000000	0.0779756662
1589.5300000000	0.0783993768
1589.5400000000	0.0792448013
1589.5500000000	0.0804882008
1589.5600000000	0.0821991073
1589.5700000000	0.0839031491
1589.5800000000	0.0854157324
1589.5900000000	0.0866906913
1589.6000000000	0.0876306216
1589.6100000000	0.0881059373
1589.6200000000	0.0881489002
1589.6300000000	0.0877467452
1589.6400000000	0.0868565438
1589.6500000000	0.0857263958
1589.6600000000	0.0843747825
1589.6700000000	0.0829195487
1589.6800000000	0.0814629730
1589.6900000000	0.0802860344
1589.7000000000	0.0793511845
1589.7100000000	0.0787627144
1589.7200000000	0.0789139222
1589.7300000000	0.0796698449
1589.7400000000	0.0809389394
1589.7500000000	0.0826942851
1589.7600000000	0.0849599607
1589.7700000000	0.0871204981
1589.7800000000	0.0893361610
1589.7900000000	0.0912539387
1589.8000000000	0.0926161630
1589.8100000000	0.0935112715
1589.8200000000	0.0939964549
1589.8300000000	0.0936335920
1589.8400000000	0.0928858622
1589.8500000000	0.0918199493
1589.8600000000	0.0904369682
1589.8700000000	0.0888866750
1589.8800000000	0.0872852508
1589.8900000000	0.0856652131
1589.9000000000	0.0842485666
1589.9100000000	0.0832956919
1589.9200000000	0.0826780376
1589.9300000000	0.0826156262
1589.9400000000	0.0832592195
1589.9500000000	0.0844427181
1589.9600000000	0.0858670920
1589.9700000000	0.0872784823
1589.9800000000	0.0884602816
1589.9900000000	0.0893974448
1590.0000000000	0.0898564876
1590.0100000000	0.0897060227
1590.0200000000	0.0891078719
1590.0300000000	0.0879717557
1590.0400000000	0.0865232826
1590.0500000000	0.0847752410
1590.0600000000	0.0827783188
1590.0700000000	0.0808850833
1590.0800000000	0.0790555738
1590.0900000000	0.0778201449
1590.1000000000	0.0770785785
1590.1100000000	0.0770750440
1590.1200000000	0.0775762827
1590.1300000000	0.0788168746
1590.1400000000	0.0805823909
1590.1500000000	0.0828656473
1590.1600000000	0.0853687758
1590.1700000000	0.0879722503
1590.1800000000	0.0903301564
1590.1900000000	0.0923360286
1590.2000000000	0.0937203292
1590.2100000000	0.0944391379
1590.2200000000	0.0945097713
1590.2300000000	0.0939979249
1590.2400000000	0.0928461441
1590.2500000000	0.0910900408
1590.2600000000	0.0890874541
1590.2700000000	0.0869759691
1590.2800000000	0.0849900686
1590.2900000000	0.0832479352
1590.3000000000	0.0819213186
1590.3100000000	0.0812346347
1590.3200000000	0.0813568279
1590.3300000000	0.0819087196
1590.3400000000	0.0831392789
1590.3500000000	0.0847323390
1590.3600000000	0.0866439996
1590.3700000000	0.0886958445
1590.3800000000	0.0904021847
1590.3900000000	0.0919297408
1590.4000000000	0.0928567737
1590.4100000000	0.0932262107
1590.4200000000	0.0931658245
1590.4300000000	0.0924854612
1590.4400000000	0.0912355167
1590.4500000000	0.0893982006
1590.4600000000	0.0872093476
1590.4700000000	0.0849918259
1590.4800000000	0.0827103839
1590.4900000000	0.0805399491
1590.5000000000	0.0787512108
1590.5100000000	0.0774225465
1590.5200000000	0.0766650725
1590.5300000000	0.0766712422
1590.5400000000	0.0773254272
1590.5500000000	0.0785299317
1590.5600000000	0.0802610501
1590.5700000000	0.0822708780
1590.5800000000	0.0842831635
1590.5900000000	0.0861062460
1590.6000000000	0.0873711328
1590.6100000000	0.0883149976
1590.6200000000	0.0886661096
1590.6300000000	0.0886982663
1590.6400000000	0.0884042738
1590.6500000000	0.0878603640
1590.6600000000	0.0872449462
1590.6700000000	0.0865882016
1590.6800000000	0.0858049898
1590.6900000000	0.0854644611
1590.7000000000	0.0853821148
1590.7100000000	0.0857787682
1590.7200000000	0.0866848445
1590.7300000000	0.0880491476
1590.7400000000	0.0900325123
1590.7500000000	0.0923040178
1590.7600000000	0.0947931194
1590.7700000000	0.0971827121
1590.7800000000	0.0990880313
1590.7900000000	0.1005368323
1590.8000000000	0.1014274357
1590.8100000000	0.1013365940
1590.8200000000	0.1004693511
1590.8300000000	0.0988640120
1590.8400000000	0.0965127149
1590.8500000000	0.0937200442
1590.8600000000	0.0903827824
1590.8700000000	0.0869533636
1590.8800000000	0.0840677023
1590.8900000000	0.0817642954
1590.9000000000	0.0799646207
1590.9100000000	0.0787377373
1590.9200000000	0.0783714889
1590.9300000000	0.0788235263
1590.9400000000	0.0798839284
1590.9500000000	0.0816223482
1590.9600000000	0.0834928176
1590.9700000000	0.0852545629
1590.9800000000	0.0869930808
1590.9900000000	0.0886282640
1591.0000000000	0.0897646978
1591.0100000000	0.0903711351
1591.0200000000	0.0905155569
1591.0300000000	0.0901874503
1591.0400000000	0.0893768566
1591.0500000000	0.0881852573
1591.0600000000	0.0866710572
1591.0700000000	0.0851537355
1591.0800000000	0.0836456750
1591.0900000000	0.0822068550
1591.1000000000	0.0809573965
1591.1100000000	0.0800374558
1591.1200000000	0.0798057265
1591.1300000000	0.0798403396
1591.1400000000	0.0805102062
1591.1500000000	0.0815157788
1591.1600000000	0.0827522115
1591.1700000000	0.0842483959
1591.1800000000	0.0856834158
1591.1900000000	0.0869285660
1591.2000000000	0.0877953603
1591.2100000000	0.0886010443
1591.2200000000	0.0889113461
1591.2300000000	0.0888312323
1591.2400000000	0.0884178712
1591.2500000000	0.0875627844
1591.2600000000	0.0868136241
1591.2700000000	0.0856829322
1591.2800000000	0.0845272664
1591.2900000000	0.0833052772
1591.3000000000	0.0822378837
1591.3100000000	0.0815918411
1591.3200000000	0.0812001570
1591.3300000000	0.0811882806
1591.3400000000	0.0816693048
1591.3500000000	0.0823971657
1591.3600000000	0.0832342953
1591.3700000000	0.0842084154
1591.3800000000	0.0849605010
1591.3900000000	0.0854780809
1591.4000000000	0.0856167960
1591.4100000000	0.0853979860
1591.4200000000	0.0847959387
1591.4300000000	0.0836140131
1591.4400000000	0.0823183279
1591.4500000000	0.0808028083
1591.4600000000	0.0793223321
1591.4700000000	0.0779395675
1591.4800000000	0.0769713137
1591.4900000000	0.0764338858
1591.5000000000	0.0763330919
1591.5100000000	0.0768134103
1591.5200000000	0.0777600731
1591.5300000000	0.0793261562
1591.5400000000	0.0812358187
1591.5500000000	0.0832108601
1591.5600000000	0.0852087216
1591.5700000000	0.0869856090
1591.5800000000	0.0886044059
1591.5900000000	0.0896994643
1591.6000000000	0.0902676506
1591.6100000000	0.0902114506
1591.6200000000	0.0894537779
1591.6300000000	0.0881766317
1591.6400000000	0.0864639047
1591.6500000000	0.0844072574
1591.6600000000	0.0821760202
1591.6700000000	0.0797747712
1591.6800000000	0.0777304098
1591.6900000000	0.0761480562
1591.7000000000	0.0751853242
1591.7100000000	0.0750584582
1591.7200000000	0.0754436987
1591.7300000000	0.0765352017
1591.7400000000	0.0782227886
1591.7500000000	0.0802527169
1591.7600000000	0.0825133231
1591.7700000000	0.0849184049
1591.7800000000	0.0871002032
1591.7900000000	0.0889650637
1591.8000000000	0.0902576972
1591.8100000000	0.0911376136
1591.8200000000	0.0914543052
1591.8300000000	0.0914380206
1591.8400000000	0.0906167104
1591.8500000000	0.0890944648
1591.8600000000	0.0873244044
1591.8700000000	0.0854842519
1591.8800000000	0.0835552730
1591.8900000000	0.0814992043
1591.9000000000	0.0797441312
1591.9100000000	0.0787708764
1591.9200000000	0.0781570374
1591.9300000000	0.0783572246
1591.9400000000	0.0790115030
1591.9500000000	0.0800864641
1591.9600000000	0.0817045607
1591.9700000000	0.0832564819
1591.9800000000	0.0845117128
1591.9900000000	0.0856142966
1592.0000000000	0.0863211418
1592.0100000000	0.0867826470
1592.0200000000	0.0870256128
1592.0300000000	0.0868890819
1592.0400000000	0.0865627077
1592.0500000000	0.0859919835
1592.0600000000	0.0854338543
1592.0700000000	0.0846014577
1592.0800000000	0.0836549147
1592.0900000000	0.0827627381
1592.1000000000	0.0822073343
1592.1100000000	0.0820618056
1592.1200000000	0.0822332509
1592.1300000000	0.0830275416
1592.1400000000	0.0841730881
1592.1500000000	0.0860330492
1592.1600000000	0.0881167941
1592.1700000000	0.0900728531
1592.1800000000	0.0917078331
1592.1900000000	0.0930853112
1592.2000000000	0.0940193736
1592.2100000000	0.0944577332
1592.2200000000	0.0941001781
1592.2300000000	0.0932778203
1592.2400000000	0.0919241171
1592.2500000000	0.0904039439
1592.2600000000	0.0885242774
1592.2700000000	0.0867567069
1592.2800000000	0.0853194841
1592.2900000000	0.0841712270
1592.3000000000	0.0833498021
1592.3100000000	0.0829168504
1592.3200000000	0.0832641820
1592.3300000000	0.0842157110
1592.3400000000	0.0857145072
1592.3500000000	0.0874400950
1592.3600000000	0.0892017258
1592.3700000000	0.0909757330
1592.3800000000	0.0926562274
1592.3900000000	0.0940821309
1592.4000000000	0.0950676712
1592.4100000000	0.0954491563
1592.4200000000	0.0952906209
1592.4300000000	0.0946467326
1592.4400000000	0.0933507854
1592.4500000000	0.0915810661
1592.4600000000	0.0895133074
1592.4700000000	0.0873294511
1592.4800000000	0.0852058181
1592.4900000000	0.0831730546
1592.5000000000	0.0813951871
1592.5100000000	0.0801090367
1592.5200000000	0.0798058919
1592.5300000000	0.0800079844
1592.5400000000	0.0808211780
1592.5500000000	0.0821116936
1592.5600000000	0.0836915428
1592.5700000000	0.0854614585
1592.5800000000	0.0872238605
1592.5900000000	0.0887748106
1592.6000000000	0.0900499375
1592.6100000000	0.0911224890
1592.6200000000	0.0918175717
1592.6300000000	0.0918200277
1592.6400000000	0.0913609999
1592.6500000000	0.0906254668
1592.6600000000	0.0895306701
1592.6700000000	0.0879942234
1592.6800000000	0.0862537968
1592.6900000000	0.0844882318
1592.7000000000	0.0828093925
1592.7100000000	0.0814132264
1592.7200000000	0.0804604873
1592.7300000000	0.0798754060
1592.7400000000	0.0798696274
1592.7500000000	0.0804846264
1592.7600000000	0.0812029401
1592.7700000000	0.0822398368
1592.7800000000	0.0832738732
1592.7900000000	0.0840237646
1592.8000000000	0.0846494067
1592.8100000000	0.0849164344
1592.8200000000	0.0848403588
1592.8300000000	0.0842548952
1592.8400000000	0.0835000160
1592.8500000000	0.0826231322
1592.8600000000	0.0815267561
1592.8700000000	0.0803965685
1592.8800000000	0.0793072929
1592.8900000000	0.0783718828
1592.9000000000	0.0777102375
1592.9100000000	0.0776033009
1592.9200000000	0.0779333523
1592.9300000000	0.0786869563
1592.9400000000	0.0798160013
1592.9500000000	0.0811595707
1592.9600000000	0.0825422453
1592.9700000000	0.0841045518
1592.9800000000	0.0856860371
1592.9900000000	0.0870467033
1593.0000000000	0.0882939814
1593.0100000000	0.0892192385
1593.0200000000	0.0895235280
1593.0300000000	0.0895535611
1593.0400000000	0.0892610784
1593.0500000000	0.0886460938
1593.0600000000	0.0876821353
1593.0700000000	0.0867734865
1593.0800000000	0.0851506329
1593.0900000000	0.0836561825
1593.1000000000	0.0823963268
1593.1100000000	0.0813166641
1593.1200000000	0.0806109293
1593.1300000000	0.0803547754
1593.1400000000	0.0804633047
1593.1500000000	0.0807320481
1593.1600000000	0.0811997980
1593.1700000000	0.0817664422
1593.1800000000	0.0822544996
1593.1900000000	0.0825982636
1593.2000000000	0.0828070593
1593.2100000000	0.0826697680
1593.2200000000	0.0825423303
1593.2300000000	0.0824453939
1593.2400000000	0.0820575725
1593.2500000000	0.0815789374
1593.2600000000	0.0812317966
1593.2700000000	0.0806097313
1593.2800000000	0.0799606386
1593.2900000000	0.0794555813
1593.3000000000	0.0790902466
1593.3100000000	0.0788377365
1593.3200000000	0.0790079255
1593.3300000000	0.0792238728
1593.3400000000	0.0796154159
1593.3500000000	0.0802211041
1593.3600000000	0.0809618871
1593.3700000000	0.0818146314
1593.3800000000	0.0821982812
1593.3900000000	0.0824337369
1593.4000000000	0.0822124758
1593.4100000000	0.0817718089
1593.4200000000	0.0809649418
1593.4300000000	0.0797959568
1593.4400000000	0.0784047549
1593.4500000000	0.0770807274
1593.4600000000	0.0757451432
1593.4700000000	0.0743365163
1593.4800000000	0.0731407792
1593.4900000000	0.0720585035
1593.5000000000	0.0714286580
1593.5100000000	0.0711913453
1593.5200000000	0.0713122288
1593.5300000000	0.0717889634
1593.5400000000	0.0725721752
1593.5500000000	0.0736141782
1593.5600000000	0.0748782113
1593.5700000000	0.0760470747
1593.5800000000	0.0771922870
1593.5900000000	0.0782388386
1593.6000000000	0.0789764534
1593.6100000000	0.0795621396
1593.6200000000	0.0796193490
1593.6300000000	0.0792056616
1593.6400000000	0.0785319166
1593.6500000000	0.0775336217
1593.6600000000	0.0763206420
1593.6700000000	0.0749540090
1593.6800000000	0.0737264734
1593.6900000000	0.0728054778
1593.7000000000	0.0721275664
1593.7100000000	0.0718850323
1593.7200000000	0.0721140175
1593.7300000000	0.0728171981
1593.7400000000	0.0739512479
1593.7500000000	0.0753131050
1593.7600000000	0.0767835763
1593.7700000000	0.0783237406
1593.7800000000	0.0799296858
1593.7900000000	0.0814765450
1593.8000000000	0.0828598671
1593.8100000000	0.0838274577
1593.8200000000	0.0846525653
1593.8300000000	0.0853137898
1593.8400000000	0.0857254550
1593.8500000000	0.0857334817
1593.8600000000	0.0854415971
1593.8700000000	0.0848456183
1593.8800000000	0.0838550960
1593.8900000000	0.0828992657
1593.9000000000	0.0819434354
1593.9100000000	0.0809876051
1593.9200000000	0.0804186397
1593.9300000000	0.0800941620
1593.9400000000	0.0802094977
1593.9500000000	0.0805668537
1593.9600000000	0.0811642546
1593.9700000000	0.0817646540
1593.9800000000	0.0823307151
1593.9900000000	0.0827170377
1594.0000000000	0.0827543519
1594.0100000000	0.0824996209
1594.0200000000	0.0820703589
1594.0300000000	0.0815399076
1594.0400000000	0.0810413800
1594.0500000000	0.0805854168
1594.0600000000	0.0800324058
1594.0700000000	0.0793876073
1594.0800000000	0.0788141794
1594.0900000000	0.0782684842
1594.1000000000	0.0779455981
1594.1100000000	0.0776981062
1594.1200000000	0.0777686608
1594.1300000000	0.0780298605
1594.1400000000	0.0784336982
1594.1500000000	0.0789507164
1594.1600000000	0.0796336454
1594.1700000000	0.0803429497
1594.1800000000	0.0810277421
1594.1900000000	0.0814753975
1594.2000000000	0.0816456013
1594.2100000000	0.0817273420
1594.2200000000	0.0814078853
1594.2300000000	0.0807902311
1594.2400000000	0.0798980926
1594.2500000000	0.0786535917
1594.2600000000	0.0773570117
1594.2700000000	0.0758917736
1594.2800000000	0.0743939801
1594.2900000000	0.0731993027
1594.3000000000	0.0723628564
1594.3100000000	0.0718537455
1594.3200000000	0.0717825947
1594.3300000000	0.0721748417
1594.3400000000	0.0729833964
1594.3500000000	0.0739444887
1594.3600000000	0.0750956341
1594.3700000000	0.0763819758
1594.3800000000	0.0775084143
1594.3900000000	0.0786727409
1594.4000000000	0.0795986121
1594.4100000000	0.0800928339
1594.4200000000	0.0803701987
1594.4300000000	0.0803631187
1594.4400000000	0.0801682926
1594.4500000000	0.0793934818
1594.4600000000	0.0782606512
1594.4700000000	0.0768446058
1594.4800000000	0.0751273627
1594.4900000000	0.0732605771
1594.5000000000	0.0715631414
1594.5100000000	0.0701203913
1594.5200000000	0.0690726597
1594.5300000000	0.0686389292
1594.5400000000	0.0685471637
1594.5500000000	0.0688117314
1594.5600000000	0.0693281621
1594.5700000000	0.0702206914
1594.5800000000	0.0713114076
1594.5900000000	0.0723652543
1594.6000000000	0.0733802406
1594.6100000000	0.0743927782
1594.6200000000	0.0754405535
1594.6300000000	0.0764483756
1594.6400000000	0.0773664313
1594.6500000000	0.0782517975
1594.6600000000	0.0790697419
1594.6700000000	0.0796949417
1594.6800000000	0.0800805893
1594.6900000000	0.0803426681
1594.7000000000	0.0802429143
1594.7100000000	0.0799726007
1594.7200000000	0.0798774933
1594.7300000000	0.0796124871
1594.7400000000	0.0796157736
1594.7500000000	0.0797802422
1594.7600000000	0.0801787410
1594.7700000000	0.0805582104
1594.7800000000	0.0807931124
1594.7900000000	0.0810072337
1594.8000000000	0.0809411839
1594.8100000000	0.0807237406
1594.8200000000	0.0803497749
1594.8300000000	0.0797741601
1594.8400000000	0.0790115075
1594.8500000000	0.0781791238
1594.8600000000	0.0772194559
1594.8700000000	0.0762078816
1594.8800000000	0.0752818619
1594.8900000000	0.0744523740
1594.9000000000	0.0737954636
1594.9100000000	0.0733718116
1594.9200000000	0.0732702465
1594.9300000000	0.0734068795
1594.9400000000	0.0738682591
1594.9500000000	0.0745612296
1594.9600000000	0.0755181219
1594.9700000000	0.0765801524
1594.9800000000	0.0775713827
1594.9900000000	0.0785626131
1595.0000000000	0.0792131678
1595.0100000000	0.0796507691
1595.0200000000	0.0799028786
1595.0300000000	0.0800823784
1595.0400000000	0.0799633406
1595.0500000000	0.0796178422
1595.0600000000	0.0791406022
1595.0700000000	0.0782573281
1595.0800000000	0.0772908328
1595.0900000000	0.0762434001
1595.1000000000	0.0750559563
1595.1100000000	0.0740093587
1595.1200000000	0.0733062636
1595.1300000000	0.0729527973
1595.1400000000	0.0728362288
1595.1500000000	0.0730242683
1595.1600000000	0.0736917823
1595.1700000000	0.0746998589
1595.1800000000	0.0758508925
1595.1900000000	0.0769844948
1595.2000000000	0.0781007597
1595.2100000000	0.0791384820
1595.2200000000	0.0804035929
1595.2300000000	0.0815167320
1595.2400000000	0.0824001890
1595.2500000000	0.0831100272
1595.2600000000	0.0838175702
1595.2700000000	0.0842289620
1595.2800000000	0.0843306171
1595.2900000000	0.0841209528
1595.3000000000	0.0835397946
1595.3100000000	0.0828433239
1595.3200000000	0.0820345158
1595.3300000000	0.0810390187
1595.3400000000	0.0800935755
1595.3500000000	0.0794945601
1595.3600000000	0.0790655105
1595.3700000000	0.0787823831
1595.3800000000	0.0786182063
1595.3900000000	0.0786224968
1595.4000000000	0.0786582509
1595.4100000000	0.0787154573
1595.4200000000	0.0789256929
1595.4300000000	0.0791085116
1595.4400000000	0.0793364896
1595.4500000000	0.0796728031
1595.4600000000	0.0798529906
1595.4700000000	0.0800456881
1595.4800000000	0.0800085716
1595.4900000000	0.0798723518
1595.5000000000	0.0797348621
1595.5100000000	0.0794705310
1595.5200000000	0.0791223531
1595.5300000000	0.0788920840
1595.5400000000	0.0787412003
1595.5500000000	0.0787254685
1595.5600000000	0.0787254685
1595.5700000000	0.0787569321
1595.5800000000	0.0788858307
1595.5900000000	0.0789975568
1595.6000000000	0.0789132714
1595.6100000000	0.0788699745
1595.6200000000	0.0789038663
1595.6300000000	0.0788666417
1595.6400000000	0.0788474746
1595.6500000000	0.0790155555
1595.6600000000	0.0790162927
1595.6700000000	0.0787901809
1595.6800000000	0.0784981831
1595.6900000000	0.0780017750
1595.7000000000	0.0775126449
1595.7100000000	0.0771239118
1595.7200000000	0.0769469115
1595.7300000000	0.0767896857
1595.7400000000	0.0767738052
1595.7500000000	0.0768705843
1595.7600000000	0.0769137590
1595.7700000000	0.0770827477
1595.7800000000	0.0772851428
1595.7900000000	0.0773276115
1595.8000000000	0.0771079833
1595.8100000000	0.0768286753
1595.8200000000	0.0765143102
1595.8300000000	0.0760725031
1595.8400000000	0.0756427320
1595.8500000000	0.0752750879
1595.8600000000	0.0748603618
1595.8700000000	0.0744920573
1595.8800000000	0.0742784141
1595.8900000000	0.0740290093
1595.9000000000	0.0738363145
1595.9100000000	0.0737919859
1595.9200000000	0.0737230926
1595.9300000000	0.0738454454
1595.9400000000	0.0741309286
1595.9500000000	0.0745848799
1595.9600000000	0.0750756361
1595.9700000000	0.0755579796
1595.9800000000	0.0759646072
1595.9900000000	0.0762483414
1596.0000000000	0.0765557263
1596.0100000000	0.0766849118
1596.0200000000	0.0766316382
1596.0300000000	0.0763469147
1596.0400000000	0.0760795810
1596.0500000000	0.0756748044
1596.0600000000	0.0749846700
1596.0700000000	0.0742169439
1596.0800000000	0.0731483628
1596.0900000000	0.0718257750
1596.1000000000	0.0705878054
1596.1100000000	0.0693289362
1596.1200000000	0.0680997502
1596.1300000000	0.0671593894
1596.1400000000	0.0663287936
1596.1500000000	0.0658643305
1596.1600000000	0.0657253287
1596.1700000000	0.0657400726
1596.1800000000	0.0659299133
1596.1900000000	0.0663095848
1596.2000000000	0.0667604138
1596.2100000000	0.0672122987
1596.2200000000	0.0677177646
1596.2300000000	0.0683908118
1596.2400000000	0.0690315672
1596.2500000000	0.0697144429
1596.2600000000	0.0704844290
1596.2700000000	0.0710669925
1596.2800000000	0.0714216585
1596.2900000000	0.0716852766
1596.3000000000	0.0716705040
1596.3100000000	0.0712044023
1596.3200000000	0.0707673892
1596.3300000000	0.0703587575
1596.3400000000	0.0698479714
1596.3500000000	0.0694018832
1596.3600000000	0.0691998764
1596.3700000000	0.0691788446
1596.3800000000	0.0691788446
1596.3900000000	0.0693260672
1596.4000000000	0.0694446990
1596.4100000000	0.0695216629
1596.4200000000	0.0697880909
1596.4300000000	0.0702999901
1596.4400000000	0.0708516641
1596.4500000000	0.0714565910
1596.4600000000	0.0721887707
1596.4700000000	0.0728937297
1596.4800000000	0.0734472554
1596.4900000000	0.0740411644
1596.5000000000	0.0742523416
1596.5100000000	0.0742234361
1596.5200000000	0.0743275741
1596.5300000000	0.0743275741
1596.5400000000	0.0740214083
1596.5500000000	0.0739058866
1596.5600000000	0.0738985254
1596.5700000000	0.0737682400
1596.5800000000	0.0738205670
1596.5900000000	0.0737303606
1596.6000000000	0.0736286690
1596.6100000000	0.0737554947
1596.6200000000	0.0738988624
1596.6300000000	0.0740098738
1596.6400000000	0.0742108476
1596.6500000000	0.0745736557
1596.6600000000	0.0750200231
1596.6700000000	0.0753427471
1596.6800000000	0.0755703421
1596.6900000000	0.0756732704
1596.7000000000	0.0755707032
1596.7100000000	0.0754840267
1596.7200000000	0.0753014451
1596.7300000000	0.0749162447
1596.7400000000	0.0745535396
1596.7500000000	0.0743323692
1596.7600000000	0.0741418837
1596.7700000000	0.0739496576
1596.7800000000	0.0737927867
1596.7900000000	0.0735338896
1596.8000000000	0.0733907887
1596.8100000000	0.0732191693
1596.8200000000	0.0732191693
1596.8300000000	0.0732310877
1596.8400000000	0.0736370374
1596.8500000000	0.0742528171
1596.8600000000	0.0749245894
1596.8700000000	0.0759240866
1596.8800000000	0.0767670326
1596.8900000000	0.0775765721
1596.9000000000	0.0781618186
1596.9100000000	0.0785250963
1596.9200000000	0.0786976955
1596.9300000000	0.0785866065
1596.9400000000	0.0784927020
1596.9500000000	0.0782929340
1596.9600000000	0.0781739211
1596.9700000000	0.0781282448
1596.9800000000	0.0781424106
1596.9900000000	0.0781289531
1597.0000000000	0.0781176204
1597.0100000000	0.0781923891
1597.0200000000	0.0782499250
1597.0300000000	0.0784123351
1597.0400000000	0.0787208516
1597.0500000000	0.0790640030
1597.0600000000	0.0794740115
1597.0700000000	0.0799274420
1597.0800000000	0.0801451578
1597.0900000000	0.0800890737
1597.1000000000	0.0798885573
1597.1100000000	0.0794868357
1597.1200000000	0.0788041290
1597.1300000000	0.0777933088
1597.1400000000	0.0769162580
1597.1500000000	0.0760581315
1597.1600000000	0.0753287209
1597.1700000000	0.0747583427
1597.1800000000	0.0742643203
1597.1900000000	0.0737347273
1597.2000000000	0.0731823784
1597.2100000000	0.0726269518
1597.2200000000	0.0721135594
1597.2300000000	0.0716695429
1597.2400000000	0.0713078943
1597.2500000000	0.0711157000
1597.2600000000	0.0711840191
1597.2700000000	0.0713856431
1597.2800000000	0.0716463029
1597.2900000000	0.0718897248
1597.3000000000	0.0722451079
1597.3100000000	0.0725141809
1597.3200000000	0.0724740760
1597.3300000000	0.0721826529
1597.3400000000	0.0718102660
1597.3500000000	0.0714298882
1597.3600000000	0.0710735006
1597.3700000000	0.0705920455
1597.3800000000	0.0700964303
1597.3900000000	0.0696631192
1597.4000000000	0.0692622707
1597.4100000000	0.0688967719
1597.4200000000	0.0685034625
1597.4300000000	0.0682361953
1597.4400000000	0.0681195870
1597.4500000000	0.0682543152
1597.4600000000	0.0684259176
1597.4700000000	0.0688123473
1597.4800000000	0.0694166223
1597.4900000000	0.0700960935
1597.5000000000	0.0707649053
1597.5100000000	0.0714022532
1597.5200000000	0.0718662589
1597.5300000000	0.0721602423
1597.5400000000	0.0723213558
1597.5500000000	0.0723155377
1597.5600000000	0.0721989106
1597.5700000000	0.0720564183
1597.5800000000	0.0718473790
1597.5900000000	0.0715093577
1597.6000000000	0.0711430342
1597.6100000000	0.0707388532
1597.6200000000	0.0704629128
1597.6300000000	0.0701963097
1597.6400000000	0.0700152247
1597.6500000000	0.0699373311
1597.6600000000	0.0700232858
1597.6700000000	0.0701894494
1597.6800000000	0.0704306268
1597.6900000000	0.0705582651
1597.7000000000	0.0708528262
1597.7100000000	0.0712372619
1597.7200000000	0.0715575910
1597.7300000000	0.0716957966
1597.7400000000	0.0717448783
1597.7500000000	0.0716748254
1597.7600000000	0.0715973756
1597.7700000000	0.0713518104
1597.7800000000	0.0709942561
1597.7900000000	0.0706580771
1597.8000000000	0.0703408805
1597.8100000000	0.0699380925
1597.8200000000	0.0695428926
1597.8300000000	0.0691963487
1597.8400000000	0.0689376654
1597.8500000000	0.0689320229
1597.8600000000	0.0691967143
1597.8700000000	0.0695479596
1597.8800000000	0.0699526310
1597.8900000000	0.0704151090
1597.9000000000	0.0707691619
1597.9100000000	0.0708866250
1597.9200000000	0.0709224242
1597.9300000000	0.0708242758
1597.9400000000	0.0706581246
1597.9500000000	0.0704828494
1597.9600000000	0.0702259567
1597.9700000000	0.0699866128
1597.9800000000	0.0696867017
1597.9900000000	0.0693306169
1598.0000000000	0.0689525069
1598.0100000000	0.0684665153
1598.0200000000	0.0679957973
1598.0300000000	0.0676642771
1598.0400000000	0.0673202538
1598.0500000000	0.0672191745
1598.0600000000	0.0673688611
1598.0700000000	0.0676327749
1598.0800000000	0.0681193210
1598.0900000000	0.0688873813
1598.1000000000	0.0697589519
1598.1100000000	0.0705487317
1598.1200000000	0.0711821856
1598.1300000000	0.0717089528
1598.1400000000	0.0719514496
1598.1500000000	0.0720059735
1598.1600000000	0.0719169922
1598.1700000000	0.0715940367
1598.1800000000	0.0711065357
1598.1900000000	0.0705398375
1598.2000000000	0.0697994133
1598.2100000000	0.0688864798
1598.2200000000	0.0679879464
1598.2300000000	0.0670756614
1598.2400000000	0.0660207000
1598.2500000000	0.0650825662
1598.2600000000	0.0643023308
1598.2700000000	0.0636881254
1598.2800000000	0.0632324854
1598.2900000000	0.0630537011
1598.3000000000	0.0630509547
1598.3100000000	0.0632297306
1598.3200000000	0.0635378760
1598.3300000000	0.0639396956
1598.3400000000	0.0643394127
1598.3500000000	0.0646554737
1598.3600000000	0.0649673867
1598.3700000000	0.0652468669
1598.3800000000	0.0654982273
1598.3900000000	0.0655938368
1598.4000000000	0.0656121726
1598.4100000000	0.0655675685
1598.4200000000	0.0655427885
1598.4300000000	0.0654840244
1598.4400000000	0.0654603064
1598.4500000000	0.0654445438
1598.4600000000	0.0654058904
1598.4700000000	0.0654749098
1598.4800000000	0.0654407949
1598.4900000000	0.0653194425
1598.5000000000	0.0651420807
1598.5100000000	0.0649496132
1598.5200000000	0.0647451961
1598.5300000000	0.0643070166
1598.5400000000	0.0639379966
1598.5500000000	0.0636996318
1598.5600000000	0.0636119037
1598.5700000000	0.0634800946
1598.5800000000	0.0634222524
1598.5900000000	0.0635133995
1598.6000000000	0.0635867356
1598.6100000000	0.0636207871
1598.6200000000	0.0637089805
1598.6300000000	0.0639432613
1598.6400000000	0.0642895891
1598.6500000000	0.0646751182
1598.6600000000	0.0651172568
1598.6700000000	0.0655793588
1598.6800000000	0.0661174778
1598.6900000000	0.0667294333
1598.7000000000	0.0671550923
1598.7100000000	0.0673982257
1598.7200000000	0.0675850683
1598.7300000000	0.0676231046
1598.7400000000	0.0675226889
1598.7500000000	0.0672740272
1598.7600000000	0.0670156514
1598.7700000000	0.0667602557
1598.7800000000	0.0665065930
1598.7900000000	0.0661775955
1598.8000000000	0.0656176286
1598.8100000000	0.0650491143
1598.8200000000	0.0646129061
1598.8300000000	0.0642696570
1598.8400000000	0.0641731167
1598.8500000000	0.0643182361
1598.8600000000	0.0647908670
1598.8700000000	0.0655562355
1598.8800000000	0.0665618988
1598.8900000000	0.0676784934
1598.9000000000	0.0688260508
1598.9100000000	0.0700245869
1598.9200000000	0.0711510956
1598.9300000000	0.0720643894
1598.9400000000	0.0727178896
1598.9500000000	0.0731498064
1598.9600000000	0.0733786324
1598.9700000000	0.0733148746
1598.9800000000	0.0731183428
1598.9900000000	0.0728533985
1599.0000000000	0.0724027633
1599.0100000000	0.0717688508
1599.0200000000	0.0709345592
1599.0300000000	0.0699442160
1599.0400000000	0.0690559305
1599.0500000000	0.0681187206
1599.0600000000	0.0670718603
1599.0700000000	0.0660297983
1599.0800000000	0.0651632889
1599.0900000000	0.0645614628
1599.1000000000	0.0641058883
1599.1100000000	0.0637847635
1599.1200000000	0.0634524021
1599.1300000000	0.0632014186
1599.1400000000	0.0630629319
1599.1500000000	0.0630051072
1599.1600000000	0.0629931892
1599.1700000000	0.0630549239
1599.1800000000	0.0632128358
1599.1900000000	0.0634512031
1599.2000000000	0.0636956803
1599.2100000000	0.0639373440
1599.2200000000	0.0642488312
1599.2300000000	0.0645582751
1599.2400000000	0.0647939517
1599.2500000000	0.0649811787
1599.2600000000	0.0651825659
1599.2700000000	0.0654556497
1599.2800000000	0.0657267744
1599.2900000000	0.0659239946
1599.3000000000	0.0659418833
1599.3100000000	0.0659251236
1599.3200000000	0.0658573699
1599.3300000000	0.0656466038
1599.3400000000	0.0653589926
1599.3500000000	0.0650587173
1599.3600000000	0.0648260034
1599.3700000000	0.0646679674
1599.3800000000	0.0646661797
1599.3900000000	0.0646171966
1599.4000000000	0.0647151627
1599.4100000000	0.0647737272
1599.4200000000	0.0648381567
1599.4300000000	0.0650240894
1599.4400000000	0.0652304443
1599.4500000000	0.0655879953
1599.4600000000	0.0660715730
1599.4700000000	0.0666739340
1599.4800000000	0.0672438959
1599.4900000000	0.0678451336
1599.5000000000	0.0684504154
1599.5100000000	0.0688428113
1599.5200000000	0.0688927976
1599.5300000000	0.0686796820
1599.5400000000	0.0684476450
1599.5500000000	0.0680761533
1599.5600000000	0.0674304493
1599.5700000000	0.0667081231
1599.5800000000	0.0659894806
1599.5900000000	0.0653075315
1599.6000000000	0.0646196750
1599.6100000000	0.0638795482
1599.6200000000	0.0632453688
1599.6300000000	0.0626808054
1599.6400000000	0.0621735981
1599.6500000000	0.0618577085
1599.6600000000	0.0616365996
1599.6700000000	0.0615178568
1599.6800000000	0.0615586495
1599.6900000000	0.0618035199
1599.7000000000	0.0621036085
1599.7100000000	0.0623452678
1599.7200000000	0.0625297174
1599.7300000000	0.0627172758
1599.7400000000	0.0627267203
1599.7500000000	0.0624804832
1599.7600000000	0.0621364876
1599.7700000000	0.0617962786
1599.7800000000	0.0614221068
1599.7900000000	0.0609590384
1599.8000000000	0.0605897288
1599.8100000000	0.0603222831
1599.8200000000	0.0600044204
1599.8300000000	0.0598864320
1599.8400000000	0.0600085597
1599.8500000000	0.0602162096
1599.8600000000	0.0607074437
1599.8700000000	0.0614446627
1599.8800000000	0.0622554120
1599.8900000000	0.0632273384
1599.9000000000	0.0643146006
1599.9100000000	0.0651780594
1599.9200000000	0.0657039211
1599.9300000000	0.0659755961
1599.9400000000	0.0661099119
1599.9500000000	0.0659377324
1599.9600000000	0.0656007945
1599.9700000000	0.0650857708
1599.9800000000	0.0644559027
1599.9900000000	0.0639639989
1600.0000000000	0.0634768998
1600.0100000000	0.0629676557
1600.0200000000	0.0625426794
1600.0300000000	0.0622866064
1600.0400000000	0.0621697900
1600.0500000000	0.0621697900
1600.0600000000	0.0623534200
1600.0700000000	0.0627727616
1600.0800000000	0.0633936551
1600.0900000000	0.0642597907
1600.1000000000	0.0653237151
1600.1100000000	0.0662855306
1600.1200000000	0.0671169524
1600.1300000000	0.0677850995
1600.1400000000	0.0681170138
1600.1500000000	0.0680832966
1600.1600000000	0.0678109131
1600.1700000000	0.0672688198
1600.1800000000	0.0665829414
1600.1900000000	0.0659293468
1600.2000000000	0.0652668036
1600.2100000000	0.0646295977
1600.2200000000	0.0641180739
1600.2300000000	0.0637079489
1600.2400000000	0.0632664721
1600.2500000000	0.0631004659
1600.2600000000	0.0631500838
1600.2700000000	0.0634273705
1600.2800000000	0.0638727781
1600.2900000000	0.0645320286
1600.3000000000	0.0652178479
1600.3100000000	0.0658066178
1600.3200000000	0.0663750073
1600.3300000000	0.0666759734
1600.3400000000	0.0666276002
1600.3500000000	0.0663701485
1600.3600000000	0.0657700596
1600.3700000000	0.0648238580
1600.3800000000	0.0637267105
1600.3900000000	0.0626402942
1600.4000000000	0.0614464283
1600.4100000000	0.0602307556
1600.4200000000	0.0590569120
1600.4300000000	0.0579206133
1600.4400000000	0.0568067733
1600.4500000000	0.0559241680
1600.4600000000	0.0552284940
1600.4700000000	0.0547902694
1600.4800000000	0.0546243896
1600.4900000000	0.0546629548
1600.5000000000	0.0548154284
1600.5100000000	0.0550838709
1600.5200000000	0.0553853689
1600.5300000000	0.0556991387
1600.5400000000	0.0558797380
1600.5500000000	0.0559385874
1600.5600000000	0.0559494219
1600.5700000000	0.0558779138
1600.5800000000	0.0558652948
1600.5900000000	0.0558330460
1600.6000000000	0.0556785162
1600.6100000000	0.0555717480
1600.6200000000	0.0555372189
1600.6300000000	0.0555203733
1600.6400000000	0.0555904220
1600.6500000000	0.0557545988
1600.6600000000	0.0559939398
1600.6700000000	0.0563646294
1600.6800000000	0.0568776345
1600.6900000000	0.0575945298
1600.7000000000	0.0583389465
1600.7100000000	0.0590794359
1600.7200000000	0.0597683111
1600.7300000000	0.0603096355
1600.7400000000	0.0606729585
1600.7500000000	0.0608605746
1600.7600000000	0.0608836417
1600.7700000000	0.0608836417
1600.7800000000	0.0607924689
1600.7900000000	0.0606851943
1600.8000000000	0.0606390128
1600.8100000000	0.0605132151
1600.8200000000	0.0603713884
1600.8300000000	0.0603473163
1600.8400000000	0.0605201854
1600.8500000000	0.0607284728
1600.8600000000	0.0611542618
1600.8700000000	0.0616414446
1600.8800000000	0.0623604005
1600.8900000000	0.0631699447
1600.9000000000	0.0638985399
1600.9100000000	0.0646685807
1600.9200000000	0.0653151159
1600.9300000000	0.0656762753
1600.9400000000	0.0657996123
1600.9500000000	0.0655794790
1600.9600000000	0.0650574317
1600.9700000000	0.0642893171
1600.9800000000	0.0635082818
1600.9900000000	0.0628322960
1601.0000000000	0.0620604180
1601.0100000000	0.0613391277
1601.0200000000	0.0607954119
1601.0300000000	0.0602901757
1601.0400000000	0.0599644806
1601.0500000000	0.0597362201
1601.0600000000	0.0598860723
1601.0700000000	0.0603173386
1601.0800000000	0.0610042646
1601.0900000000	0.0617964905
1601.1000000000	0.0626883739
1601.1100000000	0.0636562909
1601.1200000000	0.0645249485
1601.1300000000	0.0650902360
1601.1400000000	0.0652686501
1601.1500000000	0.0650537682
1601.1600000000	0.0644114809
1601.1700000000	0.0634961494
1601.1800000000	0.0625150985
1601.1900000000	0.0614758090
1601.2000000000	0.0604260412
1601.2100000000	0.0594376976
1601.2200000000	0.0585172939
1601.2300000000	0.0577514885
1601.2400000000	0.0571707715
1601.2500000000	0.0568933622
1601.2600000000	0.0568178144
1601.2700000000	0.0569344856
1601.2800000000	0.0574406088
1601.2900000000	0.0582520646
1601.3000000000	0.0593517557
1601.3100000000	0.0606126590
1601.3200000000	0.0618353901
1601.3300000000	0.0629489562
1601.3400000000	0.0637987785
1601.3500000000	0.0641720547
1601.3600000000	0.0640658545
1601.3700000000	0.0636367913
1601.3800000000	0.0632119762
1601.3900000000	0.0626413694
1601.4000000000	0.0619697451
1601.4100000000	0.0613606157
1601.4200000000	0.0609668323
1601.4300000000	0.0607123798
1601.4400000000	0.0604406185
1601.4500000000	0.0602935150
1601.4600000000	0.0603954468
1601.4700000000	0.0608145142
1601.4800000000	0.0615268832
1601.4900000000	0.0624147454
1601.5000000000	0.0635867286
1601.5100000000	0.0649094561
1601.5200000000	0.0663184219
1601.5300000000	0.0675787072
1601.5400000000	0.0686060425
1601.5500000000	0.0694391303
1601.5600000000	0.0698125396
1601.5700000000	0.0696451709
1601.5800000000	0.0691172126
1601.5900000000	0.0683790542
1601.6000000000	0.0674983457
1601.6100000000	0.0666217888
1601.6200000000	0.0656989085
1601.6300000000	0.0647671432
1601.6400000000	0.0640697477
1601.6500000000	0.0635474054
1601.6600000000	0.0631971074
1601.6700000000	0.0629960790
1601.6800000000	0.0630736504
1601.6900000000	0.0632579290
1601.7000000000	0.0635531268
1601.7100000000	0.0639350831
1601.7200000000	0.0641394057
1601.7300000000	0.0643437146
1601.7400000000	0.0642211293
1601.7500000000	0.0637750423
1601.7600000000	0.0630080615
1601.7700000000	0.0620132912
1601.7800000000	0.0608677045
1601.7900000000	0.0596113253
1601.8000000000	0.0583157706
1601.8100000000	0.0570348487
1601.8200000000	0.0557688500
1601.8300000000	0.0547843201
1601.8400000000	0.0538605190
1601.8500000000	0.0531444678
1601.8600000000	0.0527498995
1601.8700000000	0.0529394269
1601.8800000000	0.0534001620
1601.8900000000	0.0542609529
1601.9000000000	0.0554210911
1601.9100000000	0.0568948393
1601.9200000000	0.0583011286
1601.9300000000	0.0595417745
1601.9400000000	0.0605961833
1601.9500000000	0.0614188858
1601.9600000000	0.0618132763
1601.9700000000	0.0617518779
1601.9800000000	0.0613452060
1601.9900000000	0.0607325250
1602.0000000000	0.0601068965
1602.0100000000	0.0593583143
1602.0200000000	0.0586181236
1602.0300000000	0.0579711316
1602.0400000000	0.0574466387
1602.0500000000	0.0570238242
1602.0600000000	0.0568268291
1602.0700000000	0.0569002312
1602.0800000000	0.0573105956
1602.0900000000	0.0582002205
1602.1000000000	0.0593380270
1602.1100000000	0.0606061833
1602.1200000000	0.0622219024
1602.1300000000	0.0639629633
1602.1400000000	0.0657463474
1602.1500000000	0.0669430464
1602.1600000000	0.0675640869
1602.1700000000	0.0675779264
1602.1800000000	0.0670974273
1602.1900000000	0.0664312980
1602.2000000000	0.0654918901
1602.2100000000	0.0644486438
1602.2200000000	0.0635821052
1602.2300000000	0.0625480847
1602.2400000000	0.0616505553
1602.2500000000	0.0606129283
1602.2600000000	0.0597416671
1602.2700000000	0.0591288819
1602.2800000000	0.0587311748
1602.2900000000	0.0584584814
1602.3000000000	0.0585375528
1602.3100000000	0.0588150409
1602.3200000000	0.0593357593
1602.3300000000	0.0600675783
1602.3400000000	0.0606635614
1602.3500000000	0.0611612747
1602.3600000000	0.0615340912
1602.3700000000	0.0613951582
1602.3800000000	0.0608410265
1602.3900000000	0.0600229884
1602.4000000000	0.0592269798
1602.4100000000	0.0583273206
1602.4200000000	0.0575033517
1602.4300000000	0.0566020532
1602.4400000000	0.0557904707
1602.4500000000	0.0550870327
1602.4600000000	0.0546007309
1602.4700000000	0.0542521122
1602.4800000000	0.0541946253
1602.4900000000	0.0545050598
1602.5000000000	0.0550432800
1602.5100000000	0.0557554867
1602.5200000000	0.0566656117
1602.5300000000	0.0577671659
1602.5400000000	0.0589748879
1602.5500000000	0.0599233538
1602.5600000000	0.0605680319
1602.5700000000	0.0610154209
1602.5800000000	0.0611160431
1602.5900000000	0.0609418685
1602.6000000000	0.0603968214
1602.6100000000	0.0598467450
1602.6200000000	0.0591656876
1602.6300000000	0.0585437423
1602.6400000000	0.0578437400
1602.6500000000	0.0571615295
1602.6600000000	0.0566794018
1602.6700000000	0.0564378385
1602.6800000000	0.0563824181
1602.6900000000	0.0564749259
1602.7000000000	0.0567110124
1602.7100000000	0.0570900185
1602.7200000000	0.0576190388
1602.7300000000	0.0582591298
1602.7400000000	0.0586660506
1602.7500000000	0.0588953776
1602.7600000000	0.0589023856
1602.7700000000	0.0585535350
1602.7800000000	0.0578097529
1602.7900000000	0.0568501732
1602.8000000000	0.0557825656
1602.8100000000	0.0545978830
1602.8200000000	0.0534682300
1602.8300000000	0.0524426138
1602.8400000000	0.0515606539
1602.8500000000	0.0509058497
1602.8600000000	0.0506078864
1602.8700000000	0.0504816155
1602.8800000000	0.0505299690
1602.8900000000	0.0510407551
1602.9000000000	0.0517184070
1602.9100000000	0.0526528074
1602.9200000000	0.0537524724
1602.9300000000	0.0550327990
1602.9400000000	0.0563979980
1602.9500000000	0.0576718121
1602.9600000000	0.0586197328
1602.9700000000	0.0590891533
1602.9800000000	0.0591638134
1602.9900000000	0.0588169153
1603.0000000000	0.0580897408
1603.0100000000	0.0571810781
1603.0200000000	0.0561981910
1603.0300000000	0.0552729366
1603.0400000000	0.0543018273
1603.0500000000	0.0535102055
1603.0600000000	0.0527429089
1603.0700000000	0.0523488846
1603.0800000000	0.0522099997
1603.0900000000	0.0523721287
1603.1000000000	0.0529456402
1603.1100000000	0.0538160421
1603.1200000000	0.0550541456
1603.1300000000	0.0566680761
1603.1400000000	0.0582980500
1603.1500000000	0.0599317477
1603.1600000000	0.0613484590
1603.1700000000	0.0623019282
1603.1800000000	0.0626380083
1603.1900000000	0.0627623202
1603.2000000000	0.0622981181
1603.2100000000	0.0614857592
1603.2200000000	0.0605074991
1603.2300000000	0.0592660770
1603.2400000000	0.0580000881
1603.2500000000	0.0567569318
1603.2600000000	0.0556413006
1603.2700000000	0.0546859567
1603.2800000000	0.0538165588
1603.2900000000	0.0533662159
1603.3000000000	0.0534154248
1603.3100000000	0.0539005504
1603.3200000000	0.0547012539
1603.3300000000	0.0559530017
1603.3400000000	0.0574457245
1603.3500000000	0.0591236927
1603.3600000000	0.0603287149
1603.3700000000	0.0613062060
1603.3800000000	0.0618100584
1603.3900000000	0.0620139946
1603.4000000000	0.0618532350
1603.4100000000	0.0612811960
1603.4200000000	0.0605767061
1603.4300000000	0.0595439883
1603.4400000000	0.0584431857
1603.4500000000	0.0575324418
1603.4600000000	0.0564935098
1603.4700000000	0.0554778633
1603.4800000000	0.0546300234
1603.4900000000	0.0538510943
1603.5000000000	0.0532720345
1603.5100000000	0.0528808579
1603.5200000000	0.0527482951
1603.5300000000	0.0527314696
1603.5400000000	0.0529934300
1603.5500000000	0.0534472622
1603.5600000000	0.0538866555
1603.5700000000	0.0543306577
1603.5800000000	0.0546897190
1603.5900000000	0.0546682686
1603.6000000000	0.0543881185
1603.6100000000	0.0539909174
1603.6200000000	0.0534385386
1603.6300000000	0.0526460024
1603.6400000000	0.0521810443
1603.6500000000	0.0517174409
1603.6600000000	0.0514085259
1603.6700000000	0.0514156059
1603.6800000000	0.0515926066
1603.6900000000	0.0517782377
1603.7000000000	0.0523930311
1603.7100000000	0.0533487479
1603.7200000000	0.0542932221
1603.7300000000	0.0554079992
1603.7400000000	0.0568864851
1603.7500000000	0.0584451336
1603.7600000000	0.0597249593
1603.7700000000	0.0608647062
1603.7800000000	0.0617796390
1603.7900000000	0.0622575578
1603.8000000000	0.0623496016
1603.8100000000	0.0621138266
1603.8200000000	0.0615057808
1603.8300000000	0.0606601722
1603.8400000000	0.0597594220
1603.8500000000	0.0587387072
1603.8600000000	0.0576223973
1603.8700000000	0.0566920085
1603.8800000000	0.0559987255
1603.8900000000	0.0554055694
1603.9000000000	0.0550503408
1603.9100000000	0.0550073990
1603.9200000000	0.0552622938
1603.9300000000	0.0559218125
1603.9400000000	0.0568011787
1603.9500000000	0.0576129308
1603.9600000000	0.0583832639
1603.9700000000	0.0589956986
1603.9800000000	0.0591316348
1603.9900000000	0.0591194915
1604.0000000000	0.0587147148
1604.0100000000	0.0582445016
1604.0200000000	0.0575574028
1604.0300000000	0.0567275330
1604.0400000000	0.0558421665
1604.0500000000	0.0549221592
1604.0600000000	0.0540124052
1604.0700000000	0.0533293285
1604.0800000000	0.0527529126
1604.0900000000	0.0524146246
1604.1000000000	0.0523839256
1604.1100000000	0.0526156212
1604.1200000000	0.0531475262
1604.1300000000	0.0539384735
1604.1400000000	0.0549647308
1604.1500000000	0.0560328529
1604.1600000000	0.0570156128
1604.1700000000	0.0576570152
1604.1800000000	0.0578619538
1604.1900000000	0.0576589021
1604.2000000000	0.0569682681
1604.2100000000	0.0558919390
1604.2200000000	0.0546084307
1604.2300000000	0.0532384053
1604.2400000000	0.0518222576
1604.2500000000	0.0503679716
1604.2600000000	0.0490486758
1604.2700000000	0.0479964537
1604.2800000000	0.0472411399
1604.2900000000	0.0466954426
1604.3000000000	0.0464402903
1604.3100000000	0.0463458692
1604.3200000000	0.0466389278
1604.3300000000	0.0472823737
1604.3400000000	0.0481852424
1604.3500000000	0.0492860969
1604.3600000000	0.0505128510
1604.3700000000	0.0517820007
1604.3800000000	0.0529302662
1604.3900000000	0.0538484519
1604.4000000000	0.0543905720
1604.4100000000	0.0546581896
1604.4200000000	0.0545484054
1604.4300000000	0.0540547693
1604.4400000000	0.0533210468
1604.4500000000	0.0522773028
1604.4600000000	0.0514267817
1604.4700000000	0.0504017716
1604.4800000000	0.0497133035
1604.4900000000	0.0491669206
1604.5000000000	0.0488215275
1604.5100000000	0.0486210383
1604.5200000000	0.0486693208
1604.5300000000	0.0491393100
1604.5400000000	0.0497880948
1604.5500000000	0.0510021533
1604.5600000000	0.0521366850
1604.5700000000	0.0531364651
1604.5800000000	0.0540773212
1604.5900000000	0.0548499538
1604.6000000000	0.0553926632
1604.6100000000	0.0555409975
1604.6200000000	0.0553967556
1604.6300000000	0.0550404191
1604.6400000000	0.0545918013
1604.6500000000	0.0540240664
1604.6600000000	0.0533392973
1604.6700000000	0.0527743643
1604.6800000000	0.0523238486
1604.6900000000	0.0519968894
1604.7000000000	0.0517857357
1604.7100000000	0.0517796630
1604.7200000000	0.0519875255
1604.7300000000	0.0525780679
1604.7400000000	0.0534934669
1604.7500000000	0.0543854258
1604.7600000000	0.0552443365
1604.7700000000	0.0561024630
1604.7800000000	0.0565097167
1604.7900000000	0.0565561974
1604.8000000000	0.0560668112
1604.8100000000	0.0551985722
1604.8200000000	0.0541140030
1604.8300000000	0.0529175287
1604.8400000000	0.0514942666
1604.8500000000	0.0501960004
1604.8600000000	0.0490122389
1604.8700000000	0.0479528886
1604.8800000000	0.0469515032
1604.8900000000	0.0462820000
1604.9000000000	0.0458083750
1604.9100000000	0.0456109759
1604.9200000000	0.0457198778
1604.9300000000	0.0460905662
1604.9400000000	0.0468214892
1604.9500000000	0.0479191757
1604.9600000000	0.0492195153
1604.9700000000	0.0504994708
1604.9800000000	0.0516688208
1604.9900000000	0.0526509268
1605.0000000000	0.0534473238
1605.0100000000	0.0536846854
1605.0200000000	0.0534868840
1605.0300000000	0.0530246523
1605.0400000000	0.0522995449
1605.0500000000	0.0513384468
1605.0600000000	0.0504803204
1605.0700000000	0.0496296143
1605.0800000000	0.0489591225
1605.0900000000	0.0483628936
1605.1000000000	0.0480496668
1605.1100000000	0.0481586609
1605.1200000000	0.0485442582
1605.1300000000	0.0492354391
1605.1400000000	0.0500708582
1605.1500000000	0.0511428074
1605.1600000000	0.0523469246
1605.1700000000	0.0534833475
1605.1800000000	0.0544415866
1605.1900000000	0.0551539608
1605.2000000000	0.0555446818
1605.2100000000	0.0556530208
1605.2200000000	0.0553333692
1605.2300000000	0.0546146878
1605.2400000000	0.0535638470
1605.2500000000	0.0523689071
1605.2600000000	0.0511786212
1605.2700000000	0.0499733126
1605.2800000000	0.0487656567
1605.2900000000	0.0477042835
1605.3000000000	0.0468776734
1605.3100000000	0.0463764545
1605.3200000000	0.0462327839
1605.3300000000	0.0465932568
1605.3400000000	0.0474321098
1605.3500000000	0.0486885752
1605.3600000000	0.0502721388
1605.3700000000	0.0521207589
1605.3800000000	0.0539283717
1605.3900000000	0.0554452869
1605.4000000000	0.0566301924
1605.4100000000	0.0572604465
1605.4200000000	0.0573406878
1605.4300000000	0.0570539473
1605.4400000000	0.0563171967
1605.4500000000	0.0552734910
1605.4600000000	0.0540929132
1605.4700000000	0.0529241985
1605.4800000000	0.0517589951
1605.4900000000	0.0506650945
1605.5000000000	0.0497740518
1605.5100000000	0.0490561144
1605.5200000000	0.0485706294
1605.5300000000	0.0485120012
1605.5400000000	0.0489492842
1605.5500000000	0.0497459088
1605.5600000000	0.0510186052
1605.5700000000	0.0527002208
1605.5800000000	0.0545835763
1605.5900000000	0.0562591855
1605.6000000000	0.0576068266
1605.6100000000	0.0585002089
1605.6200000000	0.0586634656
1605.6300000000	0.0583450310
1605.6400000000	0.0576370011
1605.6500000000	0.0566486027
1605.6600000000	0.0556126193
1605.6700000000	0.0542388489
1605.6800000000	0.0528661802
1605.6900000000	0.0516353299
1605.7000000000	0.0505611260
1605.7100000000	0.0496565190
1605.7200000000	0.0489144262
1605.7300000000	0.0484537785
1605.7400000000	0.0484651354
1605.7500000000	0.0488722957
1605.7600000000	0.0495513566
1605.7700000000	0.0505620852
1605.7800000000	0.0518617787
1605.7900000000	0.0532904535
1605.8000000000	0.0547008635
1605.8100000000	0.0559069481
1605.8200000000	0.0568447387
1605.8300000000	0.0573982303
1605.8400000000	0.0574970168
1605.8500000000	0.0571716744
1605.8600000000	0.0566034903
1605.8700000000	0.0558540813
1605.8800000000	0.0550274002
1605.8900000000	0.0541669340
1605.9000000000	0.0533012921
1605.9100000000	0.0525741381
1605.9200000000	0.0521525008
1605.9300000000	0.0519944904
1605.9400000000	0.0522281460
1605.9500000000	0.0527741638
1605.9600000000	0.0536757584
1605.9700000000	0.0547691432
1605.9800000000	0.0559394184
1605.9900000000	0.0570893002
1606.0000000000	0.0579807238
1606.0100000000	0.0585345911
1606.0200000000	0.0586425317
1606.0300000000	0.0582971250
1606.0400000000	0.0575268624
1606.0500000000	0.0564990800
1606.0600000000	0.0552553632
1606.0700000000	0.0537936028
1606.0800000000	0.0521608122
1606.0900000000	0.0505189347
1606.1000000000	0.0489642977
1606.1100000000	0.0475011981
1606.1200000000	0.0461609886
1606.1300000000	0.0450127674
1606.1400000000	0.0441137420
1606.1500000000	0.0435936270
1606.1600000000	0.0435677601
1606.1700000000	0.0438561102
1606.1800000000	0.0445869816
1606.1900000000	0.0457234536
1606.2000000000	0.0469471955
1606.2100000000	0.0480804889
1606.2200000000	0.0489962894
1606.2300000000	0.0496025351
1606.2400000000	0.0498148584
1606.2500000000	0.0496784092
1606.2600000000	0.0491428150
1606.2700000000	0.0484933764
1606.2800000000	0.0476817384
1606.2900000000	0.0468263651
1606.3000000000	0.0459379864
1606.3100000000	0.0450991132
1606.3200000000	0.0442415217
1606.3300000000	0.0435764089
1606.3400000000	0.0431320726
1606.3500000000	0.0429362884
1606.3600000000	0.0430388962
1606.3700000000	0.0434745218
1606.3800000000	0.0442636270
1606.3900000000	0.0452987626
1606.4000000000	0.0464872770
1606.4100000000	0.0476899881
1606.4200000000	0.0489134475
1606.4300000000	0.0499362462
1606.4400000000	0.0505842267
1606.4500000000	0.0509722322
1606.4600000000	0.0508733539
1606.4700000000	0.0504210778
1606.4800000000	0.0497780170
1606.4900000000	0.0491788603
1606.5000000000	0.0485304015
1606.5100000000	0.0478708438
1606.5200000000	0.0472795198
1606.5300000000	0.0467353285
1606.5400000000	0.0463663321
1606.5500000000	0.0462118714
1606.5600000000	0.0463476346
1606.5700000000	0.0467039674
1606.5800000000	0.0473017908
1606.5900000000	0.0480970428
1606.6000000000	0.0489823721
1606.6100000000	0.0498407913
1606.6200000000	0.0505413746
1606.6300000000	0.0510100098
1606.6400000000	0.0512439079
1606.6500000000	0.0512198370
1606.6600000000	0.0509454898
1606.6700000000	0.0505380030
1606.6800000000	0.0500776304
1606.6900000000	0.0495882546
1606.7000000000	0.0491519750
1606.7100000000	0.0487886491
1606.7200000000	0.0484350777
1606.7300000000	0.0482197774
1606.7400000000	0.0481905590
1606.7500000000	0.0484005297
1606.7600000000	0.0488252190
1606.7700000000	0.0494289896
1606.7800000000	0.0502371870
1606.7900000000	0.0512040057
1606.8000000000	0.0522761316
1606.8100000000	0.0532283866
1606.8200000000	0.0540237617
1606.8300000000	0.0544309254
1606.8400000000	0.0546012521
1606.8500000000	0.0544252769
1606.8600000000	0.0538153405
1606.8700000000	0.0530322312
1606.8800000000	0.0522116394
1606.8900000000	0.0513617650
1606.9000000000	0.0504729855
1606.9100000000	0.0495760687
1606.9200000000	0.0488348673
1606.9300000000	0.0482093356
1606.9400000000	0.0477543450
1606.9500000000	0.0475963121
1606.9600000000	0.0477822332
1606.9700000000	0.0482117934
1606.9800000000	0.0489939704
1606.9900000000	0.0501120377
1607.0000000000	0.0511830768
1607.0100000000	0.0521864791
1607.0200000000	0.0530893896
1607.0300000000	0.0535575910
1607.0400000000	0.0535964434
1607.0500000000	0.0533263016
1607.0600000000	0.0526754815
1607.0700000000	0.0516533917
1607.0800000000	0.0504199955
1607.0900000000	0.0492058672
1607.1000000000	0.0478982115
1607.1100000000	0.0466676000
1607.1200000000	0.0456175753
1607.1300000000	0.0446629484
1607.1400000000	0.0439006298
1607.1500000000	0.0435177403
1607.1600000000	0.0434351241
1607.1700000000	0.0435805239
1607.1800000000	0.0440286569
1607.1900000000	0.0448152739
1607.2000000000	0.0458783892
1607.2100000000	0.0471532982
1607.2200000000	0.0484979777
1607.2300000000	0.0496115582
1607.2400000000	0.0504216820
1607.2500000000	0.0509866135
1607.2600000000	0.0511010265
1607.2700000000	0.0507291727
1607.2800000000	0.0499501670
1607.2900000000	0.0490053245
1607.3000000000	0.0478200766
1607.3100000000	0.0465328841
1607.3200000000	0.0453182244
1607.3300000000	0.0442202307
1607.3400000000	0.0433375377
1607.3500000000	0.0428049326
1607.3600000000	0.0424883276
1607.3700000000	0.0424339814
1607.3800000000	0.0429324049
1607.3900000000	0.0436282053
1607.4000000000	0.0445407060
1607.4100000000	0.0457546027
1607.4200000000	0.0471536536
1607.4300000000	0.0484875710
1607.4400000000	0.0495502812
1607.4500000000	0.0502378872
1607.4600000000	0.0505799052
1607.4700000000	0.0506109063
1607.4800000000	0.0502496356
1607.4900000000	0.0496803607
1607.5000000000	0.0489161826
1607.5100000000	0.0479991677
1607.5200000000	0.0470164226
1607.5300000000	0.0460051590
1607.5400000000	0.0450357913
1607.5500000000	0.0441180831
1607.5600000000	0.0433847733
1607.5700000000	0.0429027623
1607.5800000000	0.0427097984
1607.5900000000	0.0429190182
1607.6000000000	0.0435137786
1607.6100000000	0.0444159361
1607.6200000000	0.0454999845
1607.6300000000	0.0467170673
1607.6400000000	0.0478568472
1607.6500000000	0.0487966658
1607.6600000000	0.0493697823
1607.6700000000	0.0496691380
1607.6800000000	0.0496465078
1607.6900000000	0.0492090404
1607.7000000000	0.0485613353
1607.7100000000	0.0476617341
1607.7200000000	0.0467317431
1607.7300000000	0.0457387742
1607.7400000000	0.0447172020
1607.7500000000	0.0438011894
1607.7600000000	0.0430355037
1607.7700000000	0.0425099944
1607.7800000000	0.0421808843
1607.7900000000	0.0421808843
1607.8000000000	0.0426013098
1607.8100000000	0.0433495306
1607.8200000000	0.0442664347
1607.8300000000	0.0452303932
1607.8400000000	0.0462107584
1607.8500000000	0.0471463665
1607.8600000000	0.0479211071
1607.8700000000	0.0483985248
1607.8800000000	0.0485256728
1607.8900000000	0.0483887323
1607.9000000000	0.0480635070
1607.9100000000	0.0473609624
1607.9200000000	0.0463814211
1607.9300000000	0.0453080583
1607.9400000000	0.0443044595
1607.9500000000	0.0433499379
1607.9600000000	0.0424090544
1607.9700000000	0.0416673889
1607.9800000000	0.0411475175
1607.9900000000	0.0407917428
1608.0000000000	0.0406128500
1608.0100000000	0.0405747123
1608.0200000000	0.0406207801
1608.0300000000	0.0408822059
1608.0400000000	0.0412389353
1608.0500000000	0.0415845332
1608.0600000000	0.0418598318
1608.0700000000	0.0420507389
1608.0800000000	0.0421797158
1608.0900000000	0.0421219315
1608.1000000000	0.0419052335
1608.1100000000	0.0417055086
1608.1200000000	0.0414914684
1608.1300000000	0.0412926683
1608.1400000000	0.0410810043
1608.1500000000	0.0408464507
1608.1600000000	0.0407346233
1608.1700000000	0.0406958148
1608.1800000000	0.0408560913
1608.1900000000	0.0411813925
1608.2000000000	0.0417574655
1608.2100000000	0.0424222961
1608.2200000000	0.0431221807
1608.2300000000	0.0438840077
1608.2400000000	0.0446533527
1608.2500000000	0.0454691989
1608.2600000000	0.0461926488
1608.2700000000	0.0466491155
1608.2800000000	0.0469195274
1608.2900000000	0.0470818034
1608.3000000000	0.0470924679
1608.3100000000	0.0470821542
1608.3200000000	0.0469209078
1608.3300000000	0.0466369241
1608.3400000000	0.0464076578
1608.3500000000	0.0462157768
1608.3600000000	0.0460247180
1608.3700000000	0.0458832771
1608.3800000000	0.0459390428
1608.3900000000	0.0462418975
1608.4000000000	0.0467217597
1608.4100000000	0.0474096043
1608.4200000000	0.0482963905
1608.4300000000	0.0492232070
1608.4400000000	0.0500498281
1608.4500000000	0.0506493019
1608.4600000000	0.0508364465
1608.4700000000	0.0506139245
1608.4800000000	0.0500119442
1608.4900000000	0.0491056739
1608.5000000000	0.0480335932
1608.5100000000	0.0469571867
1608.5200000000	0.0458559984
1608.5300000000	0.0447536838
1608.5400000000	0.0436413502
1608.5500000000	0.0425997476
1608.5600000000	0.0417185283
1608.5700000000	0.0410797911
1608.5800000000	0.0408034689
1608.5900000000	0.0408645722
1608.6000000000	0.0412853898
1608.6100000000	0.0419829168
1608.6200000000	0.0428405705
1608.6300000000	0.0438610918
1608.6400000000	0.0450047391
1608.6500000000	0.0461081829
1608.6600000000	0.0470384467
1608.6700000000	0.0476685273
1608.6800000000	0.0479207639
1608.6900000000	0.0477757974
1608.7000000000	0.0472836781
1608.7100000000	0.0465526152
1608.7200000000	0.0456469503
1608.7300000000	0.0446941648
1608.7400000000	0.0437356208
1608.7500000000	0.0426713362
1608.7600000000	0.0416193463
1608.7700000000	0.0408084071
1608.7800000000	0.0401286964
1608.7900000000	0.0396741995
1608.8000000000	0.0396393571
1608.8100000000	0.0399484579
1608.8200000000	0.0404585095
1608.8300000000	0.0411467896
1608.8400000000	0.0419530705
1608.8500000000	0.0429189721
1608.8600000000	0.0437082950
1608.8700000000	0.0443390134
1608.8800000000	0.0448367238
1608.8900000000	0.0450982421
1608.9000000000	0.0452521651
1608.9100000000	0.0451299150
1608.9200000000	0.0447300163
1608.9300000000	0.0441923514
1608.9400000000	0.0434582562
1608.9500000000	0.0426747079
1608.9600000000	0.0418902199
1608.9700000000	0.0411567019
1608.9800000000	0.0405435522
1608.9900000000	0.0401329051
1609.0000000000	0.0399827205
1609.0100000000	0.0400299032
1609.0200000000	0.0403395409
1609.0300000000	0.0409908695
1609.0400000000	0.0419177586
1609.0500000000	0.0429161147
1609.0600000000	0.0437829888
1609.0700000000	0.0445958785
1609.0800000000	0.0452067576
1609.0900000000	0.0454668539
1609.1000000000	0.0454822773
1609.1100000000	0.0452915890
1609.1200000000	0.0449139596
1609.1300000000	0.0443860029
1609.1400000000	0.0437901703
1609.1500000000	0.0431061765
1609.1600000000	0.0422282220
1609.1700000000	0.0413221680
1609.1800000000	0.0404822895
1609.1900000000	0.0397053485
1609.2000000000	0.0390429578
1609.2100000000	0.0385759953
1609.2200000000	0.0383586032
1609.2300000000	0.0383746925
1609.2400000000	0.0387069397
1609.2500000000	0.0393447286
1609.2600000000	0.0401753844
1609.2700000000	0.0411020983
1609.2800000000	0.0420089723
1609.2900000000	0.0427676935
1609.3000000000	0.0432806749
1609.3100000000	0.0435969388
1609.3200000000	0.0436392682
1609.3300000000	0.0435366195
1609.3400000000	0.0433359354
1609.3500000000	0.0430148112
1609.3600000000	0.0426348372
1609.3700000000	0.0422459949
1609.3800000000	0.0419775769
1609.3900000000	0.0417302020
1609.4000000000	0.0415953572
1609.4100000000	0.0416356883
1609.4200000000	0.0417990470
1609.4300000000	0.0422252189
1609.4400000000	0.0427344625
1609.4500000000	0.0434193067
1609.4600000000	0.0441467560
1609.4700000000	0.0448962669
1609.4800000000	0.0455592564
1609.4900000000	0.0461167607
1609.5000000000	0.0465475592
1609.5100000000	0.0468213454
1609.5200000000	0.0469465574
1609.5300000000	0.0468676153
1609.5400000000	0.0466686670
1609.5500000000	0.0462862372
1609.5600000000	0.0457645650
1609.5700000000	0.0451860498
1609.5800000000	0.0445360265
1609.5900000000	0.0438777712
1609.6000000000	0.0432963276
1609.6100000000	0.0427618581
1609.6200000000	0.0423936519
1609.6300000000	0.0422080317
1609.6400000000	0.0422720220
1609.6500000000	0.0425496535
1609.6600000000	0.0429526038
1609.6700000000	0.0434572042
1609.6800000000	0.0439674736
1609.6900000000	0.0445012710
1609.7000000000	0.0448975056
1609.7100000000	0.0451152472
1609.7200000000	0.0452346842
1609.7300000000	0.0453115827
1609.7400000000	0.0452794668
1609.7500000000	0.0450399394
1609.7600000000	0.0447525578
1609.7700000000	0.0444125453
1609.7800000000	0.0439532267
1609.7900000000	0.0433997061
1609.8000000000	0.0428215625
1609.8100000000	0.0423041868
1609.8200000000	0.0418029004
1609.8300000000	0.0413030441
1609.8400000000	0.0409127901
1609.8500000000	0.0405925821
1609.8600000000	0.0403962815
1609.8700000000	0.0403426540
1609.8800000000	0.0402863335
1609.8900000000	0.0402307593
1609.9000000000	0.0402929403
1609.9100000000	0.0403811595
1609.9200000000	0.0402525573
1609.9300000000	0.0401313475
1609.9400000000	0.0401382151
1609.9500000000	0.0400326663
1609.9600000000	0.0397458421
1609.9700000000	0.0394496827
1609.9800000000	0.0392499809
1609.9900000000	0.0389819761
1610.0000000000	0.0387267712
1610.0100000000	0.0386223411
1610.0200000000	0.0385798610
1610.0300000000	0.0387402233
1610.0400000000	0.0389746710
1610.0500000000	0.0392388290
1610.0600000000	0.0396079437
1610.0700000000	0.0400875433
1610.0800000000	0.0405530376
1610.0900000000	0.0408507427
1610.1000000000	0.0410218332
1610.1100000000	0.0411653839
1610.1200000000	0.0412182999
1610.1300000000	0.0411963519
1610.1400000000	0.0411177637
1610.1500000000	0.0410115636
1610.1600000000	0.0409006882
1610.1700000000	0.0408360212
1610.1800000000	0.0407709793
1610.1900000000	0.0407241947
1610.2000000000	0.0408994299
1610.2100000000	0.0411183345
1610.2200000000	0.0414642131
1610.2300000000	0.0419264769
1610.2400000000	0.0424523880
1610.2500000000	0.0429834033
1610.2600000000	0.0434514064
1610.2700000000	0.0439116215
1610.2800000000	0.0441870484
1610.2900000000	0.0443739627
1610.3000000000	0.0443102426
1610.3100000000	0.0441148222
1610.3200000000	0.0438267468
1610.3300000000	0.0434947181
1610.3400000000	0.0431079309
1610.3500000000	0.0426331880
1610.3600000000	0.0420884593
1610.3700000000	0.0416070070
1610.3800000000	0.0411821979
1610.3900000000	0.0407779148
1610.4000000000	0.0404066600
1610.4100000000	0.0400882176
1610.4200000000	0.0398631775
1610.4300000000	0.0398088314
1610.4400000000	0.0399548297
1610.4500000000	0.0402964865
1610.4600000000	0.0408855904
1610.4700000000	0.0416116054
1610.4800000000	0.0423685535
1610.4900000000	0.0429733479
1610.5000000000	0.0434100193
1610.5100000000	0.0437535378
1610.5200000000	0.0438600218
1610.5300000000	0.0438311836
1610.5400000000	0.0435729350
1610.5500000000	0.0431716423
1610.5600000000	0.0426163651
1610.5700000000	0.0419756667
1610.5800000000	0.0413255653
1610.5900000000	0.0405469051
1610.6000000000	0.0399414278
1610.6100000000	0.0395047998
1610.6200000000	0.0391174306
1610.6300000000	0.0389829146
1610.6400000000	0.0390984826
1610.6500000000	0.0392754866
1610.6600000000	0.0397626019
1610.6700000000	0.0404663798
1610.6800000000	0.0413036783
1610.6900000000	0.0420994074
1610.7000000000	0.0428056144
1610.7100000000	0.0434416879
1610.7200000000	0.0438627250
1610.7300000000	0.0440536470
1610.7400000000	0.0440181487
1610.7500000000	0.0438211365
1610.7600000000	0.0434916395
1610.7700000000	0.0430329722
1610.7800000000	0.0421548533
1610.7900000000	0.0413411483
1610.8000000000	0.0404926843
1610.8100000000	0.0396588803
1610.8200000000	0.0388839459
1610.8300000000	0.0381715322
1610.8400000000	0.0377464776
1610.8500000000	0.0374401716
1610.8600000000	0.0375569699
1610.8700000000	0.0377476247
1610.8800000000	0.0380498411
1610.8900000000	0.0386001978
1610.9000000000	0.0391521435
1610.9100000000	0.0395339971
1610.9200000000	0.0399802859
1610.9300000000	0.0405578654
1610.9400000000	0.0408607448
1610.9500000000	0.0410759689
1610.9600000000	0.0413808305
1610.9700000000	0.0413727597
1610.9800000000	0.0414523388
1610.9900000000	0.0414685928
1611.0000000000	0.0413482204
1611.0100000000	0.0410876737
1611.0200000000	0.0408338433
1611.0300000000	0.0406731245
1611.0400000000	0.0404234322
1611.0500000000	0.0402560203
1611.0600000000	0.0405358503
1611.0700000000	0.0409947503
1611.0800000000	0.0414154696
1611.0900000000	0.0418854946
1611.1000000000	0.0425325663
1611.1100000000	0.0429854757
1611.1200000000	0.0434837502
1611.1300000000	0.0438027915
1611.1400000000	0.0440501084
1611.1500000000	0.0441894798
1611.1600000000	0.0442501349
1611.1700000000	0.0440061520
1611.1800000000	0.0439009930
1611.1900000000	0.0436917125
1611.2000000000	0.0433823608
1611.2100000000	0.0429434927
1611.2200000000	0.0424926477
1611.2300000000	0.0422225689
1611.2400000000	0.0418772127
1611.2500000000	0.0416042371
1611.2600000000	0.0416407960
1611.2700000000	0.0418797780
1611.2800000000	0.0421663532
1611.2900000000	0.0426878344
1611.3000000000	0.0432292521
1611.3100000000	0.0437658622
1611.3200000000	0.0444156698
1611.3300000000	0.0448824297
1611.3400000000	0.0450448721
1611.3500000000	0.0451966168
1611.3600000000	0.0452022394
1611.3700000000	0.0450835027
1611.3800000000	0.0448405161
1611.3900000000	0.0445256519
1611.4000000000	0.0440826101
1611.4100000000	0.0434787391
1611.4200000000	0.0428709056
1611.4300000000	0.0422552015
1611.4400000000	0.0416466575
1611.4500000000	0.0411584738
1611.4600000000	0.0409017672
1611.4700000000	0.0408614231
1611.4800000000	0.0410176049
1611.4900000000	0.0412688973
1611.5000000000	0.0416095672
1611.5100000000	0.0419858268
1611.5200000000	0.0424017327
1611.5300000000	0.0427522626
1611.5400000000	0.0430650719
1611.5500000000	0.0432121725
1611.5600000000	0.0432205852
1611.5700000000	0.0432535073
1611.5800000000	0.0431905518
1611.5900000000	0.0429894229
1611.6000000000	0.0426963039
1611.6100000000	0.0424309704
1611.6200000000	0.0421163194
1611.6300000000	0.0415784335
1611.6400000000	0.0409672822
1611.6500000000	0.0404512293
1611.6600000000	0.0399499203
1611.6700000000	0.0395690095
1611.6800000000	0.0394008028
1611.6900000000	0.0392735015
1611.7000000000	0.0392351306
1611.7100000000	0.0393413308
1611.7200000000	0.0394419802
1611.7300000000	0.0395247053
1611.7400000000	0.0396558040
1611.7500000000	0.0397269997
1611.7600000000	0.0397839685
1611.7700000000	0.0397578940
1611.7800000000	0.0398238481
1611.7900000000	0.0398231401
1611.8000000000	0.0397863414
1611.8100000000	0.0396110764
1611.8200000000	0.0393289410
1611.8300000000	0.0390457403
1611.8400000000	0.0387920078
1611.8500000000	0.0384684008
1611.8600000000	0.0381076097
1611.8700000000	0.0378912278
1611.8800000000	0.0377113518
1611.8900000000	0.0376350508
1611.9000000000	0.0375539472
1611.9100000000	0.0377390241
1611.9200000000	0.0379645819
1611.9300000000	0.0383236555
1611.9400000000	0.0386947381
1611.9500000000	0.0391735345
1611.9600000000	0.0395378059
1611.9700000000	0.0398316407
1611.9800000000	0.0400575030
1611.9900000000	0.0402132632
1612.0000000000	0.0402783993
1612.0100000000	0.0402529113
1612.0200000000	0.0402231752
1612.0300000000	0.0401270845
1612.0400000000	0.0400501860
1612.0500000000	0.0399462369
1612.0600000000	0.0398318320
1612.0700000000	0.0396987089
1612.0800000000	0.0398486021
1612.0900000000	0.0401219277
1612.1000000000	0.0403625801
1612.1100000000	0.0406032464
1612.1200000000	0.0409607982
1612.1300000000	0.0412833723
1612.1400000000	0.0413960011
1612.1500000000	0.0416094638
1612.1600000000	0.0416831172
1612.1700000000	0.0416860359
1612.1800000000	0.0418203550
1612.1900000000	0.0416831172
1612.2000000000	0.0416831172
1612.2100000000	0.0416749559
1612.2200000000	0.0416473631
1612.2300000000	0.0415860704
1612.2400000000	0.0413833288
1612.2500000000	0.0410814092
1612.2600000000	0.0407136000
1612.2700000000	0.0403601734
1612.2800000000	0.0400112111
1612.2900000000	0.0398816324
1612.3000000000	0.0398238481
1612.3100000000	0.0398238481
1612.3200000000	0.0398297492
1612.3300000000	0.0398596021
1612.3400000000	0.0398557837
1612.3500000000	0.0398073462
1612.3600000000	0.0395996971
1612.3700000000	0.0393590308
1612.3800000000	0.0391871363
1612.3900000000	0.0389822246
1612.4000000000	0.0387663657
1612.4100000000	0.0384797445
1612.4200000000	0.0382592936
1612.4300000000	0.0380772588
1612.4400000000	0.0377284606
1612.4500000000	0.0373710477
1612.4600000000	0.0370168911
1612.4700000000	0.0369312576
1612.4800000000	0.0367500778
1612.4900000000	0.0367846660
1612.5000000000	0.0368142020
1612.5100000000	0.0369959439
1612.5200000000	0.0372083119
1612.5300000000	0.0373474494
1612.5400000000	0.0375521330
1612.5500000000	0.0377218848
1612.5600000000	0.0378658978
1612.5700000000	0.0379757747
1612.5800000000	0.0380003330
1612.5900000000	0.0380343217
1612.6000000000	0.0381515058
1612.6100000000	0.0382506259
1612.6200000000	0.0382506259
1612.6300000000	0.0382506259
1612.6400000000	0.0382506259
1612.6500000000	0.0382324116
1612.6600000000	0.0381311036
1612.6700000000	0.0380336091
1612.6800000000	0.0380087466
1612.6900000000	0.0381518598
1612.7000000000	0.0383674466
1612.7100000000	0.0386912463
1612.7200000000	0.0392700036
1612.7300000000	0.0398810554
1612.7400000000	0.0405908021
1612.7500000000	0.0411270134
1612.7600000000	0.0416663826
1612.7700000000	0.0422635669
1612.7800000000	0.0427242011
1612.7900000000	0.0428925965
1612.8000000000	0.0429914674
1612.8100000000	0.0429858364
1612.8200000000	0.0428163407
1612.8300000000	0.0426019908
1612.8400000000	0.0422755375
1612.8500000000	0.0420059555
1612.8600000000	0.0417349956
1612.8700000000	0.0413844622
1612.8800000000	0.0410487305
1612.8900000000	0.0408102685
1612.9000000000	0.0407602086
1612.9100000000	0.0408013796
1612.9200000000	0.0408770911
1612.9300000000	0.0410250256
1612.9400000000	0.0413276053
1612.9500000000	0.0415319280
1612.9600000000	0.0417083553
1612.9700000000	0.0417188712
1612.9800000000	0.0416221249
1612.9900000000	0.0413907623
1613.0000000000	0.0411120997
1613.0100000000	0.0406397866
1613.0200000000	0.0400819310
1613.0300000000	0.0393568896
1613.0400000000	0.0386431918
1613.0500000000	0.0377344140
1613.0600000000	0.0367776635
1613.0700000000	0.0358094918
1613.0800000000	0.0348382446
1613.0900000000	0.0339882321
1613.1000000000	0.0332270188
1613.1100000000	0.0326703379
1613.1200000000	0.0323064135
1613.1300000000	0.0320706467
1613.1400000000	0.0319332847
1613.1500000000	0.0319988943
1613.1600000000	0.0320635550
1613.1700000000	0.0322610907
1613.1800000000	0.0323570958
1613.1900000000	0.0324103787
1613.2000000000	0.0325541013
1613.2100000000	0.0327162095
1613.2200000000	0.0327828578
1613.2300000000	0.0328228462
1613.2400000000	0.0329588656
1613.2500000000	0.0329581644
1613.2600000000	0.0328880442
1613.2700000000	0.0325056158
1613.2800000000	0.0321787483
1613.2900000000	0.0318536968
1613.3000000000	0.0314928911
1613.3100000000	0.0312050156
1613.3200000000	0.0310324525
1613.3300000000	0.0311419854
1613.3400000000	0.0312491798
1613.3500000000	0.0313479544
1613.3600000000	0.0316617866
1613.3700000000	0.0320132450
1613.3800000000	0.0324050337
1613.3900000000	0.0328213405
1613.4000000000	0.0332907233
1613.4100000000	0.0338792074
1613.4200000000	0.0344303686
1613.4300000000	0.0348688941
1613.4400000000	0.0352457706
1613.4500000000	0.0355350181
1613.4600000000	0.0357212998
1613.4700000000	0.0358980051
1613.4800000000	0.0358975958
1613.4900000000	0.0357271403
1613.5000000000	0.0355552329
1613.5100000000	0.0353819627
1613.5200000000	0.0351756753
1613.5300000000	0.0350725386
1613.5400000000	0.0349017923
1613.5500000000	0.0348256981
1613.5600000000	0.0346621362
1613.5700000000	0.0344868694
1613.5800000000	0.0344304896
1613.5900000000	0.0343659365
1613.6000000000	0.0343826358
1613.6100000000	0.0343890715
1613.6200000000	0.0343297077
1613.6300000000	0.0343769127
1613.6400000000	0.0344528906
1613.6500000000	0.0345632774
1613.6600000000	0.0345735472
1613.6700000000	0.0347466121
1613.6800000000	0.0347466121
1613.6900000000	0.0347573397
1613.7000000000	0.0348681904
1613.7100000000	0.0350151469
1613.7200000000	0.0351888112
1613.7300000000	0.0352829520
1613.7400000000	0.0352829520
1613.7500000000	0.0352829520
1613.7600000000	0.0352765137
1613.7700000000	0.0352150048
1613.7800000000	0.0350619774
1613.7900000000	0.0350202827
1613.8000000000	0.0349271306
1613.8100000000	0.0346768229
1613.8200000000	0.0343744912
1613.8300000000	0.0341702846
1613.8400000000	0.0340588573
1613.8500000000	0.0337787455
1613.8600000000	0.0335309451
1613.8700000000	0.0334601450
1613.8800000000	0.0332491464
1613.8900000000	0.0329645863
1613.9000000000	0.0327853912
1613.9100000000	0.0326413551
1613.9200000000	0.0325328780
1613.9300000000	0.0326309133
1613.9400000000	0.0328995173
1613.9500000000	0.0331791141
1613.9600000000	0.0335426306
1613.9700000000	0.0340147120
1613.9800000000	0.0343668928
1613.9900000000	0.0346053692
1614.0000000000	0.0349239809
1614.0100000000	0.0352277164
1614.0200000000	0.0354613683
1614.0300000000	0.0356247187
1614.0400000000	0.0357120007
1614.0500000000	0.0357120007
1614.0600000000	0.0356993816
1614.0700000000	0.0355777543
1614.0800000000	0.0353038642
1614.0900000000	0.0349328178
1614.1000000000	0.0346939940
1614.1100000000	0.0342678355
1614.1200000000	0.0338098995
1614.1300000000	0.0335019170
1614.1400000000	0.0333074699
1614.1500000000	0.0332505621
1614.1600000000	0.0332148647
1614.1700000000	0.0332983522
1614.1800000000	0.0333757700
1614.1900000000	0.0335066323
1614.2000000000	0.0336246583
1614.2100000000	0.0337044463
1614.2200000000	0.0338147194
1614.2300000000	0.0339667122
1614.2400000000	0.0341824362
1614.2500000000	0.0343175507
1614.2600000000	0.0346214753
1614.2700000000	0.0349392029
1614.2800000000	0.0351399212
1614.2900000000	0.0351399212
1614.3000000000	0.0351116012
1614.3100000000	0.0349236070
1614.3200000000	0.0346675198
1614.3300000000	0.0344076613
1614.3400000000	0.0342889456
1614.3500000000	0.0341171912
1614.3600000000	0.0339821404
1614.3700000000	0.0338408136
1614.3800000000	0.0336024532
1614.3900000000	0.0335002987
1614.4000000000	0.0334279309
1614.4100000000	0.0334236829
1614.4200000000	0.0333911149
1614.4300000000	0.0334201429
1614.4400000000	0.0335192631
1614.4500000000	0.0335309451
1614.4600000000	0.0335309451
1614.4700000000	0.0335938722
1614.4800000000	0.0335696786
1614.4900000000	0.0334974492
1614.5000000000	0.0334207033
1614.5100000000	0.0331281269
1614.5200000000	0.0329505841
1614.5300000000	0.0328690856
1614.5400000000	0.0327469613
1614.5500000000	0.0326092177
1614.5600000000	0.0325456167
1614.5700000000	0.0325749289
1614.5800000000	0.0324417902
1614.5900000000	0.0323423499
1614.6000000000	0.0322841575
1614.6100000000	0.0322964836
1614.6200000000	0.0321572306
1614.6300000000	0.0320601721
1614.6400000000	0.0320190142
1614.6500000000	0.0319236733
1614.6600000000	0.0319570208
1614.6700000000	0.0318882630
1614.6800000000	0.0317161933
1614.6900000000	0.0314743141
1614.7000000000	0.0311937607
1614.7100000000	0.0309131015
1614.7200000000	0.0304989007
1614.7300000000	0.0301985652
1614.7400000000	0.0299125197
1614.7500000000	0.0296264727
1614.7600000000	0.0293378385
1614.7700000000	0.0291474980
1614.7800000000	0.0290998247
1614.7900000000	0.0290972966
1614.8000000000	0.0291680664
1614.8100000000	0.0292805978
1614.8200000000	0.0294002798
1614.8300000000	0.0295670213
1614.8400000000	0.0296062824
1614.8500000000	0.0296764707
1614.8600000000	0.0297472083
1614.8700000000	0.0298249208
1614.8800000000	0.0299936799
1614.8900000000	0.0300319378
1614.9000000000	0.0300934473
1614.9100000000	0.0300197116
1614.9200000000	0.0299134208
1614.9300000000	0.0297051447
1614.9400000000	0.0295332362
1614.9500000000	0.0294263874
1614.9600000000	0.0293545321
1614.9700000000	0.0292529465
1614.9800000000	0.0292403274
1614.9900000000	0.0292999175
1615.0000000000	0.0292530714
1615.0100000000	0.0292112994
1615.0200000000	0.0291758993
1615.0300000000	0.0291404877
1615.0400000000	0.0291615933
1615.0500000000	0.0291688193
1615.0600000000	0.0292565793
1615.0700000000	0.0294537683
1615.0800000000	0.0296841572
1615.0900000000	0.0299150556
1615.1000000000	0.0302530037
1615.1100000000	0.0304484121
1615.1200000000	0.0306548015
1615.1300000000	0.0308030761
1615.1400000000	0.0309833835
1615.1500000000	0.0311732716
1615.1600000000	0.0314376372
1615.1700000000	0.0317438992
1615.1800000000	0.0319772131
1615.1900000000	0.0323138501
1615.2000000000	0.0326852111
1615.2100000000	0.0329745974
1615.2200000000	0.0332732204
1615.2300000000	0.0334390061
1615.2400000000	0.0335378209
1615.2500000000	0.0336147117
1615.2600000000	0.0338180090
1615.2700000000	0.0339211597
1615.2800000000	0.0341599533
1615.2900000000	0.0342733821
1615.3000000000	0.0343776148
1615.3100000000	0.0342642702
1615.3200000000	0.0340630641
1615.3300000000	0.0337954582
1615.3400000000	0.0335155218
1615.3500000000	0.0330948744
1615.3600000000	0.0327331563
1615.3700000000	0.0325201190
1615.3800000000	0.0323659166
1615.3900000000	0.0324515895
1615.4000000000	0.0325611784
1615.4100000000	0.0328775919
1615.4200000000	0.0332766388
1615.4300000000	0.0337454694
1615.4400000000	0.0342056845
1615.4500000000	0.0344934732
1615.4600000000	0.0347416561
1615.4700000000	0.0349568602
1615.4800000000	0.0349261120
1615.4900000000	0.0348560128
1615.5000000000	0.0347151489
1615.5100000000	0.0345027694
1615.5200000000	0.0340709820
1615.5300000000	0.0336017806
1615.5400000000	0.0330435314
1615.5500000000	0.0325233865
1615.5600000000	0.0320508146
1615.5700000000	0.0315396234
1615.5800000000	0.0311091443
1615.5900000000	0.0308684196
1615.6000000000	0.0306425673
1615.6100000000	0.0305391893
1615.6200000000	0.0305035473
1615.6300000000	0.0305866303
1615.6400000000	0.0307092982
1615.6500000000	0.0309271431
1615.6600000000	0.0311052388
1615.6700000000	0.0313141209
1615.6800000000	0.0315759460
1615.6900000000	0.0318078457
1615.7000000000	0.0318907653
1615.7100000000	0.0320004876
1615.7200000000	0.0320621809
1615.7300000000	0.0320250239
1615.7400000000	0.0319492957
1615.7500000000	0.0317395726
1615.7600000000	0.0315568292
1615.7700000000	0.0312998187
1615.7800000000	0.0309450089
1615.7900000000	0.0306587270
1615.8000000000	0.0304226016
1615.8100000000	0.0302532757
1615.8200000000	0.0300846117
1615.8300000000	0.0299746493
1615.8400000000	0.0299838160
1615.8500000000	0.0299634853
1615.8600000000	0.0299824139
1615.8700000000	0.0300437566
1615.8800000000	0.0301650504
1615.8900000000	0.0303550418
1615.9000000000	0.0305668065
1615.9100000000	0.0308493036
1615.9200000000	0.0312214474
1615.9300000000	0.0314739297
1615.9400000000	0.0316550630
1615.9500000000	0.0317592369
1615.9600000000	0.0317789381
1615.9700000000	0.0318681351
1615.9800000000	0.0319501012
1615.9900000000	0.0319577084
1616.0000000000	0.0319906989
1616.0100000000	0.0321224720
1616.0200000000	0.0322927003
1616.0300000000	0.0324982526
1616.0400000000	0.0326802526
1616.0500000000	0.0328572529
1616.0600000000	0.0330357344
1616.0700000000	0.0332718021
1616.0800000000	0.0333443284
1616.0900000000	0.0333521602
1616.1000000000	0.0333273027
1616.1100000000	0.0333164062
1616.1200000000	0.0331403862
1616.1300000000	0.0328447193
1616.1400000000	0.0324582865
1616.1500000000	0.0320292238
1616.1600000000	0.0315572560
1616.1700000000	0.0309385194
1616.1800000000	0.0302775826
1616.1900000000	0.0296865457
1616.2000000000	0.0291775684
1616.2100000000	0.0287419158
1616.2200000000	0.0283427911
1616.2300000000	0.0280174228
1616.2400000000	0.0277186136
1616.2500000000	0.0274571799
1616.2600000000	0.0272780146
1616.2700000000	0.0272380275
1616.2800000000	0.0272380275
1616.2900000000	0.0272972685
1616.3000000000	0.0273392261
1616.3100000000	0.0273752799
1616.3200000000	0.0273810583
1616.3300000000	0.0273506674
1616.3400000000	0.0271918021
1616.3500000000	0.0269512800
1616.3600000000	0.0267031203
1616.3700000000	0.0263977927
1616.3800000000	0.0261972394
1616.3900000000	0.0260202365
1616.4000000000	0.0258486868
1616.4100000000	0.0258078217
1616.4200000000	0.0258078217
1616.4300000000	0.0258999665
1616.4400000000	0.0260177585
1616.4500000000	0.0261467847
1616.4600000000	0.0263547760
1616.4700000000	0.0266259036
1616.4800000000	0.0269102173
1616.4900000000	0.0272127979
1616.5000000000	0.0275095605
1616.5100000000	0.0278331252
1616.5200000000	0.0282808918
1616.5300000000	0.0286701244
1616.5400000000	0.0289207610
1616.5500000000	0.0290671292
1616.5600000000	0.0291505737
1616.5700000000	0.0290867198
1616.5800000000	0.0289210802
1616.5900000000	0.0286521834
1616.6000000000	0.0284831536
1616.6100000000	0.0283138789
1616.6200000000	0.0282475975
1616.6300000000	0.0281853657
1616.6400000000	0.0281944776
1616.6500000000	0.0282838737
1616.6600000000	0.0284447706
1616.6700000000	0.0286235409
1616.6800000000	0.0288453275
1616.6900000000	0.0290581696
1616.7000000000	0.0293880600
1616.7100000000	0.0297756246
1616.7200000000	0.0300474707
1616.7300000000	0.0302244781
1616.7400000000	0.0304202404
1616.7500000000	0.0305806098
1616.7600000000	0.0306000872
1616.7700000000	0.0304791371
1616.7800000000	0.0302216394
1616.7900000000	0.0298198344
1616.8000000000	0.0293326854
1616.8100000000	0.0288291340
1616.8200000000	0.0284224243
1616.8300000000	0.0281289346
1616.8400000000	0.0277735975
1616.8500000000	0.0275319781
1616.8600000000	0.0274613148
1616.8700000000	0.0274235868
1616.8800000000	0.0275030427
1616.8900000000	0.0275240745
1616.9000000000	0.0276348420
1616.9100000000	0.0278579082
1616.9200000000	0.0281095166
1616.9300000000	0.0284485983
1616.9400000000	0.0288105390
1616.9500000000	0.0292005979
1616.9600000000	0.0294126890
1616.9700000000	0.0295314676
1616.9800000000	0.0295621139
1616.9900000000	0.0295403210
1617.0000000000	0.0294643161
1617.0100000000	0.0292576652
1617.0200000000	0.0290152726
1617.0300000000	0.0287847064
1617.0400000000	0.0284993752
1617.0500000000	0.0282534788
1617.0600000000	0.0280756220
1617.0700000000	0.0279159535
1617.0800000000	0.0278086622
1617.0900000000	0.0276977955
1617.1000000000	0.0275722331
1617.1100000000	0.0275442991
1617.1200000000	0.0275819806
1617.1300000000	0.0277218980
1617.1400000000	0.0278027375
1617.1500000000	0.0280304753
1617.1600000000	0.0281864241
1617.1700000000	0.0282959686
1617.1800000000	0.0284020250
1617.1900000000	0.0283577749
1617.2000000000	0.0282863801
1617.2100000000	0.0281839161
1617.2200000000	0.0281068802
1617.2300000000	0.0279441992
1617.2400000000	0.0278881616
1617.2500000000	0.0279651704
1617.2600000000	0.0280418353
1617.2700000000	0.0280603999
1617.2800000000	0.0280838954
1617.2900000000	0.0281833346
1617.3000000000	0.0282590856
1617.3100000000	0.0283471280
1617.3200000000	0.0284859231
1617.3300000000	0.0286433525
1617.3400000000	0.0287716161
1617.3500000000	0.0288891443
1617.3600000000	0.0290052565
1617.3700000000	0.0290703926
1617.3800000000	0.0291916933
1617.3900000000	0.0292470534
1617.4000000000	0.0292197879
1617.4100000000	0.0292228308
1617.4200000000	0.0291847945
1617.4300000000	0.0290814953
1617.4400000000	0.0288919763
1617.4500000000	0.0287669292
1617.4600000000	0.0286519550
1617.4700000000	0.0285749153
1617.4800000000	0.0285827812
1617.4900000000	0.0286407859
1617.5000000000	0.0287125775
1617.5100000000	0.0288284261
1617.5200000000	0.0289705644
1617.5300000000	0.0290905706
1617.5400000000	0.0292188692
1617.5500000000	0.0293398016
1617.5600000000	0.0293833436
1617.5700000000	0.0293234030
1617.5800000000	0.0291603987
1617.5900000000	0.0289500741
1617.6000000000	0.0286996607
1617.6100000000	0.0284295119
1617.6200000000	0.0281401383
1617.6300000000	0.0277974734
1617.6400000000	0.0274540258
1617.6500000000	0.0271460948
1617.6600000000	0.0268965398
1617.6700000000	0.0266776285
1617.6800000000	0.0265020753
1617.6900000000	0.0263054489
1617.7000000000	0.0262368849
1617.7100000000	0.0263714343
1617.7200000000	0.0265288909
1617.7300000000	0.0266766375
1617.7400000000	0.0268253642
1617.7500000000	0.0270692094
1617.7600000000	0.0273425520
1617.7700000000	0.0275288876
1617.7800000000	0.0276452218
1617.7900000000	0.0277485798
1617.8000000000	0.0278540176
1617.8100000000	0.0278287136
1617.8200000000	0.0277839255
1617.8300000000	0.0277221559
1617.8400000000	0.0276061764
1617.8500000000	0.0274952727
1617.8600000000	0.0273770856
1617.8700000000	0.0273259236
1617.8800000000	0.0273601723
1617.8900000000	0.0273523149
1617.9000000000	0.0273095502
1617.9100000000	0.0273364542
1617.9200000000	0.0274199671
1617.9300000000	0.0275496632
1617.9400000000	0.0277480679
1617.9500000000	0.0280151860
1617.9600000000	0.0283246996
1617.9700000000	0.0286205662
1617.9800000000	0.0288908815
1617.9900000000	0.0290545392
1618.0000000000	0.0290653462
1618.0100000000	0.0290077233
1618.0200000000	0.0288504055
1618.0300000000	0.0285651169
1618.0400000000	0.0282752837
1618.0500000000	0.0280359739
1618.0600000000	0.0277587827
1618.0700000000	0.0275463766
1618.0800000000	0.0274452697
1618.0900000000	0.0273277921
1618.1000000000	0.0272278173
1618.1100000000	0.0270599869
1618.1200000000	0.0269877492
1618.1300000000	0.0270096181
1618.1400000000	0.0270235032
1618.1500000000	0.0270818205
1618.1600000000	0.0272043637
1618.1700000000	0.0274140081
1618.1800000000	0.0277097941
1618.1900000000	0.0279447250
1618.2000000000	0.0280703119
1618.2100000000	0.0282062542
1618.2200000000	0.0283400112
1618.2300000000	0.0284112290
1618.2400000000	0.0284537091
1618.2500000000	0.0284394075
1618.2600000000	0.0284751615
1618.2700000000	0.0285180664
1618.2800000000	0.0284537091
1618.2900000000	0.0284717783
1618.3000000000	0.0285309840
1618.3100000000	0.0285377692
1618.3200000000	0.0285014992
1618.3300000000	0.0284660991
1618.3400000000	0.0285001894
1618.3500000000	0.0285482272
1618.3600000000	0.0284675729
1618.3700000000	0.0284901928
1618.3800000000	0.0284515422
1618.3900000000	0.0282417284
1618.4000000000	0.0279685611
1618.4100000000	0.0276660542
1618.4200000000	0.0273053344
1618.4300000000	0.0269421803
1618.4400000000	0.0265105527
1618.4500000000	0.0260691158
1618.4600000000	0.0256936907
1618.4700000000	0.0253326983
1618.4800000000	0.0249968984
1618.4900000000	0.0246795928
1618.5000000000	0.0244688032
1618.5100000000	0.0244330426
1618.5200000000	0.0243815098
1618.5300000000	0.0243262857
1618.5400000000	0.0242907334
1618.5500000000	0.0243007977
1618.5600000000	0.0243578369
1618.5700000000	0.0244506528
1618.5800000000	0.0246233444
1618.5900000000	0.0247897429
1618.6000000000	0.0250302417
1618.6100000000	0.0251520777
1618.6200000000	0.0253310961
1618.6300000000	0.0254145270
1618.6400000000	0.0254145270
1618.6500000000	0.0253461644
1618.6600000000	0.0252180422
1618.6700000000	0.0250990355
1618.6800000000	0.0250359401
1618.6900000000	0.0250212179
1618.7000000000	0.0249612773
1618.7100000000	0.0249139557
1618.7200000000	0.0249319998
1618.7300000000	0.0250131226
1618.7400000000	0.0250927260
1618.7500000000	0.0250812577
1618.7600000000	0.0250771965
1618.7700000000	0.0251389535
1618.7800000000	0.0252075724
1618.7900000000	0.0252960546
1618.8000000000	0.0252375122
1618.8100000000	0.0251420666
1618.8200000000	0.0250049294
1618.8300000000	0.0247101430
1618.8400000000	0.0243695521
1618.8500000000	0.0239303040
1618.8600000000	0.0234141369
1618.8700000000	0.0229196504
1618.8800000000	0.0224901259
1618.8900000000	0.0222266688
1618.9000000000	0.0220881708
1618.9100000000	0.0220015919
1618.9200000000	0.0220338997
1618.9300000000	0.0221300039
1618.9400000000	0.0222852442
1618.9500000000	0.0224128545
1618.9600000000	0.0226453201
1618.9700000000	0.0230109829
1618.9800000000	0.0233852292
1618.9900000000	0.0237737511
1619.0000000000	0.0241765791
1619.0100000000	0.0244896095
1619.0200000000	0.0247803779
1619.0300000000	0.0250084004
1619.0400000000	0.0250751995
1619.0500000000	0.0250064956
1619.0600000000	0.0249171351
1619.0700000000	0.0247835440
1619.0800000000	0.0245571024
1619.0900000000	0.0243241617
1619.1000000000	0.0241407894
1619.1100000000	0.0239567034
1619.1200000000	0.0237491966
1619.1300000000	0.0236336279
1619.1400000000	0.0235910120
1619.1500000000	0.0236365172
1619.1600000000	0.0237309853
1619.1700000000	0.0238435485
1619.1800000000	0.0240957170
1619.1900000000	0.0243678395
1619.2000000000	0.0245602190
1619.2100000000	0.0247117932
1619.2200000000	0.0248104974
1619.2300000000	0.0248236882
1619.2400000000	0.0247145852
1619.2500000000	0.0244192141
1619.2600000000	0.0240590717
1619.2700000000	0.0236744300
1619.2800000000	0.0232527091
1619.2900000000	0.0228401550
1619.3000000000	0.0224440961
1619.3100000000	0.0220507875
1619.3200000000	0.0216910757
1619.3300000000	0.0214239630
1619.3400000000	0.0212416875
1619.3500000000	0.0212073355
1619.3600000000	0.0212311716
1619.3700000000	0.0213019646
1619.3800000000	0.0215291269
1619.3900000000	0.0218053962
1619.4000000000	0.0221271877
1619.4100000000	0.0224479055
1619.4200000000	0.0227793658
1619.4300000000	0.0231605089
1619.4400000000	0.0235762347
1619.4500000000	0.0239001180
1619.4600000000	0.0240938900
1619.4700000000	0.0242053812
1619.4800000000	0.0241907035
1619.4900000000	0.0240322227
1619.5000000000	0.0237326122
1619.5100000000	0.0233550265
1619.5200000000	0.0229350111
1619.5300000000	0.0225223248
1619.5400000000	0.0220995041
1619.5500000000	0.0217819430
1619.5600000000	0.0215307955
1619.5700000000	0.0213288757
1619.5800000000	0.0212669256
1619.5900000000	0.0212436855
1619.6000000000	0.0213197054
1619.6100000000	0.0214559113
1619.6200000000	0.0215739369
1619.6300000000	0.0217807770
1619.6400000000	0.0220285082
1619.6500000000	0.0222081170
1619.6600000000	0.0223710400
1619.6700000000	0.0224804474
1619.6800000000	0.0225349847
1619.6900000000	0.0225703914
1619.7000000000	0.0225898693
1619.7100000000	0.0226365974
1619.7200000000	0.0227461982
1619.7300000000	0.0228228352
1619.7400000000	0.0229017664
1619.7500000000	0.0229022469
1619.7600000000	0.0228759018
1619.7700000000	0.0228759018
1619.7800000000	0.0228759018
1619.7900000000	0.0229277087
1619.8000000000	0.0229996108
1619.8100000000	0.0231222967
1619.8200000000	0.0232649205
1619.8300000000	0.0234336796
1619.8400000000	0.0236099363
1619.8500000000	0.0237616403
1619.8600000000	0.0238055363
1619.8700000000	0.0238292544
1619.8800000000	0.0237971826
1619.8900000000	0.0237500674
1619.9000000000	0.0236992766
1619.9100000000	0.0236473415
1619.9200000000	0.0236267661
1619.9300000000	0.0236001258
1619.9400000000	0.0235170207
1619.9500000000	0.0233984211
1619.9600000000	0.0232320267
1619.9700000000	0.0230302557
1619.9800000000	0.0228526616
1619.9900000000	0.0226738866
1620.0000000000	0.0225054457
1620.0100000000	0.0223580063
1620.0200000000	0.0222396110
1620.0300000000	0.0221512225
1620.0400000000	0.0220216275
1620.0500000000	0.0218874460
1620.0600000000	0.0217944086
1620.0700000000	0.0215675716
1620.0800000000	0.0213285217
1620.0900000000	0.0211175897
1620.1000000000	0.0208814045
1620.1100000000	0.0206576663
1620.1200000000	0.0204640890
1620.1300000000	0.0202811061
1620.1400000000	0.0201504008
1620.1500000000	0.0199859382
1620.1600000000	0.0198910384
1620.1700000000	0.0197720772
1620.1800000000	0.0196345572
1620.1900000000	0.0195193879
1620.2000000000	0.0194575706
1620.2100000000	0.0194434106
1620.2200000000	0.0194639426
1620.2300000000	0.0195396987
1620.2400000000	0.0195864268
1620.2500000000	0.0195660470
1620.2600000000	0.0195918441
1620.2700000000	0.0195599688
1620.2800000000	0.0194514370
1620.2900000000	0.0193191929
1620.3000000000	0.0191267224
1620.3100000000	0.0189078149
1620.3200000000	0.0186037419
1620.3300000000	0.0183999782
1620.3400000000	0.0182461846
1620.3500000000	0.0181600654
1620.3600000000	0.0182234810
1620.3700000000	0.0182606788
1620.3800000000	0.0183937685
1620.3900000000	0.0186320122
1620.4000000000	0.0188498772
1620.4100000000	0.0190663532
1620.4200000000	0.0194112306
1620.4300000000	0.0197362495
1620.4400000000	0.0200495084
1620.4500000000	0.0203646304
1620.4600000000	0.0207670461
1620.4700000000	0.0211288141
1620.4800000000	0.0214738866
1620.4900000000	0.0216853276
1620.5000000000	0.0217819361
1620.5100000000	0.0218269724
1620.5200000000	0.0218390051
1620.5300000000	0.0218630843
1620.5400000000	0.0218256424
1620.5500000000	0.0218281705
1620.5600000000	0.0218139772
1620.5700000000	0.0217526897
1620.5800000000	0.0217571283
1620.5900000000	0.0217167262
1620.6000000000	0.0215879550
1620.6100000000	0.0214080600
1620.6200000000	0.0212494289
1620.6300000000	0.0211649325
1620.6400000000	0.0210917899
1620.6500000000	0.0210881408
1620.6600000000	0.0211238948
1620.6700000000	0.0212304705
1620.6800000000	0.0211954175
1620.6900000000	0.0212662176
1620.7000000000	0.0213016281
1620.7100000000	0.0211996655
1620.7200000000	0.0210202813
1620.7300000000	0.0208021083
1620.7400000000	0.0206222290
1620.7500000000	0.0205098731
1620.7600000000	0.0203035997
1620.7700000000	0.0202675019
1620.7800000000	0.0202328059
1620.7900000000	0.0202300289
1620.8000000000	0.0201670890
1620.8100000000	0.0199678179
1620.8200000000	0.0198803397
1620.8300000000	0.0198724738
1620.8400000000	0.0198081887
1620.8500000000	0.0198331443
1620.8600000000	0.0199017271
1620.8700000000	0.0201359812
1620.8800000000	0.0202940875
1620.8900000000	0.0204784451
1620.9000000000	0.0206613126
1620.9100000000	0.0207413649
1620.9200000000	0.0208789988
1620.9300000000	0.0209578115
1620.9400000000	0.0211238948
1620.9500000000	0.0211607055
1620.9600000000	0.0211961207
1620.9700000000	0.0211912012
1620.9800000000	0.0213702938
1620.9900000000	0.0214670746
1621.0000000000	0.0215405536
1621.0100000000	0.0216137819
1621.0200000000	0.0216602348
1621.0300000000	0.0217133551
1621.0400000000	0.0218266287
1621.0500000000	0.0218951900
1621.0600000000	0.0219806496
1621.0700000000	0.0221179012
1621.0800000000	0.0222378148
1621.0900000000	0.0222762406
1621.1000000000	0.0223467960
1621.1100000000	0.0224489626
1621.1200000000	0.0225197771
1621.1300000000	0.0225891610
1621.1400000000	0.0225544584
1621.1500000000	0.0225898693
1621.1600000000	0.0225898693
1621.1700000000	0.0226252694
1621.1800000000	0.0226606694
1621.1900000000	0.0228001457
1621.2000000000	0.0228778240
1621.2100000000	0.0229163194
1621.2200000000	0.0229550989
1621.2300000000	0.0229736059
1621.2400000000	0.0229565237
1621.2500000000	0.0229576759
1621.2600000000	0.0228433337
1621.2700000000	0.0227247764
1621.2800000000	0.0226424022
1621.2900000000	0.0224228797
1621.3000000000	0.0222023931
1621.3100000000	0.0219862276
1621.3200000000	0.0217752850
1621.3300000000	0.0215431536
1621.3400000000	0.0212906437
1621.3500000000	0.0210970902
1621.3600000000	0.0208337338
1621.3700000000	0.0205084980
1621.3800000000	0.0202822829
1621.3900000000	0.0201476717
1621.4000000000	0.0200472309
1621.4100000000	0.0200154900
1621.4200000000	0.0199952655
1621.4300000000	0.0198724738
1621.4400000000	0.0198624627
1621.4500000000	0.0197860956
1621.4600000000	0.0196704488
1621.4700000000	0.0195149187
1621.4800000000	0.0195226077
1621.4900000000	0.0195299123
1621.5000000000	0.0194791646
1621.5100000000	0.0195090813
1621.5200000000	0.0194879207
1621.5300000000	0.0193589010
1621.5400000000	0.0193003943
1621.5500000000	0.0192660635
1621.5600000000	0.0191948876
1621.5700000000	0.0191573636
1621.5800000000	0.0191573636
1621.5900000000	0.0191573636
1621.6000000000	0.0191889113
1621.6100000000	0.0192288717
1621.6200000000	0.0192288717
1621.6300000000	0.0192689751
1621.6400000000	0.0193695413
1621.6500000000	0.0194343034
1621.6600000000	0.0194005732
1621.6700000000	0.0193825225
1621.6800000000	0.0194434106
1621.6900000000	0.0194264185
1621.7000000000	0.0193003943
1621.7100000000	0.0192860913
1621.7200000000	0.0191501405
1621.7300000000	0.0190701237
1621.7400000000	0.0189271074
1621.7500000000	0.0187752404
1621.7600000000	0.0185629378
1621.7700000000	0.0184212578
1621.7800000000	0.0183022278
1621.7900000000	0.0181721961
1621.8000000000	0.0181204668
1621.8100000000	0.0181622426
1621.8200000000	0.0182435361
1621.8300000000	0.0182964396
1621.8400000000	0.0183974885
1621.8500000000	0.0185509186
1621.8600000000	0.0187109495
1621.8700000000	0.0188648304
1621.8800000000	0.0190460882
1621.8900000000	0.0192418789
1621.9000000000	0.0194296868
1621.9100000000	0.0195287481
1621.9200000000	0.0195625908
1621.9300000000	0.0195661886
1621.9400000000	0.0194985740
1621.9500000000	0.0194170289
1621.9600000000	0.0192837300
1621.9700000000	0.0191840923
1621.9800000000	0.0191181382
1621.9900000000	0.0190782713
1622.0000000000	0.0189728726
1622.0100000000	0.0189041960
1622.0200000000	0.0188648954
1622.0300000000	0.0187933210
1622.0400000000	0.0187246888
1622.0500000000	0.0186885736
1622.0600000000	0.0186394569
1622.0700000000	0.0185037803
1622.0800000000	0.0184118358
1622.0900000000	0.0182893477
1622.1000000000	0.0182634831
1622.1100000000	0.0182096750
1622.1200000000	0.0180807798
1622.1300000000	0.0179739106
1622.1400000000	0.0178544514
1622.1500000000	0.0177103752
1622.1600000000	0.0176060317
1622.1700000000	0.0175549545
1622.1800000000	0.0174973102
1622.1900000000	0.0175077259
1622.2000000000	0.0175483874
1622.2100000000	0.0175904510
1622.2200000000	0.0177222503
1622.2300000000	0.0178975204
1622.2400000000	0.0180370407
1622.2500000000	0.0181071467
1622.2600000000	0.0181982845
1622.2700000000	0.0182992371
1622.2800000000	0.0183411350
1622.2900000000	0.0184851728
1622.3000000000	0.0186286224
1622.3100000000	0.0187935033
1622.3200000000	0.0190038314
1622.3300000000	0.0192147155
1622.3400000000	0.0193992438
1622.3500000000	0.0195156794
1622.3600000000	0.0196447624
1622.3700000000	0.0197336324
1622.3800000000	0.0197855350
1622.3900000000	0.0197326369
1622.4000000000	0.0197255555
1622.4100000000	0.0197652116
1622.4200000000	0.0197963637
1622.4300000000	0.0199128298
1622.4400000000	0.0200302123
1622.4500000000	0.0200937241
1622.4600000000	0.0201723123
1622.4700000000	0.0201535007
1622.4800000000	0.0200869981
1622.4900000000	0.0199943951
1622.5000000000	0.0197705693
1622.5100000000	0.0196080141
1622.5200000000	0.0194730932
1622.5300000000	0.0193213037
1622.5400000000	0.0191314844
1622.5500000000	0.0189994793
1622.5600000000	0.0188840733
1622.5700000000	0.0187028123
1622.5800000000	0.0184982000
1622.5900000000	0.0183602425
1622.6000000000	0.0182493230
1622.6100000000	0.0180798054
1622.6200000000	0.0180078947
1622.6300000000	0.0179074640
1622.6400000000	0.0179416966
1622.6500000000	0.0179477824
1622.6600000000	0.0179691707
1622.6700000000	0.0179215849
1622.6800000000	0.0178355470
1622.6900000000	0.0177113079
1622.7000000000	0.0176057429
1622.7100000000	0.0175075256
1622.7200000000	0.0173411533
1622.7300000000	0.0171784278
1622.7400000000	0.0170660579
1622.7500000000	0.0169748486
1622.7600000000	0.0168289060
1622.7700000000	0.0166837602
1622.7800000000	0.0165786207
1622.7900000000	0.0164688529
1622.8000000000	0.0163131099
1622.8100000000	0.0161749067
1622.8200000000	0.0160717700
1622.8300000000	0.0159821700
1622.8400000000	0.0159393967
1622.8500000000	0.0159264271
1622.8600000000	0.0159281847
1622.8700000000	0.0159867328
1622.8800000000	0.0160109194
1622.8900000000	0.0160109194
1622.9000000000	0.0160207342
1622.9100000000	0.0160466734
1622.9200000000	0.0160365612
1622.9300000000	0.0160003391
1622.9400000000	0.0159415736
1622.9500000000	0.0158435454
1622.9600000000	0.0157530192
1622.9700000000	0.0156389105
1622.9800000000	0.0155818561
1622.9900000000	0.0155623861
1623.0000000000	0.0155271735
1623.0100000000	0.0154919325
1623.0200000000	0.0154565254
1623.0300000000	0.0154567024
1623.0400000000	0.0154745794
1623.0500000000	0.0155292905
1623.0600000000	0.0156183253
1623.0700000000	0.0157228293
1623.0800000000	0.0158596376
1623.0900000000	0.0159537041
1623.1000000000	0.0159751653
1623.1100000000	0.0160085582
1623.1200000000	0.0160915346
1623.1300000000	0.0160969315
1623.1400000000	0.0160007018
1623.1500000000	0.0159143689
1623.1600000000	0.0156748167
1623.1700000000	0.0155282236
1623.1800000000	0.0153458648
1623.1900000000	0.0151313390
1623.2000000000	0.0149134740
1623.2100000000	0.0146718850
1623.2200000000	0.0144963193
1623.2300000000	0.0143486862
1623.2400000000	0.0141675841
1623.2500000000	0.0140801421
1623.2600000000	0.0140801421
1623.2700000000	0.0140801421
1623.2800000000	0.0141408157
1623.2900000000	0.0142386879
1623.3000000000	0.0143065845
1623.3100000000	0.0143986783
1623.3200000000	0.0145041414
1623.3300000000	0.0145976876
1623.3400000000	0.0146164675
1623.3500000000	0.0146336435
1623.3600000000	0.0146357467
1623.3700000000	0.0145849134
1623.3800000000	0.0144997265
1623.3900000000	0.0143672059
1623.4000000000	0.0142461922
1623.4100000000	0.0142002480
1623.4200000000	0.0141516502
1623.4300000000	0.0141332422
1623.4400000000	0.0140980192
1623.4500000000	0.0141339502
1623.4600000000	0.0140801421
1623.4700000000	0.0141061451
1623.4800000000	0.0141874043
1623.4900000000	0.0141964331
1623.5000000000	0.0142510465
1623.5100000000	0.0143402058
1623.5200000000	0.0143778417
1623.5300000000	0.0144153364
1623.5400000000	0.0144677914
1623.5500000000	0.0145259505
1623.5600000000	0.0145991362
1623.5700000000	0.0146909551
1623.5800000000	0.0147237297
1623.5900000000	0.0147440132
1623.6000000000	0.0147976677
1623.6100000000	0.0148846229
1623.6200000000	0.0149382540
1623.6300000000	0.0149707577
1623.6400000000	0.0150928339
1623.6500000000	0.0152903919
1623.6600000000	0.0154897549
1623.6700000000	0.0156800962
1623.6800000000	0.0158672197
1623.6900000000	0.0160601655
1623.7000000000	0.0162760390
1623.7100000000	0.0164294555
1623.7200000000	0.0165269140
1623.7300000000	0.0165970200
1623.7400000000	0.0166734355
1623.7500000000	0.0167617691
1623.7600000000	0.0167561051
1623.7700000000	0.0167260150
1623.7800000000	0.0167152888
1623.7900000000	0.0166599242
1623.8000000000	0.0166785862
1623.8100000000	0.0165992506
1623.8200000000	0.0164909022
1623.8300000000	0.0163741053
1623.8400000000	0.0162517888
1623.8500000000	0.0161807511
1623.8600000000	0.0160824275
1623.8700000000	0.0160824275
1623.8800000000	0.0161083667
1623.8900000000	0.0161787156
1623.9000000000	0.0162611977
1623.9100000000	0.0163211490
1623.9200000000	0.0162849122
1623.9300000000	0.0162232768
1623.9400000000	0.0161279326
1623.9500000000	0.0160567401
1623.9600000000	0.0159513244
1623.9700000000	0.0158210265
1623.9800000000	0.0157150575
1623.9900000000	0.0154816701
1624.0000000000	0.0153483886
1624.0100000000	0.0151375674
1624.0200000000	0.0149495820
1624.0300000000	0.0148270192
1624.0400000000	0.0146713626
1624.0500000000	0.0145993021
1624.0600000000	0.0145709513
1624.0700000000	0.0146611601
1624.0800000000	0.0147237297
1624.0900000000	0.0148488689
1624.1000000000	0.0149561347
1624.1100000000	0.0151645841
1624.1200000000	0.0153311828
1624.1300000000	0.0154312181
1624.1400000000	0.0155236528
1624.1500000000	0.0155818561
1624.1600000000	0.0155298110
1624.1700000000	0.0154574175
1624.1800000000	0.0153873395
1624.1900000000	0.0152800774
1624.2000000000	0.0151549598
1624.2100000000	0.0150111997
1624.2200000000	0.0148856956
1624.2300000000	0.0147609139
1624.2400000000	0.0146354172
1624.2500000000	0.0145456674
1624.2600000000	0.0144916713
1624.2700000000	0.0144734367
1624.2800000000	0.0145169547
1624.2900000000	0.0146555946
1624.3000000000	0.0148480176
1624.3100000000	0.0150371888
1624.3200000000	0.0152888018
1624.3300000000	0.0155686653
1624.3400000000	0.0158342403
1624.3500000000	0.0160333533
1624.3600000000	0.0161686578
1624.3700000000	0.0162485787
1624.3800000000	0.0161469250
1624.3900000000	0.0160764685
1624.4000000000	0.0159932248
1624.4100000000	0.0158287826
1624.4200000000	0.0155755871
1624.4300000000	0.0153625255
1624.4400000000	0.0151786964
1624.4500000000	0.0149758616
1624.4600000000	0.0147405122
1624.4700000000	0.0145484948
1624.4800000000	0.0143686774
1624.4900000000	0.0142617444
1624.5000000000	0.0142195830
1624.5100000000	0.0142946665
1624.5200000000	0.0143279177
1624.5300000000	0.0144579118
1624.5400000000	0.0145807135
1624.5500000000	0.0146025064
1624.5600000000	0.0146429393
1624.5700000000	0.0146008007
1624.5800000000	0.0145387567
1624.5900000000	0.0145042834
1624.6000000000	0.0144609402
1624.6100000000	0.0143535555
1624.6200000000	0.0142133435
1624.6300000000	0.0140711126
1624.6400000000	0.0138861889
1624.6500000000	0.0136409656
1624.6600000000	0.0134993805
1624.6700000000	0.0133875164
1624.6800000000	0.0132533466
1624.6900000000	0.0132275447
1624.7000000000	0.0132511350
1624.7100000000	0.0132138544
1624.7200000000	0.0132197090
1624.7300000000	0.0133075145
1624.7400000000	0.0133123620
1624.7500000000	0.0133296319
1624.7600000000	0.0133829089
1624.7700000000	0.0133653859
1624.7800000000	0.0133467974
1624.7900000000	0.0133473355
1624.8000000000	0.0133292779
1624.8100000000	0.0132745742
1624.8200000000	0.0131667519
1624.8300000000	0.0130789849
1624.8400000000	0.0130102271
1624.8500000000	0.0129106284
1624.8600000000	0.0128005158
1624.8700000000	0.0127571984
1624.8800000000	0.0127467420
1624.8900000000	0.0127551746
1624.9000000000	0.0128903397
1624.9100000000	0.0130275011
1624.9200000000	0.0131808444
1624.9300000000	0.0133972106
1624.9400000000	0.0136117371
1624.9500000000	0.0138256428
1624.9600000000	0.0140270294
1624.9700000000	0.0141684757
1624.9800000000	0.0142982065
1624.9900000000	0.0143374159
1625.0000000000	0.0143953930
1625.0100000000	0.0143755017
1625.0200000000	0.0143650212
1625.0300000000	0.0142809958
1625.0400000000	0.0142332250
1625.0500000000	0.0141754863
1625.0600000000	0.0141404333
1625.0700000000	0.0140944394
1625.0800000000	0.0140656179
1625.0900000000	0.0141262649
1625.1000000000	0.0141620189
1625.1100000000	0.0141874043
1625.1200000000	0.0142221170
1625.1300000000	0.0143531106
1625.1400000000	0.0144626784
1625.1500000000	0.0145909289
1625.1600000000	0.0146556267
1625.1700000000	0.0146948514
1625.1800000000	0.0148313324
1625.1900000000	0.0148653839
1625.2000000000	0.0147627341
1625.2100000000	0.0146894202
1625.2200000000	0.0145109967
1625.2300000000	0.0143304205
1625.2400000000	0.0141107882
1625.2500000000	0.0138597659
1625.2600000000	0.0137182090
1625.2700000000	0.0136387752
1625.2800000000	0.0134966373
1625.2900000000	0.0134045896
1625.3000000000	0.0132729842
1625.3100000000	0.0132340553
1625.3200000000	0.0132577698
1625.3300000000	0.0133409527
1625.3400000000	0.0135306740
1625.3500000000	0.0137194010
1625.3600000000	0.0139242399
1625.3700000000	0.0140811955
1625.3800000000	0.0142160075
1625.3900000000	0.0142444663
1625.4000000000	0.0141938400
1625.4100000000	0.0141368430
1625.4200000000	0.0140858567
1625.4300000000	0.0139728654
1625.4400000000	0.0138026080
1625.4500000000	0.0136214497
1625.4600000000	0.0134171307
1625.4700000000	0.0132037850
1625.4800000000	0.0129654132
1625.4900000000	0.0127674618
1625.5000000000	0.0126320447
1625.5100000000	0.0125320395
1625.5200000000	0.0124613366
1625.5300000000	0.0124123873
1625.5400000000	0.0125185875
1625.5500000000	0.0126247891
1625.5600000000	0.0127343158
1625.5700000000	0.0128708326
1625.5800000000	0.0129388290
1625.5900000000	0.0129747023
1625.6000000000	0.0130030076
1625.6100000000	0.0129717228
1625.6200000000	0.0129504938
1625.6300000000	0.0128322118
1625.6400000000	0.0126993580
1625.6500000000	0.0125805376
1625.6600000000	0.0123975401
1625.6700000000	0.0121698946
1625.6800000000	0.0118615280
1625.6900000000	0.0116169190
1625.7000000000	0.0114142324
1625.7100000000	0.0112669376
1625.7200000000	0.0111086353
1625.7300000000	0.0110766996
1625.7400000000	0.0110819065
1625.7500000000	0.0111867941
1625.7600000000	0.0113291165
1625.7700000000	0.0115415169
1625.7800000000	0.0116477170
1625.7900000000	0.0118240236
1625.8000000000	0.0119316400
1625.8100000000	0.0120378402
1625.8200000000	0.0121100563
1625.8300000000	0.0121808564
1625.8400000000	0.0121178868
1625.8500000000	0.0120117514
1625.8600000000	0.0118365024
1625.8700000000	0.0116916846
1625.8800000000	0.0115742280
1625.8900000000	0.0114157997
1625.9000000000	0.0111968941
1625.9100000000	0.0110618316
1625.9200000000	0.0109765882
1625.9300000000	0.0108692553
1625.9400000000	0.0108979293
1625.9500000000	0.0109047912
1625.9600000000	0.0109479850
1625.9700000000	0.0110340836
1625.9800000000	0.0111932609
1625.9900000000	0.0114077967
1626.0000000000	0.0116218780
1626.0100000000	0.0118061114
1626.0200000000	0.0118919212
1626.0300000000	0.0120131444
1626.0400000000	0.0120472450
1626.0500000000	0.0120815879
1626.0600000000	0.0121094708
1626.0700000000	0.0120427893
1626.0800000000	0.0120778423
1626.0900000000	0.0120077363
1626.1000000000	0.0120063341
1626.1100000000	0.0119390324
1626.1200000000	0.0119348260
1626.1300000000	0.0118703285
1626.1400000000	0.0118317702
1626.1500000000	0.0117967172
1626.1600000000	0.0119199285
1626.1700000000	0.0120703151
1626.1800000000	0.0122547647
1626.1900000000	0.0124777866
1626.2000000000	0.0126967483
1626.2100000000	0.0128841618
1626.2200000000	0.0130789849
1626.2300000000	0.0130789849
1626.2400000000	0.0130888990
1626.2500000000	0.0131505076
1626.2600000000	0.0131412096
1626.2700000000	0.0130695950
1626.2800000000	0.0130074768
1626.2900000000	0.0129973646
1626.3000000000	0.0129198794
1626.3100000000	0.0128135279
1626.3200000000	0.0127153717
1626.3300000000	0.0126478979
1626.3400000000	0.0125804374
1626.3500000000	0.0126111319
1626.3600000000	0.0126457562
1626.3700000000	0.0127104409
1626.3800000000	0.0128672376
1626.3900000000	0.0130126837
1626.4000000000	0.0131826830
1626.4100000000	0.0133048518
1626.4200000000	0.0134110520
1626.4300000000	0.0134365400
1626.4400000000	0.0133812503
1626.4500000000	0.0133940821
1626.4600000000	0.0132496606
1626.4700000000	0.0130653486
1626.4800000000	0.0128776331
1626.4900000000	0.0126894539
1626.5000000000	0.0125373905
1626.5100000000	0.0122770569
1626.5200000000	0.0120645727
1626.5300000000	0.0119173138
1626.5400000000	0.0117815923
1626.5500000000	0.0117084920
1626.5600000000	0.0116557824
1626.5700000000	0.0116845331
1626.5800000000	0.0117199221
1626.5900000000	0.0118650536
1626.6000000000	0.0119955732
1626.6100000000	0.0120999256
1626.6200000000	0.0122114887
1626.6300000000	0.0123335834
1626.6400000000	0.0123601436
1626.6500000000	0.0123281352
1626.6600000000	0.0123274542
1626.6700000000	0.0122934027
1626.6800000000	0.0122223176
1626.6900000000	0.0121157418
1626.7000000000	0.0119366318
1626.7100000000	0.0117224325
1626.7200000000	0.0116161798
1626.7300000000	0.0115443489
1626.7400000000	0.0115078660
1626.7500000000	0.0115057628
1626.7600000000	0.0114342547
1626.7700000000	0.0115468992
1626.7800000000	0.0116237896
1626.7900000000	0.0117154985
1626.8000000000	0.0118538322
1626.8100000000	0.0119923274
1626.8200000000	0.0121916758
1626.8300000000	0.0123256324
1626.8400000000	0.0124325654
1626.8500000000	0.0125069055
1626.8600000000	0.0124747268
1626.8700000000	0.0123687023
1626.8800000000	0.0122472510
1626.8900000000	0.0120740606
1626.9000000000	0.0118820601
1626.9100000000	0.0116110012
1626.9200000000	0.0113748881
1626.9300000000	0.0111374140
1626.9400000000	0.0108675721
1626.9500000000	0.0106619390
1626.9600000000	0.0105172392
1626.9700000000	0.0103451290
1626.9800000000	0.0102628249
1626.9900000000	0.0102234806
1627.0000000000	0.0101881291
1627.0100000000	0.0102722042
1627.0200000000	0.0104663855
1627.0300000000	0.0106497604
1627.0400000000	0.0108079656
1627.0500000000	0.0110272525
1627.0600000000	0.0111843421
1627.0700000000	0.0112171087
1627.0800000000	0.0111798649
1627.0900000000	0.0111314480
1627.1000000000	0.0110126402
1627.1100000000	0.0108737427
1627.1200000000	0.0107538585
1627.1300000000	0.0105719219
1627.1400000000	0.0103675605
1627.1500000000	0.0101917576
1627.1600000000	0.0100237135
1627.1700000000	0.0099110861
1627.1800000000	0.0097948730
1627.1900000000	0.0098252640
1627.2000000000	0.0098480503
1627.2100000000	0.0100194721
1627.2200000000	0.0101628402
1627.2300000000	0.0103332110
1627.2400000000	0.0104418753
1627.2500000000	0.0106160887
1627.2600000000	0.0107559503
1627.2700000000	0.0108611235
1627.2800000000	0.0108621753
1627.2900000000	0.0109336834
1627.3000000000	0.0110059066
1627.3100000000	0.0110763272
1627.3200000000	0.0110372212
1627.3300000000	0.0109560297
1627.3400000000	0.0108070525
1627.3500000000	0.0106575258
1627.3600000000	0.0105057492
1627.3700000000	0.0103760577
1627.3800000000	0.0103130485
1627.3900000000	0.0102900813
1627.4000000000	0.0103405627
1627.4100000000	0.0104685190
1627.4200000000	0.0106055728
1627.4300000000	0.0108267648
1627.4400000000	0.0110745796
1627.4500000000	0.0113423668
1627.4600000000	0.0116155030
1627.4700000000	0.0117649834
1627.4800000000	0.0118990720
1627.4900000000	0.0119053203
1627.5000000000	0.0119245124
1627.5100000000	0.0118484751
1627.5200000000	0.0117135411
1627.5300000000	0.0115786201
1627.5400000000	0.0114103062
1627.5500000000	0.0112401484
1627.5600000000	0.0110925903
1627.5700000000	0.0108818765
1627.5800000000	0.0107307025
1627.5900000000	0.0107191445
1627.6000000000	0.0107191445
1627.6100000000	0.0107191445
1627.6200000000	0.0108189118
1627.6300000000	0.0109261750
1627.6400000000	0.0111436914
1627.6500000000	0.0113706501
1627.6600000000	0.0116310914
1627.6700000000	0.0118367679
1627.6800000000	0.0119118160
1627.6900000000	0.0119985461
1627.7000000000	0.0119242060
1627.7100000000	0.0118145611
1627.7200000000	0.0116630807
1627.7300000000	0.0114447266
1627.7400000000	0.0111961181
1627.7500000000	0.0109857215
1627.7600000000	0.0108013919
1627.7700000000	0.0105619682
1627.7800000000	0.0104105857
1627.7900000000	0.0101640743
1627.8000000000	0.0099599629
1627.8100000000	0.0098210985
1627.8200000000	0.0096822478
1627.8300000000	0.0096128224
1627.8400000000	0.0095753504
1627.8500000000	0.0095392315
1627.8600000000	0.0097201687
1627.8700000000	0.0098284504
1627.8800000000	0.0099368312
1627.8900000000	0.0101484810
1627.9000000000	0.0102185732
1627.9100000000	0.0102189380
1627.9200000000	0.0102565167
1627.9300000000	0.0103258499
1627.9400000000	0.0103302279
1627.9500000000	0.0103943471
1627.9600000000	0.0103713892
1627.9700000000	0.0104398865
1627.9800000000	0.0104688661
1627.9900000000	0.0104786809
1628.0000000000	0.0105138242
1628.0100000000	0.0105579007
1628.0200000000	0.0106444504
1628.0300000000	0.0107863653
1628.0400000000	0.0109293929
1628.0500000000	0.0110960100
1628.0600000000	0.0113541656
1628.0700000000	0.0116230948
1628.0800000000	0.0118251102
1628.0900000000	0.0119941847
1628.1000000000	0.0121234112
1628.1100000000	0.0121893125
1628.1200000000	0.0122138610
1628.1300000000	0.0121408544
1628.1400000000	0.0120371808
1628.1500000000	0.0119670401
1628.1600000000	0.0118892566
1628.1700000000	0.0116452390
1628.1800000000	0.0114682388
1628.1900000000	0.0112912385
1628.2000000000	0.0111850239
1628.2100000000	0.0110451519
1628.2200000000	0.0109035933
1628.2300000000	0.0108299612
1628.2400000000	0.0107199134
1628.2500000000	0.0107583600
1628.2600000000	0.0107967529
1628.2700000000	0.0108416948
1628.2800000000	0.0109175253
1628.2900000000	0.0110103984
1628.3000000000	0.0110451111
1628.3100000000	0.0110701325
1628.3200000000	0.0110012188
1628.3300000000	0.0109694374
1628.3400000000	0.0109542690
1628.3500000000	0.0108303130
1628.3600000000	0.0106276141
1628.3700000000	0.0104699261
1628.3800000000	0.0102310871
1628.3900000000	0.0100442703
1628.4000000000	0.0098099408
1628.4100000000	0.0096437434
1628.4200000000	0.0095749856
1628.4300000000	0.0094718489
1628.4400000000	0.0093997553
1628.4500000000	0.0093629014
1628.4600000000	0.0094263042
1628.4700000000	0.0095296735
1628.4800000000	0.0096036596
1628.4900000000	0.0097716329
1628.5000000000	0.0099488231
1628.5100000000	0.0101274003
1628.5200000000	0.0102486218
1628.5300000000	0.0103608430
1628.5400000000	0.0102900813
1628.5500000000	0.0102852396
1628.5600000000	0.0102353329
1628.5700000000	0.0101157802
1628.5800000000	0.0100040488
1628.5900000000	0.0099625741
1628.6000000000	0.0098199644
1628.6100000000	0.0096879684
1628.6200000000	0.0096007285
1628.6300000000	0.0095337026
1628.6400000000	0.0094205428
1628.6500000000	0.0094338124
1628.6600000000	0.0095171156
1628.6700000000	0.0096060616
1628.6800000000	0.0097841680
1628.6900000000	0.0099846681
1628.7000000000	0.0101791114
1628.7100000000	0.0103529258
1628.7200000000	0.0105542593
1628.7300000000	0.0106907526
1628.7400000000	0.0107958740
1628.7500000000	0.0109000533
1628.7600000000	0.0110051915
1628.7700000000	0.0110051915
1628.7800000000	0.0110409455
1628.7900000000	0.0109701454
1628.8000000000	0.0108972070
1628.8100000000	0.0108242319
1628.8200000000	0.0107205891
1628.8300000000	0.0107473714
1628.8400000000	0.0106043551
1628.8500000000	0.0105516650
1628.8600000000	0.0106419910
1628.8700000000	0.0107727792
1628.8800000000	0.0108883713
1628.8900000000	0.0111625128
1628.9000000000	0.0115029025
1628.9100000000	0.0117728273
1628.9200000000	0.0119917407
1628.9300000000	0.0122004317
1628.9400000000	0.0123609706
1628.9500000000	0.0124246037
1628.9600000000	0.0123907899
1628.9700000000	0.0123284696
1628.9800000000	0.0121544581
1628.9900000000	0.0119497525
1629.0000000000	0.0117366157
1629.0100000000	0.0114575116
1629.0200000000	0.0111457778
1629.0300000000	0.0109027891
1629.0400000000	0.0106176033
1629.0500000000	0.0103995249
1629.0600000000	0.0101495680
1629.0700000000	0.0100762720
1629.0800000000	0.0099693674
1629.0900000000	0.0098975017
1629.1000000000	0.0098259792
1629.1100000000	0.0098252640
1629.1200000000	0.0097895099
1629.1300000000	0.0097828306
1629.1400000000	0.0097435404
1629.1500000000	0.0097053615
1629.1600000000	0.0096559795
1629.1700000000	0.0095421208
1629.1800000000	0.0093897088
1629.1900000000	0.0092245813
1629.2000000000	0.0090172078
1629.2100000000	0.0088741857
1629.2200000000	0.0087454624
1629.2300000000	0.0086394499
1629.2400000000	0.0085481556
1629.2500000000	0.0084904168
1629.2600000000	0.0084554727
1629.2700000000	0.0084308267
1629.2800000000	0.0084568612
1629.2900000000	0.0085759057
1629.3000000000	0.0087605997
1629.3100000000	0.0090043222
1629.3200000000	0.0092724938
1629.3300000000	0.0096454337
1629.3400000000	0.0098982168
1629.3500000000	0.0101656571
1629.3600000000	0.0103319154
1629.3700000000	0.0106351243
1629.3800000000	0.0107999632
1629.3900000000	0.0108771689
1629.4000000000	0.0109694374
1629.4100000000	0.0109994247
1629.4200000000	0.0111018035
1629.4300000000	0.0111339790
1629.4400000000	0.0111124536
1629.4500000000	0.0111281417
1629.4600000000	0.0112138851
1629.4700000000	0.0113077134
1629.4800000000	0.0113269925
1629.4900000000	0.0114006038
1629.5000000000	0.0115618476
1629.5100000000	0.0117429487
1629.5200000000	0.0119907581
1629.5300000000	0.0122523273
1629.5400000000	0.0125118615
1629.5500000000	0.0126971488
1629.5600000000	0.0127830775
1629.5700000000	0.0127653708
1629.5800000000	0.0127800129
1629.5900000000	0.0127018127
1629.6000000000	0.0125492549
1629.6100000000	0.0123123601
1629.6200000000	0.0121346281
1629.6300000000	0.0119239907
1629.6400000000	0.0117049640
1629.6500000000	0.0114468938
1629.6600000000	0.0111644595
1629.6700000000	0.0109510075
1629.6800000000	0.0107669508
1629.6900000000	0.0106008244
1629.7000000000	0.0105535083
1629.7100000000	0.0106118823
1629.7200000000	0.0106426917
1629.7300000000	0.0107825843
1629.7400000000	0.0109740018
1629.7500000000	0.0111099256
1629.7600000000	0.0111651819
1629.7700000000	0.0112526165
1629.7800000000	0.0113443278
1629.7900000000	0.0113269925
1629.8000000000	0.0112354108
1629.8100000000	0.0110872799
1629.8200000000	0.0108847952
1629.8300000000	0.0106707778
1629.8400000000	0.0104797325
1629.8500000000	0.0103044600
1629.8600000000	0.0101113110
1629.8700000000	0.0098652735
1629.8800000000	0.0096500337
1629.8900000000	0.0094751507
1629.9000000000	0.0093278787
1629.9100000000	0.0092564349
1629.9200000000	0.0091509785
1629.9300000000	0.0091248275
1629.9400000000	0.0091986506
1629.9500000000	0.0092853986
1629.9600000000	0.0094103676
1629.9700000000	0.0095817116
1629.9800000000	0.0097976584
1629.9900000000	0.0099630257
1630.0000000000	0.0100945513
1630.0100000000	0.0102268530
1630.0200000000	0.0102900813
1630.0300000000	0.0102235787
1630.0400000000	0.0102049866
1630.0500000000	0.0100855681
1630.0600000000	0.0098932022
1630.0700000000	0.0097365939
1630.0800000000	0.0096157452
1630.0900000000	0.0095084831
1630.1000000000	0.0093790443
1630.1100000000	0.0092812269
1630.1200000000	0.0092111209
1630.1300000000	0.0092022085
1630.1400000000	0.0092374107
1630.1500000000	0.0093688673
1630.1600000000	0.0095977700
1630.1700000000	0.0098443874
1630.1800000000	0.0101260332
1630.1900000000	0.0104415171
1630.2000000000	0.0107076958
1630.2100000000	0.0108867124
1630.2200000000	0.0109981809
1630.2300000000	0.0110133335
1630.2400000000	0.0109828894
1630.2500000000	0.0109787335
1630.2600000000	0.0109074873
1630.2700000000	0.0107825526
1630.2800000000	0.0105622644
1630.2900000000	0.0103273181
1630.3000000000	0.0101186077
1630.3100000000	0.0099173191
1630.3200000000	0.0097103946
1630.3300000000	0.0096023717
1630.3400000000	0.0095268117
1630.3500000000	0.0095767556
1630.3600000000	0.0096350524
1630.3700000000	0.0097427819
1630.3800000000	0.0097895099
1630.3900000000	0.0098137071
1630.4000000000	0.0098997009
1630.4100000000	0.0099578214
1630.4200000000	0.0099170112
1630.4300000000	0.0098458002
1630.4400000000	0.0097498619
1630.4500000000	0.0096929740
1630.4600000000	0.0095831276
1630.4700000000	0.0093955113
1630.4800000000	0.0092101408
1630.4900000000	0.0091017556
1630.5000000000	0.0089685320
1630.5100000000	0.0087519052
1630.5200000000	0.0085848170
1630.5300000000	0.0084389607
1630.5400000000	0.0083203640
1630.5500000000	0.0082877959
1630.5600000000	0.0083275227
1630.5700000000	0.0083795286
1630.5800000000	0.0084568235
1630.5900000000	0.0085685179
1630.6000000000	0.0087069697
1630.6100000000	0.0088058639
1630.6200000000	0.0089108557
1630.6300000000	0.0090498559
1630.6400000000	0.0092242924
1630.6500000000	0.0093432848
1630.6600000000	0.0093907958
1630.6700000000	0.0094588771
1630.6800000000	0.0094677234
1630.6900000000	0.0095016345
1630.7000000000	0.0095384943
1630.7100000000	0.0096422873
1630.7200000000	0.0096801446
1630.7300000000	0.0098140470
1630.7400000000	0.0099220234
1630.7500000000	0.0100857724
1630.7600000000	0.0101691985
1630.7700000000	0.0102373015
1630.7800000000	0.0103564920
1630.7900000000	0.0104695537
1630.8000000000	0.0105945161
1630.8100000000	0.0107105498
1630.8200000000	0.0107940985
1630.8300000000	0.0109211695
1630.8400000000	0.0109864295
1630.8500000000	0.0109508453
1630.8600000000	0.0109150913
1630.8700000000	0.0108404279
1630.8800000000	0.0107906671
1630.8900000000	0.0107486384
1630.9000000000	0.0106534738
1630.9100000000	0.0105652139
1630.9200000000	0.0104899422
1630.9300000000	0.0104146705
1630.9400000000	0.0103104074
1630.9500000000	0.0103197078
1630.9600000000	0.0102958620
1630.9700000000	0.0103501603
1630.9800000000	0.0104517041
1630.9900000000	0.0104988995
1631.0000000000	0.0105646870
1631.0100000000	0.0106962619
1631.0200000000	0.0107792235
1631.0300000000	0.0107906671
1631.0400000000	0.0107637555
1631.0500000000	0.0107548985
1631.0600000000	0.0106844120
1631.0700000000	0.0105579007
1631.0800000000	0.0103509750
1631.0900000000	0.0101687979
1631.1000000000	0.0099651088
1631.1100000000	0.0097552212
1631.1200000000	0.0096172404
1631.1300000000	0.0095082204
1631.1400000000	0.0093539513
1631.1500000000	0.0092655890
1631.1600000000	0.0092055125
1631.1700000000	0.0091816764
1631.1800000000	0.0092315154
1631.1900000000	0.0093347971
1631.2000000000	0.0094817119
1631.2100000000	0.0096037443
1631.2200000000	0.0096464937
1631.2300000000	0.0096479531
1631.2400000000	0.0096779139
1631.2500000000	0.0096056319
1631.2600000000	0.0095360137
1631.2700000000	0.0094907322
1631.2800000000	0.0093547261
1631.2900000000	0.0092860783
1631.3000000000	0.0092424917
1631.3100000000	0.0091098310
1631.3200000000	0.0090761008
1631.3300000000	0.0089462393
1631.3400000000	0.0088413261
1631.3500000000	0.0087670523
1631.3600000000	0.0087526132
1631.3700000000	0.0087526132
1631.3800000000	0.0088248089
1631.3900000000	0.0089986947
1631.4000000000	0.0091854948
1631.4100000000	0.0093814872
1631.4200000000	0.0096124923
1631.4300000000	0.0098778516
1631.4400000000	0.0101197237
1631.4500000000	0.0103311530
1631.4600000000	0.0105060223
1631.4700000000	0.0106538545
1631.4800000000	0.0106966039
1631.4900000000	0.0106320911
1631.5000000000	0.0105265339
1631.5100000000	0.0103553378
1631.5200000000	0.0102329504
1631.5300000000	0.0100916098
1631.5400000000	0.0099115306
1631.5500000000	0.0097690310
1631.5600000000	0.0095374959
1631.5700000000	0.0094130408
1631.5800000000	0.0093087275
1631.5900000000	0.0092602646
1631.6000000000	0.0092251421
1631.6100000000	0.0092174305
1631.6200000000	0.0092719466
1631.6300000000	0.0093417019
1631.6400000000	0.0093604467
1631.6500000000	0.0093361478
1631.6600000000	0.0092549202
1631.6700000000	0.0091947745
1631.6800000000	0.0091591514
1631.6900000000	0.0090790163
1631.7000000000	0.0089278136
1631.7100000000	0.0087467758
1631.7200000000	0.0085886502
1631.7300000000	0.0084432215
1631.7400000000	0.0082982693
1631.7500000000	0.0081485833
1631.7600000000	0.0081371725
1631.7700000000	0.0081143507
1631.7800000000	0.0080442920
1631.7900000000	0.0080721305
1631.8000000000	0.0081462851
1631.8100000000	0.0082268259
1631.8200000000	0.0083803376
1631.8300000000	0.0085521101
1631.8400000000	0.0086979305
1631.8500000000	0.0089040430
1631.8600000000	0.0090473279
1631.8700000000	0.0092531845
1631.8800000000	0.0092549903
1631.8900000000	0.0092867934
1631.9000000000	0.0092531845
1631.9100000000	0.0092531845
1631.9200000000	0.0092531845
1631.9300000000	0.0092201546
1631.9400000000	0.0092490591
1631.9500000000	0.0092837317
1631.9600000000	0.0092597165
1631.9700000000	0.0092250673
1631.9800000000	0.0092174305
1631.9900000000	0.0092174305
1632.0000000000	0.0093272207
1632.0100000000	0.0095256417
1632.0200000000	0.0096862204
1632.0300000000	0.0099132303
1632.0400000000	0.0101936537
1632.0500000000	0.0105085500
1632.0600000000	0.0108021054
1632.0700000000	0.0111000338
1632.0800000000	0.0113695194
1632.0900000000	0.0115659802
1632.1000000000	0.0116480263
1632.1100000000	0.0116137330
1632.1200000000	0.0115429470
1632.1300000000	0.0113680566
1632.1400000000	0.0112587023
1632.1500000000	0.0110854636
1632.1600000000	0.0109434982
1632.1700000000	0.0107380744
1632.1800000000	0.0106234498
1632.1900000000	0.0104265166
1632.2000000000	0.0101883755
1632.2100000000	0.0099725011
1632.2200000000	0.0097919429
1632.2300000000	0.0097006356
1632.2400000000	0.0097071053
1632.2500000000	0.0096712465
1632.2600000000	0.0096464937
1632.2700000000	0.0096895445
1632.2800000000	0.0097620624
1632.2900000000	0.0097668900
1632.3000000000	0.0097075284
1632.3100000000	0.0096822478
1632.3200000000	0.0097051304
1632.3300000000	0.0096273777
1632.3400000000	0.0094848854
1632.3500000000	0.0093615690
1632.3600000000	0.0091999259
1632.3700000000	0.0090137069
1632.3800000000	0.0088554093
1632.3900000000	0.0086785249
1632.4000000000	0.0085231914
1632.4100000000	0.0083755240
1632.4200000000	0.0083593040
1632.4300000000	0.0082264001
1632.4400000000	0.0081827007
1632.4500000000	0.0081133161
1632.4600000000	0.0081429740
1632.4700000000	0.0082140988
1632.4800000000	0.0083578447
1632.4900000000	0.0084665808
1632.5000000000	0.0085765671
1632.5100000000	0.0087127730
1632.5200000000	0.0088502493
1632.5300000000	0.0088598754
1632.5400000000	0.0088901288
1632.5500000000	0.0089563153
1632.5600000000	0.0089671521
1632.5700000000	0.0089671521
1632.5800000000	0.0090624962
1632.5900000000	0.0090744143
1632.6000000000	0.0091049104
1632.6100000000	0.0090803733
1632.6200000000	0.0090744143
1632.6300000000	0.0091879860
1632.6400000000	0.0093281980
1632.6500000000	0.0094422319
1632.6600000000	0.0096009248
1632.6700000000	0.0097857463
1632.6800000000	0.0099739377
1632.6900000000	0.0100979032
1632.7000000000	0.0102769087
1632.7100000000	0.0104530910
1632.7200000000	0.0105964590
1632.7300000000	0.0106748944
1632.7400000000	0.0107450837
1632.7500000000	0.0107548985
1632.7600000000	0.0106655134
1632.7700000000	0.0105888723
1632.7800000000	0.0104019600
1632.7900000000	0.0103332110
1632.8000000000	0.0102427630
1632.8100000000	0.0100836191
1632.8200000000	0.0099872234
1632.8300000000	0.0098915287
1632.8400000000	0.0098112472
1632.8500000000	0.0097169502
1632.8600000000	0.0096352768
1632.8700000000	0.0096337497
1632.8800000000	0.0096464937
1632.8900000000	0.0096910978
1632.9000000000	0.0097618979
1632.9100000000	0.0097685388
1632.9200000000	0.0097929478
1632.9300000000	0.0097884686
1632.9400000000	0.0097365664
1632.9500000000	0.0097358788
1632.9600000000	0.0097122350
1632.9700000000	0.0096348348
1632.9800000000	0.0095842125
1632.9900000000	0.0095200905
1633.0000000000	0.0093658132
1633.0100000000	0.0092412665
1633.0200000000	0.0091058778
1633.0300000000	0.0089605850
1633.0400000000	0.0089891824
1633.0500000000	0.0089733543
1633.0600000000	0.0089971277
1633.0700000000	0.0090029062
1633.0800000000	0.0090029062
1633.0900000000	0.0091669325
1633.1000000000	0.0092823715
1633.1100000000	0.0094207513
1633.1200000000	0.0094639050
1633.1300000000	0.0095613149
1633.1400000000	0.0096359778
1633.1500000000	0.0096762888
1633.1600000000	0.0096822478
1633.1700000000	0.0096535737
1633.1800000000	0.0096464937
1633.1900000000	0.0096464937
1633.2000000000	0.0096721811
1633.2100000000	0.0097554748
1633.2200000000	0.0098360344
1633.2300000000	0.0098374327
1633.2400000000	0.0098993623
1633.2500000000	0.0099067388
1633.2600000000	0.0100044174
1633.2700000000	0.0101530240
1633.2800000000	0.0103597584
1633.2900000000	0.0105210074
1633.3000000000	0.0107648638
1633.3100000000	0.0110093570
1633.3200000000	0.0111617456
1633.3300000000	0.0113311963
1633.3400000000	0.0114196754
1633.3500000000	0.0114633740
1633.3600000000	0.0115896754
1633.3700000000	0.0116439873
1633.3800000000	0.0116805199
1633.3900000000	0.0116542273
1633.4000000000	0.0116487790
1633.4100000000	0.0115949777
1633.4200000000	0.0115268747
1633.4300000000	0.0114578593
1633.4400000000	0.0114113443
1633.4500000000	0.0113543339
1633.4600000000	0.0113269925
1633.4700000000	0.0113068592
1633.4800000000	0.0112534140
1633.4900000000	0.0111843089
1633.5000000000	0.0111482077
1633.5100000000	0.0111810431
1633.5200000000	0.0112197158
1633.5300000000	0.0112018388
1633.5400000000	0.0111653551
1633.5500000000	0.0111885261
1633.5600000000	0.0111753055
1633.5700000000	0.0110518599
1633.5800000000	0.0109272853
1633.5900000000	0.0107910174
1633.6000000000	0.0107280830
1633.6100000000	0.0106649717
1633.6200000000	0.0105932902
1633.6300000000	0.0105189218
1633.6400000000	0.0104141177
1633.6500000000	0.0103013735
1633.6600000000	0.0102900813
1633.6700000000	0.0103233709
1633.6800000000	0.0103258499
1633.6900000000	0.0103587719
1633.7000000000	0.0103944977
1633.7100000000	0.0103660306
1633.7200000000	0.0104513329
1633.7300000000	0.0104688661
1633.7400000000	0.0104688661
1633.7500000000	0.0105474542
1633.7600000000	0.0105500278
1633.7700000000	0.0105920583
1633.7800000000	0.0105346536
1633.7900000000	0.0104273914
1633.8000000000	0.0102943758
1633.8100000000	0.0102028414
1633.8200000000	0.0100541045
1633.8300000000	0.0099509706
1633.8400000000	0.0098772509
1633.8500000000	0.0098325637
1633.8600000000	0.0097957761
1633.8700000000	0.0098204223
1633.8800000000	0.0097925208
1633.8900000000	0.0098580525
1633.9000000000	0.0099682948
1633.9100000000	0.0101452950
1633.9200000000	0.0103948551
1633.9300000000	0.0107127725
1633.9400000000	0.0110345095
1633.9500000000	0.0113157750
1633.9600000000	0.0115961995
1633.9700000000	0.0118792469
1633.9800000000	0.0121272670
1633.9900000000	0.0123318087
1634.0000000000	0.0124480951
1634.0100000000	0.0125740696
1634.0200000000	0.0126375581
1634.0300000000	0.0126280527
1634.0400000000	0.0125516848
1634.0500000000	0.0123881881
1634.0600000000	0.0122361390
1634.0700000000	0.0120948343
1634.0800000000	0.0119001340
1634.0900000000	0.0117217247
1634.1000000000	0.0116314330
1634.1100000000	0.0115429762
1634.1200000000	0.0114700088
1634.1300000000	0.0114889803
1634.1400000000	0.0115451652
1634.1500000000	0.0116207976
1634.1600000000	0.0117226039
1634.1700000000	0.0117836486
1634.1800000000	0.0118829250
1634.1900000000	0.0118990720
1634.2000000000	0.0118990720
1634.2100000000	0.0118672906
1634.2200000000	0.0117990329
1634.2300000000	0.0117280767
1634.2400000000	0.0116884660
1634.2500000000	0.0116215210
1634.2600000000	0.0115500978
1634.2700000000	0.0114205031
1634.2800000000	0.0113110247
1634.2900000000	0.0111798395
1634.3000000000	0.0110947502
1634.3100000000	0.0110253248
1634.3200000000	0.0109558995
1634.3300000000	0.0109336834
1634.3400000000	0.0108659937
1634.3500000000	0.0108044732
1634.3600000000	0.0107265115
1634.3700000000	0.0106207323
1634.3800000000	0.0105555962
1634.3900000000	0.0104786172
1634.4000000000	0.0104121652
1634.4100000000	0.0103551682
1634.4200000000	0.0102619173
1634.4300000000	0.0101486196
1634.4400000000	0.0100848841
1634.4500000000	0.0099574131
1634.4600000000	0.0098033516
1634.4700000000	0.0096899093
1634.4800000000	0.0095794088
1634.4900000000	0.0095049368
1634.5000000000	0.0095034775
1634.5100000000	0.0094333715
1634.5200000000	0.0095006732
1634.5300000000	0.0095371284
1634.5400000000	0.0096710308
1634.5500000000	0.0098435047
1634.5600000000	0.0100840529
1634.5700000000	0.0103297038
1634.5800000000	0.0106387864
1634.5900000000	0.0108903634
1634.6000000000	0.0111012167
1634.6100000000	0.0113599925
1634.6200000000	0.0115597377
1634.6300000000	0.0117327935
1634.6400000000	0.0119063616
1634.6500000000	0.0120580560
1634.6600000000	0.0121969152
1634.6700000000	0.0122150272
1634.6800000000	0.0121635790
1634.6900000000	0.0121493504
1634.7000000000	0.0121033809
1634.7100000000	0.0120308925
1634.7200000000	0.0119348260
1634.7300000000	0.0118990720
1634.7400000000	0.0118745136
1634.7500000000	0.0118633179
1634.7600000000	0.0118365024
1634.7700000000	0.0117995504
1634.7800000000	0.0117626905
1634.7900000000	0.0118124372
1634.8000000000	0.0118541240
1634.8100000000	0.0118633179
1634.8200000000	0.0118395965
1634.8300000000	0.0117806141
1634.8400000000	0.0117088508
1634.8500000000	0.0116368610
1634.8600000000	0.0116369802
1634.8700000000	0.0116257452
1634.8800000000	0.0116348940
1634.8900000000	0.0116900337
1634.9000000000	0.0117980515
1634.9100000000	0.0118633179
1634.9200000000	0.0118633179
1634.9300000000	0.0118470030
1634.9400000000	0.0118581110
1634.9500000000	0.0118990720
1634.9600000000	0.0119493511
1634.9700000000	0.0120245836
1634.9800000000	0.0120618274
1634.9900000000	0.0120778423
1635.0000000000	0.0120778423
1635.0100000000	0.0120568954
1635.0200000000	0.0120209933
1635.0300000000	0.0119609688
1635.0400000000	0.0119094522
1635.0500000000	0.0117868119
1635.0600000000	0.0116951854
1635.0700000000	0.0115602968
1635.0800000000	0.0113548807
1635.0900000000	0.0112012988
1635.1000000000	0.0110895711
1635.1100000000	0.0109495741
1635.1200000000	0.0108372558
1635.1300000000	0.0107298722
1635.1400000000	0.0106541371
1635.1500000000	0.0105838399
1635.1600000000	0.0106073254
1635.1700000000	0.0106118823
1635.1800000000	0.0107012675
1635.1900000000	0.0108871325
1635.2000000000	0.0110910012
1635.2100000000	0.0112939322
1635.2200000000	0.0115200644
1635.2300000000	0.0117657037
1635.2400000000	0.0119281000
1635.2500000000	0.0121207559
1635.2600000000	0.0122637779
1635.2700000000	0.0123965192
1635.2800000000	0.0125305101
1635.2900000000	0.0126346558
1635.3000000000	0.0127388007
1635.3100000000	0.0127929525
1635.3200000000	0.0128110101
1635.3300000000	0.0128287065
1635.3400000000	0.0128095655
1635.3500000000	0.0127531438
1635.3600000000	0.0127214444
1635.3700000000	0.0127649390
1635.3800000000	0.0127929525
1635.3900000000	0.0128378203
1635.4000000000	0.0128429387
1635.4100000000	0.0128493878
1635.4200000000	0.0129044210
1635.4300000000	0.0129558321
1635.4400000000	0.0129919473
1635.4500000000	0.0130686162
1635.4600000000	0.0131147390
1635.4700000000	0.0131147390
1635.4800000000	0.0130956470
1635.4900000000	0.0130060747
1635.5000000000	0.0129359687
1635.5100000000	0.0128865440
1635.5200000000	0.0128444804
1635.5300000000	0.0128192422
1635.5400000000	0.0127140774
1635.5500000000	0.0125808916
1635.5600000000	0.0124307954
1635.5700000000	0.0122712809
1635.5800000000	0.0120481062
1635.5900000000	0.0118962117
1635.6000000000	0.0117760728
1635.6100000000	0.0116845331
1635.6200000000	0.0116716616
1635.6300000000	0.0116347883
1635.6400000000	0.0115788254
1635.6500000000	0.0115415169
1635.6600000000	0.0114948811
1635.6700000000	0.0114700088
1635.6800000000	0.0113995522
1635.6900000000	0.0112937165
1635.7000000000	0.0112554844
1635.7100000000	0.0112322533
1635.7200000000	0.0111224058
1635.7300000000	0.0110515258
1635.7400000000	0.0110147750
1635.7500000000	0.0110313875
1635.7600000000	0.0110931465
1635.7700000000	0.0111124536
1635.7800000000	0.0111639395
1635.7900000000	0.0112082475
1635.8000000000	0.0113310347
1635.8100000000	0.0114592151
1635.8200000000	0.0115977018
1635.8300000000	0.0118036045
1635.8400000000	0.0120146652
1635.8500000000	0.0122031611
1635.8600000000	0.0124114456
1635.8700000000	0.0126081550
1635.8800000000	0.0127979085
1635.8900000000	0.0129979188
1635.9000000000	0.0131508519
1635.9100000000	0.0132585069
1635.9200000000	0.0133963167
1635.9300000000	0.0135670299
1635.9400000000	0.0136669287
1635.9500000000	0.0137200590
1635.9600000000	0.0137074186
1635.9700000000	0.0136510789
1635.9800000000	0.0136156788
1635.9900000000	0.0135616792
1636.0000000000	0.0135799248
1636.0100000000	0.0136335594
1636.0200000000	0.0136875481
1636.0300000000	0.0138342272
1636.0400000000	0.0139945345
1636.0500000000	0.0141625888
1636.0600000000	0.0143398105
1636.0700000000	0.0144781149
1636.0800000000	0.0146124122
1636.0900000000	0.0147324996
1636.1000000000	0.0148721428
1636.1100000000	0.0149986541
1636.1200000000	0.0149740081
1636.1300000000	0.0149648943
1636.1400000000	0.0149299230
1636.1500000000	0.0148799749
1636.1600000000	0.0147877295
1636.1700000000	0.0147294503
1636.1800000000	0.0145939394
1636.1900000000	0.0144704880
1636.2000000000	0.0142953961
1636.2100000000	0.0141203155
1636.2200000000	0.0138736297
1636.2300000000	0.0136864443
1636.2400000000	0.0135853315
1636.2500000000	0.0134553782
1636.2600000000	0.0133854079
1636.2700000000	0.0133791168
1636.2800000000	0.0133430016
1636.2900000000	0.0132397121
1636.3000000000	0.0132317668
1636.3100000000	0.0132577698
1636.3200000000	0.0132828345
1636.3300000000	0.0133464100
1636.3400000000	0.0135032564
1636.3500000000	0.0135172420
1636.3600000000	0.0135080481
1636.3700000000	0.0135785443
1636.3800000000	0.0136813323
1636.3900000000	0.0137225870
1636.4000000000	0.0137414954
1636.4100000000	0.0138104399
1636.4200000000	0.0138972318
1636.4300000000	0.0139521281
1636.4400000000	0.0140329383
1636.4500000000	0.0141459296
1636.4600000000	0.0142174377
1636.4700000000	0.0143481206
1636.4800000000	0.0145596730
1636.4900000000	0.0147293937
1636.5000000000	0.0148894074
1636.5100000000	0.0151158978
1636.5200000000	0.0152897233
1636.5300000000	0.0154045928
1636.5400000000	0.0155225136
1636.5500000000	0.0156038864
1636.5600000000	0.0156402301
1636.5700000000	0.0156533642
1636.5800000000	0.0157237889
1636.5900000000	0.0157138983
1636.6000000000	0.0156663339
1636.6100000000	0.0156310622
1636.6200000000	0.0155956622
1636.6300000000	0.0155818561
1636.6400000000	0.0155818561
1636.6500000000	0.0156964080
1636.6600000000	0.0158685828
1636.6700000000	0.0160055147
1636.6800000000	0.0161409960
1636.6900000000	0.0163030863
1636.7000000000	0.0164849305
1636.7100000000	0.0166418878
1636.7200000000	0.0168248682
1636.7300000000	0.0169217919
1636.7400000000	0.0170166189
1636.7500000000	0.0171476442
1636.7600000000	0.0171051642
1636.7700000000	0.0170410901
1636.7800000000	0.0169865714
1636.7900000000	0.0168367004
1636.8000000000	0.0166290226
1636.8100000000	0.0163627645
1636.8200000000	0.0160974764
1636.8300000000	0.0158490707
1636.8400000000	0.0155724403
1636.8500000000	0.0152901638
1636.8600000000	0.0150850400
1636.8700000000	0.0149460420
1636.8800000000	0.0149025000
1636.8900000000	0.0149025000
1636.9000000000	0.0149619721
1636.9100000000	0.0150298364
1636.9200000000	0.0151072878
1636.9300000000	0.0152162746
1636.9400000000	0.0153250625
1636.9500000000	0.0154308414
1636.9600000000	0.0155349877
1636.9700000000	0.0156396936
1636.9800000000	0.0157259137
1636.9900000000	0.0157779827
1637.0000000000	0.0157474356
1637.0100000000	0.0156582717
1637.0200000000	0.0155155490
1637.0300000000	0.0152828077
1637.0400000000	0.0150372184
1637.0500000000	0.0147787909
1637.0600000000	0.0145337577
1637.0700000000	0.0142895587
1637.0800000000	0.0141392458
1637.0900000000	0.0140633528
1637.1000000000	0.0140093491
1637.1100000000	0.0139914873
1637.1200000000	0.0140683405
1637.1300000000	0.0142432700
1637.1400000000	0.0144878212
1637.1500000000	0.0147619618
1637.1600000000	0.0150469555
1637.1700000000	0.0153089072
1637.1800000000	0.0155360854
1637.1900000000	0.0158151425
1637.2000000000	0.0161318463
1637.2100000000	0.0164491805
1637.2200000000	0.0167472551
1637.2300000000	0.0169289800
1637.2400000000	0.0169957780
1637.2500000000	0.0170120620
1637.2600000000	0.0170120620
1637.2700000000	0.0169776572
1637.2800000000	0.0169405539
1637.2900000000	0.0169541745
1637.3000000000	0.0170358981
1637.3100000000	0.0171975583
1637.3200000000	0.0173391627
1637.3300000000	0.0174911809
1637.3400000000	0.0176793676
1637.3500000000	0.0178822138
1637.3600000000	0.0180684288
1637.3700000000	0.0182985327
1637.3800000000	0.0185647521
1637.3900000000	0.0187622149
1637.4000000000	0.0189187600
1637.4100000000	0.0190501014
1637.4200000000	0.0190387914
1637.4300000000	0.0189900198
1637.4400000000	0.0188499470
1637.4500000000	0.0186062942
1637.4600000000	0.0183077231
1637.4700000000	0.0179238130
1637.4800000000	0.0175678510
1637.4900000000	0.0172280165
1637.5000000000	0.0169691507
1637.5100000000	0.0167566614
1637.5200000000	0.0166355354
1637.5300000000	0.0166198363
1637.5400000000	0.0166366299
1637.5500000000	0.0167814338
1637.5600000000	0.0169602115
1637.5700000000	0.0171207543
1637.5800000000	0.0172455360
1637.5900000000	0.0173517328
1637.6000000000	0.0174912510
1637.6100000000	0.0176340555
1637.6200000000	0.0177397768
1637.6300000000	0.0178628837
1637.6400000000	0.0179584791
1637.6500000000	0.0179601153
1637.6600000000	0.0178523042
1637.6700000000	0.0176535043
1637.6800000000	0.0174025034
1637.6900000000	0.0171346984
1637.7000000000	0.0168114743
1637.7100000000	0.0165023541
1637.7200000000	0.0162307688
1637.7300000000	0.0159504320
1637.7400000000	0.0156841736
1637.7500000000	0.0155910601
1637.7600000000	0.0155299777
1637.7700000000	0.0156632763
1637.7800000000	0.0159008209
1637.7900000000	0.0162254437
1637.8000000000	0.0165329388
1637.8100000000	0.0168690414
1637.8200000000	0.0172015585
1637.8300000000	0.0175706850
1637.8400000000	0.0179134464
1637.8500000000	0.0182086130
1637.8600000000	0.0184937491
1637.8700000000	0.0186988951
1637.8800000000	0.0188669400
1637.8900000000	0.0188877045
1637.9000000000	0.0188031894
1637.9100000000	0.0187190043
1637.9200000000	0.0186419242
1637.9300000000	0.0186210382
1637.9400000000	0.0186063790
1637.9500000000	0.0186283993
1637.9600000000	0.0187198876
1637.9700000000	0.0187899989
1637.9800000000	0.0189337255
1637.9900000000	0.0192345822
1638.0000000000	0.0195472495
