1460.0000000000	0.1341268618
1460.0100000000	0.1343013952
1460.0200000000	0.1349910004
1460.0300000000	0.1357454937
1460.0400000000	0.1359633134
1460.0500000000	0.1356343002
1460.0600000000	0.1360696114
1460.0700000000	0.1371734711
1460.0800000000	0.1371035830
1460.0900000000	0.1359423275
1460.1000000000	0.1355101645
1460.1100000000	0.1364021190
1460.1200000000	0.1372570467
1460.1300000000	0.1370255774
1460.1400000000	0.1364700613
1460.1500000000	0.1370862744
1460.1600000000	0.1373049751
1460.1700000000	0.1358462447
1460.1800000000	0.1353144929
1460.1900000000	0.1353891217
1460.2000000000	0.1344495079
1460.2100000000	0.1338587985
1460.2200000000	0.1342304235
1460.2300000000	0.1345259822
1460.2400000000	0.1337419121
1460.2500000000	0.1332829022
1460.2600000000	0.1334722711
1460.2700000000	0.1326749013
1460.2800000000	0.1317821766
1460.2900000000	0.1322276138
1460.3000000000	0.1322935756
1460.3100000000	0.1314211640
1460.3200000000	0.1308118226
1460.3300000000	0.1312494667
1460.3400000000	0.1312082257
1460.3500000000	0.1310459400
1460.3600000000	0.1317014556
1460.3700000000	0.1314921810
1460.3800000000	0.1315358386
1460.3900000000	0.1316533230
1460.4000000000	0.1320838459
1460.4100000000	0.1329412507
1460.4200000000	0.1330018264
1460.4300000000	0.1331623433
1460.4400000000	0.1329660687
1460.4500000000	0.1327587509
1460.4600000000	0.1317258029
1460.4700000000	0.1328551881
1460.4800000000	0.1340744726
1460.4900000000	0.1349246539
1460.5000000000	0.1349308054
1460.5100000000	0.1351574951
1460.5200000000	0.1350179073
1460.5300000000	0.1354832260
1460.5400000000	0.1350171910
1460.5500000000	0.1345623261
1460.5600000000	0.1345458805
1460.5700000000	0.1354498251
1460.5800000000	0.1359012394
1460.5900000000	0.1366792793
1460.6000000000	0.1364145310
1460.6100000000	0.1372055539
1460.6200000000	0.1372276980
1460.6300000000	0.1367011846
1460.6400000000	0.1366186758
1460.6500000000	0.1371627280
1460.6600000000	0.1372570789
1460.6700000000	0.1361726318
1460.6800000000	0.1364268531
1460.6900000000	0.1371236589
1460.7000000000	0.1362802244
1460.7100000000	0.1361661416
1460.7200000000	0.1364328212
1460.7300000000	0.1351352063
1460.7400000000	0.1346766520
1460.7500000000	0.1353503536
1460.7600000000	0.1356022591
1460.7700000000	0.1348903320
1460.7800000000	0.1345163814
1460.7900000000	0.1353094032
1460.8000000000	0.1352349572
1460.8100000000	0.1335864174
1460.8200000000	0.1331939061
1460.8300000000	0.1332524824
1460.8400000000	0.1329017046
1460.8500000000	0.1330040477
1460.8600000000	0.1326654331
1460.8700000000	0.1339281937
1460.8800000000	0.1335644082
1460.8900000000	0.1336699952
1460.9000000000	0.1337872637
1460.9100000000	0.1335888982
1460.9200000000	0.1325470639
1460.9300000000	0.1325141187
1460.9400000000	0.1338835282
1460.9500000000	0.1342210700
1460.9600000000	0.1340343933
1460.9700000000	0.1343188063
1460.9800000000	0.1339207619
1460.9900000000	0.1343723060
1461.0000000000	0.1340163712
1461.0100000000	0.1333473062
1461.0200000000	0.1327442082
1461.0300000000	0.1326373719
1461.0400000000	0.1334127786
1461.0500000000	0.1337353210
1461.0600000000	0.1338074334
1461.0700000000	0.1320577153
1461.0800000000	0.1312114436
1461.0900000000	0.1312385314
1461.1000000000	0.1314419121
1461.1100000000	0.1314425976
1461.1200000000	0.1307842078
1461.1300000000	0.1297784025
1461.1400000000	0.1301437331
1461.1500000000	0.1298526981
1461.1600000000	0.1292818126
1461.1700000000	0.1283740676
1461.1800000000	0.1275133961
1461.1900000000	0.1265189517
1461.2000000000	0.1258507727
1461.2100000000	0.1271644905
1461.2200000000	0.1273628910
1461.2300000000	0.1264228527
1461.2400000000	0.1259356865
1461.2500000000	0.1264372856
1461.2600000000	0.1269976994
1461.2700000000	0.1266147255
1461.2800000000	0.1258230323
1461.2900000000	0.1265308401
1461.3000000000	0.1283138641
1461.3100000000	0.1286960250
1461.3200000000	0.1279732067
1461.3300000000	0.1287538202
1461.3400000000	0.1283611651
1461.3500000000	0.1286630369
1461.3600000000	0.1287111954
1461.3700000000	0.1278106120
1461.3800000000	0.1294313615
1461.3900000000	0.1296597440
1461.4000000000	0.1291016726
1461.4100000000	0.1288184721
1461.4200000000	0.1298700906
1461.4300000000	0.1307671116
1461.4400000000	0.1313424888
1461.4500000000	0.1299489792
1461.4600000000	0.1306840380
1461.4700000000	0.1313491375
1461.4800000000	0.1311505039
1461.4900000000	0.1322231514
1461.5000000000	0.1321834279
1461.5100000000	0.1325602646
1461.5200000000	0.1332418760
1461.5300000000	0.1337375031
1461.5400000000	0.1333863688
1461.5500000000	0.1330805467
1461.5600000000	0.1335172015
1461.5700000000	0.1343074193
1461.5800000000	0.1347389982
1461.5900000000	0.1348837003
1461.6000000000	0.1361687950
1461.6100000000	0.1359371346
1461.6200000000	0.1353974221
1461.6300000000	0.1354399705
1461.6400000000	0.1359777240
1461.6500000000	0.1356119465
1461.6600000000	0.1356451477
1461.6700000000	0.1361596998
1461.6800000000	0.1369929778
1461.6900000000	0.1369706394
1461.7000000000	0.1361121609
1461.7100000000	0.1364650393
1461.7200000000	0.1373231693
1461.7300000000	0.1363567220
1461.7400000000	0.1348050760
1461.7500000000	0.1363360791
1461.7600000000	0.1375309282
1461.7700000000	0.1379684680
1461.7800000000	0.1361234498
1461.7900000000	0.1363396960
1461.8000000000	0.1365115908
1461.8100000000	0.1365155622
1461.8200000000	0.1356399509
1461.8300000000	0.1335978468
1461.8400000000	0.1351678724
1461.8500000000	0.1362144509
1461.8600000000	0.1352782225
1461.8700000000	0.1345550141
1461.8800000000	0.1351027889
1461.8900000000	0.1343433477
1461.9000000000	0.1330863319
1461.9100000000	0.1329494776
1461.9200000000	0.1337212927
1461.9300000000	0.1340851595
1461.9400000000	0.1343037250
1461.9500000000	0.1342448832
1461.9600000000	0.1337997829
1461.9700000000	0.1335637800
1461.9800000000	0.1330464992
1461.9900000000	0.1321165947
1462.0000000000	0.1313653807
1462.0100000000	0.1317763950
1462.0200000000	0.1315995067
1462.0300000000	0.1314859359
1462.0400000000	0.1311707927
1462.0500000000	0.1311128164
1462.0600000000	0.1307930920
1462.0700000000	0.1299637456
1462.0800000000	0.1305263351
1462.0900000000	0.1321467348
1462.1000000000	0.1317044193
1462.1100000000	0.1312582308
1462.1200000000	0.1316930382
1462.1300000000	0.1320700719
1462.1400000000	0.1326574924
1462.1500000000	0.1325973341
1462.1600000000	0.1323747979
1462.1700000000	0.1327699487
1462.1800000000	0.1338110787
1462.1900000000	0.1339047114
1462.2000000000	0.1332908529
1462.2100000000	0.1334359783
1462.2200000000	0.1343142341
1462.2300000000	0.1343966368
1462.2400000000	0.1335426120
1462.2500000000	0.1335727965
1462.2600000000	0.1339544230
1462.2700000000	0.1339592563
1462.2800000000	0.1330411910
1462.2900000000	0.1326399356
1462.3000000000	0.1334457799
1462.3100000000	0.1335397006
1462.3200000000	0.1327297612
1462.3300000000	0.1325121278
1462.3400000000	0.1330435261
1462.3500000000	0.1334814942
1462.3600000000	0.1333728202
1462.3700000000	0.1328417992
1462.3800000000	0.1328909810
1462.3900000000	0.1326493743
1462.4000000000	0.1329984918
1462.4100000000	0.1326406022
1462.4200000000	0.1330195197
1462.4300000000	0.1325697976
1462.4400000000	0.1319966977
1462.4500000000	0.1327954825
1462.4600000000	0.1337169087
1462.4700000000	0.1333874543
1462.4800000000	0.1325597563
1462.4900000000	0.1324749735
1462.5000000000	0.1326009127
1462.5100000000	0.1323203329
1462.5200000000	0.1323599810
1462.5300000000	0.1324389299
1462.5400000000	0.1329118743
1462.5500000000	0.1332878601
1462.5600000000	0.1334970593
1462.5700000000	0.1330825435
1462.5800000000	0.1334075279
1462.5900000000	0.1345732708
1462.6000000000	0.1343394739
1462.6100000000	0.1338726739
1462.6200000000	0.1342603896
1462.6300000000	0.1354667368
1462.6400000000	0.1366606340
1462.6500000000	0.1366079814
1462.6600000000	0.1353953064
1462.6700000000	0.1364962160
1462.6800000000	0.1376503140
1462.6900000000	0.1376592479
1462.7000000000	0.1376205336
1462.7100000000	0.1381339695
1462.7200000000	0.1387096087
1462.7300000000	0.1389762469
1462.7400000000	0.1380688295
1462.7500000000	0.1382468413
1462.7600000000	0.1390426613
1462.7700000000	0.1388146832
1462.7800000000	0.1384627747
1462.7900000000	0.1379274700
1462.8000000000	0.1374960734
1462.8100000000	0.1369465374
1462.8200000000	0.1363338060
1462.8300000000	0.1375183021
1462.8400000000	0.1369299385
1462.8500000000	0.1366113092
1462.8600000000	0.1357885397
1462.8700000000	0.1352445281
1462.8800000000	0.1352146225
1462.8900000000	0.1349588731
1462.9000000000	0.1341032250
1462.9100000000	0.1337083064
1462.9200000000	0.1342138009
1462.9300000000	0.1340777844
1462.9400000000	0.1333815948
1462.9500000000	0.1332801891
1462.9600000000	0.1332777428
1462.9700000000	0.1329033118
1462.9800000000	0.1320464350
1462.9900000000	0.1326919300
1463.0000000000	0.1328301133
1463.0100000000	0.1330999655
1463.0200000000	0.1329226486
1463.0300000000	0.1320124606
1463.0400000000	0.1329299139
1463.0500000000	0.1336788575
1463.0600000000	0.1332929699
1463.0700000000	0.1330670753
1463.0800000000	0.1334697517
1463.0900000000	0.1347236650
1463.1000000000	0.1348741802
1463.1100000000	0.1345162995
1463.1200000000	0.1348599958
1463.1300000000	0.1353769859
1463.1400000000	0.1363025022
1463.1500000000	0.1369560594
1463.1600000000	0.1361993918
1463.1700000000	0.1362328149
1463.1800000000	0.1373871982
1463.1900000000	0.1381041075
1463.2000000000	0.1365471101
1463.2100000000	0.1360030702
1463.2200000000	0.1370625874
1463.2300000000	0.1373331554
1463.2400000000	0.1355861966
1463.2500000000	0.1360965849
1463.2600000000	0.1374041622
1463.2700000000	0.1381186815
1463.2800000000	0.1373025405
1463.2900000000	0.1377553034
1463.3000000000	0.1372465156
1463.3100000000	0.1369830204
1463.3200000000	0.1364271680
1463.3300000000	0.1363313047
1463.3400000000	0.1364967843
1463.3500000000	0.1360812330
1463.3600000000	0.1358010235
1463.3700000000	0.1362947934
1463.3800000000	0.1363244168
1463.3900000000	0.1350451032
1463.4000000000	0.1342836951
1463.4100000000	0.1346613011
1463.4200000000	0.1351601856
1463.4300000000	0.1351270175
1463.4400000000	0.1348485413
1463.4500000000	0.1348485353
1463.4600000000	0.1356404582
1463.4700000000	0.1362324059
1463.4800000000	0.1360993184
1463.4900000000	0.1355148384
1463.5000000000	0.1348610741
1463.5100000000	0.1359938228
1463.5200000000	0.1368245992
1463.5300000000	0.1356597322
1463.5400000000	0.1363306893
1463.5500000000	0.1381623555
1463.5600000000	0.1384239705
1463.5700000000	0.1369518899
1463.5800000000	0.1375972487
1463.5900000000	0.1378785969
1463.6000000000	0.1385610376
1463.6100000000	0.1379519268
1463.6200000000	0.1382043744
1463.6300000000	0.1386849078
1463.6400000000	0.1394457625
1463.6500000000	0.1396410153
1463.6600000000	0.1385449101
1463.6700000000	0.1372010294
1463.6800000000	0.1376743177
1463.6900000000	0.1380775648
1463.7000000000	0.1362241067
1463.7100000000	0.1356066320
1463.7200000000	0.1359765670
1463.7300000000	0.1353662603
1463.7400000000	0.1341891115
1463.7500000000	0.1321102672
1463.7600000000	0.1307134849
1463.7700000000	0.1296913536
1463.7800000000	0.1290687360
1463.7900000000	0.1267676604
1463.8000000000	0.1257282855
1463.8100000000	0.1254302023
1463.8200000000	0.1252815789
1463.8300000000	0.1235266827
1463.8400000000	0.1230691613
1463.8500000000	0.1216358636
1463.8600000000	0.1199875831
1463.8700000000	0.1200209981
1463.8800000000	0.1207528126
1463.8900000000	0.1214037641
1463.9000000000	0.1212713306
1463.9100000000	0.1218286803
1463.9200000000	0.1237290477
1463.9300000000	0.1250072317
1463.9400000000	0.1247155364
1463.9500000000	0.1242775349
1463.9600000000	0.1251952554
1463.9700000000	0.1270117791
1463.9800000000	0.1273669583
1463.9900000000	0.1284966665
1464.0000000000	0.1297988975
1464.0100000000	0.1316364214
1464.0200000000	0.1328478506
1464.0300000000	0.1315615299
1464.0400000000	0.1327556946
1464.0500000000	0.1336755988
1464.0600000000	0.1341206295
1464.0700000000	0.1340925300
1464.0800000000	0.1341617485
1464.0900000000	0.1349559602
1464.1000000000	0.1367973611
1464.1100000000	0.1373427513
1464.1200000000	0.1363868563
1464.1300000000	0.1357658793
1464.1400000000	0.1364919282
1464.1500000000	0.1377317097
1464.1600000000	0.1377428794
1464.1700000000	0.1372679930
1464.1800000000	0.1380031948
1464.1900000000	0.1390358445
1464.2000000000	0.1393251601
1464.2100000000	0.1386833051
1464.2200000000	0.1382010637
1464.2300000000	0.1381178513
1464.2400000000	0.1374446719
1464.2500000000	0.1367131131
1464.2600000000	0.1370775168
1464.2700000000	0.1365619487
1464.2800000000	0.1355822130
1464.2900000000	0.1343126083
1464.3000000000	0.1333121781
1464.3100000000	0.1321186667
1464.3200000000	0.1308864922
1464.3300000000	0.1302325670
1464.3400000000	0.1299973409
1464.3500000000	0.1298007259
1464.3600000000	0.1295008155
1464.3700000000	0.1285317467
1464.3800000000	0.1278821688
1464.3900000000	0.1277380663
1464.4000000000	0.1268787334
1464.4100000000	0.1253524088
1464.4200000000	0.1258464366
1464.4300000000	0.1264532926
1464.4400000000	0.1267011029
1464.4500000000	0.1264433853
1464.4600000000	0.1265944056
1464.4700000000	0.1277323863
1464.4800000000	0.1282731901
1464.4900000000	0.1272422390
1464.5000000000	0.1275081604
1464.5100000000	0.1280928315
1464.5200000000	0.1296092390
1464.5300000000	0.1310464914
1464.5400000000	0.1312643959
1464.5500000000	0.1313865786
1464.5600000000	0.1324462299
1464.5700000000	0.1331660131
1464.5800000000	0.1331216889
1464.5900000000	0.1329255368
1464.6000000000	0.1332372496
1464.6100000000	0.1343132841
1464.6200000000	0.1351092720
1464.6300000000	0.1349866008
1464.6400000000	0.1357016935
1464.6500000000	0.1370228051
1464.6600000000	0.1376839221
1464.6700000000	0.1367593597
1464.6800000000	0.1351673402
1464.6900000000	0.1354042680
1464.7000000000	0.1364700729
1464.7100000000	0.1359063583
1464.7200000000	0.1360242716
1464.7300000000	0.1366130891
1464.7400000000	0.1363550492
1464.7500000000	0.1358600472
1464.7600000000	0.1346608525
1464.7700000000	0.1343959038
1464.7800000000	0.1337947964
1464.7900000000	0.1335477071
1464.8000000000	0.1331505119
1464.8100000000	0.1334096363
1464.8200000000	0.1330563165
1464.8300000000	0.1322037276
1464.8400000000	0.1319420873
1464.8500000000	0.1326735977
1464.8600000000	0.1325727499
1464.8700000000	0.1313334851
1464.8800000000	0.1309766757
1464.8900000000	0.1315438796
1464.9000000000	0.1316912738
1464.9100000000	0.1311075024
1464.9200000000	0.1306584195
1464.9300000000	0.1311189489
1464.9400000000	0.1320597770
1464.9500000000	0.1319071938
1464.9600000000	0.1307116327
1464.9700000000	0.1315436766
1464.9800000000	0.1320627993
1464.9900000000	0.1313648680
1465.0000000000	0.1311067899
1465.0100000000	0.1314891209
1465.0200000000	0.1326137632
1465.0300000000	0.1336306321
1465.0400000000	0.1335027331
1465.0500000000	0.1332520915
1465.0600000000	0.1331101149
1465.0700000000	0.1335690949
1465.0800000000	0.1336185999
1465.0900000000	0.1335929744
1465.1000000000	0.1338188779
1465.1100000000	0.1336435825
1465.1200000000	0.1334839497
1465.1300000000	0.1331229382
1465.1400000000	0.1332396944
1465.1500000000	0.1327106581
1465.1600000000	0.1325969401
1465.1700000000	0.1318069328
1465.1800000000	0.1309947360
1465.1900000000	0.1310285691
1465.2000000000	0.1308401097
1465.2100000000	0.1313771954
1465.2200000000	0.1314234770
1465.2300000000	0.1311913101
1465.2400000000	0.1303334124
1465.2500000000	0.1319324188
1465.2600000000	0.1326870959
1465.2700000000	0.1330705503
1465.2800000000	0.1329004567
1465.2900000000	0.1334492784
1465.3000000000	0.1343522633
1465.3100000000	0.1350668449
1465.3200000000	0.1347364533
1465.3300000000	0.1336787866
1465.3400000000	0.1335150160
1465.3500000000	0.1346841530
1465.3600000000	0.1354434824
1465.3700000000	0.1350274554
1465.3800000000	0.1347720545
1465.3900000000	0.1352215203
1465.4000000000	0.1359373523
1465.4100000000	0.1354396597
1465.4200000000	0.1336542431
1465.4300000000	0.1330248985
1465.4400000000	0.1339657016
1465.4500000000	0.1348387268
1465.4600000000	0.1345290595
1465.4700000000	0.1345327870
1465.4800000000	0.1351908355
1465.4900000000	0.1350499830
1465.5000000000	0.1346171065
1465.5100000000	0.1337432989
1465.5200000000	0.1337678091
1465.5300000000	0.1340449033
1465.5400000000	0.1345837163
1465.5500000000	0.1352450127
1465.5600000000	0.1358740205
1465.5700000000	0.1359632387
1465.5800000000	0.1355248551
1465.5900000000	0.1360511144
1465.6000000000	0.1360431910
1465.6100000000	0.1348018525
1465.6200000000	0.1338964221
1465.6300000000	0.1337632513
1465.6400000000	0.1343995091
1465.6500000000	0.1342101807
1465.6600000000	0.1334440015
1465.6700000000	0.1332491520
1465.6800000000	0.1335035000
1465.6900000000	0.1328075500
1465.7000000000	0.1314654117
1465.7100000000	0.1315808029
1465.7200000000	0.1314845231
1465.7300000000	0.1318031236
1465.7400000000	0.1321922893
1465.7500000000	0.1312656364
1465.7600000000	0.1319779773
1465.7700000000	0.1338558029
1465.7800000000	0.1340153316
1465.7900000000	0.1325369969
1465.8000000000	0.1319669710
1465.8100000000	0.1329803548
1465.8200000000	0.1336085938
1465.8300000000	0.1334787995
1465.8400000000	0.1336667881
1465.8500000000	0.1341408096
1465.8600000000	0.1352540072
1465.8700000000	0.1352245205
1465.8800000000	0.1340261844
1465.8900000000	0.1336656881
1465.9000000000	0.1345884457
1465.9100000000	0.1340995302
1465.9200000000	0.1340506230
1465.9300000000	0.1348059632
1465.9400000000	0.1352164257
1465.9500000000	0.1355364217
1465.9600000000	0.1359178536
1465.9700000000	0.1356068301
1465.9800000000	0.1345134336
1465.9900000000	0.1341717672
1466.0000000000	0.1349711011
1466.0100000000	0.1356286171
1466.0200000000	0.1356772611
1466.0300000000	0.1357398360
1466.0400000000	0.1354077277
1466.0500000000	0.1355353236
1466.0600000000	0.1356087847
1466.0700000000	0.1347817091
1466.0800000000	0.1341701768
1466.0900000000	0.1348281873
1466.1000000000	0.1356314416
1466.1100000000	0.1349921733
1466.1200000000	0.1341408642
1466.1300000000	0.1345154535
1466.1400000000	0.1355733042
1466.1500000000	0.1350106031
1466.1600000000	0.1337645873
1466.1700000000	0.1336331215
1466.1800000000	0.1348074406
1466.1900000000	0.1354742871
1466.2000000000	0.1347592413
1466.2100000000	0.1345793257
1466.2200000000	0.1357559932
1466.2300000000	0.1364687091
1466.2400000000	0.1359219218
1466.2500000000	0.1352253116
1466.2600000000	0.1352117666
1466.2700000000	0.1357577487
1466.2800000000	0.1361569564
1466.2900000000	0.1355951210
1466.3000000000	0.1358739069
1466.3100000000	0.1363058738
1466.3200000000	0.1363410559
1466.3300000000	0.1359592757
1466.3400000000	0.1356163257
1466.3500000000	0.1348014921
1466.3600000000	0.1345842647
1466.3700000000	0.1342230265
1466.3800000000	0.1337836396
1466.3900000000	0.1336435843
1466.4000000000	0.1330536206
1466.4100000000	0.1325548656
1466.4200000000	0.1322980204
1466.4300000000	0.1317182852
1466.4400000000	0.1306547466
1466.4500000000	0.1293777714
1466.4600000000	0.1296814960
1466.4700000000	0.1302075115
1466.4800000000	0.1297801289
1466.4900000000	0.1289503512
1466.5000000000	0.1285279614
1466.5100000000	0.1291192924
1466.5200000000	0.1292280831
1466.5300000000	0.1277145641
1466.5400000000	0.1270324454
1466.5500000000	0.1283508004
1466.5600000000	0.1288878173
1466.5700000000	0.1279426330
1466.5800000000	0.1273752397
1466.5900000000	0.1295999635
1466.6000000000	0.1307385491
1466.6100000000	0.1307178573
1466.6200000000	0.1291828703
1466.6300000000	0.1293639897
1466.6400000000	0.1309541182
1466.6500000000	0.1319652745
1466.6600000000	0.1322938723
1466.6700000000	0.1329803688
1466.6800000000	0.1341369514
1466.6900000000	0.1353913275
1466.7000000000	0.1356879262
1466.7100000000	0.1346905849
1466.7200000000	0.1348531269
1466.7300000000	0.1356655654
1466.7400000000	0.1366414080
1466.7500000000	0.1358993427
1466.7600000000	0.1358622394
1466.7700000000	0.1370877184
1466.7800000000	0.1374102088
1466.7900000000	0.1373108388
1466.8000000000	0.1364126387
1466.8100000000	0.1353788062
1466.8200000000	0.1355722165
1466.8300000000	0.1350923917
1466.8400000000	0.1356499336
1466.8500000000	0.1350398525
1466.8600000000	0.1347618313
1466.8700000000	0.1341420788
1466.8800000000	0.1346570592
1466.8900000000	0.1348398276
1466.9000000000	0.1341238181
1466.9100000000	0.1330083796
1466.9200000000	0.1316206448
1466.9300000000	0.1319061640
1466.9400000000	0.1315505874
1466.9500000000	0.1308386307
1466.9600000000	0.1290508740
1466.9700000000	0.1301908668
1466.9800000000	0.1302844321
1466.9900000000	0.1292424096
1467.0000000000	0.1272304998
1467.0100000000	0.1275102293
1467.0200000000	0.1278257239
1467.0300000000	0.1277220781
1467.0400000000	0.1269097037
1467.0500000000	0.1270650024
1467.0600000000	0.1274532556
1467.0700000000	0.1286404185
1467.0800000000	0.1296227658
1467.0900000000	0.1291632459
1467.1000000000	0.1292471647
1467.1100000000	0.1304209960
1467.1200000000	0.1314719746
1467.1300000000	0.1311244845
1467.1400000000	0.1315827201
1467.1500000000	0.1339367023
1467.1600000000	0.1353779093
1467.1700000000	0.1346786848
1467.1800000000	0.1342850155
1467.1900000000	0.1349236554
1467.2000000000	0.1364343140
1467.2100000000	0.1368936022
1467.2200000000	0.1365000221
1467.2300000000	0.1366829291
1467.2400000000	0.1376696255
1467.2500000000	0.1381978886
1467.2600000000	0.1382437981
1467.2700000000	0.1376633040
1467.2800000000	0.1365929121
1467.2900000000	0.1380811731
1467.3000000000	0.1378864584
1467.3100000000	0.1366748351
1467.3200000000	0.1367561053
1467.3300000000	0.1368238499
1467.3400000000	0.1370628429
1467.3500000000	0.1361263810
1467.3600000000	0.1343037276
1467.3700000000	0.1337589200
1467.3800000000	0.1333011802
1467.3900000000	0.1332360218
1467.4000000000	0.1331422890
1467.4100000000	0.1324965522
1467.4200000000	0.1324144137
1467.4300000000	0.1318024497
1467.4400000000	0.1311375732
1467.4500000000	0.1306613219
1467.4600000000	0.1300222130
1467.4700000000	0.1286825905
1467.4800000000	0.1284078121
1467.4900000000	0.1278130268
1467.5000000000	0.1290174536
1467.5100000000	0.1291413273
1467.5200000000	0.1280962687
1467.5300000000	0.1284800208
1467.5400000000	0.1295310763
1467.5500000000	0.1294436383
1467.5600000000	0.1284542625
1467.5700000000	0.1268019996
1467.5800000000	0.1292601755
1467.5900000000	0.1299047068
1467.6000000000	0.1294242354
1467.6100000000	0.1285722980
1467.6200000000	0.1299475099
1467.6300000000	0.1318618614
1467.6400000000	0.1324559285
1467.6500000000	0.1314144327
1467.6600000000	0.1333041444
1467.6700000000	0.1341051582
1467.6800000000	0.1335991909
1467.6900000000	0.1332984772
1467.7000000000	0.1342623394
1467.7100000000	0.1344081732
1467.7200000000	0.1355785386
1467.7300000000	0.1365352027
1467.7400000000	0.1355518680
1467.7500000000	0.1356101731
1467.7600000000	0.1365412191
1467.7700000000	0.1361903200
1467.7800000000	0.1354246656
1467.7900000000	0.1347716898
1467.8000000000	0.1348209796
1467.8100000000	0.1353861099
1467.8200000000	0.1348629533
1467.8300000000	0.1339269693
1467.8400000000	0.1327580973
1467.8500000000	0.1326270778
1467.8600000000	0.1326078067
1467.8700000000	0.1308884346
1467.8800000000	0.1299845013
1467.8900000000	0.1305473296
1467.9000000000	0.1306398486
1467.9100000000	0.1299016391
1467.9200000000	0.1287112044
1467.9300000000	0.1280338527
1467.9400000000	0.1283987511
1467.9500000000	0.1283637638
1467.9600000000	0.1266807681
1467.9700000000	0.1259612856
1467.9800000000	0.1277355946
1467.9900000000	0.1282832157
1468.0000000000	0.1281297224
1468.0100000000	0.1281541219
1468.0200000000	0.1285760343
1468.0300000000	0.1285896316
1468.0400000000	0.1287308928
1468.0500000000	0.1286474259
1468.0600000000	0.1294218364
1468.0700000000	0.1295962243
1468.0800000000	0.1296512944
1468.0900000000	0.1308415690
1468.1000000000	0.1318954859
1468.1100000000	0.1313959870
1468.1200000000	0.1313275111
1468.1300000000	0.1317995576
1468.1400000000	0.1323176584
1468.1500000000	0.1330086796
1468.1600000000	0.1334145050
1468.1700000000	0.1337861777
1468.1800000000	0.1342049320
1468.1900000000	0.1357309176
1468.2000000000	0.1362980638
1468.2100000000	0.1354243937
1468.2200000000	0.1341229608
1468.2300000000	0.1344985619
1468.2400000000	0.1349573754
1468.2500000000	0.1350041130
1468.2600000000	0.1350520234
1468.2700000000	0.1358901180
1468.2800000000	0.1370099641
1468.2900000000	0.1370525113
1468.3000000000	0.1362044105
1468.3100000000	0.1357170366
1468.3200000000	0.1351371082
1468.3300000000	0.1355533104
1468.3400000000	0.1361053670
1468.3500000000	0.1356179496
1468.3600000000	0.1344634776
1468.3700000000	0.1342970599
1468.3800000000	0.1345426953
1468.3900000000	0.1334666408
1468.4000000000	0.1322492359
1468.4100000000	0.1316165552
1468.4200000000	0.1311759226
1468.4300000000	0.1305745482
1468.4400000000	0.1295706920
1468.4500000000	0.1292909911
1468.4600000000	0.1299559171
1468.4700000000	0.1298763688
1468.4800000000	0.1287871246
1468.4900000000	0.1281434854
1468.5000000000	0.1288249561
1468.5100000000	0.1290422800
1468.5200000000	0.1285822496
1468.5300000000	0.1289171434
1468.5400000000	0.1301270979
1468.5500000000	0.1315159801
1468.5600000000	0.1316395414
1468.5700000000	0.1314657594
1468.5800000000	0.1323336864
1468.5900000000	0.1324626642
1468.6000000000	0.1328612536
1468.6100000000	0.1339046321
1468.6200000000	0.1345700689
1468.6300000000	0.1352934943
1468.6400000000	0.1365614352
1468.6500000000	0.1374394584
1468.6600000000	0.1374745886
1468.6700000000	0.1375420491
1468.6800000000	0.1373757454
1468.6900000000	0.1375814832
1468.7000000000	0.1375255222
1468.7100000000	0.1371005624
1468.7200000000	0.1376372506
1468.7300000000	0.1381045486
1468.7400000000	0.1382719072
1468.7500000000	0.1382345976
1468.7600000000	0.1391494613
1468.7700000000	0.1384609201
1468.7800000000	0.1373799941
1468.7900000000	0.1374227029
1468.8000000000	0.1384018947
1468.8100000000	0.1385718178
1468.8200000000	0.1386750821
1468.8300000000	0.1378190210
1468.8400000000	0.1392017526
1468.8500000000	0.1391712021
1468.8600000000	0.1370668051
1468.8700000000	0.1363762932
1468.8800000000	0.1375912853
1468.8900000000	0.1382794130
1468.9000000000	0.1385915384
1468.9100000000	0.1381058610
1468.9200000000	0.1378830748
1468.9300000000	0.1384570297
1468.9400000000	0.1387736198
1468.9500000000	0.1373285554
1468.9600000000	0.1361150459
1468.9700000000	0.1366605195
1468.9800000000	0.1372004917
1468.9900000000	0.1365869071
1469.0000000000	0.1366689073
1469.0100000000	0.1368206057
1469.0200000000	0.1363866322
1469.0300000000	0.1352710199
1469.0400000000	0.1346493753
1469.0500000000	0.1347130954
1469.0600000000	0.1349028489
1469.0700000000	0.1345445966
1469.0800000000	0.1348157734
1469.0900000000	0.1351903173
1469.1000000000	0.1355693105
1469.1100000000	0.1359550617
1469.1200000000	0.1352987566
1469.1300000000	0.1343017903
1469.1400000000	0.1342033134
1469.1500000000	0.1338207108
1469.1600000000	0.1336107012
1469.1700000000	0.1336801252
1469.1800000000	0.1333423739
1469.1900000000	0.1332412569
1469.2000000000	0.1330146822
1469.2100000000	0.1322650506
1469.2200000000	0.1327456922
1469.2300000000	0.1317217771
1469.2400000000	0.1303006010
1469.2500000000	0.1296668044
1469.2600000000	0.1298400368
1469.2700000000	0.1310119230
1469.2800000000	0.1312951277
1469.2900000000	0.1306848066
1469.3000000000	0.1297824302
1469.3100000000	0.1299153103
1469.3200000000	0.1296169939
1469.3300000000	0.1290441776
1469.3400000000	0.1295682761
1469.3500000000	0.1310061532
1469.3600000000	0.1317464080
1469.3700000000	0.1315861839
1469.3800000000	0.1315587784
1469.3900000000	0.1327313427
1469.4000000000	0.1334995524
1469.4100000000	0.1332163520
1469.4200000000	0.1325437365
1469.4300000000	0.1328524106
1469.4400000000	0.1341552672
1469.4500000000	0.1343204942
1469.4600000000	0.1340126235
1469.4700000000	0.1351000505
1469.4800000000	0.1348521291
1469.4900000000	0.1343899978
1469.5000000000	0.1336746659
1469.5100000000	0.1328379079
1469.5200000000	0.1322969689
1469.5300000000	0.1321242201
1469.5400000000	0.1330747639
1469.5500000000	0.1321285307
1469.5600000000	0.1319233104
1469.5700000000	0.1316842808
1469.5800000000	0.1302941288
1469.5900000000	0.1315053949
1469.6000000000	0.1306777413
1469.6100000000	0.1297592350
1469.6200000000	0.1299176028
1469.6300000000	0.1301306076
1469.6400000000	0.1312402523
1469.6500000000	0.1324863665
1469.6600000000	0.1328138350
1469.6700000000	0.1331636020
1469.6800000000	0.1350279337
1469.6900000000	0.1365831025
1469.7000000000	0.1370616400
1469.7100000000	0.1359650587
1469.7200000000	0.1373304577
1469.7300000000	0.1384905983
1469.7400000000	0.1375411886
1469.7500000000	0.1377900976
1469.7600000000	0.1375126197
1469.7700000000	0.1374726171
1469.7800000000	0.1371993155
1469.7900000000	0.1357924921
1469.8000000000	0.1354765914
1469.8100000000	0.1353974221
1469.8200000000	0.1343455710
1469.8300000000	0.1353870078
1469.8400000000	0.1351024378
1469.8500000000	0.1345935789
1469.8600000000	0.1345035271
1469.8700000000	0.1329822083
1469.8800000000	0.1334496356
1469.8900000000	0.1335735430
1469.9000000000	0.1324537950
1469.9100000000	0.1328191443
1469.9200000000	0.1339180803
1469.9300000000	0.1344006042
1469.9400000000	0.1337949308
1469.9500000000	0.1333491527
1469.9600000000	0.1338569251
1469.9700000000	0.1351571764
1469.9800000000	0.1340612977
1469.9900000000	0.1336999492
1470.0000000000	0.1348823307
1470.0100000000	0.1351973973
1470.0200000000	0.1350681748
1470.0300000000	0.1350398525
1470.0400000000	0.1352591813
1470.0500000000	0.1355195806
1470.0600000000	0.1346926204
1470.0700000000	0.1351460620
1470.0800000000	0.1351520930
1470.0900000000	0.1343310416
1470.1000000000	0.1342631658
1470.1100000000	0.1346331306
1470.1200000000	0.1351886612
1470.1300000000	0.1350398525
1470.1400000000	0.1338447660
1470.1500000000	0.1339242200
1470.1600000000	0.1349542607
1470.1700000000	0.1350858365
1470.1800000000	0.1343280151
1470.1900000000	0.1348279157
1470.2000000000	0.1359051268
1470.2100000000	0.1362954383
1470.2200000000	0.1355825801
1470.2300000000	0.1356053108
1470.2400000000	0.1357450507
1470.2500000000	0.1361829628
1470.2600000000	0.1358615181
1470.2700000000	0.1347418910
1470.2800000000	0.1365737049
1470.2900000000	0.1363810380
1470.3000000000	0.1365000340
1470.3100000000	0.1361725707
1470.3200000000	0.1360251190
1470.3300000000	0.1362866533
1470.3400000000	0.1367451763
1470.3500000000	0.1371340959
1470.3600000000	0.1366902627
1470.3700000000	0.1356419761
1470.3800000000	0.1354416576
1470.3900000000	0.1359530346
1470.4000000000	0.1361616290
1470.4100000000	0.1362383721
1470.4200000000	0.1358134746
1470.4300000000	0.1350500685
1470.4400000000	0.1352811978
1470.4500000000	0.1352961044
1470.4600000000	0.1346894659
1470.4700000000	0.1343951732
1470.4800000000	0.1348239070
1470.4900000000	0.1351373662
1470.5000000000	0.1347137755
1470.5100000000	0.1342850326
1470.5200000000	0.1348357670
1470.5300000000	0.1350608771
1470.5400000000	0.1347106950
1470.5500000000	0.1327069352
1470.5600000000	0.1329714559
1470.5700000000	0.1340818790
1470.5800000000	0.1332183574
1470.5900000000	0.1328844801
1470.6000000000	0.1335099749
1470.6100000000	0.1322184504
1470.6200000000	0.1312740179
1470.6300000000	0.1332857105
1470.6400000000	0.1329429418
1470.6500000000	0.1320309997
1470.6600000000	0.1310341906
1470.6700000000	0.1318351607
1470.6800000000	0.1331316522
1470.6900000000	0.1315453664
1470.7000000000	0.1309763261
1470.7100000000	0.1311407342
1470.7200000000	0.1314201783
1470.7300000000	0.1313605882
1470.7400000000	0.1323228065
1470.7500000000	0.1332917900
1470.7600000000	0.1347305826
1470.7700000000	0.1344393157
1470.7800000000	0.1339724087
1470.7900000000	0.1344931130
1470.8000000000	0.1348571445
1470.8100000000	0.1350736202
1470.8200000000	0.1353239384
1470.8300000000	0.1353728951
1470.8400000000	0.1356225616
1470.8500000000	0.1352175803
1470.8600000000	0.1347945259
1470.8700000000	0.1355563524
1470.8800000000	0.1355404198
1470.8900000000	0.1349538889
1470.9000000000	0.1350477928
1470.9100000000	0.1358571076
1470.9200000000	0.1359054174
1470.9300000000	0.1343962722
1470.9400000000	0.1347806441
1470.9500000000	0.1352667839
1470.9600000000	0.1355897618
1470.9700000000	0.1351785928
1470.9800000000	0.1348996873
1470.9900000000	0.1353696874
1471.0000000000	0.1354379554
1471.0100000000	0.1345582914
1471.0200000000	0.1336291850
1471.0300000000	0.1335406300
1471.0400000000	0.1323774571
1471.0500000000	0.1326512870
1471.0600000000	0.1320499237
1471.0700000000	0.1307943631
1471.0800000000	0.1298476967
1471.0900000000	0.1299044710
1471.1000000000	0.1307273484
1471.1100000000	0.1317401701
1471.1200000000	0.1307127484
1471.1300000000	0.1294960108
1471.1400000000	0.1304062827
1471.1500000000	0.1303666171
1471.1600000000	0.1298717561
1471.1700000000	0.1293838486
1471.1800000000	0.1315128803
1471.1900000000	0.1331805834
1471.2000000000	0.1322691769
1471.2100000000	0.1319387062
1471.2200000000	0.1322011867
1471.2300000000	0.1327586710
1471.2400000000	0.1344341835
1471.2500000000	0.1332553573
1471.2600000000	0.1334966060
1471.2700000000	0.1355775774
1471.2800000000	0.1373973912
1471.2900000000	0.1369790952
1471.3000000000	0.1372156845
1471.3100000000	0.1372399967
1471.3200000000	0.1376322891
1471.3300000000	0.1374609465
1471.3400000000	0.1374680237
1471.3500000000	0.1384794261
1471.3600000000	0.1388559103
1471.3700000000	0.1390812729
1471.3800000000	0.1396103236
1471.3900000000	0.1393279182
1471.4000000000	0.1380959804
1471.4100000000	0.1368720216
1471.4200000000	0.1371211022
1471.4300000000	0.1377465672
1471.4400000000	0.1372577540
1471.4500000000	0.1360605026
1471.4600000000	0.1351453259
1471.4700000000	0.1360942715
1471.4800000000	0.1354681741
1471.4900000000	0.1328755619
1471.5000000000	0.1328531962
1471.5100000000	0.1331678388
1471.5200000000	0.1319824457
1471.5300000000	0.1314933530
1471.5400000000	0.1310075505
1471.5500000000	0.1303254257
1471.5600000000	0.1306560615
1471.5700000000	0.1311775869
1471.5800000000	0.1307293779
1471.5900000000	0.1298943649
1471.6000000000	0.1282286789
1471.6100000000	0.1279108533
1471.6200000000	0.1282463755
1471.6300000000	0.1282873588
1471.6400000000	0.1287029287
1471.6500000000	0.1282623543
1471.6600000000	0.1304362044
1471.6700000000	0.1305736469
1471.6800000000	0.1279182827
1471.6900000000	0.1286375630
1471.7000000000	0.1285370588
1471.7100000000	0.1290005454
1471.7200000000	0.1293482171
1471.7300000000	0.1301027012
1471.7400000000	0.1311675517
1471.7500000000	0.1314722920
1471.7600000000	0.1322006423
1471.7700000000	0.1325721010
1471.7800000000	0.1313272708
1471.7900000000	0.1302689049
1471.8000000000	0.1308681973
1471.8100000000	0.1322204703
1471.8200000000	0.1331512118
1471.8300000000	0.1332306431
1471.8400000000	0.1340737265
1471.8500000000	0.1362591865
1471.8600000000	0.1367247326
1471.8700000000	0.1354195203
1471.8800000000	0.1350516476
1471.8900000000	0.1349772829
1471.9000000000	0.1361810428
1471.9100000000	0.1354185699
1471.9200000000	0.1346222323
1471.9300000000	0.1373310399
1471.9400000000	0.1382127812
1471.9500000000	0.1375376032
1471.9600000000	0.1367203367
1471.9700000000	0.1351828820
1471.9800000000	0.1343831669
1471.9900000000	0.1346886481
1472.0000000000	0.1352901454
1472.0100000000	0.1358916427
1472.0200000000	0.1357141509
1472.0300000000	0.1358030931
1472.0400000000	0.1365387157
1472.0500000000	0.1364148044
1472.0600000000	0.1343805424
1472.0700000000	0.1323647351
1472.0800000000	0.1333881153
1472.0900000000	0.1344086664
1472.1000000000	0.1330770103
1472.1100000000	0.1330689120
1472.1200000000	0.1337884169
1472.1300000000	0.1339668387
1472.1400000000	0.1330818095
1472.1500000000	0.1323657934
1472.1600000000	0.1315586019
1472.1700000000	0.1308983906
1472.1800000000	0.1307660307
1472.1900000000	0.1335812696
1472.2000000000	0.1339168538
1472.2100000000	0.1326925430
1472.2200000000	0.1337032562
1472.2300000000	0.1344320190
1472.2400000000	0.1343304352
1472.2500000000	0.1336383931
1472.2600000000	0.1324164398
1472.2700000000	0.1335401803
1472.2800000000	0.1342539483
1472.2900000000	0.1333232521
1472.3000000000	0.1326326918
1472.3100000000	0.1342801601
1472.3200000000	0.1346608595
1472.3300000000	0.1341297360
1472.3400000000	0.1320571551
1472.3500000000	0.1310940217
1472.3600000000	0.1327835864
1472.3700000000	0.1336096611
1472.3800000000	0.1329470893
1472.3900000000	0.1346053858
1472.4000000000	0.1345403655
1472.4100000000	0.1351543387
1472.4200000000	0.1356520628
1472.4300000000	0.1348304855
1472.4400000000	0.1341612400
1472.4500000000	0.1336177583
1472.4600000000	0.1339886570
1472.4700000000	0.1346465433
1472.4800000000	0.1344320131
1472.4900000000	0.1331203160
1472.5000000000	0.1340362945
1472.5100000000	0.1348500935
1472.5200000000	0.1337526774
1472.5300000000	0.1315932020
1472.5400000000	0.1302748604
1472.5500000000	0.1307392376
1472.5600000000	0.1303054271
1472.5700000000	0.1296327070
1472.5800000000	0.1301950203
1472.5900000000	0.1309101317
1472.6000000000	0.1316848259
1472.6100000000	0.1310126942
1472.6200000000	0.1300322849
1472.6300000000	0.1286635149
1472.6400000000	0.1280889816
1472.6500000000	0.1291229357
1472.6600000000	0.1300356078
1472.6700000000	0.1293285171
1472.6800000000	0.1294222825
1472.6900000000	0.1318047414
1472.7000000000	0.1328835779
1472.7100000000	0.1320426079
1472.7200000000	0.1318253266
1472.7300000000	0.1321253029
1472.7400000000	0.1320549838
1472.7500000000	0.1329567662
1472.7600000000	0.1334724637
1472.7700000000	0.1338527771
1472.7800000000	0.1344755511
1472.7900000000	0.1350160208
1472.8000000000	0.1358394746
1472.8100000000	0.1364400777
1472.8200000000	0.1351507695
1472.8300000000	0.1340283950
1472.8400000000	0.1348329931
1472.8500000000	0.1359565790
1472.8600000000	0.1362725082
1472.8700000000	0.1360298140
1472.8800000000	0.1369977192
1472.8900000000	0.1379688931
1472.9000000000	0.1367943978
1472.9100000000	0.1356196821
1472.9200000000	0.1353646077
1472.9300000000	0.1358994650
1472.9400000000	0.1358809918
1472.9500000000	0.1355894547
1472.9600000000	0.1366953816
1472.9700000000	0.1379805463
1472.9800000000	0.1383898377
1472.9900000000	0.1381218169
1473.0000000000	0.1365507824
1473.0100000000	0.1359516221
1473.0200000000	0.1359766378
1473.0300000000	0.1356230044
1473.0400000000	0.1357763414
1473.0500000000	0.1360214563
1473.0600000000	0.1355481680
1473.0700000000	0.1363159858
1473.0800000000	0.1373559270
1473.0900000000	0.1364663824
1473.1000000000	0.1348352657
1473.1100000000	0.1346751465
1473.1200000000	0.1345035271
1473.1300000000	0.1341602808
1473.1400000000	0.1340610561
1473.1500000000	0.1348296496
1473.1600000000	0.1351062615
1473.1700000000	0.1351774660
1473.1800000000	0.1348321271
1473.1900000000	0.1339619467
1473.2000000000	0.1328160898
1473.2100000000	0.1327809741
1473.2200000000	0.1332350892
1473.2300000000	0.1333923717
1473.2400000000	0.1335219884
1473.2500000000	0.1337659548
1473.2600000000	0.1347187687
1473.2700000000	0.1356574516
1473.2800000000	0.1349304253
1473.2900000000	0.1340080085
1473.3000000000	0.1344316599
1473.3100000000	0.1347636767
1473.3200000000	0.1353862119
1473.3300000000	0.1354054340
1473.3400000000	0.1358556637
1473.3500000000	0.1374069965
1473.3600000000	0.1376441482
1473.3700000000	0.1367188911
1473.3800000000	0.1360312586
1473.3900000000	0.1356953710
1473.4000000000	0.1351810775
1473.4100000000	0.1357354711
1473.4200000000	0.1365734411
1473.4300000000	0.1369128731
1473.4400000000	0.1364408434
1473.4500000000	0.1365866234
1473.4600000000	0.1374770537
1473.4700000000	0.1364196629
1473.4800000000	0.1345612982
1473.4900000000	0.1345331664
1473.5000000000	0.1347778921
1473.5100000000	0.1352027769
1473.5200000000	0.1355621711
1473.5300000000	0.1354667314
1473.5400000000	0.1361722315
1473.5500000000	0.1369024142
1473.5600000000	0.1359805507
1473.5700000000	0.1347946818
1473.5800000000	0.1340623094
1473.5900000000	0.1337705471
1473.6000000000	0.1342065657
1473.6100000000	0.1345506864
1473.6200000000	0.1344814016
1473.6300000000	0.1341542785
1473.6400000000	0.1348491651
1473.6500000000	0.1354429229
1473.6600000000	0.1337454611
1473.6700000000	0.1326247864
1473.6800000000	0.1316477218
1473.6900000000	0.1315542711
1473.7000000000	0.1322690090
1473.7100000000	0.1316299628
1473.7200000000	0.1310549886
1473.7300000000	0.1315796948
1473.7400000000	0.1315969490
1473.7500000000	0.1300164402
1473.7600000000	0.1284776930
1473.7700000000	0.1280036840
1473.7800000000	0.1278379082
1473.7900000000	0.1277987298
1473.8000000000	0.1283493568
1473.8100000000	0.1287884242
1473.8200000000	0.1286917003
1473.8300000000	0.1291849512
1473.8400000000	0.1297418194
1473.8500000000	0.1291948090
1473.8600000000	0.1278501444
1473.8700000000	0.1273470748
1473.8800000000	0.1287405152
1473.8900000000	0.1300395510
1473.9000000000	0.1296064883
1473.9100000000	0.1297786423
1473.9200000000	0.1308735083
1473.9300000000	0.1315891351
1473.9400000000	0.1315090446
1473.9500000000	0.1309450461
1473.9600000000	0.1307543425
1473.9700000000	0.1313433190
1473.9800000000	0.1317022428
1473.9900000000	0.1319763494
1474.0000000000	0.1331440932
1474.0100000000	0.1331592046
1474.0200000000	0.1335136999
1474.0300000000	0.1342612009
1474.0400000000	0.1338263603
1474.0500000000	0.1323484675
1474.0600000000	0.1313699768
1474.0700000000	0.1321817247
1474.0800000000	0.1331117703
1474.0900000000	0.1325887235
1474.1000000000	0.1330465093
1474.1100000000	0.1333965524
1474.1200000000	0.1330003897
1474.1300000000	0.1324833647
1474.1400000000	0.1320632437
1474.1500000000	0.1312335503
1474.1600000000	0.1305919059
1474.1700000000	0.1313415544
1474.1800000000	0.1327834630
1474.1900000000	0.1326314347
1474.2000000000	0.1319122879
1474.2100000000	0.1327618834
1474.2200000000	0.1337088544
1474.2300000000	0.1330700432
1474.2400000000	0.1308686612
1474.2500000000	0.1298247020
1474.2600000000	0.1309019995
1474.2700000000	0.1323348442
1474.2800000000	0.1324764617
1474.2900000000	0.1318810158
1474.3000000000	0.1322356283
1474.3100000000	0.1326889505
1474.3200000000	0.1315715975
1474.3300000000	0.1304108781
1474.3400000000	0.1296178489
1474.3500000000	0.1296121451
1474.3600000000	0.1299647366
1474.3700000000	0.1307934768
1474.3800000000	0.1309165638
1474.3900000000	0.1306270942
1474.4000000000	0.1310876652
1474.4100000000	0.1321390858
1474.4200000000	0.1315523455
1474.4300000000	0.1298546798
1474.4400000000	0.1292625588
1474.4500000000	0.1302692454
1474.4600000000	0.1313970006
1474.4700000000	0.1309667264
1474.4800000000	0.1308469191
1474.4900000000	0.1329945083
1474.5000000000	0.1344721514
1474.5100000000	0.1343818181
1474.5200000000	0.1336743683
1474.5300000000	0.1331347316
1474.5400000000	0.1334397227
1474.5500000000	0.1340458635
1474.5600000000	0.1342174946
1474.5700000000	0.1345795995
1474.5800000000	0.1340361331
1474.5900000000	0.1347509811
1474.6000000000	0.1358201025
1474.6100000000	0.1348023185
1474.6200000000	0.1330640365
1474.6300000000	0.1323655258
1474.6400000000	0.1336316813
1474.6500000000	0.1337858661
1474.6600000000	0.1334399901
1474.6700000000	0.1332564500
1474.6800000000	0.1344326962
1474.6900000000	0.1353731218
1474.7000000000	0.1344681170
1474.7100000000	0.1327179825
1474.7200000000	0.1318492545
1474.7300000000	0.1324758059
1474.7400000000	0.1326973619
1474.7500000000	0.1332060896
1474.7600000000	0.1334988145
1474.7700000000	0.1331674999
1474.7800000000	0.1344408728
1474.7900000000	0.1353864932
1474.8000000000	0.1343308503
1474.8100000000	0.1332753024
1474.8200000000	0.1317953415
1474.8300000000	0.1336382504
1474.8400000000	0.1349010915
1474.8500000000	0.1339182261
1474.8600000000	0.1340669676
1474.8700000000	0.1352625282
1474.8800000000	0.1360271982
1474.8900000000	0.1336248859
1474.9000000000	0.1321686782
1474.9100000000	0.1322350643
1474.9200000000	0.1321297782
1474.9300000000	0.1324247634
1474.9400000000	0.1328803262
1474.9500000000	0.1330200621
1474.9600000000	0.1327719656
1474.9700000000	0.1331280628
1474.9800000000	0.1333467342
1474.9900000000	0.1323578760
1475.0000000000	0.1308293350
1475.0100000000	0.1303435356
1475.0200000000	0.1318119310
1475.0300000000	0.1328541780
1475.0400000000	0.1326946358
1475.0500000000	0.1326906656
1475.0600000000	0.1342108485
1475.0700000000	0.1350911913
1475.0800000000	0.1330662448
1475.0900000000	0.1320537623
1475.1000000000	0.1324869337
1475.1100000000	0.1325004929
1475.1200000000	0.1316593360
1475.1300000000	0.1330324657
1475.1400000000	0.1335314125
1475.1500000000	0.1327137480
1475.1600000000	0.1336099946
1475.1700000000	0.1341243893
1475.1800000000	0.1329555440
1475.1900000000	0.1309656219
1475.2000000000	0.1302594686
1475.2100000000	0.1309097734
1475.2200000000	0.1316898145
1475.2300000000	0.1317475172
1475.2400000000	0.1309988048
1475.2500000000	0.1314732881
1475.2600000000	0.1316221197
1475.2700000000	0.1309544377
1475.2800000000	0.1297400064
1475.2900000000	0.1289536667
1475.3000000000	0.1287434105
1475.3100000000	0.1292291137
1475.3200000000	0.1301017401
1475.3300000000	0.1306934585
1475.3400000000	0.1302735987
1475.3500000000	0.1317832453
1475.3600000000	0.1330018250
1475.3700000000	0.1317767697
1475.3800000000	0.1301876520
1475.3900000000	0.1304500671
1475.4000000000	0.1325938673
1475.4100000000	0.1337667839
1475.4200000000	0.1325278075
1475.4300000000	0.1328624106
1475.4400000000	0.1346205536
1475.4500000000	0.1353053138
1475.4600000000	0.1347266400
1475.4700000000	0.1340319770
1475.4800000000	0.1333172316
1475.4900000000	0.1331855497
1475.5000000000	0.1335827389
1475.5100000000	0.1345704158
1475.5200000000	0.1350075566
1475.5300000000	0.1343369293
1475.5400000000	0.1350166303
1475.5500000000	0.1362417263
1475.5600000000	0.1346939961
1475.5700000000	0.1332655470
1475.5800000000	0.1331805834
1475.5900000000	0.1345813147
1475.6000000000	0.1350468695
1475.6100000000	0.1337271908
1475.6200000000	0.1346836633
1475.6300000000	0.1365051513
1475.6400000000	0.1364093585
1475.6500000000	0.1347848595
1475.6600000000	0.1342981065
1475.6700000000	0.1332624161
1475.6800000000	0.1324356327
1475.6900000000	0.1327563119
1475.7000000000	0.1340766645
1475.7100000000	0.1331949010
1475.7200000000	0.1317381146
1475.7300000000	0.1338070212
1475.7400000000	0.1349572861
1475.7500000000	0.1336107956
1475.7600000000	0.1312994107
1475.7700000000	0.1306799613
1475.7800000000	0.1310442094
1475.7900000000	0.1310540617
1475.8000000000	0.1313399064
1475.8100000000	0.1314397760
1475.8200000000	0.1317081306
1475.8300000000	0.1320313230
1475.8400000000	0.1315282557
1475.8500000000	0.1303586983
1475.8600000000	0.1295266719
1475.8700000000	0.1289011209
1475.8800000000	0.1295604535
1475.8900000000	0.1305289070
1475.9000000000	0.1299500180
1475.9100000000	0.1293491197
1475.9200000000	0.1311872475
1475.9300000000	0.1323725257
1475.9400000000	0.1311181205
1475.9500000000	0.1296709231
1475.9600000000	0.1287869125
1475.9700000000	0.1296132151
1475.9800000000	0.1302048818
1475.9900000000	0.1306686119
1476.0000000000	0.1310787110
1476.0100000000	0.1314183675
1476.0200000000	0.1327883508
1476.0300000000	0.1328735140
1476.0400000000	0.1315829338
1476.0500000000	0.1310867703
1476.0600000000	0.1315906147
1476.0700000000	0.1316777714
1476.0800000000	0.1333350407
1476.0900000000	0.1335806213
1476.1000000000	0.1338525238
1476.1100000000	0.1352300960
1476.1200000000	0.1366515254
1476.1300000000	0.1355046697
1476.1400000000	0.1346368387
1476.1500000000	0.1348209943
1476.1600000000	0.1356393793
1476.1700000000	0.1354331616
1476.1800000000	0.1362197800
1476.1900000000	0.1370779064
1476.2000000000	0.1370385624
1476.2100000000	0.1366926240
1476.2200000000	0.1374381227
1476.2300000000	0.1362107418
1476.2400000000	0.1340585010
1476.2500000000	0.1340261775
1476.2600000000	0.1343279960
1476.2700000000	0.1346093591
1476.2800000000	0.1346660455
1476.2900000000	0.1348014886
1476.3000000000	0.1358731777
1476.3100000000	0.1356732391
1476.3200000000	0.1338380347
1476.3300000000	0.1337099027
1476.3400000000	0.1335480807
1476.3500000000	0.1339234996
1476.3600000000	0.1354338294
1476.3700000000	0.1363801762
1476.3800000000	0.1360792419
1476.3900000000	0.1363270567
1476.4000000000	0.1374137138
1476.4100000000	0.1386150333
1476.4200000000	0.1382734105
1476.4300000000	0.1361983165
1476.4400000000	0.1338813803
1476.4500000000	0.1360881876
1476.4600000000	0.1356936700
1476.4700000000	0.1355302762
1476.4800000000	0.1352692901
1476.4900000000	0.1358530099
1476.5000000000	0.1356762950
1476.5100000000	0.1333550379
1476.5200000000	0.1317975705
1476.5300000000	0.1309969973
1476.5400000000	0.1303021197
1476.5500000000	0.1298229206
1476.5600000000	0.1300976140
1476.5700000000	0.1293815949
1476.5800000000	0.1286606001
1476.5900000000	0.1285419622
1476.6000000000	0.1285371991
1476.6100000000	0.1269695092
1476.6200000000	0.1248576901
1476.6300000000	0.1257403530
1476.6400000000	0.1268147556
1476.6500000000	0.1266745436
1476.6600000000	0.1266030351
1476.6700000000	0.1270922073
1476.6800000000	0.1282123932
1476.6900000000	0.1288013093
1476.7000000000	0.1290661823
1476.7100000000	0.1300866525
1476.7200000000	0.1295057162
1476.7300000000	0.1297156463
1476.7400000000	0.1307156521
1476.7500000000	0.1320459004
1476.7600000000	0.1328197858
1476.7700000000	0.1335403364
1476.7800000000	0.1334283172
1476.7900000000	0.1339498776
1476.8000000000	0.1330740622
1476.8100000000	0.1315694832
1476.8200000000	0.1314762630
1476.8300000000	0.1318235909
1476.8400000000	0.1315499567
1476.8500000000	0.1308152423
1476.8600000000	0.1310931057
1476.8700000000	0.1314348874
1476.8800000000	0.1322151939
1476.8900000000	0.1310327789
1476.9000000000	0.1307719871
1476.9100000000	0.1294884235
1476.9200000000	0.1290752526
1476.9300000000	0.1305070680
1476.9400000000	0.1323711275
1476.9500000000	0.1323843032
1476.9600000000	0.1312361618
1476.9700000000	0.1325974536
1476.9800000000	0.1341939993
1476.9900000000	0.1331675757
1477.0000000000	0.1324972610
1477.0100000000	0.1332170631
1477.0200000000	0.1334525454
1477.0300000000	0.1329928855
1477.0400000000	0.1331217266
1477.0500000000	0.1342904049
1477.0600000000	0.1343880140
1477.0700000000	0.1339548370
1477.0800000000	0.1336818481
1477.0900000000	0.1331517135
1477.1000000000	0.1319649008
1477.1100000000	0.1314815208
1477.1200000000	0.1323410352
1477.1300000000	0.1331591435
1477.1400000000	0.1323361314
1477.1500000000	0.1315607738
1477.1600000000	0.1321646460
1477.1700000000	0.1333235987
1477.1800000000	0.1317655619
1477.1900000000	0.1308034197
1477.2000000000	0.1301534268
1477.2100000000	0.1313347229
1477.2200000000	0.1317736148
1477.2300000000	0.1321019881
1477.2400000000	0.1323221008
1477.2500000000	0.1322019278
1477.2600000000	0.1327843284
1477.2700000000	0.1332727330
1477.2800000000	0.1327640592
1477.2900000000	0.1318841122
1477.3000000000	0.1322679621
1477.3100000000	0.1329302977
1477.3200000000	0.1331830247
1477.3300000000	0.1333895590
1477.3400000000	0.1336923862
1477.3500000000	0.1337380961
1477.3600000000	0.1336222657
1477.3700000000	0.1334850397
1477.3800000000	0.1339491406
1477.3900000000	0.1329725465
1477.4000000000	0.1334348359
1477.4100000000	0.1339195199
1477.4200000000	0.1349726799
1477.4300000000	0.1350041130
1477.4400000000	0.1349445207
1477.4500000000	0.1349201930
1477.4600000000	0.1363996560
1477.4700000000	0.1358494670
1477.4800000000	0.1353878317
1477.4900000000	0.1350269886
1477.5000000000	0.1356183185
1477.5100000000	0.1361941803
1477.5200000000	0.1360866758
1477.5300000000	0.1363705110
1477.5400000000	0.1365096454
1477.5500000000	0.1370709517
1477.5600000000	0.1374214218
1477.5700000000	0.1362871986
1477.5800000000	0.1351143806
1477.5900000000	0.1346465433
1477.6000000000	0.1351812106
1477.6100000000	0.1362538567
1477.6200000000	0.1365797650
1477.6300000000	0.1357939592
1477.6400000000	0.1369063384
1477.6500000000	0.1377969709
1477.6600000000	0.1373924107
1477.6700000000	0.1363865146
1477.6800000000	0.1352620415
1477.6900000000	0.1351150090
1477.7000000000	0.1352164254
1477.7100000000	0.1350771259
1477.7200000000	0.1351215236
1477.7300000000	0.1351769242
1477.7400000000	0.1348012581
1477.7500000000	0.1341069121
1477.7600000000	0.1333706825
1477.7700000000	0.1320422064
1477.7800000000	0.1310603059
1477.7900000000	0.1311673170
1477.8000000000	0.1316073540
1477.8100000000	0.1304621401
1477.8200000000	0.1292396858
1477.8300000000	0.1294814499
1477.8400000000	0.1305123551
1477.8500000000	0.1285029635
1477.8600000000	0.1274520993
1477.8700000000	0.1274122252
1477.8800000000	0.1278428482
1477.8900000000	0.1268710590
1477.9000000000	0.1278048076
1477.9100000000	0.1285194294
1477.9200000000	0.1271765830
1477.9300000000	0.1271197119
1477.9400000000	0.1287424711
1477.9500000000	0.1289264759
1477.9600000000	0.1283648241
1477.9700000000	0.1279148361
1477.9800000000	0.1285451535
1477.9900000000	0.1294620452
1478.0000000000	0.1294521372
1478.0100000000	0.1297954252
1478.0200000000	0.1313429191
1478.0300000000	0.1330649008
1478.0400000000	0.1333933522
1478.0500000000	0.1330595842
1478.0600000000	0.1334398171
1478.0700000000	0.1342860099
1478.0800000000	0.1346501851
1478.0900000000	0.1350143602
1478.1000000000	0.1356532386
1478.1100000000	0.1357191941
1478.1200000000	0.1369144551
1478.1300000000	0.1388873330
1478.1400000000	0.1388728904
1478.1500000000	0.1371168499
1478.1600000000	0.1370063983
1478.1700000000	0.1369734628
1478.1800000000	0.1384475457
1478.1900000000	0.1385088753
1478.2000000000	0.1385905021
1478.2100000000	0.1392947124
1478.2200000000	0.1406971165
1478.2300000000	0.1400834887
1478.2400000000	0.1375289975
1478.2500000000	0.1359523216
1478.2600000000	0.1351328206
1478.2700000000	0.1350412786
1478.2800000000	0.1356720168
1478.2900000000	0.1358285817
1478.3000000000	0.1355618732
1478.3100000000	0.1349914994
1478.3200000000	0.1350824806
1478.3300000000	0.1347769382
1478.3400000000	0.1336920980
1478.3500000000	0.1321978717
1478.3600000000	0.1320137927
1478.3700000000	0.1321437012
1478.3800000000	0.1322810003
1478.3900000000	0.1332192088
1478.4000000000	0.1327329280
1478.4100000000	0.1328543609
1478.4200000000	0.1327778798
1478.4300000000	0.1321870647
1478.4400000000	0.1303681062
1478.4500000000	0.1295576370
1478.4600000000	0.1309613341
1478.4700000000	0.1315719485
1478.4800000000	0.1318024610
1478.4900000000	0.1318117312
1478.5000000000	0.1324076912
1478.5100000000	0.1338133544
1478.5200000000	0.1335695731
1478.5300000000	0.1319979006
1478.5400000000	0.1311802776
1478.5500000000	0.1313395163
1478.5600000000	0.1315351847
1478.5700000000	0.1333065399
1478.5800000000	0.1342116464
1478.5900000000	0.1338573867
1478.6000000000	0.1342698350
1478.6100000000	0.1352697139
1478.6200000000	0.1348300233
1478.6300000000	0.1331080287
1478.6400000000	0.1317067730
1478.6500000000	0.1327543517
1478.6600000000	0.1333593682
1478.6700000000	0.1328453276
1478.6800000000	0.1327984422
1478.6900000000	0.1336621781
1478.7000000000	0.1341127033
1478.7100000000	0.1332907204
1478.7200000000	0.1329458921
1478.7300000000	0.1324539386
1478.7400000000	0.1321100995
1478.7500000000	0.1322126520
1478.7600000000	0.1334276299
1478.7700000000	0.1340737588
1478.7800000000	0.1335077741
1478.7900000000	0.1329006188
1478.8000000000	0.1340497513
1478.8100000000	0.1342255518
1478.8200000000	0.1323246445
1478.8300000000	0.1311060697
1478.8400000000	0.1319517787
1478.8500000000	0.1310428544
1478.8600000000	0.1315318837
1478.8700000000	0.1323281904
1478.8800000000	0.1320212526
1478.8900000000	0.1315222063
1478.9000000000	0.1323160709
1478.9100000000	0.1316685979
1478.9200000000	0.1298024798
1478.9300000000	0.1292899146
1478.9400000000	0.1302582173
1478.9500000000	0.1310423523
1478.9600000000	0.1314409664
1478.9700000000	0.1312644605
1478.9800000000	0.1312259701
1478.9900000000	0.1322757577
1479.0000000000	0.1314773346
1479.0100000000	0.1301525053
1479.0200000000	0.1305850310
1479.0300000000	0.1311518060
1479.0400000000	0.1319649067
1479.0500000000	0.1324978352
1479.0600000000	0.1324672796
1479.0700000000	0.1325870550
1479.0800000000	0.1339769682
1479.0900000000	0.1347120480
1479.1000000000	0.1350293340
1479.1100000000	0.1336902679
1479.1200000000	0.1330508876
1479.1300000000	0.1337169087
1479.1400000000	0.1353124446
1479.1500000000	0.1362232489
1479.1600000000	0.1353213230
1479.1700000000	0.1359672478
1479.1800000000	0.1370697536
1479.1900000000	0.1368219532
1479.2000000000	0.1357160192
1479.2100000000	0.1350626128
1479.2200000000	0.1341095028
1479.2300000000	0.1346295995
1479.2400000000	0.1357655387
1479.2500000000	0.1352799668
1479.2600000000	0.1340515273
1479.2700000000	0.1341361997
1479.2800000000	0.1348034110
1479.2900000000	0.1335922986
1479.3000000000	0.1321079279
1479.3100000000	0.1304174226
1479.3200000000	0.1299082849
1479.3300000000	0.1302067734
1479.3400000000	0.1314063372
1479.3500000000	0.1317305238
1479.3600000000	0.1302435632
1479.3700000000	0.1290091501
1479.3800000000	0.1294424470
1479.3900000000	0.1285966091
1479.4000000000	0.1264487129
1479.4100000000	0.1258120325
1479.4200000000	0.1268147313
1479.4300000000	0.1277089609
1479.4400000000	0.1282528118
1479.4500000000	0.1288292985
1479.4600000000	0.1294414168
1479.4700000000	0.1297591506
1479.4800000000	0.1296276887
1479.4900000000	0.1295608259
1479.5000000000	0.1287843982
1479.5100000000	0.1283817150
1479.5200000000	0.1292859796
1479.5300000000	0.1312569646
1479.5400000000	0.1328324114
1479.5500000000	0.1326484609
1479.5600000000	0.1324078625
1479.5700000000	0.1342001395
1479.5800000000	0.1346758059
1479.5900000000	0.1335507906
1479.6000000000	0.1332185248
1479.6100000000	0.1341209218
1479.6200000000	0.1345278582
1479.6300000000	0.1354353899
1479.6400000000	0.1357494291
1479.6500000000	0.1352967074
1479.6600000000	0.1350268563
1479.6700000000	0.1351231686
1479.6800000000	0.1348849128
1479.6900000000	0.1335970130
1479.7000000000	0.1332991583
1479.7100000000	0.1345074973
1479.7200000000	0.1351522348
1479.7300000000	0.1349655441
1479.7400000000	0.1343254226
1479.7500000000	0.1343859063
1479.7600000000	0.1346006702
1479.7700000000	0.1340596858
1479.7800000000	0.1328956047
1479.7900000000	0.1312105189
1479.8000000000	0.1303962793
1479.8100000000	0.1299240091
1479.8200000000	0.1310815093
1479.8300000000	0.1312108017
1479.8400000000	0.1304437041
1479.8500000000	0.1291804302
1479.8600000000	0.1285438317
1479.8700000000	0.1291357483
1479.8800000000	0.1281120075
1479.8900000000	0.1267953012
1479.9000000000	0.1268172635
1479.9100000000	0.1271748243
1479.9200000000	0.1273014279
1479.9300000000	0.1273396042
1479.9400000000	0.1271047902
1479.9500000000	0.1264294895
1479.9600000000	0.1271294785
1479.9700000000	0.1273467770
1479.9800000000	0.1261856344
1479.9900000000	0.1262028188
1480.0000000000	0.1275629052
1480.0100000000	0.1288865348
1480.0200000000	0.1290983100
1480.0300000000	0.1287263221
1480.0400000000	0.1293114670
1480.0500000000	0.1305585417
1480.0600000000	0.1311291766
1480.0700000000	0.1304155254
1480.0800000000	0.1304530806
1480.0900000000	0.1307853552
1480.1000000000	0.1317956188
1480.1100000000	0.1334133576
1480.1200000000	0.1339679340
1480.1300000000	0.1331192990
1480.1400000000	0.1330788568
1480.1500000000	0.1344076906
1480.1600000000	0.1345983990
1480.1700000000	0.1332440778
1480.1800000000	0.1327079081
1480.1900000000	0.1336616617
1480.2000000000	0.1345178287
1480.2100000000	0.1349357384
1480.2200000000	0.1353833051
1480.2300000000	0.1356941043
1480.2400000000	0.1357336478
1480.2500000000	0.1357670010
1480.2600000000	0.1355473080
1480.2700000000	0.1344684606
1480.2800000000	0.1338816087
1480.2900000000	0.1339650849
1480.3000000000	0.1348034450
1480.3100000000	0.1353974221
1480.3200000000	0.1350807309
1480.3300000000	0.1344531840
1480.3400000000	0.1347781475
1480.3500000000	0.1340821390
1480.3600000000	0.1326199374
1480.3700000000	0.1316762892
1480.3800000000	0.1313742150
1480.3900000000	0.1317466531
1480.4000000000	0.1325050075
1480.4100000000	0.1327541126
1480.4200000000	0.1318695607
1480.4300000000	0.1318963246
1480.4400000000	0.1327750041
1480.4500000000	0.1319714092
1480.4600000000	0.1296673776
1480.4700000000	0.1291391806
1480.4800000000	0.1294581214
1480.4900000000	0.1293228441
1480.5000000000	0.1299605883
1480.5100000000	0.1304436317
1480.5200000000	0.1304045052
1480.5300000000	0.1304190270
1480.5400000000	0.1304149160
1480.5500000000	0.1304831002
1480.5600000000	0.1297001682
1480.5700000000	0.1285324106
1480.5800000000	0.1289328001
1480.5900000000	0.1302129094
1480.6000000000	0.1308557890
1480.6100000000	0.1305883343
1480.6200000000	0.1308500400
1480.6300000000	0.1324511832
1480.6400000000	0.1325438473
1480.6500000000	0.1314632479
1480.6600000000	0.1314693113
1480.6700000000	0.1317825605
1480.6800000000	0.1326258511
1480.6900000000	0.1333854641
1480.7000000000	0.1330364998
1480.7100000000	0.1327872742
1480.7200000000	0.1334039625
1480.7300000000	0.1347348854
1480.7400000000	0.1341350748
1480.7500000000	0.1329933002
1480.7600000000	0.1327351825
1480.7700000000	0.1325296277
1480.7800000000	0.1329785905
1480.7900000000	0.1345006161
1480.8000000000	0.1344135869
1480.8100000000	0.1329620847
1480.8200000000	0.1332885862
1480.8300000000	0.1343529350
1480.8400000000	0.1338357459
1480.8500000000	0.1318595153
1480.8600000000	0.1311554763
1480.8700000000	0.1318599642
1480.8800000000	0.1319565394
1480.8900000000	0.1318375404
1480.9000000000	0.1323394613
1480.9100000000	0.1326403762
1480.9200000000	0.1327989708
1480.9300000000	0.1321935425
1480.9400000000	0.1304172162
1480.9500000000	0.1296024828
1480.9600000000	0.1288516591
1480.9700000000	0.1285913142
1480.9800000000	0.1305128505
1480.9900000000	0.1311716115
1481.0000000000	0.1307305269
1481.0100000000	0.1306152534
1481.0200000000	0.1307254133
1481.0300000000	0.1294458442
1481.0400000000	0.1268485965
1481.0500000000	0.1252100928
1481.0600000000	0.1244906589
1481.0700000000	0.1252876209
1481.0800000000	0.1260783985
1481.0900000000	0.1252348222
1481.1000000000	0.1251306067
1481.1100000000	0.1248119501
1481.1200000000	0.1241060671
1481.1300000000	0.1230887682
1481.1400000000	0.1216068787
1481.1500000000	0.1203880123
1481.1600000000	0.1211668423
1481.1700000000	0.1228830952
1481.1800000000	0.1236234724
1481.1900000000	0.1248671391
1481.2000000000	0.1254620183
1481.2100000000	0.1262440783
1481.2200000000	0.1262440783
1481.2300000000	0.1260239132
1481.2400000000	0.1255329436
1481.2500000000	0.1256411012
1481.2600000000	0.1278761770
1481.2700000000	0.1298808950
1481.2800000000	0.1305625162
1481.2900000000	0.1311909356
1481.3000000000	0.1325956360
1481.3100000000	0.1337834813
1481.3200000000	0.1330876199
1481.3300000000	0.1320330976
1481.3400000000	0.1316998021
1481.3500000000	0.1321866814
1481.3600000000	0.1339580019
1481.3700000000	0.1351953964
1481.3800000000	0.1347234283
1481.3900000000	0.1341692274
1481.4000000000	0.1345981627
1481.4100000000	0.1342808918
1481.4200000000	0.1328709684
1481.4300000000	0.1307696767
1481.4400000000	0.1299852891
1481.4500000000	0.1306976329
1481.4600000000	0.1316498759
1481.4700000000	0.1322399214
1481.4800000000	0.1311371855
1481.4900000000	0.1300495636
1481.5000000000	0.1306675104
1481.5100000000	0.1305776876
1481.5200000000	0.1284908355
1481.5300000000	0.1275843724
1481.5400000000	0.1274969586
1481.5500000000	0.1279860741
1481.5600000000	0.1289071271
1481.5700000000	0.1289983691
1481.5800000000	0.1290725520
1481.5900000000	0.1288203714
1481.6000000000	0.1298745274
1481.6100000000	0.1301081266
1481.6200000000	0.1284129970
1481.6300000000	0.1271567385
1481.6400000000	0.1277165597
1481.6500000000	0.1295057462
1481.6600000000	0.1309937459
1481.6700000000	0.1305531187
1481.6800000000	0.1298329130
1481.6900000000	0.1306184562
1481.7000000000	0.1307826478
1481.7100000000	0.1297788442
1481.7200000000	0.1283836055
1481.7300000000	0.1278047164
1481.7400000000	0.1293631931
1481.7500000000	0.1299515072
1481.7600000000	0.1315933338
1481.7700000000	0.1328888817
1481.7800000000	0.1325608335
1481.7900000000	0.1323726716
1481.8000000000	0.1327807867
1481.8100000000	0.1319598107
1481.8200000000	0.1303532924
1481.8300000000	0.1295666740
1481.8400000000	0.1312115013
1481.8500000000	0.1325662491
1481.8600000000	0.1325120778
1481.8700000000	0.1326442709
1481.8800000000	0.1329996351
1481.8900000000	0.1334400893
1481.9000000000	0.1326719078
1481.9100000000	0.1304949437
1481.9200000000	0.1289149874
1481.9300000000	0.1284179976
1481.9400000000	0.1299013406
1481.9500000000	0.1302765203
1481.9600000000	0.1295424898
1481.9700000000	0.1286722725
1481.9800000000	0.1285685331
1481.9900000000	0.1286039187
1482.0000000000	0.1273069151
1482.0100000000	0.1260545681
1482.0200000000	0.1243490551
1482.0300000000	0.1233245489
1482.0400000000	0.1240221493
1482.0500000000	0.1263432286
1482.0600000000	0.1249498798
1482.0700000000	0.1233479050
1482.0800000000	0.1248389350
1482.0900000000	0.1243943876
1482.1000000000	0.1233792825
1482.1100000000	0.1222579276
1482.1200000000	0.1217880386
1482.1300000000	0.1235389626
1482.1400000000	0.1248167327
1482.1500000000	0.1252819374
1482.1600000000	0.1262635174
1482.1700000000	0.1260710353
1482.1800000000	0.1256375899
1482.1900000000	0.1272239691
1482.2000000000	0.1267255779
1482.2100000000	0.1254608651
1482.2200000000	0.1256311225
1482.2300000000	0.1265941387
1482.2400000000	0.1290769914
1482.2500000000	0.1299098511
1482.2600000000	0.1295992850
1482.2700000000	0.1303100682
1482.2800000000	0.1316528757
1482.2900000000	0.1302165637
1482.3000000000	0.1295790611
1482.3100000000	0.1293692424
1482.3200000000	0.1303183648
1482.3300000000	0.1311458602
1482.3400000000	0.1325727499
1482.3500000000	0.1331828403
1482.3600000000	0.1315449846
1482.3700000000	0.1310034907
1482.3800000000	0.1314990249
1482.3900000000	0.1306007975
1482.4000000000	0.1297202019
1482.4100000000	0.1289930381
1482.4200000000	0.1297039271
1482.4300000000	0.1304260388
1482.4400000000	0.1327102121
1482.4500000000	0.1325982878
1482.4600000000	0.1316788839
1482.4700000000	0.1308275553
1482.4800000000	0.1315362077
1482.4900000000	0.1304271025
1482.5000000000	0.1290180422
1482.5100000000	0.1288899803
1482.5200000000	0.1294730042
1482.5300000000	0.1305485737
1482.5400000000	0.1307492494
1482.5500000000	0.1310360115
1482.5600000000	0.1310592394
1482.5700000000	0.1295557730
1482.5800000000	0.1291991117
1482.5900000000	0.1279226930
1482.6000000000	0.1275312679
1482.6100000000	0.1275857872
1482.6200000000	0.1282395856
1482.6300000000	0.1300964432
1482.6400000000	0.1302875949
1482.6500000000	0.1290433984
1482.6600000000	0.1294774753
1482.6700000000	0.1303927277
1482.6800000000	0.1283385251
1482.6900000000	0.1281920704
1482.7000000000	0.1279272255
1482.7100000000	0.1284208034
1482.7200000000	0.1296792384
1482.7300000000	0.1304742959
1482.7400000000	0.1312929395
1482.7500000000	0.1316762892
1482.7600000000	0.1316828955
1482.7700000000	0.1318087660
1482.7800000000	0.1308132385
1482.7900000000	0.1292016447
1482.8000000000	0.1294305804
1482.8100000000	0.1298350806
1482.8200000000	0.1317146234
1482.8300000000	0.1327888093
1482.8400000000	0.1322910937
1482.8500000000	0.1322530728
1482.8600000000	0.1319645642
1482.8700000000	0.1327136369
1482.8800000000	0.1309276593
1482.8900000000	0.1295186881
1482.9000000000	0.1301169779
1482.9100000000	0.1311025454
1482.9200000000	0.1327038490
1482.9300000000	0.1325284026
1482.9400000000	0.1320980163
1482.9500000000	0.1321032997
1482.9600000000	0.1321079326
1482.9700000000	0.1309436364
1482.9800000000	0.1298516749
1482.9900000000	0.1293533231
1483.0000000000	0.1288991037
1483.0100000000	0.1298177738
1483.0200000000	0.1311532760
1483.0300000000	0.1319953051
1483.0400000000	0.1311049942
1483.0500000000	0.1306773581
1483.0600000000	0.1309126270
1483.0700000000	0.1303505993
1483.0800000000	0.1284847410
1483.0900000000	0.1287936904
1483.1000000000	0.1292960107
1483.1100000000	0.1306695876
1483.1200000000	0.1315683880
1483.1300000000	0.1315455910
1483.1400000000	0.1315286994
1483.1500000000	0.1304700643
1483.1600000000	0.1302778382
1483.1700000000	0.1307619449
1483.1800000000	0.1300318000
1483.1900000000	0.1297978813
1483.2000000000	0.1298472591
1483.2100000000	0.1309245420
1483.2200000000	0.1324268382
1483.2300000000	0.1319225970
1483.2400000000	0.1321397140
1483.2500000000	0.1319566800
1483.2600000000	0.1316456061
1483.2700000000	0.1308053382
1483.2800000000	0.1301297236
1483.2900000000	0.1292588220
1483.3000000000	0.1301661216
1483.3100000000	0.1323357834
1483.3200000000	0.1323531148
1483.3300000000	0.1308696858
1483.3400000000	0.1300920959
1483.3500000000	0.1306346828
1483.3600000000	0.1299057025
1483.3700000000	0.1291625474
1483.3800000000	0.1281243090
1483.3900000000	0.1281391014
1483.4000000000	0.1287865221
1483.4100000000	0.1291683756
1483.4200000000	0.1298449515
1483.4300000000	0.1296694216
1483.4400000000	0.1288698177
1483.4500000000	0.1286383026
1483.4600000000	0.1288622425
1483.4700000000	0.1280080081
1483.4800000000	0.1276779325
1483.4900000000	0.1283189710
1483.5000000000	0.1301950397
1483.5100000000	0.1312426553
1483.5200000000	0.1305418555
1483.5300000000	0.1304093829
1483.5400000000	0.1314430382
1483.5500000000	0.1309333348
1483.5600000000	0.1294593868
1483.5700000000	0.1295202837
1483.5800000000	0.1297352335
1483.5900000000	0.1301177900
1483.6000000000	0.1319899398
1483.6100000000	0.1328548227
1483.6200000000	0.1317389518
1483.6300000000	0.1313954027
1483.6400000000	0.1316034661
1483.6500000000	0.1306018730
1483.6600000000	0.1292652184
1483.6700000000	0.1284097790
1483.6800000000	0.1280799714
1483.6900000000	0.1286238699
1483.7000000000	0.1299261523
1483.7100000000	0.1308965818
1483.7200000000	0.1301953930
1483.7300000000	0.1284938084
1483.7400000000	0.1290822076
1483.7500000000	0.1293271743
1483.7600000000	0.1273563833
1483.7700000000	0.1262178020
1483.7800000000	0.1264720077
1483.7900000000	0.1274515598
1483.8000000000	0.1288003883
1483.8100000000	0.1290917342
1483.8200000000	0.1290386605
1483.8300000000	0.1287398708
1483.8400000000	0.1281313163
1483.8500000000	0.1284817869
1483.8600000000	0.1277931192
1483.8700000000	0.1258572632
1483.8800000000	0.1258034570
1483.8900000000	0.1283060746
1483.9000000000	0.1291637705
1483.9100000000	0.1281838195
1483.9200000000	0.1283490055
1483.9300000000	0.1295114177
1483.9400000000	0.1298149983
1483.9500000000	0.1288889158
1483.9600000000	0.1277787413
1483.9700000000	0.1274340315
1483.9800000000	0.1278827531
1483.9900000000	0.1298217738
1484.0000000000	0.1316988940
1484.0100000000	0.1319015087
1484.0200000000	0.1316914308
1484.0300000000	0.1315004836
1484.0400000000	0.1317895661
1484.0500000000	0.1309906749
1484.0600000000	0.1294523015
1484.0700000000	0.1298355008
1484.0800000000	0.1311458023
1484.0900000000	0.1323596963
1484.1000000000	0.1333446216
1484.1100000000	0.1330919577
1484.1200000000	0.1313924695
1484.1300000000	0.1316373947
1484.1400000000	0.1312426699
1484.1500000000	0.1289972379
1484.1600000000	0.1278421650
1484.1700000000	0.1286159571
1484.1800000000	0.1300060229
1484.1900000000	0.1310219580
1484.2000000000	0.1309158598
1484.2100000000	0.1304295936
1484.2200000000	0.1299254261
1484.2300000000	0.1291796649
1484.2400000000	0.1292554770
1484.2500000000	0.1290811473
1484.2600000000	0.1270955588
1484.2700000000	0.1271324367
1484.2800000000	0.1290924684
1484.2900000000	0.1306978015
1484.3000000000	0.1311750605
1484.3100000000	0.1298156341
1484.3200000000	0.1302837068
1484.3300000000	0.1304859549
1484.3400000000	0.1299073626
1484.3500000000	0.1284598356
1484.3600000000	0.1280513569
1484.3700000000	0.1288802582
1484.3800000000	0.1311204937
1484.3900000000	0.1329877694
1484.4000000000	0.1331635522
1484.4100000000	0.1323177399
1484.4200000000	0.1322124650
1484.4300000000	0.1323939650
1484.4400000000	0.1316448172
1484.4500000000	0.1304150512
1484.4600000000	0.1299438438
1484.4700000000	0.1304494714
1484.4800000000	0.1318879773
1484.4900000000	0.1326690669
1484.5000000000	0.1323818158
1484.5100000000	0.1319715571
1484.5200000000	0.1311532354
1484.5300000000	0.1308546634
1484.5400000000	0.1299677809
1484.5500000000	0.1277022937
1484.5600000000	0.1271449584
1484.5700000000	0.1290064409
1484.5800000000	0.1303019354
1484.5900000000	0.1306449032
1484.6000000000	0.1303187170
1484.6100000000	0.1295578829
1484.6200000000	0.1283765469
1484.6300000000	0.1272393146
1484.6400000000	0.1265617028
1484.6500000000	0.1257524390
1484.6600000000	0.1252514386
1484.6700000000	0.1262593944
1484.6800000000	0.1278166241
1484.6900000000	0.1284412808
1484.7000000000	0.1279474431
1484.7100000000	0.1271095052
1484.7200000000	0.1272806095
1484.7300000000	0.1271549292
1484.7400000000	0.1260685451
1484.7500000000	0.1249995003
1484.7600000000	0.1246004170
1484.7700000000	0.1271180563
1484.7800000000	0.1294486501
1484.7900000000	0.1291298374
1484.8000000000	0.1283164023
1484.8100000000	0.1291110000
1484.8200000000	0.1285062200
1484.8300000000	0.1270401583
1484.8400000000	0.1274919789
1484.8500000000	0.1283115844
1484.8600000000	0.1294728237
1484.8700000000	0.1304784820
1484.8800000000	0.1315099094
1484.8900000000	0.1316029251
1484.9000000000	0.1311064472
1484.9100000000	0.1306319481
1484.9200000000	0.1307221687
1484.9300000000	0.1307065323
1484.9400000000	0.1290080660
1484.9500000000	0.1276180965
1484.9600000000	0.1293482818
1484.9700000000	0.1313736876
1484.9800000000	0.1314921408
1484.9900000000	0.1301088857
1485.0000000000	0.1288462663
1485.0100000000	0.1281679457
1485.0200000000	0.1271326959
1485.0300000000	0.1258537780
1485.0400000000	0.1249504187
1485.0500000000	0.1240239317
1485.0600000000	0.1249572381
1485.0700000000	0.1261875773
1485.0800000000	0.1255456062
1485.0900000000	0.1242382129
1485.1000000000	0.1235295480
1485.1100000000	0.1229163668
1485.1200000000	0.1226917964
1485.1300000000	0.1220273948
1485.1400000000	0.1209748193
1485.1500000000	0.1209566475
1485.1600000000	0.1220862103
1485.1700000000	0.1236585984
1485.1800000000	0.1244986423
1485.1900000000	0.1235675478
1485.2000000000	0.1236113282
1485.2100000000	0.1247759430
1485.2200000000	0.1246951564
1485.2300000000	0.1239320217
1485.2400000000	0.1238928165
1485.2500000000	0.1251305616
1485.2600000000	0.1265072958
1485.2700000000	0.1282049665
1485.2800000000	0.1293905370
1485.2900000000	0.1287451308
1485.3000000000	0.1284874671
1485.3100000000	0.1290071578
1485.3200000000	0.1290025582
1485.3300000000	0.1275864984
1485.3400000000	0.1271454783
1485.3500000000	0.1281834536
1485.3600000000	0.1295761118
1485.3700000000	0.1297106254
1485.3800000000	0.1289759137
1485.3900000000	0.1285291663
1485.4000000000	0.1284960151
1485.4100000000	0.1287417964
1485.4200000000	0.1286721621
1485.4300000000	0.1272517361
1485.4400000000	0.1266439438
1485.4500000000	0.1276099263
1485.4600000000	0.1296698701
1485.4700000000	0.1303937966
1485.4800000000	0.1296316150
1485.4900000000	0.1297386099
1485.5000000000	0.1298795894
1485.5100000000	0.1300214471
1485.5200000000	0.1294810654
1485.5300000000	0.1287318300
1485.5400000000	0.1291808241
1485.5500000000	0.1306385059
1485.5600000000	0.1322964257
1485.5700000000	0.1327752471
1485.5800000000	0.1317559185
1485.5900000000	0.1311797696
1485.6000000000	0.1318215251
1485.6100000000	0.1314896723
1485.6200000000	0.1296606877
1485.6300000000	0.1279689386
1485.6400000000	0.1287737541
1485.6500000000	0.1305677050
1485.6600000000	0.1310954822
1485.6700000000	0.1313095311
1485.6800000000	0.1304865546
1485.6900000000	0.1295503390
1485.7000000000	0.1298028177
1485.7100000000	0.1294605965
1485.7200000000	0.1288695452
1485.7300000000	0.1282597914
1485.7400000000	0.1276826667
1485.7500000000	0.1289150715
1485.7600000000	0.1298565222
1485.7700000000	0.1293378327
1485.7800000000	0.1288370497
1485.7900000000	0.1286100646
1485.8000000000	0.1289196353
1485.8100000000	0.1289441469
1485.8200000000	0.1280486396
1485.8300000000	0.1276112684
1485.8400000000	0.1285809475
1485.8500000000	0.1301650044
1485.8600000000	0.1304155136
1485.8700000000	0.1301950251
1485.8800000000	0.1303552697
1485.8900000000	0.1303695503
1485.9000000000	0.1300946587
1485.9100000000	0.1299530585
1485.9200000000	0.1296358650
1485.9300000000	0.1289299261
1485.9400000000	0.1289061021
1485.9500000000	0.1306602042
1485.9600000000	0.1319291666
1485.9700000000	0.1310549732
1485.9800000000	0.1297492212
1485.9900000000	0.1303125588
1486.0000000000	0.1303506043
1486.0100000000	0.1292584683
1486.0200000000	0.1282625048
1486.0300000000	0.1275847366
1486.0400000000	0.1289060952
1486.0500000000	0.1309845131
1486.0600000000	0.1317377234
1486.0700000000	0.1311285392
1486.0800000000	0.1304097421
1486.0900000000	0.1306511752
1486.1000000000	0.1307543041
1486.1100000000	0.1293688185
1486.1200000000	0.1281134665
1486.1300000000	0.1284223914
1486.1400000000	0.1293285828
1486.1500000000	0.1307499415
1486.1600000000	0.1319026123
1486.1700000000	0.1315136941
1486.1800000000	0.1307313630
1486.1900000000	0.1303739822
1486.2000000000	0.1309411576
1486.2100000000	0.1297682065
1486.2200000000	0.1280337410
1486.2300000000	0.1282943109
1486.2400000000	0.1302178586
1486.2500000000	0.1311388196
1486.2600000000	0.1311002892
1486.2700000000	0.1307795861
1486.2800000000	0.1305245972
1486.2900000000	0.1300370578
1486.3000000000	0.1293765426
1486.3100000000	0.1282780713
1486.3200000000	0.1272707557
1486.3300000000	0.1281848695
1486.3400000000	0.1295666207
1486.3500000000	0.1301131386
1486.3600000000	0.1299983851
1486.3700000000	0.1293074545
1486.3800000000	0.1285467180
1486.3900000000	0.1277740730
1486.4000000000	0.1267198968
1486.4100000000	0.1262489368
1486.4200000000	0.1249121058
1486.4300000000	0.1254710509
1486.4400000000	0.1275886919
1486.4500000000	0.1285421683
1486.4600000000	0.1272146354
1486.4700000000	0.1260166384
1486.4800000000	0.1259412488
1486.4900000000	0.1252963807
1486.5000000000	0.1244855043
1486.5100000000	0.1245097702
1486.5200000000	0.1253720865
1486.5300000000	0.1267891648
1486.5400000000	0.1279657555
1486.5500000000	0.1282642479
1486.5600000000	0.1276786250
1486.5700000000	0.1272268200
1486.5800000000	0.1273511090
1486.5900000000	0.1274130124
1486.6000000000	0.1268890648
1486.6100000000	0.1263578724
1486.6200000000	0.1267378401
1486.6300000000	0.1281748678
1486.6400000000	0.1306395900
1486.6500000000	0.1317985295
1486.6600000000	0.1304654186
1486.6700000000	0.1295616640
1486.6800000000	0.1298177678
1486.6900000000	0.1296371772
1486.7000000000	0.1285589692
1486.7100000000	0.1278913863
1486.7200000000	0.1284295793
1486.7300000000	0.1302873698
1486.7400000000	0.1313657377
1486.7500000000	0.1319112926
1486.7600000000	0.1312629825
1486.7700000000	0.1302851472
1486.7800000000	0.1302974277
1486.7900000000	0.1304057704
1486.8000000000	0.1296426324
1486.8100000000	0.1290651661
1486.8200000000	0.1292606222
1486.8300000000	0.1304954568
1486.8400000000	0.1316944539
1486.8500000000	0.1323155974
1486.8600000000	0.1318084075
1486.8700000000	0.1309463979
1486.8800000000	0.1306524379
1486.8900000000	0.1299036192
1486.9000000000	0.1284233530
1486.9100000000	0.1275772374
1486.9200000000	0.1280416015
1486.9300000000	0.1301609048
1486.9400000000	0.1311493319
1486.9500000000	0.1307095026
1486.9600000000	0.1303544955
1486.9700000000	0.1297750877
1486.9800000000	0.1287750963
1486.9900000000	0.1285764661
1487.0000000000	0.1285989952
1487.0100000000	0.1284992165
1487.0200000000	0.1293976219
1487.0300000000	0.1313793830
1487.0400000000	0.1325508018
1487.0500000000	0.1312827109
1487.0600000000	0.1299702133
1487.0700000000	0.1302779190
1487.0800000000	0.1303068065
1487.0900000000	0.1291277600
1487.1000000000	0.1283695380
1487.1100000000	0.1285540663
1487.1200000000	0.1296676427
1487.1300000000	0.1313732307
1487.1400000000	0.1318513694
1487.1500000000	0.1307676568
1487.1600000000	0.1292360896
1487.1700000000	0.1292701499
1487.1800000000	0.1289757789
1487.1900000000	0.1280246140
1487.2000000000	0.1271536849
1487.2100000000	0.1269658087
1487.2200000000	0.1277906784
1487.2300000000	0.1301044953
1487.2400000000	0.1307659828
1487.2500000000	0.1290449027
1487.2600000000	0.1279805092
1487.2700000000	0.1282192091
1487.2800000000	0.1278587344
1487.2900000000	0.1261433142
1487.3000000000	0.1257471503
1487.3100000000	0.1259339520
1487.3200000000	0.1269394840
1487.3300000000	0.1288114433
1487.3400000000	0.1288427486
1487.3500000000	0.1275850676
1487.3600000000	0.1265523797
1487.3700000000	0.1263093982
1487.3800000000	0.1263102233
1487.3900000000	0.1254556931
1487.4000000000	0.1244377252
1487.4100000000	0.1250956190
1487.4200000000	0.1269000648
1487.4300000000	0.1281019459
1487.4400000000	0.1285529487
1487.4500000000	0.1281544294
1487.4600000000	0.1271515011
1487.4700000000	0.1269584132
1487.4800000000	0.1275601798
1487.4900000000	0.1276378117
1487.5000000000	0.1268666366
1487.5100000000	0.1276134043
1487.5200000000	0.1299254649
1487.5300000000	0.1314990222
1487.5400000000	0.1314437010
1487.5500000000	0.1305369096
1487.5600000000	0.1298425757
1487.5700000000	0.1295170876
1487.5800000000	0.1293845926
1487.5900000000	0.1291743725
1487.6000000000	0.1287840278
1487.6100000000	0.1291307255
1487.6200000000	0.1308150269
1487.6300000000	0.1317429533
1487.6400000000	0.1309537631
1487.6500000000	0.1299511804
1487.6600000000	0.1293305905
1487.6700000000	0.1294620549
1487.6800000000	0.1292467935
1487.6900000000	0.1282316435
1487.7000000000	0.1278599301
1487.7100000000	0.1285202526
1487.7200000000	0.1306313175
1487.7300000000	0.1315177834
1487.7400000000	0.1302143290
1487.7500000000	0.1287212019
1487.7600000000	0.1281695455
1487.7700000000	0.1277231869
1487.7800000000	0.1268585548
1487.7900000000	0.1257092384
1487.8000000000	0.1252049369
1487.8100000000	0.1258972508
1487.8200000000	0.1267277795
1487.8300000000	0.1262539500
1487.8400000000	0.1246943481
1487.8500000000	0.1231244415
1487.8600000000	0.1225767174
1487.8700000000	0.1224876965
1487.8800000000	0.1214665488
1487.8900000000	0.1201982615
1487.9000000000	0.1196412861
1487.9100000000	0.1198652046
1487.9200000000	0.1215323379
1487.9300000000	0.1227835668
1487.9400000000	0.1213813739
1487.9500000000	0.1202297590
1487.9600000000	0.1209493263
1487.9700000000	0.1216246506
1487.9800000000	0.1215471407
1487.9900000000	0.1216482674
1488.0000000000	0.1225259008
1488.0100000000	0.1238338906
1488.0200000000	0.1252451157
1488.0300000000	0.1264557152
1488.0400000000	0.1265731655
1488.0500000000	0.1253314333
1488.0600000000	0.1256625450
1488.0700000000	0.1269060703
1488.0800000000	0.1268423872
1488.0900000000	0.1261558772
1488.1000000000	0.1265759903
1488.1100000000	0.1282004024
1488.1200000000	0.1298985455
1488.1300000000	0.1302605961
1488.1400000000	0.1290176736
1488.1500000000	0.1280136069
1488.1600000000	0.1280515512
1488.1700000000	0.1287367397
1488.1800000000	0.1285251251
1488.1900000000	0.1273458522
1488.2000000000	0.1268555590
1488.2100000000	0.1284127422
1488.2200000000	0.1295505160
1488.2300000000	0.1296345571
1488.2400000000	0.1289120860
1488.2500000000	0.1277974165
1488.2600000000	0.1279361340
1488.2700000000	0.1277582113
1488.2800000000	0.1273337229
1488.2900000000	0.1268733744
1488.3000000000	0.1267870637
1488.3100000000	0.1286186457
1488.3200000000	0.1303110607
1488.3300000000	0.1290545203
1488.3400000000	0.1275862876
1488.3500000000	0.1272631052
1488.3600000000	0.1274184973
1488.3700000000	0.1273096509
1488.3800000000	0.1258638075
1488.3900000000	0.1242930215
1488.4000000000	0.1246063378
1488.4100000000	0.1260892616
1488.4200000000	0.1264708881
1488.4300000000	0.1260036420
1488.4400000000	0.1250973799
1488.4500000000	0.1244116247
1488.4600000000	0.1240848417
1488.4700000000	0.1239915000
1488.4800000000	0.1238488641
1488.4900000000	0.1235738657
1488.5000000000	0.1237050990
1488.5100000000	0.1267089133
1488.5200000000	0.1281072650
1488.5300000000	0.1265616224
1488.5400000000	0.1255647250
1488.5500000000	0.1263562904
1488.5600000000	0.1268840874
1488.5700000000	0.1264431356
1488.5800000000	0.1256703684
1488.5900000000	0.1252366946
1488.6000000000	0.1262096252
1488.6100000000	0.1282890046
1488.6200000000	0.1294685521
1488.6300000000	0.1283670150
1488.6400000000	0.1272531873
1488.6500000000	0.1273687574
1488.6600000000	0.1273231156
1488.6700000000	0.1273408156
1488.6800000000	0.1270859162
1488.6900000000	0.1266800652
1488.7000000000	0.1274748126
1488.7100000000	0.1289881078
1488.7200000000	0.1300881447
1488.7300000000	0.1293632620
1488.7400000000	0.1282074433
1488.7500000000	0.1283464895
1488.7600000000	0.1288304975
1488.7700000000	0.1279830996
1488.7800000000	0.1268402426
1488.7900000000	0.1266274306
1488.8000000000	0.1275039068
1488.8100000000	0.1292103480
1488.8200000000	0.1296421792
1488.8300000000	0.1285450267
1488.8400000000	0.1275106973
1488.8500000000	0.1278783083
1488.8600000000	0.1281803496
1488.8700000000	0.1270960068
1488.8800000000	0.1262623120
1488.8900000000	0.1266720457
1488.9000000000	0.1271908687
1488.9100000000	0.1275920606
1488.9200000000	0.1289579092
1488.9300000000	0.1289500503
1488.9400000000	0.1272514441
1488.9500000000	0.1272037071
1488.9600000000	0.1285862405
1488.9700000000	0.1278445830
1488.9800000000	0.1262129203
1488.9900000000	0.1268817020
1489.0000000000	0.1283005418
1489.0100000000	0.1294566374
1489.0200000000	0.1296102239
1489.0300000000	0.1289644679
1489.0400000000	0.1287894083
1489.0500000000	0.1288486032
1489.0600000000	0.1289439340
1489.0700000000	0.1279124512
1489.0800000000	0.1270924537
1489.0900000000	0.1275319394
1489.1000000000	0.1284602046
1489.1100000000	0.1288380938
1489.1200000000	0.1286056955
1489.1300000000	0.1278265182
1489.1400000000	0.1270564389
1489.1500000000	0.1267789735
1489.1600000000	0.1269491704
1489.1700000000	0.1267354336
1489.1800000000	0.1258431594
1489.1900000000	0.1258751072
1489.2000000000	0.1281908409
1489.2100000000	0.1292482580
1489.2200000000	0.1281505532
1489.2300000000	0.1275394136
1489.2400000000	0.1276474795
1489.2500000000	0.1285856846
1489.2600000000	0.1289393695
1489.2700000000	0.1284251533
1489.2800000000	0.1280082635
1489.2900000000	0.1279292270
1489.3000000000	0.1307418224
1489.3100000000	0.1317983901
1489.3200000000	0.1314420726
1489.3300000000	0.1305759601
1489.3400000000	0.1302713628
1489.3500000000	0.1301122397
1489.3600000000	0.1297730769
1489.3700000000	0.1294663012
1489.3800000000	0.1283218703
1489.3900000000	0.1276385363
1489.4000000000	0.1292959081
1489.4100000000	0.1308266437
1489.4200000000	0.1296751003
1489.4300000000	0.1279558655
1489.4400000000	0.1284533784
1489.4500000000	0.1286997576
1489.4600000000	0.1276116398
1489.4700000000	0.1270865097
1489.4800000000	0.1272142690
1489.4900000000	0.1274021283
1489.5000000000	0.1292219908
1489.5100000000	0.1305542441
1489.5200000000	0.1292847226
1489.5300000000	0.1280346867
1489.5400000000	0.1282139971
1489.5500000000	0.1276470477
1489.5600000000	0.1264289755
1489.5700000000	0.1260571211
1489.5800000000	0.1252340765
1489.5900000000	0.1245148910
1489.6000000000	0.1259594069
1489.6100000000	0.1271961490
1489.6200000000	0.1259649706
1489.6300000000	0.1234642954
1489.6400000000	0.1224095127
1489.6500000000	0.1219457897
1489.6600000000	0.1207927001
1489.6700000000	0.1201439523
1489.6800000000	0.1198490629
1489.6900000000	0.1195541690
1489.7000000000	0.1206334878
1489.7100000000	0.1214838468
1489.7200000000	0.1208837480
1489.7300000000	0.1198530228
1489.7400000000	0.1201866450
1489.7500000000	0.1202047041
1489.7600000000	0.1201028592
1489.7700000000	0.1203873040
1489.7800000000	0.1213729638
1489.7900000000	0.1214886433
1489.8000000000	0.1233878637
1489.8100000000	0.1249367472
1489.8200000000	0.1247382669
1489.8300000000	0.1235123786
1489.8400000000	0.1232910418
1489.8500000000	0.1244941737
1489.8600000000	0.1248875921
1489.8700000000	0.1233703904
1489.8800000000	0.1235657566
1489.8900000000	0.1253103893
1489.9000000000	0.1267125003
1489.9100000000	0.1270783768
1489.9200000000	0.1262570775
1489.9300000000	0.1250879920
1489.9400000000	0.1250449282
1489.9500000000	0.1249603487
1489.9600000000	0.1242194326
1489.9700000000	0.1246152635
1489.9800000000	0.1243596751
1489.9900000000	0.1246552706
1490.0000000000	0.1271238890
1490.0100000000	0.1276090545
1490.0200000000	0.1268621213
1490.0300000000	0.1246520461
1490.0400000000	0.1255661143
1490.0500000000	0.1264499925
1490.0600000000	0.1253164301
1490.0700000000	0.1254157469
1490.0800000000	0.1250793812
1490.0900000000	0.1254762024
1490.1000000000	0.1276239378
1490.1100000000	0.1282154141
1490.1200000000	0.1269942043
1490.1300000000	0.1257792504
1490.1400000000	0.1259648232
1490.1500000000	0.1265196361
1490.1600000000	0.1258750830
1490.1700000000	0.1257814500
1490.1800000000	0.1258150151
1490.1900000000	0.1263983891
1490.2000000000	0.1279946419
1490.2100000000	0.1287897801
1490.2200000000	0.1276543122
1490.2300000000	0.1265633868
1490.2400000000	0.1262698247
1490.2500000000	0.1273473876
1490.2600000000	0.1268073987
1490.2700000000	0.1260835353
1490.2800000000	0.1260709059
1490.2900000000	0.1270556507
1490.3000000000	0.1292016340
1490.3100000000	0.1290329965
1490.3200000000	0.1273287632
1490.3300000000	0.1262409438
1490.3400000000	0.1270469445
1490.3500000000	0.1280910792
1490.3600000000	0.1277429186
1490.3700000000	0.1273442752
1490.3800000000	0.1277490237
1490.3900000000	0.1282803435
1490.4000000000	0.1296147265
1490.4100000000	0.1306721965
1490.4200000000	0.1297024614
1490.4300000000	0.1276818939
1490.4400000000	0.1286888388
1490.4500000000	0.1296050614
1490.4600000000	0.1294952711
1490.4700000000	0.1288813097
1490.4800000000	0.1284214770
1490.4900000000	0.1290955552
1490.5000000000	0.1295216352
1490.5100000000	0.1286084396
1490.5200000000	0.1264686159
1490.5300000000	0.1252827664
1490.5400000000	0.1254217059
1490.5500000000	0.1250968140
1490.5600000000	0.1238460676
1490.5700000000	0.1225244831
1490.5800000000	0.1217035148
1490.5900000000	0.1215636568
1490.6000000000	0.1218019338
1490.6100000000	0.1215226033
1490.6200000000	0.1196214240
1490.6300000000	0.1183192985
1490.6400000000	0.1177224220
1490.6500000000	0.1183897338
1490.6600000000	0.1179695219
1490.6700000000	0.1166889649
1490.6800000000	0.1172045847
1490.6900000000	0.1183750742
1490.7000000000	0.1193233050
1490.7100000000	0.1192460692
1490.7200000000	0.1181505324
1490.7300000000	0.1174114626
1490.7400000000	0.1190662260
1490.7500000000	0.1210870277
1490.7600000000	0.1209551111
1490.7700000000	0.1202169616
1490.7800000000	0.1213527638
1490.7900000000	0.1237047738
1490.8000000000	0.1241597132
1490.8100000000	0.1235869534
1490.8200000000	0.1232123733
1490.8300000000	0.1233717475
1490.8400000000	0.1234786701
1490.8500000000	0.1247248318
1490.8600000000	0.1257369363
1490.8700000000	0.1248776426
1490.8800000000	0.1237156716
1490.8900000000	0.1257376658
1490.9000000000	0.1269013034
1490.9100000000	0.1259766375
1490.9200000000	0.1242998928
1490.9300000000	0.1239135268
1490.9400000000	0.1245368660
1490.9500000000	0.1261657930
1490.9600000000	0.1257598838
1490.9700000000	0.1245832807
1490.9800000000	0.1252337133
1490.9900000000	0.1271394226
1491.0000000000	0.1279195811
1491.0100000000	0.1270749562
1491.0200000000	0.1262945499
1491.0300000000	0.1259803333
1491.0400000000	0.1261306301
1491.0500000000	0.1271471600
1491.0600000000	0.1269318496
1491.0700000000	0.1263617968
1491.0800000000	0.1262588018
1491.0900000000	0.1268840584
1491.1000000000	0.1282755651
1491.1100000000	0.1283872201
1491.1200000000	0.1263341898
1491.1300000000	0.1253689777
1491.1400000000	0.1255993968
1491.1500000000	0.1262440783
1491.1600000000	0.1261733050
1491.1700000000	0.1256576914
1491.1800000000	0.1254348786
1491.1900000000	0.1269648326
1491.2000000000	0.1270649952
1491.2100000000	0.1254302009
1491.2200000000	0.1247199208
1491.2300000000	0.1249423746
1491.2400000000	0.1251847331
1491.2500000000	0.1252206233
1491.2600000000	0.1251980595
1491.2700000000	0.1245203875
1491.2800000000	0.1245993335
1491.2900000000	0.1259851034
1491.3000000000	0.1266901791
1491.3100000000	0.1260459106
1491.3200000000	0.1249159275
1491.3300000000	0.1243952233
1491.3400000000	0.1256214872
1491.3500000000	0.1276075806
1491.3600000000	0.1267829544
1491.3700000000	0.1253675425
1491.3800000000	0.1249583092
1491.3900000000	0.1267191656
1491.4000000000	0.1276824161
1491.4100000000	0.1254963188
1491.4200000000	0.1243955673
1491.4300000000	0.1252521625
1491.4400000000	0.1255757894
1491.4500000000	0.1261240672
1491.4600000000	0.1257126994
1491.4700000000	0.1250145861
1491.4800000000	0.1246880081
1491.4900000000	0.1253310301
1491.5000000000	0.1260193284
1491.5100000000	0.1249052832
1491.5200000000	0.1236297420
1491.5300000000	0.1233621383
1491.5400000000	0.1237283037
1491.5500000000	0.1242566876
1491.5600000000	0.1239717083
1491.5700000000	0.1224598060
1491.5800000000	0.1215112569
1491.5900000000	0.1238434188
1491.6000000000	0.1249016303
1491.6100000000	0.1240594385
1491.6200000000	0.1223586856
1491.6300000000	0.1220993395
1491.6400000000	0.1226903084
1491.6500000000	0.1234669600
1491.6600000000	0.1221506874
1491.6700000000	0.1213136671
1491.6800000000	0.1224658208
1491.6900000000	0.1241263715
1491.7000000000	0.1244733035
1491.7100000000	0.1237316524
1491.7200000000	0.1234358639
1491.7300000000	0.1236480388
1491.7400000000	0.1235667763
1491.7500000000	0.1246863801
1491.7600000000	0.1255773440
1491.7700000000	0.1250774309
1491.7800000000	0.1257077425
1491.7900000000	0.1276749566
1491.8000000000	0.1293272883
1491.8100000000	0.1282106284
1491.8200000000	0.1272604453
1491.8300000000	0.1276627231
1491.8400000000	0.1283147111
1491.8500000000	0.1276190424
1491.8600000000	0.1278891787
1491.8700000000	0.1271408587
1491.8800000000	0.1271226294
1491.8900000000	0.1283945572
1491.9000000000	0.1284147203
1491.9100000000	0.1265927767
1491.9200000000	0.1255768898
1491.9300000000	0.1257601199
1491.9400000000	0.1257223419
1491.9500000000	0.1251883969
1491.9600000000	0.1244161850
1491.9700000000	0.1230516490
1491.9800000000	0.1228141604
1491.9900000000	0.1245913103
1492.0000000000	0.1252673556
1492.0100000000	0.1242549398
1492.0200000000	0.1234313289
1492.0300000000	0.1239148779
1492.0400000000	0.1245793937
1492.0500000000	0.1246475841
1492.0600000000	0.1241828988
1492.0700000000	0.1237689795
1492.0800000000	0.1241431029
1492.0900000000	0.1258733861
1492.1000000000	0.1273473978
1492.1100000000	0.1266505140
1492.1200000000	0.1256443479
1492.1300000000	0.1268600209
1492.1400000000	0.1268131744
1492.1500000000	0.1268932554
1492.1600000000	0.1274332303
1492.1700000000	0.1268419725
1492.1800000000	0.1262654570
1492.1900000000	0.1270715605
1492.2000000000	0.1282235316
1492.2100000000	0.1275691980
1492.2200000000	0.1264826893
1492.2300000000	0.1263712038
1492.2400000000	0.1267117487
1492.2500000000	0.1266239725
1492.2600000000	0.1258323660
1492.2700000000	0.1247895673
1492.2800000000	0.1250593917
1492.2900000000	0.1266927103
1492.3000000000	0.1273234918
1492.3100000000	0.1264666992
1492.3200000000	0.1249652988
1492.3300000000	0.1247292180
1492.3400000000	0.1249023333
1492.3500000000	0.1243107441
1492.3600000000	0.1240290564
1492.3700000000	0.1231505361
1492.3800000000	0.1220670872
1492.3900000000	0.1228909499
1492.4000000000	0.1230559610
1492.4100000000	0.1215555775
1492.4200000000	0.1189629501
1492.4300000000	0.1181223265
1492.4400000000	0.1183617203
1492.4500000000	0.1180260485
1492.4600000000	0.1173045732
1492.4700000000	0.1162867943
1492.4800000000	0.1159151248
1492.4900000000	0.1173725506
1492.5000000000	0.1183747548
1492.5100000000	0.1168397554
1492.5200000000	0.1154592066
1492.5300000000	0.1160803419
1492.5400000000	0.1167192936
1492.5500000000	0.1170986973
1492.5600000000	0.1173181315
1492.5700000000	0.1177314211
1492.5800000000	0.1186333813
1492.5900000000	0.1193681433
1492.6000000000	0.1206727743
1492.6100000000	0.1209552044
1492.6200000000	0.1205579224
1492.6300000000	0.1202285432
1492.6400000000	0.1209307120
1492.6500000000	0.1222325018
1492.6600000000	0.1226031994
1492.6700000000	0.1223952043
1492.6800000000	0.1229724730
1492.6900000000	0.1247926262
1492.7000000000	0.1256684160
1492.7100000000	0.1244099429
1492.7200000000	0.1236875833
1492.7300000000	0.1245993335
1492.7400000000	0.1248644263
1492.7500000000	0.1247276980
1492.7600000000	0.1249384909
1492.7700000000	0.1248655107
1492.7800000000	0.1250808601
1492.7900000000	0.1264288152
1492.8000000000	0.1280847828
1492.8100000000	0.1277411466
1492.8200000000	0.1262365699
1492.8300000000	0.1263134442
1492.8400000000	0.1267013872
1492.8500000000	0.1268738689
1492.8600000000	0.1275535788
1492.8700000000	0.1269942263
1492.8800000000	0.1262491768
1492.8900000000	0.1276065691
1492.9000000000	0.1294387069
1492.9100000000	0.1284784041
1492.9200000000	0.1272876222
1492.9300000000	0.1272930137
1492.9400000000	0.1273624074
1492.9500000000	0.1271521152
1492.9600000000	0.1274122015
1492.9700000000	0.1268353025
1492.9800000000	0.1263592858
1492.9900000000	0.1274044943
1493.0000000000	0.1283064343
1493.0100000000	0.1271323350
1493.0200000000	0.1261053195
1493.0300000000	0.1267287589
1493.0400000000	0.1267344308
1493.0500000000	0.1261385913
1493.0600000000	0.1266148614
1493.0700000000	0.1262054598
1493.0800000000	0.1248099279
1493.0900000000	0.1258821955
1493.1000000000	0.1281491260
1493.1100000000	0.1276277019
1493.1200000000	0.1250143886
1493.1300000000	0.1246662319
1493.1400000000	0.1255931716
1493.1500000000	0.1254147817
1493.1600000000	0.1246806314
1493.1700000000	0.1234645624
1493.1800000000	0.1227162341
1493.1900000000	0.1237347153
1493.2000000000	0.1246310828
1493.2100000000	0.1235872493
1493.2200000000	0.1225218473
1493.2300000000	0.1222409524
1493.2400000000	0.1220086775
1493.2500000000	0.1219822645
1493.2600000000	0.1221006023
1493.2700000000	0.1215066907
1493.2800000000	0.1206478732
1493.2900000000	0.1212338435
1493.3000000000	0.1225699723
1493.3100000000	0.1222247725
1493.3200000000	0.1206510514
1493.3300000000	0.1198117929
1493.3400000000	0.1200864407
1493.3500000000	0.1206275884
1493.3600000000	0.1208183160
1493.3700000000	0.1203524195
1493.3800000000	0.1198953844
1493.3900000000	0.1207410268
1493.4000000000	0.1218870032
1493.4100000000	0.1213157592
1493.4200000000	0.1204576319
1493.4300000000	0.1200256242
1493.4400000000	0.1207158882
1493.4500000000	0.1213266629
1493.4600000000	0.1212236912
1493.4700000000	0.1208318197
1493.4800000000	0.1209898171
1493.4900000000	0.1221927350
1493.5000000000	0.1231333736
1493.5100000000	0.1226419945
1493.5200000000	0.1217753634
1493.5300000000	0.1217448229
1493.5400000000	0.1220039906
1493.5500000000	0.1228177704
1493.5600000000	0.1239238804
1493.5700000000	0.1227660687
1493.5800000000	0.1211101324
1493.5900000000	0.1224103240
1493.6000000000	0.1249287961
1493.6100000000	0.1244701820
1493.6200000000	0.1229101816
1493.6300000000	0.1231611051
1493.6400000000	0.1234791293
1493.6500000000	0.1232037454
1493.6600000000	0.1234472711
1493.6700000000	0.1230641253
1493.6800000000	0.1226641331
1493.6900000000	0.1234797259
1493.7000000000	0.1244262767
1493.7100000000	0.1239329854
1493.7200000000	0.1228144398
1493.7300000000	0.1222098855
1493.7400000000	0.1219700736
1493.7500000000	0.1224410239
1493.7600000000	0.1226564069
1493.7700000000	0.1216221254
1493.7800000000	0.1209121709
1493.7900000000	0.1219608747
1493.8000000000	0.1236444612
1493.8100000000	0.1239962915
1493.8200000000	0.1231282605
1493.8300000000	0.1227695523
1493.8400000000	0.1231147788
1493.8500000000	0.1239812313
1493.8600000000	0.1243427456
1493.8700000000	0.1240892078
1493.8800000000	0.1241414446
1493.8900000000	0.1252912306
1493.9000000000	0.1263940142
1493.9100000000	0.1266061897
1493.9200000000	0.1262351310
1493.9300000000	0.1260872415
1493.9400000000	0.1264718348
1493.9500000000	0.1274431191
1493.9600000000	0.1277078859
1493.9700000000	0.1269060924
1493.9800000000	0.1265839315
1493.9900000000	0.1274110030
1494.0000000000	0.1285195704
1494.0100000000	0.1284006484
1494.0200000000	0.1270310211
1494.0300000000	0.1258954617
1494.0400000000	0.1261487298
1494.0500000000	0.1269818300
1494.0600000000	0.1264380673
1494.0700000000	0.1246857112
1494.0800000000	0.1238609874
1494.0900000000	0.1244595290
1494.1000000000	0.1247770480
1494.1100000000	0.1240916073
1494.1200000000	0.1235093544
1494.1300000000	0.1228728206
1494.1400000000	0.1223783341
1494.1500000000	0.1228569435
1494.1600000000	0.1237225852
1494.1700000000	0.1227108084
1494.1800000000	0.1218223479
1494.1900000000	0.1226241302
1494.2000000000	0.1240458571
1494.2100000000	0.1242764437
1494.2200000000	0.1229947283
1494.2300000000	0.1220249594
1494.2400000000	0.1228126429
1494.2500000000	0.1240300077
1494.2600000000	0.1237343352
1494.2700000000	0.1227043092
1494.2800000000	0.1221488930
1494.2900000000	0.1223684951
1494.3000000000	0.1233723297
1494.3100000000	0.1240987622
1494.3200000000	0.1234537398
1494.3300000000	0.1224421075
1494.3400000000	0.1224007578
1494.3500000000	0.1230571697
1494.3600000000	0.1239513226
1494.3700000000	0.1239148308
1494.3800000000	0.1229277859
1494.3900000000	0.1228104754
1494.4000000000	0.1241278890
1494.4100000000	0.1253852266
1494.4200000000	0.1246616307
1494.4300000000	0.1235409054
1494.4400000000	0.1241995258
1494.4500000000	0.1253436891
1494.4600000000	0.1257928436
1494.4700000000	0.1254289328
1494.4800000000	0.1246621716
1494.4900000000	0.1250787218
1494.5000000000	0.1266637845
1494.5100000000	0.1272160875
1494.5200000000	0.1264167205
1494.5300000000	0.1257105238
1494.5400000000	0.1256619233
1494.5500000000	0.1259948319
1494.5600000000	0.1262321554
1494.5700000000	0.1258479041
1494.5800000000	0.1252486516
1494.5900000000	0.1248310297
1494.6000000000	0.1247036817
1494.6100000000	0.1253560910
1494.6200000000	0.1253405065
1494.6300000000	0.1234019057
1494.6400000000	0.1227445327
1494.6500000000	0.1234570104
1494.6600000000	0.1233047017
1494.6700000000	0.1229641868
1494.6800000000	0.1224022221
1494.6900000000	0.1225013373
1494.7000000000	0.1231564910
1494.7100000000	0.1232016366
1494.7200000000	0.1223272866
1494.7300000000	0.1219488531
1494.7400000000	0.1224890792
1494.7500000000	0.1231939104
1494.7600000000	0.1230865093
1494.7700000000	0.1222917479
1494.7800000000	0.1221322309
1494.7900000000	0.1225172891
1494.8000000000	0.1231677021
1494.8100000000	0.1241434614
1494.8200000000	0.1237769684
1494.8300000000	0.1226704367
1494.8400000000	0.1225755167
1494.8500000000	0.1226767797
1494.8600000000	0.1231549700
1494.8700000000	0.1233607755
1494.8800000000	0.1223427037
1494.8900000000	0.1214140829
1494.9000000000	0.1226035821
1494.9100000000	0.1240903995
1494.9200000000	0.1229335888
1494.9300000000	0.1216726770
1494.9400000000	0.1222683129
1494.9500000000	0.1227905518
1494.9600000000	0.1222911844
1494.9700000000	0.1219892147
1494.9800000000	0.1212491920
1494.9900000000	0.1216216449
1495.0000000000	0.1221762320
1495.0100000000	0.1224054802
1495.0200000000	0.1220994539
1495.0300000000	0.1216116431
1495.0400000000	0.1213181094
1495.0500000000	0.1213900404
1495.0600000000	0.1219253600
1495.0700000000	0.1221192228
1495.0800000000	0.1206998534
1495.0900000000	0.1192293323
1495.1000000000	0.1202134858
1495.1100000000	0.1217711423
1495.1200000000	0.1213080182
1495.1300000000	0.1198506732
1495.1400000000	0.1195167805
1495.1500000000	0.1197944515
1495.1600000000	0.1197137833
1495.1700000000	0.1197837185
1495.1800000000	0.1191595467
1495.1900000000	0.1188303659
1495.2000000000	0.1200634882
1495.2100000000	0.1208450412
1495.2200000000	0.1200609860
1495.2300000000	0.1193411647
1495.2400000000	0.1192994312
1495.2500000000	0.1192954237
1495.2600000000	0.1198163994
1495.2700000000	0.1201086307
1495.2800000000	0.1195045753
1495.2900000000	0.1187336798
1495.3000000000	0.1195556891
1495.3100000000	0.1211404747
1495.3200000000	0.1212390629
1495.3300000000	0.1205614783
1495.3400000000	0.1201013339
1495.3500000000	0.1206903390
1495.3600000000	0.1219454305
1495.3700000000	0.1224091401
1495.3800000000	0.1217709168
1495.3900000000	0.1212490043
1495.4000000000	0.1228476971
1495.4100000000	0.1240183094
1495.4200000000	0.1231788846
1495.4300000000	0.1224897773
1495.4400000000	0.1229025918
1495.4500000000	0.1232625260
1495.4600000000	0.1229756134
1495.4700000000	0.1235463822
1495.4800000000	0.1235414050
1495.4900000000	0.1231850213
1495.5000000000	0.1235366104
1495.5100000000	0.1246092644
1495.5200000000	0.1249521214
1495.5300000000	0.1243153823
1495.5400000000	0.1232281454
1495.5500000000	0.1229009649
1495.5600000000	0.1239936020
1495.5700000000	0.1250517675
1495.5800000000	0.1244775599
1495.5900000000	0.1235305767
1495.6000000000	0.1237928583
1495.6100000000	0.1247969278
1495.6200000000	0.1251921196
1495.6300000000	0.1242794265
1495.6400000000	0.1234998635
1495.6500000000	0.1235716468
1495.6600000000	0.1237548452
1495.6700000000	0.1235981908
1495.6800000000	0.1225977821
1495.6900000000	0.1219231128
1495.7000000000	0.1219751264
1495.7100000000	0.1223308759
1495.7200000000	0.1225019424
1495.7300000000	0.1214424715
1495.7400000000	0.1200799566
1495.7500000000	0.1196008997
1495.7600000000	0.1201746283
1495.7700000000	0.1201522828
1495.7800000000	0.1193849232
1495.7900000000	0.1180929186
1495.8000000000	0.1172489943
1495.8100000000	0.1175006458
1495.8200000000	0.1182636747
1495.8300000000	0.1176715943
1495.8400000000	0.1157003600
1495.8500000000	0.1156128747
1495.8600000000	0.1164675871
1495.8700000000	0.1162514074
1495.8800000000	0.1160426791
1495.8900000000	0.1157875878
1495.9000000000	0.1156962971
1495.9100000000	0.1163277243
1495.9200000000	0.1170743606
1495.9300000000	0.1167939903
1495.9400000000	0.1162421829
1495.9500000000	0.1167231950
1495.9600000000	0.1171597791
1495.9700000000	0.1185696868
1495.9800000000	0.1189538739
1495.9900000000	0.1183453415
1496.0000000000	0.1179134678
1496.0100000000	0.1196383091
1496.0200000000	0.1212861345
1496.0300000000	0.1211191670
1496.0400000000	0.1201986748
1496.0500000000	0.1206424301
1496.0600000000	0.1215121119
1496.0700000000	0.1215233056
1496.0800000000	0.1216265974
1496.0900000000	0.1215004336
1496.1000000000	0.1209130154
1496.1100000000	0.1217711050
1496.1200000000	0.1233025631
1496.1300000000	0.1231504855
1496.1400000000	0.1225567298
1496.1500000000	0.1228188885
1496.1600000000	0.1228893613
1496.1700000000	0.1225011166
1496.1800000000	0.1236955473
1496.1900000000	0.1233032996
1496.2000000000	0.1219438971
1496.2100000000	0.1222469353
1496.2200000000	0.1236732793
1496.2300000000	0.1235026140
1496.2400000000	0.1220916172
1496.2500000000	0.1217682060
1496.2600000000	0.1221129996
1496.2700000000	0.1226577654
1496.2800000000	0.1227390192
1496.2900000000	0.1216739771
1496.3000000000	0.1202935453
1496.3100000000	0.1205276295
1496.3200000000	0.1212838644
1496.3300000000	0.1205936816
1496.3400000000	0.1193047149
1496.3500000000	0.1186412239
1496.3600000000	0.1178242848
1496.3700000000	0.1172706768
1496.3800000000	0.1177312692
1496.3900000000	0.1170557600
1496.4000000000	0.1157268416
1496.4100000000	0.1150689628
1496.4200000000	0.1159700626
1496.4300000000	0.1161535302
1496.4400000000	0.1154485734
1496.4500000000	0.1141624788
1496.4600000000	0.1140522966
1496.4700000000	0.1156998026
1496.4800000000	0.1160503468
1496.4900000000	0.1150283188
1496.5000000000	0.1146995005
1496.5100000000	0.1154335328
1496.5200000000	0.1164939208
1496.5300000000	0.1179488791
1496.5400000000	0.1183156345
1496.5500000000	0.1179624657
1496.5600000000	0.1179209872
1496.5700000000	0.1188919649
1496.5800000000	0.1200191001
1496.5900000000	0.1204896206
1496.6000000000	0.1202175104
1496.6100000000	0.1197878244
1496.6200000000	0.1211578144
1496.6300000000	0.1224329525
1496.6400000000	0.1222660334
1496.6500000000	0.1209436388
1496.6600000000	0.1209794035
1496.6700000000	0.1222102383
1496.6800000000	0.1232110830
1496.6900000000	0.1230654770
1496.7000000000	0.1216316596
1496.7100000000	0.1207866316
1496.7200000000	0.1220964768
1496.7300000000	0.1236288351
1496.7400000000	0.1229290529
1496.7500000000	0.1215168254
1496.7600000000	0.1214855761
1496.7700000000	0.1221992233
1496.7800000000	0.1226238601
1496.7900000000	0.1224498961
1496.8000000000	0.1219750446
1496.8100000000	0.1212871103
1496.8200000000	0.1212128118
1496.8300000000	0.1223402571
1496.8400000000	0.1228199638
1496.8500000000	0.1221085088
1496.8600000000	0.1214886319
1496.8700000000	0.1215543112
1496.8800000000	0.1224707871
1496.8900000000	0.1231446628
1496.9000000000	0.1218355356
1496.9100000000	0.1206141302
1496.9200000000	0.1216119610
1496.9300000000	0.1228621448
1496.9400000000	0.1217020705
1496.9500000000	0.1206185989
1496.9600000000	0.1205147570
1496.9700000000	0.1204163356
1496.9800000000	0.1201766752
1496.9900000000	0.1203993248
1497.0000000000	0.1188717630
1497.0100000000	0.1182777600
1497.0200000000	0.1189861087
1497.0300000000	0.1195021952
1497.0400000000	0.1197741241
1497.0500000000	0.1194043639
1497.0600000000	0.1183692745
1497.0700000000	0.1169954097
1497.0800000000	0.1177083452
1497.0900000000	0.1196079160
1497.1000000000	0.1190605333
1497.1100000000	0.1171636925
1497.1200000000	0.1171494878
1497.1300000000	0.1181881374
1497.1400000000	0.1197138140
1497.1500000000	0.1190749830
1497.1600000000	0.1179474453
1497.1700000000	0.1178872849
1497.1800000000	0.1192804036
1497.1900000000	0.1200698770
1497.2000000000	0.1194891848
1497.2100000000	0.1184883884
1497.2200000000	0.1188955049
1497.2300000000	0.1197008824
1497.2400000000	0.1196786196
1497.2500000000	0.1193075732
1497.2600000000	0.1190010960
1497.2700000000	0.1192421350
1497.2800000000	0.1199515185
1497.2900000000	0.1205504258
1497.3000000000	0.1210610082
1497.3100000000	0.1207005969
1497.3200000000	0.1198002827
1497.3300000000	0.1202186136
1497.3400000000	0.1218306613
1497.3500000000	0.1217496498
1497.3600000000	0.1195545417
1497.3700000000	0.1195497781
1497.3800000000	0.1209469796
1497.3900000000	0.1215832411
1497.4000000000	0.1209666135
1497.4100000000	0.1196102291
1497.4200000000	0.1189017523
1497.4300000000	0.1194419284
1497.4400000000	0.1204355235
1497.4500000000	0.1193382228
1497.4600000000	0.1181508705
1497.4700000000	0.1183779421
1497.4800000000	0.1189456771
1497.4900000000	0.1193583640
1497.5000000000	0.1194345502
1497.5100000000	0.1192185313
1497.5200000000	0.1174651514
1497.5300000000	0.1174125500
1497.5400000000	0.1193698750
1497.5500000000	0.1190730126
1497.5600000000	0.1171694102
1497.5700000000	0.1172280585
1497.5800000000	0.1170278224
1497.5900000000	0.1180146617
1497.6000000000	0.1193170581
1497.6100000000	0.1179996824
1497.6200000000	0.1164114110
1497.6300000000	0.1181589359
1497.6400000000	0.1193212946
1497.6500000000	0.1190706454
1497.6600000000	0.1191840565
1497.6700000000	0.1186490273
1497.6800000000	0.1189023491
1497.6900000000	0.1197468471
1497.7000000000	0.1203845653
1497.7100000000	0.1197033532
1497.7200000000	0.1191847871
1497.7300000000	0.1201646710
1497.7400000000	0.1210548129
1497.7500000000	0.1212796051
1497.7600000000	0.1213122873
1497.7700000000	0.1204833206
1497.7800000000	0.1200667685
1497.7900000000	0.1210790178
1497.8000000000	0.1230144259
1497.8100000000	0.1215377622
1497.8200000000	0.1193942526
1497.8300000000	0.1203130488
1497.8400000000	0.1225165098
1497.8500000000	0.1228090444
1497.8600000000	0.1224540320
1497.8700000000	0.1215918922
1497.8800000000	0.1212071126
1497.8900000000	0.1213907768
1497.9000000000	0.1217173164
1497.9100000000	0.1204782806
1497.9200000000	0.1194491535
1497.9300000000	0.1189619392
1497.9400000000	0.1193433305
1497.9500000000	0.1196587563
1497.9600000000	0.1196382179
1497.9700000000	0.1184547103
1497.9800000000	0.1171799689
1497.9900000000	0.1170602044
1498.0000000000	0.1175204847
1498.0100000000	0.1169313830
1498.0200000000	0.1151810820
1498.0300000000	0.1139211356
1498.0400000000	0.1148802476
1498.0500000000	0.1156453744
1498.0600000000	0.1150588493
1498.0700000000	0.1139085362
1498.0800000000	0.1133397072
1498.0900000000	0.1136718446
1498.1000000000	0.1143390443
1498.1100000000	0.1143759468
1498.1200000000	0.1132520135
1498.1300000000	0.1121641420
1498.1400000000	0.1135220847
1498.1500000000	0.1149008470
1498.1600000000	0.1146827712
1498.1700000000	0.1142239053
1498.1800000000	0.1145932061
1498.1900000000	0.1154281381
1498.2000000000	0.1166054069
1498.2100000000	0.1175069442
1498.2200000000	0.1174830003
1498.2300000000	0.1162635249
1498.2400000000	0.1159955826
1498.2500000000	0.1177995023
1498.2600000000	0.1191261283
1498.2700000000	0.1183575560
1498.2800000000	0.1171966385
1498.2900000000	0.1171265030
1498.3000000000	0.1188569119
1498.3100000000	0.1204156310
1498.3200000000	0.1195921785
1498.3300000000	0.1182380973
1498.3400000000	0.1182579312
1498.3500000000	0.1200102876
1498.3600000000	0.1202671244
1498.3700000000	0.1199899906
1498.3800000000	0.1198674801
1498.3900000000	0.1192226591
1498.4000000000	0.1198276192
1498.4100000000	0.1208011430
1498.4200000000	0.1201214435
1498.4300000000	0.1188191601
1498.4400000000	0.1194881715
1498.4500000000	0.1202780717
1498.4600000000	0.1206710138
1498.4700000000	0.1202368609
1498.4800000000	0.1188338128
1498.4900000000	0.1180918941
1498.5000000000	0.1188851314
1498.5100000000	0.1195472704
1498.5200000000	0.1183345520
1498.5300000000	0.1153387513
1498.5400000000	0.1150198447
1498.5500000000	0.1162463578
1498.5600000000	0.1161719499
1498.5700000000	0.1153544756
1498.5800000000	0.1136058687
1498.5900000000	0.1127811837
1498.6000000000	0.1124886516
1498.6100000000	0.1126605752
1498.6200000000	0.1127719845
1498.6300000000	0.1126251197
1498.6400000000	0.1115237877
1498.6500000000	0.1119325242
1498.6600000000	0.1143831116
1498.6700000000	0.1149129695
1498.6800000000	0.1139508015
1498.6900000000	0.1138597889
1498.7000000000	0.1149647822
1498.7100000000	0.1162977676
1498.7200000000	0.1171312294
1498.7300000000	0.1168578381
1498.7400000000	0.1158453926
1498.7500000000	0.1173601070
1498.7600000000	0.1198084928
1498.7700000000	0.1201804805
1498.7800000000	0.1190517261
1498.7900000000	0.1184963091
1498.8000000000	0.1190692117
1498.8100000000	0.1197518044
1498.8200000000	0.1206482128
1498.8300000000	0.1206308781
1498.8400000000	0.1189142640
1498.8500000000	0.1190338058
1498.8600000000	0.1202473203
1498.8700000000	0.1207213609
1498.8800000000	0.1201645923
1498.8900000000	0.1194834248
1498.9000000000	0.1195095667
1498.9100000000	0.1202245605
1498.9200000000	0.1215551459
1498.9300000000	0.1212490810
1498.9400000000	0.1194477270
1498.9500000000	0.1189546261
1498.9600000000	0.1202024969
1498.9700000000	0.1208551051
1498.9800000000	0.1198515324
1498.9900000000	0.1184893263
1499.0000000000	0.1185924630
1499.0100000000	0.1199332820
1499.0200000000	0.1206470165
1499.0300000000	0.1201381197
1499.0400000000	0.1182412900
1499.0500000000	0.1171563628
1499.0600000000	0.1176455164
1499.0700000000	0.1176646722
1499.0800000000	0.1166122942
1499.0900000000	0.1160180982
1499.1000000000	0.1146637788
1499.1100000000	0.1149096940
1499.1200000000	0.1157381382
1499.1300000000	0.1156959229
1499.1400000000	0.1146810826
1499.1500000000	0.1129833772
1499.1600000000	0.1125852439
1499.1700000000	0.1135358218
1499.1800000000	0.1137655252
1499.1900000000	0.1126313681
1499.2000000000	0.1117734953
1499.2100000000	0.1129718294
1499.2200000000	0.1144091220
1499.2300000000	0.1141326119
1499.2400000000	0.1131616526
1499.2500000000	0.1123578280
1499.2600000000	0.1128014588
1499.2700000000	0.1141588291
1499.2800000000	0.1135056160
1499.2900000000	0.1127243339
1499.3000000000	0.1128967735
1499.3100000000	0.1130432727
1499.3200000000	0.1127813702
1499.3300000000	0.1146096206
1499.3400000000	0.1151179679
1499.3500000000	0.1141616370
1499.3600000000	0.1134444518
1499.3700000000	0.1160466207
1499.3800000000	0.1170738326
1499.3900000000	0.1155499647
1499.4000000000	0.1159926117
1499.4100000000	0.1167501888
1499.4200000000	0.1177148717
1499.4300000000	0.1193347463
1499.4400000000	0.1191002672
1499.4500000000	0.1175266055
1499.4600000000	0.1173930518
1499.4700000000	0.1190794992
1499.4800000000	0.1199207521
1499.4900000000	0.1194863435
1499.5000000000	0.1193526834
1499.5100000000	0.1189982541
1499.5200000000	0.1196379642
1499.5300000000	0.1196824636
1499.5400000000	0.1198774857
1499.5500000000	0.1185339625
1499.5600000000	0.1178405317
1499.5700000000	0.1186722053
1499.5800000000	0.1194913598
1499.5900000000	0.1201224353
1499.6000000000	0.1197845557
1499.6100000000	0.1188807934
1499.6200000000	0.1194235851
1499.6300000000	0.1208243429
1499.6400000000	0.1210165948
1499.6500000000	0.1189897910
1499.6600000000	0.1177375919
1499.6700000000	0.1185793368
1499.6800000000	0.1200161711
1499.6900000000	0.1199051933
1499.7000000000	0.1183656561
1499.7100000000	0.1179212668
1499.7200000000	0.1187149101
1499.7300000000	0.1195016690
1499.7400000000	0.1198944923
1499.7500000000	0.1193770365
1499.7600000000	0.1181477930
1499.7700000000	0.1165856661
1499.7800000000	0.1182053532
1499.7900000000	0.1188558185
1499.8000000000	0.1177469607
1499.8100000000	0.1162882448
1499.8200000000	0.1156432093
1499.8300000000	0.1163691499
1499.8400000000	0.1177289303
1499.8500000000	0.1176754698
1499.8600000000	0.1154233880
1499.8700000000	0.1139305682
1499.8800000000	0.1155890338
1499.8900000000	0.1163207315
1499.9000000000	0.1153697174
1499.9100000000	0.1146645093
1499.9200000000	0.1152397908
1499.9300000000	0.1163637369
1499.9400000000	0.1172391860
1499.9500000000	0.1178738564
1499.9600000000	0.1165843317
1499.9700000000	0.1163649862
1499.9800000000	0.1182165350
1499.9900000000	0.1187954241
1500.0000000000	0.1188743845
1500.0100000000	0.1187504764
1500.0200000000	0.1183989119
1500.0300000000	0.1187184652
1500.0400000000	0.1201811249
1500.0500000000	0.1212283361
1500.0600000000	0.1201494425
1500.0700000000	0.1189889961
1500.0800000000	0.1193989417
1500.0900000000	0.1203459358
1500.1000000000	0.1211814334
1500.1100000000	0.1202065531
1500.1200000000	0.1186453537
1500.1300000000	0.1188960060
1500.1400000000	0.1210169792
1500.1500000000	0.1205280405
1500.1600000000	0.1185570665
1500.1700000000	0.1183375382
1500.1800000000	0.1189768368
1500.1900000000	0.1197330594
1500.2000000000	0.1193519066
1500.2100000000	0.1186957622
1500.2200000000	0.1175369741
1500.2300000000	0.1176961543
1500.2400000000	0.1179819575
1500.2500000000	0.1183328281
1500.2600000000	0.1178650044
1500.2700000000	0.1160150685
1500.2800000000	0.1142588095
1500.2900000000	0.1153650195
1500.3000000000	0.1165703110
1500.3100000000	0.1152686973
1500.3200000000	0.1138424488
1500.3300000000	0.1135669256
1500.3400000000	0.1143563731
1500.3500000000	0.1157511770
1500.3600000000	0.1155536471
1500.3700000000	0.1134060653
1500.3800000000	0.1121360067
1500.3900000000	0.1141979035
1500.4000000000	0.1150863378
1500.4100000000	0.1144995553
1500.4200000000	0.1138511895
1500.4300000000	0.1140979436
1500.4400000000	0.1154387859
1500.4500000000	0.1170484968
1500.4600000000	0.1175794124
1500.4700000000	0.1164881208
1500.4800000000	0.1162882421
1500.4900000000	0.1169834868
1500.5000000000	0.1182746459
1500.5100000000	0.1188043512
1500.5200000000	0.1186210691
1500.5300000000	0.1181092408
1500.5400000000	0.1183159852
1500.5500000000	0.1203490692
1500.5600000000	0.1222023094
1500.5700000000	0.1207944226
1500.5800000000	0.1188739084
1500.5900000000	0.1195139584
1500.6000000000	0.1213415581
1500.6100000000	0.1214346201
1500.6200000000	0.1206594263
1500.6300000000	0.1197221845
1500.6400000000	0.1207504414
1500.6500000000	0.1220964768
1500.6600000000	0.1220446694
1500.6700000000	0.1212201068
1500.6800000000	0.1199135628
1500.6900000000	0.1194910904
1500.7000000000	0.1210617821
1500.7100000000	0.1217838883
1500.7200000000	0.1207064870
1500.7300000000	0.1189826780
1500.7400000000	0.1189672082
1500.7500000000	0.1193190287
1500.7600000000	0.1204645752
1500.7700000000	0.1206235737
1500.7800000000	0.1176333909
1500.7900000000	0.1161211991
1500.8000000000	0.1172886451
1500.8100000000	0.1183161787
1500.8200000000	0.1174060519
1500.8300000000	0.1153661955
1500.8400000000	0.1138998716
1500.8500000000	0.1141405865
1500.8600000000	0.1159958413
1500.8700000000	0.1164077588
1500.8800000000	0.1148684100
1500.8900000000	0.1143552927
1500.9000000000	0.1148305112
1500.9100000000	0.1156211393
1500.9200000000	0.1153258738
1500.9300000000	0.1160506647
1500.9400000000	0.1156569662
1500.9500000000	0.1151599775
1500.9600000000	0.1169422355
1500.9700000000	0.1185429562
1500.9800000000	0.1173052879
1500.9900000000	0.1165833030
1501.0000000000	0.1171755492
1501.0100000000	0.1184001965
1501.0200000000	0.1183630973
1501.0300000000	0.1181216348
1501.0400000000	0.1174312891
1501.0500000000	0.1176108282
1501.0600000000	0.1191457746
1501.0700000000	0.1202906646
1501.0800000000	0.1190670366
1501.0900000000	0.1171236145
1501.1000000000	0.1169466456
1501.1100000000	0.1185447913
1501.1200000000	0.1187667785
1501.1300000000	0.1179694193
1501.1400000000	0.1167948163
1501.1500000000	0.1169424074
1501.1600000000	0.1179124063
1501.1700000000	0.1178405512
1501.1800000000	0.1177343511
1501.1900000000	0.1163756533
1501.2000000000	0.1151957258
1501.2100000000	0.1163153412
1501.2200000000	0.1174060490
1501.2300000000	0.1170511753
1501.2400000000	0.1157320512
1501.2500000000	0.1148213072
1501.2600000000	0.1150837398
1501.2700000000	0.1166827414
1501.2800000000	0.1170476338
1501.2900000000	0.1153832635
1501.3000000000	0.1141328314
1501.3100000000	0.1148717455
1501.3200000000	0.1161039155
1501.3300000000	0.1158580803
1501.3400000000	0.1153604776
1501.3500000000	0.1153245937
1501.3600000000	0.1158057602
1501.3700000000	0.1176954816
1501.3800000000	0.1191587888
1501.3900000000	0.1172562637
1501.4000000000	0.1170220749
1501.4100000000	0.1180798573
1501.4200000000	0.1190055962
1501.4300000000	0.1187111810
1501.4400000000	0.1189641024
1501.4500000000	0.1184548640
1501.4600000000	0.1186433881
1501.4700000000	0.1200752513
1501.4800000000	0.1212625175
1501.4900000000	0.1210307782
1501.5000000000	0.1192575766
1501.5100000000	0.1181438726
1501.5200000000	0.1189792450
1501.5300000000	0.1201168406
1501.5400000000	0.1189671794
1501.5500000000	0.1169335726
1501.5600000000	0.1170013602
1501.5700000000	0.1184459063
1501.5800000000	0.1195072363
1501.5900000000	0.1190388803
1501.6000000000	0.1181933241
1501.6100000000	0.1173997571
1501.6200000000	0.1176457082
1501.6300000000	0.1187027469
1501.6400000000	0.1184574747
1501.6500000000	0.1169834908
1501.6600000000	0.1166104033
1501.6700000000	0.1172214985
1501.6800000000	0.1188481705
1501.6900000000	0.1203904376
1501.7000000000	0.1190156897
1501.7100000000	0.1171622571
1501.7200000000	0.1176224722
1501.7300000000	0.1185460501
1501.7400000000	0.1177106176
1501.7500000000	0.1160776941
1501.7600000000	0.1151228340
1501.7700000000	0.1147506976
1501.7800000000	0.1159290656
1501.7900000000	0.1165391500
1501.8000000000	0.1148828669
1501.8100000000	0.1134724762
1501.8200000000	0.1134017103
1501.8300000000	0.1140052301
1501.8400000000	0.1144902116
1501.8500000000	0.1141442374
1501.8600000000	0.1126571070
1501.8700000000	0.1125757550
1501.8800000000	0.1144975821
1501.8900000000	0.1158035739
1501.9000000000	0.1158205092
1501.9100000000	0.1153933062
1501.9200000000	0.1147073128
1501.9300000000	0.1155160753
1501.9400000000	0.1172023037
1501.9500000000	0.1171856276
1501.9600000000	0.1155984092
1501.9700000000	0.1161001279
1501.9800000000	0.1179554742
1501.9900000000	0.1192852262
1502.0000000000	0.1188250454
1502.0100000000	0.1170539957
1502.0200000000	0.1162566849
1502.0300000000	0.1165971921
1502.0400000000	0.1177527390
1502.0500000000	0.1180839463
1502.0600000000	0.1175227339
1502.0700000000	0.1174634725
1502.0800000000	0.1174255515
1502.0900000000	0.1184575951
1502.1000000000	0.1190762417
1502.1100000000	0.1176161119
1502.1200000000	0.1155234226
1502.1300000000	0.1153474110
1502.1400000000	0.1158431306
1502.1500000000	0.1165186695
1502.1600000000	0.1165691453
1502.1700000000	0.1155175269
1502.1800000000	0.1157258029
1502.1900000000	0.1173301726
1502.2000000000	0.1181524386
1502.2100000000	0.1163659051
1502.2200000000	0.1143813017
1502.2300000000	0.1145445536
1502.2400000000	0.1154612906
1502.2500000000	0.1149785047
1502.2600000000	0.1146722204
1502.2700000000	0.1141852303
1502.2800000000	0.1139989874
1502.2900000000	0.1153793026
1502.3000000000	0.1166711795
1502.3100000000	0.1164232054
1502.3200000000	0.1152802433
1502.3300000000	0.1142530948
1502.3400000000	0.1151065165
1502.3500000000	0.1162131283
1502.3600000000	0.1161563244
1502.3700000000	0.1151677456
1502.3800000000	0.1149998562
1502.3900000000	0.1157622254
1502.4000000000	0.1176097457
1502.4100000000	0.1187293495
1502.4200000000	0.1174324179
1502.4300000000	0.1157707358
1502.4400000000	0.1159166678
1502.4500000000	0.1172009665
1502.4600000000	0.1175891421
1502.4700000000	0.1170423827
1502.4800000000	0.1164615299
1502.4900000000	0.1168966030
1502.5000000000	0.1183276836
1502.5100000000	0.1190606979
1502.5200000000	0.1176985970
1502.5300000000	0.1164488983
1502.5400000000	0.1163434045
1502.5500000000	0.1158122397
1502.5600000000	0.1162889206
1502.5700000000	0.1161788159
1502.5800000000	0.1153566220
1502.5900000000	0.1149167734
1502.6000000000	0.1157418139
1502.6100000000	0.1169672664
1502.6200000000	0.1168835966
1502.6300000000	0.1154961486
1502.6400000000	0.1141826660
1502.6500000000	0.1153847274
1502.6600000000	0.1168242180
1502.6700000000	0.1164276566
1502.6800000000	0.1150295959
1502.6900000000	0.1153158629
1502.7000000000	0.1168043444
1502.7100000000	0.1180681749
1502.7200000000	0.1184576954
1502.7300000000	0.1172014947
1502.7400000000	0.1155255111
1502.7500000000	0.1163239309
1502.7600000000	0.1174854316
1502.7700000000	0.1179471385
1502.7800000000	0.1170147752
1502.7900000000	0.1167554122
1502.8000000000	0.1167926781
1502.8100000000	0.1176702878
1502.8200000000	0.1183510294
1502.8300000000	0.1170203498
1502.8400000000	0.1155407504
1502.8500000000	0.1149563928
1502.8600000000	0.1151224119
1502.8700000000	0.1156944350
1502.8800000000	0.1154243350
1502.8900000000	0.1135836689
1502.9000000000	0.1124882280
1502.9100000000	0.1140336899
1502.9200000000	0.1151014714
1502.9300000000	0.1138644876
1502.9400000000	0.1120081072
1502.9500000000	0.1110170274
1502.9600000000	0.1121441526
1502.9700000000	0.1132911446
1502.9800000000	0.1125013527
1502.9900000000	0.1112364436
1503.0000000000	0.1114301838
1503.0100000000	0.1122131584
1503.0200000000	0.1132500520
1503.0300000000	0.1135480160
1503.0400000000	0.1126407720
1503.0500000000	0.1111067645
1503.0600000000	0.1111468193
1503.0700000000	0.1123653457
1503.0800000000	0.1132492151
1503.0900000000	0.1129346525
1503.1000000000	0.1119526272
1503.1100000000	0.1116425204
1503.1200000000	0.1138005468
1503.1300000000	0.1160180982
1503.1400000000	0.1145582203
1503.1500000000	0.1126029329
1503.1600000000	0.1132284930
1503.1700000000	0.1148626028
1503.1800000000	0.1161115543
1503.1900000000	0.1159279945
1503.2000000000	0.1152802372
1503.2100000000	0.1155784605
1503.2200000000	0.1172316071
1503.2300000000	0.1189205713
1503.2400000000	0.1181230179
1503.2500000000	0.1163913575
1503.2600000000	0.1160571939
1503.2700000000	0.1160538523
1503.2800000000	0.1173327864
1503.2900000000	0.1180886851
1503.3000000000	0.1172955266
1503.3100000000	0.1170049392
1503.3200000000	0.1176270860
1503.3300000000	0.1185588443
1503.3400000000	0.1190458519
1503.3500000000	0.1180218047
1503.3600000000	0.1159635378
1503.3700000000	0.1154909015
1503.3800000000	0.1168495993
1503.3900000000	0.1168836689
1503.4000000000	0.1152434063
1503.4100000000	0.1141869990
1503.4200000000	0.1142274550
1503.4300000000	0.1157955379
1503.4400000000	0.1159458712
1503.4500000000	0.1141617182
1503.4600000000	0.1123569801
1503.4700000000	0.1120913369
1503.4800000000	0.1126349789
1503.4900000000	0.1119990194
1503.5000000000	0.1114437934
1503.5100000000	0.1110757061
1503.5200000000	0.1108032942
1503.5300000000	0.1113369209
1503.5400000000	0.1121778559
1503.5500000000	0.1122019239
1503.5600000000	0.1110768747
1503.5700000000	0.1105659740
1503.5800000000	0.1103583094
1503.5900000000	0.1117928433
1503.6000000000	0.1127753191
1503.6100000000	0.1110153541
1503.6200000000	0.1103497889
1503.6300000000	0.1126355141
1503.6400000000	0.1139819018
1503.6500000000	0.1139294048
1503.6600000000	0.1127356321
1503.6700000000	0.1110342628
1503.6800000000	0.1114714768
1503.6900000000	0.1131067665
1503.7000000000	0.1132420701
1503.7100000000	0.1118219987
1503.7200000000	0.1119479687
1503.7300000000	0.1131632365
1503.7400000000	0.1149412428
1503.7500000000	0.1153696480
1503.7600000000	0.1145767585
1503.7700000000	0.1134008139
1503.7800000000	0.1126857189
1503.7900000000	0.1133371299
1503.8000000000	0.1144490773
1503.8100000000	0.1145878923
1503.8200000000	0.1138912141
1503.8300000000	0.1134977293
1503.8400000000	0.1146803461
1503.8500000000	0.1168040049
1503.8600000000	0.1163685032
1503.8700000000	0.1139184534
1503.8800000000	0.1124141955
1503.8900000000	0.1126813375
1503.9000000000	0.1140827583
1503.9100000000	0.1143409581
1503.9200000000	0.1128812029
1503.9300000000	0.1119820156
1503.9400000000	0.1132316753
1503.9500000000	0.1135381241
1503.9600000000	0.1132542291
1503.9700000000	0.1119680144
1503.9800000000	0.1106483885
1503.9900000000	0.1101167569
1504.0000000000	0.1107971697
1504.0100000000	0.1120014836
1504.0200000000	0.1118576790
1504.0300000000	0.1112167907
1504.0400000000	0.1111245068
1504.0500000000	0.1127143923
1504.0600000000	0.1152361859
1504.0700000000	0.1145681917
1504.0800000000	0.1123223133
1504.0900000000	0.1120542376
1504.1000000000	0.1131705573
1504.1100000000	0.1139913860
1504.1200000000	0.1149096934
1504.1300000000	0.1143875916
1504.1400000000	0.1143201092
1504.1500000000	0.1158736050
1504.1600000000	0.1174221047
1504.1700000000	0.1166511719
1504.1800000000	0.1148615435
1504.1900000000	0.1142028093
1504.2000000000	0.1147991359
1504.2100000000	0.1153630758
1504.2200000000	0.1157342512
1504.2300000000	0.1151277264
1504.2400000000	0.1145447129
1504.2500000000	0.1155730007
1504.2600000000	0.1165692649
1504.2700000000	0.1166650902
1504.2800000000	0.1160180982
1504.2900000000	0.1140047065
1504.3000000000	0.1131361663
1504.3100000000	0.1145689603
1504.3200000000	0.1154297007
1504.3300000000	0.1144462827
1504.3400000000	0.1136540534
1504.3500000000	0.1139467806
1504.3600000000	0.1148971751
1504.3700000000	0.1160024525
1504.3800000000	0.1144522383
1504.3900000000	0.1112836779
1504.4000000000	0.1116449142
1504.4100000000	0.1129301458
1504.4200000000	0.1129738597
1504.4300000000	0.1124790602
1504.4400000000	0.1125140989
1504.4500000000	0.1125644473
1504.4600000000	0.1134094265
1504.4700000000	0.1142090972
1504.4800000000	0.1138439800
1504.4900000000	0.1119543925
1504.5000000000	0.1104128682
1504.5100000000	0.1108294344
1504.5200000000	0.1116504704
1504.5300000000	0.1127368716
1504.5400000000	0.1115531704
1504.5500000000	0.1112801965
1504.5600000000	0.1126010222
1504.5700000000	0.1142530938
1504.5800000000	0.1146113672
1504.5900000000	0.1136044386
1504.6000000000	0.1121641200
1504.6100000000	0.1114987907
1504.6200000000	0.1126224632
1504.6300000000	0.1136442495
1504.6400000000	0.1127032977
1504.6500000000	0.1121821368
1504.6600000000	0.1128727713
1504.6700000000	0.1140685142
1504.6800000000	0.1149379366
1504.6900000000	0.1140977939
1504.7000000000	0.1117710979
1504.7100000000	0.1112382398
1504.7200000000	0.1117225270
1504.7300000000	0.1123243423
1504.7400000000	0.1127880953
1504.7500000000	0.1123710768
1504.7600000000	0.1115069851
1504.7700000000	0.1122454374
1504.7800000000	0.1139839908
1504.7900000000	0.1141230750
1504.8000000000	0.1126642630
1504.8100000000	0.1109437202
1504.8200000000	0.1106112845
1504.8300000000	0.1116509605
1504.8400000000	0.1125771043
1504.8500000000	0.1119892215
1504.8600000000	0.1110789790
1504.8700000000	0.1117333831
1504.8800000000	0.1135557358
1504.8900000000	0.1138077437
1504.9000000000	0.1125098629
1504.9100000000	0.1110496505
1504.9200000000	0.1107039916
1504.9300000000	0.1115890643
1504.9400000000	0.1124872813
1504.9500000000	0.1126815411
1504.9600000000	0.1121665561
1504.9700000000	0.1117918390
1504.9800000000	0.1129261849
1504.9900000000	0.1146440231
1505.0000000000	0.1149926552
1505.0100000000	0.1128918886
1505.0200000000	0.1114193890
1505.0300000000	0.1123923208
1505.0400000000	0.1136110495
1505.0500000000	0.1137954410
1505.0600000000	0.1134769491
1505.0700000000	0.1127764209
1505.0800000000	0.1126816734
1505.0900000000	0.1143321928
1505.1000000000	0.1150884636
1505.1100000000	0.1138056074
1505.1200000000	0.1121833538
1505.1300000000	0.1118083158
1505.1400000000	0.1125856057
1505.1500000000	0.1139650039
1505.1600000000	0.1135806701
1505.1700000000	0.1131802115
1505.1800000000	0.1135045047
1505.1900000000	0.1145288994
1505.2000000000	0.1149746994
1505.2100000000	0.1143268804
1505.2200000000	0.1121406487
1505.2300000000	0.1108065257
1505.2400000000	0.1115778319
1505.2500000000	0.1128358854
1505.2600000000	0.1122399710
1505.2700000000	0.1115526727
1505.2800000000	0.1110447544
1505.2900000000	0.1117185348
1505.3000000000	0.1131480581
1505.3100000000	0.1133096459
1505.3200000000	0.1113762367
1505.3300000000	0.1095349703
1505.3400000000	0.1099382882
1505.3500000000	0.1114929275
1505.3600000000	0.1120156850
1505.3700000000	0.1115704478
1505.3800000000	0.1111693976
1505.3900000000	0.1122092523
1505.4000000000	0.1138761037
1505.4100000000	0.1144931595
1505.4200000000	0.1134138102
1505.4300000000	0.1117068335
1505.4400000000	0.1108274625
1505.4500000000	0.1118755617
1505.4600000000	0.1135424089
1505.4700000000	0.1134513048
1505.4800000000	0.1123487698
1505.4900000000	0.1123432980
1505.5000000000	0.1138290479
1505.5100000000	0.1146649513
1505.5200000000	0.1141588327
1505.5300000000	0.1124827639
1505.5400000000	0.1112830896
1505.5500000000	0.1114996648
1505.5600000000	0.1125379311
1505.5700000000	0.1126258276
1505.5800000000	0.1121779225
1505.5900000000	0.1119434842
1505.6000000000	0.1121882800
1505.6100000000	0.1140869655
1505.6200000000	0.1147493317
1505.6300000000	0.1130182383
1505.6400000000	0.1112932545
1505.6500000000	0.1110717181
1505.6600000000	0.1120812274
1505.6700000000	0.1123284675
1505.6800000000	0.1124349146
1505.6900000000	0.1116275675
1505.7000000000	0.1111659170
1505.7100000000	0.1127107406
1505.7200000000	0.1134051433
1505.7300000000	0.1126800018
1505.7400000000	0.1104067007
1505.7500000000	0.1088384567
1505.7600000000	0.1096189676
1505.7700000000	0.1104919437
1505.7800000000	0.1100048872
1505.7900000000	0.1089643074
1505.8000000000	0.1086744076
1505.8100000000	0.1095347386
1505.8200000000	0.1103333843
1505.8300000000	0.1103986994
1505.8400000000	0.1087540830
1505.8500000000	0.1070078019
1505.8600000000	0.1071796298
1505.8700000000	0.1083203246
1505.8800000000	0.1089873324
1505.8900000000	0.1096089828
1505.9000000000	0.1098186171
1505.9100000000	0.1102184584
1505.9200000000	0.1119866078
1505.9300000000	0.1131714864
1505.9400000000	0.1118768049
1505.9500000000	0.1101057562
1505.9600000000	0.1096894412
1505.9700000000	0.1111792376
1505.9800000000	0.1125255332
1505.9900000000	0.1127726838
1506.0000000000	0.1123325134
1506.0100000000	0.1122934885
1506.0200000000	0.1135101284
1506.0300000000	0.1144468941
1506.0400000000	0.1138817254
1506.0500000000	0.1120090059
1506.0600000000	0.1103330287
1506.0700000000	0.1103580211
1506.0800000000	0.1114651569
1506.0900000000	0.1117757500
1506.1000000000	0.1117441170
1506.1100000000	0.1122151804
1506.1200000000	0.1127205953
1506.1300000000	0.1136133747
1506.1400000000	0.1138558525
1506.1500000000	0.1123210124
1506.1600000000	0.1101125369
1506.1700000000	0.1096201173
1506.1800000000	0.1106830005
1506.1900000000	0.1117993594
1506.2000000000	0.1118259906
1506.2100000000	0.1108310689
1506.2200000000	0.1107007957
1506.2300000000	0.1122991999
1506.2400000000	0.1130642268
1506.2500000000	0.1118649434
1506.2600000000	0.1100002292
1506.2700000000	0.1087566775
1506.2800000000	0.1090960362
1506.2900000000	0.1102349571
1506.3000000000	0.1107620919
1506.3100000000	0.1103371150
1506.3200000000	0.1106707951
1506.3300000000	0.1123868045
1506.3400000000	0.1132808393
1506.3500000000	0.1128484073
1506.3600000000	0.1117417851
1506.3700000000	0.1102940256
1506.3800000000	0.1096728214
1506.3900000000	0.1105533300
1506.4000000000	0.1119690025
1506.4100000000	0.1123691863
1506.4200000000	0.1120894966
1506.4300000000	0.1121061062
1506.4400000000	0.1140260271
1506.4500000000	0.1153149157
1506.4600000000	0.1133736454
1506.4700000000	0.1105446728
1506.4800000000	0.1102138437
1506.4900000000	0.1112929153
1506.5000000000	0.1124453293
1506.5100000000	0.1129271433
1506.5200000000	0.1126543836
1506.5300000000	0.1123392867
1506.5400000000	0.1129144178
1506.5500000000	0.1139994395
1506.5600000000	0.1136717956
1506.5700000000	0.1118202943
1506.5800000000	0.1098844562
1506.5900000000	0.1094962067
1506.6000000000	0.1108310689
1506.6100000000	0.1118835022
1506.6200000000	0.1121579843
1506.6300000000	0.1117361482
1506.6400000000	0.1117185420
1506.6500000000	0.1122539797
1506.6600000000	0.1123023111
1506.6700000000	0.1107620878
1506.6800000000	0.1081820694
1506.6900000000	0.1074368580
1506.7000000000	0.1085502734
1506.7100000000	0.1097959815
1506.7200000000	0.1098349900
1506.7300000000	0.1087328070
1506.7400000000	0.1084343572
1506.7500000000	0.1096989158
1506.7600000000	0.1103788455
1506.7700000000	0.1091650241
1506.7800000000	0.1073229742
1506.7900000000	0.1065628458
1506.8000000000	0.1071095601
1506.8100000000	0.1085052197
1506.8200000000	0.1095305197
1506.8300000000	0.1095106563
1506.8400000000	0.1098611298
1506.8500000000	0.1107489920
1506.8600000000	0.1115016198
1506.8700000000	0.1116233983
1506.8800000000	0.1107442112
1506.8900000000	0.1087438272
1506.9000000000	0.1080696866
1506.9100000000	0.1099366763
1506.9200000000	0.1117826005
1506.9300000000	0.1116796860
1506.9400000000	0.1106494623
1506.9500000000	0.1105606604
1506.9600000000	0.1121222135
1506.9700000000	0.1131566191
1506.9800000000	0.1118733270
1506.9900000000	0.1097612966
1507.0000000000	0.1088472825
1507.0100000000	0.1094187663
1507.0200000000	0.1104526538
1507.0300000000	0.1109766163
1507.0400000000	0.1106142980
1507.0500000000	0.1102045866
1507.0600000000	0.1111427803
1507.0700000000	0.1122280519
1507.0800000000	0.1117542961
1507.0900000000	0.1098952091
1507.1000000000	0.1083182029
1507.1100000000	0.1077520868
1507.1200000000	0.1088132435
1507.1300000000	0.1101956487
1507.1400000000	0.1103612556
1507.1500000000	0.1097017257
1507.1600000000	0.1092441875
1507.1700000000	0.1100525204
1507.1800000000	0.1112492582
1507.1900000000	0.1102246467
1507.2000000000	0.1074824679
1507.2100000000	0.1069669848
1507.2200000000	0.1084751857
1507.2300000000	0.1100393984
1507.2400000000	0.1107203153
1507.2500000000	0.1103280677
1507.2600000000	0.1101062213
1507.2700000000	0.1112920391
1507.2800000000	0.1125360902
1507.2900000000	0.1120697021
1507.3000000000	0.1104210635
1507.3100000000	0.1089459986
1507.3200000000	0.1088178605
1507.3300000000	0.1102025409
1507.3400000000	0.1115744076
1507.3500000000	0.1118867223
1507.3600000000	0.1114269944
1507.3700000000	0.1110253469
1507.3800000000	0.1112945988
1507.3900000000	0.1122469796
1507.4000000000	0.1121164057
1507.4100000000	0.1097329659
1507.4200000000	0.1085048501
1507.4300000000	0.1096863289
1507.4400000000	0.1113609906
1507.4500000000	0.1121129981
1507.4600000000	0.1115377292
1507.4700000000	0.1112984173
1507.4800000000	0.1122641662
1507.4900000000	0.1130911800
1507.5000000000	0.1121576241
1507.5100000000	0.1101757007
1507.5200000000	0.1090991236
1507.5300000000	0.1091699762
1507.5400000000	0.1103524364
1507.5500000000	0.1109971917
1507.5600000000	0.1108214506
1507.5700000000	0.1103759330
1507.5800000000	0.1101742737
1507.5900000000	0.1100770221
1507.6000000000	0.1097004077
1507.6100000000	0.1084201285
1507.6200000000	0.1063519377
1507.6300000000	0.1050086624
1507.6400000000	0.1052612641
1507.6500000000	0.1062926895
1507.6600000000	0.1067267506
1507.6700000000	0.1059130746
1507.6800000000	0.1046233729
1507.6900000000	0.1057910629
1507.7000000000	0.1074241196
1507.7100000000	0.1065659969
1507.7200000000	0.1040905387
1507.7300000000	0.1028432288
1507.7400000000	0.1036738157
1507.7500000000	0.1050217577
1507.7600000000	0.1051474686
1507.7700000000	0.1043738400
1507.7800000000	0.1042859349
1507.7900000000	0.1046826856
1507.8000000000	0.1049013618
1507.8100000000	0.1047868099
1507.8200000000	0.1041098916
1507.8300000000	0.1026576974
1507.8400000000	0.1014816764
1507.8500000000	0.1019929564
1507.8600000000	0.1034589172
1507.8700000000	0.1046300822
1507.8800000000	0.1046289871
1507.8900000000	0.1040073125
1507.9000000000	0.1046663853
1507.9100000000	0.1062890470
1507.9200000000	0.1063521645
1507.9300000000	0.1043246439
1507.9400000000	0.1034741209
1507.9500000000	0.1045597078
1507.9600000000	0.1069184054
1507.9700000000	0.1079533217
1507.9800000000	0.1071354954
1507.9900000000	0.1071092834
1508.0000000000	0.1081347943
1508.0100000000	0.1093412538
1508.0200000000	0.1100001176
1508.0300000000	0.1089070215
1508.0400000000	0.1071436622
1508.0500000000	0.1068108005
1508.0600000000	0.1081587111
1508.0700000000	0.1099802035
1508.0800000000	0.1108176322
1508.0900000000	0.1106792474
1508.1000000000	0.1103080009
1508.1100000000	0.1109815824
1508.1200000000	0.1121408137
1508.1300000000	0.1117489376
1508.1400000000	0.1102386345
1508.1500000000	0.1089257037
1508.1600000000	0.1091398339
1508.1700000000	0.1107084537
1508.1800000000	0.1119770038
1508.1900000000	0.1115813810
1508.2000000000	0.1107373870
1508.2100000000	0.1117417739
1508.2200000000	0.1132299131
1508.2300000000	0.1128201591
1508.2400000000	0.1110642248
1508.2500000000	0.1091693636
1508.2600000000	0.1092711015
1508.2700000000	0.1107299419
1508.2800000000	0.1115021896
1508.2900000000	0.1115142697
1508.3000000000	0.1110441193
1508.3100000000	0.1104462557
1508.3200000000	0.1106846762
1508.3300000000	0.1115519474
1508.3400000000	0.1110189420
1508.3500000000	0.1088974073
1508.3600000000	0.1071956023
1508.3700000000	0.1068694255
1508.3800000000	0.1076326101
1508.3900000000	0.1083164359
1508.4000000000	0.1076112121
1508.4100000000	0.1067120415
1508.4200000000	0.1072527034
1508.4300000000	0.1083517250
1508.4400000000	0.1087360946
1508.4500000000	0.1070665426
1508.4600000000	0.1046522975
1508.4700000000	0.1044020449
1508.4800000000	0.1060272409
1508.4900000000	0.1061832604
1508.5000000000	0.1057999843
1508.5100000000	0.1057921181
1508.5200000000	0.1055515593
1508.5300000000	0.1066859954
1508.5400000000	0.1072701168
1508.5500000000	0.1060245340
1508.5600000000	0.1044341046
1508.5700000000	0.1036023747
1508.5800000000	0.1037030457
1508.5900000000	0.1046654832
1508.6000000000	0.1061097094
1508.6100000000	0.1064700499
1508.6200000000	0.1062569354
1508.6300000000	0.1069430131
1508.6400000000	0.1083920319
1508.6500000000	0.1091034219
1508.6600000000	0.1082163160
1508.6700000000	0.1064416671
1508.6800000000	0.1069184036
1508.6900000000	0.1088268903
1508.7000000000	0.1100097772
1508.7100000000	0.1090852863
1508.7200000000	0.1089580791
1508.7300000000	0.1098469668
1508.7400000000	0.1104016742
1508.7500000000	0.1113086784
1508.7600000000	0.1103791564
1508.7700000000	0.1083325118
1508.7800000000	0.1071826814
1508.7900000000	0.1073518999
1508.8000000000	0.1084744658
1508.8100000000	0.1097691141
1508.8200000000	0.1099177171
1508.8300000000	0.1089630944
1508.8400000000	0.1087134272
1508.8500000000	0.1094583197
1508.8600000000	0.1095799802
1508.8700000000	0.1083720249
1508.8800000000	0.1063118365
1508.8900000000	0.1054299652
1508.9000000000	0.1062070229
1508.9100000000	0.1073469378
1508.9200000000	0.1079388893
1508.9300000000	0.1074168637
1508.9400000000	0.1066525536
1508.9500000000	0.1075887190
1508.9600000000	0.1080940878
1508.9700000000	0.1064346471
1508.9800000000	0.1044502504
1508.9900000000	0.1040624278
1509.0000000000	0.1046199917
1509.0100000000	0.1053338003
1509.0200000000	0.1062204567
1509.0300000000	0.1064256069
1509.0400000000	0.1065002858
1509.0500000000	0.1072819238
1509.0600000000	0.1085877091
1509.0700000000	0.1093145059
1509.0800000000	0.1087667445
1509.0900000000	0.1075571270
1509.1000000000	0.1065612192
1509.1100000000	0.1076434382
1509.1200000000	0.1096161373
1509.1300000000	0.1101524785
1509.1400000000	0.1099278015
1509.1500000000	0.1098324574
1509.1600000000	0.1111605038
1509.1700000000	0.1132514910
1509.1800000000	0.1129762164
1509.1900000000	0.1104227917
1509.2000000000	0.1095609368
1509.2100000000	0.1109567494
1509.2200000000	0.1123338804
1509.2300000000	0.1131735751
1509.2400000000	0.1124230758
1509.2500000000	0.1120655334
1509.2600000000	0.1125639373
1509.2700000000	0.1134177296
1509.2800000000	0.1131346770
1509.2900000000	0.1117027311
1509.3000000000	0.1092755002
1509.3100000000	0.1081352780
1509.3200000000	0.1090392497
1509.3300000000	0.1101847991
1509.3400000000	0.1104135621
1509.3500000000	0.1098597922
1509.3600000000	0.1089722218
1509.3700000000	0.1093390281
1509.3800000000	0.1102126596
1509.3900000000	0.1098839377
1509.4000000000	0.1077738253
1509.4100000000	0.1055929190
1509.4200000000	0.1058374628
1509.4300000000	0.1074000152
1509.4400000000	0.1076241139
1509.4500000000	0.1067455936
1509.4600000000	0.1063597301
1509.4700000000	0.1071564591
1509.4800000000	0.1079765045
1509.4900000000	0.1077315634
1509.5000000000	0.1062515190
1509.5100000000	0.1043099069
1509.5200000000	0.1035753085
1509.5300000000	0.1051842846
1509.5400000000	0.1066003301
1509.5500000000	0.1063667005
1509.5600000000	0.1067765981
1509.5700000000	0.1060808649
1509.5800000000	0.1066745281
1509.5900000000	0.1081405995
1509.6000000000	0.1082422152
1509.6100000000	0.1071200642
1509.6200000000	0.1057419145
1509.6300000000	0.1054524510
1509.6400000000	0.1071329389
1509.6500000000	0.1092156817
1509.6600000000	0.1092376179
1509.6700000000	0.1082392054
1509.6800000000	0.1090097215
1509.6900000000	0.1108286606
1509.7000000000	0.1109256491
1509.7100000000	0.1098666909
1509.7200000000	0.1076871413
1509.7300000000	0.1065543107
1509.7400000000	0.1085606414
1509.7500000000	0.1098777686
1509.7600000000	0.1108150074
1509.7700000000	0.1109751717
1509.7800000000	0.1100562781
1509.7900000000	0.1105475530
1509.8000000000	0.1114758113
1509.8100000000	0.1110405817
1509.8200000000	0.1092072361
1509.8300000000	0.1071734553
1509.8400000000	0.1066604600
1509.8500000000	0.1078545913
1509.8600000000	0.1090893847
1509.8700000000	0.1090221266
1509.8800000000	0.1082799694
1509.8900000000	0.1078641384
1509.9000000000	0.1087758935
1509.9100000000	0.1096215028
1509.9200000000	0.1086036491
1509.9300000000	0.1061044098
1509.9400000000	0.1049603408
1509.9500000000	0.1056787640
1509.9600000000	0.1070134382
1509.9700000000	0.1073789911
1509.9800000000	0.1072044482
1509.9900000000	0.1067457123
1510.0000000000	0.1074842908
1510.0100000000	0.1087345251
1510.0200000000	0.1081580984
1510.0300000000	0.1060424111
1510.0400000000	0.1047454074
1510.0500000000	0.1046857760
1510.0600000000	0.1066550652
1510.0700000000	0.1081519669
1510.0800000000	0.1088090961
1510.0900000000	0.1081342610
1510.1000000000	0.1072174231
1510.1100000000	0.1079700677
1510.1200000000	0.1090808919
1510.1300000000	0.1088667007
1510.1400000000	0.1067372860
1510.1500000000	0.1045883687
1510.1600000000	0.1053871389
1510.1700000000	0.1073089478
1510.1800000000	0.1077474762
1510.1900000000	0.1070305201
1510.2000000000	0.1062801595
1510.2100000000	0.1067351598
1510.2200000000	0.1082437391
1510.2300000000	0.1082166036
1510.2400000000	0.1061139179
1510.2500000000	0.1049339917
1510.2600000000	0.1049339917
1510.2700000000	0.1056627717
1510.2800000000	0.1077590109
1510.2900000000	0.1080990285
1510.3000000000	0.1065988740
1510.3100000000	0.1070035916
1510.3200000000	0.1081382148
1510.3300000000	0.1087274226
1510.3400000000	0.1083051015
1510.3500000000	0.1065523333
1510.3600000000	0.1050857817
1510.3700000000	0.1056261161
1510.3800000000	0.1075725870
1510.3900000000	0.1084905421
1510.4000000000	0.1083318167
1510.4100000000	0.1074475833
1510.4200000000	0.1073173173
1510.4300000000	0.1085180965
1510.4400000000	0.1087649563
1510.4500000000	0.1069149891
1510.4600000000	0.1048363490
1510.4700000000	0.1043117055
1510.4800000000	0.1052948978
1510.4900000000	0.1063231323
1510.5000000000	0.1057463535
1510.5100000000	0.1047350448
1510.5200000000	0.1047856123
1510.5300000000	0.1052713217
1510.5400000000	0.1055342551
1510.5500000000	0.1048411762
1510.5600000000	0.1026281357
1510.5700000000	0.1013835485
1510.5800000000	0.1015486156
1510.5900000000	0.1026598307
1510.6000000000	0.1039963763
1510.6100000000	0.1042300917
1510.6200000000	0.1029537368
1510.6300000000	0.1027550995
1510.6400000000	0.1046994422
1510.6500000000	0.1056378812
1510.6600000000	0.1046409461
1510.6700000000	0.1028055181
1510.6800000000	0.1020889072
1510.6900000000	0.1032154721
1510.7000000000	0.1053146191
1510.7100000000	0.1062310694
1510.7200000000	0.1059908073
1510.7300000000	0.1060707311
1510.7400000000	0.1066378534
1510.7500000000	0.1081190326
1510.7600000000	0.1080314674
1510.7700000000	0.1056516610
1510.7800000000	0.1044962635
1510.7900000000	0.1053937000
1510.8000000000	0.1071678050
1510.8100000000	0.1086039669
1510.8200000000	0.1093053237
1510.8300000000	0.1088885241
1510.8400000000	0.1082165979
1510.8500000000	0.1093722417
1510.8600000000	0.1102474954
1510.8700000000	0.1091810694
1510.8800000000	0.1069791181
1510.8900000000	0.1053058470
1510.9000000000	0.1062247538
1510.9100000000	0.1082449264
1510.9200000000	0.1090945946
1510.9300000000	0.1085990835
1510.9400000000	0.1079724625
1510.9500000000	0.1080439741
1510.9600000000	0.1092220338
1510.9700000000	0.1089944453
1510.9800000000	0.1064848802
1510.9900000000	0.1050531764
1511.0000000000	0.1056235609
1511.0100000000	0.1069474842
1511.0200000000	0.1085214290
1511.0300000000	0.1087865311
1511.0400000000	0.1078104950
1511.0500000000	0.1075232390
1511.0600000000	0.1082737473
1511.0700000000	0.1085282757
1511.0800000000	0.1077787859
1511.0900000000	0.1054772820
1511.1000000000	0.1036646936
1511.1100000000	0.1039186187
1511.1200000000	0.1057295503
1511.1300000000	0.1069669839
1511.1400000000	0.1062013197
1511.1500000000	0.1048397323
1511.1600000000	0.1045594718
1511.1700000000	0.1053522249
1511.1800000000	0.1052486469
1511.1900000000	0.1035037955
1511.2000000000	0.1016662675
1511.2100000000	0.1010436785
1511.2200000000	0.1013607886
1511.2300000000	0.1027044913
1511.2400000000	0.1035782867
1511.2500000000	0.1028559089
1511.2600000000	0.1020427833
1511.2700000000	0.1027493592
1511.2800000000	0.1041268005
1511.2900000000	0.1039379570
1511.3000000000	0.1018444616
1511.3100000000	0.1004635530
1511.3200000000	0.1016339237
1511.3300000000	0.1041500307
1511.3400000000	0.1059579837
1511.3500000000	0.1063056006
1511.3600000000	0.1057195824
1511.3700000000	0.1057128220
1511.3800000000	0.1070155855
1511.3900000000	0.1078099897
1511.4000000000	0.1067727321
1511.4100000000	0.1050600297
1511.4200000000	0.1041679149
1511.4300000000	0.1047633633
1511.4400000000	0.1075324461
1511.4500000000	0.1091645336
1511.4600000000	0.1080983281
1511.4700000000	0.1073161816
1511.4800000000	0.1083752451
1511.4900000000	0.1092376201
1511.5000000000	0.1083014830
1511.5100000000	0.1059521202
1511.5200000000	0.1046923853
1511.5300000000	0.1049090847
1511.5400000000	0.1065379707
1511.5500000000	0.1081599108
1511.5600000000	0.1085494741
1511.5700000000	0.1076061945
1511.5800000000	0.1069618228
1511.5900000000	0.1082518072
1511.6000000000	0.1092177431
1511.6100000000	0.1078926533
1511.6200000000	0.1054897627
1511.6300000000	0.1041470326
1511.6400000000	0.1047646880
1511.6500000000	0.1066354394
1511.6600000000	0.1074986199
1511.6700000000	0.1062489933
1511.6800000000	0.1053479424
1511.6900000000	0.1057670179
1511.7000000000	0.1059332571
1511.7100000000	0.1053988128
1511.7200000000	0.1034416874
1511.7300000000	0.1013851037
1511.7400000000	0.1006874093
1511.7500000000	0.1011972097
1511.7600000000	0.1023953810
1511.7700000000	0.1025026431
1511.7800000000	0.1007402816
1511.7900000000	0.0997250679
1511.8000000000	0.1008579129
1511.8100000000	0.1014951283
1511.8200000000	0.1005298032
1511.8300000000	0.0981996383
1511.8400000000	0.0964875261
1511.8500000000	0.0974594989
1511.8600000000	0.0998554302
1511.8700000000	0.1018759199
1511.8800000000	0.1021478428
1511.8900000000	0.1017946983
1511.9000000000	0.1027500763
1511.9100000000	0.1047123125
1511.9200000000	0.1057635201
1511.9300000000	0.1044667056
1511.9400000000	0.1027341742
1511.9500000000	0.1026371728
1511.9600000000	0.1042922140
1511.9700000000	0.1063216088
1511.9800000000	0.1073254573
1511.9900000000	0.1070958703
1512.0000000000	0.1070676330
1512.0100000000	0.1078154447
1512.0200000000	0.1080870459
1512.0300000000	0.1070084960
1512.0400000000	0.1054866115
1512.0500000000	0.1038226966
1512.0600000000	0.1035974726
1512.0700000000	0.1054266306
1512.0800000000	0.1069369787
1512.0900000000	0.1073339814
1512.1000000000	0.1066205626
1512.1100000000	0.1062422328
1512.1200000000	0.1073562293
1512.1300000000	0.1085378974
1512.1400000000	0.1073248507
1512.1500000000	0.1048573226
1512.1600000000	0.1037089347
1512.1700000000	0.1042351518
1512.1800000000	0.1061911508
1512.1900000000	0.1077958523
1512.2000000000	0.1074449671
1512.2100000000	0.1065361294
1512.2200000000	0.1067225103
1512.2300000000	0.1070750768
1512.2400000000	0.1068882470
1512.2500000000	0.1047285020
1512.2600000000	0.1024260318
1512.2700000000	0.1021183635
1512.2800000000	0.1032184817
1512.2900000000	0.1044213804
1512.3000000000	0.1047909755
1512.3100000000	0.1032807652
1512.3200000000	0.1028687114
1512.3300000000	0.1037200261
1512.3400000000	0.1046122029
1512.3500000000	0.1035245626
1512.3600000000	0.1011561061
1512.3700000000	0.0997300625
1512.3800000000	0.1000896892
1512.3900000000	0.1019179420
1512.4000000000	0.1034701383
1512.4100000000	0.1030396843
1512.4200000000	0.1025203472
1512.4300000000	0.1030938448
1512.4400000000	0.1048331629
1512.4500000000	0.1054599587
1512.4600000000	0.1036497014
1512.4700000000	0.1013355929
1512.4800000000	0.1009229163
1512.4900000000	0.1019965466
1512.5000000000	0.1037526063
1512.5100000000	0.1050985422
1512.5200000000	0.1053568527
1512.5300000000	0.1049733596
1512.5400000000	0.1060695772
1512.5500000000	0.1069904600
1512.5600000000	0.1067807490
1512.5700000000	0.1047462792
1512.5800000000	0.1023213918
1512.5900000000	0.1021107764
1512.6000000000	0.1045653415
1512.6100000000	0.1067677234
1512.6200000000	0.1068479079
1512.6300000000	0.1059304220
1512.6400000000	0.1055867076
1512.6500000000	0.1063970752
1512.6600000000	0.1072555336
1512.6700000000	0.1056180437
1512.6800000000	0.1030032242
1512.6900000000	0.1018725125
1512.7000000000	0.1022587955
1512.7100000000	0.1037066370
1512.7200000000	0.1050689037
1512.7300000000	0.1050910132
1512.7400000000	0.1044438059
1512.7500000000	0.1046487351
1512.7600000000	0.1049548620
1512.7700000000	0.1046334461
1512.7800000000	0.1027972746
1512.7900000000	0.1006515211
1512.8000000000	0.0998621884
1512.8100000000	0.1011864169
1512.8200000000	0.1040850951
1512.8300000000	0.1049173665
1512.8400000000	0.1036043152
1512.8500000000	0.1021876039
1512.8600000000	0.1033557076
1512.8700000000	0.1044195993
1512.8800000000	0.1033783108
1512.8900000000	0.1018327633
1512.9000000000	0.1002948544
1512.9100000000	0.0998217173
1512.9200000000	0.1020381856
1512.9300000000	0.1044157339
1512.9400000000	0.1049168335
1512.9500000000	0.1043369964
1512.9600000000	0.1041744743
1512.9700000000	0.1052757022
1512.9800000000	0.1063929574
1512.9900000000	0.1047651703
1513.0000000000	0.1031174854
1513.0100000000	0.1029317064
1513.0200000000	0.1036468139
1513.0300000000	0.1050795732
1513.0400000000	0.1075255146
1513.0500000000	0.1073394513
1513.0600000000	0.1065939054
1513.0700000000	0.1066859986
1513.0800000000	0.1072878140
1513.0900000000	0.1074980566
1513.1000000000	0.1056467004
1513.1100000000	0.1033428889
1513.1200000000	0.1032463541
1513.1300000000	0.1051701160
1513.1400000000	0.1070280359
1513.1500000000	0.1077078681
1513.1600000000	0.1072643987
1513.1700000000	0.1065356821
1513.1800000000	0.1070435524
1513.1900000000	0.1079863174
1513.2000000000	0.1068866636
1513.2100000000	0.1047822226
1513.2200000000	0.1033130957
1513.2300000000	0.1030969882
1513.2400000000	0.1047503803
1513.2500000000	0.1063331145
1513.2600000000	0.1064776255
1513.2700000000	0.1055418397
1513.2800000000	0.1051212725
1513.2900000000	0.1053580998
1513.3000000000	0.1063252564
1513.3100000000	0.1043698567
1513.3200000000	0.1016279034
1513.3300000000	0.1008535800
1513.3400000000	0.1019471796
1513.3500000000	0.1041049752
1513.3600000000	0.1053256135
1513.3700000000	0.1040775671
1513.3800000000	0.1024695924
1513.3900000000	0.1032361272
1513.4000000000	0.1043004773
1513.4100000000	0.1042153234
1513.4200000000	0.1023807211
1513.4300000000	0.0992439214
1513.4400000000	0.0987501386
1513.4500000000	0.1008403914
1513.4600000000	0.1021336557
1513.4700000000	0.1024107552
1513.4800000000	0.1021922832
1513.4900000000	0.1020172878
1513.5000000000	0.1027209844
1513.5100000000	0.1034392802
1513.5200000000	0.1020045476
1513.5300000000	0.1006281508
1513.5400000000	0.0993908910
1513.5500000000	0.0994019653
1513.5600000000	0.1016986913
1513.5700000000	0.1043086455
1513.5800000000	0.1036908749
1513.5900000000	0.1024900241
1513.6000000000	0.1023366920
1513.6100000000	0.1035510219
1513.6200000000	0.1044678375
1513.6300000000	0.1029269918
1513.6400000000	0.1002865216
1513.6500000000	0.0993582731
1513.6600000000	0.1004555794
1513.6700000000	0.1023673383
1513.6800000000	0.1036222715
1513.6900000000	0.1032730030
1513.7000000000	0.1022743881
1513.7100000000	0.1024296867
1513.7200000000	0.1034224314
1513.7300000000	0.1032284457
1513.7400000000	0.1019309399
1513.7500000000	0.1002872872
1513.7600000000	0.1004115238
1513.7700000000	0.1019901619
1513.7800000000	0.1036745402
1513.7900000000	0.1041542486
1513.8000000000	0.1041166900
1513.8100000000	0.1036414002
1513.8200000000	0.1039807594
1513.8300000000	0.1050228474
1513.8400000000	0.1036981492
1513.8500000000	0.1013703946
1513.8600000000	0.1001154642
1513.8700000000	0.1007569569
1513.8800000000	0.1029351816
1513.8900000000	0.1045875515
1513.9000000000	0.1037912026
1513.9100000000	0.1019484407
1513.9200000000	0.1016919634
1513.9300000000	0.1031991463
1513.9400000000	0.1038450891
1513.9500000000	0.1020670146
1513.9600000000	0.0993681064
1513.9700000000	0.0985044445
1513.9800000000	0.0995863039
1513.9900000000	0.1012366977
1514.0000000000	0.1021767957
1514.0100000000	0.1017771694
1514.0200000000	0.1007875469
1514.0300000000	0.1012455163
1514.0400000000	0.1026393016
1514.0500000000	0.1023090044
1514.0600000000	0.1008221589
1514.0700000000	0.0990166984
1514.0800000000	0.0986832151
1514.0900000000	0.1015791473
1514.1000000000	0.1045049430
1514.1100000000	0.1049246190
1514.1200000000	0.1039873485
1514.1300000000	0.1036738827
1514.1400000000	0.1048935675
1514.1500000000	0.1059911351
1514.1600000000	0.1052557891
1514.1700000000	0.1028644405
1514.1800000000	0.1013598938
1514.1900000000	0.1019135737
1514.2000000000	0.1038770807
1514.2100000000	0.1056466255
1514.2200000000	0.1056182982
1514.2300000000	0.1042263293
1514.2400000000	0.1038078941
1514.2500000000	0.1045293990
1514.2600000000	0.1044372268
1514.2700000000	0.1020850001
1514.2800000000	0.0994162740
1514.2900000000	0.0986844281
1514.3000000000	0.1004502975
1514.3100000000	0.1025015691
1514.3200000000	0.1038884255
1514.3300000000	0.1040725620
1514.3400000000	0.1035395399
1514.3500000000	0.1040472633
1514.3600000000	0.1054251906
1514.3700000000	0.1051127765
1514.3800000000	0.1037375785
1514.3900000000	0.1020653335
1514.4000000000	0.1017091636
1514.4100000000	0.1035742586
1514.4200000000	0.1059134769
1514.4300000000	0.1062249630
1514.4400000000	0.1047134486
1514.4500000000	0.1033673432
1514.4600000000	0.1029978003
1514.4700000000	0.1031404050
1514.4800000000	0.1011132996
1514.4900000000	0.0977114543
1514.5000000000	0.0959428652
1514.5100000000	0.0953910175
1514.5200000000	0.0953855056
1514.5300000000	0.0958137965
1514.5400000000	0.0954780820
1514.5500000000	0.0940824966
1514.5600000000	0.0934710387
1514.5700000000	0.0940850119
1514.5800000000	0.0944389486
1514.5900000000	0.0932144444
1514.6000000000	0.0911710724
1514.6100000000	0.0906847040
1514.6200000000	0.0926847039
1514.6300000000	0.0953708722
1514.6400000000	0.0974644863
1514.6500000000	0.0975306975
1514.6600000000	0.0973706079
1514.6700000000	0.0987841098
1514.6800000000	0.1009307953
1514.6900000000	0.1016271929
1514.7000000000	0.1005960719
1514.7100000000	0.0993392186
1514.7200000000	0.0994277044
1514.7300000000	0.1011117708
1514.7400000000	0.1034301339
1514.7500000000	0.1042131727
1514.7600000000	0.1033436417
1514.7700000000	0.1026472294
1514.7800000000	0.1030599552
1514.7900000000	0.1038974606
1514.8000000000	0.1025755568
1514.8100000000	0.0997267174
1514.8200000000	0.0983897455
1514.8300000000	0.0988659858
1514.8400000000	0.1005759247
1514.8500000000	0.1025037504
1514.8600000000	0.1027238129
1514.8700000000	0.1019376414
1514.8800000000	0.1013014822
1514.8900000000	0.1018809815
1514.9000000000	0.1024876060
1514.9100000000	0.1019863673
1514.9200000000	0.1004000411
1514.9300000000	0.0990018333
1514.9400000000	0.0999010177
1514.9500000000	0.1018038257
1514.9600000000	0.1032248998
1514.9700000000	0.1025070236
1514.9800000000	0.1008030074
1514.9900000000	0.1012559635
1515.0000000000	0.1019172938
1515.0100000000	0.1008854718
1515.0200000000	0.0986746045
1515.0300000000	0.0963741451
1515.0400000000	0.0953680333
1515.0500000000	0.0959082188
1515.0600000000	0.0971080014
1515.0700000000	0.0974813973
1515.0800000000	0.0965943839
1515.0900000000	0.0950298240
1515.1000000000	0.0952197922
1515.1100000000	0.0966575654
1515.1200000000	0.0962038405
1515.1300000000	0.0945402487
1515.1400000000	0.0934184066
1515.1500000000	0.0939079964
1515.1600000000	0.0963088374
1515.1700000000	0.0989063643
1515.1800000000	0.0992809306
1515.1900000000	0.0989443251
1515.2000000000	0.0988605350
1515.2100000000	0.0998396214
1515.2200000000	0.1020986577
1515.2300000000	0.1015015005
1515.2400000000	0.0996307898
1515.2500000000	0.0985045084
1515.2600000000	0.0991623981
1515.2700000000	0.1012364787
1515.2800000000	0.1032535074
1515.2900000000	0.1031470029
1515.3000000000	0.1022523647
1515.3100000000	0.1024530318
1515.3200000000	0.1033229158
1515.3300000000	0.1036040425
1515.3400000000	0.1020476410
1515.3500000000	0.0997909749
1515.3600000000	0.0989563824
1515.3700000000	0.1006371713
1515.3800000000	0.1026835896
1515.3900000000	0.1035535693
1515.4000000000	0.1024568682
1515.4100000000	0.1008970085
1515.4200000000	0.1012558881
1515.4300000000	0.1025256991
1515.4400000000	0.1019938216
1515.4500000000	0.0998811861
1515.4600000000	0.0978859805
1515.4700000000	0.0975496759
1515.4800000000	0.0993089989
1515.4900000000	0.1018647704
1515.5000000000	0.1019433077
1515.5100000000	0.1010845962
1515.5200000000	0.1006990333
1515.5300000000	0.1012869761
1515.5400000000	0.1022016152
1515.5500000000	0.1011752368
1515.5600000000	0.0991608106
1515.5700000000	0.0984233140
1515.5800000000	0.0988646502
1515.5900000000	0.1006616192
1515.6000000000	0.1028649900
1515.6100000000	0.1025332364
1515.6200000000	0.1011081913
1515.6300000000	0.1012619425
1515.6400000000	0.1021997392
1515.6500000000	0.1025036759
1515.6600000000	0.1016275016
1515.6700000000	0.0991402810
1515.6800000000	0.0983220422
1515.6900000000	0.0994728369
1515.7000000000	0.1014157619
1515.7100000000	0.1033250155
1515.7200000000	0.1028693123
1515.7300000000	0.1007439123
1515.7400000000	0.1008851704
1515.7500000000	0.1024909590
1515.7600000000	0.1019565672
1515.7700000000	0.1004089458
1515.7800000000	0.0989488824
1515.7900000000	0.0983572555
1515.8000000000	0.0998567604
1515.8100000000	0.1015578990
1515.8200000000	0.1023121961
1515.8300000000	0.1018774699
1515.8400000000	0.1011450288
1515.8500000000	0.1010867438
1515.8600000000	0.1016618640
1515.8700000000	0.1012034216
1515.8800000000	0.0992727655
1515.8900000000	0.0981037096
1515.9000000000	0.0980770643
1515.9100000000	0.0996776509
1515.9200000000	0.1023953810
1515.9300000000	0.1023739947
1515.9400000000	0.1002353663
1515.9500000000	0.0999485165
1515.9600000000	0.1011502018
1515.9700000000	0.1016961739
1515.9800000000	0.1008418509
1515.9900000000	0.0988715102
1516.0000000000	0.0983196503
1516.0100000000	0.0992911876
1516.0200000000	0.1012465688
1516.0300000000	0.1025474370
1516.0400000000	0.1028169954
1516.0500000000	0.1014502005
1516.0600000000	0.1012527677
1516.0700000000	0.1022910983
1516.0800000000	0.1023510389
1516.0900000000	0.1011504465
1516.1000000000	0.0991774141
1516.1100000000	0.0981405137
1516.1200000000	0.0996227366
1516.1300000000	0.1022101069
1516.1400000000	0.1031819953
1516.1500000000	0.1022826210
1516.1600000000	0.1013227270
1516.1700000000	0.1012525382
1516.1800000000	0.1023040095
1516.1900000000	0.1025026431
1516.2000000000	0.1008524140
1516.2100000000	0.0990358304
1516.2200000000	0.0984774872
1516.2300000000	0.1000577067
1516.2400000000	0.1028885148
1516.2500000000	0.1038868275
1516.2600000000	0.1022176616
1516.2700000000	0.1007449752
1516.2800000000	0.1011523359
1516.2900000000	0.1017856250
1516.3000000000	0.1014140122
1516.3100000000	0.0991014428
1516.3200000000	0.0977994091
1516.3300000000	0.0977942929
1516.3400000000	0.0984254846
1516.3500000000	0.0997711677
1516.3600000000	0.1001172706
1516.3700000000	0.0985518869
1516.3800000000	0.0973641207
1516.3900000000	0.0980725526
1516.4000000000	0.0984932096
1516.4100000000	0.0978331594
1516.4200000000	0.0958622578
1516.4300000000	0.0942597107
1516.4400000000	0.0945714707
1516.4500000000	0.0968849977
1516.4600000000	0.0991324647
1516.4700000000	0.0991774141
1516.4800000000	0.0973980704
1516.4900000000	0.0972802019
1516.5000000000	0.0992372590
1516.5100000000	0.0995305911
1516.5200000000	0.0982961744
1516.5300000000	0.0966745574
1516.5400000000	0.0962454942
1516.5500000000	0.0975857625
1516.5600000000	0.0993061305
1516.5700000000	0.1005631162
1516.5800000000	0.0999488133
1516.5900000000	0.0989658385
1516.6000000000	0.0995392165
1516.6100000000	0.1009864151
1516.6200000000	0.1008292294
1516.6300000000	0.0992028018
1516.6400000000	0.0976849011
1516.6500000000	0.0974016949
1516.6600000000	0.0988237549
1516.6700000000	0.1012571163
1516.6800000000	0.1022645014
1516.6900000000	0.1009213221
1516.7000000000	0.0996910177
1516.7100000000	0.1001254263
1516.7200000000	0.1016907978
1516.7300000000	0.1017875475
1516.7400000000	0.0996032291
1516.7500000000	0.0976592830
1516.7600000000	0.0975684379
1516.7700000000	0.0988074687
1516.7800000000	0.1007667393
1516.7900000000	0.1005060221
1516.8000000000	0.0986057191
1516.8100000000	0.0987272085
1516.8200000000	0.0997287355
1516.8300000000	0.1000325884
1516.8400000000	0.0990705027
1516.8500000000	0.0972491162
1516.8600000000	0.0958697115
1516.8700000000	0.0960309670
1516.8800000000	0.0979329939
1516.8900000000	0.0999089343
1516.9000000000	0.1000878848
1516.9100000000	0.0989076616
1516.9200000000	0.0988643940
1516.9300000000	0.1004359918
1516.9400000000	0.1010271443
1516.9500000000	0.0999800305
1516.9600000000	0.0981968962
1516.9700000000	0.0968172342
1516.9800000000	0.0985879667
1516.9900000000	0.1014090153
1517.0000000000	0.1026095685
1517.0100000000	0.1021436752
1517.0200000000	0.1013098603
1517.0300000000	0.1012469741
1517.0400000000	0.1023635963
1517.0500000000	0.1025682537
1517.0600000000	0.1006072544
1517.0700000000	0.0987673242
1517.0800000000	0.0980332552
1517.0900000000	0.0991317109
1517.1000000000	0.1014561650
1517.1100000000	0.1021122928
1517.1200000000	0.1008177789
1517.1300000000	0.1004353526
1517.1400000000	0.1011833525
1517.1500000000	0.1016809978
1517.1600000000	0.1010366875
1517.1700000000	0.0992433191
1517.1800000000	0.0976168091
1517.1900000000	0.0973924352
1517.2000000000	0.0986972799
1517.2100000000	0.1008602976
1517.2200000000	0.1018137668
1517.2300000000	0.1000874555
1517.2400000000	0.0982348139
1517.2500000000	0.0993941398
1517.2600000000	0.1000587619
1517.2700000000	0.0990343979
1517.2800000000	0.0967256851
1517.2900000000	0.0947055232
1517.3000000000	0.0944706051
1517.3100000000	0.0957515578
1517.3200000000	0.0963760742
1517.3300000000	0.0958948663
1517.3400000000	0.0943236525
1517.3500000000	0.0941090366
1517.3600000000	0.0953600307
1517.3700000000	0.0954493243
1517.3800000000	0.0945418634
1517.3900000000	0.0930543465
1517.4000000000	0.0922066032
1517.4100000000	0.0933478776
1517.4200000000	0.0961024727
1517.4300000000	0.0980853242
1517.4400000000	0.0977187418
1517.4500000000	0.0966914413
1517.4600000000	0.0970201872
1517.4700000000	0.0996543747
1517.4800000000	0.1008687045
1517.4900000000	0.0992976499
1517.5000000000	0.0973192017
1517.5100000000	0.0971074765
1517.5200000000	0.0984451369
1517.5300000000	0.1008063743
1517.5400000000	0.1023119476
1517.5500000000	0.1015782719
1517.5600000000	0.1002059271
1517.5700000000	0.1004375963
1517.5800000000	0.1012451347
1517.5900000000	0.1007458575
1517.6000000000	0.0987259572
1517.6100000000	0.0969432682
1517.6200000000	0.0967756831
1517.6300000000	0.0982565404
1517.6400000000	0.1000260562
1517.6500000000	0.1004258973
1517.6600000000	0.0991402063
1517.6700000000	0.0979758999
1517.6800000000	0.0992693575
1517.6900000000	0.1000886593
1517.7000000000	0.0992008021
1517.7100000000	0.0972067562
1517.7200000000	0.0952127241
1517.7300000000	0.0953446031
1517.7400000000	0.0975389891
1517.7500000000	0.0994879936
1517.7600000000	0.1000698633
1517.7700000000	0.0984623074
1517.7800000000	0.0974888211
1517.7900000000	0.0988059949
1517.8000000000	0.0999168514
1517.8100000000	0.0987387649
1517.8200000000	0.0967165735
1517.8300000000	0.0949843767
1517.8400000000	0.0955352852
1517.8500000000	0.0976899959
1517.8600000000	0.0987394124
1517.8700000000	0.0984265560
1517.8800000000	0.0977220742
1517.8900000000	0.0979911853
1517.9000000000	0.0987965027
1517.9100000000	0.0990811330
1517.9200000000	0.0982120328
1517.9300000000	0.0973039887
1517.9400000000	0.0960452680
1517.9500000000	0.0962708369
1517.9600000000	0.0988069474
1517.9700000000	0.1005371015
1517.9800000000	0.0994512107
1517.9900000000	0.0984911211
1518.0000000000	0.0985957086
1518.0100000000	0.0993296466
1518.0200000000	0.0999840535
1518.0300000000	0.0980488232
1518.0400000000	0.0959537890
1518.0500000000	0.0958086430
1518.0600000000	0.0967931442
1518.0700000000	0.0988251742
1518.0800000000	0.0999946755
1518.0900000000	0.0985505391
1518.1000000000	0.0979363606
1518.1100000000	0.0990857977
1518.1200000000	0.0999293382
1518.1300000000	0.0991252216
1518.1400000000	0.0976831406
1518.1500000000	0.0961927660
1518.1600000000	0.0965826122
1518.1700000000	0.0985440393
1518.1800000000	0.1005930318
1518.1900000000	0.1010072418
1518.2000000000	0.0994501735
1518.2100000000	0.0983122079
1518.2200000000	0.0993342616
1518.2300000000	0.1000334778
1518.2400000000	0.0998272044
1518.2500000000	0.0987564946
1518.2600000000	0.0966055302
1518.2700000000	0.0958904188
1518.2800000000	0.0977007244
1518.2900000000	0.0993803932
1518.3000000000	0.1000124262
1518.3100000000	0.0980245893
1518.3200000000	0.0971751288
1518.3300000000	0.0988645529
1518.3400000000	0.1001301366
1518.3500000000	0.0983823259
1518.3600000000	0.0964702423
1518.3700000000	0.0955464392
1518.3800000000	0.0964483452
1518.3900000000	0.0988162563
1518.4000000000	0.1001763898
1518.4100000000	0.0997812830
1518.4200000000	0.0986837124
1518.4300000000	0.0983203600
1518.4400000000	0.0995597525
1518.4500000000	0.1000086301
1518.4600000000	0.0985989621
1518.4700000000	0.0961327320
1518.4800000000	0.0944948136
1518.4900000000	0.0949245619
1518.5000000000	0.0976185608
1518.5100000000	0.0990554469
1518.5200000000	0.0983014134
1518.5300000000	0.0963592624
1518.5400000000	0.0958124595
1518.5500000000	0.0970765312
1518.5600000000	0.0971751288
1518.5700000000	0.0954779959
1518.5800000000	0.0932445354
1518.5900000000	0.0917930876
1518.6000000000	0.0925409609
1518.6100000000	0.0950103817
1518.6200000000	0.0955894657
1518.6300000000	0.0940426832
1518.6400000000	0.0929900063
1518.6500000000	0.0936484646
1518.6600000000	0.0941426727
1518.6700000000	0.0940761154
1518.6800000000	0.0934266099
1518.6900000000	0.0924068224
1518.7000000000	0.0926602290
1518.7100000000	0.0945525004
1518.7200000000	0.0968851134
1518.7300000000	0.0978319575
1518.7400000000	0.0971036206
1518.7500000000	0.0964083759
1518.7600000000	0.0970802396
1518.7700000000	0.0984966371
1518.7800000000	0.0982954532
1518.7900000000	0.0973567626
1518.8000000000	0.0954964240
1518.8100000000	0.0944527308
1518.8200000000	0.0964825501
1518.8300000000	0.0989417869
1518.8400000000	0.0990491418
1518.8500000000	0.0965147926
1518.8600000000	0.0951893761
1518.8700000000	0.0964379059
1518.8800000000	0.0968103549
1518.8900000000	0.0948943784
1518.9000000000	0.0939163592
1518.9100000000	0.0927028196
1518.9200000000	0.0927754028
1518.9300000000	0.0951071632
1518.9400000000	0.0970682352
1518.9500000000	0.0966516776
1518.9600000000	0.0956664684
1518.9700000000	0.0956109276
1518.9800000000	0.0972150866
1518.9900000000	0.0985801313
1519.0000000000	0.0975088381
1519.0100000000	0.0953944486
1519.0200000000	0.0943126932
1519.0300000000	0.0942452327
1519.0400000000	0.0959941710
1519.0500000000	0.0984110311
1519.0600000000	0.0972986445
1519.0700000000	0.0939181605
1519.0800000000	0.0937101014
1519.0900000000	0.0947820362
1519.1000000000	0.0952356836
1519.1100000000	0.0934923458
1519.1200000000	0.0902268321
1519.1300000000	0.0892001913
1519.1400000000	0.0902781879
1519.1500000000	0.0917985852
1519.1600000000	0.0926310714
1519.1700000000	0.0915771937
1519.1800000000	0.0904636810
1519.1900000000	0.0910787030
1519.2000000000	0.0923602217
1519.2100000000	0.0925846581
1519.2200000000	0.0920879878
1519.2300000000	0.0907943584
1519.2400000000	0.0908414970
1519.2500000000	0.0933244984
1519.2600000000	0.0961352453
1519.2700000000	0.0976839819
1519.2800000000	0.0972056816
1519.2900000000	0.0957608102
1519.3000000000	0.0961317260
1519.3100000000	0.0979397068
1519.3200000000	0.0983434848
1519.3300000000	0.0971536688
1519.3400000000	0.0948825030
1519.3500000000	0.0940129405
1519.3600000000	0.0962746163
1519.3700000000	0.0987689589
1519.3800000000	0.0987106736
1519.3900000000	0.0968790364
1519.4000000000	0.0958750714
1519.4100000000	0.0968164921
1519.4200000000	0.0971272142
1519.4300000000	0.0960071277
1519.4400000000	0.0947538292
1519.4500000000	0.0934705973
1519.4600000000	0.0939173519
1519.4700000000	0.0958432502
1519.4800000000	0.0976399460
1519.4900000000	0.0973164464
1519.5000000000	0.0956853270
1519.5100000000	0.0947172092
1519.5200000000	0.0960130800
1519.5300000000	0.0973538990
1519.5400000000	0.0964256408
1519.5500000000	0.0948702979
1519.5600000000	0.0929377974
1519.5700000000	0.0924228814
1519.5800000000	0.0947069455
1519.5900000000	0.0970420159
1519.6000000000	0.0963646776
1519.6100000000	0.0941673148
1519.6200000000	0.0935956353
1519.6300000000	0.0945372660
1519.6400000000	0.0955709430
1519.6500000000	0.0943664853
1519.6600000000	0.0924573289
1519.6700000000	0.0919497718
1519.6800000000	0.0930909003
1519.6900000000	0.0950659271
1519.7000000000	0.0964147167
1519.7100000000	0.0951763782
1519.7200000000	0.0934656181
1519.7300000000	0.0945209131
1519.7400000000	0.0964698339
1519.7500000000	0.0969606044
1519.7600000000	0.0960323322
1519.7700000000	0.0949913629
1519.7800000000	0.0941512595
1519.7900000000	0.0952732988
1519.8000000000	0.0975291774
1519.8100000000	0.0995338879
1519.8200000000	0.0989771123
1519.8300000000	0.0965835458
1519.8400000000	0.0965170926
1519.8500000000	0.0986507445
1519.8600000000	0.0992200300
1519.8700000000	0.0979874824
1519.8800000000	0.0957655596
1519.8900000000	0.0944330118
1519.9000000000	0.0964957871
1519.9100000000	0.0985249802
1519.9200000000	0.0982601789
1519.9300000000	0.0967537726
1519.9400000000	0.0948223709
1519.9500000000	0.0961453850
1519.9600000000	0.0976144067
1519.9700000000	0.0970372171
1519.9800000000	0.0955515538
1519.9900000000	0.0939080861
1520.0000000000	0.0933536760
1520.0100000000	0.0950030820
1520.0200000000	0.0972419554
1520.0300000000	0.0971295929
1520.0400000000	0.0958796945
1520.0500000000	0.0948609590
1520.0600000000	0.0952135510
1520.0700000000	0.0967262457
1520.0800000000	0.0967998764
1520.0900000000	0.0951689464
1520.1000000000	0.0933634860
1520.1100000000	0.0926002373
1520.1200000000	0.0942840704
1520.1300000000	0.0969417750
1520.1400000000	0.0970339943
1520.1500000000	0.0952688179
1520.1600000000	0.0947128680
1520.1700000000	0.0959032627
1520.1800000000	0.0973611949
1520.1900000000	0.0963633337
1520.2000000000	0.0945119050
1520.2100000000	0.0938545959
1520.2200000000	0.0945097444
1520.2300000000	0.0966688861
1520.2400000000	0.0985164689
1520.2500000000	0.0978379789
1520.2600000000	0.0958150558
1520.2700000000	0.0957462980
1520.2800000000	0.0967893813
1520.2900000000	0.0974935216
1520.3000000000	0.0964167798
1520.3100000000	0.0945636314
1520.3200000000	0.0930886314
1520.3300000000	0.0931109648
1520.3400000000	0.0950092292
1520.3500000000	0.0969782891
1520.3600000000	0.0964671752
1520.3700000000	0.0936399695
1520.3800000000	0.0932949792
1520.3900000000	0.0947554641
1520.4000000000	0.0952509186
1520.4100000000	0.0937586069
1520.4200000000	0.0912913343
1520.4300000000	0.0902047526
1520.4400000000	0.0914280360
1520.4500000000	0.0932583485
1520.4600000000	0.0947901526
1520.4700000000	0.0935935909
1520.4800000000	0.0913881493
1520.4900000000	0.0915843194
1520.5000000000	0.0931575549
1520.5100000000	0.0931362344
1520.5200000000	0.0919667957
1520.5300000000	0.0906886038
1520.5400000000	0.0899288566
1520.5500000000	0.0909014425
1520.5600000000	0.0928717866
1520.5700000000	0.0943440381
1520.5800000000	0.0940658763
1520.5900000000	0.0927650894
1520.6000000000	0.0932570754
1520.6100000000	0.0950720126
1520.6200000000	0.0957871127
1520.6300000000	0.0949790495
1520.6400000000	0.0928719815
1520.6500000000	0.0909358518
1520.6600000000	0.0925631028
1520.6700000000	0.0958541064
1520.6800000000	0.0966684167
1520.6900000000	0.0955867353
1520.7000000000	0.0940048357
1520.7100000000	0.0948842467
1520.7200000000	0.0966938938
1520.7300000000	0.0964271945
1520.7400000000	0.0953505260
1520.7500000000	0.0935123329
1520.7600000000	0.0926445839
1520.7700000000	0.0946816186
1520.7800000000	0.0972212406
1520.7900000000	0.0977141516
1520.8000000000	0.0963982976
1520.8100000000	0.0956713544
1520.8200000000	0.0963366070
1520.8300000000	0.0974192852
1520.8400000000	0.0974001730
1520.8500000000	0.0961608861
1520.8600000000	0.0943637024
1520.8700000000	0.0929344236
1520.8800000000	0.0938267835
1520.8900000000	0.0965557283
1520.9000000000	0.0969262990
1520.9100000000	0.0953028583
1520.9200000000	0.0940135641
1520.9300000000	0.0944829586
1520.9400000000	0.0950113711
1520.9500000000	0.0940823035
1520.9600000000	0.0919789594
1520.9700000000	0.0910156860
1520.9800000000	0.0914427364
1520.9900000000	0.0929719449
1521.0000000000	0.0953332107
1521.0100000000	0.0952836826
1521.0200000000	0.0935577809
1521.0300000000	0.0931583888
1521.0400000000	0.0940307614
1521.0500000000	0.0944848798
1521.0600000000	0.0944100611
1521.0700000000	0.0933307900
1521.0800000000	0.0920670013
1521.0900000000	0.0919452873
1521.1000000000	0.0935177808
1521.1100000000	0.0957493055
1521.1200000000	0.0962024480
1521.1300000000	0.0942163913
1521.1400000000	0.0935316387
1521.1500000000	0.0945964595
1521.1600000000	0.0954201484
1521.1700000000	0.0948306176
1521.1800000000	0.0926314758
1521.1900000000	0.0904390187
1521.2000000000	0.0910758664
1521.2100000000	0.0932448863
1521.2200000000	0.0956571302
1521.2300000000	0.0948227958
1521.2400000000	0.0920292740
1521.2500000000	0.0923536042
1521.2600000000	0.0943580552
1521.2700000000	0.0945544783
1521.2800000000	0.0933840789
1521.2900000000	0.0915461992
1521.3000000000	0.0905019517
1521.3100000000	0.0908815549
1521.3200000000	0.0923686179
1521.3300000000	0.0940963628
1521.3400000000	0.0944626406
1521.3500000000	0.0929924711
1521.3600000000	0.0917463652
1521.3700000000	0.0926157998
1521.3800000000	0.0937297568
1521.3900000000	0.0932070290
1521.4000000000	0.0911791003
1521.4100000000	0.0889718711
1521.4200000000	0.0895614702
1521.4300000000	0.0924182386
1521.4400000000	0.0939272532
1521.4500000000	0.0937090639
1521.4600000000	0.0926264827
1521.4700000000	0.0928436471
1521.4800000000	0.0944859094
1521.4900000000	0.0945592768
1521.5000000000	0.0936463392
1521.5100000000	0.0923257859
1521.5200000000	0.0914029649
1521.5300000000	0.0928249113
1521.5400000000	0.0957533312
1521.5500000000	0.0968922451
1521.5600000000	0.0956609172
1521.5700000000	0.0943644297
1521.5800000000	0.0945363973
1521.5900000000	0.0958006153
1521.6000000000	0.0963233119
1521.6100000000	0.0949984894
1521.6200000000	0.0931271341
1521.6300000000	0.0918800461
1521.6400000000	0.0922246626
1521.6500000000	0.0943833945
1521.6600000000	0.0961591184
1521.6700000000	0.0954645449
1521.6800000000	0.0934757617
1521.6900000000	0.0927057299
1521.7000000000	0.0945646130
1521.7100000000	0.0953781395
1521.7200000000	0.0934234466
1521.7300000000	0.0910939224
1521.7400000000	0.0903823567
1521.7500000000	0.0921095708
1521.7600000000	0.0951294990
1521.7700000000	0.0959608911
1521.7800000000	0.0943139964
1521.7900000000	0.0927176461
1521.8000000000	0.0927379889
1521.8100000000	0.0940232832
1521.8200000000	0.0939315292
1521.8300000000	0.0925543548
1521.8400000000	0.0904449021
1521.8500000000	0.0890448985
1521.8600000000	0.0895831194
1521.8700000000	0.0917601677
1521.8800000000	0.0930275322
1521.8900000000	0.0918307855
1521.9000000000	0.0903655264
1521.9100000000	0.0903220586
1521.9200000000	0.0911888470
1521.9300000000	0.0915518840
1521.9400000000	0.0901216824
1521.9500000000	0.0878329793
1521.9600000000	0.0872532570
1521.9700000000	0.0889178479
1521.9800000000	0.0920851276
1521.9900000000	0.0933265729
1522.0000000000	0.0919096329
1522.0100000000	0.0913542661
1522.0200000000	0.0929599970
1522.0300000000	0.0938845681
1522.0400000000	0.0935978213
1522.0500000000	0.0921707970
1522.0600000000	0.0907335951
1522.0700000000	0.0906197834
1522.0800000000	0.0924942917
1522.0900000000	0.0948584650
1522.1000000000	0.0954116589
1522.1100000000	0.0939220842
1522.1200000000	0.0927467450
1522.1300000000	0.0933449888
1522.1400000000	0.0942096373
1522.1500000000	0.0939412693
1522.1600000000	0.0927349836
1522.1700000000	0.0909876772
1522.1800000000	0.0904560169
1522.1900000000	0.0921661589
1522.2000000000	0.0943342506
1522.2100000000	0.0946664955
1522.2200000000	0.0925827050
1522.2300000000	0.0913923989
1522.2400000000	0.0928085265
1522.2500000000	0.0935938972
1522.2600000000	0.0934168654
1522.2700000000	0.0916985118
1522.2800000000	0.0891670406
1522.2900000000	0.0896754795
1522.3000000000	0.0924417284
1522.3100000000	0.0945757303
1522.3200000000	0.0944046247
1522.3300000000	0.0924494885
1522.3400000000	0.0916738456
1522.3500000000	0.0929679421
1522.3600000000	0.0940231783
1522.3700000000	0.0937497854
1522.3800000000	0.0926623907
1522.3900000000	0.0913187853
1522.4000000000	0.0909693041
1522.4100000000	0.0926685644
1522.4200000000	0.0948594597
1522.4300000000	0.0954312702
1522.4400000000	0.0941410503
1522.4500000000	0.0931150162
1522.4600000000	0.0941115995
1522.4700000000	0.0951478504
1522.4800000000	0.0941973931
1522.4900000000	0.0922664577
1522.5000000000	0.0901930156
1522.5100000000	0.0906873842
1522.5200000000	0.0935129325
1522.5300000000	0.0953644927
1522.5400000000	0.0949304991
1522.5500000000	0.0931644718
1522.5600000000	0.0928633364
1522.5700000000	0.0944442447
1522.5800000000	0.0952200622
1522.5900000000	0.0939038711
1522.6000000000	0.0919347827
1522.6100000000	0.0904242812
1522.6200000000	0.0906064944
1522.6300000000	0.0928532220
1522.6400000000	0.0946901419
1522.6500000000	0.0945162400
1522.6600000000	0.0933244014
1522.6700000000	0.0925789619
1522.6800000000	0.0930444839
1522.6900000000	0.0937964466
1522.7000000000	0.0934454144
1522.7100000000	0.0917932299
1522.7200000000	0.0901380645
1522.7300000000	0.0901283149
1522.7400000000	0.0926199253
1522.7500000000	0.0946235797
1522.7600000000	0.0937286208
1522.7700000000	0.0921837069
1522.7800000000	0.0925090775
1522.7900000000	0.0938177167
1522.8000000000	0.0948903689
1522.8100000000	0.0939745111
1522.8200000000	0.0915905362
1522.8300000000	0.0900509957
1522.8400000000	0.0910532784
1522.8500000000	0.0937582973
1522.8600000000	0.0950870270
1522.8700000000	0.0943583004
1522.8800000000	0.0930720433
1522.8900000000	0.0925453748
1522.9000000000	0.0932749225
1522.9100000000	0.0939842546
1522.9200000000	0.0933818294
1522.9300000000	0.0919389828
1522.9400000000	0.0904410030
1522.9500000000	0.0908081823
1522.9600000000	0.0933321751
1522.9700000000	0.0950719711
1522.9800000000	0.0942048117
1522.9900000000	0.0927516457
1523.0000000000	0.0924985739
1523.0100000000	0.0936010347
1523.0200000000	0.0946122035
1523.0300000000	0.0934742936
1523.0400000000	0.0916384963
1523.0500000000	0.0901338918
1523.0600000000	0.0907183988
1523.0700000000	0.0938571207
1523.0800000000	0.0956047086
1523.0900000000	0.0942940042
1523.1000000000	0.0918459438
1523.1100000000	0.0911615155
1523.1200000000	0.0919067383
1523.1300000000	0.0923835816
1523.1400000000	0.0909724884
1523.1500000000	0.0886855728
1523.1600000000	0.0874815456
1523.1700000000	0.0877890461
1523.1800000000	0.0894033909
1523.1900000000	0.0906408769
1523.2000000000	0.0900208476
1523.2100000000	0.0884954752
1523.2200000000	0.0879230187
1523.2300000000	0.0884390758
1523.2400000000	0.0891823576
1523.2500000000	0.0886842213
1523.2600000000	0.0869709818
1523.2700000000	0.0855256480
1523.2800000000	0.0863438444
1523.2900000000	0.0901379298
1523.3000000000	0.0921202830
1523.3100000000	0.0909001006
1523.3200000000	0.0899147001
1523.3300000000	0.0906184825
1523.3400000000	0.0920624940
1523.3500000000	0.0932140230
1523.3600000000	0.0918118603
1523.3700000000	0.0900241016
1523.3800000000	0.0889528255
1523.3900000000	0.0894287596
1523.4000000000	0.0922955960
1523.4100000000	0.0938537881
1523.4200000000	0.0929710397
1523.4300000000	0.0914886368
1523.4400000000	0.0914886411
1523.4500000000	0.0925188094
1523.4600000000	0.0931220551
1523.4700000000	0.0920603765
1523.4800000000	0.0898373000
1523.4900000000	0.0881739636
1523.5000000000	0.0884716372
1523.5100000000	0.0916062613
1523.5200000000	0.0928728251
1523.5300000000	0.0912025804
1523.5400000000	0.0900895903
1523.5500000000	0.0906254343
1523.5600000000	0.0919235936
1523.5700000000	0.0929932462
1523.5800000000	0.0920101692
1523.5900000000	0.0894234120
1523.6000000000	0.0886087370
1523.6100000000	0.0894281790
1523.6200000000	0.0926955143
1523.6300000000	0.0946365180
1523.6400000000	0.0930550327
1523.6500000000	0.0914588208
1523.6600000000	0.0915730226
1523.6700000000	0.0924721063
1523.6800000000	0.0928119493
1523.6900000000	0.0916208025
1523.7000000000	0.0896481205
1523.7100000000	0.0884378647
1523.7200000000	0.0885004936
1523.7300000000	0.0908352940
1523.7400000000	0.0924447572
1523.7500000000	0.0908107031
1523.7600000000	0.0893566618
1523.7700000000	0.0897350765
1523.7800000000	0.0909850205
1523.7900000000	0.0915689370
1523.8000000000	0.0905425510
1523.8100000000	0.0888620541
1523.8200000000	0.0879626992
1523.8300000000	0.0889961339
1523.8400000000	0.0917826267
1523.8500000000	0.0931518044
1523.8600000000	0.0919284873
1523.8700000000	0.0904480548
1523.8800000000	0.0905502134
1523.8900000000	0.0918692031
1523.9000000000	0.0930160588
1523.9100000000	0.0917919478
1523.9200000000	0.0894551665
1523.9300000000	0.0879228473
1523.9400000000	0.0888813835
1523.9500000000	0.0919729290
1523.9600000000	0.0936090089
1523.9700000000	0.0921951461
1523.9800000000	0.0910461295
1523.9900000000	0.0911253534
1524.0000000000	0.0916577713
1524.0100000000	0.0920807902
1524.0200000000	0.0904189520
1524.0300000000	0.0879823289
1524.0400000000	0.0872500067
1524.0500000000	0.0882878293
1524.0600000000	0.0906156823
1524.0700000000	0.0914680312
1524.0800000000	0.0900777277
1524.0900000000	0.0887641860
1524.1000000000	0.0888543923
1524.1100000000	0.0898873841
1524.1200000000	0.0906663556
1524.1300000000	0.0894630394
1524.1400000000	0.0869167398
1524.1500000000	0.0854556088
1524.1600000000	0.0863083599
1524.1700000000	0.0898314337
1524.1800000000	0.0918833672
1524.1900000000	0.0906882185
1524.2000000000	0.0891659729
1524.2100000000	0.0893447432
1524.2200000000	0.0901463786
1524.2300000000	0.0916232246
1524.2400000000	0.0906185237
1524.2500000000	0.0889927860
1524.2600000000	0.0877614669
1524.2700000000	0.0887063149
1524.2800000000	0.0916301556
1524.2900000000	0.0929946976
1524.3000000000	0.0918001757
1524.3100000000	0.0904813289
1524.3200000000	0.0906140522
1524.3300000000	0.0916575087
1524.3400000000	0.0922552217
1524.3500000000	0.0913680723
1524.3600000000	0.0894735324
1524.3700000000	0.0883735155
1524.3800000000	0.0894714593
1524.3900000000	0.0925269627
1524.4000000000	0.0940671856
1524.4100000000	0.0927373672
1524.4200000000	0.0908464717
1524.4300000000	0.0911188836
1524.4400000000	0.0918458252
1524.4500000000	0.0931440039
1524.4600000000	0.0923675510
1524.4700000000	0.0898106772
1524.4800000000	0.0882623426
1524.4900000000	0.0891869155
1524.5000000000	0.0921415986
1524.5100000000	0.0937202858
1524.5200000000	0.0920015167
1524.5300000000	0.0904785326
1524.5400000000	0.0906200100
1524.5500000000	0.0913664010
1524.5600000000	0.0911484366
1524.5700000000	0.0894594535
1524.5800000000	0.0875194699
1524.5900000000	0.0865721002
1524.6000000000	0.0876467446
1524.6100000000	0.0902917232
1524.6200000000	0.0909121378
1524.6300000000	0.0895446982
1524.6400000000	0.0882661366
1524.6500000000	0.0880999379
1524.6600000000	0.0891242558
1524.6700000000	0.0901987809
1524.6800000000	0.0891551099
1524.6900000000	0.0866714411
1524.7000000000	0.0849973408
1524.7100000000	0.0857818463
1524.7200000000	0.0889333829
1524.7300000000	0.0910694079
1524.7400000000	0.0901504771
1524.7500000000	0.0884866313
1524.7600000000	0.0887490739
1524.7700000000	0.0899511021
1524.7800000000	0.0906448314
1524.7900000000	0.0893903559
1524.8000000000	0.0876541428
1524.8100000000	0.0869927727
1524.8200000000	0.0880135032
1524.8300000000	0.0902147965
1524.8400000000	0.0916848898
1524.8500000000	0.0903093983
1524.8600000000	0.0888748213
1524.8700000000	0.0896003382
1524.8800000000	0.0905520885
1524.8900000000	0.0912524984
1524.9000000000	0.0906903810
1524.9100000000	0.0887667579
1524.9200000000	0.0875693745
1524.9300000000	0.0882959334
1524.9400000000	0.0906878685
1524.9500000000	0.0931018952
1524.9600000000	0.0922329753
1524.9700000000	0.0903276440
1524.9800000000	0.0900793577
1524.9900000000	0.0913737573
1525.0000000000	0.0923946634
1525.0100000000	0.0912465017
1525.0200000000	0.0893619150
1525.0300000000	0.0878997933
1525.0400000000	0.0881417606
1525.0500000000	0.0915765606
1525.0600000000	0.0928784244
1525.0700000000	0.0913027088
1525.0800000000	0.0901614465
1525.0900000000	0.0900014336
1525.1000000000	0.0907176007
1525.1100000000	0.0915100769
1525.1200000000	0.0904362024
1525.1300000000	0.0886042130
1525.1400000000	0.0876664479
1525.1500000000	0.0883562279
1525.1600000000	0.0905888972
1525.1700000000	0.0922210521
1525.1800000000	0.0913331268
1525.1900000000	0.0898238621
1525.2000000000	0.0895403560
1525.2100000000	0.0905299827
1525.2200000000	0.0915258125
1525.2300000000	0.0908588589
1525.2400000000	0.0884986651
1525.2500000000	0.0865622118
1525.2600000000	0.0869112716
1525.2700000000	0.0902743777
1525.2800000000	0.0930031835
1525.2900000000	0.0916605569
1525.3000000000	0.0892374810
1525.3100000000	0.0894497765
1525.3200000000	0.0904347360
1525.3300000000	0.0906817793
1525.3400000000	0.0895260522
1525.3500000000	0.0873154629
1525.3600000000	0.0865930722
1525.3700000000	0.0880010068
1525.3800000000	0.0911866887
1525.3900000000	0.0926501524
1525.4000000000	0.0915784326
1525.4100000000	0.0904061675
1525.4200000000	0.0901846586
1525.4300000000	0.0906360240
1525.4400000000	0.0913157564
1525.4500000000	0.0909172872
1525.4600000000	0.0889122859
1525.4700000000	0.0866988703
1525.4800000000	0.0862782201
1525.4900000000	0.0886058107
1525.5000000000	0.0919906306
1525.5100000000	0.0913549081
1525.5200000000	0.0885928208
1525.5300000000	0.0884926494
1525.5400000000	0.0890944648
1525.5500000000	0.0899883453
1525.5600000000	0.0900168701
1525.5700000000	0.0874162557
1525.5800000000	0.0854981847
1525.5900000000	0.0866129775
1525.6000000000	0.0894817484
1525.6100000000	0.0910733903
1525.6200000000	0.0898053137
1525.6300000000	0.0880777461
1525.6400000000	0.0882265934
1525.6500000000	0.0889950685
1525.6600000000	0.0888719886
1525.6700000000	0.0879443917
1525.6800000000	0.0863085630
1525.6900000000	0.0852589741
1525.7000000000	0.0855797622
1525.7100000000	0.0877852205
1525.7200000000	0.0901898021
1525.7300000000	0.0897954761
1525.7400000000	0.0880232319
1525.7500000000	0.0873608770
1525.7600000000	0.0878626935
1525.7700000000	0.0890579943
1525.7800000000	0.0889557249
1525.7900000000	0.0867317658
1525.8000000000	0.0845551087
1525.8100000000	0.0849344211
1525.8200000000	0.0877027350
1525.8300000000	0.0901175775
1525.8400000000	0.0893426212
1525.8500000000	0.0881134961
1525.8600000000	0.0877669191
1525.8700000000	0.0882320014
1525.8800000000	0.0889644461
1525.8900000000	0.0882771980
1525.9000000000	0.0863315610
1525.9100000000	0.0849111093
1525.9200000000	0.0856695822
1525.9300000000	0.0882620705
1525.9400000000	0.0903472332
1525.9500000000	0.0897393977
1525.9600000000	0.0877275158
1525.9700000000	0.0869023942
1525.9800000000	0.0877113560
1525.9900000000	0.0885708565
1526.0000000000	0.0886654016
1526.0100000000	0.0868220167
1526.0200000000	0.0846308466
1526.0300000000	0.0847030844
1526.0400000000	0.0872301337
1526.0500000000	0.0904760370
1526.0600000000	0.0906076201
1526.0700000000	0.0882038398
1526.0800000000	0.0871735397
1526.0900000000	0.0882955557
1526.1000000000	0.0891234439
1526.1100000000	0.0887434720
1526.1200000000	0.0865808746
1526.1300000000	0.0845995757
1526.1400000000	0.0853079885
1526.1500000000	0.0884346174
1526.1600000000	0.0903343406
1526.1700000000	0.0894639331
1526.1800000000	0.0883457657
1526.1900000000	0.0879580831
1526.2000000000	0.0888623895
1526.2100000000	0.0898248836
1526.2200000000	0.0894678724
1526.2300000000	0.0874777195
1526.2400000000	0.0856132394
1526.2500000000	0.0852480787
1526.2600000000	0.0874621361
1526.2700000000	0.0902960588
1526.2800000000	0.0905217815
1526.2900000000	0.0888427428
1526.3000000000	0.0877221811
1526.3100000000	0.0874897648
1526.3200000000	0.0892419975
1526.3300000000	0.0895615614
1526.3400000000	0.0877022985
1526.3500000000	0.0853087912
1526.3600000000	0.0848562391
1526.3700000000	0.0874653006
1526.3800000000	0.0903356224
1526.3900000000	0.0902184528
1526.4000000000	0.0888564585
1526.4100000000	0.0878256939
1526.4200000000	0.0881355703
1526.4300000000	0.0890236550
1526.4400000000	0.0882091948
1526.4500000000	0.0861789134
1526.4600000000	0.0844005132
1526.4700000000	0.0838992745
1526.4800000000	0.0860740041
1526.4900000000	0.0891212812
1526.5000000000	0.0894100054
1526.5100000000	0.0878246282
1526.5200000000	0.0868327759
1526.5300000000	0.0867735644
1526.5400000000	0.0875219511
1526.5500000000	0.0877902831
1526.5600000000	0.0867093393
1526.5700000000	0.0848319375
1526.5800000000	0.0839825611
1526.5900000000	0.0856254791
1526.6000000000	0.0891932457
1526.6100000000	0.0902124514
1526.6200000000	0.0881111907
1526.6300000000	0.0865096590
1526.6400000000	0.0865886749
1526.6500000000	0.0877949955
1526.6600000000	0.0877000130
1526.6700000000	0.0857119555
1526.6800000000	0.0836098343
1526.6900000000	0.0832758539
1526.7000000000	0.0862145424
1526.7100000000	0.0892571117
1526.7200000000	0.0894746178
1526.7300000000	0.0884964133
1526.7400000000	0.0869648581
1526.7500000000	0.0864384602
1526.7600000000	0.0873823444
1526.7700000000	0.0875335098
1526.7800000000	0.0864420813
1526.7900000000	0.0841710906
1526.8000000000	0.0825747499
1526.8100000000	0.0841991910
1526.8200000000	0.0870153475
1526.8300000000	0.0882883715
1526.8400000000	0.0877777893
1526.8500000000	0.0863747658
1526.8600000000	0.0856262050
1526.8700000000	0.0866787586
1526.8800000000	0.0867958633
1526.8900000000	0.0859249902
1526.9000000000	0.0839389908
1526.9100000000	0.0825226691
1526.9200000000	0.0841332554
1526.9300000000	0.0875774175
1526.9400000000	0.0886354831
1526.9500000000	0.0879266934
1526.9600000000	0.0863581976
1526.9700000000	0.0859172190
1526.9800000000	0.0872745893
1526.9900000000	0.0874997095
1527.0000000000	0.0862886893
1527.0100000000	0.0843605496
1527.0200000000	0.0830164293
1527.0300000000	0.0844389262
1527.0400000000	0.0874851237
1527.0500000000	0.0891109032
1527.0600000000	0.0884666029
1527.0700000000	0.0872809590
1527.0800000000	0.0864875859
1527.0900000000	0.0868572058
1527.1000000000	0.0870836982
1527.1100000000	0.0861650936
1527.1200000000	0.0847474451
1527.1300000000	0.0835752691
1527.1400000000	0.0846440662
1527.1500000000	0.0878876357
1527.1600000000	0.0899438316
1527.1700000000	0.0892111184
1527.1800000000	0.0871416457
1527.1900000000	0.0861896318
1527.2000000000	0.0876047851
1527.2100000000	0.0880041133
1527.2200000000	0.0868229609
1527.2300000000	0.0850555461
1527.2400000000	0.0838040701
1527.2500000000	0.0850548048
1527.2600000000	0.0879125195
1527.2700000000	0.0894601069
1527.2800000000	0.0891112848
1527.2900000000	0.0876050191
1527.3000000000	0.0867039678
1527.3100000000	0.0872225471
1527.3200000000	0.0879535483
1527.3300000000	0.0873279414
1527.3400000000	0.0856047543
1527.3500000000	0.0840855489
1527.3600000000	0.0844805745
1527.3700000000	0.0868100191
1527.3800000000	0.0895135236
1527.3900000000	0.0898095604
1527.4000000000	0.0877217609
1527.4100000000	0.0861730480
1527.4200000000	0.0867448892
1527.4300000000	0.0874770605
1527.4400000000	0.0870170823
1527.4500000000	0.0846527929
1527.4600000000	0.0822998947
1527.4700000000	0.0833973552
1527.4800000000	0.0858386385
1527.4900000000	0.0878570712
1527.5000000000	0.0882380091
1527.5100000000	0.0865802342
1527.5200000000	0.0852287782
1527.5300000000	0.0852934403
1527.5400000000	0.0861582460
1527.5500000000	0.0862475050
1527.5600000000	0.0846107680
1527.5700000000	0.0824690273
1527.5800000000	0.0824869028
1527.5900000000	0.0847931195
1527.6000000000	0.0875518828
1527.6100000000	0.0881737687
1527.6200000000	0.0862891745
1527.6300000000	0.0850823570
1527.6400000000	0.0851035177
1527.6500000000	0.0853503865
1527.6600000000	0.0854422743
1527.6700000000	0.0836151665
1527.6800000000	0.0811492358
1527.6900000000	0.0812211743
1527.7000000000	0.0837593636
1527.7100000000	0.0867864651
1527.7200000000	0.0868089645
1527.7300000000	0.0843158855
1527.7400000000	0.0827293342
1527.7500000000	0.0827857734
1527.7600000000	0.0833701666
1527.7700000000	0.0837148371
1527.7800000000	0.0824668158
1527.7900000000	0.0804327719
1527.8000000000	0.0798439400
1527.8100000000	0.0813980751
1527.8200000000	0.0843061367
1527.8300000000	0.0854571858
1527.8400000000	0.0839103147
1527.8500000000	0.0827800987
1527.8600000000	0.0830088593
1527.8700000000	0.0836353679
1527.8800000000	0.0841845836
1527.8900000000	0.0832558786
1527.9000000000	0.0816793059
1527.9100000000	0.0814786181
1527.9200000000	0.0837926829
1527.9300000000	0.0870123515
1527.9400000000	0.0875677200
1527.9500000000	0.0856612491
1527.9600000000	0.0842831632
1527.9700000000	0.0840625694
1527.9800000000	0.0848303882
1527.9900000000	0.0851127721
1528.0000000000	0.0842391818
1528.0100000000	0.0827198327
1528.0200000000	0.0813399750
1528.0300000000	0.0828578908
1528.0400000000	0.0861745726
1528.0500000000	0.0876400693
1528.0600000000	0.0867026784
1528.0700000000	0.0845093814
1528.0800000000	0.0831212491
1528.0900000000	0.0843450414
1528.1000000000	0.0850105811
1528.1100000000	0.0843761903
1528.1200000000	0.0829727404
1528.1300000000	0.0815724634
1528.1400000000	0.0827509054
1528.1500000000	0.0861625417
1528.1600000000	0.0879860454
1528.1700000000	0.0868393051
1528.1800000000	0.0849800628
1528.1900000000	0.0843339242
1528.2000000000	0.0852361607
1528.2100000000	0.0855970180
1528.2200000000	0.0851798157
1528.2300000000	0.0837848199
1528.2400000000	0.0823635492
1528.2500000000	0.0835926738
1528.2600000000	0.0867127579
1528.2700000000	0.0880688042
1528.2800000000	0.0872515409
1528.2900000000	0.0854170819
1528.3000000000	0.0845238754
1528.3100000000	0.0849036859
1528.3200000000	0.0852960842
1528.3300000000	0.0849587846
1528.3400000000	0.0836564326
1528.3500000000	0.0820539451
1528.3600000000	0.0820721471
1528.3700000000	0.0847872291
1528.3800000000	0.0867439121
1528.3900000000	0.0870271575
1528.4000000000	0.0852492916
1528.4100000000	0.0831085841
1528.4200000000	0.0839674847
1528.4300000000	0.0849654853
1528.4400000000	0.0848903658
1528.4500000000	0.0831676049
1528.4600000000	0.0814939923
1528.4700000000	0.0821929884
1528.4800000000	0.0848600279
1528.4900000000	0.0866757542
1528.5000000000	0.0862271110
1528.5100000000	0.0843810853
1528.5200000000	0.0831132292
1528.5300000000	0.0829398573
1528.5400000000	0.0835433902
1528.5500000000	0.0840780438
1528.5600000000	0.0823367333
1528.5700000000	0.0798002483
1528.5800000000	0.0794563393
1528.5900000000	0.0815023289
1528.6000000000	0.0844052314
1528.6100000000	0.0850823712
1528.6200000000	0.0828886400
1528.6300000000	0.0815172232
1528.6400000000	0.0814355658
1528.6500000000	0.0819905997
1528.6600000000	0.0827898798
1528.6700000000	0.0815568255
1528.6800000000	0.0794506749
1528.6900000000	0.0791426072
1528.7000000000	0.0814092729
1528.7100000000	0.0841111322
1528.7200000000	0.0845321082
1528.7300000000	0.0830718564
1528.7400000000	0.0815873084
1528.7500000000	0.0812509832
1528.7600000000	0.0819083647
1528.7700000000	0.0823422957
1528.7800000000	0.0816650980
1528.7900000000	0.0807532910
1528.8000000000	0.0798338733
1528.8100000000	0.0809235623
1528.8200000000	0.0844068301
1528.8300000000	0.0856444292
1528.8400000000	0.0844957130
1528.8500000000	0.0827479237
1528.8600000000	0.0816945917
1528.8700000000	0.0823163095
1528.8800000000	0.0832826271
1528.8900000000	0.0828858034
1528.9000000000	0.0814010839
1528.9100000000	0.0803142712
1528.9200000000	0.0813013164
1528.9300000000	0.0849612372
1528.9400000000	0.0864547945
1528.9500000000	0.0849413299
1528.9600000000	0.0831722093
1528.9700000000	0.0822357825
1528.9800000000	0.0837726042
1528.9900000000	0.0850773643
1529.0000000000	0.0844185590
1529.0100000000	0.0825597417
1529.0200000000	0.0813713455
1529.0300000000	0.0827679001
1529.0400000000	0.0858603132
1529.0500000000	0.0870665412
1529.0600000000	0.0858366948
1529.0700000000	0.0838465420
1529.0800000000	0.0823339559
1529.0900000000	0.0825619941
1529.1000000000	0.0833259674
1529.1100000000	0.0836425117
1529.1200000000	0.0825505555
1529.1300000000	0.0805303812
1529.1400000000	0.0808718310
1529.1500000000	0.0836332231
1529.1600000000	0.0852296246
1529.1700000000	0.0851613877
1529.1800000000	0.0829509072
1529.1900000000	0.0818417479
1529.2000000000	0.0826636934
1529.2100000000	0.0831649398
1529.2200000000	0.0829759035
1529.2300000000	0.0816053847
1529.2400000000	0.0799888189
1529.2500000000	0.0802307601
1529.2600000000	0.0827062055
1529.2700000000	0.0845772757
1529.2800000000	0.0843569083
1529.2900000000	0.0826165314
1529.3000000000	0.0813860662
1529.3100000000	0.0818031594
1529.3200000000	0.0829286776
1529.3300000000	0.0839189876
1529.3400000000	0.0832506603
1529.3500000000	0.0818692436
1529.3600000000	0.0821311422
1529.3700000000	0.0842030828
1529.3800000000	0.0875319660
1529.3900000000	0.0884487509
1529.4000000000	0.0865701528
1529.4100000000	0.0843248675
1529.4200000000	0.0834462140
1529.4300000000	0.0841797241
1529.4400000000	0.0848180733
1529.4500000000	0.0841133450
1529.4600000000	0.0822871375
1529.4700000000	0.0817050617
1529.4800000000	0.0830589846
1529.4900000000	0.0861044777
1529.5000000000	0.0869194813
1529.5100000000	0.0844759024
1529.5200000000	0.0824688144
1529.5300000000	0.0820355880
1529.5400000000	0.0830460086
1529.5500000000	0.0843158906
1529.5600000000	0.0835810094
1529.5700000000	0.0822166492
1529.5800000000	0.0816351267
1529.5900000000	0.0823097452
1529.6000000000	0.0848361240
1529.6100000000	0.0863352937
1529.6200000000	0.0852643629
1529.6300000000	0.0834352280
1529.6400000000	0.0825505551
1529.6500000000	0.0829398819
1529.6600000000	0.0838110089
1529.6700000000	0.0832024424
1529.6800000000	0.0822582194
1529.6900000000	0.0809712718
1529.7000000000	0.0810073955
1529.7100000000	0.0839162914
1529.7200000000	0.0853964055
1529.7300000000	0.0842195913
1529.7400000000	0.0823308397
1529.7500000000	0.0815512207
1529.7600000000	0.0821576003
1529.7700000000	0.0830780404
1529.7800000000	0.0831090490
1529.7900000000	0.0818609411
1529.8000000000	0.0805183825
1529.8100000000	0.0808100278
1529.8200000000	0.0833441350
1529.8300000000	0.0854417005
1529.8400000000	0.0851931762
1529.8500000000	0.0832196844
1529.8600000000	0.0816636805
1529.8700000000	0.0819318466
1529.8800000000	0.0827494580
1529.8900000000	0.0831140522
1529.9000000000	0.0825140873
1529.9100000000	0.0810238079
1529.9200000000	0.0810470741
1529.9300000000	0.0831856525
1529.9400000000	0.0854060710
1529.9500000000	0.0857660497
1529.9600000000	0.0839453525
1529.9700000000	0.0822061556
1529.9800000000	0.0823227393
1529.9900000000	0.0831740017
1530.0000000000	0.0842767235
1530.0100000000	0.0834111613
1530.0200000000	0.0814591463
1530.0300000000	0.0806714163
1530.0400000000	0.0824889675
1530.0500000000	0.0854058446
1530.0600000000	0.0858038774
1530.0700000000	0.0835609120
1530.0800000000	0.0818848541
1530.0900000000	0.0823037285
1530.1000000000	0.0832207367
1530.1100000000	0.0838677425
1530.1200000000	0.0833243358
1530.1300000000	0.0812970041
1530.1400000000	0.0800154782
1530.1500000000	0.0802073574
1530.1600000000	0.0833861480
1530.1700000000	0.0852361572
1530.1800000000	0.0839683424
1530.1900000000	0.0818643307
1530.2000000000	0.0807033100
1530.2100000000	0.0810882586
1530.2200000000	0.0823054000
1530.2300000000	0.0822431165
1530.2400000000	0.0808204317
1530.2500000000	0.0797521518
1530.2600000000	0.0804760110
1530.2700000000	0.0826390248
1530.2800000000	0.0840055440
1530.2900000000	0.0829682976
1530.3000000000	0.0810714980
1530.3100000000	0.0801703966
1530.3200000000	0.0805729247
1530.3300000000	0.0814146603
1530.3400000000	0.0813765589
1530.3500000000	0.0799019741
1530.3600000000	0.0780290871
1530.3700000000	0.0781114912
1530.3800000000	0.0805590927
1530.3900000000	0.0824439968
1530.4000000000	0.0821111006
1530.4100000000	0.0804597762
1530.4200000000	0.0787261874
1530.4300000000	0.0786669592
1530.4400000000	0.0795170871
1530.4500000000	0.0798345744
1530.4600000000	0.0791616032
1530.4700000000	0.0779234221
1530.4800000000	0.0772799394
1530.4900000000	0.0791529690
1530.5000000000	0.0812007292
1530.5100000000	0.0812412243
1530.5200000000	0.0792702023
1530.5300000000	0.0771249744
1530.5400000000	0.0773678232
1530.5500000000	0.0785867283
1530.5600000000	0.0790104064
1530.5700000000	0.0788478414
1530.5800000000	0.0770391314
1530.5900000000	0.0765752507
1530.6000000000	0.0787653129
1530.6100000000	0.0812006666
1530.6200000000	0.0820102199
1530.6300000000	0.0804655484
1530.6400000000	0.0784731206
1530.6500000000	0.0780986941
1530.6600000000	0.0789652378
1530.6700000000	0.0801508087
1530.6800000000	0.0801262923
1530.6900000000	0.0784426727
1530.7000000000	0.0776149069
1530.7100000000	0.0789649151
1530.7200000000	0.0813472633
1530.7300000000	0.0834190702
1530.7400000000	0.0824978287
1530.7500000000	0.0803050258
1530.7600000000	0.0795835949
1530.7700000000	0.0799768909
1530.7800000000	0.0810904693
1530.7900000000	0.0809999325
1530.8000000000	0.0794676598
1530.8100000000	0.0784054751
1530.8200000000	0.0789168873
1530.8300000000	0.0808350247
1530.8400000000	0.0825323360
1530.8500000000	0.0814736527
1530.8600000000	0.0791229789
1530.8700000000	0.0781265603
1530.8800000000	0.0786134720
1530.8900000000	0.0797266111
1530.9000000000	0.0800941898
1530.9100000000	0.0794925123
1530.9200000000	0.0781485686
1530.9300000000	0.0775172978
1530.9400000000	0.0799563043
1530.9500000000	0.0826642523
1530.9600000000	0.0825225973
1530.9700000000	0.0807921803
1530.9800000000	0.0791194727
1530.9900000000	0.0791651487
1531.0000000000	0.0802706042
1531.0100000000	0.0805443701
1531.0200000000	0.0798384883
1531.0300000000	0.0783235929
1531.0400000000	0.0776106807
1531.0500000000	0.0796370513
1531.0600000000	0.0818078390
1531.0700000000	0.0820167123
1531.0800000000	0.0803106079
1531.0900000000	0.0779702704
1531.1000000000	0.0777990852
1531.1100000000	0.0790767006
1531.1200000000	0.0797933970
1531.1300000000	0.0795572853
1531.1400000000	0.0779287366
1531.1500000000	0.0769179973
1531.1600000000	0.0786708059
1531.1700000000	0.0809444154
1531.1800000000	0.0819897019
1531.1900000000	0.0808934369
1531.2000000000	0.0788953039
1531.2100000000	0.0782858250
1531.2200000000	0.0791972831
1531.2300000000	0.0801702625
1531.2400000000	0.0803948948
1531.2500000000	0.0789663425
1531.2600000000	0.0771879895
1531.2700000000	0.0780005726
1531.2800000000	0.0805418346
1531.2900000000	0.0824022900
1531.3000000000	0.0808722808
1531.3100000000	0.0787429756
1531.3200000000	0.0780561262
1531.3300000000	0.0786390860
1531.3400000000	0.0796937174
1531.3500000000	0.0796274832
1531.3600000000	0.0783063124
1531.3700000000	0.0772669402
1531.3800000000	0.0774032269
1531.3900000000	0.0793793669
1531.4000000000	0.0814469089
1531.4100000000	0.0807223548
1531.4200000000	0.0787996761
1531.4300000000	0.0772220741
1531.4400000000	0.0770175466
1531.4500000000	0.0783307239
1531.4600000000	0.0790512390
1531.4700000000	0.0782277477
1531.4800000000	0.0764792674
1531.4900000000	0.0754795393
1531.5000000000	0.0777668083
1531.5100000000	0.0806194312
1531.5200000000	0.0809254976
1531.5300000000	0.0790864366
1531.5400000000	0.0772952626
1531.5500000000	0.0777422038
1531.5600000000	0.0785856252
1531.5700000000	0.0789240628
1531.5800000000	0.0786762601
1531.5900000000	0.0776310057
1531.6000000000	0.0769622689
1531.6100000000	0.0784271482
1531.6200000000	0.0808642733
1531.6300000000	0.0820682197
1531.6400000000	0.0803994920
1531.6500000000	0.0781472594
1531.6600000000	0.0779429366
1531.6700000000	0.0786127040
1531.6800000000	0.0793972453
1531.6900000000	0.0794763182
1531.7000000000	0.0783120186
1531.7100000000	0.0769870051
1531.7200000000	0.0777888171
1531.7300000000	0.0800256557
1531.7400000000	0.0816788462
1531.7500000000	0.0809805691
1531.7600000000	0.0789074885
1531.7700000000	0.0779078903
1531.7800000000	0.0783531675
1531.7900000000	0.0790487409
1531.8000000000	0.0798226993
1531.8100000000	0.0786792868
1531.8200000000	0.0770129795
1531.8300000000	0.0773897617
1531.8400000000	0.0801864281
1531.8500000000	0.0818191773
1531.8600000000	0.0803458935
1531.8700000000	0.0779423879
1531.8800000000	0.0771522318
1531.8900000000	0.0772159545
1531.9000000000	0.0782461379
1531.9100000000	0.0786234121
1531.9200000000	0.0778565481
1531.9300000000	0.0767771529
1531.9400000000	0.0763349831
1531.9500000000	0.0777345350
1531.9600000000	0.0798630338
1531.9700000000	0.0800852497
1531.9800000000	0.0785052188
1531.9900000000	0.0767502644
1532.0000000000	0.0762647258
1532.0100000000	0.0772803868
1532.0200000000	0.0782355117
1532.0300000000	0.0783749934
1532.0400000000	0.0770836504
1532.0500000000	0.0759023685
1532.0600000000	0.0781810673
1532.0700000000	0.0810614729
1532.0800000000	0.0812251357
1532.0900000000	0.0797800602
1532.1000000000	0.0775851882
1532.1100000000	0.0771450832
1532.1200000000	0.0784080470
1532.1300000000	0.0791595878
1532.1400000000	0.0791268005
1532.1500000000	0.0779051964
1532.1600000000	0.0770240591
1532.1700000000	0.0781277412
1532.1800000000	0.0804214799
1532.1900000000	0.0815818299
1532.2000000000	0.0808267690
1532.2100000000	0.0787110274
1532.2200000000	0.0773285811
1532.2300000000	0.0775195143
1532.2400000000	0.0782655549
1532.2500000000	0.0789778991
1532.2600000000	0.0783872174
1532.2700000000	0.0771651109
1532.2800000000	0.0772046098
1532.2900000000	0.0792385702
1532.3000000000	0.0812357003
1532.3100000000	0.0807288534
1532.3200000000	0.0784468675
1532.3300000000	0.0771910309
1532.3400000000	0.0770814764
1532.3500000000	0.0786849235
1532.3600000000	0.0796126212
1532.3700000000	0.0788621105
1532.3800000000	0.0773526101
1532.3900000000	0.0770681063
1532.4000000000	0.0790398218
1532.4100000000	0.0818719127
1532.4200000000	0.0815533122
1532.4300000000	0.0792370153
1532.4400000000	0.0777274521
1532.4500000000	0.0770058132
1532.4600000000	0.0779490614
1532.4700000000	0.0785518004
1532.4800000000	0.0781263051
1532.4900000000	0.0768622219
1532.5000000000	0.0754567259
1532.5100000000	0.0761640959
1532.5200000000	0.0780189416
1532.5300000000	0.0789987651
1532.5400000000	0.0781604644
1532.5500000000	0.0762318040
1532.5600000000	0.0749936525
1532.5700000000	0.0754909658
1532.5800000000	0.0766728166
1532.5900000000	0.0770807237
1532.6000000000	0.0756810127
1532.6100000000	0.0743384410
1532.6200000000	0.0754251266
1532.6300000000	0.0778305343
1532.6400000000	0.0789435674
1532.6500000000	0.0776309134
1532.6600000000	0.0751499465
1532.6700000000	0.0743796270
1532.6800000000	0.0751958200
1532.6900000000	0.0762077685
1532.7000000000	0.0766142039
1532.7100000000	0.0759230749
1532.7200000000	0.0749068131
1532.7300000000	0.0750416396
1532.7400000000	0.0769005732
1532.7500000000	0.0791701451
1532.7600000000	0.0796519483
1532.7700000000	0.0779749743
1532.7800000000	0.0761185891
1532.7900000000	0.0756646028
1532.8000000000	0.0764013738
1532.8100000000	0.0776331049
1532.8200000000	0.0776506177
1532.8300000000	0.0765473236
1532.8400000000	0.0759678524
1532.8500000000	0.0779085436
1532.8600000000	0.0808523140
1532.8700000000	0.0807528148
1532.8800000000	0.0784181768
1532.8900000000	0.0764516482
1532.9000000000	0.0757627386
1532.9100000000	0.0770424938
1532.9200000000	0.0783866939
1532.9300000000	0.0787773104
1532.9400000000	0.0776376464
1532.9500000000	0.0760663919
1532.9600000000	0.0770950282
1532.9700000000	0.0799554497
1532.9800000000	0.0809382429
1532.9900000000	0.0794000955
1533.0000000000	0.0770647557
1533.0100000000	0.0757316845
1533.0200000000	0.0762027438
1533.0300000000	0.0770807336
1533.0400000000	0.0779076957
1533.0500000000	0.0774878415
1533.0600000000	0.0760445249
1533.0700000000	0.0757220259
1533.0800000000	0.0771055359
1533.0900000000	0.0792956106
1533.1000000000	0.0787608393
1533.1100000000	0.0758397291
1533.1200000000	0.0744518429
1533.1300000000	0.0747361083
1533.1400000000	0.0759624086
1533.1500000000	0.0769033973
1533.1600000000	0.0761664233
1533.1700000000	0.0747190763
1533.1800000000	0.0744658528
1533.1900000000	0.0764220567
1533.2000000000	0.0783464597
1533.2100000000	0.0780461101
1533.2200000000	0.0762583524
1533.2300000000	0.0749003315
1533.2400000000	0.0744164630
1533.2500000000	0.0750743497
1533.2600000000	0.0763104551
1533.2700000000	0.0764306042
1533.2800000000	0.0753013065
1533.2900000000	0.0740043412
1533.3000000000	0.0744687909
1533.3100000000	0.0766646673
1533.3200000000	0.0776831507
1533.3300000000	0.0768871427
1533.3400000000	0.0752799718
1533.3500000000	0.0742325979
1533.3600000000	0.0745577525
1533.3700000000	0.0755882328
1533.3800000000	0.0763986894
1533.3900000000	0.0756350362
1533.4000000000	0.0741842050
1533.4100000000	0.0751127786
1533.4200000000	0.0774265977
1533.4300000000	0.0786100640
1533.4400000000	0.0777958339
1533.4500000000	0.0755655584
1533.4600000000	0.0739503693
1533.4700000000	0.0741796019
1533.4800000000	0.0755793547
1533.4900000000	0.0769002624
1533.5000000000	0.0765988672
1533.5100000000	0.0746554485
1533.5200000000	0.0742959562
1533.5300000000	0.0760366744
1533.5400000000	0.0780128341
1533.5500000000	0.0782420488
1533.5600000000	0.0767213832
1533.5700000000	0.0748817892
1533.5800000000	0.0743381985
1533.5900000000	0.0754288398
1533.6000000000	0.0772167495
1533.6100000000	0.0776120544
1533.6200000000	0.0765663162
1533.6300000000	0.0757324080
1533.6400000000	0.0772967511
1533.6500000000	0.0798889331
1533.6600000000	0.0799765284
1533.6700000000	0.0779592305
1533.6800000000	0.0761868432
1533.6900000000	0.0753402885
1533.7000000000	0.0759522542
1533.7100000000	0.0775989958
1533.7200000000	0.0778939011
1533.7300000000	0.0767701745
1533.7400000000	0.0750059121
1533.7500000000	0.0753477986
1533.7600000000	0.0774307910
1533.7700000000	0.0786044492
1533.7800000000	0.0776143089
1533.7900000000	0.0754220274
1533.8000000000	0.0738160374
1533.8100000000	0.0737117953
1533.8200000000	0.0745706462
1533.8300000000	0.0755920178
1533.8400000000	0.0754432096
1533.8500000000	0.0737054396
1533.8600000000	0.0732270352
1533.8700000000	0.0747101565
1533.8800000000	0.0766398661
1533.8900000000	0.0770215181
1533.9000000000	0.0750715239
1533.9100000000	0.0732545401
1533.9200000000	0.0737330612
1533.9300000000	0.0750651178
1533.9400000000	0.0765905645
1533.9500000000	0.0765843587
1533.9600000000	0.0753156218
1533.9700000000	0.0753531562
1533.9800000000	0.0768447435
1533.9900000000	0.0786019171
1534.0000000000	0.0792666520
1534.0100000000	0.0782158683
1534.0200000000	0.0762423153
1534.0300000000	0.0747627176
1534.0400000000	0.0749244159
1534.0500000000	0.0764800439
1534.0600000000	0.0772111142
1534.0700000000	0.0762708711
1534.0800000000	0.0749908366
1534.0900000000	0.0750841066
1534.1000000000	0.0768145177
1534.1100000000	0.0778535360
1534.1200000000	0.0767862054
1534.1300000000	0.0746754160
1534.1400000000	0.0730107910
1534.1500000000	0.0733093298
1534.1600000000	0.0746565228
1534.1700000000	0.0755963433
1534.1800000000	0.0748617256
1534.1900000000	0.0727825241
1534.2000000000	0.0730017261
1534.2100000000	0.0747474233
1534.2200000000	0.0759898303
1534.2300000000	0.0754786043
1534.2400000000	0.0730816492
1534.2500000000	0.0714272428
1534.2600000000	0.0713338660
1534.2700000000	0.0723058491
1534.2800000000	0.0738077618
1534.2900000000	0.0740265590
1534.3000000000	0.0724352839
1534.3100000000	0.0717133326
1534.3200000000	0.0725266304
1534.3300000000	0.0746071832
1534.3400000000	0.0753977333
1534.3500000000	0.0742052941
1534.3600000000	0.0724779686
1534.3700000000	0.0714753113
1534.3800000000	0.0717726758
1534.3900000000	0.0736577863
1534.4000000000	0.0748500431
1534.4100000000	0.0744356026
1534.4200000000	0.0731689652
1534.4300000000	0.0736071524
1534.4400000000	0.0763575981
1534.4500000000	0.0771795860
1534.4600000000	0.0755922056
1534.4700000000	0.0735220350
1534.4800000000	0.0722194461
1534.4900000000	0.0731762609
1534.5000000000	0.0746348682
1534.5100000000	0.0751703263
1534.5200000000	0.0749496544
1534.5300000000	0.0737096191
1534.5400000000	0.0736084270
1534.5500000000	0.0750440294
1534.5600000000	0.0765798041
1534.5700000000	0.0768800054
1534.5800000000	0.0753761664
1534.5900000000	0.0733402460
1534.6000000000	0.0726393018
1534.6100000000	0.0734073410
1534.6200000000	0.0749497209
1534.6300000000	0.0756721870
1534.6400000000	0.0743371647
1534.6500000000	0.0732703060
1534.6600000000	0.0743214271
1534.6700000000	0.0763762804
1534.6800000000	0.0769128678
1534.6900000000	0.0747724931
1534.7000000000	0.0727466144
1534.7100000000	0.0720167721
1534.7200000000	0.0727755133
1534.7300000000	0.0748566178
1534.7400000000	0.0757085255
1534.7500000000	0.0746672491
1534.7600000000	0.0730119346
1534.7700000000	0.0732007744
1534.7800000000	0.0754118072
1534.7900000000	0.0765685846
1534.8000000000	0.0755687959
1534.8100000000	0.0737635965
1534.8200000000	0.0721755218
1534.8300000000	0.0726430356
1534.8400000000	0.0740871103
1534.8500000000	0.0753081383
1534.8600000000	0.0756602689
1534.8700000000	0.0742864017
1534.8800000000	0.0732020107
1534.8900000000	0.0746946880
1534.9000000000	0.0765268715
1534.9100000000	0.0768424813
1534.9200000000	0.0754097255
1534.9300000000	0.0735654503
1534.9400000000	0.0730634661
1534.9500000000	0.0741822502
1534.9600000000	0.0757220259
1534.9700000000	0.0761038795
1534.9800000000	0.0742112010
1534.9900000000	0.0730907346
1535.0000000000	0.0739165769
1535.0100000000	0.0758462721
1535.0200000000	0.0762406684
1535.0300000000	0.0742094818
1535.0400000000	0.0725286007
1535.0500000000	0.0720554469
1535.0600000000	0.0725546662
1535.0700000000	0.0741670184
1535.0800000000	0.0753617267
1535.0900000000	0.0746542344
1535.1000000000	0.0731611998
1535.1100000000	0.0728356841
1535.1200000000	0.0744250366
1535.1300000000	0.0758845532
1535.1400000000	0.0750990263
1535.1500000000	0.0733690546
1535.1600000000	0.0717557903
1535.1700000000	0.0713152076
1535.1800000000	0.0725591932
1535.1900000000	0.0742712858
1535.2000000000	0.0744944409
1535.2100000000	0.0727676294
1535.2200000000	0.0717912008
1535.2300000000	0.0734281756
1535.2400000000	0.0752387774
1535.2500000000	0.0753283663
1535.2600000000	0.0732045753
1535.2700000000	0.0717836003
1535.2800000000	0.0716390722
1535.2900000000	0.0726017094
1535.3000000000	0.0744671314
1535.3100000000	0.0749753408
1535.3200000000	0.0732803699
1535.3300000000	0.0718032717
1535.3400000000	0.0721179124
1535.3500000000	0.0741368823
1535.3600000000	0.0754502175
1535.3700000000	0.0744781113
1535.3800000000	0.0725230153
1535.3900000000	0.0711957829
1535.4000000000	0.0714281965
1535.4100000000	0.0731791645
1535.4200000000	0.0744217439
1535.4300000000	0.0740011803
1535.4400000000	0.0727660256
1535.4500000000	0.0727378170
1535.4600000000	0.0746674465
1535.4700000000	0.0760651242
1535.4800000000	0.0753242957
1535.4900000000	0.0739073644
1535.5000000000	0.0725536230
1535.5100000000	0.0722714807
1535.5200000000	0.0737662296
1535.5300000000	0.0754944962
1535.5400000000	0.0753547343
1535.5500000000	0.0734347822
1535.5600000000	0.0731276810
1535.5700000000	0.0750021553
1535.5800000000	0.0764243104
1535.5900000000	0.0762556565
1535.6000000000	0.0750468078
1535.6100000000	0.0736173377
1535.6200000000	0.0731241757
1535.6300000000	0.0739016480
1535.6400000000	0.0754607712
1535.6500000000	0.0766798337
1535.6600000000	0.0761135311
1535.6700000000	0.0746916313
1535.6800000000	0.0744647624
1535.6900000000	0.0760003283
1535.7000000000	0.0770077370
1535.7100000000	0.0755760919
1535.7200000000	0.0732154470
1535.7300000000	0.0716847054
1535.7400000000	0.0718072109
1535.7500000000	0.0737268998
1535.7600000000	0.0749055037
1535.7700000000	0.0739187376
1535.7800000000	0.0724361285
1535.7900000000	0.0718806966
1535.8000000000	0.0740015360
1535.8100000000	0.0752901427
1535.8200000000	0.0745077633
1535.8300000000	0.0723178613
1535.8400000000	0.0706403280
1535.8500000000	0.0705476469
1535.8600000000	0.0715842105
1535.8700000000	0.0731358531
1535.8800000000	0.0739868543
1535.8900000000	0.0728179190
1535.9000000000	0.0714627932
1535.9100000000	0.0718785351
1535.9200000000	0.0733105430
1535.9300000000	0.0742397882
1535.9400000000	0.0732535101
1535.9500000000	0.0711435991
1535.9600000000	0.0702036914
1535.9700000000	0.0708535040
1535.9800000000	0.0728853270
1535.9900000000	0.0740287153
1536.0000000000	0.0732281081
1536.0100000000	0.0720976670
1536.0200000000	0.0718668439
1536.0300000000	0.0739895007
1536.0400000000	0.0754641620
1536.0500000000	0.0743864570
1536.0600000000	0.0727543520
1536.0700000000	0.0712183000
1536.0800000000	0.0713599002
1536.0900000000	0.0729452764
1536.1000000000	0.0740006768
1536.1100000000	0.0740229900
1536.1200000000	0.0726773933
1536.1300000000	0.0716280629
1536.1400000000	0.0723878603
1536.1500000000	0.0738008751
1536.1600000000	0.0744306393
1536.1700000000	0.0735355539
1536.1800000000	0.0715726292
1536.1900000000	0.0705375326
1536.2000000000	0.0710236582
1536.2100000000	0.0725521032
1536.2200000000	0.0737412720
1536.2300000000	0.0728775068
1536.2400000000	0.0717159738
1536.2500000000	0.0721446306
1536.2600000000	0.0735767171
1536.2700000000	0.0746489954
1536.2800000000	0.0736850837
1536.2900000000	0.0714943420
1536.3000000000	0.0704010147
1536.3100000000	0.0705861667
1536.3200000000	0.0726608907
1536.3300000000	0.0741824296
1536.3400000000	0.0734991869
1536.3500000000	0.0722952022
1536.3600000000	0.0720255048
1536.3700000000	0.0738055533
1536.3800000000	0.0752420335
1536.3900000000	0.0746679258
1536.4000000000	0.0733024804
1536.4100000000	0.0716917135
1536.4200000000	0.0707964935
1536.4300000000	0.0716906390
1536.4400000000	0.0734390655
1536.4500000000	0.0743355290
1536.4600000000	0.0732549282
1536.4700000000	0.0714855854
1536.4800000000	0.0715574748
1536.4900000000	0.0731480418
1536.5000000000	0.0735471216
1536.5100000000	0.0718794958
1536.5200000000	0.0697039868
1536.5300000000	0.0690968492
1536.5400000000	0.0696548564
1536.5500000000	0.0712743058
1536.5600000000	0.0724686758
1536.5700000000	0.0715231418
1536.5800000000	0.0697686209
1536.5900000000	0.0693933689
1536.6000000000	0.0713213407
1536.6100000000	0.0728907845
1536.6200000000	0.0720217123
1536.6300000000	0.0703209129
1536.6400000000	0.0688798505
1536.6500000000	0.0686985082
1536.6600000000	0.0702464344
1536.6700000000	0.0719970889
1536.6800000000	0.0726895040
1536.6900000000	0.0718669736
1536.7000000000	0.0707060927
1536.7100000000	0.0715744342
1536.7200000000	0.0736099461
1536.7300000000	0.0742427034
1536.7400000000	0.0733074808
1536.7500000000	0.0716762826
1536.7600000000	0.0708357426
1536.7700000000	0.0715770951
1536.7800000000	0.0733872947
1536.7900000000	0.0749772578
1536.8000000000	0.0738059954
1536.8100000000	0.0716565577
1536.8200000000	0.0718650724
1536.8300000000	0.0733618409
1536.8400000000	0.0744487923
1536.8500000000	0.0733501538
1536.8600000000	0.0708378706
1536.8700000000	0.0693625740
1536.8800000000	0.0694617529
1536.8900000000	0.0713572026
1536.9000000000	0.0728850082
1536.9100000000	0.0725654572
1536.9200000000	0.0714245335
1536.9300000000	0.0706737561
1536.9400000000	0.0713715803
1536.9500000000	0.0727607857
1536.9600000000	0.0726256339
1536.9700000000	0.0712647964
1536.9800000000	0.0695278117
1536.9900000000	0.0684887677
1537.0000000000	0.0691991163
1537.0100000000	0.0711244525
1537.0200000000	0.0722172543
1537.0300000000	0.0709962667
1537.0400000000	0.0690723273
1537.0500000000	0.0699935381
1537.0600000000	0.0719677430
1537.0700000000	0.0721107644
1537.0800000000	0.0708069636
1537.0900000000	0.0689491391
1537.1000000000	0.0681571023
1537.1100000000	0.0684250909
1537.1200000000	0.0704810358
1537.1300000000	0.0723410609
1537.1400000000	0.0718130360
1537.1500000000	0.0699381104
1537.1600000000	0.0691760825
1537.1700000000	0.0703102988
1537.1800000000	0.0717301545
1537.1900000000	0.0716686633
1537.2000000000	0.0705687691
1537.2100000000	0.0690380248
1537.2200000000	0.0683063324
1537.2300000000	0.0696319823
1537.2400000000	0.0718721466
1537.2500000000	0.0731051739
1537.2600000000	0.0723878657
1537.2700000000	0.0714112377
1537.2800000000	0.0724631488
1537.2900000000	0.0742674809
1537.3000000000	0.0749288849
1537.3100000000	0.0741837984
1537.3200000000	0.0720256188
1537.3300000000	0.0709871239
1537.3400000000	0.0715910762
1537.3500000000	0.0730867713
1537.3600000000	0.0739633061
1537.3700000000	0.0729867555
1537.3800000000	0.0709431185
1537.3900000000	0.0706877094
1537.4000000000	0.0723801454
1537.4100000000	0.0734585333
1537.4200000000	0.0725331391
1537.4300000000	0.0709367976
1537.4400000000	0.0693576148
1537.4500000000	0.0685022979
1537.4600000000	0.0693144975
1537.4700000000	0.0708919338
1537.4800000000	0.0712011495
1537.4900000000	0.0700290142
1537.5000000000	0.0688242049
1537.5100000000	0.0691802783
1537.5200000000	0.0704671247
1537.5300000000	0.0708314783
1537.5400000000	0.0697990944
1537.5500000000	0.0677772390
1537.5600000000	0.0666846339
1537.5700000000	0.0679318272
1537.5800000000	0.0701282130
1537.5900000000	0.0717270370
1537.6000000000	0.0709483497
1537.6100000000	0.0696212563
1537.6200000000	0.0703158524
1537.6300000000	0.0717532093
1537.6400000000	0.0727901061
1537.6500000000	0.0721882907
1537.6600000000	0.0700230131
1537.6700000000	0.0686343635
1537.6800000000	0.0683005848
1537.6900000000	0.0698260685
1537.7000000000	0.0715777697
1537.7100000000	0.0716141550
1537.7200000000	0.0703532021
1537.7300000000	0.0692036476
1537.7400000000	0.0699542548
1537.7500000000	0.0714357893
1537.7600000000	0.0716924274
1537.7700000000	0.0707814458
1537.7800000000	0.0691865437
1537.7900000000	0.0680247532
1537.8000000000	0.0687191225
1537.8100000000	0.0707128507
1537.8200000000	0.0720923064
1537.8300000000	0.0709125833
1537.8400000000	0.0686852658
1537.8500000000	0.0693036312
1537.8600000000	0.0711025372
1537.8700000000	0.0712848868
1537.8800000000	0.0699183710
1537.8900000000	0.0674687255
1537.9000000000	0.0665297081
1537.9100000000	0.0668558405
1537.9200000000	0.0683094969
1537.9300000000	0.0700131253
1537.9400000000	0.0698571871
1537.9500000000	0.0683868827
1537.9600000000	0.0674264928
1537.9700000000	0.0678683950
1537.9800000000	0.0692014041
1537.9900000000	0.0695984353
1538.0000000000	0.0682445975
1538.0100000000	0.0661805068
1538.0200000000	0.0650388191
1538.0300000000	0.0659546657
1538.0400000000	0.0681897271
1538.0500000000	0.0694838753
1538.0600000000	0.0689127017
1538.0700000000	0.0675326239
1538.0800000000	0.0676929303
1538.0900000000	0.0693948938
1538.1000000000	0.0700316314
1538.1100000000	0.0692693717
1538.1200000000	0.0671702808
1538.1300000000	0.0663073354
1538.1400000000	0.0671584865
1538.1500000000	0.0692789545
1538.1600000000	0.0713541784
1538.1700000000	0.0705815886
1538.1800000000	0.0687140273
1538.1900000000	0.0684767044
1538.2000000000	0.0697737080
1538.2100000000	0.0712615729
1538.2200000000	0.0710611577
1538.2300000000	0.0695708120
1538.2400000000	0.0678816856
1538.2500000000	0.0667940777
1538.2600000000	0.0677446550
1538.2700000000	0.0697942592
1538.2800000000	0.0710494345
1538.2900000000	0.0703060081
1538.3000000000	0.0683674472
1538.3100000000	0.0680428131
1538.3200000000	0.0690780712
1538.3300000000	0.0698733974
1538.3400000000	0.0691984056
1538.3500000000	0.0672969861
1538.3600000000	0.0661507083
1538.3700000000	0.0665286655
1538.3800000000	0.0678313394
1538.3900000000	0.0694237568
1538.4000000000	0.0689711000
1538.4100000000	0.0669132547
1538.4200000000	0.0668171838
1538.4300000000	0.0677453866
1538.4400000000	0.0684910748
1538.4500000000	0.0684718296
1538.4600000000	0.0672351203
1538.4700000000	0.0660178767
1538.4800000000	0.0654841317
1538.4900000000	0.0662885668
1538.5000000000	0.0683365321
1538.5100000000	0.0696075553
1538.5200000000	0.0690680301
1538.5300000000	0.0675472359
1538.5400000000	0.0673813272
1538.5500000000	0.0691591327
1538.5600000000	0.0703507263
1538.5700000000	0.0697684306
1538.5800000000	0.0682543157
1538.5900000000	0.0672064691
1538.6000000000	0.0677143677
1538.6100000000	0.0698855744
1538.6200000000	0.0720765257
1538.6300000000	0.0717075665
1538.6400000000	0.0698415998
1538.6500000000	0.0694369113
1538.6600000000	0.0701923764
1538.6700000000	0.0714862912
1538.6800000000	0.0716073328
1538.6900000000	0.0694952160
1538.7000000000	0.0675373513
1538.7100000000	0.0670382236
1538.7200000000	0.0689075181
1538.7300000000	0.0714691543
1538.7400000000	0.0716639913
1538.7500000000	0.0700018732
1538.7600000000	0.0681082437
1538.7700000000	0.0681730913
1538.7800000000	0.0695926724
1538.7900000000	0.0702061787
1538.8000000000	0.0692303298
1538.8100000000	0.0672091220
1538.8200000000	0.0660062804
1538.8300000000	0.0664224992
1538.8400000000	0.0681200484
1538.8500000000	0.0701163807
1538.8600000000	0.0699854021
1538.8700000000	0.0677530952
1538.8800000000	0.0670700274
1538.8900000000	0.0677789716
1538.9000000000	0.0687169427
1538.9100000000	0.0689498596
1538.9200000000	0.0671254722
1538.9300000000	0.0652342147
1538.9400000000	0.0649012147
1538.9500000000	0.0664498892
1538.9600000000	0.0689880194
1538.9700000000	0.0692736089
1538.9800000000	0.0675340943
1538.9900000000	0.0660275653
1539.0000000000	0.0661815873
1539.0100000000	0.0674394368
1539.0200000000	0.0678957411
1539.0300000000	0.0674574794
1539.0400000000	0.0662569788
1539.0500000000	0.0647275019
1539.0600000000	0.0646747752
1539.0700000000	0.0664972057
1539.0800000000	0.0684537221
1539.0900000000	0.0686637500
1539.1000000000	0.0669638059
1539.1100000000	0.0658808645
1539.1200000000	0.0665919317
1539.1300000000	0.0676626678
1539.1400000000	0.0678193861
1539.1500000000	0.0662449979
1539.1600000000	0.0642840727
1539.1700000000	0.0636605114
1539.1800000000	0.0647579482
1539.1900000000	0.0672165498
1539.2000000000	0.0673986678
1539.2100000000	0.0655747873
1539.2200000000	0.0643088397
1539.2300000000	0.0647769759
1539.2400000000	0.0659237024
1539.2500000000	0.0660681399
1539.2600000000	0.0650629060
1539.2700000000	0.0638459162
1539.2800000000	0.0628102881
1539.2900000000	0.0631330242
1539.3000000000	0.0650234445
1539.3100000000	0.0668430700
1539.3200000000	0.0668647652
1539.3300000000	0.0650662715
1539.3400000000	0.0639629166
1539.3500000000	0.0648167043
1539.3600000000	0.0665027286
1539.3700000000	0.0669813871
1539.3800000000	0.0652807788
1539.3900000000	0.0639675218
1539.4000000000	0.0639325071
1539.4100000000	0.0655119036
1539.4200000000	0.0684950263
1539.4300000000	0.0690568239
1539.4400000000	0.0672152186
1539.4500000000	0.0658669640
1539.4600000000	0.0659608777
1539.4700000000	0.0676488706
1539.4800000000	0.0683814649
1539.4900000000	0.0673053296
1539.5000000000	0.0655488258
1539.5100000000	0.0641948526
1539.5200000000	0.0648299827
1539.5300000000	0.0669721392
1539.5400000000	0.0685145295
1539.5500000000	0.0683510693
1539.5600000000	0.0665525485
1539.5700000000	0.0653551588
1539.5800000000	0.0659088382
1539.5900000000	0.0669786620
1539.6000000000	0.0673770624
1539.6100000000	0.0662553323
1539.6200000000	0.0642200900
1539.6300000000	0.0631418205
1539.6400000000	0.0641716538
1539.6500000000	0.0667429255
1539.6600000000	0.0679266482
1539.6700000000	0.0664729837
1539.6800000000	0.0650128086
1539.6900000000	0.0650798655
1539.7000000000	0.0666377426
1539.7100000000	0.0677025093
1539.7200000000	0.0670851797
1539.7300000000	0.0656025902
1539.7400000000	0.0643968611
1539.7500000000	0.0649125502
1539.7600000000	0.0670710563
1539.7700000000	0.0682662302
1539.7800000000	0.0678371649
1539.7900000000	0.0660579265
1539.8000000000	0.0647266313
1539.8100000000	0.0648734944
1539.8200000000	0.0655423249
1539.8300000000	0.0656099180
1539.8400000000	0.0646188130
1539.8500000000	0.0633240166
1539.8600000000	0.0626797005
1539.8700000000	0.0635392719
1539.8800000000	0.0659980872
1539.8900000000	0.0672659392
1539.9000000000	0.0661695697
1539.9100000000	0.0645897747
1539.9200000000	0.0641882292
1539.9300000000	0.0654825120
1539.9400000000	0.0663769027
1539.9500000000	0.0652777644
1539.9600000000	0.0641570674
1539.9700000000	0.0632201219
1539.9800000000	0.0634426322
1539.9900000000	0.0654648983
1540.0000000000	0.0673503158
1540.0100000000	0.0673011550
1540.0200000000	0.0653333736
1540.0300000000	0.0639423007
1540.0400000000	0.0648229590
1540.0500000000	0.0660323894
1540.0600000000	0.0665005446
1540.0700000000	0.0654880340
1540.0800000000	0.0638836361
1540.0900000000	0.0631129798
1540.1000000000	0.0640676371
1540.1100000000	0.0662057893
1540.1200000000	0.0673422249
1540.1300000000	0.0664352510
1540.1400000000	0.0647672784
1540.1500000000	0.0640665553
1540.1600000000	0.0652683954
1540.1700000000	0.0669608927
1540.1800000000	0.0666387005
1540.1900000000	0.0651693145
1540.2000000000	0.0639718558
1540.2100000000	0.0647126951
1540.2200000000	0.0671592156
1540.2300000000	0.0688537967
1540.2400000000	0.0687454400
1540.2500000000	0.0667951559
1540.2600000000	0.0652074544
1540.2700000000	0.0659796488
1540.2800000000	0.0676629584
1540.2900000000	0.0682247975
1540.3000000000	0.0670988501
1540.3100000000	0.0653588227
1540.3200000000	0.0643140755
1540.3300000000	0.0650159166
1540.3400000000	0.0674023177
1540.3500000000	0.0690695320
1540.3600000000	0.0682646289
1540.3700000000	0.0662566639
1540.3800000000	0.0650157068
1540.3900000000	0.0655921254
1540.4000000000	0.0670194431
1540.4100000000	0.0669674378
1540.4200000000	0.0656390766
1540.4300000000	0.0639856713
1540.4400000000	0.0633430114
1540.4500000000	0.0650289591
1540.4600000000	0.0673492372
1540.4700000000	0.0674764259
1540.4800000000	0.0653375520
1540.4900000000	0.0638398813
1540.5000000000	0.0643186183
1540.5100000000	0.0655318072
1540.5200000000	0.0662022139
1540.5300000000	0.0653262214
1540.5400000000	0.0636952975
1540.5500000000	0.0628444558
1540.5600000000	0.0639060017
1540.5700000000	0.0664627966
1540.5800000000	0.0679468226
1540.5900000000	0.0670591639
1540.6000000000	0.0650201320
1540.6100000000	0.0639536286
1540.6200000000	0.0648814878
1540.6300000000	0.0662975326
1540.6400000000	0.0665304718
1540.6500000000	0.0657693490
1540.6600000000	0.0644573692
1540.6700000000	0.0637929056
1540.6800000000	0.0651144180
1540.6900000000	0.0671652555
1540.7000000000	0.0676997037
1540.7100000000	0.0662603252
1540.7200000000	0.0645902619
1540.7300000000	0.0646530978
1540.7400000000	0.0656938039
1540.7500000000	0.0663400978
1540.7600000000	0.0656033199
1540.7700000000	0.0640423766
1540.7800000000	0.0631466862
1540.7900000000	0.0638329009
1540.8000000000	0.0662861763
1540.8100000000	0.0677527960
1540.8200000000	0.0669606445
1540.8300000000	0.0650563365
1540.8400000000	0.0640204656
1540.8500000000	0.0648662910
1540.8600000000	0.0662523585
1540.8700000000	0.0665411228
1540.8800000000	0.0656140798
1540.8900000000	0.0640875206
1540.9000000000	0.0632423987
1540.9100000000	0.0644949050
1540.9200000000	0.0665058669
1540.9300000000	0.0673710613
1540.9400000000	0.0663786103
1540.9500000000	0.0644827572
1540.9600000000	0.0640446175
1540.9700000000	0.0652446022
1540.9800000000	0.0662531369
1540.9900000000	0.0655687336
1541.0000000000	0.0636669594
1541.0100000000	0.0624458973
1541.0200000000	0.0632913958
1541.0300000000	0.0660826558
1541.0400000000	0.0681626734
1541.0500000000	0.0674466979
1541.0600000000	0.0650825197
1541.0700000000	0.0635836945
1541.0800000000	0.0645404864
1541.0900000000	0.0659676897
1541.1000000000	0.0663424884
1541.1100000000	0.0653887858
1541.1200000000	0.0635878416
1541.1300000000	0.0625290727
1541.1400000000	0.0633038836
1541.1500000000	0.0654960604
1541.1600000000	0.0673057690
1541.1700000000	0.0665535441
1541.1800000000	0.0642724338
1541.1900000000	0.0633334090
1541.2000000000	0.0640005423
1541.2100000000	0.0649531613
1541.2200000000	0.0646327716
1541.2300000000	0.0629946578
1541.2400000000	0.0612555653
1541.2500000000	0.0607889267
1541.2600000000	0.0620944187
1541.2700000000	0.0638731461
1541.2800000000	0.0639534201
1541.2900000000	0.0617679633
1541.3000000000	0.0602446503
1541.3100000000	0.0612641978
1541.3200000000	0.0630958057
1541.3300000000	0.0635502634
1541.3400000000	0.0627542338
1541.3500000000	0.0610781420
1541.3600000000	0.0609398727
1541.3700000000	0.0624552004
1541.3800000000	0.0647234790
1541.3900000000	0.0665801755
1541.4000000000	0.0663026100
1541.4100000000	0.0642998873
1541.4200000000	0.0631138209
1541.4300000000	0.0639860274
1541.4400000000	0.0655697082
1541.4500000000	0.0659052918
1541.4600000000	0.0648698105
1541.4700000000	0.0633447254
1541.4800000000	0.0627521189
1541.4900000000	0.0643800403
1541.5000000000	0.0668674390
1541.5100000000	0.0675649091
1541.5200000000	0.0655493109
1541.5300000000	0.0637559666
1541.5400000000	0.0638963739
1541.5500000000	0.0652696088
1541.5600000000	0.0661454235
1541.5700000000	0.0652136305
1541.5800000000	0.0631167164
1541.5900000000	0.0621148432
1541.6000000000	0.0626972396
1541.6100000000	0.0648712029
1541.6200000000	0.0665023605
1541.6300000000	0.0655655075
1541.6400000000	0.0632850792
1541.6500000000	0.0618986651
1541.6600000000	0.0624568616
1541.6700000000	0.0637357986
1541.6800000000	0.0639859257
1541.6900000000	0.0628859323
1541.7000000000	0.0611577675
1541.7100000000	0.0603675408
1541.7200000000	0.0616058923
1541.7300000000	0.0637104425
1541.7400000000	0.0647040790
1541.7500000000	0.0633135623
1541.7600000000	0.0611560455
1541.7700000000	0.0605994857
1541.7800000000	0.0616938436
1541.7900000000	0.0631073053
1541.8000000000	0.0627410593
1541.8100000000	0.0610631175
1541.8200000000	0.0599139969
1541.8300000000	0.0603112016
1541.8400000000	0.0625551965
1541.8500000000	0.0644659469
1541.8600000000	0.0637236692
1541.8700000000	0.0616795437
1541.8800000000	0.0605014443
1541.8900000000	0.0612742538
1541.9000000000	0.0626923144
1541.9100000000	0.0632641994
1541.9200000000	0.0627686941
1541.9300000000	0.0614020901
1541.9400000000	0.0601607510
1541.9500000000	0.0606522834
1541.9600000000	0.0627549429
1541.9700000000	0.0646522341
1541.9800000000	0.0643256941
1541.9900000000	0.0622394762
1542.0000000000	0.0610821132
1542.0100000000	0.0618505189
1542.0200000000	0.0634148118
1542.0300000000	0.0635171073
1542.0400000000	0.0620348122
1542.0500000000	0.0606698432
1542.0600000000	0.0605994099
1542.0700000000	0.0625075808
1542.0800000000	0.0646689888
1542.0900000000	0.0645938680
1542.1000000000	0.0627014296
1542.1100000000	0.0609204779
1542.1200000000	0.0614458103
1542.1300000000	0.0631782177
1542.1400000000	0.0638842927
1542.1500000000	0.0630480376
1542.1600000000	0.0613787079
1542.1700000000	0.0603115544
1542.1800000000	0.0609193958
1542.1900000000	0.0629794421
1542.2000000000	0.0649940767
1542.2100000000	0.0648210425
1542.2200000000	0.0625092366
1542.2300000000	0.0610067946
1542.2400000000	0.0615792405
1542.2500000000	0.0632134464
1542.2600000000	0.0638736256
1542.2700000000	0.0628930808
1542.2800000000	0.0614140706
1542.2900000000	0.0607786863
1542.3000000000	0.0622012025
1542.3100000000	0.0646219535
1542.3200000000	0.0653634579
1542.3300000000	0.0637569267
1542.3400000000	0.0618617765
1542.3500000000	0.0616277085
1542.3600000000	0.0626905460
1542.3700000000	0.0638002453
1542.3800000000	0.0634778772
1542.3900000000	0.0615553243
1542.4000000000	0.0603518658
1542.4100000000	0.0606841454
1542.4200000000	0.0625327185
1542.4300000000	0.0643956647
1542.4400000000	0.0640913923
1542.4500000000	0.0618774968
1542.4600000000	0.0600112846
1542.4700000000	0.0598397321
1542.4800000000	0.0608884985
1542.4900000000	0.0614642172
1542.5000000000	0.0608089462
1542.5100000000	0.0594240476
1542.5200000000	0.0578730527
1542.5300000000	0.0576349778
1542.5400000000	0.0594264355
1542.5500000000	0.0610978105
1542.5600000000	0.0603491533
1542.5700000000	0.0577981564
1542.5800000000	0.0567840919
1542.5900000000	0.0578640246
1542.6000000000	0.0590294824
1542.6100000000	0.0592587272
1542.6200000000	0.0585014974
1542.6300000000	0.0575513311
1542.6400000000	0.0575123860
1542.6500000000	0.0591493378
1542.6600000000	0.0615411828
1542.6700000000	0.0622246387
1542.6800000000	0.0608822390
1542.6900000000	0.0593904343
1542.7000000000	0.0594074559
1542.7100000000	0.0610019040
1542.7200000000	0.0624169085
1542.7300000000	0.0624503676
1542.7400000000	0.0614842513
1542.7500000000	0.0601782866
1542.7600000000	0.0601132770
1542.7700000000	0.0618704813
1542.7800000000	0.0639300490
1542.7900000000	0.0640200812
1542.8000000000	0.0618045145
1542.8100000000	0.0598566281
1542.8200000000	0.0602671445
1542.8300000000	0.0621860425
1542.8400000000	0.0630431017
1542.8500000000	0.0620884759
1542.8600000000	0.0604928874
1542.8700000000	0.0596834947
1542.8800000000	0.0611339249
1542.8900000000	0.0635495420
1542.9000000000	0.0645696715
1542.9100000000	0.0633121340
1542.9200000000	0.0613603819
1542.9300000000	0.0608607051
1542.9400000000	0.0619971584
1542.9500000000	0.0632795741
1542.9600000000	0.0635771944
1542.9700000000	0.0625242509
1542.9800000000	0.0608258829
1542.9900000000	0.0601859027
1543.0000000000	0.0612573142
1543.0100000000	0.0633634905
1543.0200000000	0.0641774054
1543.0300000000	0.0623588041
1543.0400000000	0.0603959446
1543.0500000000	0.0597634313
1543.0600000000	0.0607459858
1543.0700000000	0.0619591528
1543.0800000000	0.0617351253
1543.0900000000	0.0601989664
1543.1000000000	0.0583092657
1543.1100000000	0.0586767111
1543.1200000000	0.0612909581
1543.1300000000	0.0627645048
1543.1400000000	0.0618207100
1543.1500000000	0.0596789418
1543.1600000000	0.0586997184
1543.1700000000	0.0597481430
1543.1800000000	0.0613553138
1543.1900000000	0.0620646381
1543.2000000000	0.0614248742
1543.2100000000	0.0600848890
1543.2200000000	0.0593104196
1543.2300000000	0.0601840582
1543.2400000000	0.0626126117
1543.2500000000	0.0643681494
1543.2600000000	0.0633893674
1543.2700000000	0.0612462510
1543.2800000000	0.0602178805
1543.2900000000	0.0612896929
1543.3000000000	0.0626731622
1543.3100000000	0.0627280350
1543.3200000000	0.0615396328
1543.3300000000	0.0597081895
1543.3400000000	0.0593342508
1543.3500000000	0.0609193939
1543.3600000000	0.0632655930
1543.3700000000	0.0634993501
1543.3800000000	0.0610893210
1543.3900000000	0.0590988291
1543.4000000000	0.0592305069
1543.4100000000	0.0608717205
1543.4200000000	0.0620177976
1543.4300000000	0.0614987027
1543.4400000000	0.0600874698
1543.4500000000	0.0588344930
1543.4600000000	0.0593017348
1543.4700000000	0.0614837627
1543.4800000000	0.0630619537
1543.4900000000	0.0625266741
1543.5000000000	0.0605126806
1543.5100000000	0.0589766957
1543.5200000000	0.0592935822
1543.5300000000	0.0608850695
1543.5400000000	0.0620220799
1543.5500000000	0.0615386688
1543.5600000000	0.0597600068
1543.5700000000	0.0589769365
1543.5800000000	0.0598039698
1543.5900000000	0.0620079793
1543.6000000000	0.0636455440
1543.6100000000	0.0624964680
1543.6200000000	0.0600205169
1543.6300000000	0.0593034910
1543.6400000000	0.0607503001
1543.6500000000	0.0622915454
1543.6600000000	0.0623439381
1543.6700000000	0.0609689573
1543.6800000000	0.0592859878
1543.6900000000	0.0591077977
1543.7000000000	0.0609277001
1543.7100000000	0.0629531079
1543.7200000000	0.0629277000
1543.7300000000	0.0607916919
1543.7400000000	0.0589580153
1543.7500000000	0.0589845286
1543.7600000000	0.0603056512
1543.7700000000	0.0616240820
1543.7800000000	0.0613533175
1543.7900000000	0.0595698121
1543.8000000000	0.0580291857
1543.8100000000	0.0579983082
1543.8200000000	0.0601907037
1543.8300000000	0.0621708314
1543.8400000000	0.0617222670
1543.8500000000	0.0596971584
1543.8600000000	0.0581265233
1543.8700000000	0.0588302766
1543.8800000000	0.0602530837
1543.8900000000	0.0609769786
1543.9000000000	0.0600886610
1543.9100000000	0.0579798637
1543.9200000000	0.0568779507
1543.9300000000	0.0582266731
1543.9400000000	0.0606917679
1543.9500000000	0.0613856426
1543.9600000000	0.0596894184
1543.9700000000	0.0575865811
1543.9800000000	0.0570397770
1543.9900000000	0.0585400491
1544.0000000000	0.0601748422
1544.0100000000	0.0604525354
1544.0200000000	0.0594790736
1544.0300000000	0.0580353701
1544.0400000000	0.0575865256
1544.0500000000	0.0591435528
1544.0600000000	0.0615873013
1544.0700000000	0.0623846330
1544.0800000000	0.0605743531
1544.0900000000	0.0584657401
1544.1000000000	0.0583970643
1544.1100000000	0.0599405498
1544.1200000000	0.0614778419
1544.1300000000	0.0612674401
1544.1400000000	0.0597390980
1544.1500000000	0.0586276032
1544.1600000000	0.0590131949
1544.1700000000	0.0610843102
1544.1800000000	0.0624601230
1544.1900000000	0.0614918475
1544.2000000000	0.0590926330
1544.2100000000	0.0579245394
1544.2200000000	0.0588950741
1544.2300000000	0.0604653040
1544.2400000000	0.0610139139
1544.2500000000	0.0599044948
1544.2600000000	0.0581617372
1544.2700000000	0.0573560297
1544.2800000000	0.0583663400
1544.2900000000	0.0606526068
1544.3000000000	0.0620161118
1544.3100000000	0.0610321583
1544.3200000000	0.0588820503
1544.3300000000	0.0575839007
1544.3400000000	0.0583807814
1544.3500000000	0.0602212877
1544.3600000000	0.0608435922
1544.3700000000	0.0598048459
1544.3800000000	0.0581507157
1544.3900000000	0.0576624258
1544.4000000000	0.0592860907
1544.4100000000	0.0614663753
1544.4200000000	0.0619646608
1544.4300000000	0.0602377608
1544.4400000000	0.0585046313
1544.4500000000	0.0587569209
1544.4600000000	0.0606283930
1544.4700000000	0.0620135019
1544.4800000000	0.0615337326
1544.4900000000	0.0597899733
1544.5000000000	0.0582344372
1544.5100000000	0.0590929285
1544.5200000000	0.0617203143
1544.5300000000	0.0632256102
1544.5400000000	0.0625538190
1544.5500000000	0.0604930574
1544.5600000000	0.0591537246
1544.5700000000	0.0596053920
1544.5800000000	0.0609944822
1544.5900000000	0.0618865721
1544.6000000000	0.0613881841
1544.6100000000	0.0599579760
1544.6200000000	0.0586570642
1544.6300000000	0.0589770582
1544.6400000000	0.0611178762
1544.6500000000	0.0626775367
1544.6600000000	0.0619526456
1544.6700000000	0.0594761902
1544.6800000000	0.0581168588
1544.6900000000	0.0592825671
1544.7000000000	0.0608825171
1544.7100000000	0.0609118712
1544.7200000000	0.0591217807
1544.7300000000	0.0572604549
1544.7400000000	0.0572098829
1544.7500000000	0.0591512633
1544.7600000000	0.0614998854
1544.7700000000	0.0615040980
1544.7800000000	0.0595915982
1544.7900000000	0.0579464626
1544.8000000000	0.0580682711
1544.8100000000	0.0595947721
1544.8200000000	0.0608806076
1544.8300000000	0.0608518976
1544.8400000000	0.0597002461
1544.8500000000	0.0581704901
1544.8600000000	0.0575906243
1544.8700000000	0.0590615431
1544.8800000000	0.0611339230
1544.8900000000	0.0614986289
1544.9000000000	0.0597925660
1544.9100000000	0.0578226378
1544.9200000000	0.0580294916
1544.9300000000	0.0597706707
1544.9400000000	0.0609688429
1544.9500000000	0.0601792990
1544.9600000000	0.0582813350
1544.9700000000	0.0569943543
1544.9800000000	0.0577220159
1544.9900000000	0.0601583202
1545.0000000000	0.0615068052
1545.0100000000	0.0601625746
1545.0200000000	0.0574610907
1545.0300000000	0.0566162458
1545.0400000000	0.0579688768
1545.0500000000	0.0595499409
1545.0600000000	0.0602087661
1545.0700000000	0.0590552670
1545.0800000000	0.0571411536
1545.0900000000	0.0563863969
1545.1000000000	0.0576792164
1545.1100000000	0.0600383605
1545.1200000000	0.0610480403
1545.1300000000	0.0598265149
1545.1400000000	0.0577751123
1545.1500000000	0.0568100820
1545.1600000000	0.0577421955
1545.1700000000	0.0592148282
1545.1800000000	0.0596740383
1545.1900000000	0.0585740721
1545.2000000000	0.0564205186
1545.2100000000	0.0557625782
1545.2200000000	0.0577887070
1545.2300000000	0.0599688453
1545.2400000000	0.0594549144
1545.2500000000	0.0568325438
1545.2600000000	0.0552766697
1545.2700000000	0.0555526158
1545.2800000000	0.0572029616
1545.2900000000	0.0584067812
1545.3000000000	0.0577967795
1545.3100000000	0.0560935340
1545.3200000000	0.0546021895
1545.3300000000	0.0551405480
1545.3400000000	0.0574916213
1545.3500000000	0.0594006371
1545.3600000000	0.0591785018
1545.3700000000	0.0570709363
1545.3800000000	0.0557501196
1545.3900000000	0.0565459354
1545.4000000000	0.0581644590
1545.4100000000	0.0592810941
1545.4200000000	0.0590187085
1545.4300000000	0.0575405356
1545.4400000000	0.0563398491
1545.4500000000	0.0567334608
1545.4600000000	0.0588367464
1545.4700000000	0.0604457347
1545.4800000000	0.0595115343
1545.4900000000	0.0572008527
1545.5000000000	0.0561863071
1545.5100000000	0.0573528159
1545.5200000000	0.0589375315
1545.5300000000	0.0591630983
1545.5400000000	0.0580439623
1545.5500000000	0.0563985170
1545.5600000000	0.0559380972
1545.5700000000	0.0573442246
1545.5800000000	0.0593751975
1545.5900000000	0.0600479492
1545.6000000000	0.0583147708
1545.6100000000	0.0564446028
1545.6200000000	0.0562150881
1545.6300000000	0.0576730966
1545.6400000000	0.0595490075
1545.6500000000	0.0600165782
1545.6600000000	0.0586148142
1545.6700000000	0.0567989697
1545.6800000000	0.0564428480
1545.6900000000	0.0582597063
1545.7000000000	0.0603129686
1545.7100000000	0.0605437885
1545.7200000000	0.0586004161
1545.7300000000	0.0563901444
1545.7400000000	0.0565424981
1545.7500000000	0.0582432046
1545.7600000000	0.0594623702
1545.7700000000	0.0586857644
1545.7800000000	0.0568362240
1545.7900000000	0.0556533720
1545.8000000000	0.0563232315
1545.8100000000	0.0585022719
1545.8200000000	0.0597951346
1545.8300000000	0.0586806902
1545.8400000000	0.0564191988
1545.8500000000	0.0555370476
1545.8600000000	0.0565218538
1545.8700000000	0.0580775485
1545.8800000000	0.0589215742
1545.8900000000	0.0583335645
1545.9000000000	0.0566207905
1545.9100000000	0.0555273080
1545.9200000000	0.0565074882
1545.9300000000	0.0589925121
1545.9400000000	0.0604708625
1545.9500000000	0.0594555544
1545.9600000000	0.0574668763
1545.9700000000	0.0565572700
1545.9800000000	0.0572966844
1545.9900000000	0.0589203266
1546.0000000000	0.0595880684
1546.0100000000	0.0584328934
1546.0200000000	0.0562486430
1546.0300000000	0.0554298418
1546.0400000000	0.0573745255
1546.0500000000	0.0596426243
1546.0600000000	0.0598460399
1546.0700000000	0.0576799118
1546.0800000000	0.0556361346
1546.0900000000	0.0557587364
1546.1000000000	0.0574582926
1546.1100000000	0.0588369232
1546.1200000000	0.0585678837
1546.1300000000	0.0571327197
1546.1400000000	0.0557161856
1546.1500000000	0.0554859662
1546.1600000000	0.0570533703
1546.1700000000	0.0591620264
1546.1800000000	0.0593497131
1546.1900000000	0.0573968037
1546.2000000000	0.0552368589
1546.2100000000	0.0551321211
1546.2200000000	0.0566677839
1546.2300000000	0.0579777211
1546.2400000000	0.0580306051
1546.2500000000	0.0565764620
1546.2600000000	0.0549445162
1546.2700000000	0.0554332100
1546.2800000000	0.0580928570
1546.2900000000	0.0601177269
1546.3000000000	0.0593028817
1546.3100000000	0.0568611846
1546.3200000000	0.0557275291
1546.3300000000	0.0569959880
1546.3400000000	0.0587502485
1546.3500000000	0.0592710869
1546.3600000000	0.0583163523
1546.3700000000	0.0564846990
1546.3800000000	0.0559070725
1546.3900000000	0.0570641483
1546.4000000000	0.0590505059
1546.4100000000	0.0599310706
1546.4200000000	0.0585885658
1546.4300000000	0.0564944495
1546.4400000000	0.0555040517
1546.4500000000	0.0563880458
1546.4600000000	0.0582586443
1546.4700000000	0.0588463043
1546.4800000000	0.0577413950
1546.4900000000	0.0562281057
1546.5000000000	0.0554308019
1546.5100000000	0.0567044943
1546.5200000000	0.0590615917
1546.5300000000	0.0599574705
1546.5400000000	0.0583127325
1546.5500000000	0.0562065673
1546.5600000000	0.0559538535
1546.5700000000	0.0574500889
1546.5800000000	0.0590155181
1546.5900000000	0.0589914214
1546.6000000000	0.0571529436
1546.6100000000	0.0552209167
1546.6200000000	0.0552464929
1546.6300000000	0.0575071742
1546.6400000000	0.0593275711
1546.6500000000	0.0589623059
1546.6600000000	0.0570895046
1546.6700000000	0.0555024817
1546.6800000000	0.0555691819
1546.6900000000	0.0570574830
1546.7000000000	0.0586122990
1546.7100000000	0.0588470065
1546.7200000000	0.0572539579
1546.7300000000	0.0553329239
1546.7400000000	0.0555207288
1546.7500000000	0.0577985859
1546.7600000000	0.0598058811
1546.7700000000	0.0594731400
1546.7800000000	0.0574307146
1546.7900000000	0.0558852180
1546.8000000000	0.0561907770
1546.8100000000	0.0577934809
1546.8200000000	0.0589390190
1546.8300000000	0.0582754185
1546.8400000000	0.0559247329
1546.8500000000	0.0548171848
1546.8600000000	0.0559720809
1546.8700000000	0.0583947960
1546.8800000000	0.0595946880
1546.8900000000	0.0579166735
1546.9000000000	0.0556873482
1546.9100000000	0.0550799820
1546.9200000000	0.0562951745
1546.9300000000	0.0580987866
1546.9400000000	0.0586878755
1546.9500000000	0.0577877860
1546.9600000000	0.0562904785
1546.9700000000	0.0554130966
1546.9800000000	0.0563659720
1546.9900000000	0.0585935398
1547.0000000000	0.0597752311
1547.0100000000	0.0585068038
1547.0200000000	0.0560871404
1547.0300000000	0.0554591276
1547.0400000000	0.0568436747
1547.0500000000	0.0585572767
1547.0600000000	0.0590536611
1547.0700000000	0.0575325456
1547.0800000000	0.0554667367
1547.0900000000	0.0552321628
1547.1000000000	0.0571549932
1547.1100000000	0.0592681582
1547.1200000000	0.0593578440
1547.1300000000	0.0573263708
1547.1400000000	0.0553578096
1547.1500000000	0.0554984750
1547.1600000000	0.0571045678
1547.1700000000	0.0585297038
1547.1800000000	0.0583240551
1547.1900000000	0.0565483297
1547.2000000000	0.0549986792
1547.2100000000	0.0550292327
1547.2200000000	0.0566652043
1547.2300000000	0.0585020789
1547.2400000000	0.0586095404
1547.2500000000	0.0567526829
1547.2600000000	0.0549436823
1547.2700000000	0.0546052474
1547.2800000000	0.0561939877
1547.2900000000	0.0578826816
1547.3000000000	0.0576692517
1547.3100000000	0.0558602213
1547.3200000000	0.0539441937
1547.3300000000	0.0542931541
1547.3400000000	0.0568952110
1547.3500000000	0.0585937716
1547.3600000000	0.0574489283
1547.3700000000	0.0553476033
1547.3800000000	0.0544218659
1547.3900000000	0.0552006905
1547.4000000000	0.0570674898
1547.4100000000	0.0580589840
1547.4200000000	0.0572246984
1547.4300000000	0.0552905133
1547.4400000000	0.0539708609
1547.4500000000	0.0550686162
1547.4600000000	0.0574205467
1547.4700000000	0.0585953094
1547.4800000000	0.0575384295
1547.4900000000	0.0554842550
1547.5000000000	0.0545943057
1547.5100000000	0.0552927400
1547.5200000000	0.0568611888
1547.5300000000	0.0578133477
1547.5400000000	0.0571431523
1547.5500000000	0.0556204759
1547.5600000000	0.0545123542
1547.5700000000	0.0555826597
1547.5800000000	0.0579816355
1547.5900000000	0.0589488030
1547.6000000000	0.0574205492
1547.6100000000	0.0551538772
1547.6200000000	0.0547486549
1547.6300000000	0.0563650847
1547.6400000000	0.0582968668
1547.6500000000	0.0585900044
1547.6600000000	0.0566907302
1547.6700000000	0.0547153484
1547.6800000000	0.0547950006
1547.6900000000	0.0568008234
1547.7000000000	0.0587281659
1547.7100000000	0.0585733650
1547.7200000000	0.0566406996
1547.7300000000	0.0550817097
1547.7400000000	0.0552373094
1547.7500000000	0.0568029190
1547.7600000000	0.0584553808
1547.7700000000	0.0590172890
1547.7800000000	0.0578516041
1547.7900000000	0.0556520546
1547.8000000000	0.0550888274
1547.8100000000	0.0569048998
1547.8200000000	0.0587993238
1547.8300000000	0.0588664892
1547.8400000000	0.0565499744
1547.8500000000	0.0547168158
1547.8600000000	0.0549566482
1547.8700000000	0.0566474157
1547.8800000000	0.0577677285
1547.8900000000	0.0575536722
1547.9000000000	0.0558523806
1547.9100000000	0.0542014361
1547.9200000000	0.0550431428
1547.9300000000	0.0574868973
1547.9400000000	0.0587946728
1547.9500000000	0.0577619969
1547.9600000000	0.0555747093
1547.9700000000	0.0545932100
1547.9800000000	0.0556854740
1547.9900000000	0.0574950395
1548.0000000000	0.0583092624
1548.0100000000	0.0575250372
1548.0200000000	0.0556764532
1548.0300000000	0.0542985625
1548.0400000000	0.0548742976
1548.0500000000	0.0570014960
1548.0600000000	0.0584650625
1548.0700000000	0.0578473377
1548.0800000000	0.0556341296
1548.0900000000	0.0541641482
1548.1000000000	0.0546073684
1548.1100000000	0.0564163688
1548.1200000000	0.0575009062
1548.1300000000	0.0561083864
1548.1400000000	0.0538294952
1548.1500000000	0.0531589720
1548.1600000000	0.0545505538
1548.1700000000	0.0565111939
1548.1800000000	0.0568832282
1548.1900000000	0.0555238420
1548.2000000000	0.0538384570
1548.2100000000	0.0533739446
1548.2200000000	0.0546330489
1548.2300000000	0.0566464699
1548.2400000000	0.0573186416
1548.2500000000	0.0558441689
1548.2600000000	0.0538799738
1548.2700000000	0.0533199198
1548.2800000000	0.0549002684
1548.2900000000	0.0574981107
1548.3000000000	0.0582798196
1548.3100000000	0.0565046851
1548.3200000000	0.0547365832
1548.3300000000	0.0543914291
1548.3400000000	0.0556276349
1548.3500000000	0.0572582126
1548.3600000000	0.0580225043
1548.3700000000	0.0571437249
1548.3800000000	0.0552177417
1548.3900000000	0.0547016481
1548.4000000000	0.0562593098
1548.4100000000	0.0581301122
1548.4200000000	0.0577864899
1548.4300000000	0.0554296648
1548.4400000000	0.0539099074
1548.4500000000	0.0540508598
1548.4600000000	0.0552414711
1548.4700000000	0.0562138756
1548.4800000000	0.0557978312
1548.4900000000	0.0539542933
1548.5000000000	0.0523553218
1548.5100000000	0.0528015412
1548.5200000000	0.0550289020
1548.5300000000	0.0568552198
1548.5400000000	0.0565061824
1548.5500000000	0.0545379513
1548.5600000000	0.0530862428
1548.5700000000	0.0532148738
1548.5800000000	0.0546564581
1548.5900000000	0.0559365553
1548.6000000000	0.0557506295
1548.6100000000	0.0541735838
1548.6200000000	0.0521150403
1548.6300000000	0.0519040320
1548.6400000000	0.0541568716
1548.6500000000	0.0564043529
1548.6600000000	0.0560681046
1548.6700000000	0.0536907628
1548.6800000000	0.0525109717
1548.6900000000	0.0535646682
1548.7000000000	0.0554806388
1548.7100000000	0.0565265666
1548.7200000000	0.0558356604
1548.7300000000	0.0538622625
1548.7400000000	0.0527046446
1548.7500000000	0.0540428460
1548.7600000000	0.0562291628
1548.7700000000	0.0570307654
1548.7800000000	0.0560931353
1548.7900000000	0.0542456771
1548.8000000000	0.0534706305
1548.8100000000	0.0546469147
1548.8200000000	0.0564359023
1548.8300000000	0.0573500087
1548.8400000000	0.0568601364
1548.8500000000	0.0551370700
1548.8600000000	0.0536224848
1548.8700000000	0.0541497534
1548.8800000000	0.0564499991
1548.8900000000	0.0577306822
1548.9000000000	0.0566125236
1548.9100000000	0.0541111016
1548.9200000000	0.0526733605
1548.9300000000	0.0536496902
1548.9400000000	0.0553370244
1548.9500000000	0.0559083428
1548.9600000000	0.0544768940
1548.9700000000	0.0522287677
1548.9800000000	0.0517576624
1548.9900000000	0.0534784242
1549.0000000000	0.0556279792
1549.0100000000	0.0559765145
1549.0200000000	0.0542660495
1549.0300000000	0.0524085882
1549.0400000000	0.0523066068
1549.0500000000	0.0537751085
1549.0600000000	0.0552823387
1549.0700000000	0.0557986478
1549.0800000000	0.0547313252
1549.0900000000	0.0524337423
1549.1000000000	0.0514832215
1549.1100000000	0.0532122138
1549.1200000000	0.0555416044
1549.1300000000	0.0561675359
1549.1400000000	0.0545434174
1549.1500000000	0.0526045325
1549.1600000000	0.0521185190
1549.1700000000	0.0533901108
1549.1800000000	0.0550130962
1549.1900000000	0.0552791134
1549.2000000000	0.0537113738
1549.2100000000	0.0516569263
1549.2200000000	0.0515440188
1549.2300000000	0.0536347507
1549.2400000000	0.0557120429
1549.2500000000	0.0554244326
1549.2600000000	0.0533507398
1549.2700000000	0.0518443089
1549.2800000000	0.0522519847
1549.2900000000	0.0543043276
1549.3000000000	0.0559172816
1549.3100000000	0.0554474286
1549.3200000000	0.0533025049
1549.3300000000	0.0515859477
1549.3400000000	0.0521705121
1549.3500000000	0.0542244908
1549.3600000000	0.0558112651
1549.3700000000	0.0555224915
1549.3800000000	0.0536526041
1549.3900000000	0.0521746057
1549.4000000000	0.0524354161
1549.4100000000	0.0541464497
1549.4200000000	0.0558035716
1549.4300000000	0.0556796699
1549.4400000000	0.0537058860
1549.4500000000	0.0519072171
1549.4600000000	0.0522929971
1549.4700000000	0.0545907345
1549.4800000000	0.0561215659
1549.4900000000	0.0552278200
1549.5000000000	0.0528658178
1549.5100000000	0.0515732168
1549.5200000000	0.0522681102
1549.5300000000	0.0538304836
1549.5400000000	0.0548862617
1549.5500000000	0.0538687709
1549.5600000000	0.0516789915
1549.5700000000	0.0504060172
1549.5800000000	0.0513150063
1549.5900000000	0.0535851594
1549.6000000000	0.0548970547
1549.6100000000	0.0541522969
1549.6200000000	0.0521525113
1549.6300000000	0.0505476520
1549.6400000000	0.0507074386
1549.6500000000	0.0524616718
1549.6600000000	0.0540312905
1549.6700000000	0.0535610517
1549.6800000000	0.0512091558
1549.6900000000	0.0495189141
1549.7000000000	0.0501607400
1549.7100000000	0.0524956253
1549.7200000000	0.0539279423
1549.7300000000	0.0529844961
1549.7400000000	0.0507167405
1549.7500000000	0.0499747839
1549.7600000000	0.0515504266
1549.7700000000	0.0534206275
1549.7800000000	0.0543797016
1549.7900000000	0.0532404507
1549.8000000000	0.0511489420
1549.8100000000	0.0503351270
1549.8200000000	0.0519280670
1549.8300000000	0.0545947908
1549.8400000000	0.0548147304
1549.8500000000	0.0531082404
1549.8600000000	0.0514549721
1549.8700000000	0.0508991847
1549.8800000000	0.0519755018
1549.8900000000	0.0537284004
1549.9000000000	0.0544820599
1549.9100000000	0.0533571801
1549.9200000000	0.0513472847
1549.9300000000	0.0504059531
1549.9400000000	0.0514796786
1549.9500000000	0.0537333179
1549.9600000000	0.0546784918
1549.9700000000	0.0530749266
1549.9800000000	0.0510152095
1549.9900000000	0.0506316591
1550.0000000000	0.0520746001
1550.0100000000	0.0540574466
1550.0200000000	0.0547235933
1550.0300000000	0.0531666112
1550.0400000000	0.0509510810
1550.0500000000	0.0509705205
1550.0600000000	0.0530699008
1550.0700000000	0.0551878454
1550.0800000000	0.0553287208
1550.0900000000	0.0532600012
1550.1000000000	0.0513897614
1550.1100000000	0.0514789678
1550.1200000000	0.0531733685
1550.1300000000	0.0546197456
1550.1400000000	0.0545066289
1550.1500000000	0.0529807306
1550.1600000000	0.0511224789
1550.1700000000	0.0506534129
1550.1800000000	0.0521274818
1550.1900000000	0.0540363497
1550.2000000000	0.0546834805
1550.2100000000	0.0532378169
1550.2200000000	0.0511568063
1550.2300000000	0.0506060153
1550.2400000000	0.0519389516
1550.2500000000	0.0537935753
1550.2600000000	0.0539391472
1550.2700000000	0.0519695728
1550.2800000000	0.0497571510
1550.2900000000	0.0500043239
1550.3000000000	0.0523511646
1550.3100000000	0.0543845081
1550.3200000000	0.0540478397
1550.3300000000	0.0514420878
1550.3400000000	0.0498992202
1550.3500000000	0.0502942771
1550.3600000000	0.0520528228
1550.3700000000	0.0536930288
1550.3800000000	0.0535558944
1550.3900000000	0.0516140238
1550.4000000000	0.0495912598
1550.4100000000	0.0496235186
1550.4200000000	0.0516744322
1550.4300000000	0.0536104187
1550.4400000000	0.0536842383
1550.4500000000	0.0519319781
1550.4600000000	0.0502015113
1550.4700000000	0.0500902311
1550.4800000000	0.0513716933
1550.4900000000	0.0529456338
1550.5000000000	0.0530303729
1550.5100000000	0.0511925772
1550.5200000000	0.0492451546
1550.5300000000	0.0494054758
1550.5400000000	0.0517441654
1550.5500000000	0.0532563800
1550.5600000000	0.0523790711
1550.5700000000	0.0502675419
1550.5800000000	0.0491081505
1550.5900000000	0.0496915679
1550.6000000000	0.0513094860
1550.6100000000	0.0527073829
1550.6200000000	0.0520965422
1550.6300000000	0.0498608329
1550.6400000000	0.0482772846
1550.6500000000	0.0489110541
1550.6600000000	0.0513182856
1550.6700000000	0.0529257594
1550.6800000000	0.0524249959
1550.6900000000	0.0504868723
1550.7000000000	0.0491380633
1550.7100000000	0.0497221239
1550.7200000000	0.0515094751
1550.7300000000	0.0528990423
1550.7400000000	0.0526043328
1550.7500000000	0.0507389235
1550.7600000000	0.0492502094
1550.7700000000	0.0497892135
1550.7800000000	0.0523162640
1550.7900000000	0.0541465562
1550.8000000000	0.0534081999
1550.8100000000	0.0513134279
1550.8200000000	0.0500696115
1550.8300000000	0.0508972973
1550.8400000000	0.0530746344
1550.8500000000	0.0542901717
1550.8600000000	0.0532529219
1550.8700000000	0.0512258491
1550.8800000000	0.0500204385
1550.8900000000	0.0512125797
1550.9000000000	0.0539644774
1550.9100000000	0.0552404011
1550.9200000000	0.0540905141
1550.9300000000	0.0518902047
1550.9400000000	0.0503828616
1550.9500000000	0.0509066026
1550.9600000000	0.0527122144
1550.9700000000	0.0539860845
1550.9800000000	0.0533308057
1550.9900000000	0.0510821215
1551.0000000000	0.0494749093
1551.0100000000	0.0501570903
1551.0200000000	0.0523865479
1551.0300000000	0.0536618121
1551.0400000000	0.0526176316
1551.0500000000	0.0505094823
1551.0600000000	0.0491887198
1551.0700000000	0.0499893703
1551.0800000000	0.0519813461
1551.0900000000	0.0527930256
1551.1000000000	0.0512275590
1551.1100000000	0.0484566960
1551.1200000000	0.0477979795
1551.1300000000	0.0499739805
1551.1400000000	0.0525407652
1551.1500000000	0.0529199910
1551.1600000000	0.0508328964
1551.1700000000	0.0490188286
1551.1800000000	0.0486969748
1551.1900000000	0.0497127545
1551.2000000000	0.0513611884
1551.2100000000	0.0524239731
1551.2200000000	0.0517370703
1551.2300000000	0.0497158850
1551.2400000000	0.0483929339
1551.2500000000	0.0494559326
1551.2600000000	0.0519636152
1551.2700000000	0.0533693365
1551.2800000000	0.0525248013
1551.2900000000	0.0506321785
1551.3000000000	0.0497655748
1551.3100000000	0.0506403247
1551.3200000000	0.0527195468
1551.3300000000	0.0540201993
1551.3400000000	0.0526692766
1551.3500000000	0.0500964601
1551.3600000000	0.0495138670
1551.3700000000	0.0512385113
1551.3800000000	0.0532025922
1551.3900000000	0.0536866833
1551.4000000000	0.0519055182
1551.4100000000	0.0497225596
1551.4200000000	0.0492326161
1551.4300000000	0.0505759360
1551.4400000000	0.0524886085
1551.4500000000	0.0527658647
1551.4600000000	0.0511633393
1551.4700000000	0.0488954413
1551.4800000000	0.0481334832
1551.4900000000	0.0496873174
1551.5000000000	0.0520310811
1551.5100000000	0.0529378519
1551.5200000000	0.0513837421
1551.5300000000	0.0488550955
1551.5400000000	0.0477596900
1551.5500000000	0.0488200678
1551.5600000000	0.0509404902
1551.5700000000	0.0518039948
1551.5800000000	0.0503774000
1551.5900000000	0.0479207700
1551.6000000000	0.0468989080
1551.6100000000	0.0487257312
1551.6200000000	0.0512401269
1551.6300000000	0.0518025958
1551.6400000000	0.0498695572
1551.6500000000	0.0478411435
1551.6600000000	0.0475526891
1551.6700000000	0.0492048016
1551.6800000000	0.0517203112
1551.6900000000	0.0522187306
1551.7000000000	0.0501592370
1551.7100000000	0.0476327827
1551.7200000000	0.0477861493
1551.7300000000	0.0501826331
1551.7400000000	0.0521135022
1551.7500000000	0.0523577152
1551.7600000000	0.0509828972
1551.7700000000	0.0491875348
1551.7800000000	0.0485467183
1551.7900000000	0.0496408963
1551.8000000000	0.0516756327
1551.8100000000	0.0526592402
1551.8200000000	0.0515062282
1551.8300000000	0.0495249341
1551.8400000000	0.0487728518
1551.8500000000	0.0506211516
1551.8600000000	0.0529143733
1551.8700000000	0.0531672285
1551.8800000000	0.0514561977
1551.8900000000	0.0496547150
1551.9000000000	0.0495798979
1551.9100000000	0.0511968804
1551.9200000000	0.0530532561
1551.9300000000	0.0530323750
1551.9400000000	0.0511893957
1551.9500000000	0.0492441000
1551.9600000000	0.0492477902
1551.9700000000	0.0512725151
1551.9800000000	0.0530463160
1551.9900000000	0.0530942745
1552.0000000000	0.0515477285
1552.0100000000	0.0498106503
1552.0200000000	0.0495413488
1552.0300000000	0.0508649770
1552.0400000000	0.0527423303
1552.0500000000	0.0535234938
1552.0600000000	0.0517249035
1552.0700000000	0.0490122081
1552.0800000000	0.0482371454
1552.0900000000	0.0501386721
1552.1000000000	0.0525770022
1552.1100000000	0.0530254490
1552.1200000000	0.0511987820
1552.1300000000	0.0490692173
1552.1400000000	0.0488212164
1552.1500000000	0.0502970717
1552.1600000000	0.0521357958
1552.1700000000	0.0520117567
1552.1800000000	0.0497981039
1552.1900000000	0.0478945997
1552.2000000000	0.0483718578
1552.2100000000	0.0508393837
1552.2200000000	0.0529379661
1552.2300000000	0.0524690092
1552.2400000000	0.0500813690
1552.2500000000	0.0484219573
1552.2600000000	0.0486934734
1552.2700000000	0.0502161226
1552.2800000000	0.0519785826
1552.2900000000	0.0522996501
1552.3000000000	0.0503949982
1552.3100000000	0.0480349356
1552.3200000000	0.0474775528
1552.3300000000	0.0493425893
1552.3400000000	0.0517466062
1552.3500000000	0.0520342366
1552.3600000000	0.0499306479
1552.3700000000	0.0476524274
1552.3800000000	0.0471901344
1552.3900000000	0.0488211425
1552.4000000000	0.0507273098
1552.4100000000	0.0508314973
1552.4200000000	0.0486553763
1552.4300000000	0.0467614924
1552.4400000000	0.0473284166
1552.4500000000	0.0495495974
1552.4600000000	0.0512818201
1552.4700000000	0.0510787467
1552.4800000000	0.0494216559
1552.4900000000	0.0479175134
1552.5000000000	0.0479001786
1552.5100000000	0.0494979678
1552.5200000000	0.0513121237
1552.5300000000	0.0512250269
1552.5400000000	0.0490055112
1552.5500000000	0.0468278554
1552.5600000000	0.0468040946
1552.5700000000	0.0487065112
1552.5800000000	0.0506640420
1552.5900000000	0.0508807797
1552.6000000000	0.0492789398
1552.6100000000	0.0476329855
1552.6200000000	0.0470635554
1552.6300000000	0.0483399522
1552.6400000000	0.0504218224
1552.6500000000	0.0509034771
1552.6600000000	0.0490641678
1552.6700000000	0.0466165990
1552.6800000000	0.0463078286
1552.6900000000	0.0486115125
1552.7000000000	0.0509317894
1552.7100000000	0.0505784133
1552.7200000000	0.0483254715
1552.7300000000	0.0466043341
1552.7400000000	0.0468592258
1552.7500000000	0.0489219132
1552.7600000000	0.0504910501
1552.7700000000	0.0499418609
1552.7800000000	0.0477274736
1552.7900000000	0.0460669828
1552.8000000000	0.0467148793
1552.8100000000	0.0489724510
1552.8200000000	0.0508364436
1552.8300000000	0.0507612223
1552.8400000000	0.0489706382
1552.8500000000	0.0471625045
1552.8600000000	0.0466881300
1552.8700000000	0.0480687717
1552.8800000000	0.0499676924
1552.8900000000	0.0503176305
1552.9000000000	0.0486801543
1552.9100000000	0.0463377306
1552.9200000000	0.0459029625
1552.9300000000	0.0481194254
1552.9400000000	0.0505819694
1552.9500000000	0.0506046132
1552.9600000000	0.0482540452
1552.9700000000	0.0463929846
1552.9800000000	0.0465131884
1552.9900000000	0.0483528604
1553.0000000000	0.0500941688
1553.0100000000	0.0496825281
1553.0200000000	0.0473999764
1553.0300000000	0.0454630537
1553.0400000000	0.0459127435
1553.0500000000	0.0480441681
1553.0600000000	0.0497887508
1553.0700000000	0.0499466128
1553.0800000000	0.0482936949
1553.0900000000	0.0464056274
1553.1000000000	0.0459638277
1553.1100000000	0.0473883640
1553.1200000000	0.0497071454
1553.1300000000	0.0501397508
1553.1400000000	0.0480900243
1553.1500000000	0.0453966976
1553.1600000000	0.0450838351
1553.1700000000	0.0474126172
1553.1800000000	0.0495868166
1553.1900000000	0.0495420255
1553.2000000000	0.0474542253
1553.2100000000	0.0456926973
1553.2200000000	0.0456442529
1553.2300000000	0.0472487493
1553.2400000000	0.0487925008
1553.2500000000	0.0485314725
1553.2600000000	0.0465075904
1553.2700000000	0.0444047637
1553.2800000000	0.0445935928
1553.2900000000	0.0468840328
1553.3000000000	0.0486685081
1553.3100000000	0.0483470778
1553.3200000000	0.0462997392
1553.3300000000	0.0445562295
1553.3400000000	0.0445121190
1553.3500000000	0.0461738998
1553.3600000000	0.0483346029
1553.3700000000	0.0487031680
1553.3800000000	0.0467659107
1553.3900000000	0.0442734629
1553.4000000000	0.0439237824
1553.4100000000	0.0463116288
1553.4200000000	0.0486806577
1553.4300000000	0.0490432647
1553.4400000000	0.0471306724
1553.4500000000	0.0449161952
1553.4600000000	0.0445703499
1553.4700000000	0.0464445111
1553.4800000000	0.0487523207
1553.4900000000	0.0488691599
1553.5000000000	0.0469018998
1553.5100000000	0.0448229367
1553.5200000000	0.0451632901
1553.5300000000	0.0476462446
1553.5400000000	0.0494293654
1553.5500000000	0.0491642768
1553.5600000000	0.0471515551
1553.5700000000	0.0453553820
1553.5800000000	0.0452857098
1553.5900000000	0.0468847903
1553.6000000000	0.0488984375
1553.6100000000	0.0489795538
1553.6200000000	0.0470200840
1553.6300000000	0.0444983301
1553.6400000000	0.0440260930
1553.6500000000	0.0464399492
1553.6600000000	0.0490114962
1553.6700000000	0.0493596374
1553.6800000000	0.0474211061
1553.6900000000	0.0452128638
1553.7000000000	0.0443329780
1553.7100000000	0.0456519461
1553.7200000000	0.0481251876
1553.7300000000	0.0489618536
1553.7400000000	0.0468544391
1553.7500000000	0.0440596921
1553.7600000000	0.0439278710
1553.7700000000	0.0465104236
1553.7800000000	0.0486918556
1553.7900000000	0.0485372787
1553.8000000000	0.0463816357
1553.8100000000	0.0443758130
1553.8200000000	0.0441152110
1553.8300000000	0.0458321756
1553.8400000000	0.0478496216
1553.8500000000	0.0476982347
1553.8600000000	0.0456266021
1553.8700000000	0.0436388947
1553.8800000000	0.0434966606
1553.8900000000	0.0454384322
1553.9000000000	0.0477042932
1553.9100000000	0.0485951014
1553.9200000000	0.0470880520
1553.9300000000	0.0445688093
1553.9400000000	0.0435681301
1553.9500000000	0.0448866397
1553.9600000000	0.0476917763
1553.9700000000	0.0488525640
1553.9800000000	0.0470424239
1553.9900000000	0.0443625903
1554.0000000000	0.0437845600
1554.0100000000	0.0460936924
1554.0200000000	0.0486957488
1554.0300000000	0.0489287329
1554.0400000000	0.0467234853
1554.0500000000	0.0447348010
1554.0600000000	0.0444223799
1554.0700000000	0.0459803386
1554.0800000000	0.0483516397
1554.0900000000	0.0489851204
1554.1000000000	0.0467311593
1554.1100000000	0.0442109002
1554.1200000000	0.0441838753
1554.1300000000	0.0465219845
1554.1400000000	0.0487545460
1554.1500000000	0.0490797096
1554.1600000000	0.0471921600
1554.1700000000	0.0446129327
1554.1800000000	0.0437087674
1554.1900000000	0.0448902183
1554.2000000000	0.0473790524
1554.2100000000	0.0484904112
1554.2200000000	0.0467426573
1554.2300000000	0.0437211565
1554.2400000000	0.0424563735
1554.2500000000	0.0447018701
1554.2600000000	0.0471681084
1554.2700000000	0.0474291122
1554.2800000000	0.0457474111
1554.2900000000	0.0436778868
1554.3000000000	0.0431697814
1554.3100000000	0.0444644914
1554.3200000000	0.0463493479
1554.3300000000	0.0468747684
1554.3400000000	0.0452203974
1554.3500000000	0.0429377628
1554.3600000000	0.0425977362
1554.3700000000	0.0447891683
1554.3800000000	0.0472446700
1554.3900000000	0.0477343251
1554.4000000000	0.0459921419
1554.4100000000	0.0439771879
1554.4200000000	0.0433899188
1554.4300000000	0.0446754249
1554.4400000000	0.0472460010
1554.4500000000	0.0484594423
1554.4600000000	0.0470832127
1554.4700000000	0.0444637961
1554.4800000000	0.0430965204
1554.4900000000	0.0449543602
1554.5000000000	0.0478730931
1554.5100000000	0.0490973092
1554.5200000000	0.0475897259
1554.5300000000	0.0451388207
1554.5400000000	0.0437496101
1554.5500000000	0.0449124958
1554.5600000000	0.0473167875
1554.5700000000	0.0480410332
1554.5800000000	0.0464725021
1554.5900000000	0.0439992586
1554.6000000000	0.0435543091
1554.6100000000	0.0458149874
1554.6200000000	0.0482638733
1554.6300000000	0.0487429730
1554.6400000000	0.0472644244
1554.6500000000	0.0453179937
1554.6600000000	0.0441612252
1554.6700000000	0.0450083498
1554.6800000000	0.0472522411
1554.6900000000	0.0482072157
1554.7000000000	0.0469269772
1554.7100000000	0.0445237499
1554.7200000000	0.0432682616
1554.7300000000	0.0445764285
1554.7400000000	0.0471422111
1554.7500000000	0.0485895865
1554.7600000000	0.0476509774
1554.7700000000	0.0454244040
1554.7800000000	0.0439116177
1554.7900000000	0.0446410488
1554.8000000000	0.0471599871
1554.8100000000	0.0486768261
1554.8200000000	0.0474244855
1554.8300000000	0.0445549370
1554.8400000000	0.0435250629
1554.8500000000	0.0451477994
1554.8600000000	0.0472878300
1554.8700000000	0.0478759129
1554.8800000000	0.0463312926
1554.8900000000	0.0441546049
1554.9000000000	0.0431841073
1554.9100000000	0.0443118525
1554.9200000000	0.0463719957
1554.9300000000	0.0473538850
1554.9400000000	0.0462584047
1554.9500000000	0.0437773477
1554.9600000000	0.0423762182
1554.9700000000	0.0435341409
1554.9800000000	0.0460438790
1554.9900000000	0.0475755703
1555.0000000000	0.0466743231
1555.0100000000	0.0443107568
1555.0200000000	0.0425639962
1555.0300000000	0.0427495734
1555.0400000000	0.0448967026
1555.0500000000	0.0466653701
1555.0600000000	0.0462386198
1555.0700000000	0.0436164223
1555.0800000000	0.0419233461
1555.0900000000	0.0430806496
1555.1000000000	0.0457611287
1555.1100000000	0.0472274771
1555.1200000000	0.0460139212
1555.1300000000	0.0436787511
1555.1400000000	0.0423351253
1555.1500000000	0.0431659055
1555.1600000000	0.0454717355
1555.1700000000	0.0471876024
1555.1800000000	0.0463393128
1555.1900000000	0.0436550688
1555.2000000000	0.0422028045
1555.2100000000	0.0432388020
1555.2200000000	0.0455957530
1555.2300000000	0.0471417443
1555.2400000000	0.0464069316
1555.2500000000	0.0441760684
1555.2600000000	0.0422555506
1555.2700000000	0.0426237250
1555.2800000000	0.0446631831
1555.2900000000	0.0465219815
1555.3000000000	0.0464241070
1555.3100000000	0.0441242248
1555.3200000000	0.0421919950
1555.3300000000	0.0426025410
1555.3400000000	0.0449799706
1555.3500000000	0.0468282129
1555.3600000000	0.0464090001
1555.3700000000	0.0443525925
1555.3800000000	0.0424601462
1555.3900000000	0.0429349129
1555.4000000000	0.0452082863
1555.4100000000	0.0469909734
1555.4200000000	0.0464063764
1555.4300000000	0.0440125710
1555.4400000000	0.0423699009
1555.4500000000	0.0430311975
1555.4600000000	0.0451864254
1555.4700000000	0.0465536082
1555.4800000000	0.0459709912
1555.4900000000	0.0441110971
1555.5000000000	0.0422626236
1555.5100000000	0.0419761765
1555.5200000000	0.0434851078
1555.5300000000	0.0455175893
1555.5400000000	0.0461435724
1555.5500000000	0.0440928001
1555.5600000000	0.0418547465
1555.5700000000	0.0415834364
1555.5800000000	0.0437894293
1555.5900000000	0.0463442967
1555.6000000000	0.0467732601
1555.6100000000	0.0450429554
1555.6200000000	0.0427765338
1555.6300000000	0.0427283840
1555.6400000000	0.0447802679
1555.6500000000	0.0468026807
1555.6600000000	0.0468921811
1555.6700000000	0.0447828759
1555.6800000000	0.0425730235
1555.6900000000	0.0426978481
1555.7000000000	0.0447654964
1555.7100000000	0.0464213907
1555.7200000000	0.0463207737
1555.7300000000	0.0445279095
1555.7400000000	0.0425708043
1555.7500000000	0.0421365869
1555.7600000000	0.0434351223
1555.7700000000	0.0455264619
1555.7800000000	0.0466207340
1555.7900000000	0.0452954093
1555.8000000000	0.0426828751
1555.8100000000	0.0415025336
1555.8200000000	0.0432827063
1555.8300000000	0.0458599772
1555.8400000000	0.0464768124
1555.8500000000	0.0445909631
1555.8600000000	0.0421271918
1555.8700000000	0.0413839773
1555.8800000000	0.0425301838
1555.8900000000	0.0446865544
1555.9000000000	0.0456435683
1555.9100000000	0.0436654100
1555.9200000000	0.0409931867
1555.9300000000	0.0404323927
1555.9400000000	0.0423119876
1555.9500000000	0.0444511367
1555.9600000000	0.0447637869
1555.9700000000	0.0430035032
1555.9800000000	0.0407123086
1555.9900000000	0.0402032907
1556.0000000000	0.0417645384
1556.0100000000	0.0437656828
1556.0200000000	0.0443051589
1556.0300000000	0.0428239115
1556.0400000000	0.0406114892
1556.0500000000	0.0394638917
1556.0600000000	0.0406500002
1556.0700000000	0.0431875876
1556.0800000000	0.0446904145
1556.0900000000	0.0441527587
1556.1000000000	0.0420850047
1556.1100000000	0.0405844643
1556.1200000000	0.0414642506
1556.1300000000	0.0439191133
1556.1400000000	0.0456626360
1556.1500000000	0.0448755496
1556.1600000000	0.0427021417
1556.1700000000	0.0413194794
1556.1800000000	0.0425404857
1556.1900000000	0.0450779770
1556.2000000000	0.0462714513
1556.2100000000	0.0451842917
1556.2200000000	0.0430365074
1556.2300000000	0.0417776353
1556.2400000000	0.0427210770
1556.2500000000	0.0453823438
1556.2600000000	0.0468387181
1556.2700000000	0.0454713743
1556.2800000000	0.0426467573
1556.2900000000	0.0411994155
1556.3000000000	0.0424983321
1556.3100000000	0.0449368356
1556.3200000000	0.0463774555
1556.3300000000	0.0457570577
1556.3400000000	0.0435292934
1556.3500000000	0.0414700212
1556.3600000000	0.0414414122
1556.3700000000	0.0433506088
1556.3800000000	0.0453395372
1556.3900000000	0.0450831089
1556.4000000000	0.0427495691
1556.4100000000	0.0406078887
1556.4200000000	0.0414649448
1556.4300000000	0.0440451711
1556.4400000000	0.0458139361
1556.4500000000	0.0453925330
1556.4600000000	0.0431479787
1556.4700000000	0.0413518401
1556.4800000000	0.0418355288
1556.4900000000	0.0440507417
1556.5000000000	0.0457620612
1556.5100000000	0.0452628772
1556.5200000000	0.0427865666
1556.5300000000	0.0408385287
1556.5400000000	0.0414536578
1556.5500000000	0.0436776948
1556.5600000000	0.0452065371
1556.5700000000	0.0447613681
1556.5800000000	0.0426905570
1556.5900000000	0.0405260467
1556.6000000000	0.0400956603
1556.6100000000	0.0416570793
1556.6200000000	0.0438836844
1556.6300000000	0.0444796041
1556.6400000000	0.0426745117
1556.6500000000	0.0400380148
1556.6600000000	0.0397594908
1556.6700000000	0.0419834629
1556.6800000000	0.0446508022
1556.6900000000	0.0451827077
1556.7000000000	0.0430787169
1556.7100000000	0.0407767983
1556.7200000000	0.0404950060
1556.7300000000	0.0424530908
1556.7400000000	0.0445506125
1556.7500000000	0.0446653058
1556.7600000000	0.0426640330
1556.7700000000	0.0406936457
1556.7800000000	0.0407629693
1556.7900000000	0.0427915282
1556.8000000000	0.0448129320
1556.8100000000	0.0450202667
1556.8200000000	0.0434933501
1556.8300000000	0.0410770065
1556.8400000000	0.0397946302
1556.8500000000	0.0409683634
1556.8600000000	0.0434830310
1556.8700000000	0.0448152013
1556.8800000000	0.0430617926
1556.8900000000	0.0401691236
1556.9000000000	0.0389982265
1556.9100000000	0.0406613915
1556.9200000000	0.0434751698
1556.9300000000	0.0443847792
1556.9400000000	0.0430518232
1556.9500000000	0.0406605203
1556.9600000000	0.0393342230
1556.9700000000	0.0405942739
1556.9800000000	0.0431840835
1556.9900000000	0.0442906087
1557.0000000000	0.0424288696
1557.0100000000	0.0399099403
1557.0200000000	0.0392781470
1557.0300000000	0.0410693247
1557.0400000000	0.0437264209
1557.0500000000	0.0446388819
1557.0600000000	0.0432548989
1557.0700000000	0.0408640031
1557.0800000000	0.0398807836
1557.0900000000	0.0413144418
1557.1000000000	0.0439107379
1557.1100000000	0.0455670592
1557.1200000000	0.0442304182
1557.1300000000	0.0414032668
1557.1400000000	0.0397859960
1557.1500000000	0.0405964412
1557.1600000000	0.0431652023
1557.1700000000	0.0448753341
1557.1800000000	0.0443494376
1557.1900000000	0.0421194733
1557.2000000000	0.0401244799
1557.2100000000	0.0403579832
1557.2200000000	0.0427945124
1557.2300000000	0.0451989254
1557.2400000000	0.0444900845
1557.2500000000	0.0418371730
1557.2600000000	0.0397869549
1557.2700000000	0.0404940757
1557.2800000000	0.0429447685
1557.2900000000	0.0444173381
1557.3000000000	0.0437746255
1557.3100000000	0.0414012868
1557.3200000000	0.0394592129
1557.3300000000	0.0398313557
1557.3400000000	0.0419655520
1557.3500000000	0.0437354698
1557.3600000000	0.0432192000
1557.3700000000	0.0410371690
1557.3800000000	0.0389471700
1557.3900000000	0.0388972243
1557.4000000000	0.0411026826
1557.4100000000	0.0432900216
1557.4200000000	0.0436711009
1557.4300000000	0.0417684348
1557.4400000000	0.0393618955
1557.4500000000	0.0387118687
1557.4600000000	0.0401395073
1557.4700000000	0.0427218307
1557.4800000000	0.0434860461
1557.4900000000	0.0414685928
1557.5000000000	0.0388461685
1557.5100000000	0.0386354480
1557.5200000000	0.0410940766
1557.5300000000	0.0435102456
1557.5400000000	0.0437442766
1557.5500000000	0.0418120520
1557.5600000000	0.0397851729
1557.5700000000	0.0393232847
1557.5800000000	0.0411113983
1557.5900000000	0.0434372853
1557.6000000000	0.0439553625
1557.6100000000	0.0421836881
1557.6200000000	0.0401341912
1557.6300000000	0.0398841461
1557.6400000000	0.0417126802
1557.6500000000	0.0440692699
1557.6600000000	0.0449468610
1557.6700000000	0.0434097299
1557.6800000000	0.0412368577
1557.6900000000	0.0399023038
1557.7000000000	0.0409402894
1557.7100000000	0.0436961001
1557.7200000000	0.0450875144
1557.7300000000	0.0436073954
1557.7400000000	0.0408235790
1557.7500000000	0.0393703614
1557.7600000000	0.0404189491
1557.7700000000	0.0429801537
1557.7800000000	0.0443589905
1557.7900000000	0.0428412734
1557.8000000000	0.0402919865
1557.8100000000	0.0390561643
1557.8200000000	0.0401337301
1557.8300000000	0.0423922635
1557.8400000000	0.0436585971
1557.8500000000	0.0424654030
1557.8600000000	0.0397610127
1557.8700000000	0.0384756287
1557.8800000000	0.0397130469
1557.8900000000	0.0422769966
1557.9000000000	0.0436077634
1557.9100000000	0.0428415874
1557.9200000000	0.0404977022
1557.9300000000	0.0384348983
1557.9400000000	0.0387338402
1557.9500000000	0.0410266803
1557.9600000000	0.0433580542
1557.9700000000	0.0432358090
1557.9800000000	0.0405300125
1557.9900000000	0.0382878574
1558.0000000000	0.0386744749
1558.0100000000	0.0413436202
1558.0200000000	0.0431083175
1558.0300000000	0.0428182603
1558.0400000000	0.0405776589
1558.0500000000	0.0384179854
1558.0600000000	0.0384834151
1558.0700000000	0.0406013399
1558.0800000000	0.0429411234
1558.0900000000	0.0427398483
1558.1000000000	0.0405683995
1558.1100000000	0.0387136699
1558.1200000000	0.0389402349
1558.1300000000	0.0411543768
1558.1400000000	0.0431133263
1558.1500000000	0.0428569027
1558.1600000000	0.0406160180
1558.1700000000	0.0385882744
1558.1800000000	0.0381565123
1558.1900000000	0.0397844257
1558.2000000000	0.0424862379
1558.2100000000	0.0433113595
1558.2200000000	0.0416445611
1558.2300000000	0.0392648702
1558.2400000000	0.0388447898
1558.2500000000	0.0406334718
1558.2600000000	0.0428945024
1558.2700000000	0.0437025767
1558.2800000000	0.0422108662
1558.2900000000	0.0400288911
1558.3000000000	0.0387172871
1558.3100000000	0.0398182624
1558.3200000000	0.0427531631
1558.3300000000	0.0439043619
1558.3400000000	0.0425501858
1558.3500000000	0.0399270630
1558.3600000000	0.0393788936
1558.3700000000	0.0415202796
1558.3800000000	0.0439116261
1558.3900000000	0.0443116508
1558.4000000000	0.0426902213
1558.4100000000	0.0405092157
1558.4200000000	0.0392265325
1558.4300000000	0.0403024672
1558.4400000000	0.0429557192
1558.4500000000	0.0442480487
1558.4600000000	0.0432032176
1558.4700000000	0.0405471327
1558.4800000000	0.0390140792
1558.4900000000	0.0398523093
1558.5000000000	0.0421526351
1558.5100000000	0.0436854127
1558.5200000000	0.0427882756
1558.5300000000	0.0405151136
1558.5400000000	0.0379412338
1558.5500000000	0.0379572822
1558.5600000000	0.0406265174
1558.5700000000	0.0428562699
1558.5800000000	0.0420478176
1558.5900000000	0.0392205224
1558.6000000000	0.0370885779
1558.6100000000	0.0377456319
1558.6200000000	0.0404228379
1558.6300000000	0.0420333755
1558.6400000000	0.0415548426
1558.6500000000	0.0393864847
1558.6600000000	0.0374809869
1558.6700000000	0.0378692300
1558.6800000000	0.0402350348
1558.6900000000	0.0422527715
1558.7000000000	0.0422607520
1558.7100000000	0.0404043454
1558.7200000000	0.0384664995
1558.7300000000	0.0387273602
1558.7400000000	0.0411110329
1558.7500000000	0.0434351252
1558.7600000000	0.0443290035
1558.7700000000	0.0430650754
1558.7800000000	0.0406630067
1558.7900000000	0.0402987782
1558.8000000000	0.0424252239
1558.8100000000	0.0453780559
1558.8200000000	0.0461518240
1558.8300000000	0.0444899018
1558.8400000000	0.0418466223
1558.8500000000	0.0410176406
1558.8600000000	0.0425769977
1558.8700000000	0.0444158919
1558.8800000000	0.0448118769
1558.8900000000	0.0429881839
1558.9000000000	0.0405326423
1558.9100000000	0.0393520239
1558.9200000000	0.0403137012
1558.9300000000	0.0427138165
1558.9400000000	0.0438627370
1558.9500000000	0.0419844873
1558.9600000000	0.0391572459
1558.9700000000	0.0386234959
1558.9800000000	0.0397608584
1558.9900000000	0.0415899517
1559.0000000000	0.0425632457
1559.0100000000	0.0411880477
1559.0200000000	0.0388907465
1559.0300000000	0.0371849082
1559.0400000000	0.0374140197
1559.0500000000	0.0398316394
1559.0600000000	0.0418954605
1559.0700000000	0.0413328615
1559.0800000000	0.0388635724
1559.0900000000	0.0374581724
1559.1000000000	0.0384218109
1559.1100000000	0.0411002005
1559.1200000000	0.0429341904
1559.1300000000	0.0418482074
1559.1400000000	0.0394214198
1559.1500000000	0.0378230842
1559.1600000000	0.0385079082
1559.1700000000	0.0408129567
1559.1800000000	0.0424933332
1559.1900000000	0.0420707610
1559.2000000000	0.0397498364
1559.2100000000	0.0378649010
1559.2200000000	0.0384810458
1559.2300000000	0.0410955105
1559.2400000000	0.0429429655
1559.2500000000	0.0425250525
1559.2600000000	0.0404544995
1559.2700000000	0.0383268548
1559.2800000000	0.0378480373
1559.2900000000	0.0398151707
1559.3000000000	0.0425228442
1559.3100000000	0.0432233615
1559.3200000000	0.0413914657
1559.3300000000	0.0389394383
1559.3400000000	0.0382924595
1559.3500000000	0.0401703142
1559.3600000000	0.0425727006
1559.3700000000	0.0438103721
1559.3800000000	0.0424417243
1559.3900000000	0.0393816538
1559.4000000000	0.0381433638
1559.4100000000	0.0400573699
1559.4200000000	0.0429516870
1559.4300000000	0.0438799893
1559.4400000000	0.0418597332
1559.4500000000	0.0390968295
1559.4600000000	0.0385095889
1559.4700000000	0.0398406803
1559.4800000000	0.0416643580
1559.4900000000	0.0423603242
1559.5000000000	0.0410246551
1559.5100000000	0.0385509699
1559.5200000000	0.0371456801
1559.5300000000	0.0381664097
1559.5400000000	0.0407728617
1559.5500000000	0.0425278727
1559.5600000000	0.0417633993
1559.5700000000	0.0393029946
1559.5800000000	0.0377337962
1559.5900000000	0.0383289910
1559.6000000000	0.0402695271
1559.6100000000	0.0419920398
1559.6200000000	0.0416545162
1559.6300000000	0.0395074753
1559.6400000000	0.0377464734
1559.6500000000	0.0377788748
1559.6600000000	0.0401380364
1559.6700000000	0.0424245709
1559.6800000000	0.0419937423
1559.6900000000	0.0392926262
1559.7000000000	0.0375582710
1559.7100000000	0.0384060541
1559.7200000000	0.0409366381
1559.7300000000	0.0424390871
1559.7400000000	0.0417398863
1559.7500000000	0.0398012286
1559.7600000000	0.0379216710
1559.7700000000	0.0377358197
1559.7800000000	0.0397221406
1559.7900000000	0.0421850791
1559.8000000000	0.0423569643
1559.8100000000	0.0402161301
1559.8200000000	0.0380195848
1559.8300000000	0.0374695084
1559.8400000000	0.0393518766
1559.8500000000	0.0417069609
1559.8600000000	0.0425621894
1559.8700000000	0.0408171289
1559.8800000000	0.0378941596
1559.8900000000	0.0367396040
1559.9000000000	0.0383745221
1559.9100000000	0.0410030606
1559.9200000000	0.0420650957
1559.9300000000	0.0404878707
1559.9400000000	0.0376009390
1559.9500000000	0.0365532144
1559.9600000000	0.0384279458
1559.9700000000	0.0405963104
1559.9800000000	0.0412056879
1559.9900000000	0.0395955082
1560.0000000000	0.0369758220
1560.0100000000	0.0355657367
1560.0200000000	0.0369092592
1560.0300000000	0.0398238545
1560.0400000000	0.0414126573
1560.0500000000	0.0401743253
1560.0600000000	0.0375593635
1560.0700000000	0.0358907855
1560.0800000000	0.0371166804
1560.0900000000	0.0396365580
1560.1000000000	0.0412700290
1560.1100000000	0.0407507371
1560.1200000000	0.0385559137
1560.1300000000	0.0366097847
1560.1400000000	0.0367248297
1560.1500000000	0.0390809415
1560.1600000000	0.0414711366
1560.1700000000	0.0417719606
1560.1800000000	0.0393882828
1560.1900000000	0.0370930981
1560.2000000000	0.0370952568
1560.2100000000	0.0388739476
1560.2200000000	0.0408376762
1560.2300000000	0.0406642872
1560.2400000000	0.0383765146
1560.2500000000	0.0359594595
1560.2600000000	0.0358752050
1560.2700000000	0.0383593008
1560.2800000000	0.0408499120
1560.2900000000	0.0409815108
1560.3000000000	0.0386244241
1560.3100000000	0.0366431068
1560.3200000000	0.0365580989
1560.3300000000	0.0381770911
1560.3400000000	0.0401058104
1560.3500000000	0.0405961623
1560.3600000000	0.0391565384
1560.3700000000	0.0367843243
1560.3800000000	0.0353190449
1560.3900000000	0.0364242763
1560.4000000000	0.0390358353
1560.4100000000	0.0406004518
1560.4200000000	0.0393554223
1560.4300000000	0.0368670131
1560.4400000000	0.0353891329
1560.4500000000	0.0367051301
1560.4600000000	0.0390260471
1560.4700000000	0.0403959275
1560.4800000000	0.0395134874
1560.4900000000	0.0370973359
1560.5000000000	0.0353582252
1560.5100000000	0.0364214648
1560.5200000000	0.0391102091
1560.5300000000	0.0407586895
1560.5400000000	0.0401466990
1560.5500000000	0.0376105001
1560.5600000000	0.0359580497
1560.5700000000	0.0371471719
1560.5800000000	0.0395306555
1560.5900000000	0.0407000268
1560.6000000000	0.0398130939
1560.6100000000	0.0377669153
1560.6200000000	0.0357916189
1560.6300000000	0.0361963955
1560.6400000000	0.0388679102
1560.6500000000	0.0413104401
1560.6600000000	0.0416775087
1560.6700000000	0.0397799497
1560.6800000000	0.0371253828
1560.6900000000	0.0366348420
1560.7000000000	0.0383968939
1560.7100000000	0.0406119284
1560.7200000000	0.0410893686
1560.7300000000	0.0395131122
1560.7400000000	0.0368293513
1560.7500000000	0.0359548455
1560.7600000000	0.0378215627
1560.7700000000	0.0404305656
1560.7800000000	0.0413701728
1560.7900000000	0.0393649339
1560.8000000000	0.0367839249
1560.8100000000	0.0360630598
1560.8200000000	0.0375597134
1560.8300000000	0.0397555956
1560.8400000000	0.0403165598
1560.8500000000	0.0387279382
1560.8600000000	0.0363146350
1560.8700000000	0.0350575504
1560.8800000000	0.0362799639
1560.8900000000	0.0390920565
1560.9000000000	0.0408355461
1560.9100000000	0.0395756136
1560.9200000000	0.0369944298
1560.9300000000	0.0353011707
1560.9400000000	0.0359850436
1560.9500000000	0.0382058372
1560.9600000000	0.0397891744
1560.9700000000	0.0393243611
1560.9800000000	0.0372576158
1560.9900000000	0.0352627640
1561.0000000000	0.0351367352
1561.0100000000	0.0376556880
1561.0200000000	0.0403943897
1561.0300000000	0.0400246865
1561.0400000000	0.0372323405
1561.0500000000	0.0352278762
1561.0600000000	0.0354266721
1561.0700000000	0.0370589095
1561.0800000000	0.0386215437
1561.0900000000	0.0385497991
1561.1000000000	0.0366525916
1561.1100000000	0.0343708231
1561.1200000000	0.0340170017
1561.1300000000	0.0360864062
1561.1400000000	0.0384758131
1561.1500000000	0.0390190151
1561.1600000000	0.0369300941
1561.1700000000	0.0344839553
1561.1800000000	0.0338654534
1561.1900000000	0.0354813177
1561.2000000000	0.0376213359
1561.2100000000	0.0382772651
1561.2200000000	0.0370392384
1561.2300000000	0.0348106927
1561.2400000000	0.0335624113
1561.2500000000	0.0348259967
1561.2600000000	0.0374990533
1561.2700000000	0.0394252377
1561.2800000000	0.0385795676
1561.2900000000	0.0359106816
1561.3000000000	0.0341201413
1561.3100000000	0.0354628796
1561.3200000000	0.0381463034
1561.3300000000	0.0390209559
1561.3400000000	0.0377672189
1561.3500000000	0.0354879123
1561.3600000000	0.0344430513
1561.3700000000	0.0356538667
1561.3800000000	0.0384564929
1561.3900000000	0.0404717796
1561.4000000000	0.0394578811
1561.4100000000	0.0368299467
1561.4200000000	0.0350786298
1561.4300000000	0.0356597476
1561.4400000000	0.0379288249
1561.4500000000	0.0398197203
1561.4600000000	0.0398617053
1561.4700000000	0.0381954233
1561.4800000000	0.0361540398
1561.4900000000	0.0356401366
1561.5000000000	0.0374556242
1561.5100000000	0.0402927291
1561.5200000000	0.0413591404
1561.5300000000	0.0389803169
1561.5400000000	0.0362483406
1561.5500000000	0.0354194021
1561.5600000000	0.0369157672
1561.5700000000	0.0391817832
1561.5800000000	0.0397838606
1561.5900000000	0.0381281443
1561.6000000000	0.0355741472
1561.6100000000	0.0349607954
1561.6200000000	0.0366328781
1561.6300000000	0.0389214726
1561.6400000000	0.0397151732
1561.6500000000	0.0379212441
1561.6600000000	0.0352486168
1561.6700000000	0.0342287093
1561.6800000000	0.0353728478
1561.6900000000	0.0372964698
1561.7000000000	0.0380573464
1561.7100000000	0.0372147322
1561.7200000000	0.0350553462
1561.7300000000	0.0333963416
1561.7400000000	0.0336999014
1561.7500000000	0.0362939087
1561.7600000000	0.0389226043
1561.7700000000	0.0388984615
1561.7800000000	0.0362168660
1561.7900000000	0.0337712152
1561.8000000000	0.0339485664
1561.8100000000	0.0360749713
1561.8200000000	0.0378930708
1561.8300000000	0.0378757454
1561.8400000000	0.0360807389
1561.8500000000	0.0340657792
1561.8600000000	0.0340687563
1561.8700000000	0.0364907175
1561.8800000000	0.0389274171
1561.8900000000	0.0389356317
1561.9000000000	0.0365014840
1561.9100000000	0.0341865686
1561.9200000000	0.0344191603
1561.9300000000	0.0362791853
1561.9400000000	0.0379206858
1561.9500000000	0.0381090064
1561.9600000000	0.0367766822
1561.9700000000	0.0345749887
1561.9800000000	0.0335973492
1561.9900000000	0.0351869162
1562.0000000000	0.0381494921
1562.0100000000	0.0397599750
1562.0200000000	0.0382982993
1562.0300000000	0.0353372867
1562.0400000000	0.0339159483
1562.0500000000	0.0351148928
1562.0600000000	0.0371722531
1562.0700000000	0.0384050829
1562.0800000000	0.0381841234
1562.0900000000	0.0361410639
1562.1000000000	0.0344071367
1562.1100000000	0.0349524886
1562.1200000000	0.0374640052
1562.1300000000	0.0393794617
1562.1400000000	0.0386103650
1562.1500000000	0.0360286907
1562.1600000000	0.0341575585
1562.1700000000	0.0347798684
1562.1800000000	0.0368269221
1562.1900000000	0.0382391847
1562.2000000000	0.0379178493
1562.2100000000	0.0361431460
1562.2200000000	0.0345143809
1562.2300000000	0.0345594295
1562.2400000000	0.0368620199
1562.2500000000	0.0393887175
1562.2600000000	0.0398218133
1562.2700000000	0.0377770355
1562.2800000000	0.0348761524
1562.2900000000	0.0337635221
1562.3000000000	0.0348985792
1562.3100000000	0.0371350667
1562.3200000000	0.0382005688
1562.3300000000	0.0370617621
1562.3400000000	0.0346450182
1562.3500000000	0.0331985270
1562.3600000000	0.0342212584
1562.3700000000	0.0372378023
1562.3800000000	0.0391829507
1562.3900000000	0.0373777361
1562.4000000000	0.0343186730
1562.4100000000	0.0331730390
1562.4200000000	0.0343058667
1562.4300000000	0.0363832085
1562.4400000000	0.0373124078
1562.4500000000	0.0363751063
1562.4600000000	0.0341785491
1562.4700000000	0.0328299229
1562.4800000000	0.0338667571
1562.4900000000	0.0364324563
1562.5000000000	0.0382439412
1562.5100000000	0.0375287793
1562.5200000000	0.0350326591
1562.5300000000	0.0331257207
1562.5400000000	0.0331610136
1562.5500000000	0.0347528681
1562.5600000000	0.0363801339
1562.5700000000	0.0370279315
1562.5800000000	0.0357248791
1562.5900000000	0.0337197358
1562.6000000000	0.0332077162
1562.6100000000	0.0351756788
1562.6200000000	0.0380812333
1562.6300000000	0.0389046850
1562.6400000000	0.0370490364
1562.6500000000	0.0342937201
1562.6600000000	0.0334306032
1562.6700000000	0.0349101725
1562.6800000000	0.0368829915
1562.6900000000	0.0373673609
1562.7000000000	0.0359601734
1562.7100000000	0.0339394722
1562.7200000000	0.0330904443
1562.7300000000	0.0345624214
1562.7400000000	0.0371548551
1562.7500000000	0.0385290821
1562.7600000000	0.0368207748
1562.7700000000	0.0341438925
1562.7800000000	0.0329526657
1562.7900000000	0.0336892878
1562.8000000000	0.0357272748
1562.8100000000	0.0372546891
1562.8200000000	0.0370104079
1562.8300000000	0.0350330102
1562.8400000000	0.0330640165
1562.8500000000	0.0332739247
1562.8600000000	0.0359290210
1562.8700000000	0.0388259282
1562.8800000000	0.0388294331
1562.8900000000	0.0365304085
1562.9000000000	0.0339428544
1562.9100000000	0.0335769146
1562.9200000000	0.0354328972
1562.9300000000	0.0373541641
1562.9400000000	0.0376237963
1562.9500000000	0.0357658291
1562.9600000000	0.0336674588
1562.9700000000	0.0333826137
1562.9800000000	0.0356026439
1562.9900000000	0.0380498945
1563.0000000000	0.0383368512
1563.0100000000	0.0364569589
1563.0200000000	0.0338906022
1563.0300000000	0.0330932045
1563.0400000000	0.0344470413
1563.0500000000	0.0364346715
1563.0600000000	0.0372714049
1563.0700000000	0.0362563530
1563.0800000000	0.0342082648
1563.0900000000	0.0327855893
1563.1000000000	0.0336052872
1563.1100000000	0.0362758708
1563.1200000000	0.0381330891
1563.1300000000	0.0373853472
1563.1400000000	0.0348351245
1563.1500000000	0.0331425912
1563.1600000000	0.0336226315
1563.1700000000	0.0354004258
1563.1800000000	0.0368474180
1563.1900000000	0.0367998805
1563.2000000000	0.0348337251
1563.2100000000	0.0328471251
1563.2200000000	0.0333772377
1563.2300000000	0.0358144834
1563.2400000000	0.0383327136
1563.2500000000	0.0380425869
1563.2600000000	0.0351280017
1563.2700000000	0.0328060838
1563.2800000000	0.0325669884
1563.2900000000	0.0343820486
1563.3000000000	0.0359714979
1563.3100000000	0.0364127387
1563.3200000000	0.0349755231
1563.3300000000	0.0330022587
1563.3400000000	0.0323673648
1563.3500000000	0.0337716958
1563.3600000000	0.0361245640
1563.3700000000	0.0372817601
1563.3800000000	0.0361081793
1563.3900000000	0.0336292725
1563.4000000000	0.0320774937
1563.4100000000	0.0326620863
1563.4200000000	0.0347051927
1563.4300000000	0.0362054966
1563.4400000000	0.0358716618
1563.4500000000	0.0340402710
1563.4600000000	0.0322612595
1563.4700000000	0.0328331469
1563.4800000000	0.0356922336
1563.4900000000	0.0376325260
1563.5000000000	0.0366058812
1563.5100000000	0.0336675902
1563.5200000000	0.0317456632
1563.5300000000	0.0322680679
1563.5400000000	0.0343677628
1563.5500000000	0.0359622936
1563.5600000000	0.0356934220
1563.5700000000	0.0338355562
1563.5800000000	0.0319965304
1563.5900000000	0.0323023224
1563.6000000000	0.0346240280
1563.6100000000	0.0372351788
1563.6200000000	0.0378944460
1563.6300000000	0.0362270169
1563.6400000000	0.0339732828
1563.6500000000	0.0330222317
1563.6600000000	0.0339560352
1563.6700000000	0.0357003360
1563.6800000000	0.0369471899
1563.6900000000	0.0364520291
1563.7000000000	0.0346184672
1563.7100000000	0.0333493375
1563.7200000000	0.0341975430
1563.7300000000	0.0368211549
1563.7400000000	0.0387294381
1563.7500000000	0.0377177555
1563.7600000000	0.0345239197
1563.7700000000	0.0329448461
1563.7800000000	0.0337029879
1563.7900000000	0.0354606568
1563.8000000000	0.0365672931
1563.8100000000	0.0358435912
1563.8200000000	0.0339697493
1563.8300000000	0.0320873788
1563.8400000000	0.0323365715
1563.8500000000	0.0345600502
1563.8600000000	0.0364219976
1563.8700000000	0.0360848810
1563.8800000000	0.0337478773
1563.8900000000	0.0314626392
1563.9000000000	0.0309036222
1563.9100000000	0.0321014310
1563.9200000000	0.0337190883
1563.9300000000	0.0342695262
1563.9400000000	0.0332127202
1563.9500000000	0.0313944852
1563.9600000000	0.0305918651
1563.9700000000	0.0317988049
1563.9800000000	0.0343675458
1563.9900000000	0.0358994485
1564.0000000000	0.0347874771
1564.0100000000	0.0321670277
1564.0200000000	0.0308021418
1564.0300000000	0.0319432627
1564.0400000000	0.0339246343
1564.0500000000	0.0348214509
1564.0600000000	0.0340644113
1564.0700000000	0.0324002265
1564.0800000000	0.0311943462
1564.0900000000	0.0322562679
1564.1000000000	0.0349986884
1564.1100000000	0.0368887387
1564.1200000000	0.0361589427
1564.1300000000	0.0334948370
1564.1400000000	0.0314476104
1564.1500000000	0.0314321767
1564.1600000000	0.0331119976
1564.1700000000	0.0349865891
1564.1800000000	0.0354105449
1564.1900000000	0.0340672753
1564.2000000000	0.0321974915
1564.2100000000	0.0317529989
1564.2200000000	0.0335762525
1564.2300000000	0.0361789297
1564.2400000000	0.0372137292
1564.2500000000	0.0357205892
1564.2600000000	0.0331855539
1564.2700000000	0.0320730943
1564.2800000000	0.0332909822
1564.2900000000	0.0352936379
1564.3000000000	0.0361972592
1564.3100000000	0.0351640014
1564.3200000000	0.0328836979
1564.3300000000	0.0318677849
1564.3400000000	0.0333839432
1564.3500000000	0.0362472501
1564.3600000000	0.0375766957
1564.3700000000	0.0361074344
1564.3800000000	0.0333777541
1564.3900000000	0.0316454758
1564.4000000000	0.0319268689
1564.4100000000	0.0333438315
1564.4200000000	0.0345423036
1564.4300000000	0.0344358229
1564.4400000000	0.0330133427
1564.4500000000	0.0314210335
1564.4600000000	0.0311775991
1564.4700000000	0.0331040408
1564.4800000000	0.0355115602
1564.4900000000	0.0360359745
1564.5000000000	0.0341673876
1564.5100000000	0.0318766514
1564.5200000000	0.0309583594
1564.5300000000	0.0317549767
1564.5400000000	0.0335200590
1564.5500000000	0.0345874453
1564.5600000000	0.0338881062
1564.5700000000	0.0319392736
1564.5800000000	0.0308306996
1564.5900000000	0.0323185782
1564.6000000000	0.0355091470
1564.6100000000	0.0365861794
1564.6200000000	0.0347299997
1564.6300000000	0.0317644916
1564.6400000000	0.0303644646
1564.6500000000	0.0311711058
1564.6600000000	0.0329588656
1564.6700000000	0.0342432629
1564.6800000000	0.0337377585
1564.6900000000	0.0320278325
1564.7000000000	0.0304137760
1564.7100000000	0.0306204751
1564.7200000000	0.0330179934
1564.7300000000	0.0353981950
1564.7400000000	0.0356643321
1564.7500000000	0.0335103506
1564.7600000000	0.0311075403
1564.7700000000	0.0306266372
1564.7800000000	0.0319704566
1564.7900000000	0.0335856275
1564.8000000000	0.0340481544
1564.8100000000	0.0330818124
1564.8200000000	0.0312608674
1564.8300000000	0.0304490762
1564.8400000000	0.0320916068
1564.8500000000	0.0349738120
1564.8600000000	0.0360040648
1564.8700000000	0.0339734626
1564.8800000000	0.0311017110
1564.8900000000	0.0298243261
1564.9000000000	0.0309675103
1564.9100000000	0.0329036086
1564.9200000000	0.0340244361
1564.9300000000	0.0333164062
1564.9400000000	0.0315112906
1564.9500000000	0.0302232512
1564.9600000000	0.0309974881
1564.9700000000	0.0335094259
1564.9800000000	0.0353513288
1564.9900000000	0.0350004130
1565.0000000000	0.0326887906
1565.0100000000	0.0304715725
1565.0200000000	0.0299911771
1565.0300000000	0.0314278860
1565.0400000000	0.0333839444
1565.0500000000	0.0340990491
1565.0600000000	0.0328580976
1565.0700000000	0.0307293990
1565.0800000000	0.0300189882
1565.0900000000	0.0318523342
1565.1000000000	0.0349716411
1565.1100000000	0.0357085136
1565.1200000000	0.0334035594
1565.1300000000	0.0307576101
1565.1400000000	0.0297564671
1565.1500000000	0.0308645321
1565.1600000000	0.0325687985
1565.1700000000	0.0335918707
1565.1800000000	0.0328089074
1565.1900000000	0.0309098698
1565.2000000000	0.0296304391
1565.2100000000	0.0305377201
1565.2200000000	0.0330048289
1565.2300000000	0.0347514251
1565.2400000000	0.0343058695
1565.2500000000	0.0317365873
1565.2600000000	0.0296190434
1565.2700000000	0.0293573091
1565.2800000000	0.0307805695
1565.2900000000	0.0325312138
1565.3000000000	0.0329718661
1565.3100000000	0.0318862029
1565.3200000000	0.0298456358
1565.3300000000	0.0291233008
1565.3400000000	0.0309664887
1565.3500000000	0.0341548635
1565.3600000000	0.0352928614
1565.3700000000	0.0333794388
1565.3800000000	0.0302591533
1565.3900000000	0.0294779245
1565.4000000000	0.0310332456
1565.4100000000	0.0331289525
1565.4200000000	0.0341818910
1565.4300000000	0.0334149951
1565.4400000000	0.0315350257
1565.4500000000	0.0303635433
1565.4600000000	0.0316160563
1565.4700000000	0.0346371795
1565.4800000000	0.0363081621
1565.4900000000	0.0352562928
1565.5000000000	0.0325338836
1565.5100000000	0.0306705333
1565.5200000000	0.0306705333
1565.5300000000	0.0322540666
1565.5400000000	0.0337679133
1565.5500000000	0.0338559189
1565.5600000000	0.0325448654
1565.5700000000	0.0306365588
1565.5800000000	0.0299380893
1565.5900000000	0.0317691817
1565.6000000000	0.0342583274
1565.6100000000	0.0351654590
1565.6200000000	0.0332710704
1565.6300000000	0.0302717525
1565.6400000000	0.0288333807
1565.6500000000	0.0299904195
1565.6600000000	0.0320104037
1565.6700000000	0.0328310589
1565.6800000000	0.0317214348
1565.6900000000	0.0297086739
1565.7000000000	0.0288641726
1565.7100000000	0.0302945653
1565.7200000000	0.0329903280
1565.7300000000	0.0343610988
1565.7400000000	0.0331737395
1565.7500000000	0.0304942259
1565.7600000000	0.0286247706
1565.7700000000	0.0290646172
1565.7800000000	0.0308826812
1565.7900000000	0.0326697551
1565.8000000000	0.0330234299
1565.8100000000	0.0316001679
1565.8200000000	0.0296176927
1565.8300000000	0.0292824535
1565.8400000000	0.0317045959
1565.8500000000	0.0344311308
1565.8600000000	0.0351672616
1565.8700000000	0.0333677409
1565.8800000000	0.0307259110
1565.8900000000	0.0293833463
1565.9000000000	0.0303267569
1565.9100000000	0.0325782186
1565.9200000000	0.0337130321
1565.9300000000	0.0328122327
1565.9400000000	0.0307653874
1565.9500000000	0.0295527284
1565.9600000000	0.0310995933
1565.9700000000	0.0341897081
1565.9800000000	0.0356860066
1565.9900000000	0.0341734514
1566.0000000000	0.0314634526
1566.0100000000	0.0296561998
1566.0200000000	0.0299774312
1566.0300000000	0.0316235480
1566.0400000000	0.0331713272
1566.0500000000	0.0330681905
1566.0600000000	0.0313641804
1566.0700000000	0.0294691600
1566.0800000000	0.0292103621
1566.0900000000	0.0310197461
1566.1000000000	0.0333829692
1566.1100000000	0.0338319973
1566.1200000000	0.0318033655
1566.1300000000	0.0290951561
1566.1400000000	0.0277991396
1566.1500000000	0.0286417799
1566.1600000000	0.0304535171
1566.1700000000	0.0313130119
1566.1800000000	0.0304798348
1566.1900000000	0.0284614025
1566.2000000000	0.0275678165
1566.2100000000	0.0292522476
1566.2200000000	0.0319782958
1566.2300000000	0.0332495916
1566.2400000000	0.0318374540
1566.2500000000	0.0293028036
1566.2600000000	0.0278205961
1566.2700000000	0.0285187218
1566.2800000000	0.0304130939
1566.2900000000	0.0319646524
1566.3000000000	0.0319286260
1566.3100000000	0.0304921073
1566.3200000000	0.0291014625
1566.3300000000	0.0293097526
1566.3400000000	0.0316603274
1566.3500000000	0.0341305346
1566.3600000000	0.0345702254
1566.3700000000	0.0325234897
1566.3800000000	0.0297701507
1566.3900000000	0.0285801164
1566.4000000000	0.0292923295
1566.4100000000	0.0309590502
1566.4200000000	0.0320288728
1566.4300000000	0.0313297015
1566.4400000000	0.0294166174
1566.4500000000	0.0282136360
1566.4600000000	0.0293817858
1566.4700000000	0.0322795095
1566.4800000000	0.0338479507
1566.4900000000	0.0323092506
1566.5000000000	0.0297373877
1566.5100000000	0.0281000491
1566.5200000000	0.0286972655
1566.5300000000	0.0306423524
1566.5400000000	0.0324402232
1566.5500000000	0.0325254639
1566.5600000000	0.0306804401
1566.5700000000	0.0289731705
1566.5800000000	0.0292570140
1566.5900000000	0.0318790474
1566.6000000000	0.0344443817
1566.6100000000	0.0348628255
1566.6200000000	0.0326245670
1566.6300000000	0.0299918730
1566.6400000000	0.0292066650
1566.6500000000	0.0302130673
1566.6600000000	0.0319736007
1566.6700000000	0.0331473808
1566.6800000000	0.0326388733
1566.6900000000	0.0308402742
1566.7000000000	0.0294028511
1566.7100000000	0.0302349644
1566.7200000000	0.0328541174
1566.7300000000	0.0347868427
1566.7400000000	0.0336435919
1566.7500000000	0.0307020571
1566.7600000000	0.0288794204
1566.7700000000	0.0290311042
1566.7800000000	0.0304683896
1566.7900000000	0.0319134599
1566.8000000000	0.0319791710
1566.8100000000	0.0303790777
1566.8200000000	0.0287397561
1566.8300000000	0.0289940136
1566.8400000000	0.0313309420
1566.8500000000	0.0336296958
1566.8600000000	0.0337698888
1566.8700000000	0.0313948220
1566.8800000000	0.0287387233
1566.8900000000	0.0277660239
1566.9000000000	0.0285830521
1566.9100000000	0.0303740786
1566.9200000000	0.0315244494
1566.9300000000	0.0311236583
1566.9400000000	0.0295235348
1566.9500000000	0.0282191549
1566.9600000000	0.0289464875
1566.9700000000	0.0315011981
1566.9800000000	0.0335368348
1566.9900000000	0.0327337497
1567.0000000000	0.0300096143
1567.0100000000	0.0275836677
1567.0200000000	0.0275080999
1567.0300000000	0.0294833833
1567.0400000000	0.0312142307
1567.0500000000	0.0312380038
1567.0600000000	0.0295889353
1567.0700000000	0.0279120737
1567.0800000000	0.0281869774
1567.0900000000	0.0304216828
1567.1000000000	0.0326817593
1567.1100000000	0.0328202185
1567.1200000000	0.0305858321
1567.1300000000	0.0279898905
1567.1400000000	0.0268562022
1567.1500000000	0.0275431216
1567.1600000000	0.0294478313
1567.1700000000	0.0307901677
1567.1800000000	0.0303791779
1567.1900000000	0.0284673020
1567.2000000000	0.0269473855
1567.2100000000	0.0276766577
1567.2200000000	0.0303413728
1567.2300000000	0.0326251490
1567.2400000000	0.0322381524
1567.2500000000	0.0297539016
1567.2600000000	0.0273360860
1567.2700000000	0.0268927774
1567.2800000000	0.0285047299
1567.2900000000	0.0306550492
1567.3000000000	0.0313082231
1567.3100000000	0.0295190619
1567.3200000000	0.0274540258
1567.3300000000	0.0276433779
1567.3400000000	0.0302361106
1567.3500000000	0.0328745997
1567.3600000000	0.0332363148
1567.3700000000	0.0312125764
1567.3800000000	0.0287358609
1567.3900000000	0.0278129827
1567.4000000000	0.0291298981
1567.4100000000	0.0313980058
1567.4200000000	0.0326356882
1567.4300000000	0.0322059396
1567.4400000000	0.0303987946
1567.4500000000	0.0287509665
1567.4600000000	0.0295707033
1567.4700000000	0.0322008529
1567.4800000000	0.0343540244
1567.4900000000	0.0339936191
1567.5000000000	0.0314658162
1567.5100000000	0.0287744227
1567.5200000000	0.0280405382
1567.5300000000	0.0292355320
1567.5400000000	0.0310096450
1567.5500000000	0.0317198492
1567.5600000000	0.0304887782
1567.5700000000	0.0285392223
1567.5800000000	0.0280887904
1567.5900000000	0.0301936745
1567.6000000000	0.0325589833
1567.6100000000	0.0330632698
1567.6200000000	0.0310541820
1567.6300000000	0.0282288069
1567.6400000000	0.0268962608
1567.6500000000	0.0274313879
1567.6600000000	0.0291715640
1567.6700000000	0.0305880239
1567.6800000000	0.0306375251
1567.6900000000	0.0288848132
1567.7000000000	0.0271481322
1567.7100000000	0.0277375902
1567.7200000000	0.0301110453
1567.7300000000	0.0322509790
1567.7400000000	0.0321141935
1567.7500000000	0.0298881631
1567.7600000000	0.0272805206
1567.7700000000	0.0264316025
1567.7800000000	0.0276474323
1567.7900000000	0.0296736388
1567.8000000000	0.0308707647
1567.8100000000	0.0299137791
1567.8200000000	0.0277751222
1567.8300000000	0.0268470159
1567.8400000000	0.0288665555
1567.8500000000	0.0315380366
1567.8600000000	0.0322816521
1567.8700000000	0.0304679217
1567.8800000000	0.0277589892
1567.8900000000	0.0261473202
1567.9000000000	0.0265359381
1567.9100000000	0.0284634642
1567.9200000000	0.0299768755
1567.9300000000	0.0296658796
1567.9400000000	0.0278542837
1567.9500000000	0.0262936716
1567.9600000000	0.0267315584
1567.9700000000	0.0292639327
1567.9800000000	0.0316244653
1567.9900000000	0.0315369107
1568.0000000000	0.0293750190
1568.0100000000	0.0268401709
1568.0200000000	0.0257631323
1568.0300000000	0.0265326800
1568.0400000000	0.0284000722
1568.0500000000	0.0297873747
1568.0600000000	0.0294047975
1568.0700000000	0.0276420687
1568.0800000000	0.0263584530
1568.0900000000	0.0275970539
1568.1000000000	0.0306170949
1568.1100000000	0.0321780116
1568.1200000000	0.0306572648
1568.1300000000	0.0278632232
1568.1400000000	0.0261117457
1568.1500000000	0.0262878696
1568.1600000000	0.0280904415
1568.1700000000	0.0298933070
1568.1800000000	0.0301244480
1568.1900000000	0.0283561886
1568.2000000000	0.0267195792
1568.2100000000	0.0269622064
1568.2200000000	0.0292072655
1568.2300000000	0.0316480648
1568.2400000000	0.0319516370
1568.2500000000	0.0301046309
1568.2600000000	0.0276743868
1568.2700000000	0.0264416947
1568.2800000000	0.0270110024
1568.2900000000	0.0289185288
1568.3000000000	0.0305650698
1568.3100000000	0.0304531364
1568.3200000000	0.0288069246
1568.3300000000	0.0274007150
1568.3400000000	0.0282460405
1568.3500000000	0.0308095799
1568.3600000000	0.0326793141
1568.3700000000	0.0318493432
1568.3800000000	0.0290432880
1568.3900000000	0.0264308833
1568.4000000000	0.0259438399
1568.4100000000	0.0274904497
1568.4200000000	0.0291634979
1568.4300000000	0.0295635402
1568.4400000000	0.0280901440
1568.4500000000	0.0261668058
1568.4600000000	0.0259465532
1568.4700000000	0.0281590869
1568.4800000000	0.0305779811
1568.4900000000	0.0310514619
1568.5000000000	0.0290436639
1568.5100000000	0.0263620258
1568.5200000000	0.0248596250
1568.5300000000	0.0254561797
1568.5400000000	0.0273539756
1568.5500000000	0.0292305046
1568.5600000000	0.0294309000
1568.5700000000	0.0278324194
1568.5800000000	0.0261689600
1568.5900000000	0.0268175546
1568.6000000000	0.0291931309
1568.6100000000	0.0315055360
1568.6200000000	0.0313915900
1568.6300000000	0.0290692907
1568.6400000000	0.0266217215
1568.6500000000	0.0258625710
1568.6600000000	0.0274627293
1568.6700000000	0.0296786902
1568.6800000000	0.0305887011
1568.6900000000	0.0293963514
1568.7000000000	0.0276581624
1568.7100000000	0.0274677291
1568.7200000000	0.0293661811
1568.7300000000	0.0317608910
1568.7400000000	0.0328283568
1568.7500000000	0.0314826289
1568.7600000000	0.0289087181
1568.7700000000	0.0272859390
1568.7800000000	0.0274627844
1568.7900000000	0.0288288045
1568.8000000000	0.0305828319
1568.8100000000	0.0310003037
1568.8200000000	0.0296601760
1568.8300000000	0.0278511768
1568.8400000000	0.0276352307
1568.8500000000	0.0293815495
1568.8600000000	0.0318254234
1568.8700000000	0.0323234870
1568.8800000000	0.0301234752
1568.8900000000	0.0270231332
1568.9000000000	0.0253674695
1568.9100000000	0.0260223605
1568.9200000000	0.0280388008
1568.9300000000	0.0295547406
1568.9400000000	0.0288336014
1568.9500000000	0.0264720581
1568.9600000000	0.0253364430
1568.9700000000	0.0267586998
1568.9800000000	0.0291943014
1568.9900000000	0.0302676607
1569.0000000000	0.0289833101
1569.0100000000	0.0264659401
1569.0200000000	0.0247256129
1569.0300000000	0.0247238493
1569.0400000000	0.0263903248
1569.0500000000	0.0283788310
1569.0600000000	0.0292181919
1569.0700000000	0.0280603999
1569.0800000000	0.0260172556
1569.0900000000	0.0256182916
1569.1000000000	0.0276125827
1569.1100000000	0.0303805601
1569.1200000000	0.0313757155
1569.1300000000	0.0299447012
1569.1400000000	0.0272277710
1569.1500000000	0.0254842393
1569.1600000000	0.0258113728
1569.1700000000	0.0276634139
1569.1800000000	0.0294556026
1569.1900000000	0.0293802995
1569.2000000000	0.0274615013
1569.2100000000	0.0260573792
1569.2200000000	0.0269417762
1569.2300000000	0.0294563243
1569.2400000000	0.0312849339
1569.2500000000	0.0306069657
1569.2600000000	0.0280011686
1569.2700000000	0.0256637259
1569.2800000000	0.0251731690
1569.2900000000	0.0265701407
1569.3000000000	0.0284452912
1569.3100000000	0.0293229408
1569.3200000000	0.0284332312
1569.3300000000	0.0265300788
1569.3400000000	0.0255187271
1569.3500000000	0.0267347093
1569.3600000000	0.0293475896
1569.3700000000	0.0308055643
1569.3800000000	0.0296354110
1569.3900000000	0.0268653201
1569.4000000000	0.0246364911
1569.4100000000	0.0243819066
1569.4200000000	0.0259735067
1569.4300000000	0.0281857278
1569.4400000000	0.0290226018
1569.4500000000	0.0275907918
1569.4600000000	0.0254814702
1569.4700000000	0.0256260017
1569.4800000000	0.0281392799
1569.4900000000	0.0304159951
1569.5000000000	0.0303458760
1569.5100000000	0.0282388297
1569.5200000000	0.0258544173
1569.5300000000	0.0248034313
1569.5400000000	0.0256250349
1569.5500000000	0.0274514808
1569.5600000000	0.0287519093
1569.5700000000	0.0282824929
1569.5800000000	0.0265822949
1569.5900000000	0.0254679743
1569.6000000000	0.0264981746
1569.6100000000	0.0289212812
1569.6200000000	0.0306540309
1569.6300000000	0.0302414701
1569.6400000000	0.0279259000
1569.6500000000	0.0255231958
1569.6600000000	0.0246997787
1569.6700000000	0.0260703920
1569.6800000000	0.0284526234
1569.6900000000	0.0298564665
1569.7000000000	0.0288677562
1569.7100000000	0.0267307324
1569.7200000000	0.0259376239
1569.7300000000	0.0276597077
1569.7400000000	0.0303324126
1569.7500000000	0.0308803979
1569.7600000000	0.0288157253
1569.7700000000	0.0259989943
1569.7800000000	0.0245702066
1569.7900000000	0.0251677751
1569.8000000000	0.0269627219
1569.8100000000	0.0285507597
1569.8200000000	0.0285140237
1569.8300000000	0.0269381286
1569.8400000000	0.0256616507
1569.8500000000	0.0263428032
1569.8600000000	0.0284806945
1569.8700000000	0.0304360959
1569.8800000000	0.0304869423
1569.8900000000	0.0284672421
1569.9000000000	0.0261497544
1569.9100000000	0.0248862496
1569.9200000000	0.0256924970
1569.9300000000	0.0277827781
1569.9400000000	0.0297376472
1569.9500000000	0.0293211319
1569.9600000000	0.0274713469
1569.9700000000	0.0261653768
1569.9800000000	0.0272304442
1569.9900000000	0.0300244043
1570.0000000000	0.0316124574
1570.0100000000	0.0307047441
1570.0200000000	0.0281288360
1570.0300000000	0.0259081717
1570.0400000000	0.0256364983
1570.0500000000	0.0272252920
1570.0600000000	0.0290833616
1570.0700000000	0.0295957496
1570.0800000000	0.0283648626
1570.0900000000	0.0265506649
1570.1000000000	0.0263918337
1570.1100000000	0.0282260468
1570.1200000000	0.0301642938
1570.1300000000	0.0303249011
1570.1400000000	0.0288368070
1570.1500000000	0.0263290319
1570.1600000000	0.0247137184
1570.1700000000	0.0250541894
1570.1800000000	0.0268581352
1570.1900000000	0.0287504148
1570.2000000000	0.0291632080
1570.2100000000	0.0276123853
1570.2200000000	0.0258446488
1570.2300000000	0.0259479939
1570.2400000000	0.0282298763
1570.2500000000	0.0302425427
1570.2600000000	0.0302113779
1570.2700000000	0.0280103428
1570.2800000000	0.0255361640
1570.2900000000	0.0245681934
1570.3000000000	0.0256613890
1570.3100000000	0.0278409269
1570.3200000000	0.0291921655
1570.3300000000	0.0284277702
1570.3400000000	0.0266719707
1570.3500000000	0.0261443398
1570.3600000000	0.0277832057
1570.3700000000	0.0302968854
1570.3800000000	0.0314371238
1570.3900000000	0.0302529093
1570.4000000000	0.0277347440
1570.4100000000	0.0258030545
1570.4200000000	0.0257830739
1570.4300000000	0.0274042043
1570.4400000000	0.0294369752
1570.4500000000	0.0300148949
1570.4600000000	0.0288112642
1570.4700000000	0.0268804870
1570.4800000000	0.0264202719
1570.4900000000	0.0283464469
1570.5000000000	0.0308197519
1570.5100000000	0.0313780435
1570.5200000000	0.0298879666
1570.5300000000	0.0273407837
1570.5400000000	0.0254544192
1570.5500000000	0.0254724795
1570.5600000000	0.0270720557
1570.5700000000	0.0289665750
1570.5800000000	0.0289352865
1570.5900000000	0.0270028058
1570.6000000000	0.0254116024
1570.6100000000	0.0259731496
1570.6200000000	0.0278285241
1570.6300000000	0.0289826005
1570.6400000000	0.0281891209
1570.6500000000	0.0257897776
1570.6600000000	0.0234639184
1570.6700000000	0.0227183676
1570.6800000000	0.0238510157
1570.6900000000	0.0258233411
1570.7000000000	0.0272113807
1570.7100000000	0.0269192681
1570.7200000000	0.0254794990
1570.7300000000	0.0247284480
1570.7400000000	0.0261064817
1570.7500000000	0.0286724860
1570.7600000000	0.0303427722
1570.7700000000	0.0296615990
1570.7800000000	0.0273732680
1570.7900000000	0.0254332882
1570.8000000000	0.0249034686
1570.8100000000	0.0262086603
1570.8200000000	0.0287408743
1570.8300000000	0.0298022412
1570.8400000000	0.0286995219
1570.8500000000	0.0269914702
1570.8600000000	0.0269158696
1570.8700000000	0.0287692410
1570.8800000000	0.0309843029
1570.8900000000	0.0313123147
1570.9000000000	0.0293963434
1570.9100000000	0.0267179566
1570.9200000000	0.0253072503
1570.9300000000	0.0259752707
1570.9400000000	0.0277552431
1570.9500000000	0.0289323324
1570.9600000000	0.0284828679
1570.9700000000	0.0267687912
1570.9800000000	0.0251756988
1570.9900000000	0.0251217304
1571.0000000000	0.0269412295
1571.0100000000	0.0289503094
1571.0200000000	0.0289792074
1571.0300000000	0.0269884745
1571.0400000000	0.0244326855
1571.0500000000	0.0233435835
1571.0600000000	0.0243372678
1571.0700000000	0.0265593959
1571.0800000000	0.0282295992
1571.0900000000	0.0278572790
1571.1000000000	0.0260345365
1571.1100000000	0.0252342251
1571.1200000000	0.0265594275
1571.1300000000	0.0287328874
1571.1400000000	0.0298546617
1571.1500000000	0.0289806442
1571.1600000000	0.0264701966
1571.1700000000	0.0246228970
1571.1800000000	0.0247058502
1571.1900000000	0.0262232998
1571.2000000000	0.0280681915
1571.2100000000	0.0285378391
1571.2200000000	0.0272800369
1571.2300000000	0.0257300083
1571.2400000000	0.0256359938
1571.2500000000	0.0274154470
1571.2600000000	0.0295710634
1571.2700000000	0.0304832441
1571.2800000000	0.0293297126
1571.2900000000	0.0267753829
1571.3000000000	0.0248930042
1571.3100000000	0.0246344024
1571.3200000000	0.0261253308
1571.3300000000	0.0282388214
1571.3400000000	0.0288305640
1571.3500000000	0.0273297184
1571.3600000000	0.0253798740
1571.3700000000	0.0252149791
1571.3800000000	0.0273156927
1571.3900000000	0.0291676566
1571.4000000000	0.0287308079
1571.4100000000	0.0265972974
1571.4200000000	0.0246064516
1571.4300000000	0.0240887213
1571.4400000000	0.0253930711
1571.4500000000	0.0275638045
1571.4600000000	0.0290355463
1571.4700000000	0.0285501388
1571.4800000000	0.0267494942
1571.4900000000	0.0259380267
1571.5000000000	0.0271409794
1571.5100000000	0.0292522357
1571.5200000000	0.0303589477
1571.5300000000	0.0296384467
1571.5400000000	0.0272827316
1571.5500000000	0.0248717248
1571.5600000000	0.0240095482
1571.5700000000	0.0249404984
1571.5800000000	0.0269300497
1571.5900000000	0.0281110209
1571.6000000000	0.0272848748
1571.6100000000	0.0249735427
1571.6200000000	0.0239752813
1571.6300000000	0.0253202584
1571.6400000000	0.0277371137
1571.6500000000	0.0287964918
1571.6600000000	0.0273168487
1571.6700000000	0.0246799815
1571.6800000000	0.0228725532
1571.6900000000	0.0229095139
1571.7000000000	0.0245649823
1571.7100000000	0.0265014828
1571.7200000000	0.0269264589
1571.7300000000	0.0253931452
1571.7400000000	0.0238390564
1571.7500000000	0.0243604848
1571.7600000000	0.0265322236
1571.7700000000	0.0281683502
1571.7800000000	0.0278933120
1571.7900000000	0.0259201970
1571.8000000000	0.0236305758
1571.8100000000	0.0224336477
1571.8200000000	0.0229821278
1571.8300000000	0.0247469767
1571.8400000000	0.0263942811
1571.8500000000	0.0265391864
1571.8600000000	0.0250930852
1571.8700000000	0.0236502367
1571.8800000000	0.0240427238
1571.8900000000	0.0260602198
1571.9000000000	0.0277485148
1571.9100000000	0.0277301896
1571.9200000000	0.0258122074
1571.9300000000	0.0233461621
1571.9400000000	0.0222200118
1571.9500000000	0.0234029033
1571.9600000000	0.0254952504
1571.9700000000	0.0263799157
1571.9800000000	0.0254180265
1571.9900000000	0.0236107929
1572.0000000000	0.0230242343
1572.0100000000	0.0245040278
1572.0200000000	0.0266580076
1572.0300000000	0.0275013220
1572.0400000000	0.0263294356
1572.0500000000	0.0240929191
1572.0600000000	0.0223275515
1572.0700000000	0.0220096883
1572.0800000000	0.0233437858
1572.0900000000	0.0254385857
1572.1000000000	0.0265409782
1572.1100000000	0.0255662147
1572.1200000000	0.0236583112
1572.1300000000	0.0229896688
1572.1400000000	0.0246842543
1572.1500000000	0.0270690123
1572.1600000000	0.0281005421
1572.1700000000	0.0265740130
1572.1800000000	0.0240711441
1572.1900000000	0.0221739379
1572.2000000000	0.0222300760
1572.2100000000	0.0243597416
1572.2200000000	0.0264584141
1572.2300000000	0.0263107358
1572.2400000000	0.0245346548
1572.2500000000	0.0232592994
1572.2600000000	0.0239347520
1572.2700000000	0.0261002454
1572.2800000000	0.0277100023
1572.2900000000	0.0273161788
1572.3000000000	0.0252593394
1572.3100000000	0.0230670893
1572.3200000000	0.0221990382
1572.3300000000	0.0231347079
1572.3400000000	0.0249591515
1572.3500000000	0.0262355414
1572.3600000000	0.0258944654
1572.3700000000	0.0242425799
1572.3800000000	0.0229317892
1572.3900000000	0.0234753266
1572.4000000000	0.0253766690
1572.4100000000	0.0269440498
1572.4200000000	0.0267224407
1572.4300000000	0.0246127346
1572.4400000000	0.0221987165
1572.4500000000	0.0212506666
1572.4600000000	0.0223233291
1572.4700000000	0.0245206479
1572.4800000000	0.0258682822
1572.4900000000	0.0250114281
1572.5000000000	0.0231476452
1572.5100000000	0.0227050330
1572.5200000000	0.0244373341
1572.5300000000	0.0266047051
1572.5400000000	0.0272137224
1572.5500000000	0.0257777407
1572.5600000000	0.0233947171
1572.5700000000	0.0217423639
1572.5800000000	0.0218783334
1572.5900000000	0.0236614542
1572.6000000000	0.0257196560
1572.6100000000	0.0263799098
1572.6200000000	0.0252144959
1572.6300000000	0.0235380470
1572.6400000000	0.0231825721
1572.6500000000	0.0248660380
1572.6600000000	0.0269877423
1572.6700000000	0.0277722779
1572.6800000000	0.0262722901
1572.6900000000	0.0238212739
1572.7000000000	0.0218089699
1572.7100000000	0.0218032434
1572.7200000000	0.0236435429
1572.7300000000	0.0256722584
1572.7400000000	0.0260491797
1572.7500000000	0.0242989579
1572.7600000000	0.0226831207
1572.7700000000	0.0231561045
1572.7800000000	0.0252519652
1572.7900000000	0.0268523852
1572.8000000000	0.0264445601
1572.8100000000	0.0244675528
1572.8200000000	0.0223199092
1572.8300000000	0.0214652038
1572.8400000000	0.0224897522
1572.8500000000	0.0245270125
1572.8600000000	0.0258467673
1572.8700000000	0.0253497376
1572.8800000000	0.0235795505
1572.8900000000	0.0225500193
1572.9000000000	0.0235181199
1572.9100000000	0.0257567472
1572.9200000000	0.0273095502
1572.9300000000	0.0269298290
1572.9400000000	0.0247044212
1572.9500000000	0.0221829658
1572.9600000000	0.0211160342
1572.9700000000	0.0221178972
1572.9800000000	0.0241892833
1572.9900000000	0.0255804234
1573.0000000000	0.0249858222
1573.0100000000	0.0230339777
1573.0200000000	0.0222935496
1573.0300000000	0.0237975534
1573.0400000000	0.0258860415
1573.0500000000	0.0265720511
1573.0600000000	0.0252561710
1573.0700000000	0.0228838439
1573.0800000000	0.0211791590
1573.0900000000	0.0213391476
1573.1000000000	0.0232541907
1573.1100000000	0.0253544512
1573.1200000000	0.0256493835
1573.1300000000	0.0241200457
1573.1400000000	0.0226297431
1573.1500000000	0.0228325905
1573.1600000000	0.0247484593
1573.1700000000	0.0266474165
1573.1800000000	0.0270555880
1573.1900000000	0.0256337334
1573.2000000000	0.0232293281
1573.2100000000	0.0214064018
1573.2200000000	0.0212479764
1573.2300000000	0.0229343126
1573.2400000000	0.0251999882
1573.2500000000	0.0258078217
1573.2600000000	0.0241439758
1573.2700000000	0.0221997473
1573.2800000000	0.0221261141
1573.2900000000	0.0242130736
1573.3000000000	0.0264608327
1573.3100000000	0.0264344815
1573.3200000000	0.0243617693
1573.3300000000	0.0218520105
1573.3400000000	0.0207252281
1573.3500000000	0.0215851118
1573.3600000000	0.0237737522
1573.3700000000	0.0253278360
1573.3800000000	0.0248300301
1573.3900000000	0.0228715684
1573.4000000000	0.0217049201
1573.4100000000	0.0228495233
1573.4200000000	0.0250569699
1573.4300000000	0.0264038646
1573.4400000000	0.0256686264
1573.4500000000	0.0233740944
1573.4600000000	0.0211771942
1573.4700000000	0.0202811075
1573.4800000000	0.0213026797
1573.4900000000	0.0235110897
1573.5000000000	0.0251833747
1573.5100000000	0.0245921547
1573.5200000000	0.0225787851
1573.5300000000	0.0214927784
1573.5400000000	0.0226256234
1573.5500000000	0.0250092984
1573.5600000000	0.0263753123
1573.5700000000	0.0255309104
1573.5800000000	0.0229543399
1573.5900000000	0.0209116507
1573.6000000000	0.0208024738
1573.6100000000	0.0226571722
1573.6200000000	0.0248143214
1573.6300000000	0.0255456204
1573.6400000000	0.0242918119
1573.6500000000	0.0225194425
1573.6600000000	0.0224313184
1573.6700000000	0.0244314399
1573.6800000000	0.0265749751
1573.6900000000	0.0270916458
1573.7000000000	0.0256699186
1573.7100000000	0.0231599217
1573.7200000000	0.0213384337
1573.7300000000	0.0215427426
1573.7400000000	0.0233166488
1573.7500000000	0.0252357477
1573.7600000000	0.0259304190
1573.7700000000	0.0248151003
1573.7800000000	0.0229760248
1573.7900000000	0.0227328856
1573.8000000000	0.0244276744
1573.8100000000	0.0265300827
1573.8200000000	0.0270092016
1573.8300000000	0.0254632792
1573.8400000000	0.0227468317
1573.8500000000	0.0209126829
1573.8600000000	0.0212081016
1573.8700000000	0.0235060465
1573.8800000000	0.0252939808
1573.8900000000	0.0248542460
1573.9000000000	0.0230042086
1573.9100000000	0.0217876309
1573.9200000000	0.0227943267
1573.9300000000	0.0252468252
1573.9400000000	0.0270235032
1573.9500000000	0.0266240533
1573.9600000000	0.0245316184
1573.9700000000	0.0225412830
1573.9800000000	0.0219003946
1573.9900000000	0.0230516182
1574.0000000000	0.0251878495
1574.0100000000	0.0269690243
1574.0200000000	0.0268096651
1574.0300000000	0.0250246563
1574.0400000000	0.0236460167
1574.0500000000	0.0241031512
1574.0600000000	0.0261545478
1574.0700000000	0.0277543359
1574.0800000000	0.0271249861
1574.0900000000	0.0247909452
1574.1000000000	0.0221293788
1574.1100000000	0.0209592138
1574.1200000000	0.0220585877
1574.1300000000	0.0243322848
1574.1400000000	0.0255202648
1574.1500000000	0.0243568610
1574.1600000000	0.0221881823
1574.1700000000	0.0216030879
1574.1800000000	0.0231683185
1574.1900000000	0.0253745214
1574.2000000000	0.0260241297
1574.2100000000	0.0246801123
1574.2200000000	0.0222496532
1574.2300000000	0.0202036532
1574.2400000000	0.0200187404
1574.2500000000	0.0219196241
1574.2600000000	0.0240365955
1574.2700000000	0.0246606247
1574.2800000000	0.0234473161
1574.2900000000	0.0218991687
1574.3000000000	0.0216081615
1574.3100000000	0.0231182067
1574.3200000000	0.0253638357
1574.3300000000	0.0263806113
1574.3400000000	0.0252900959
1574.3500000000	0.0229665545
1574.3600000000	0.0211843300
1574.3700000000	0.0210816493
1574.3800000000	0.0227737512
1574.3900000000	0.0250000529
1574.4000000000	0.0257253684
1574.4100000000	0.0243945730
1574.4200000000	0.0228814270
1574.4300000000	0.0230919244
1574.4400000000	0.0250510154
1574.4500000000	0.0267797189
1574.4600000000	0.0265467703
1574.4700000000	0.0246938624
1574.4800000000	0.0224194984
1574.4900000000	0.0209440579
1574.5000000000	0.0213678089
1574.5100000000	0.0234451567
1574.5200000000	0.0251444134
1574.5300000000	0.0247254491
1574.5400000000	0.0228660311
1574.5500000000	0.0214732793
1574.5600000000	0.0218359367
1574.5700000000	0.0235222768
1574.5800000000	0.0251040547
1574.5900000000	0.0251677737
1574.6000000000	0.0233994901
1574.6100000000	0.0209272475
1574.6200000000	0.0194043988
1574.6300000000	0.0199147295
1574.6400000000	0.0219155708
1574.6500000000	0.0235854778
1574.6600000000	0.0233813691
1574.6700000000	0.0216948515
1574.6800000000	0.0205695087
1574.6900000000	0.0215221002
1574.7000000000	0.0237411790
1574.7100000000	0.0251340621
1574.7200000000	0.0245074625
1574.7300000000	0.0222133341
1574.7400000000	0.0200906138
1574.7500000000	0.0196752711
1574.7600000000	0.0213893532
1574.7700000000	0.0240290094
1574.7800000000	0.0254410745
1574.7900000000	0.0245134975
1574.8000000000	0.0225856118
1574.8100000000	0.0219303008
1574.8200000000	0.0233926694
1574.8300000000	0.0256459160
1574.8400000000	0.0269020667
1574.8500000000	0.0261516241
1574.8600000000	0.0241117560
1574.8700000000	0.0221194344
1574.8800000000	0.0212743596
1574.8900000000	0.0222018687
1574.9000000000	0.0242009929
1574.9100000000	0.0253111534
1574.9200000000	0.0246436425
1574.9300000000	0.0229284452
1574.9400000000	0.0220132156
1574.9500000000	0.0231224304
1574.9600000000	0.0251360095
1574.9700000000	0.0258853009
1574.9800000000	0.0246023639
1574.9900000000	0.0222034171
1575.0000000000	0.0202241835
1575.0100000000	0.0201762027
1575.0200000000	0.0220285088
1575.0300000000	0.0242476090
1575.0400000000	0.0246118194
1575.0500000000	0.0231962766
1575.0600000000	0.0212828483
1575.0700000000	0.0213430341
1575.0800000000	0.0231700839
1575.0900000000	0.0251534771
1575.1000000000	0.0255660561
1575.1100000000	0.0239860120
1575.1200000000	0.0214661226
1575.1300000000	0.0194927020
1575.1400000000	0.0193300041
1575.1500000000	0.0209884691
1575.1600000000	0.0228813204
1575.1700000000	0.0233616659
1575.1800000000	0.0220585874
1575.1900000000	0.0204717240
1575.2000000000	0.0203892930
1575.2100000000	0.0220498436
1575.2200000000	0.0239706170
1575.2300000000	0.0243372974
1575.2400000000	0.0227016986
1575.2500000000	0.0202441688
1575.2600000000	0.0188811820
1575.2700000000	0.0199097045
1575.2800000000	0.0223135770
1575.2900000000	0.0241173262
1575.3000000000	0.0238553858
1575.3100000000	0.0220606913
1575.3200000000	0.0209688449
1575.3300000000	0.0218050076
1575.3400000000	0.0238458946
1575.3500000000	0.0252974355
1575.3600000000	0.0250170910
1575.3700000000	0.0230230449
1575.3800000000	0.0205369796
1575.3900000000	0.0191383231
1575.4000000000	0.0197743130
1575.4100000000	0.0219352630
1575.4200000000	0.0238144748
1575.4300000000	0.0238323555
1575.4400000000	0.0220356560
1575.4500000000	0.0206769619
1575.4600000000	0.0213380830
1575.4700000000	0.0232742159
1575.4800000000	0.0249153600
1575.4900000000	0.0249036240
1575.5000000000	0.0229207839
1575.5100000000	0.0202056804
1575.5200000000	0.0189928196
1575.5300000000	0.0201458430
1575.5400000000	0.0225183467
1575.5500000000	0.0237882004
1575.5600000000	0.0228856511
1575.5700000000	0.0208674757
1575.5800000000	0.0199374834
1575.5900000000	0.0212896817
1575.6000000000	0.0233850571
1575.6100000000	0.0243951548
1575.6200000000	0.0235583785
1575.6300000000	0.0214758403
1575.6400000000	0.0194076565
1575.6500000000	0.0188175269
1575.6600000000	0.0203703430
1575.6700000000	0.0227781769
1575.6800000000	0.0242390329
1575.6900000000	0.0239225243
1575.7000000000	0.0223753287
1575.7100000000	0.0214800230
1575.7200000000	0.0224539943
1575.7300000000	0.0246650915
1575.7400000000	0.0259455358
1575.7500000000	0.0252113231
1575.7600000000	0.0231113192
1575.7700000000	0.0208872532
1575.7800000000	0.0200858716
1575.7900000000	0.0215309048
1575.8000000000	0.0238306371
1575.8100000000	0.0247539688
1575.8200000000	0.0233485084
1575.8300000000	0.0214163162
1575.8400000000	0.0212364816
1575.8500000000	0.0228437575
1575.8600000000	0.0247492540
1575.8700000000	0.0255144922
1575.8800000000	0.0240200752
1575.8900000000	0.0211596634
1575.9000000000	0.0191809703
1575.9100000000	0.0190879382
1575.9200000000	0.0208322493
1575.9300000000	0.0229735440
1575.9400000000	0.0235031568
1575.9500000000	0.0220855500
1575.9600000000	0.0204210581
1575.9700000000	0.0201844559
1575.9800000000	0.0217575437
1575.9900000000	0.0237887541
1576.0000000000	0.0246625538
1576.0100000000	0.0235725875
1576.0200000000	0.0213717104
1576.0300000000	0.0194752687
1576.0400000000	0.0193067630
1576.0500000000	0.0210926131
1576.0600000000	0.0234374940
1576.0700000000	0.0239058031
1576.0800000000	0.0221099365
1576.0900000000	0.0205356922
1576.1000000000	0.0208715158
1576.1100000000	0.0226242090
1576.1200000000	0.0243468180
1576.1300000000	0.0245755411
1576.1400000000	0.0228961248
1576.1500000000	0.0203567915
1576.1600000000	0.0187163835
1576.1700000000	0.0193455942
1576.1800000000	0.0216055890
1576.1900000000	0.0235593391
1576.2000000000	0.0237340282
1576.2100000000	0.0221526297
1576.2200000000	0.0206172042
1576.2300000000	0.0207057386
1576.2400000000	0.0224114343
1576.2500000000	0.0242770132
1576.2600000000	0.0246647573
1576.2700000000	0.0232255158
1576.2800000000	0.0208531832
1576.2900000000	0.0191010221
1576.3000000000	0.0191701135
1576.3100000000	0.0211065556
1576.3200000000	0.0231693789
1576.3300000000	0.0232434032
1576.3400000000	0.0213985307
1576.3500000000	0.0199855077
1576.3600000000	0.0205358386
1576.3700000000	0.0225143014
1576.3800000000	0.0237371804
1576.3900000000	0.0233902806
1576.4000000000	0.0213846977
1576.4100000000	0.0188584538
1576.4200000000	0.0177147562
1576.4300000000	0.0188348438
1576.4400000000	0.0213260248
1576.4500000000	0.0228458087
1576.4600000000	0.0222572764
1576.4700000000	0.0204721329
1576.4800000000	0.0194036009
1576.4900000000	0.0201598842
1576.5000000000	0.0220156998
1576.5100000000	0.0234111807
1576.5200000000	0.0233278804
1576.5300000000	0.0217083764
1576.5400000000	0.0194076539
1576.5500000000	0.0180641229
1576.5600000000	0.0188785487
1576.5700000000	0.0211358177
1576.5800000000	0.0228773468
1576.5900000000	0.0226909865
1576.6000000000	0.0209407938
1576.6100000000	0.0197080724
1576.6200000000	0.0205005216
1576.6300000000	0.0226037021
1576.6400000000	0.0238908832
1576.6500000000	0.0230731168
1576.6600000000	0.0207302343
1576.6700000000	0.0183129114
1576.6800000000	0.0175529903
1576.6900000000	0.0189578533
1576.7000000000	0.0214944616
1576.7100000000	0.0228596488
1576.7200000000	0.0218715096
1576.7300000000	0.0198668682
1576.7400000000	0.0192204421
1576.7500000000	0.0205083086
1576.7600000000	0.0225414158
1576.7700000000	0.0238124188
1576.7800000000	0.0233917554
1576.7900000000	0.0214940780
1576.8000000000	0.0191955584
1576.8100000000	0.0180535661
1576.8200000000	0.0191766783
1576.8300000000	0.0216559411
1576.8400000000	0.0232695723
1576.8500000000	0.0226581612
1576.8600000000	0.0208833649
1576.8700000000	0.0201480328
1576.8800000000	0.0213200095
1576.8900000000	0.0232843194
1576.9000000000	0.0241984652
1576.9100000000	0.0232036573
1576.9200000000	0.0208209247
1576.9300000000	0.0186943615
1576.9400000000	0.0185474269
1576.9500000000	0.0204431381
1576.9600000000	0.0226340357
1576.9700000000	0.0234540106
1576.9800000000	0.0220903793
1576.9900000000	0.0201989205
1577.0000000000	0.0198009657
1577.0100000000	0.0212450582
1577.0200000000	0.0229588808
1577.0300000000	0.0235903388
1577.0400000000	0.0227342375
1577.0500000000	0.0206893405
1577.0600000000	0.0186045890
1577.0700000000	0.0179516018
1577.0800000000	0.0192596296
1577.0900000000	0.0215522524
1577.1000000000	0.0228698313
1577.1100000000	0.0220414988
1577.1200000000	0.0201756746
1577.1300000000	0.0193383374
1577.1400000000	0.0204579646
1577.1500000000	0.0224259881
1577.1600000000	0.0232552857
1577.1700000000	0.0220073501
1577.1800000000	0.0195552403
1577.1900000000	0.0174938119
1577.2000000000	0.0175605571
1577.2100000000	0.0196747245
1577.2200000000	0.0218836158
1577.2300000000	0.0222510763
1577.2400000000	0.0206481110
1577.2500000000	0.0189612408
1577.2600000000	0.0190078447
1577.2700000000	0.0208096855
1577.2800000000	0.0225779448
1577.2900000000	0.0227995339
1577.3000000000	0.0214824610
1577.3100000000	0.0192325556
1577.3200000000	0.0174187271
1577.3300000000	0.0171818883
1577.3400000000	0.0188812377
1577.3500000000	0.0212318791
1577.3600000000	0.0221190340
1577.3700000000	0.0208983984
1577.3800000000	0.0191679881
1577.3900000000	0.0188309686
1577.4000000000	0.0202346269
1577.4100000000	0.0220730409
1577.4200000000	0.0225813833
1577.4300000000	0.0211797690
1577.4400000000	0.0187566169
1577.4500000000	0.0170186962
1577.4600000000	0.0172481177
1577.4700000000	0.0194295413
1577.4800000000	0.0215168389
1577.4900000000	0.0216298870
1577.5000000000	0.0200643419
1577.5100000000	0.0186478610
1577.5200000000	0.0189987676
1577.5300000000	0.0208693216
1577.5400000000	0.0224935695
1577.5500000000	0.0225365852
1577.5600000000	0.0209638882
1577.5700000000	0.0186673150
1577.5800000000	0.0171152768
1577.5900000000	0.0173876530
1577.6000000000	0.0193412470
1577.6100000000	0.0214814511
1577.6200000000	0.0220921228
1577.6300000000	0.0207451081
1577.6400000000	0.0189594711
1577.6500000000	0.0186936073
1577.6600000000	0.0202486108
1577.6700000000	0.0220936230
1577.6800000000	0.0225544660
1577.6900000000	0.0211519961
1577.7000000000	0.0186191345
1577.7100000000	0.0167485942
1577.7200000000	0.0171776582
1577.7300000000	0.0195313069
1577.7400000000	0.0216171813
1577.7500000000	0.0216801323
1577.7600000000	0.0200862681
1577.7700000000	0.0189908758
1577.7800000000	0.0196808254
1577.7900000000	0.0215408028
1577.8000000000	0.0230639726
1577.8100000000	0.0228258494
1577.8200000000	0.0209713233
1577.8300000000	0.0186957358
1577.8400000000	0.0174301442
1577.8500000000	0.0180049557
1577.8600000000	0.0200750850
1577.8700000000	0.0219317609
1577.8800000000	0.0221361749
1577.8900000000	0.0207361459
1577.9000000000	0.0191931176
1577.9100000000	0.0191624198
1577.9200000000	0.0207520461
1577.9300000000	0.0224414832
1577.9400000000	0.0227658075
1577.9500000000	0.0214099418
1577.9600000000	0.0191513532
1577.9700000000	0.0174768793
1577.9800000000	0.0178074233
1577.9900000000	0.0200226408
1578.0000000000	0.0219157816
1578.0100000000	0.0217085156
1578.0200000000	0.0199183426
1578.0300000000	0.0186336867
1578.0400000000	0.0192288783
1578.0500000000	0.0209601401
1578.0600000000	0.0220878457
1578.0700000000	0.0216891197
1578.0800000000	0.0198020487
1578.0900000000	0.0175696309
1578.1000000000	0.0165075896
1578.1100000000	0.0175115703
1578.1200000000	0.0199315968
1578.1300000000	0.0217839999
1578.1400000000	0.0215570161
1578.1500000000	0.0199675942
1578.1600000000	0.0188193789
1578.1700000000	0.0192958738
1578.1800000000	0.0210885074
1578.1900000000	0.0227114325
1578.2000000000	0.0228704849
1578.2100000000	0.0214481993
1578.2200000000	0.0193506562
1578.2300000000	0.0179898337
1578.2400000000	0.0184758959
1578.2500000000	0.0205277412
1578.2600000000	0.0224590105
1578.2700000000	0.0223410957
1578.2800000000	0.0205153071
1578.2900000000	0.0192056593
1578.3000000000	0.0196089574
1578.3100000000	0.0211171126
1578.3200000000	0.0222276617
1578.3300000000	0.0217918042
1578.3400000000	0.0197370347
1578.3500000000	0.0174017885
1578.3600000000	0.0163720757
1578.3700000000	0.0175324546
1578.3800000000	0.0199741292
1578.3900000000	0.0214988109
1578.4000000000	0.0209731682
1578.4100000000	0.0194086914
1578.4200000000	0.0184831214
1578.4300000000	0.0191233135
1578.4400000000	0.0208429687
1578.4500000000	0.0223679676
1578.4600000000	0.0226022674
1578.4700000000	0.0211044032
1578.4800000000	0.0188800822
1578.4900000000	0.0175559645
1578.5000000000	0.0181740973
1578.5100000000	0.0204041959
1578.5200000000	0.0223352853
1578.5300000000	0.0222393105
1578.5400000000	0.0203765024
1578.5500000000	0.0190062702
1578.5600000000	0.0197886602
1578.5700000000	0.0216781118
1578.5800000000	0.0226988979
1578.5900000000	0.0219105095
1578.6000000000	0.0197036051
1578.6100000000	0.0173831935
1578.6200000000	0.0164233587
1578.6300000000	0.0175158842
1578.6400000000	0.0197998799
1578.6500000000	0.0211908086
1578.6600000000	0.0204789293
1578.6700000000	0.0187613074
1578.6800000000	0.0178990572
1578.6900000000	0.0186564492
1578.7000000000	0.0202836487
1578.7100000000	0.0214456959
1578.7200000000	0.0212918876
1578.7300000000	0.0198266532
1578.7400000000	0.0178208403
1578.7500000000	0.0166902610
1578.7600000000	0.0174850963
1578.7700000000	0.0197183642
1578.7800000000	0.0215568577
1578.7900000000	0.0215065821
1578.8000000000	0.0200172586
1578.8100000000	0.0188545433
1578.8200000000	0.0194138695
1578.8300000000	0.0211508135
1578.8400000000	0.0223321946
1578.8500000000	0.0217492488
1578.8600000000	0.0194950967
1578.8700000000	0.0172223451
1578.8800000000	0.0163642174
1578.8900000000	0.0175383687
1578.9000000000	0.0198148265
1578.9100000000	0.0211340165
1578.9200000000	0.0204018674
1578.9300000000	0.0186864728
1578.9400000000	0.0178986434
1578.9500000000	0.0187409268
1578.9600000000	0.0205486972
1578.9700000000	0.0218498738
1578.9800000000	0.0217066449
1578.9900000000	0.0201619837
1579.0000000000	0.0180791596
1579.0100000000	0.0168623130
1579.0200000000	0.0176040028
1579.0300000000	0.0199298948
1579.0400000000	0.0218238362
1579.0500000000	0.0217201790
1579.0600000000	0.0201310584
1579.0700000000	0.0187878975
1579.0800000000	0.0190450460
1579.0900000000	0.0206185344
1579.1000000000	0.0218291184
1579.1100000000	0.0212403006
1579.1200000000	0.0191725836
1579.1300000000	0.0167676097
1579.1400000000	0.0158399261
1579.1500000000	0.0172117179
1579.1600000000	0.0195347378
1579.1700000000	0.0207886482
1579.1800000000	0.0200804947
1579.1900000000	0.0182266463
1579.2000000000	0.0173439645
1579.2100000000	0.0182782083
1579.2200000000	0.0199494269
1579.2300000000	0.0208865509
1579.2400000000	0.0203950445
1579.2500000000	0.0186179763
1579.2600000000	0.0164624482
1579.2700000000	0.0152529043
1579.2800000000	0.0159889124
1579.2900000000	0.0182124602
1579.3000000000	0.0200725575
1579.3100000000	0.0201072260
1579.3200000000	0.0185896241
1579.3300000000	0.0172966585
1579.3400000000	0.0176786628
1579.3500000000	0.0193647458
1579.3600000000	0.0208991015
1579.3700000000	0.0209429158
1579.3800000000	0.0192078960
1579.3900000000	0.0167333241
1579.4000000000	0.0155697996
1579.4100000000	0.0167923679
1579.4200000000	0.0191096963
1579.4300000000	0.0204021985
1579.4400000000	0.0197315483
1579.4500000000	0.0180232094
1579.4600000000	0.0170977988
1579.4700000000	0.0180002019
1579.4800000000	0.0198228503
1579.4900000000	0.0208541414
1579.5000000000	0.0202255469
1579.5100000000	0.0183033636
1579.5200000000	0.0161723209
1579.5300000000	0.0151527929
1579.5400000000	0.0160384202
1579.5500000000	0.0181837257
1579.5600000000	0.0198752207
1579.5700000000	0.0197765334
1579.5800000000	0.0181193825
1579.5900000000	0.0168354754
1579.6000000000	0.0171760273
1579.6100000000	0.0187597290
1579.6200000000	0.0201682632
1579.6300000000	0.0200927791
1579.6400000000	0.0184422661
1579.6500000000	0.0161867132
1579.6600000000	0.0149203843
1579.6700000000	0.0158394432
1579.6800000000	0.0182520750
1579.6900000000	0.0197227446
1579.7000000000	0.0189637241
1579.7100000000	0.0173657125
1579.7200000000	0.0166407009
1579.7300000000	0.0174959952
1579.7400000000	0.0192407994
1579.7500000000	0.0203994983
1579.7600000000	0.0199089450
1579.7700000000	0.0179059377
1579.7800000000	0.0156810214
1579.7900000000	0.0146675364
1579.8000000000	0.0155467708
1579.8100000000	0.0176718128
1579.8200000000	0.0193856521
1579.8300000000	0.0193600973
1579.8400000000	0.0179257218
1579.8500000000	0.0167484489
1579.8600000000	0.0171736702
1579.8700000000	0.0188766843
1579.8800000000	0.0204892409
1579.8900000000	0.0207544266
1579.9000000000	0.0192765479
1579.9100000000	0.0170120558
1579.9200000000	0.0156580592
1579.9300000000	0.0162395991
1579.9400000000	0.0183571994
1579.9500000000	0.0201048751
1579.9600000000	0.0198709505
1579.9700000000	0.0182094958
1579.9800000000	0.0171603940
1579.9900000000	0.0177334698
1580.0000000000	0.0193311822
1580.0100000000	0.0205061512
1580.0200000000	0.0201548991
1580.0300000000	0.0181905470
1580.0400000000	0.0159307392
1580.0500000000	0.0150202843
1580.0600000000	0.0159373745
1580.0700000000	0.0179382824
1580.0800000000	0.0195608861
1580.0900000000	0.0195974314
1580.1000000000	0.0182782139
1580.1100000000	0.0170825032
1580.1200000000	0.0172854750
1580.1300000000	0.0186610436
1580.1400000000	0.0200476730
1580.1500000000	0.0203741242
1580.1600000000	0.0190915827
1580.1700000000	0.0168184763
1580.1800000000	0.0151527881
1580.1900000000	0.0155700535
1580.2000000000	0.0178112041
1580.2100000000	0.0198255448
1580.2200000000	0.0198138912
1580.2300000000	0.0181167005
1580.2400000000	0.0168618863
1580.2500000000	0.0174643457
1580.2600000000	0.0192993261
1580.2700000000	0.0207377406
1580.2800000000	0.0205574847
1580.2900000000	0.0186982701
1580.3000000000	0.0164107213
1580.3100000000	0.0152972445
1580.3200000000	0.0162034125
1580.3300000000	0.0184672579
1580.3400000000	0.0200649465
1580.3500000000	0.0199463205
1580.3600000000	0.0185415135
1580.3700000000	0.0171836847
1580.3800000000	0.0171210900
1580.3900000000	0.0184415510
1580.4000000000	0.0198993731
1580.4100000000	0.0201921622
1580.4200000000	0.0187906112
1580.4300000000	0.0164189439
1580.4400000000	0.0144539732
1580.4500000000	0.0143856781
1580.4600000000	0.0162836887
1580.4700000000	0.0183826727
1580.4800000000	0.0187923636
1580.4900000000	0.0174154179
1580.5000000000	0.0160284174
1580.5100000000	0.0162310300
1580.5200000000	0.0177830252
1580.5300000000	0.0191628379
1580.5400000000	0.0191828579
1580.5500000000	0.0176620249
1580.5600000000	0.0155025495
1580.5700000000	0.0141268624
1580.5800000000	0.0146746073
1580.5900000000	0.0167710686
1580.6000000000	0.0185885358
1580.6100000000	0.0187182405
1580.6200000000	0.0174930704
1580.6300000000	0.0162929061
1580.6400000000	0.0162591759
1580.6500000000	0.0175775507
1580.6600000000	0.0192830427
1580.6700000000	0.0198706995
1580.6800000000	0.0187658326
1580.6900000000	0.0164293569
1580.7000000000	0.0144920356
1580.7100000000	0.0143000268
1580.7200000000	0.0161889690
1580.7300000000	0.0185145032
1580.7400000000	0.0192806463
1580.7500000000	0.0179685067
1580.7600000000	0.0163513311
1580.7700000000	0.0162801900
1580.7800000000	0.0177575854
1580.7900000000	0.0194550720
1580.8000000000	0.0197317311
1580.8100000000	0.0182351074
1580.8200000000	0.0159709141
1580.8300000000	0.0144599954
1580.8400000000	0.0148830335
1580.8500000000	0.0169695773
1580.8600000000	0.0190129005
1580.8700000000	0.0192772715
1580.8800000000	0.0178441776
1580.8900000000	0.0164596085
1580.9000000000	0.0164610279
1580.9100000000	0.0176990899
1580.9200000000	0.0191681625
1580.9300000000	0.0197425157
1580.9400000000	0.0187762178
1580.9500000000	0.0165656647
1580.9600000000	0.0146132472
1580.9700000000	0.0143415011
1580.9800000000	0.0159640719
1580.9900000000	0.0182581810
1581.0000000000	0.0193075396
1581.0100000000	0.0183371867
1581.0200000000	0.0166336467
1581.0300000000	0.0161822397
1581.0400000000	0.0173967079
1581.0500000000	0.0191123016
1581.0600000000	0.0197584991
1581.0700000000	0.0186161978
1581.0800000000	0.0161671066
1581.0900000000	0.0142191839
1581.1000000000	0.0142610321
1581.1100000000	0.0162576600
1581.1200000000	0.0185867062
1581.1300000000	0.0193485384
1581.1400000000	0.0182096800
1581.1500000000	0.0168175457
1581.1600000000	0.0168481497
1581.1700000000	0.0183020218
1581.1800000000	0.0200809316
1581.1900000000	0.0210078705
1581.2000000000	0.0204245061
1581.2100000000	0.0184333224
1581.2200000000	0.0162830648
1581.2300000000	0.0157387530
1581.2400000000	0.0170415620
1581.2500000000	0.0192309817
1581.2600000000	0.0206139440
1581.2700000000	0.0198327446
1581.2800000000	0.0180630450
1581.2900000000	0.0172926265
1581.3000000000	0.0180534284
1581.3100000000	0.0196370806
1581.3200000000	0.0205618712
1581.3300000000	0.0198020771
1581.3400000000	0.0175988181
1581.3500000000	0.0155594998
1581.3600000000	0.0152299407
1581.3700000000	0.0169098961
1581.3800000000	0.0191356986
1581.3900000000	0.0199916540
1581.4000000000	0.0189381438
1581.4100000000	0.0173893172
1581.4200000000	0.0168647017
1581.4300000000	0.0179871998
1581.4400000000	0.0196644383
1581.4500000000	0.0204845513
1581.4600000000	0.0197406891
1581.4700000000	0.0177162637
1581.4800000000	0.0154674293
1581.4900000000	0.0144460137
1581.5000000000	0.0153894871
1581.5100000000	0.0175355116
1581.5200000000	0.0189106539
1581.5300000000	0.0184236668
1581.5400000000	0.0168046011
1581.5500000000	0.0157120009
1581.5600000000	0.0161857963
1581.5700000000	0.0177461310
1581.5800000000	0.0190829083
1581.5900000000	0.0189059651
1581.6000000000	0.0170597315
1581.6100000000	0.0148357883
1581.6200000000	0.0139797319
1581.6300000000	0.0153111296
1581.6400000000	0.0176986311
1581.6500000000	0.0190306058
1581.6600000000	0.0183601373
1581.6700000000	0.0168407134
1581.6800000000	0.0160919855
1581.6900000000	0.0168261322
1581.7000000000	0.0184050945
1581.7100000000	0.0194313699
1581.7200000000	0.0188635381
1581.7300000000	0.0168732076
1581.7400000000	0.0146597122
1581.7500000000	0.0136534543
1581.7600000000	0.0145551686
1581.7700000000	0.0167350458
1581.7800000000	0.0184755427
1581.7900000000	0.0184808555
1581.8000000000	0.0172517241
1581.8100000000	0.0162976598
1581.8200000000	0.0166344823
1581.8300000000	0.0180565385
1581.8400000000	0.0195009726
1581.8500000000	0.0197817921
1581.8600000000	0.0184176561
1581.8700000000	0.0159839953
1581.8800000000	0.0144133448
1581.8900000000	0.0149604648
1581.9000000000	0.0171635511
1581.9100000000	0.0188163996
1581.9200000000	0.0184971921
1581.9300000000	0.0167880481
1581.9400000000	0.0156403557
1581.9500000000	0.0160441406
1581.9600000000	0.0175798010
1581.9700000000	0.0188781868
1581.9800000000	0.0188674371
1581.9900000000	0.0173009357
1582.0000000000	0.0150791585
1582.0100000000	0.0140031247
1582.0200000000	0.0147891698
1582.0300000000	0.0167175889
1582.0400000000	0.0186841214
1582.0500000000	0.0191747258
1582.0600000000	0.0181314449
1582.0700000000	0.0169062280
1582.0800000000	0.0168591274
1582.0900000000	0.0180360826
1582.1000000000	0.0193825176
1582.1100000000	0.0198692878
1582.1200000000	0.0188617711
1582.1300000000	0.0165435928
1582.1400000000	0.0143642966
1582.1500000000	0.0142902009
1582.1600000000	0.0162901827
1582.1700000000	0.0183298431
1582.1800000000	0.0186516884
1582.1900000000	0.0172757032
1582.2000000000	0.0159850082
1582.2100000000	0.0161142056
1582.2200000000	0.0174649520
1582.2300000000	0.0189002827
1582.2400000000	0.0193072533
1582.2500000000	0.0180203526
1582.2600000000	0.0157939030
1582.2700000000	0.0142050993
1582.2800000000	0.0145088447
1582.2900000000	0.0165234054
1582.3000000000	0.0186261438
1582.3100000000	0.0194910778
1582.3200000000	0.0186165707
1582.3300000000	0.0172720632
1582.3400000000	0.0170081618
1582.3500000000	0.0180585123
1582.3600000000	0.0196402380
1582.3700000000	0.0206066934
1582.3800000000	0.0201000049
1582.3900000000	0.0182563359
1582.4000000000	0.0163923008
1582.4100000000	0.0158065959
1582.4200000000	0.0169930362
1582.4300000000	0.0190162247
1582.4400000000	0.0200215078
1582.4500000000	0.0190560559
1582.4600000000	0.0173907720
1582.4700000000	0.0166349737
1582.4800000000	0.0174859958
1582.4900000000	0.0187301145
1582.5000000000	0.0192453311
1582.5100000000	0.0181130393
1582.5200000000	0.0156265472
1582.5300000000	0.0133586569
1582.5400000000	0.0130663658
1582.5500000000	0.0149658669
1582.5600000000	0.0173054552
1582.5700000000	0.0182060779
1582.5800000000	0.0174242583
1582.5900000000	0.0161866546
1582.6000000000	0.0157461224
1582.6100000000	0.0165323133
1582.6200000000	0.0180625476
1582.6300000000	0.0192410359
1582.6400000000	0.0190265026
1582.6500000000	0.0172752162
1582.6600000000	0.0150891484
1582.6700000000	0.0139987142
1582.6800000000	0.0148510159
1582.6900000000	0.0170142697
1582.7000000000	0.0185533365
1582.7100000000	0.0181402460
1582.7200000000	0.0164557423
1582.7300000000	0.0154444183
1582.7400000000	0.0159805767
1582.7500000000	0.0174830105
1582.7600000000	0.0184715159
1582.7700000000	0.0180226928
1582.7800000000	0.0161766846
1582.7900000000	0.0138417630
1582.8000000000	0.0128247358
1582.8100000000	0.0140411324
1582.8200000000	0.0164661692
1582.8300000000	0.0179370885
1582.8400000000	0.0175724616
1582.8500000000	0.0161956438
1582.8600000000	0.0152954750
1582.8700000000	0.0157201013
1582.8800000000	0.0171051534
1582.8900000000	0.0184346300
1582.9000000000	0.0187598119
1582.9100000000	0.0175841435
1582.9200000000	0.0153683839
1582.9300000000	0.0137258017
1582.9400000000	0.0140709354
1582.9500000000	0.0161525191
1582.9600000000	0.0182082639
1582.9700000000	0.0185896681
1582.9800000000	0.0171739031
1582.9900000000	0.0159565220
1583.0000000000	0.0163730317
1583.0100000000	0.0178602273
1583.0200000000	0.0193765891
1583.0300000000	0.0195420918
1583.0400000000	0.0183154969
1583.0500000000	0.0164070848
1583.0600000000	0.0150887125
1583.0700000000	0.0157556763
1583.0800000000	0.0179293060
1583.0900000000	0.0197287401
1583.1000000000	0.0197862323
1583.1100000000	0.0184415634
1583.1200000000	0.0171831181
1583.1300000000	0.0169680525
1583.1400000000	0.0178836795
1583.1500000000	0.0190337304
1583.1600000000	0.0192737399
1583.1700000000	0.0181315763
1583.1800000000	0.0158476179
1583.1900000000	0.0137152076
1583.2000000000	0.0133716677
1583.2100000000	0.0149108948
1583.2200000000	0.0168970010
1583.2300000000	0.0176715796
1583.2400000000	0.0167989445
1583.2500000000	0.0153534585
1583.2600000000	0.0148030104
1583.2700000000	0.0156921949
1583.2800000000	0.0171861733
1583.2900000000	0.0179245618
1583.3000000000	0.0170539482
1583.3100000000	0.0149881018
1583.3200000000	0.0129637856
1583.3300000000	0.0126241808
1583.3400000000	0.0142914085
1583.3500000000	0.0166187568
1583.3600000000	0.0175086591
1583.3700000000	0.0163868731
1583.3800000000	0.0147139083
1583.3900000000	0.0142603284
1583.4000000000	0.0152362142
1583.4100000000	0.0167799927
1583.4200000000	0.0176789306
1583.4300000000	0.0171560892
1583.4400000000	0.0154320862
1583.4500000000	0.0134094647
1583.4600000000	0.0124757534
1583.4700000000	0.0134691118
1583.4800000000	0.0156427409
1583.4900000000	0.0172373140
1583.5000000000	0.0169547047
1583.5100000000	0.0154890992
1583.5200000000	0.0144047676
1583.5300000000	0.0146281432
1583.5400000000	0.0160877485
1583.5500000000	0.0173978333
1583.5600000000	0.0171090488
1583.5700000000	0.0151059713
1583.5800000000	0.0128859136
1583.5900000000	0.0121410475
1583.6000000000	0.0134722941
1583.6100000000	0.0156265451
1583.6200000000	0.0169065624
1583.6300000000	0.0163953717
1583.6400000000	0.0149810897
1583.6500000000	0.0141881019
1583.6600000000	0.0146665845
1583.6700000000	0.0158963531
1583.6800000000	0.0169931231
1583.6900000000	0.0170005978
1583.7000000000	0.0156342907
1583.7100000000	0.0136510692
1583.7200000000	0.0123869160
1583.7300000000	0.0128220442
1583.7400000000	0.0147887410
1583.7500000000	0.0167581266
1583.7600000000	0.0170944051
1583.7700000000	0.0159827424
1583.7800000000	0.0148089614
1583.7900000000	0.0146966362
1583.8000000000	0.0156501077
1583.8100000000	0.0169059004
1583.8200000000	0.0173119405
1583.8300000000	0.0160881938
1583.8400000000	0.0136891322
1583.8500000000	0.0119605184
1583.8600000000	0.0123216939
1583.8700000000	0.0143923708
1583.8800000000	0.0163541612
1583.8900000000	0.0165543956
1583.9000000000	0.0152690805
1583.9100000000	0.0139501181
1583.9200000000	0.0139595028
1583.9300000000	0.0152133192
1583.9400000000	0.0166304439
1583.9500000000	0.0170488575
1583.9600000000	0.0160942271
1583.9700000000	0.0140821790
1583.9800000000	0.0123025885
1583.9900000000	0.0120758209
1584.0000000000	0.0135559544
1584.0100000000	0.0156415611
1584.0200000000	0.0167238698
1584.0300000000	0.0160727679
1584.0400000000	0.0146404168
1584.0500000000	0.0139685749
1584.0600000000	0.0147165703
1584.0700000000	0.0162214695
1584.0800000000	0.0172366045
1584.0900000000	0.0168572436
1584.1000000000	0.0151631703
1584.1100000000	0.0131662629
1584.1200000000	0.0126318626
1584.1300000000	0.0142410354
1584.1400000000	0.0163627398
1584.1500000000	0.0171984131
1584.1600000000	0.0163620309
1584.1700000000	0.0149536383
1584.1800000000	0.0143166180
1584.1900000000	0.0148753345
1584.2000000000	0.0162112874
1584.2100000000	0.0170562249
1584.2200000000	0.0165930594
1584.2300000000	0.0148887529
1584.2400000000	0.0129502073
1584.2500000000	0.0122349684
1584.2600000000	0.0132656052
1584.2700000000	0.0152753791
1584.2800000000	0.0168380434
1584.2900000000	0.0168756288
1584.3000000000	0.0156244686
1584.3100000000	0.0144810293
1584.3200000000	0.0145088360
1584.3300000000	0.0156662322
1584.3400000000	0.0169405522
1584.3500000000	0.0171391892
1584.3600000000	0.0157159302
1584.3700000000	0.0133429114
1584.3800000000	0.0117047489
1584.3900000000	0.0122454752
1584.4000000000	0.0144936517
1584.4100000000	0.0162649253
1584.4200000000	0.0160824202
1584.4300000000	0.0147354084
1584.4400000000	0.0137218650
1584.4500000000	0.0139089378
1584.4600000000	0.0150841933
1584.4700000000	0.0162829506
1584.4800000000	0.0164531167
1584.4900000000	0.0150912919
1584.5000000000	0.0129165299
1584.5100000000	0.0114384564
1584.5200000000	0.0117897197
1584.5300000000	0.0136760661
1584.5400000000	0.0155518316
1584.5500000000	0.0161096686
1584.5600000000	0.0152243052
1584.5700000000	0.0139506551
1584.5800000000	0.0135495304
1584.5900000000	0.0143441450
1584.6000000000	0.0156583638
1584.6100000000	0.0164864560
1584.6200000000	0.0159227649
1584.6300000000	0.0141444907
1584.6400000000	0.0123783954
1584.6500000000	0.0119665263
1584.6600000000	0.0135430300
1584.6700000000	0.0159274835
1584.6800000000	0.0168667353
1584.6900000000	0.0158366129
1584.7000000000	0.0144132657
1584.7100000000	0.0139760546
1584.7200000000	0.0147931184
1584.7300000000	0.0161086277
1584.7400000000	0.0167660596
1584.7500000000	0.0161004773
1584.7600000000	0.0141058727
1584.7700000000	0.0121348356
1584.7800000000	0.0117636887
1584.7900000000	0.0132615857
1584.8000000000	0.0153869532
1584.8100000000	0.0166435101
1584.8200000000	0.0163024547
1584.8300000000	0.0149341325
1584.8400000000	0.0139561870
1584.8500000000	0.0142822766
1584.8600000000	0.0156074909
1584.8700000000	0.0168336426
1584.8800000000	0.0169177935
1584.8900000000	0.0153900738
1584.9000000000	0.0130289329
1584.9100000000	0.0116595118
1584.9200000000	0.0123191916
1584.9300000000	0.0143610118
1584.9400000000	0.0161562658
1584.9500000000	0.0161313886
1584.9600000000	0.0146739789
1584.9700000000	0.0136026517
1584.9800000000	0.0139898677
1584.9900000000	0.0151934984
1585.0000000000	0.0163546611
1585.0100000000	0.0163988533
1585.0200000000	0.0148543481
1585.0300000000	0.0126159837
1585.0400000000	0.0113510626
1585.0500000000	0.0120608465
1585.0600000000	0.0141592017
1585.0700000000	0.0160287846
1585.0800000000	0.0163498953
1585.0900000000	0.0153013074
1585.1000000000	0.0140481644
1585.1100000000	0.0137201805
1585.1200000000	0.0145091937
1585.1300000000	0.0157620243
1585.1400000000	0.0164120100
1585.1500000000	0.0157087881
1585.1600000000	0.0137572752
1585.1700000000	0.0117722983
1585.1800000000	0.0113587675
1585.1900000000	0.0129276597
1585.2000000000	0.0151311220
1585.2100000000	0.0161621292
1585.2200000000	0.0153178705
1585.2300000000	0.0137591072
1585.2400000000	0.0131938689
1585.2500000000	0.0141762266
1585.2600000000	0.0156122405
1585.2700000000	0.0162926159
1585.2800000000	0.0155997227
1585.2900000000	0.0135681231
1585.3000000000	0.0116115880
1585.3100000000	0.0113627466
1585.3200000000	0.0130789930
1585.3300000000	0.0154773889
1585.3400000000	0.0165514057
1585.3500000000	0.0157950109
1585.3600000000	0.0143321546
1585.3700000000	0.0136287219
1585.3800000000	0.0141295079
1585.3900000000	0.0153513122
1585.4000000000	0.0164526913
1585.4100000000	0.0164646202
1585.4200000000	0.0149883126
1585.4300000000	0.0127756033
1585.4400000000	0.0115004063
1585.4500000000	0.0122452937
1585.4600000000	0.0143240438
1585.4700000000	0.0160767573
1585.4800000000	0.0163047469
1585.4900000000	0.0151006200
1585.5000000000	0.0137852507
1585.5100000000	0.0138390803
1585.5200000000	0.0150847367
1585.5300000000	0.0162656251
1585.5400000000	0.0162145808
1585.5500000000	0.0147122758
1585.5600000000	0.0126225872
1585.5700000000	0.0113949194
1585.5800000000	0.0119399358
1585.5900000000	0.0139817221
1585.6000000000	0.0157026216
1585.6100000000	0.0158264172
1585.6200000000	0.0146223087
1585.6300000000	0.0134122393
1585.6400000000	0.0131761903
1585.6500000000	0.0140825619
1585.6600000000	0.0153447520
1585.6700000000	0.0159380168
1585.6800000000	0.0151976650
1585.6900000000	0.0133515832
1585.7000000000	0.0115494671
1585.7100000000	0.0113024279
1585.7200000000	0.0129717210
1585.7300000000	0.0152087705
1585.7400000000	0.0163381318
1585.7500000000	0.0157747140
1585.7600000000	0.0143484803
1585.7700000000	0.0135274201
1585.7800000000	0.0141959460
1585.7900000000	0.0157325641
1585.8000000000	0.0166447894
1585.8100000000	0.0159386619
1585.8200000000	0.0138811845
1585.8300000000	0.0118685692
1585.8400000000	0.0116172730
1585.8500000000	0.0132952863
1585.8600000000	0.0155657573
1585.8700000000	0.0165905795
1585.8800000000	0.0159036461
1585.8900000000	0.0145316307
1585.9000000000	0.0139242966
1585.9100000000	0.0142929604
1585.9200000000	0.0153826425
1585.9300000000	0.0163803828
1585.9400000000	0.0162475827
1585.9500000000	0.0146675468
1585.9600000000	0.0125443677
1585.9700000000	0.0111933417
1585.9800000000	0.0115511764
1585.9900000000	0.0133975410
1586.0000000000	0.0151813956
1586.0100000000	0.0154717267
1586.0200000000	0.0143336080
1586.0300000000	0.0131087220
1586.0400000000	0.0128779113
1586.0500000000	0.0137743927
1586.0600000000	0.0151302455
1586.0700000000	0.0155980031
1586.0800000000	0.0142708353
1586.0900000000	0.0120487294
1586.1000000000	0.0107103028
1586.1100000000	0.0113788723
1586.1200000000	0.0134284041
1586.1300000000	0.0153787591
1586.1400000000	0.0157639438
1586.1500000000	0.0144975175
1586.1600000000	0.0131563978
1586.1700000000	0.0129459798
1586.1800000000	0.0138159672
1586.1900000000	0.0150028257
1586.2000000000	0.0155860170
1586.2100000000	0.0149059388
1586.2200000000	0.0130872354
1586.2300000000	0.0113128870
1586.2400000000	0.0109123616
1586.2500000000	0.0123217563
1586.2600000000	0.0146215687
1586.2700000000	0.0160629183
1586.2800000000	0.0157690165
1586.2900000000	0.0145250863
1586.3000000000	0.0136741844
1586.3100000000	0.0140225656
1586.3200000000	0.0153640713
1586.3300000000	0.0165170138
1586.3400000000	0.0162996194
1586.3500000000	0.0144138524
1586.3600000000	0.0123022684
1586.3700000000	0.0118394819
1586.3800000000	0.0134928309
1586.3900000000	0.0157985061
1586.4000000000	0.0171834046
1586.4100000000	0.0169752372
1586.4200000000	0.0157422015
1586.4300000000	0.0148895011
1586.4400000000	0.0153517852
1586.4500000000	0.0165510924
1586.4600000000	0.0174101778
1586.4700000000	0.0173723567
1586.4800000000	0.0159060294
1586.4900000000	0.0137762142
1586.5000000000	0.0124163019
1586.5100000000	0.0128537996
1586.5200000000	0.0145484192
1586.5300000000	0.0161938900
1586.5400000000	0.0166454781
1586.5500000000	0.0156334988
1586.5600000000	0.0141613921
1586.5700000000	0.0135438022
1586.5800000000	0.0141444948
1586.5900000000	0.0152508526
1586.6000000000	0.0158196206
1586.6100000000	0.0149961283
1586.6200000000	0.0128363939
1586.6300000000	0.0109102304
1586.6400000000	0.0109070546
1586.6500000000	0.0128522971
1586.6600000000	0.0148267881
1586.6700000000	0.0153641312
1586.6800000000	0.0143640671
1586.6900000000	0.0130489021
1586.7000000000	0.0126401741
1586.7100000000	0.0134293933
1586.7200000000	0.0148396639
1586.7300000000	0.0157283741
1586.7400000000	0.0151746553
1586.7500000000	0.0135163024
1586.7600000000	0.0118851872
1586.7700000000	0.0115191706
1586.7800000000	0.0127139432
1586.7900000000	0.0147284920
1586.8000000000	0.0162522589
1586.8100000000	0.0162811791
1586.8200000000	0.0149810203
1586.8300000000	0.0137616586
1586.8400000000	0.0138645093
1586.8500000000	0.0150130547
1586.8600000000	0.0160860043
1586.8700000000	0.0161022892
1586.8800000000	0.0147709216
1586.8900000000	0.0127482551
1586.9000000000	0.0114560136
1586.9100000000	0.0120918361
1586.9200000000	0.0144376846
1586.9300000000	0.0161181761
1586.9400000000	0.0159854186
1586.9500000000	0.0145842450
1586.9600000000	0.0133614962
1586.9700000000	0.0131862616
1586.9800000000	0.0141491184
1586.9900000000	0.0152786585
1587.0000000000	0.0154352138
1587.0100000000	0.0141325244
1587.0200000000	0.0120882640
1587.0300000000	0.0105499958
1587.0400000000	0.0107975368
1587.0500000000	0.0125963015
1587.0600000000	0.0146232106
1587.0700000000	0.0155610796
1587.0800000000	0.0150598295
1587.0900000000	0.0138642054
1587.1000000000	0.0131519440
1587.1100000000	0.0136047324
1587.1200000000	0.0148609644
1587.1300000000	0.0159107964
1587.1400000000	0.0157463918
1587.1500000000	0.0142441867
1587.1600000000	0.0124892078
1587.1700000000	0.0119267996
1587.1800000000	0.0133160635
1587.1900000000	0.0157054462
1587.2000000000	0.0170928938
1587.2100000000	0.0164930519
1587.2200000000	0.0151441095
1587.2300000000	0.0144789943
1587.2400000000	0.0149445704
1587.2500000000	0.0160314433
1587.2600000000	0.0168413104
1587.2700000000	0.0163028563
1587.2800000000	0.0144530069
1587.2900000000	0.0122467132
1587.3000000000	0.0112145160
1587.3100000000	0.0120981282
1587.3200000000	0.0140350076
1587.3300000000	0.0154484559
1587.3400000000	0.0154140781
1587.3500000000	0.0143276741
1587.3600000000	0.0131504989
1587.3700000000	0.0129026928
1587.3800000000	0.0139614468
1587.3900000000	0.0154198629
1587.4000000000	0.0160920110
1587.4100000000	0.0153160372
1587.4200000000	0.0134914113
1587.4300000000	0.0119571259
1587.4400000000	0.0119139419
1587.4500000000	0.0134538687
1587.4600000000	0.0154081317
1587.4700000000	0.0160881942
1587.4800000000	0.0150540746
1587.4900000000	0.0135559727
1587.5000000000	0.0130313153
1587.5100000000	0.0136409081
1587.5200000000	0.0147878822
1587.5300000000	0.0154091007
1587.5400000000	0.0146370479
1587.5500000000	0.0127470834
1587.5600000000	0.0109990485
1587.5700000000	0.0107401763
1587.5800000000	0.0122632201
1587.5900000000	0.0145243270
1587.6000000000	0.0157578817
1587.6100000000	0.0153095613
1587.6200000000	0.0139793377
1587.6300000000	0.0130033970
1587.6400000000	0.0130556148
1587.6500000000	0.0140661132
1587.6600000000	0.0151491068
1587.6700000000	0.0152126256
1587.6800000000	0.0138832933
1587.6900000000	0.0117535239
1587.7000000000	0.0104678022
1587.7100000000	0.0110995857
1587.7200000000	0.0131002362
1587.7300000000	0.0149505549
1587.7400000000	0.0152938712
1587.7500000000	0.0140851917
1587.7600000000	0.0128123775
1587.7700000000	0.0127977422
1587.7800000000	0.0138333849
1587.7900000000	0.0150016278
1587.8000000000	0.0152480191
1587.8100000000	0.0139084451
1587.8200000000	0.0116310830
1587.8300000000	0.0101105934
1587.8400000000	0.0103821874
1587.8500000000	0.0123162196
1587.8600000000	0.0142836680
1587.8700000000	0.0149052503
1587.8800000000	0.0143099834
1587.8900000000	0.0133464623
1587.9000000000	0.0130524248
1587.9100000000	0.0138683236
1587.9200000000	0.0153911552
1587.9300000000	0.0166503412
1587.9400000000	0.0167368500
1587.9500000000	0.0154048596
1587.9600000000	0.0136586561
1587.9700000000	0.0130253611
1587.9800000000	0.0140980192
1587.9900000000	0.0160929012
1588.0000000000	0.0173746156
1588.0100000000	0.0174507011
1588.0200000000	0.0164468919
1588.0300000000	0.0152692774
1588.0400000000	0.0153400172
1588.0500000000	0.0161729236
1588.0600000000	0.0168439054
1588.0700000000	0.0166449522
1588.0800000000	0.0150207389
1588.0900000000	0.0127423193
1588.1000000000	0.0114721792
1588.1100000000	0.0121612762
1588.1200000000	0.0141039766
1588.1300000000	0.0155847101
1588.1400000000	0.0155124401
1588.1500000000	0.0141631023
1588.1600000000	0.0128781291
1588.1700000000	0.0125426595
1588.1800000000	0.0132744316
1588.1900000000	0.0143885245
1588.2000000000	0.0148098171
1588.2100000000	0.0138712713
1588.2200000000	0.0118760886
1588.2300000000	0.0101156919
1588.2400000000	0.0098865657
1588.2500000000	0.0114407581
1588.2600000000	0.0135802720
1588.2700000000	0.0145669020
1588.2800000000	0.0139856117
1588.2900000000	0.0127118571
1588.3000000000	0.0119994185
1588.3100000000	0.0125269047
1588.3200000000	0.0138010106
1588.3300000000	0.0146665933
1588.3400000000	0.0140263272
1588.3500000000	0.0122489859
1588.3600000000	0.0103756220
1588.3700000000	0.0099760064
1588.3800000000	0.0113069607
1588.3900000000	0.0135156315
1588.4000000000	0.0148842708
1588.4100000000	0.0144247196
1588.4200000000	0.0130543632
1588.4300000000	0.0120822737
1588.4400000000	0.0121422087
1588.4500000000	0.0130136084
1588.4600000000	0.0140038532
1588.4700000000	0.0142119143
1588.4800000000	0.0131346821
1588.4900000000	0.0111797605
1588.5000000000	0.0095934071
1588.5100000000	0.0097086154
1588.5200000000	0.0115057646
1588.5300000000	0.0134546020
1588.5400000000	0.0140483543
1588.5500000000	0.0131635038
1588.5600000000	0.0118820989
1588.5700000000	0.0113789649
1588.5800000000	0.0120366486
1588.5900000000	0.0133231247
1588.6000000000	0.0140214546
1588.6100000000	0.0132186597
1588.6200000000	0.0111913985
1588.6300000000	0.0094907297
1588.6400000000	0.0096146299
1588.6500000000	0.0114999806
1588.6600000000	0.0136218225
1588.6700000000	0.0145001732
1588.6800000000	0.0137821723
1588.6900000000	0.0125119174
1588.7000000000	0.0120584067
1588.7100000000	0.0126051490
1588.7200000000	0.0138130255
1588.7300000000	0.0148488739
1588.7400000000	0.0147670432
1588.7500000000	0.0133725897
1588.7600000000	0.0114723893
1588.7700000000	0.0104260244
1588.7800000000	0.0110869168
1588.7900000000	0.0129936160
1588.8000000000	0.0146675406
1588.8100000000	0.0148952830
1588.8200000000	0.0137898507
1588.8300000000	0.0126782541
1588.8400000000	0.0124693814
1588.8500000000	0.0131709343
1588.8600000000	0.0142464800
1588.8700000000	0.0145395081
1588.8800000000	0.0132725317
1588.8900000000	0.0110977064
1588.9000000000	0.0095451258
1588.9100000000	0.0099213180
1588.9200000000	0.0118251323
1588.9300000000	0.0135670468
1588.9400000000	0.0139371114
1588.9500000000	0.0130147792
1588.9600000000	0.0116699472
1588.9700000000	0.0112873445
1588.9800000000	0.0119038819
1588.9900000000	0.0130968656
1589.0000000000	0.0138181562
1589.0100000000	0.0133471499
1589.0200000000	0.0116722816
1589.0300000000	0.0098345558
1589.0400000000	0.0092072150
1589.0500000000	0.0103014176
1589.0600000000	0.0123422210
1589.0700000000	0.0137782052
1589.0800000000	0.0136539671
1589.0900000000	0.0124614056
1589.1000000000	0.0114770875
1589.1100000000	0.0113942459
1589.1200000000	0.0121776788
1589.1300000000	0.0132336914
1589.1400000000	0.0134349915
1589.1500000000	0.0121612732
1589.1600000000	0.0100844954
1589.1700000000	0.0090073208
1589.1800000000	0.0100493633
1589.1900000000	0.0122723991
1589.2000000000	0.0139190615
1589.2100000000	0.0141512962
1589.2200000000	0.0131949253
1589.2300000000	0.0121865558
1589.2400000000	0.0121652524
1589.2500000000	0.0130575406
1589.2600000000	0.0141328983
1589.2700000000	0.0147143533
1589.2800000000	0.0141311640
1589.2900000000	0.0124302359
1589.3000000000	0.0108264085
1589.3100000000	0.0106885498
1589.3200000000	0.0120864398
1589.3300000000	0.0140394190
1589.3400000000	0.0152585966
1589.3500000000	0.0149530028
1589.3600000000	0.0137813235
1589.3700000000	0.0128529009
1589.3800000000	0.0128333026
1589.3900000000	0.0136614442
1589.4000000000	0.0145753974
1589.4100000000	0.0145604318
1589.4200000000	0.0131450573
1589.4300000000	0.0109509842
1589.4400000000	0.0098066148
1589.4500000000	0.0109649627
1589.4600000000	0.0131108502
1589.4700000000	0.0145095533
1589.4800000000	0.0142921906
1589.4900000000	0.0129338080
1589.5000000000	0.0118206932
1589.5100000000	0.0117797685
1589.5200000000	0.0127561120
1589.5300000000	0.0136609878
1589.5400000000	0.0138510239
1589.5500000000	0.0127420647
1589.5600000000	0.0107590248
1589.5700000000	0.0092174269
1589.5800000000	0.0092378673
1589.5900000000	0.0108059849
1589.6000000000	0.0126965786
1589.6100000000	0.0135799117
1589.6200000000	0.0129789502
1589.6300000000	0.0116531168
1589.6400000000	0.0108462760
1589.6500000000	0.0111264003
1589.6600000000	0.0121026247
1589.6700000000	0.0129309655
1589.6800000000	0.0127550723
1589.6900000000	0.0112587967
1589.7000000000	0.0091505916
1589.7100000000	0.0084404380
1589.7200000000	0.0100167390
1589.7300000000	0.0122908829
1589.7400000000	0.0134057377
1589.7500000000	0.0130322592
1589.7600000000	0.0119843910
1589.7700000000	0.0112629091
1589.7800000000	0.0113851355
1589.7900000000	0.0123934990
1589.8000000000	0.0134278680
1589.8100000000	0.0136689535
1589.8200000000	0.0125454187
1589.8300000000	0.0105998526
1589.8400000000	0.0093093778
1589.8500000000	0.0097561910
1589.8600000000	0.0116085589
1589.8700000000	0.0133976594
1589.8800000000	0.0140919384
1589.8900000000	0.0134323384
1589.9000000000	0.0122089453
1589.9100000000	0.0115443772
1589.9200000000	0.0119246127
1589.9300000000	0.0129767306
1589.9400000000	0.0137865049
1589.9500000000	0.0135185274
1589.9600000000	0.0119077392
1589.9700000000	0.0099749220
1589.9800000000	0.0092003307
1589.9900000000	0.0104610954
1590.0000000000	0.0127229913
1590.0100000000	0.0137940927
1590.0200000000	0.0131165116
1590.0300000000	0.0118068159
1590.0400000000	0.0109435968
1590.0500000000	0.0110246937
1590.0600000000	0.0121365925
1590.0700000000	0.0132048669
1590.0800000000	0.0132231102
1590.0900000000	0.0117797615
1590.1000000000	0.0098060163
1590.1100000000	0.0087292389
1590.1200000000	0.0095172246
1590.1300000000	0.0115593945
1590.1400000000	0.0132440193
1590.1500000000	0.0136675808
1590.1600000000	0.0128699601
1590.1700000000	0.0117441329
1590.1800000000	0.0112912385
1590.1900000000	0.0117152409
1590.2000000000	0.0127698396
1590.2100000000	0.0134744711
1590.2200000000	0.0129462336
1590.2300000000	0.0111598936
1590.2400000000	0.0093133691
1590.2500000000	0.0088761038
1590.2600000000	0.0103308479
1590.2700000000	0.0125076789
1590.2800000000	0.0134715318
1590.2900000000	0.0127728417
1590.3000000000	0.0114901898
1590.3100000000	0.0108717344
1590.3200000000	0.0111846698
1590.3300000000	0.0122506048
1590.3400000000	0.0131440042
1590.3500000000	0.0128966405
1590.3600000000	0.0112540300
1590.3700000000	0.0093064708
1590.3800000000	0.0083915905
1590.3900000000	0.0093645796
1590.4000000000	0.0114297853
1590.4100000000	0.0129311597
1590.4200000000	0.0130279119
1590.4300000000	0.0120540062
1590.4400000000	0.0109649645
1590.4500000000	0.0105761283
1590.4600000000	0.0111417095
1590.4700000000	0.0121807734
1590.4800000000	0.0128308677
1590.4900000000	0.0123107965
1590.5000000000	0.0106354876
1590.5100000000	0.0089830844
1590.5200000000	0.0087143564
1590.5300000000	0.0102897148
1590.5400000000	0.0126297198
1590.5500000000	0.0137132567
1590.5600000000	0.0129592904
1590.5700000000	0.0116815572
1590.5800000000	0.0111785455
1590.5900000000	0.0117135064
1590.6000000000	0.0129316331
1590.6100000000	0.0138901601
1590.6200000000	0.0136969452
1590.6300000000	0.0120756544
1590.6400000000	0.0100600280
1590.6500000000	0.0092964472
1590.6600000000	0.0104805472
1590.6700000000	0.0126345101
1590.6800000000	0.0141828001
1590.6900000000	0.0142259354
1590.7000000000	0.0130749431
1590.7100000000	0.0119045136
1590.7200000000	0.0117391872
1590.7300000000	0.0125110776
1590.7400000000	0.0135990651
1590.7500000000	0.0142177373
1590.7600000000	0.0136622674
1590.7700000000	0.0119348260
1590.7800000000	0.0103722206
1590.7900000000	0.0102893908
1590.8000000000	0.0116208150
1590.8100000000	0.0134865213
1590.8200000000	0.0145138125
1590.8300000000	0.0138832921
1590.8400000000	0.0125207486
1590.8500000000	0.0115951486
1590.8600000000	0.0117875190
1590.8700000000	0.0127285235
1590.8800000000	0.0136589439
1590.8900000000	0.0132012788
1590.9000000000	0.0114174520
1590.9100000000	0.0094359432
1590.9200000000	0.0088355632
1590.9300000000	0.0102465379
1590.9400000000	0.0123982376
1590.9500000000	0.0136941192
1590.9600000000	0.0134393457
1590.9700000000	0.0124010355
1590.9800000000	0.0113974720
1590.9900000000	0.0109963381
1591.0000000000	0.0115690270
1591.0100000000	0.0126362573
1591.0200000000	0.0131512258
1591.0300000000	0.0122598748
1591.0400000000	0.0103171722
1591.0500000000	0.0086045373
1591.0600000000	0.0085649008
1591.0700000000	0.0101560036
1591.0800000000	0.0120957193
1591.0900000000	0.0129930982
1591.1000000000	0.0123433401
1591.1100000000	0.0109256127
1591.1200000000	0.0102022185
1591.1300000000	0.0106328297
1591.1400000000	0.0116772372
1591.1500000000	0.0125639675
1591.1600000000	0.0121894935
1591.1700000000	0.0104385246
1591.1800000000	0.0084015707
1591.1900000000	0.0078887127
1591.2000000000	0.0093618849
1591.2100000000	0.0115527385
1591.2200000000	0.0128127752
1591.2300000000	0.0125601837
1591.2400000000	0.0114495266
1591.2500000000	0.0105403742
1591.2600000000	0.0105403742
1591.2700000000	0.0113912797
1591.2800000000	0.0124694461
1591.2900000000	0.0130832024
1591.3000000000	0.0125212106
1591.3100000000	0.0106908319
1591.3200000000	0.0090332901
1591.3300000000	0.0091040882
1591.3400000000	0.0107634865
1591.3500000000	0.0127607304
1591.3600000000	0.0137812196
1591.3700000000	0.0132990544
1591.3800000000	0.0119355891
1591.3900000000	0.0111542938
1591.4000000000	0.0115325808
1591.4100000000	0.0127398539
1591.4200000000	0.0136322971
1591.4300000000	0.0132805162
1591.4400000000	0.0116011127
1591.4500000000	0.0097822967
1591.4600000000	0.0091686800
1591.4700000000	0.0103518489
1591.4800000000	0.0123563746
1591.4900000000	0.0135105019
1591.5000000000	0.0131466820
1591.5100000000	0.0118654151
1591.5200000000	0.0107299054
1591.5300000000	0.0105986035
1591.5400000000	0.0112609722
1591.5500000000	0.0122923811
1591.5600000000	0.0128712702
1591.5700000000	0.0123007949
1591.5800000000	0.0105775489
1591.5900000000	0.0089199468
1591.6000000000	0.0089837888
1591.6100000000	0.0107599134
1591.6200000000	0.0127377226
1591.6300000000	0.0136687758
1591.6400000000	0.0131281945
1591.6500000000	0.0116159778
1591.6600000000	0.0105110195
1591.6700000000	0.0108842369
1591.6800000000	0.0119735620
1591.6900000000	0.0127669478
1591.7000000000	0.0123697209
1591.7100000000	0.0107289013
1591.7200000000	0.0090718838
1591.7300000000	0.0086988065
1591.7400000000	0.0100560534
1591.7500000000	0.0122215892
1591.7600000000	0.0135795563
1591.7700000000	0.0133883902
1591.7800000000	0.0124392859
1591.7900000000	0.0115889503
1591.8000000000	0.0112898402
1591.8100000000	0.0121796097
1591.8200000000	0.0133210269
1591.8300000000	0.0135341753
1591.8400000000	0.0127585994
1591.8500000000	0.0110409455
1591.8600000000	0.0094305391
1591.8700000000	0.0093041076
1591.8800000000	0.0108271372
1591.8900000000	0.0126299000
1591.9000000000	0.0133893444
1591.9100000000	0.0128029627
1591.9200000000	0.0115186632
1591.9300000000	0.0104236022
1591.9400000000	0.0103463783
1591.9500000000	0.0112090709
1591.9600000000	0.0119791462
1591.9700000000	0.0116714055
1591.9800000000	0.0101920414
1591.9900000000	0.0083797400
1592.0000000000	0.0077948138
1592.0100000000	0.0089885958
1592.0200000000	0.0108907698
1592.0300000000	0.0121189645
1592.0400000000	0.0119935946
1592.0500000000	0.0109414712
1592.0600000000	0.0099594400
1592.0700000000	0.0098617353
1592.0800000000	0.0106882121
1592.0900000000	0.0117509891
1592.1000000000	0.0122656463
1592.1100000000	0.0116130318
1592.1200000000	0.0098252741
1592.1300000000	0.0080961536
1592.1400000000	0.0078580128
1592.1500000000	0.0096429212
1592.1600000000	0.0116608165
1592.1700000000	0.0125585890
1592.1800000000	0.0120410358
1592.1900000000	0.0108168629
1592.2000000000	0.0098610326
1592.2100000000	0.0100865877
1592.2200000000	0.0111967612
1592.2300000000	0.0122792086
1592.2400000000	0.0122011261
1592.2500000000	0.0106480069
1592.2600000000	0.0086752113
1592.2700000000	0.0079251371
1592.2800000000	0.0088803089
1592.2900000000	0.0108221197
1592.3000000000	0.0121182958
1592.3100000000	0.0120091997
1592.3200000000	0.0108779076
1592.3300000000	0.0098924915
1592.3400000000	0.0096734024
1592.3500000000	0.0104166642
1592.3600000000	0.0114836838
1592.3700000000	0.0119174558
1592.3800000000	0.0113331118
1592.3900000000	0.0098300352
1592.4000000000	0.0083221595
1592.4100000000	0.0079938084
1592.4200000000	0.0093146885
1592.4300000000	0.0112197211
1592.4400000000	0.0122240890
1592.4500000000	0.0118560911
1592.4600000000	0.0106969854
1592.4700000000	0.0096367405
1592.4800000000	0.0094699024
1592.4900000000	0.0102655055
1592.5000000000	0.0112264229
1592.5100000000	0.0112517132
1592.5200000000	0.0099370063
1592.5300000000	0.0081283915
1592.5400000000	0.0073358151
1592.5500000000	0.0082475690
1592.5600000000	0.0101091202
1592.5700000000	0.0114335460
1592.5800000000	0.0115447039
1592.5900000000	0.0106334776
1592.6000000000	0.0096139272
1592.6100000000	0.0093420450
1592.6200000000	0.0100514889
1592.6300000000	0.0112218519
1592.6400000000	0.0117852721
1592.6500000000	0.0111690638
1592.6600000000	0.0095686355
1592.6700000000	0.0079987531
1592.6800000000	0.0077872308
1592.6900000000	0.0092797403
1592.7000000000	0.0112692798
1592.7100000000	0.0125012415
1592.7200000000	0.0123610552
1592.7300000000	0.0113160168
1592.7400000000	0.0105779160
1592.7500000000	0.0106543638
1592.7600000000	0.0115152498
1592.7700000000	0.0126115884
1592.7800000000	0.0130242338
1592.7900000000	0.0118762111
1592.8000000000	0.0098577080
1592.8100000000	0.0086233772
1592.8200000000	0.0092310679
1592.8300000000	0.0110483186
1592.8400000000	0.0126046862
1592.8500000000	0.0127192901
1592.8600000000	0.0116608162
1592.8700000000	0.0104938896
1592.8800000000	0.0100433783
1592.8900000000	0.0105053222
1592.9000000000	0.0114508865
1592.9100000000	0.0120045601
1592.9200000000	0.0112891443
1592.9300000000	0.0096424088
1592.9400000000	0.0080317235
1592.9500000000	0.0074833045
1592.9600000000	0.0084891365
1592.9700000000	0.0104582491
1592.9800000000	0.0117560558
1592.9900000000	0.0117011835
1593.0000000000	0.0106009071
1593.0100000000	0.0094601388
1593.0200000000	0.0092506577
1593.0300000000	0.0100975887
1593.0400000000	0.0112237722
1593.0500000000	0.0117446265
1593.0600000000	0.0106878670
1593.0700000000	0.0087194443
1593.0800000000	0.0074725028
1593.0900000000	0.0078952421
1593.1000000000	0.0096889535
1593.1100000000	0.0113999852
1593.1200000000	0.0119118361
1593.1300000000	0.0111764572
1593.1400000000	0.0101449449
1593.1500000000	0.0097237277
1593.1600000000	0.0102815956
1593.1700000000	0.0114374362
1593.1800000000	0.0122208633
1593.1900000000	0.0118505746
1593.2000000000	0.0103275825
1593.2100000000	0.0087195606
1593.2200000000	0.0081100387
1593.2300000000	0.0091067580
1593.2400000000	0.0109364258
1593.2500000000	0.0123366312
1593.2600000000	0.0123666915
1593.2700000000	0.0113758425
1593.2800000000	0.0102387512
1593.2900000000	0.0098803402
1593.3000000000	0.0105410902
1593.3100000000	0.0117395952
1593.3200000000	0.0123443862
1593.3300000000	0.0116457977
1593.3400000000	0.0097909941
1593.3500000000	0.0081797949
1593.3600000000	0.0080926302
1593.3700000000	0.0095950936
1593.3800000000	0.0113389060
1593.3900000000	0.0121132305
1593.4000000000	0.0114430115
1593.4100000000	0.0102964583
1593.4200000000	0.0096011816
1593.4300000000	0.0097558888
1593.4400000000	0.0106656990
1593.4500000000	0.0115316049
1593.4600000000	0.0113574285
1593.4700000000	0.0100267038
1593.4800000000	0.0084460929
1593.4900000000	0.0077930165
1593.5000000000	0.0086514178
1593.5100000000	0.0104445724
1593.5200000000	0.0119554542
1593.5300000000	0.0122757185
1593.5400000000	0.0114425860
1593.5500000000	0.0103001496
1593.5600000000	0.0097544511
1593.5700000000	0.0102070044
1593.5800000000	0.0113605974
1593.5900000000	0.0121143029
1593.6000000000	0.0117024116
1593.6100000000	0.0098285196
1593.6200000000	0.0080699569
1593.6300000000	0.0079317008
1593.6400000000	0.0094164876
1593.6500000000	0.0113825260
1593.6600000000	0.0122682930
1593.6700000000	0.0118530441
1593.6800000000	0.0107228393
1593.6900000000	0.0099651056
1593.7000000000	0.0100482934
1593.7100000000	0.0111882184
1593.7200000000	0.0124182354
1593.7300000000	0.0124234738
1593.7400000000	0.0110910041
1593.7500000000	0.0093293934
1593.7600000000	0.0084402795
1593.7700000000	0.0090955222
1593.7800000000	0.0108834835
1593.7900000000	0.0124302910
1593.8000000000	0.0126867303
1593.8100000000	0.0119872175
1593.8200000000	0.0110342194
1593.8300000000	0.0103616039
1593.8400000000	0.0106802044
1593.8500000000	0.0119450912
1593.8600000000	0.0127846457
1593.8700000000	0.0126499217
1593.8800000000	0.0111266817
1593.8900000000	0.0090094060
1593.9000000000	0.0081126752
1593.9100000000	0.0091470094
1593.9200000000	0.0109167299
1593.9300000000	0.0120816459
1593.9400000000	0.0119449828
1593.9500000000	0.0108911484
1593.9600000000	0.0101113110
1593.9700000000	0.0103251490
1593.9800000000	0.0111871237
1593.9900000000	0.0122375271
1594.0000000000	0.0126513465
1594.0100000000	0.0117585502
1594.0200000000	0.0101552134
1594.0300000000	0.0091423470
1594.0400000000	0.0095013878
1594.0500000000	0.0107752899
1594.0600000000	0.0124888636
1594.0700000000	0.0131427494
1594.0800000000	0.0123669263
1594.0900000000	0.0112706530
1594.1000000000	0.0104067198
1594.1100000000	0.0102900813
1594.1200000000	0.0108878567
1594.1300000000	0.0116501891
1594.1400000000	0.0116050829
1594.1500000000	0.0101749515
1594.1600000000	0.0082119518
1594.1700000000	0.0071595191
1594.1800000000	0.0078762514
1594.1900000000	0.0096752499
1594.2000000000	0.0112087795
1594.2100000000	0.0113985006
1594.2200000000	0.0104888582
1594.2300000000	0.0094938654
1594.2400000000	0.0094140814
1594.2500000000	0.0102285889
1594.2600000000	0.0113443286
1594.2700000000	0.0118937067
1594.2800000000	0.0109737770
1594.2900000000	0.0091188411
1594.3000000000	0.0076489513
1594.3100000000	0.0077413639
1594.3200000000	0.0091491054
1594.3300000000	0.0109639302
1594.3400000000	0.0118629720
1594.3500000000	0.0115315439
1594.3600000000	0.0104820549
1594.3700000000	0.0096780822
1594.3800000000	0.0095826227
1594.3900000000	0.0103463298
1594.4000000000	0.0114608938
1594.4100000000	0.0117749835
1594.4200000000	0.0107733195
1594.4300000000	0.0088849061
1594.4400000000	0.0074845664
1594.4500000000	0.0077042746
1594.4600000000	0.0091916858
1594.4700000000	0.0108504904
1594.4800000000	0.0114826485
1594.4900000000	0.0109041956
1594.5000000000	0.0096518180
1594.5100000000	0.0091478259
1594.5200000000	0.0096118392
1594.5300000000	0.0106799245
1594.5400000000	0.0116185790
1594.5500000000	0.0114801704
1594.5600000000	0.0101831795
1594.5700000000	0.0090157776
1594.5800000000	0.0092824418
1594.5900000000	0.0108728942
1594.6000000000	0.0130334203
1594.6100000000	0.0142970512
1594.6200000000	0.0147410955
1594.6300000000	0.0141281550
1594.6400000000	0.0136153122
1594.6500000000	0.0131958877
1594.6600000000	0.0141391497
1594.6700000000	0.0152201307
1594.6800000000	0.0155471406
1594.6900000000	0.0146189401
1594.7000000000	0.0128539844
1594.7100000000	0.0110553882
1594.7200000000	0.0104558646
1594.7300000000	0.0115042987
1594.7400000000	0.0129338075
1594.7500000000	0.0134574869
1594.7600000000	0.0127004868
1594.7700000000	0.0114323754
1594.7800000000	0.0103258499
1594.7900000000	0.0102450026
1594.8000000000	0.0110230709
1594.8100000000	0.0116771020
1594.8200000000	0.0115472438
1594.8300000000	0.0101279526
1594.8400000000	0.0083028193
1594.8500000000	0.0075239355
1594.8600000000	0.0084215244
1594.8700000000	0.0100625521
1594.8800000000	0.0114538872
1594.8900000000	0.0117088414
1594.9000000000	0.0110038121
1594.9100000000	0.0100897876
1594.9200000000	0.0096299930
1594.9300000000	0.0098991714
1594.9400000000	0.0108526406
1594.9500000000	0.0116109615
1594.9600000000	0.0113576389
1594.9700000000	0.0100844117
1594.9800000000	0.0084388439
1594.9900000000	0.0076901789
1595.0000000000	0.0086282022
1595.0100000000	0.0103623239
1595.0200000000	0.0115546134
1595.0300000000	0.0115790586
1595.0400000000	0.0105683420
1595.0500000000	0.0093265370
1595.0600000000	0.0090036758
1595.0700000000	0.0097770775
1595.0800000000	0.0107655909
1595.0900000000	0.0110650143
1595.1000000000	0.0101702020
1595.1100000000	0.0085267522
1595.1200000000	0.0073563764
1595.1300000000	0.0077893999
1595.1400000000	0.0093750521
1595.1500000000	0.0110488974
1595.1600000000	0.0117379984
1595.1700000000	0.0112116291
1595.1800000000	0.0102362900
1595.1900000000	0.0095355212
1595.2000000000	0.0095477458
1595.2100000000	0.0104331120
1595.2200000000	0.0113525298
1595.2300000000	0.0113005208
1595.2400000000	0.0101446873
1595.2500000000	0.0084911124
1595.2600000000	0.0074133904
1595.2700000000	0.0078147528
1595.2800000000	0.0093112448
1595.2900000000	0.0106369168
1595.3000000000	0.0112105236
1595.3100000000	0.0106830384
1595.3200000000	0.0097661517
1595.3300000000	0.0093095827
1595.3400000000	0.0096951784
1595.3500000000	0.0109855825
1595.3600000000	0.0120681586
1595.3700000000	0.0115131942
1595.3800000000	0.0098617384
1595.3900000000	0.0085193274
1595.4000000000	0.0089760034
1595.4100000000	0.0104721176
1595.4200000000	0.0123996442
1595.4300000000	0.0135264663
1595.4400000000	0.0130789842
1595.4500000000	0.0123669820
1595.4600000000	0.0117171630
1595.4700000000	0.0114047489
1595.4800000000	0.0120788829
1595.4900000000	0.0130607749
1595.5000000000	0.0132756468
1595.5100000000	0.0122765594
1595.5200000000	0.0106363970
1595.5300000000	0.0090117516
1595.5400000000	0.0085329812
1595.5500000000	0.0096089031
1595.5600000000	0.0110278188
1595.5700000000	0.0115858519
1595.5800000000	0.0110540460
1595.5900000000	0.0098571703
1595.6000000000	0.0087504950
1595.6100000000	0.0085964628
1595.6200000000	0.0093744488
1595.6300000000	0.0104365712
1595.6400000000	0.0104515402
1595.6500000000	0.0090910483
1595.6600000000	0.0073392311
1595.6700000000	0.0064982661
1595.6800000000	0.0073749675
1595.6900000000	0.0091166704
1595.7000000000	0.0104775337
1595.7100000000	0.0106400507
1595.7200000000	0.0097572942
1595.7300000000	0.0086620124
1595.7400000000	0.0082987975
1595.7500000000	0.0088488739
1595.7600000000	0.0099825248
1595.7700000000	0.0106603553
1595.7800000000	0.0102543291
1595.7900000000	0.0089821281
1595.8000000000	0.0075583941
1595.8100000000	0.0069220913
1595.8200000000	0.0077305273
1595.8300000000	0.0093918709
1595.8400000000	0.0105389228
1595.8500000000	0.0105071229
1595.8600000000	0.0096773475
1595.8700000000	0.0086088857
1595.8800000000	0.0081679147
1595.8900000000	0.0087132176
1595.9000000000	0.0097654237
1595.9100000000	0.0102232367
1595.9200000000	0.0093798789
1595.9300000000	0.0075613718
1595.9400000000	0.0064285268
1595.9500000000	0.0068533419
1595.9600000000	0.0085398577
1595.9700000000	0.0101697198
1595.9800000000	0.0108141414
1595.9900000000	0.0101893201
1596.0000000000	0.0092531845
1596.0100000000	0.0087624283
1596.0200000000	0.0088199959
1596.0300000000	0.0095674194
1596.0400000000	0.0104200441
1596.0500000000	0.0104516766
1596.0600000000	0.0093161893
1596.0700000000	0.0076918814
1596.0800000000	0.0066458104
1596.0900000000	0.0068884890
1596.1000000000	0.0084113191
1596.1100000000	0.0099003618
1596.1200000000	0.0103496859
1596.1300000000	0.0097449157
1596.1400000000	0.0087076557
1596.1500000000	0.0079817740
1596.1600000000	0.0081440662
1596.1700000000	0.0089926800
1596.1800000000	0.0097787507
1596.1900000000	0.0096134343
1596.2000000000	0.0081240141
1596.2100000000	0.0064974329
1596.2200000000	0.0061605520
1596.2300000000	0.0073653224
1596.2400000000	0.0090289051
1596.2500000000	0.0100033242
1596.2600000000	0.0097765095
1596.2700000000	0.0087461142
1596.2800000000	0.0078663184
1596.2900000000	0.0076871132
1596.3000000000	0.0084054842
1596.3100000000	0.0094018209
1596.3200000000	0.0098159043
1596.3300000000	0.0090455950
1596.3400000000	0.0074789247
1596.3500000000	0.0061516850
1596.3600000000	0.0060915572
1596.3700000000	0.0072141031
1596.3800000000	0.0087936851
1596.3900000000	0.0097566254
1596.4000000000	0.0095445379
1596.4100000000	0.0086524277
1596.4200000000	0.0078885336
1596.4300000000	0.0078096585
1596.4400000000	0.0084297623
1596.4500000000	0.0093458550
1596.4600000000	0.0097323034
1596.4700000000	0.0087510921
1596.4800000000	0.0069070387
1596.4900000000	0.0058199596
1596.5000000000	0.0063577417
1596.5100000000	0.0079342184
1596.5200000000	0.0093275579
1596.5300000000	0.0095279035
1596.5400000000	0.0087402301
1596.5500000000	0.0078363062
1596.5600000000	0.0074774635
1596.5700000000	0.0079414641
1596.5800000000	0.0088595338
1596.5900000000	0.0095121507
1596.6000000000	0.0092493340
1596.6100000000	0.0080715465
1596.6200000000	0.0066818744
1596.6300000000	0.0059790327
1596.6400000000	0.0065095752
1596.6500000000	0.0079483017
1596.6600000000	0.0092867777
1596.6700000000	0.0096226577
1596.6800000000	0.0089769051
1596.6900000000	0.0080176558
1596.7000000000	0.0074690070
1596.7100000000	0.0078480050
1596.7200000000	0.0088741821
1596.7300000000	0.0096859405
1596.7400000000	0.0093616066
1596.7500000000	0.0078237508
1596.7600000000	0.0063212647
1596.7700000000	0.0062136222
1596.7800000000	0.0073850733
1596.7900000000	0.0088794167
1596.8000000000	0.0097070540
1596.8100000000	0.0094662641
1596.8200000000	0.0086153223
1596.8300000000	0.0077688103
1596.8400000000	0.0077049903
1596.8500000000	0.0084980822
1596.8600000000	0.0095374566
1596.8700000000	0.0098061480
1596.8800000000	0.0087512027
1596.8900000000	0.0071099440
1596.9000000000	0.0060912178
1596.9100000000	0.0062360515
1596.9200000000	0.0074215803
1596.9300000000	0.0088310069
1596.9400000000	0.0095657816
1596.9500000000	0.0092882375
1596.9600000000	0.0084159508
1596.9700000000	0.0076233150
1596.9800000000	0.0075525149
1596.9900000000	0.0083423186
1597.0000000000	0.0092882375
1597.0100000000	0.0094615769
1597.0200000000	0.0084225393
1597.0300000000	0.0067266139
1597.0400000000	0.0057811757
1597.0500000000	0.0063693137
1597.0600000000	0.0079236844
1597.0700000000	0.0092141859
1597.0800000000	0.0094626157
1597.0900000000	0.0087298686
1597.1000000000	0.0077946667
1597.1100000000	0.0074604717
1597.1200000000	0.0080077729
1597.1300000000	0.0089459031
1597.1400000000	0.0095676198
1597.1500000000	0.0092528425
1597.1600000000	0.0079933434
1597.1700000000	0.0066621547
1597.1800000000	0.0062987907
1597.1900000000	0.0070796859
1597.2000000000	0.0084989214
1597.2100000000	0.0097390319
1597.2200000000	0.0100033275
1597.2300000000	0.0092156626
1597.2400000000	0.0081326257
1597.2500000000	0.0076177504
1597.2600000000	0.0080516751
1597.2700000000	0.0090429481
1597.2800000000	0.0098050919
1597.2900000000	0.0094071572
1597.3000000000	0.0078707796
1597.3100000000	0.0064864862
1597.3200000000	0.0064232592
1597.3300000000	0.0076486745
1597.3400000000	0.0091872038
1597.3500000000	0.0099775048
1597.3600000000	0.0096173789
1597.3700000000	0.0086300258
1597.3800000000	0.0078137788
1597.3900000000	0.0078346607
1597.4000000000	0.0086241122
1597.4100000000	0.0095234952
1597.4200000000	0.0096414881
1597.4300000000	0.0086223403
1597.4400000000	0.0070377946
1597.4500000000	0.0061186486
1597.4600000000	0.0066626273
1597.4700000000	0.0081907534
1597.4800000000	0.0097635457
1597.4900000000	0.0106559743
1597.5000000000	0.0105690495
1597.5100000000	0.0099636863
1597.5200000000	0.0096620697
1597.5300000000	0.0099436162
1597.5400000000	0.0108076487
1597.5500000000	0.0118180034
1597.5600000000	0.0119953629
1597.5700000000	0.0109563000
1597.5800000000	0.0093693033
1597.5900000000	0.0084542835
1597.6000000000	0.0088520545
1597.6100000000	0.0100155894
1597.6200000000	0.0111705567
1597.6300000000	0.0113500744
1597.6400000000	0.0106815132
1597.6500000000	0.0095482586
1597.6600000000	0.0087543875
1597.6700000000	0.0090400578
1597.6800000000	0.0098309330
1597.6900000000	0.0101824651
1597.7000000000	0.0095643611
1597.7100000000	0.0080668912
1597.7200000000	0.0064327763
1597.7300000000	0.0059226975
1597.7400000000	0.0067530483
1597.7500000000	0.0080661150
1597.7600000000	0.0090294588
1597.7700000000	0.0091706752
1597.7800000000	0.0084982063
1597.7900000000	0.0076081018
1597.8000000000	0.0072522877
1597.8100000000	0.0076967825
1597.8200000000	0.0086843541
1597.8300000000	0.0094543608
1597.8400000000	0.0090874162
1597.8500000000	0.0076322855
1597.8600000000	0.0062037820
1597.8700000000	0.0059892535
1597.8800000000	0.0070881752
1597.8900000000	0.0086335593
1597.9000000000	0.0095791696
1597.9100000000	0.0094033586
1597.9200000000	0.0084240420
1597.9300000000	0.0076288765
1597.9400000000	0.0077290308
1597.9500000000	0.0086195054
1597.9600000000	0.0095371304
1597.9700000000	0.0095807045
1597.9800000000	0.0084907678
1597.9900000000	0.0068348414
1598.0000000000	0.0057087337
1598.0100000000	0.0058868939
1598.0200000000	0.0071335128
1598.0300000000	0.0084788318
1598.0400000000	0.0091224269
1598.0500000000	0.0088171815
1598.0600000000	0.0079564402
1598.0700000000	0.0073073906
1598.0800000000	0.0073634769
1598.0900000000	0.0082237978
1598.1000000000	0.0092611353
1598.1100000000	0.0095341698
1598.1200000000	0.0085900921
1598.1300000000	0.0071887780
1598.1400000000	0.0063310158
1598.1500000000	0.0066127267
1598.1600000000	0.0080584605
1598.1700000000	0.0096345745
1598.1800000000	0.0101995550
1598.1900000000	0.0097362654
1598.2000000000	0.0087629944
1598.2100000000	0.0082982693
1598.2200000000	0.0089365951
1598.2300000000	0.0099370081
1598.2400000000	0.0104952477
1598.2500000000	0.0100832666
1598.2600000000	0.0087306701
1598.2700000000	0.0072650646
1598.2800000000	0.0069082199
1598.2900000000	0.0076545223
1598.3000000000	0.0089147041
1598.3100000000	0.0101248006
1598.3200000000	0.0104169163
1598.3300000000	0.0096553483
1598.3400000000	0.0086556609
1598.3500000000	0.0080890859
1598.3600000000	0.0083342128
1598.3700000000	0.0093781532
1598.3800000000	0.0105199433
1598.3900000000	0.0103980732
1598.4000000000	0.0090346394
1598.4100000000	0.0077328610
1598.4200000000	0.0075022672
1598.4300000000	0.0084308220
1598.4400000000	0.0101188912
1598.4500000000	0.0112040772
1598.4600000000	0.0111843562
1598.4700000000	0.0104031224
1598.4800000000	0.0094588743
1598.4900000000	0.0091116581
1598.5000000000	0.0096238387
1598.5100000000	0.0103212409
1598.5200000000	0.0103736325
1598.5300000000	0.0094351795
1598.5400000000	0.0077037976
1598.5500000000	0.0062995948
1598.5600000000	0.0062558972
1598.5700000000	0.0073744542
1598.5800000000	0.0086199109
1598.5900000000	0.0091459224
1598.6000000000	0.0087934771
1598.6100000000	0.0079625269
1598.6200000000	0.0072911659
1598.6300000000	0.0072849224
1598.6400000000	0.0079885669
1598.6500000000	0.0090435611
1598.6600000000	0.0096343373
1598.6700000000	0.0090429539
1598.6800000000	0.0077214403
1598.6900000000	0.0067753557
1598.7000000000	0.0069811117
1598.7100000000	0.0084178120
1598.7200000000	0.0100213819
1598.7300000000	0.0108014679
1598.7400000000	0.0106107332
1598.7500000000	0.0097879742
1598.7600000000	0.0090909457
1598.7700000000	0.0093453423
1598.7800000000	0.0101307829
1598.7900000000	0.0106037403
1598.8000000000	0.0102355718
1598.8100000000	0.0090198962
1598.8200000000	0.0076369843
1598.8300000000	0.0071696400
1598.8400000000	0.0080255947
1598.8500000000	0.0095572807
1598.8600000000	0.0109392316
1598.8700000000	0.0114878858
1598.8800000000	0.0109534706
1598.8900000000	0.0100831222
1598.9000000000	0.0096757158
1598.9100000000	0.0098905943
1598.9200000000	0.0106809931
1598.9300000000	0.0114041647
1598.9400000000	0.0113576306
1598.9500000000	0.0099661248
1598.9600000000	0.0082381788
1598.9700000000	0.0074177563
1598.9800000000	0.0079745858
1598.9900000000	0.0093103913
1599.0000000000	0.0104366828
1599.0100000000	0.0106653386
1599.0200000000	0.0100953389
1599.0300000000	0.0092112803
1599.0400000000	0.0089037108
1599.0500000000	0.0096542368
1599.0600000000	0.0107485293
1599.0700000000	0.0113080578
1599.0800000000	0.0107729570
1599.0900000000	0.0092195513
1599.1000000000	0.0078031137
1599.1100000000	0.0076817619
1599.1200000000	0.0086507644
1599.1300000000	0.0099413867
1599.1400000000	0.0107985677
1599.1500000000	0.0106947426
1599.1600000000	0.0099110892
1599.1700000000	0.0092146886
1599.1800000000	0.0090365774
1599.1900000000	0.0093748910
1599.2000000000	0.0101071848
1599.2100000000	0.0107195054
1599.2200000000	0.0100918074
1599.2300000000	0.0084451161
1599.2400000000	0.0070439508
1599.2500000000	0.0065529552
1599.2600000000	0.0072308751
1599.2700000000	0.0084275703
1599.2800000000	0.0090887159
1599.2900000000	0.0087928420
1599.3000000000	0.0079084813
1599.3100000000	0.0069758613
1599.3200000000	0.0067697594
1599.3300000000	0.0075508604
1599.3400000000	0.0084107940
1599.3500000000	0.0084980350
1599.3600000000	0.0075483834
1599.3700000000	0.0060550871
1599.3800000000	0.0051467836
1599.3900000000	0.0055164215
1599.4000000000	0.0067918613
1599.4100000000	0.0081884007
1599.4200000000	0.0088730759
1599.4300000000	0.0085401878
1599.4400000000	0.0076657267
1599.4500000000	0.0070325479
1599.4600000000	0.0071735958
1599.4700000000	0.0080252519
1599.4800000000	0.0090551610
1599.4900000000	0.0094069700
1599.5000000000	0.0086156118
1599.5100000000	0.0072916065
1599.5200000000	0.0064253408
1599.5300000000	0.0066264241
1599.5400000000	0.0077486400
1599.5500000000	0.0088899758
1599.5600000000	0.0094333854
1599.5700000000	0.0092087674
1599.5800000000	0.0082633365
1599.5900000000	0.0074579048
1599.6000000000	0.0075388203
1599.6100000000	0.0083747856
1599.6200000000	0.0090304299
1599.6300000000	0.0087647687
1599.6400000000	0.0074854518
1599.6500000000	0.0060534582
1599.6600000000	0.0056125979
1599.6700000000	0.0062950693
1599.6800000000	0.0075283588
1599.6900000000	0.0084934777
1599.7000000000	0.0086632281
1599.7100000000	0.0081128448
1599.7200000000	0.0073378321
1599.7300000000	0.0069037579
1599.7400000000	0.0071289917
1599.7500000000	0.0080168857
1599.7600000000	0.0088864400
1599.7700000000	0.0088640886
1599.7800000000	0.0078408593
1599.7900000000	0.0066251814
1599.8000000000	0.0061514220
1599.8100000000	0.0069112211
1599.8200000000	0.0085023312
1599.8300000000	0.0097180055
1599.8400000000	0.0101828191
1599.8500000000	0.0101702830
1599.8600000000	0.0096185078
1599.8700000000	0.0091459224
1599.8800000000	0.0094801587
1599.8900000000	0.0103408975
1599.9000000000	0.0108762539
1599.9100000000	0.0103312649
1599.9200000000	0.0087298617
1599.9300000000	0.0073336002
1599.9400000000	0.0072294410
1599.9500000000	0.0081231079
1599.9600000000	0.0093153998
1599.9700000000	0.0101566261
1599.9800000000	0.0100575002
1599.9900000000	0.0092613241
1600.0000000000	0.0085518865
1600.0100000000	0.0083431460
1600.0200000000	0.0087526132
1600.0300000000	0.0095739720
1600.0400000000	0.0100145052
1600.0500000000	0.0093750403
1600.0600000000	0.0079045084
1600.0700000000	0.0065229228
1600.0800000000	0.0061124511
1600.0900000000	0.0069662865
1600.1000000000	0.0085168481
1600.1100000000	0.0094949815
1600.1200000000	0.0095799373
1600.1300000000	0.0089599205
1600.1400000000	0.0080713852
1600.1500000000	0.0078380384
1600.1600000000	0.0085757224
1600.1700000000	0.0095358787
1600.1800000000	0.0097703500
1600.1900000000	0.0089181196
1600.2000000000	0.0072741170
1600.2100000000	0.0060768151
1600.2200000000	0.0060823084
1600.2300000000	0.0070238576
1600.2400000000	0.0082679744
1600.2500000000	0.0088713251
1600.2600000000	0.0084958968
1600.2700000000	0.0076149526
1600.2800000000	0.0069619979
1600.2900000000	0.0069908951
1600.3000000000	0.0077103205
1600.3100000000	0.0087053901
1600.3200000000	0.0092235019
1600.3300000000	0.0087199817
1600.3400000000	0.0074296688
1600.3500000000	0.0063637447
1600.3600000000	0.0063620292
1600.3700000000	0.0073438601
1600.3800000000	0.0086368503
1600.3900000000	0.0094648816
1600.4000000000	0.0095838310
1600.4100000000	0.0089151371
1600.4200000000	0.0081436457
1600.4300000000	0.0081530564
1600.4400000000	0.0088621164
1600.4500000000	0.0096190191
1600.4600000000	0.0097069508
1600.4700000000	0.0085380852
1600.4800000000	0.0070527591
1600.4900000000	0.0067059062
1600.5000000000	0.0073213489
1600.5100000000	0.0085002085
1600.5200000000	0.0097080928
1600.5300000000	0.0102972408
1600.5400000000	0.0097187339
1600.5500000000	0.0087686714
1600.5600000000	0.0084665808
1600.5700000000	0.0086768571
1600.5800000000	0.0093859888
1600.5900000000	0.0100631744
1600.6000000000	0.0098133528
1600.6100000000	0.0084844578
1600.6200000000	0.0067842948
1600.6300000000	0.0056861661
1600.6400000000	0.0057005521
1600.6500000000	0.0066419743
1600.6600000000	0.0076582932
1600.6700000000	0.0079827845
1600.6800000000	0.0075170752
1600.6900000000	0.0066988846
1600.7000000000	0.0061406620
1600.7100000000	0.0063776628
1600.7200000000	0.0073216809
1600.7300000000	0.0082594949
1600.7400000000	0.0081113019
1600.7500000000	0.0068229847
1600.7600000000	0.0054182601
1600.7700000000	0.0050561927
1600.7800000000	0.0058894202
1600.7900000000	0.0071564731
1600.8000000000	0.0081987556
1600.8100000000	0.0082828885
1600.8200000000	0.0076886332
1600.8300000000	0.0069092407
1600.8400000000	0.0065480710
1600.8500000000	0.0068936881
1600.8600000000	0.0077974434
1600.8700000000	0.0083195124
1600.8800000000	0.0079110253
1600.8900000000	0.0067066616
1600.9000000000	0.0053263210
1600.9100000000	0.0046571101
1600.9200000000	0.0051083782
1600.9300000000	0.0063009395
1600.9400000000	0.0074296761
1600.9500000000	0.0078088937
1600.9600000000	0.0073610513
1600.9700000000	0.0065477145
1600.9800000000	0.0060888560
1600.9900000000	0.0064220265
1601.0000000000	0.0073552436
1601.0100000000	0.0081201924
1601.0200000000	0.0077600166
1601.0300000000	0.0063385631
1601.0400000000	0.0050978226
1601.0500000000	0.0049209108
1601.0600000000	0.0057891812
1601.0700000000	0.0070402226
1601.0800000000	0.0079175056
1601.0900000000	0.0078444340
1601.1000000000	0.0071089793
1601.1100000000	0.0062986470
1601.1200000000	0.0059902504
1601.1300000000	0.0064621550
1601.1400000000	0.0072536448
1601.1500000000	0.0076792719
1601.1600000000	0.0072403469
1601.1700000000	0.0060446024
1601.1800000000	0.0050011224
1601.1900000000	0.0048791727
1601.2000000000	0.0056728201
1601.2100000000	0.0069184763
1601.2200000000	0.0079617079
1601.2300000000	0.0082206216
1601.2400000000	0.0076624392
1601.2500000000	0.0069076511
1601.2600000000	0.0065980156
1601.2700000000	0.0069770178
1601.2800000000	0.0078683901
1601.2900000000	0.0083449287
1601.3000000000	0.0075830744
1601.3100000000	0.0059317980
1601.3200000000	0.0047707214
1601.3300000000	0.0048973181
1601.3400000000	0.0060941153
1601.3500000000	0.0074335724
1601.3600000000	0.0080049161
1601.3700000000	0.0078927191
1601.3800000000	0.0073126584
1601.3900000000	0.0066318596
1601.4000000000	0.0065047299
1601.4100000000	0.0071776171
1601.4200000000	0.0080330001
1601.4300000000	0.0081234648
1601.4400000000	0.0072127346
1601.4500000000	0.0057687788
1601.4600000000	0.0047039773
1601.4700000000	0.0047301783
1601.4800000000	0.0056831785
1601.4900000000	0.0069564506
1601.5000000000	0.0078537356
1601.5100000000	0.0079447610
1601.5200000000	0.0073542264
1601.5300000000	0.0067356604
1601.5400000000	0.0065975544
1601.5500000000	0.0071667533
1601.5600000000	0.0080270383
1601.5700000000	0.0083593040
1601.5800000000	0.0075268364
1601.5900000000	0.0059425639
1601.6000000000	0.0047216368
1601.6100000000	0.0048862635
1601.6200000000	0.0061747367
1601.6300000000	0.0073838565
1601.6400000000	0.0078671454
1601.6500000000	0.0075490907
1601.6600000000	0.0067546642
1601.6700000000	0.0060677261
1601.6800000000	0.0061760793
1601.6900000000	0.0070041919
1601.7000000000	0.0078222939
1601.7100000000	0.0079375335
1601.7200000000	0.0070252591
1601.7300000000	0.0056790495
1601.7400000000	0.0049094663
1601.7500000000	0.0051038764
1601.7600000000	0.0060665061
1601.7700000000	0.0073055789
1601.7800000000	0.0080550311
1601.7900000000	0.0079631405
1601.8000000000	0.0073442233
1601.8100000000	0.0067199343
1601.8200000000	0.0066266129
1601.8300000000	0.0072208684
1601.8400000000	0.0079735118
1601.8500000000	0.0080345599
1601.8600000000	0.0070511378
1601.8700000000	0.0055396550
1601.8800000000	0.0044962232
1601.8900000000	0.0047301587
1601.9000000000	0.0059597458
1601.9100000000	0.0071250417
1601.9200000000	0.0075401951
1601.9300000000	0.0071543647
1601.9400000000	0.0064252791
1601.9500000000	0.0059014988
1601.9600000000	0.0061522443
1601.9700000000	0.0070576123
1601.9800000000	0.0078135128
1601.9900000000	0.0076449094
1602.0000000000	0.0065105573
1602.0100000000	0.0050939324
1602.0200000000	0.0044097540
1602.0300000000	0.0046627376
1602.0400000000	0.0056496206
1602.0500000000	0.0068169792
1602.0600000000	0.0074976108
1602.0700000000	0.0073488713
1602.0800000000	0.0067217220
1602.0900000000	0.0062405525
1602.1000000000	0.0062709966
1602.1100000000	0.0069522349
1602.1200000000	0.0077054518
1602.1300000000	0.0078083917
1602.1400000000	0.0069399824
1602.1500000000	0.0055190998
1602.1600000000	0.0045739533
1602.1700000000	0.0050221728
1602.1800000000	0.0063126790
1602.1900000000	0.0073852557
1602.2000000000	0.0076281191
1602.2100000000	0.0071883318
1602.2200000000	0.0064088665
1602.2300000000	0.0059478209
1602.2400000000	0.0061996988
1602.2500000000	0.0069569968
1602.2600000000	0.0076505782
1602.2700000000	0.0075387339
1602.2800000000	0.0064179137
1602.2900000000	0.0050950933
1602.3000000000	0.0044923041
1602.3100000000	0.0048886695
1602.3200000000	0.0060352188
1602.3300000000	0.0072196575
1602.3400000000	0.0077235045
1602.3500000000	0.0074668590
1602.3600000000	0.0067882021
1602.3700000000	0.0062522593
1602.3800000000	0.0063570187
1602.3900000000	0.0071178837
1602.4000000000	0.0078352621
1602.4100000000	0.0077766492
1602.4200000000	0.0067616170
1602.4300000000	0.0052396884
1602.4400000000	0.0043690369
1602.4500000000	0.0047905037
1602.4600000000	0.0059357742
1602.4700000000	0.0069991279
1602.4800000000	0.0073492229
1602.4900000000	0.0068626979
1602.5000000000	0.0059463641
1602.5100000000	0.0056157270
1602.5200000000	0.0060525637
1602.5300000000	0.0071007304
1602.5400000000	0.0079252979
1602.5500000000	0.0076633253
1602.5600000000	0.0065127820
1602.5700000000	0.0053414400
1602.5800000000	0.0048225952
1602.5900000000	0.0053304791
1602.6000000000	0.0064986879
1602.6100000000	0.0075131005
1602.6200000000	0.0078920088
1602.6300000000	0.0076385908
1602.6400000000	0.0069606098
1602.6500000000	0.0063437044
1602.6600000000	0.0064527218
1602.6700000000	0.0072034650
1602.6800000000	0.0078440184
1602.6900000000	0.0078619897
1602.7000000000	0.0069084023
1602.7100000000	0.0055083028
1602.7200000000	0.0049606804
1602.7300000000	0.0056644951
1602.7400000000	0.0069232052
1602.7500000000	0.0079704732
1602.7600000000	0.0083563553
1602.7700000000	0.0078424829
1602.7800000000	0.0071425772
1602.7900000000	0.0067682073
1602.8000000000	0.0070965524
1602.8100000000	0.0078760878
1602.8200000000	0.0083560980
1602.8300000000	0.0079334965
1602.8400000000	0.0066502098
1602.8500000000	0.0053292298
1602.8600000000	0.0047429296
1602.8700000000	0.0051515611
1602.8800000000	0.0061500482
1602.8900000000	0.0071030593
1602.9000000000	0.0075600755
1602.9100000000	0.0072484669
1602.9200000000	0.0065252795
1602.9300000000	0.0061587784
1602.9400000000	0.0065715510
1602.9500000000	0.0075448867
1602.9600000000	0.0084622406
1602.9700000000	0.0086442676
1602.9800000000	0.0078397644
1602.9900000000	0.0066576559
1603.0000000000	0.0062366224
1603.0100000000	0.0066549789
1603.0200000000	0.0075997898
1603.0300000000	0.0085886706
1603.0400000000	0.0086982214
1603.0500000000	0.0079368118
1603.0600000000	0.0069385668
1603.0700000000	0.0064024949
1603.0800000000	0.0065224806
1603.0900000000	0.0071096500
1603.1000000000	0.0074506279
1603.1100000000	0.0069233253
1603.1200000000	0.0055866602
1603.1300000000	0.0042853521
1603.1400000000	0.0039520056
1603.1500000000	0.0045052589
1603.1600000000	0.0056091973
1603.1700000000	0.0066341157
1603.1800000000	0.0071030170
1603.1900000000	0.0068683576
1603.2000000000	0.0062728910
1603.2100000000	0.0059279555
1603.2200000000	0.0062426055
1603.2300000000	0.0070628326
1603.2400000000	0.0077296606
1603.2500000000	0.0076647868
1603.2600000000	0.0066715892
1603.2700000000	0.0053496697
1603.2800000000	0.0047455233
1603.2900000000	0.0051949862
1603.3000000000	0.0063142677
1603.3100000000	0.0073593208
1603.3200000000	0.0074681178
1603.3300000000	0.0068988756
1603.3400000000	0.0062041785
1603.3500000000	0.0059022681
1603.3600000000	0.0062392372
1603.3700000000	0.0070363679
1603.3800000000	0.0074704909
1603.3900000000	0.0070874438
1603.4000000000	0.0059662435
1603.4100000000	0.0047788297
1603.4200000000	0.0043434147
1603.4300000000	0.0049794293
1603.4400000000	0.0060948129
1603.4500000000	0.0071126854
1603.4600000000	0.0075287679
1603.4700000000	0.0072621350
1603.4800000000	0.0066251814
1603.4900000000	0.0061997703
1603.5000000000	0.0064160195
1603.5100000000	0.0071203955
1603.5200000000	0.0077175042
1603.5300000000	0.0075440197
1603.5400000000	0.0064536710
1603.5500000000	0.0051647274
1603.5600000000	0.0046139047
1603.5700000000	0.0050954013
1603.5800000000	0.0063127206
1603.5900000000	0.0074724270
1603.6000000000	0.0077997975
1603.6100000000	0.0074112439
1603.6200000000	0.0069024623
1603.6300000000	0.0067991800
1603.6400000000	0.0073462482
1603.6500000000	0.0083164038
1603.6600000000	0.0088496697
1603.6700000000	0.0084103902
1603.6800000000	0.0070968226
1603.6900000000	0.0056967907
1603.7000000000	0.0050726093
1603.7100000000	0.0054256989
1603.7200000000	0.0062569103
1603.7300000000	0.0070418691
1603.7400000000	0.0073581614
1603.7500000000	0.0069373494
1603.7600000000	0.0061084693
1603.7700000000	0.0055185302
1603.7800000000	0.0056086385
1603.7900000000	0.0063741780
1603.8000000000	0.0071535404
1603.8100000000	0.0071722345
1603.8200000000	0.0062515592
1603.8300000000	0.0050485328
1603.8400000000	0.0044013443
1603.8500000000	0.0046201531
1603.8600000000	0.0056419269
1603.8700000000	0.0067472214
1603.8800000000	0.0070721289
1603.8900000000	0.0066028357
1603.9000000000	0.0059045954
1603.9100000000	0.0055568178
1603.9200000000	0.0058865334
1603.9300000000	0.0065758399
1603.9400000000	0.0068640908
1603.9500000000	0.0063924154
1603.9600000000	0.0053854870
1603.9700000000	0.0043621661
1603.9800000000	0.0039760217
1603.9900000000	0.0044871098
1604.0000000000	0.0055312154
1604.0100000000	0.0065643952
1604.0200000000	0.0070626779
1604.0300000000	0.0068629943
1604.0400000000	0.0063077745
1604.0500000000	0.0059637096
1604.0600000000	0.0061994846
1604.0700000000	0.0070151307
1604.0800000000	0.0078382057
1604.0900000000	0.0076918853
1604.1000000000	0.0066416504
1604.1100000000	0.0054091691
1604.1200000000	0.0046917704
1604.1300000000	0.0049268163
1604.1400000000	0.0060709809
1604.1500000000	0.0072668707
1604.1600000000	0.0077001216
1604.1700000000	0.0073854452
1604.1800000000	0.0067109622
1604.1900000000	0.0064117224
1604.2000000000	0.0069431835
1604.2100000000	0.0078029570
1604.2200000000	0.0083120008
1604.2300000000	0.0080479899
1604.2400000000	0.0070331153
1604.2500000000	0.0058153288
1604.2600000000	0.0052843679
1604.2700000000	0.0057321945
1604.2800000000	0.0065894279
1604.2900000000	0.0074211745
1604.3000000000	0.0078601079
1604.3100000000	0.0075220128
1604.3200000000	0.0066729202
1604.3300000000	0.0060425872
1604.3400000000	0.0060193330
1604.3500000000	0.0065834734
1604.3600000000	0.0072537948
1604.3700000000	0.0072826822
1604.3800000000	0.0063373489
1604.3900000000	0.0049809735
1604.4000000000	0.0040744084
1604.4100000000	0.0041136750
1604.4200000000	0.0049625853
1604.4300000000	0.0059222519
1604.4400000000	0.0063170807
1604.4500000000	0.0060422987
1604.4600000000	0.0053688819
1604.4700000000	0.0049138417
1604.4800000000	0.0052041985
1604.4900000000	0.0060579769
1604.5000000000	0.0067089058
1604.5100000000	0.0066001504
1604.5200000000	0.0057353730
1604.5300000000	0.0047236365
1604.5400000000	0.0043035629
1604.5500000000	0.0047667801
1604.5600000000	0.0057404207
1604.5700000000	0.0067111058
1604.5800000000	0.0071935578
1604.5900000000	0.0070476044
1604.6000000000	0.0065048099
1604.6100000000	0.0059760944
1604.6200000000	0.0059474313
1604.6300000000	0.0066501424
1604.6400000000	0.0074615350
1604.6500000000	0.0075287989
1604.6600000000	0.0067358129
1604.6700000000	0.0056773130
1604.6800000000	0.0049494764
1604.6900000000	0.0049410612
1604.7000000000	0.0057827007
1604.7100000000	0.0067838446
1604.7200000000	0.0072832660
1604.7300000000	0.0070363676
1604.7400000000	0.0062661426
1604.7500000000	0.0055853040
1604.7600000000	0.0056374483
1604.7700000000	0.0062519405
1604.7800000000	0.0067360213
1604.7900000000	0.0065036153
1604.8000000000	0.0055425221
1604.8100000000	0.0043154285
1604.8200000000	0.0036038840
1604.8300000000	0.0038480416
1604.8400000000	0.0047697141
1604.8500000000	0.0057586401
1604.8600000000	0.0062552520
1604.8700000000	0.0061404228
1604.8800000000	0.0055976480
1604.8900000000	0.0050572286
1604.9000000000	0.0050209953
1604.9100000000	0.0056826333
1604.9200000000	0.0065322562
1604.9300000000	0.0068407856
1604.9400000000	0.0062656870
1604.9500000000	0.0051187001
1604.9600000000	0.0042124407
1604.9700000000	0.0041416546
1604.9800000000	0.0049102219
1604.9900000000	0.0059473229
1605.0000000000	0.0066341208
1605.0100000000	0.0065842117
1605.0200000000	0.0058684864
1605.0300000000	0.0051960900
1605.0400000000	0.0051676931
1605.0500000000	0.0057892697
1605.0600000000	0.0064495660
1605.0700000000	0.0063990250
1605.0800000000	0.0055640994
1605.0900000000	0.0043812776
1605.1000000000	0.0035984619
1605.1100000000	0.0036503707
1605.1200000000	0.0044800576
1605.1300000000	0.0054557807
1605.1400000000	0.0060052072
1605.1500000000	0.0059923186
1605.1600000000	0.0055009227
1605.1700000000	0.0049447083
1605.1800000000	0.0048637292
1605.1900000000	0.0054737569
1605.2000000000	0.0063465011
1605.2100000000	0.0068165260
1605.2200000000	0.0064971769
1605.2300000000	0.0055534080
1605.2400000000	0.0047802263
1605.2500000000	0.0047617794
1605.2600000000	0.0054478130
1605.2700000000	0.0065238758
1605.2800000000	0.0073928276
1605.2900000000	0.0074866599
1605.3000000000	0.0070508208
1605.3100000000	0.0065182981
1605.3200000000	0.0063691903
1605.3300000000	0.0069466163
1605.3400000000	0.0076273785
1605.3500000000	0.0075542823
1605.3600000000	0.0066430609
1605.3700000000	0.0053766092
1605.3800000000	0.0044024326
1605.3900000000	0.0043113247
1605.4000000000	0.0050384125
1605.4100000000	0.0059148631
1605.4200000000	0.0064602043
1605.4300000000	0.0065201310
1605.4400000000	0.0060788852
1605.4500000000	0.0054823973
1605.4600000000	0.0052843679
1605.4700000000	0.0057721948
1605.4800000000	0.0065841690
1605.4900000000	0.0070651103
1605.5000000000	0.0067888882
1605.5100000000	0.0058157337
1605.5200000000	0.0048181400
1605.5300000000	0.0044741565
1605.5400000000	0.0049322958
1605.5500000000	0.0058864205
1605.5600000000	0.0067962953
1605.5700000000	0.0070780813
1605.5800000000	0.0066648215
1605.5900000000	0.0059694821
1605.6000000000	0.0056889474
1605.6100000000	0.0060964157
1605.6200000000	0.0066689039
1605.6300000000	0.0068218360
1605.6400000000	0.0062940007
1605.6500000000	0.0051699444
1605.6600000000	0.0042677519
1605.6700000000	0.0042551514
1605.6800000000	0.0050654189
1605.6900000000	0.0060851397
1605.7000000000	0.0069301365
1605.7100000000	0.0072942166
1605.7200000000	0.0070497730
1605.7300000000	0.0066451393
1605.7400000000	0.0065430874
1605.7500000000	0.0068992536
1605.7600000000	0.0075362386
1605.7700000000	0.0079533835
1605.7800000000	0.0077245661
1605.7900000000	0.0067616558
1605.8000000000	0.0055934179
1605.8100000000	0.0050523096
1605.8200000000	0.0054503938
1605.8300000000	0.0064699511
1605.8400000000	0.0074406503
1605.8500000000	0.0079586298
1605.8600000000	0.0079061609
1605.8700000000	0.0072843689
1605.8800000000	0.0070561485
1605.8900000000	0.0078134003
1605.9000000000	0.0087798766
1605.9100000000	0.0091959781
1605.9200000000	0.0089161662
1605.9300000000	0.0078662409
1605.9400000000	0.0067109935
1605.9500000000	0.0062858646
1605.9600000000	0.0069105107
1605.9700000000	0.0077649270
1605.9800000000	0.0083280283
1605.9900000000	0.0086082085
1606.0000000000	0.0082582883
1606.0100000000	0.0075520652
1606.0200000000	0.0070924054
1606.0300000000	0.0071264396
1606.0400000000	0.0076445463
1606.0500000000	0.0082155868
1606.0600000000	0.0080764524
1606.0700000000	0.0070303563
1606.0800000000	0.0057573346
1606.0900000000	0.0048685512
1606.1000000000	0.0048646108
1606.1100000000	0.0057338060
1606.1200000000	0.0066409155
1606.1300000000	0.0071207839
1606.1400000000	0.0070612416
1606.1500000000	0.0065511748
1606.1600000000	0.0062301495
1606.1700000000	0.0066069296
1606.1800000000	0.0073126602
1606.1900000000	0.0078529048
1606.2000000000	0.0077157213
1606.2100000000	0.0066926828
1606.2200000000	0.0054631369
1606.2300000000	0.0049268288
1606.2400000000	0.0051153509
1606.2500000000	0.0058983479
1606.2600000000	0.0068760049
1606.2700000000	0.0073245313
1606.2800000000	0.0071135366
1606.2900000000	0.0065569683
1606.3000000000	0.0062153910
1606.3100000000	0.0064106589
1606.3200000000	0.0072007085
1606.3300000000	0.0078839790
1606.3400000000	0.0078590933
1606.3500000000	0.0072211622
1606.3600000000	0.0061463800
1606.3700000000	0.0052032983
1606.3800000000	0.0052041889
1606.3900000000	0.0060938625
1606.4000000000	0.0071313586
1606.4100000000	0.0078789650
1606.4200000000	0.0080856761
1606.4300000000	0.0075627459
1606.4400000000	0.0071290436
1606.4500000000	0.0074727294
1606.4600000000	0.0083659432
1606.4700000000	0.0092277565
1606.4800000000	0.0096691136
1606.4900000000	0.0088306303
1606.5000000000	0.0075418046
1606.5100000000	0.0066598860
1606.5200000000	0.0062192094
1606.5300000000	0.0065145582
1606.5400000000	0.0071517736
1606.5500000000	0.0074597685
1606.5600000000	0.0070692939
1606.5700000000	0.0063023335
1606.5800000000	0.0055292046
1606.5900000000	0.0051771058
1606.6000000000	0.0055530408
1606.6100000000	0.0062803513
1606.6200000000	0.0066378078
1606.6300000000	0.0062761423
1606.6400000000	0.0054035604
1606.6500000000	0.0045537093
1606.6600000000	0.0044692285
1606.6700000000	0.0053692335
1606.6800000000	0.0063927728
1606.6900000000	0.0073340872
1606.7000000000	0.0079077563
1606.7100000000	0.0077310339
1606.7200000000	0.0073238817
1606.7300000000	0.0072941020
1606.7400000000	0.0078313469
1606.7500000000	0.0086065479
1606.7600000000	0.0088271642
1606.7700000000	0.0080828499
1606.7800000000	0.0068721034
1606.7900000000	0.0058624604
1606.8000000000	0.0053569381
1606.8100000000	0.0056776723
1606.8200000000	0.0065455452
1606.8300000000	0.0072750918
1606.8400000000	0.0072411481
1606.8500000000	0.0066430599
1606.8600000000	0.0058990820
1606.8700000000	0.0056190127
1606.8800000000	0.0059998196
1606.8900000000	0.0066871447
1606.9000000000	0.0071589041
1606.9100000000	0.0070242178
1606.9200000000	0.0062318795
1606.9300000000	0.0052093311
1606.9400000000	0.0046429696
1606.9500000000	0.0047816520
1606.9600000000	0.0054497868
1606.9700000000	0.0063526853
1606.9800000000	0.0067674898
1606.9900000000	0.0064528466
1607.0000000000	0.0058807671
1607.0100000000	0.0054911585
1607.0200000000	0.0057054375
1607.0300000000	0.0065080269
1607.0400000000	0.0071276577
1607.0500000000	0.0068247584
1607.0600000000	0.0059689752
1607.0700000000	0.0052016525
1607.0800000000	0.0048489972
1607.0900000000	0.0053944653
1607.1000000000	0.0064313924
1607.1100000000	0.0073156864
1607.1200000000	0.0077164316
1607.1300000000	0.0076244222
1607.1400000000	0.0071664484
1607.1500000000	0.0068494948
1607.1600000000	0.0070899987
1607.1700000000	0.0077170902
1607.1800000000	0.0081836579
1607.1900000000	0.0080100889
1607.2000000000	0.0070332444
1607.2100000000	0.0057134289
1607.2200000000	0.0048737304
1607.2300000000	0.0046928262
1607.2400000000	0.0052202934
1607.2500000000	0.0062089403
1607.2600000000	0.0068240295
1607.2700000000	0.0069086771
1607.2800000000	0.0063606715
1607.2900000000	0.0058824161
1607.3000000000	0.0059403982
1607.3100000000	0.0066162434
1607.3200000000	0.0072664389
1607.3300000000	0.0073086271
1607.3400000000	0.0067026501
1607.3500000000	0.0057384532
1607.3600000000	0.0050228993
1607.3700000000	0.0053168738
1607.3800000000	0.0062529990
1607.3900000000	0.0072549158
1607.4000000000	0.0078804129
1607.4100000000	0.0080017635
1607.4200000000	0.0075004910
1607.4300000000	0.0069929737
1607.4400000000	0.0070033932
1607.4500000000	0.0073946124
1607.4600000000	0.0078132680
1607.4700000000	0.0079247464
1607.4800000000	0.0074516787
1607.4900000000	0.0064523697
1607.5000000000	0.0055346536
1607.5100000000	0.0052128598
1607.5200000000	0.0055704077
1607.5300000000	0.0063570187
1607.5400000000	0.0069648595
1607.5500000000	0.0070020296
1607.5600000000	0.0065597516
1607.5700000000	0.0059458398
1607.5800000000	0.0055449228
1607.5900000000	0.0058707519
1607.6000000000	0.0065625199
1607.6100000000	0.0066379053
1607.6200000000	0.0059208134
1607.6300000000	0.0048076466
1607.6400000000	0.0038527505
1607.6500000000	0.0037815797
1607.6600000000	0.0044634457
1607.6700000000	0.0053909346
1607.6800000000	0.0061782441
1607.6900000000	0.0064423329
1607.7000000000	0.0061498457
1607.7100000000	0.0056738492
1607.7200000000	0.0056110710
1607.7300000000	0.0060435575
1607.7400000000	0.0067520488
1607.7500000000	0.0073158830
1607.7600000000	0.0071680463
1607.7700000000	0.0062997441
1607.7800000000	0.0053537719
1607.7900000000	0.0049268060
1607.8000000000	0.0052573702
1607.8100000000	0.0062047952
1607.8200000000	0.0072173087
1607.8300000000	0.0076241861
1607.8400000000	0.0072552361
1607.8500000000	0.0065591472
1607.8600000000	0.0060823906
1607.8700000000	0.0062888980
1607.8800000000	0.0069500263
1607.8900000000	0.0072590929
1607.9000000000	0.0069418727
1607.9100000000	0.0059117370
1607.9200000000	0.0046553938
1607.9300000000	0.0040304351
1607.9400000000	0.0043278371
1607.9500000000	0.0050924931
1607.9600000000	0.0059421209
1607.9700000000	0.0063343627
1607.9800000000	0.0060369926
1607.9900000000	0.0054592493
1608.0000000000	0.0051795838
1608.0100000000	0.0053412967
1608.0200000000	0.0057923538
1608.0300000000	0.0061663235
1608.0400000000	0.0060662572
1608.0500000000	0.0053930365
1608.0600000000	0.0043551165
1608.0700000000	0.0034771511
1608.0800000000	0.0032714648
1608.0900000000	0.0037479791
1608.1000000000	0.0045875209
1608.1100000000	0.0052246495
1608.1200000000	0.0052818598
1608.1300000000	0.0047910853
1608.1400000000	0.0042161796
1608.1500000000	0.0040895507
1608.1600000000	0.0046720073
1608.1700000000	0.0053767338
1608.1800000000	0.0054810213
1608.1900000000	0.0047659117
1608.2000000000	0.0036919518
1608.2100000000	0.0029508010
1608.2200000000	0.0029825802
1608.2300000000	0.0036870692
1608.2400000000	0.0046209449
1608.2500000000	0.0052638289
1608.2600000000	0.0052822010
1608.2700000000	0.0047995383
1608.2800000000	0.0043594307
1608.2900000000	0.0044167802
1608.3000000000	0.0049584484
1608.3100000000	0.0056893602
1608.3200000000	0.0059793732
1608.3300000000	0.0055700602
1608.3400000000	0.0046463384
1608.3500000000	0.0036985370
1608.3600000000	0.0032980551
1608.3700000000	0.0036222971
1608.3800000000	0.0044384263
1608.3900000000	0.0052536301
1608.4000000000	0.0055611128
1608.4100000000	0.0052410268
1608.4200000000	0.0046270707
1608.4300000000	0.0042991463
1608.4400000000	0.0046277933
1608.4500000000	0.0054052792
1608.4600000000	0.0060408705
1608.4700000000	0.0058481655
1608.4800000000	0.0049708571
1608.4900000000	0.0041146642
1608.5000000000	0.0037616175
1608.5100000000	0.0042495908
1608.5200000000	0.0052212844
1608.5300000000	0.0061304525
1608.5400000000	0.0065068968
1608.5500000000	0.0063841051
1608.5600000000	0.0059550475
1608.5700000000	0.0057272372
1608.5800000000	0.0061288677
1608.5900000000	0.0068328384
1608.6000000000	0.0072325114
1608.6100000000	0.0070256073
1608.6200000000	0.0062210088
1608.6300000000	0.0051140076
1608.6400000000	0.0042657097
1608.6500000000	0.0041094097
1608.6600000000	0.0045952793
1608.6700000000	0.0052429036
1608.6800000000	0.0057517133
1608.6900000000	0.0057589306
1608.7000000000	0.0051778386
1608.7100000000	0.0044977740
1608.7200000000	0.0043722664
1608.7300000000	0.0048948017
1608.7400000000	0.0055206635
1608.7500000000	0.0056153868
1608.7600000000	0.0048020617
1608.7700000000	0.0035461474
1608.7800000000	0.0028333546
1608.7900000000	0.0029280641
1608.8000000000	0.0036210437
1608.8100000000	0.0044772018
1608.8200000000	0.0050102472
1608.8300000000	0.0049632911
1608.8400000000	0.0044934118
1608.8500000000	0.0041008963
1608.8600000000	0.0040897319
1608.8700000000	0.0045432610
1608.8800000000	0.0052892810
1608.8900000000	0.0055502670
1608.9000000000	0.0050822253
1608.9100000000	0.0041412513
1608.9200000000	0.0032920517
1608.9300000000	0.0030369932
1608.9400000000	0.0035036832
1608.9500000000	0.0043603919
1608.9600000000	0.0051087737
1608.9700000000	0.0053916301
1608.9800000000	0.0050971131
1608.9900000000	0.0045095776
1609.0000000000	0.0042478477
1609.0100000000	0.0046149858
1609.0200000000	0.0052858639
1609.0300000000	0.0057027754
1609.0400000000	0.0053223989
1609.0500000000	0.0042541156
1609.0600000000	0.0032279283
1609.0700000000	0.0028315676
1609.0800000000	0.0032148149
1609.0900000000	0.0040494001
1609.1000000000	0.0048520891
1609.1100000000	0.0051713809
1609.1200000000	0.0047559285
1609.1300000000	0.0041419852
1609.1400000000	0.0038387388
1609.1500000000	0.0042075699
1609.1600000000	0.0049731001
1609.1700000000	0.0054811977
1609.1800000000	0.0053405591
1609.1900000000	0.0046119208
1609.2000000000	0.0037234291
1609.2100000000	0.0031853344
1609.2200000000	0.0033059201
1609.2300000000	0.0040427129
1609.2400000000	0.0049680029
1609.2500000000	0.0056290439
1609.2600000000	0.0057233364
1609.2700000000	0.0052414666
1609.2800000000	0.0046924735
1609.2900000000	0.0046636402
1609.3000000000	0.0052797658
1609.3100000000	0.0059314242
1609.3200000000	0.0059160423
1609.3300000000	0.0051454907
1609.3400000000	0.0040540993
1609.3500000000	0.0032835531
1609.3600000000	0.0032244379
1609.3700000000	0.0038241892
1609.3800000000	0.0046854869
1609.3900000000	0.0052648671
1609.4000000000	0.0051799661
1609.4100000000	0.0046429107
1609.4200000000	0.0040350972
1609.4300000000	0.0039837249
1609.4400000000	0.0046633285
1609.4500000000	0.0054442257
1609.4600000000	0.0057691250
1609.4700000000	0.0053565677
1609.4800000000	0.0045484911
1609.4900000000	0.0037663396
1609.5000000000	0.0035186925
1609.5100000000	0.0038994981
1609.5200000000	0.0046660277
1609.5300000000	0.0054242003
1609.5400000000	0.0056932531
1609.5500000000	0.0052613525
1609.5600000000	0.0045763613
1609.5700000000	0.0042241505
1609.5800000000	0.0044471118
1609.5900000000	0.0050206738
1609.6000000000	0.0053439580
1609.6100000000	0.0049655152
1609.6200000000	0.0039640453
1609.6300000000	0.0030395367
1609.6400000000	0.0026517495
1609.6500000000	0.0029830281
1609.6600000000	0.0038724012
1609.6700000000	0.0046634642
1609.6800000000	0.0050410939
1609.6900000000	0.0048057616
1609.7000000000	0.0042231732
1609.7100000000	0.0039610925
1609.7200000000	0.0043815458
1609.7300000000	0.0052433464
1609.7400000000	0.0058717661
1609.7500000000	0.0058715741
1609.7600000000	0.0051965344
1609.7700000000	0.0044099446
1609.7800000000	0.0040455512
1609.7900000000	0.0042811084
1609.8000000000	0.0050256592
1609.8100000000	0.0060299147
1609.8200000000	0.0067308257
1609.8300000000	0.0067145666
1609.8400000000	0.0063371554
1609.8500000000	0.0059398806
1609.8600000000	0.0058060998
1609.8700000000	0.0063095914
1609.8800000000	0.0071283076
1609.8900000000	0.0072926123
1609.9000000000	0.0064324128
1609.9100000000	0.0052905118
1609.9200000000	0.0045308455
1609.9300000000	0.0046120268
1609.9400000000	0.0052145921
1609.9500000000	0.0059033068
1609.9600000000	0.0064611347
1609.9700000000	0.0066834218
1609.9800000000	0.0062877026
1609.9900000000	0.0058315307
1610.0000000000	0.0059855998
1610.0100000000	0.0066584350
1610.0200000000	0.0074199588
1610.0300000000	0.0077670913
1610.0400000000	0.0072616638
1610.0500000000	0.0064299235
1610.0600000000	0.0054564870
1610.0700000000	0.0051173902
1610.0800000000	0.0055451665
1610.0900000000	0.0065326069
1610.1000000000	0.0073703215
1610.1100000000	0.0075401966
1610.1200000000	0.0072494743
1610.1300000000	0.0067417428
1610.1400000000	0.0062584242
1610.1500000000	0.0063649641
1610.1600000000	0.0069767751
1610.1700000000	0.0073139296
1610.1800000000	0.0069587701
1610.1900000000	0.0060913530
1610.2000000000	0.0049176815
1610.2100000000	0.0041871710
1610.2200000000	0.0042389718
1610.2300000000	0.0045731714
1610.2400000000	0.0052815353
1610.2500000000	0.0056107694
1610.2600000000	0.0053236990
1610.2700000000	0.0045450835
1610.2800000000	0.0040758740
1610.2900000000	0.0041922565
1610.3000000000	0.0048914242
1610.3100000000	0.0056551127
1610.3200000000	0.0056696932
1610.3300000000	0.0050643411
1610.3400000000	0.0042958361
1610.3500000000	0.0038994630
1610.3600000000	0.0039999363
1610.3700000000	0.0045133723
1610.3800000000	0.0053165105
1610.3900000000	0.0060677302
1610.4000000000	0.0064093858
1610.4100000000	0.0061539267
1610.4200000000	0.0056533553
1610.4300000000	0.0056404874
1610.4400000000	0.0062147120
1610.4500000000	0.0068695123
1610.4600000000	0.0070977786
1610.4700000000	0.0064751682
1610.4800000000	0.0053014709
1610.4900000000	0.0045673710
1610.5000000000	0.0046014572
1610.5100000000	0.0052504013
1610.5200000000	0.0062694198
1610.5300000000	0.0070345857
1610.5400000000	0.0071740280
1610.5500000000	0.0066076665
1610.5600000000	0.0062354558
1610.5700000000	0.0061467849
1610.5800000000	0.0066749248
1610.5900000000	0.0074128641
1610.6000000000	0.0075642031
1610.6100000000	0.0072179508
1610.6200000000	0.0064608133
1610.6300000000	0.0054297954
1610.6400000000	0.0047300010
1610.6500000000	0.0049695792
1610.6600000000	0.0058022684
1610.6700000000	0.0063949150
1610.6800000000	0.0066712326
1610.6900000000	0.0065715460
1610.7000000000	0.0060446104
1610.7100000000	0.0054306372
1610.7200000000	0.0055274233
1610.7300000000	0.0061211115
1610.7400000000	0.0065084029
1610.7500000000	0.0061508624
1610.7600000000	0.0050543987
1610.7700000000	0.0038195584
1610.7800000000	0.0031439173
1610.7900000000	0.0032951165
1610.8000000000	0.0040589439
1610.8100000000	0.0049753429
1610.8200000000	0.0055569514
1610.8300000000	0.0056065201
1610.8400000000	0.0053757015
1610.8500000000	0.0050240848
1610.8600000000	0.0052765047
1610.8700000000	0.0060144856
1610.8800000000	0.0066157244
1610.8900000000	0.0067292137
1610.9000000000	0.0061016296
1610.9100000000	0.0051042213
1610.9200000000	0.0044977573
1610.9300000000	0.0044977573
1610.9400000000	0.0051222351
1610.9500000000	0.0058553951
1610.9600000000	0.0068338703
1610.9700000000	0.0073259463
1610.9800000000	0.0068261275
1610.9900000000	0.0061143117
1611.0000000000	0.0058357100
1611.0100000000	0.0062620350
1611.0200000000	0.0070559100
1611.0300000000	0.0075369462
1611.0400000000	0.0070890836
1611.0500000000	0.0064543905
1611.0600000000	0.0057488070
1611.0700000000	0.0055764888
1611.0800000000	0.0061713088
1611.0900000000	0.0071210663
1611.1000000000	0.0077306461
1611.1100000000	0.0082138341
1611.1200000000	0.0082579985
1611.1300000000	0.0076431227
1611.1400000000	0.0070941592
1611.1500000000	0.0075044330
1611.1600000000	0.0080943034
1611.1700000000	0.0083148718
1611.1800000000	0.0079660058
1611.1900000000	0.0071089206
1611.2000000000	0.0059658119
1611.2100000000	0.0054302162
1611.2200000000	0.0055085463
1611.2300000000	0.0058398098
1611.2400000000	0.0064801722
1611.2500000000	0.0072421427
1611.2600000000	0.0069305420
1611.2700000000	0.0062439183
1611.2800000000	0.0055944930
1611.2900000000	0.0055142169
1611.3000000000	0.0060433304
1611.3100000000	0.0066346745
1611.3200000000	0.0067037705
1611.3300000000	0.0061009042
1611.3400000000	0.0050741164
1611.3500000000	0.0043613565
1611.3600000000	0.0044798803
1611.3700000000	0.0052217946
1611.3800000000	0.0060105545
1611.3900000000	0.0066723766
1611.4000000000	0.0070882108
1611.4100000000	0.0070378123
1611.4200000000	0.0068211137
1611.4300000000	0.0068608404
1611.4400000000	0.0073841009
1611.4500000000	0.0081864345
1611.4600000000	0.0086903874
1611.4700000000	0.0084187821
1611.4800000000	0.0073715673
1611.4900000000	0.0062875296
1611.5000000000	0.0058366975
1611.5100000000	0.0058335108
1611.5200000000	0.0061603619
1611.5300000000	0.0070133543
1611.5400000000	0.0074909243
1611.5500000000	0.0070816835
1611.5600000000	0.0062635594
1611.5700000000	0.0054631382
1611.5800000000	0.0051914089
1611.5900000000	0.0056776771
1611.6000000000	0.0059957776
1611.6100000000	0.0058879244
1611.6200000000	0.0051690340
1611.6300000000	0.0039676726
1611.6400000000	0.0031799720
1611.6500000000	0.0032726170
1611.6600000000	0.0038527719
1611.6700000000	0.0045230297
1611.6800000000	0.0050476908
1611.6900000000	0.0051023450
1611.7000000000	0.0047646530
1611.7100000000	0.0045334968
1611.7200000000	0.0047319398
1611.7300000000	0.0053292318
1611.7400000000	0.0058964545
1611.7500000000	0.0059279603
1611.7600000000	0.0053797191
1611.7700000000	0.0047460041
1611.7800000000	0.0040673137
1611.7900000000	0.0036795564
1611.8000000000	0.0039936893
1611.8100000000	0.0048410240
1611.8200000000	0.0054663912
1611.8300000000	0.0056147472
1611.8400000000	0.0053834054
1611.8500000000	0.0048018647
1611.8600000000	0.0044551705
1611.8700000000	0.0047209768
1611.8800000000	0.0053806883
1611.8900000000	0.0057224638
1611.9000000000	0.0054981431
1611.9100000000	0.0044533431
1611.9200000000	0.0032698001
1611.9300000000	0.0027498084
1611.9400000000	0.0029473910
1611.9500000000	0.0036038786
1611.9600000000	0.0042762796
1611.9700000000	0.0045147425
1611.9800000000	0.0042746520
1611.9900000000	0.0037373509
1612.0000000000	0.0033709405
1612.0100000000	0.0035656464
1612.0200000000	0.0041653363
1612.0300000000	0.0046524480
1612.0400000000	0.0045717020
1612.0500000000	0.0039593950
1612.0600000000	0.0031390521
1612.0700000000	0.0025312149
1612.0800000000	0.0025131728
1612.0900000000	0.0030234774
1612.1000000000	0.0037955182
1612.1100000000	0.0045146119
1612.1200000000	0.0048153612
1612.1300000000	0.0045609615
1612.1400000000	0.0041239795
1612.1500000000	0.0039242596
1612.1600000000	0.0042292430
1612.1700000000	0.0049850719
1612.1800000000	0.0053715185
1612.1900000000	0.0049669939
1612.2000000000	0.0041282854
1612.2100000000	0.0034006447
1612.2200000000	0.0032527213
1612.2300000000	0.0039121303
1612.2400000000	0.0047082720
1612.2500000000	0.0052732528
1612.2600000000	0.0055336050
1612.2700000000	0.0053562199
1612.2800000000	0.0049163132
1612.2900000000	0.0047678910
1612.3000000000	0.0050843536
1612.3100000000	0.0054574801
1612.3200000000	0.0056201902
1612.3300000000	0.0054348795
1612.3400000000	0.0046765277
1612.3500000000	0.0035296261
1612.3600000000	0.0026962560
1612.3700000000	0.0026293690
1612.3800000000	0.0031643037
1612.3900000000	0.0038555625
1612.4000000000	0.0042524265
1612.4100000000	0.0042175252
1612.4200000000	0.0037025615
1612.4300000000	0.0032004734
1612.4400000000	0.0031932503
1612.4500000000	0.0036086787
1612.4600000000	0.0042452988
1612.4700000000	0.0044793223
1612.4800000000	0.0040955360
1612.4900000000	0.0032660997
1612.5000000000	0.0025091685
1612.5100000000	0.0024808725
1612.5200000000	0.0031962099
1612.5300000000	0.0041044499
1612.5400000000	0.0047636188
1612.5500000000	0.0049457776
1612.5600000000	0.0046808327
1612.5700000000	0.0043381355
1612.5800000000	0.0043923156
1612.5900000000	0.0049560845
1612.6000000000	0.0056146580
1612.6100000000	0.0059448012
1612.6200000000	0.0056924535
1612.6300000000	0.0050096837
1612.6400000000	0.0042877150
1612.6500000000	0.0038184157
1612.6600000000	0.0039782820
1612.6700000000	0.0045775219
1612.6800000000	0.0053337959
1612.6900000000	0.0057566936
1612.7000000000	0.0056511240
1612.7100000000	0.0049968925
1612.7200000000	0.0044187608
1612.7300000000	0.0045181318
1612.7400000000	0.0051272760
1612.7500000000	0.0055982999
1612.7600000000	0.0054720767
1612.7700000000	0.0048584305
1612.7800000000	0.0038196176
1612.7900000000	0.0031149688
1612.8000000000	0.0031125246
1612.8100000000	0.0035791257
1612.8200000000	0.0042151547
1612.8300000000	0.0046206914
1612.8400000000	0.0044539469
1612.8500000000	0.0039928654
1612.8600000000	0.0036533581
1612.8700000000	0.0037310104
1612.8800000000	0.0042736786
1612.8900000000	0.0048814519
1612.9000000000	0.0050141422
1612.9100000000	0.0045141021
1612.9200000000	0.0036850293
1612.9300000000	0.0029245353
1612.9400000000	0.0025944867
1612.9500000000	0.0028255151
1612.9600000000	0.0035524939
1612.9700000000	0.0042857016
1612.9800000000	0.0046595769
1612.9900000000	0.0044149330
1613.0000000000	0.0037635336
1613.0100000000	0.0034750109
1613.0200000000	0.0037752321
1613.0300000000	0.0044800716
1613.0400000000	0.0050713038
1613.0500000000	0.0050995107
1613.0600000000	0.0042375865
1613.0700000000	0.0032098114
1613.0800000000	0.0025315981
1613.0900000000	0.0025897401
1613.1000000000	0.0032745105
1613.1100000000	0.0040679967
1613.1200000000	0.0044869272
1613.1300000000	0.0043388604
1613.1400000000	0.0038953427
1613.1500000000	0.0034966084
1613.1600000000	0.0036196109
1613.1700000000	0.0042017985
1613.1800000000	0.0046634394
1613.1900000000	0.0046478536
1613.2000000000	0.0040830682
1613.2100000000	0.0032293118
1613.2200000000	0.0025482387
1613.2300000000	0.0023288546
1613.2400000000	0.0026216719
1613.2500000000	0.0032665171
1613.2600000000	0.0039149421
1613.2700000000	0.0041756119
1613.2800000000	0.0038999186
1613.2900000000	0.0033431139
1613.3000000000	0.0031458587
1613.3100000000	0.0034579767
1613.3200000000	0.0040665051
1613.3300000000	0.0045258927
1613.3400000000	0.0043411922
1613.3500000000	0.0036690076
1613.3600000000	0.0029245423
1613.3700000000	0.0026107700
1613.3800000000	0.0029684082
1613.3900000000	0.0037148160
1613.4000000000	0.0044427115
1613.4100000000	0.0048002848
1613.4200000000	0.0045671803
1613.4300000000	0.0040816576
1613.4400000000	0.0039835183
1613.4500000000	0.0043400334
1613.4600000000	0.0047866058
1613.4700000000	0.0051423938
1613.4800000000	0.0050295701
1613.4900000000	0.0043343029
1613.5000000000	0.0033808361
1613.5100000000	0.0027058715
1613.5200000000	0.0024426855
1613.5300000000	0.0028450497
1613.5400000000	0.0037276597
1613.5500000000	0.0043629932
1613.5600000000	0.0045692946
1613.5700000000	0.0042888706
1613.5800000000	0.0039328438
1613.5900000000	0.0037522214
1613.6000000000	0.0041977805
1613.6100000000	0.0049824519
1613.6200000000	0.0052128598
1613.6300000000	0.0047319969
1613.6400000000	0.0039271672
1613.6500000000	0.0030909012
1613.6600000000	0.0025917091
1613.6700000000	0.0028758523
1613.6800000000	0.0035736473
1613.6900000000	0.0042245818
1613.7000000000	0.0045136809
1613.7100000000	0.0043075603
1613.7200000000	0.0037826798
1613.7300000000	0.0035585426
1613.7400000000	0.0039034244
1613.7500000000	0.0044528078
1613.7600000000	0.0046736912
1613.7700000000	0.0043551028
1613.7800000000	0.0036035512
1613.7900000000	0.0027669286
1613.8000000000	0.0021344560
1613.8100000000	0.0020075155
1613.8200000000	0.0024506076
1613.8300000000	0.0032147708
1613.8400000000	0.0038948799
1613.8500000000	0.0042233924
1613.8600000000	0.0040308143
1613.8700000000	0.0036449465
1613.8800000000	0.0037605032
1613.8900000000	0.0043944938
1613.9000000000	0.0051673445
1613.9100000000	0.0057018743
1613.9200000000	0.0054836331
1613.9300000000	0.0045643320
1613.9400000000	0.0037699776
1613.9500000000	0.0033634767
1613.9600000000	0.0035979727
1613.9700000000	0.0043963406
1613.9800000000	0.0050708988
1613.9900000000	0.0051111544
1614.0000000000	0.0047049355
1614.0100000000	0.0043129079
1614.0200000000	0.0041180694
1614.0300000000	0.0042238903
1614.0400000000	0.0047322842
1614.0500000000	0.0050457660
1614.0600000000	0.0047191720
1614.0700000000	0.0039972071
1614.0800000000	0.0031775752
1614.0900000000	0.0026027230
1614.1000000000	0.0026553265
1614.1100000000	0.0032518416
1614.1200000000	0.0040760702
1614.1300000000	0.0048122259
1614.1400000000	0.0050648738
1614.1500000000	0.0048616984
1614.1600000000	0.0047179748
1614.1700000000	0.0049161874
1614.1800000000	0.0054757777
1614.1900000000	0.0064003561
1614.2000000000	0.0069540174
1614.2100000000	0.0065500273
1614.2200000000	0.0054735192
1614.2300000000	0.0044780051
1614.2400000000	0.0040821243
1614.2500000000	0.0044148010
1614.2600000000	0.0050291285
1614.2700000000	0.0054720804
1614.2800000000	0.0055257187
1614.2900000000	0.0050947540
1614.3000000000	0.0043738715
1614.3100000000	0.0039451867
1614.3200000000	0.0041260398
1614.3300000000	0.0045557497
1614.3400000000	0.0047775136
1614.3500000000	0.0044651243
1614.3600000000	0.0036403323
1614.3700000000	0.0027530435
1614.3800000000	0.0022139104
1614.3900000000	0.0022795493
1614.4000000000	0.0026931760
1614.4100000000	0.0036006947
1614.4200000000	0.0043936671
1614.4300000000	0.0044949253
1614.4400000000	0.0043526174
1614.4500000000	0.0041402459
1614.4600000000	0.0042167308
1614.4700000000	0.0047173668
1614.4800000000	0.0052165082
1614.4900000000	0.0053703295
1614.5000000000	0.0047969723
1614.5100000000	0.0038488261
1614.5200000000	0.0029658615
1614.5300000000	0.0026848151
1614.5400000000	0.0030805497
1614.5500000000	0.0036702838
1614.5600000000	0.0041902579
1614.5700000000	0.0042949048
1614.5800000000	0.0039060555
1614.5900000000	0.0034105921
1614.6000000000	0.0032668572
1614.6100000000	0.0036828250
1614.6200000000	0.0042761821
1614.6300000000	0.0046715908
1614.6400000000	0.0043561263
1614.6500000000	0.0035476898
1614.6600000000	0.0027559672
1614.6700000000	0.0021667986
1614.6800000000	0.0021434226
1614.6900000000	0.0028342691
1614.7000000000	0.0036806610
1614.7100000000	0.0042064668
1614.7200000000	0.0043869409
1614.7300000000	0.0040782663
1614.7400000000	0.0036178392
1614.7500000000	0.0037790393
1614.7600000000	0.0045184799
1614.7700000000	0.0050290187
1614.7800000000	0.0054944691
1614.7900000000	0.0052364490
1614.8000000000	0.0042869157
1614.8100000000	0.0034872943
1614.8200000000	0.0031833094
1614.8300000000	0.0035180016
1614.8400000000	0.0041228877
1614.8500000000	0.0049093038
1614.8600000000	0.0050206303
1614.8700000000	0.0045766675
1614.8800000000	0.0041282050
1614.8900000000	0.0041310151
1614.9000000000	0.0045894591
1614.9100000000	0.0054142882
1614.9200000000	0.0059949067
1614.9300000000	0.0059000318
1614.9400000000	0.0053022454
1614.9500000000	0.0044140188
1614.9600000000	0.0038010399
1614.9700000000	0.0039173599
1614.9800000000	0.0045456741
1614.9900000000	0.0050835135
1615.0000000000	0.0054811888
1615.0100000000	0.0054433142
1615.0200000000	0.0051818008
1615.0300000000	0.0048338485
1615.0400000000	0.0046595535
1615.0500000000	0.0049235940
1615.0600000000	0.0054214270
1615.0700000000	0.0055648714
1615.0800000000	0.0048350682
1615.0900000000	0.0036128183
1615.1000000000	0.0027531506
1615.1100000000	0.0023252550
1615.1200000000	0.0026945267
1615.1300000000	0.0034188692
1615.1400000000	0.0039730101
1615.1500000000	0.0040784101
1615.1600000000	0.0039027815
1615.1700000000	0.0035279908
1615.1800000000	0.0034760249
1615.1900000000	0.0039110870
1615.2000000000	0.0045243006
1615.2100000000	0.0049089508
1615.2200000000	0.0048415777
1615.2300000000	0.0041943397
1615.2400000000	0.0031390593
1615.2500000000	0.0023819504
1615.2600000000	0.0023331925
1615.2700000000	0.0026152202
1615.2800000000	0.0032400766
1615.2900000000	0.0037618224
1615.3000000000	0.0037486803
1615.3100000000	0.0032760629
1615.3200000000	0.0028470125
1615.3300000000	0.0029160292
1615.3400000000	0.0033805033
1615.3500000000	0.0040694404
1615.3600000000	0.0043632273
1615.3700000000	0.0040624547
1615.3800000000	0.0034096665
1615.3900000000	0.0027377803
1615.4000000000	0.0025414449
1615.4100000000	0.0030924354
1615.4200000000	0.0039372758
1615.4300000000	0.0044483607
1615.4400000000	0.0047409703
1615.4500000000	0.0045850106
1615.4600000000	0.0041015890
1615.4700000000	0.0040501311
1615.4800000000	0.0044846736
1615.4900000000	0.0050465720
1615.5000000000	0.0054631382
1615.5100000000	0.0052548622
1615.5200000000	0.0045751542
1615.5300000000	0.0037902150
1615.5400000000	0.0031851327
1615.5500000000	0.0030441772
1615.5600000000	0.0033700892
1615.5700000000	0.0039530132
1615.5800000000	0.0042946708
1615.5900000000	0.0043004171
1615.6000000000	0.0039571409
1615.6100000000	0.0035280808
1615.6200000000	0.0034794561
1615.6300000000	0.0040129372
1615.6400000000	0.0046379167
1615.6500000000	0.0047837898
1615.6600000000	0.0045074856
1615.6700000000	0.0036257966
1615.6800000000	0.0027785284
1615.6900000000	0.0026731640
1615.7000000000	0.0032581414
1615.7100000000	0.0039329290
1615.7200000000	0.0045235038
1615.7300000000	0.0048081462
1615.7400000000	0.0046422427
1615.7500000000	0.0042303048
1615.7600000000	0.0040414663
1615.7700000000	0.0041848479
1615.7800000000	0.0048174419
1615.7900000000	0.0053459635
1615.8000000000	0.0050805894
1615.8100000000	0.0042474644
1615.8200000000	0.0034041979
1615.8300000000	0.0027134080
1615.8400000000	0.0025475619
1615.8500000000	0.0029644008
1615.8600000000	0.0035162415
1615.8700000000	0.0038881513
1615.8800000000	0.0040693952
1615.8900000000	0.0037858502
1615.9000000000	0.0032562449
1615.9100000000	0.0031549930
1615.9200000000	0.0035826464
1615.9300000000	0.0040261788
1615.9400000000	0.0042460183
1615.9500000000	0.0039238448
1615.9600000000	0.0031283787
1615.9700000000	0.0022735572
1615.9800000000	0.0019521321
1615.9900000000	0.0021478710
1616.0000000000	0.0026662181
1616.0100000000	0.0033080946
1616.0200000000	0.0035165850
1616.0300000000	0.0032796493
1616.0400000000	0.0028144722
1616.0500000000	0.0025326476
1616.0600000000	0.0027963759
1616.0700000000	0.0034477611
1616.0800000000	0.0038913379
1616.0900000000	0.0038475744
1616.1000000000	0.0033432354
1616.1100000000	0.0026455038
1616.1200000000	0.0021031692
1616.1300000000	0.0020037429
1616.1400000000	0.0023503346
1616.1500000000	0.0028943788
1616.1600000000	0.0033676156
1616.1700000000	0.0035008245
1616.1800000000	0.0032316043
1616.1900000000	0.0028585762
1616.2000000000	0.0027604906
1616.2100000000	0.0031000643
1616.2200000000	0.0036659780
1616.2300000000	0.0040310575
1616.2400000000	0.0037707448
1616.2500000000	0.0030652789
1616.2600000000	0.0022893150
1616.2700000000	0.0019302335
1616.2800000000	0.0021067276
1616.2900000000	0.0027774504
1616.3000000000	0.0034406802
1616.3100000000	0.0038230385
1616.3200000000	0.0036941592
1616.3300000000	0.0034424338
1616.3400000000	0.0034178840
1616.3500000000	0.0035695826
1616.3600000000	0.0041889822
1616.3700000000	0.0047544341
1616.3800000000	0.0048001412
1616.3900000000	0.0042612305
1616.4000000000	0.0035783497
1616.4100000000	0.0030744930
1616.4200000000	0.0029245241
1616.4300000000	0.0032845032
1616.4400000000	0.0039389870
1616.4500000000	0.0043652584
1616.4600000000	0.0043090896
1616.4700000000	0.0039695820
1616.4800000000	0.0035985703
1616.4900000000	0.0034612180
1616.5000000000	0.0037855527
1616.5100000000	0.0043818500
1616.5200000000	0.0046765713
1616.5300000000	0.0043835275
1616.5400000000	0.0036502979
1616.5500000000	0.0026742506
1616.5600000000	0.0019850091
1616.5700000000	0.0022112685
1616.5800000000	0.0028361871
1616.5900000000	0.0035072419
1616.6000000000	0.0038068384
1616.6100000000	0.0036991055
1616.6200000000	0.0032792334
1616.6300000000	0.0030350446
1616.6400000000	0.0032048571
1616.6500000000	0.0036180508
1616.6600000000	0.0040192198
1616.6700000000	0.0041402459
1616.6800000000	0.0037115006
1616.6900000000	0.0029705977
1616.7000000000	0.0023194392
1616.7100000000	0.0020663977
1616.7200000000	0.0022726850
1616.7300000000	0.0028179761
1616.7400000000	0.0033993671
1616.7500000000	0.0036239089
1616.7600000000	0.0033993752
1616.7700000000	0.0029660215
1616.7800000000	0.0027614938
1616.7900000000	0.0030017657
1616.8000000000	0.0035023387
1616.8100000000	0.0038475355
1616.8200000000	0.0037430227
1616.8300000000	0.0031875013
1616.8400000000	0.0024001119
1616.8500000000	0.0018809247
1616.8600000000	0.0018858221
1616.8700000000	0.0023510072
1616.8800000000	0.0029288579
1616.8900000000	0.0032871431
1616.9000000000	0.0032718166
1616.9100000000	0.0030017563
1616.9200000000	0.0027092918
1616.9300000000	0.0028798424
1616.9400000000	0.0033893414
1616.9500000000	0.0038005541
1616.9600000000	0.0038094761
1616.9700000000	0.0034145941
1616.9800000000	0.0026606239
1616.9900000000	0.0019945553
1617.0000000000	0.0016730960
1617.0100000000	0.0017827895
1617.0200000000	0.0022933199
1617.0300000000	0.0029116538
1617.0400000000	0.0032895132
1617.0500000000	0.0032567015
1617.0600000000	0.0029874649
1617.0700000000	0.0028912981
1617.0800000000	0.0031948405
1617.0900000000	0.0038585509
1617.1000000000	0.0044857396
1617.1100000000	0.0046084059
1617.1200000000	0.0041778419
1617.1300000000	0.0034757606
1617.1400000000	0.0030064671
1617.1500000000	0.0031278871
1617.1600000000	0.0036329283
1617.1700000000	0.0043700739
1617.1800000000	0.0048047031
1617.1900000000	0.0047321348
1617.2000000000	0.0042556377
1617.2100000000	0.0039653428
1617.2200000000	0.0039560169
1617.2300000000	0.0042045595
1617.2400000000	0.0046158895
1617.2500000000	0.0046463889
1617.2600000000	0.0042441290
1617.2700000000	0.0036090021
1617.2800000000	0.0028285078
1617.2900000000	0.0023332070
1617.3000000000	0.0025174779
1617.3100000000	0.0032515345
1617.3200000000	0.0040353730
1617.3300000000	0.0044109833
1617.3400000000	0.0043905097
1617.3500000000	0.0040934821
1617.3600000000	0.0038205060
1617.3700000000	0.0038966570
1617.3800000000	0.0042279913
1617.3900000000	0.0045783156
1617.4000000000	0.0045934848
1617.4100000000	0.0040550652
1617.4200000000	0.0031158675
1617.4300000000	0.0022839909
1617.4400000000	0.0020066856
1617.4500000000	0.0022214638
1617.4600000000	0.0027603387
1617.4700000000	0.0032701709
1617.4800000000	0.0033105488
1617.4900000000	0.0029985404
1617.5000000000	0.0027833603
1617.5100000000	0.0027698378
1617.5200000000	0.0031825635
1617.5300000000	0.0038359527
1617.5400000000	0.0041573972
1617.5500000000	0.0039242867
1617.5600000000	0.0033893465
1617.5700000000	0.0027443431
1617.5800000000	0.0022278329
1617.5900000000	0.0022639389
1617.6000000000	0.0029280759
1617.6100000000	0.0036896967
1617.6200000000	0.0041998011
1617.6300000000	0.0044428622
1617.6400000000	0.0043634270
1617.6500000000	0.0041480934
1617.6600000000	0.0043417396
1617.6700000000	0.0049831596
1617.6800000000	0.0056007467
1617.6900000000	0.0059309043
1617.7000000000	0.0056776662
1617.7100000000	0.0049191206
1617.7200000000	0.0041962062
1617.7300000000	0.0038010833
1617.7400000000	0.0040490772
1617.7500000000	0.0047930206
1617.7600000000	0.0055002952
1617.7700000000	0.0059208739
1617.7800000000	0.0059952156
1617.7900000000	0.0056533644
1617.8000000000	0.0058553854
1617.8100000000	0.0062886632
1617.8200000000	0.0068586289
1617.8300000000	0.0074723077
1617.8400000000	0.0074743657
1617.8500000000	0.0067996966
1617.8600000000	0.0059593708
1617.8700000000	0.0052690076
1617.8800000000	0.0049983432
1617.8900000000	0.0050984510
1617.9000000000	0.0054932346
1617.9100000000	0.0060391179
1617.9200000000	0.0060922203
1617.9300000000	0.0055739490
1617.9400000000	0.0051420540
1617.9500000000	0.0052687886
1617.9600000000	0.0059109689
1617.9700000000	0.0065865069
1617.9800000000	0.0069203498
1617.9900000000	0.0066153781
1618.0000000000	0.0057636374
1618.0100000000	0.0048259414
1618.0200000000	0.0042347045
1618.0300000000	0.0044281020
1618.0400000000	0.0051260265
1618.0500000000	0.0056086928
1618.0600000000	0.0058929237
1618.0700000000	0.0057577662
1618.0800000000	0.0052876223
1618.0900000000	0.0051413517
1618.1000000000	0.0055850702
1618.1100000000	0.0064083092
1618.1200000000	0.0070664045
1618.1300000000	0.0072670236
1618.1400000000	0.0068980710
1618.1500000000	0.0058605352
1618.1600000000	0.0046080931
1618.1700000000	0.0039520583
1618.1800000000	0.0039489266
1618.1900000000	0.0043331616
1618.2000000000	0.0049211035
1618.2100000000	0.0052496759
1618.2200000000	0.0051038169
1618.2300000000	0.0046612984
1618.2400000000	0.0043904806
1618.2500000000	0.0045811760
1618.2600000000	0.0050027943
1618.2700000000	0.0053905128
1618.2800000000	0.0054917415
1618.2900000000	0.0050243924
1618.3000000000	0.0041692770
1618.3100000000	0.0034988636
1618.3200000000	0.0032709094
1618.3300000000	0.0033590046
1618.3400000000	0.0038601117
1618.3500000000	0.0043788062
1618.3600000000	0.0043379374
1618.3700000000	0.0040451078
1618.3800000000	0.0038264337
1618.3900000000	0.0039490137
1618.4000000000	0.0045379183
1618.4100000000	0.0051579944
1618.4200000000	0.0053381693
1618.4300000000	0.0050760477
1618.4400000000	0.0047003976
1618.4500000000	0.0041179930
1618.4600000000	0.0036346770
1618.4700000000	0.0036477851
1618.4800000000	0.0041292296
1618.4900000000	0.0047037796
1618.5000000000	0.0050304967
1618.5100000000	0.0050234761
1618.5200000000	0.0047587890
1618.5300000000	0.0045226914
1618.5400000000	0.0047133797
1618.5500000000	0.0052746141
1618.5600000000	0.0058163538
1618.5700000000	0.0059320101
1618.5800000000	0.0054296710
1618.5900000000	0.0046859422
1618.6000000000	0.0039614350
1618.6100000000	0.0036432966
1618.6200000000	0.0039454880
1618.6300000000	0.0047185334
1618.6400000000	0.0052697830
1618.6500000000	0.0053660414
1618.6600000000	0.0050481592
1618.6700000000	0.0044634544
1618.6800000000	0.0042312350
1618.6900000000	0.0046467638
1618.7000000000	0.0050660321
1618.7100000000	0.0053173717
1618.7200000000	0.0053256226
1618.7300000000	0.0048469673
1618.7400000000	0.0041611654
1618.7500000000	0.0037253805
1618.7600000000	0.0036038948
1618.7700000000	0.0037192109
1618.7800000000	0.0040816943
1618.7900000000	0.0045208846
1618.8000000000	0.0046274193
1618.8100000000	0.0042734603
1618.8200000000	0.0038063739
1618.8300000000	0.0036718629
1618.8400000000	0.0039965002
1618.8500000000	0.0045206258
1618.8600000000	0.0047645454
1618.8700000000	0.0045201487
1618.8800000000	0.0039692900
1618.8900000000	0.0034179498
1618.9000000000	0.0032309627
1618.9100000000	0.0035581151
1618.9200000000	0.0041899218
1618.9300000000	0.0049918335
1618.9400000000	0.0055601971
1618.9500000000	0.0055193252
1618.9600000000	0.0052478842
1618.9700000000	0.0053399854
1618.9800000000	0.0059229978
1618.9900000000	0.0062511850
1619.0000000000	0.0068151081
1619.0100000000	0.0071678215
1619.0200000000	0.0065843663
1619.0300000000	0.0055676835
1619.0400000000	0.0047601749
1619.0500000000	0.0042529650
1619.0600000000	0.0041724255
1619.0700000000	0.0045209103
1619.0800000000	0.0049930286
1619.0900000000	0.0052191694
1619.1000000000	0.0050453026
1619.1100000000	0.0046383661
1619.1200000000	0.0044076776
1619.1300000000	0.0046299469
1619.1400000000	0.0050705998
1619.1500000000	0.0053547587
1619.1600000000	0.0053125948
1619.1700000000	0.0047620394
1619.1800000000	0.0037959233
1619.1900000000	0.0030237676
1619.2000000000	0.0029075686
1619.2100000000	0.0033694861
1619.2200000000	0.0040212780
1619.2300000000	0.0045848671
1619.2400000000	0.0047123108
1619.2500000000	0.0044467888
1619.2600000000	0.0043282939
1619.2700000000	0.0044793314
1619.2800000000	0.0049625615
1619.2900000000	0.0055262405
1619.3000000000	0.0056528195
1619.3100000000	0.0052714241
1619.3200000000	0.0045549666
1619.3300000000	0.0037331563
1619.3400000000	0.0032006581
1619.3500000000	0.0031790240
1619.3600000000	0.0034806954
1619.3700000000	0.0039763233
1619.3800000000	0.0044071157
1619.3900000000	0.0044071157
1619.4000000000	0.0040253713
1619.4100000000	0.0036699711
1619.4200000000	0.0036648160
1619.4300000000	0.0039699360
1619.4400000000	0.0044788149
1619.4500000000	0.0046005521
1619.4600000000	0.0040858141
1619.4700000000	0.0032809382
1619.4800000000	0.0026477207
1619.4900000000	0.0021865641
1619.5000000000	0.0022639556
1619.5100000000	0.0028670497
1619.5200000000	0.0034778539
1619.5300000000	0.0036896900
1619.5400000000	0.0035231572
1619.5500000000	0.0031113238
1619.5600000000	0.0029016845
1619.5700000000	0.0032180051
1619.5800000000	0.0037573187
1619.5900000000	0.0040326087
1619.6000000000	0.0040096731
1619.6100000000	0.0035986727
1619.6200000000	0.0029481355
1619.6300000000	0.0023066170
1619.6400000000	0.0020872253
1619.6500000000	0.0023117886
1619.6600000000	0.0028660175
1619.6700000000	0.0034376249
1619.6800000000	0.0036537338
1619.6900000000	0.0034751598
1619.7000000000	0.0031870962
1619.7100000000	0.0030779132
1619.7200000000	0.0033752628
1619.7300000000	0.0040008907
1619.7400000000	0.0044091640
1619.7500000000	0.0043007491
1619.7600000000	0.0036820101
1619.7700000000	0.0029154100
1619.7800000000	0.0024597068
1619.7900000000	0.0025638590
1619.8000000000	0.0029410128
1619.8100000000	0.0034983735
1619.8200000000	0.0040755547
1619.8300000000	0.0040358572
1619.8400000000	0.0036168971
1619.8500000000	0.0033998587
1619.8600000000	0.0036861482
1619.8700000000	0.0039641681
1619.8800000000	0.0043602619
1619.8900000000	0.0044551449
1619.9000000000	0.0039669393
1619.9100000000	0.0030868140
1619.9200000000	0.0024004764
1619.9300000000	0.0018806183
1619.9400000000	0.0018239038
1619.9500000000	0.0022537588
1619.9600000000	0.0028448686
1619.9700000000	0.0032477591
1619.9800000000	0.0032860175
1619.9900000000	0.0029760245
1620.0000000000	0.0027046420
1620.0100000000	0.0028707087
1620.0200000000	0.0034730372
1620.0300000000	0.0040040333
1620.0400000000	0.0039857751
1620.0500000000	0.0036172894
1620.0600000000	0.0027571963
1620.0700000000	0.0019770156
1620.0800000000	0.0016148522
1620.0900000000	0.0017402786
1620.1000000000	0.0022253579
1620.1100000000	0.0027257449
1620.1200000000	0.0028477067
1620.1300000000	0.0025785404
1620.1400000000	0.0022131290
1620.1500000000	0.0020744244
1620.1600000000	0.0024825906
1620.1700000000	0.0030455524
1620.1800000000	0.0033893414
1620.1900000000	0.0032862187
1620.2000000000	0.0029224968
1620.2100000000	0.0023145906
1620.2200000000	0.0018314966
1620.2300000000	0.0016517837
1620.2400000000	0.0019591342
1620.2500000000	0.0024454168
1620.2600000000	0.0030052362
1620.2700000000	0.0030675403
1620.2800000000	0.0028806280
1620.2900000000	0.0025356075
1620.3000000000	0.0024954754
1620.3100000000	0.0028072202
1620.3200000000	0.0032865630
1620.3300000000	0.0036999693
1620.3400000000	0.0034429843
1620.3500000000	0.0028373736
1620.3600000000	0.0022065195
1620.3700000000	0.0018586010
1620.3800000000	0.0019895835
1620.3900000000	0.0025620154
1620.4000000000	0.0031241850
1620.4100000000	0.0034305251
1620.4200000000	0.0034261789
1620.4300000000	0.0031972085
1620.4400000000	0.0029475487
1620.4500000000	0.0029647643
1620.4600000000	0.0034251132
1620.4700000000	0.0039348876
1620.4800000000	0.0040204710
1620.4900000000	0.0037045469
1620.5000000000	0.0030449919
1620.5100000000	0.0022073264
1620.5200000000	0.0017404346
1620.5300000000	0.0018076238
1620.5400000000	0.0023095521
1620.5500000000	0.0029837666
1620.5600000000	0.0032978110
1620.5700000000	0.0031515904
1620.5800000000	0.0028367796
1620.5900000000	0.0026135591
1620.6000000000	0.0028429031
1620.6100000000	0.0033536019
1620.6200000000	0.0038130337
1620.6300000000	0.0036723557
1620.6400000000	0.0030693919
1620.6500000000	0.0022090682
1620.6600000000	0.0015236988
1620.6700000000	0.0012663320
1620.6800000000	0.0014657192
1620.6900000000	0.0020255418
1620.7000000000	0.0024795880
1620.7100000000	0.0026155180
1620.7200000000	0.0023256400
1620.7300000000	0.0019868388
1620.7400000000	0.0019157460
1620.7500000000	0.0022430733
1620.7600000000	0.0027492396
1620.7700000000	0.0030981500
1620.7800000000	0.0030108136
1620.7900000000	0.0024854901
1620.8000000000	0.0018348826
1620.8100000000	0.0012754615
1620.8200000000	0.0010728413
1620.8300000000	0.0013401085
1620.8400000000	0.0019504686
1620.8500000000	0.0024727101
1620.8600000000	0.0026565628
1620.8700000000	0.0023892944
1620.8800000000	0.0019882548
1620.8900000000	0.0019700210
1620.9000000000	0.0023885977
1620.9100000000	0.0029268393
1620.9200000000	0.0032565014
1620.9300000000	0.0030237003
1620.9400000000	0.0024546095
1620.9500000000	0.0018393351
1620.9600000000	0.0014300348
1620.9700000000	0.0014011427
1620.9800000000	0.0018132308
1620.9900000000	0.0023549727
1621.0000000000	0.0026930005
1621.0100000000	0.0026222004
1621.0200000000	0.0022707642
1621.0300000000	0.0020164903
1621.0400000000	0.0021014851
1621.0500000000	0.0024774313
1621.0600000000	0.0028984699
1621.0700000000	0.0031107403
1621.0800000000	0.0029032207
1621.0900000000	0.0023156383
1621.1000000000	0.0017318664
1621.1100000000	0.0013098856
1621.1200000000	0.0013323751
1621.1300000000	0.0017148068
1621.1400000000	0.0022948232
1621.1500000000	0.0027043913
1621.1600000000	0.0026189886
1621.1700000000	0.0023037886
1621.1800000000	0.0021416317
1621.1900000000	0.0022252782
1621.2000000000	0.0026325232
1621.2100000000	0.0031424181
1621.2200000000	0.0032541571
1621.2300000000	0.0029912007
1621.2400000000	0.0023166960
1621.2500000000	0.0016596478
1621.2600000000	0.0014091411
1621.2700000000	0.0016837186
1621.2800000000	0.0022130082
1621.2900000000	0.0027588924
1621.3000000000	0.0030084512
1621.3100000000	0.0028486474
1621.3200000000	0.0025747664
1621.3300000000	0.0025078373
1621.3400000000	0.0027519361
1621.3500000000	0.0031775674
1621.3600000000	0.0033973285
1621.3700000000	0.0033755470
1621.3800000000	0.0030537434
1621.3900000000	0.0023974004
1621.4000000000	0.0017201844
1621.4100000000	0.0014459255
1621.4200000000	0.0016517844
1621.4300000000	0.0021574133
1621.4400000000	0.0026571012
1621.4500000000	0.0030090451
1621.4600000000	0.0028522830
1621.4700000000	0.0025767236
1621.4800000000	0.0025885849
1621.4900000000	0.0030276552
1621.5000000000	0.0035802966
1621.5100000000	0.0039302463
1621.5200000000	0.0037979882
1621.5300000000	0.0032095022
1621.5400000000	0.0026882669
1621.5500000000	0.0024158188
1621.5600000000	0.0023634250
1621.5700000000	0.0026569167
1621.5800000000	0.0031962759
1621.5900000000	0.0035125023
1621.6000000000	0.0033903994
1621.6100000000	0.0030788005
1621.6200000000	0.0028758398
1621.6300000000	0.0030005061
1621.6400000000	0.0034560894
1621.6500000000	0.0038679281
1621.6600000000	0.0040123390
1621.6700000000	0.0038321757
1621.6800000000	0.0032547362
1621.6900000000	0.0027493278
1621.7000000000	0.0024740084
1621.7100000000	0.0026599324
1621.7200000000	0.0032499046
1621.7300000000	0.0039828989
1621.7400000000	0.0045048402
1621.7500000000	0.0045435516
1621.7600000000	0.0042500855
1621.7700000000	0.0039076240
1621.7800000000	0.0038925773
1621.7900000000	0.0045392130
1621.8000000000	0.0050304046
1621.8100000000	0.0050477966
1621.8200000000	0.0047242045
1621.8300000000	0.0039840670
1621.8400000000	0.0030832855
1621.8500000000	0.0025772350
1621.8600000000	0.0026563643
1621.8700000000	0.0031118049
1621.8800000000	0.0037511910
1621.8900000000	0.0041881368
1621.9000000000	0.0040889232
1621.9100000000	0.0038166198
1621.9200000000	0.0037955175
1621.9300000000	0.0040289550
1621.9400000000	0.0045301715
1621.9500000000	0.0051717473
1621.9600000000	0.0054799839
1621.9700000000	0.0052755195
1621.9800000000	0.0046404606
1621.9900000000	0.0040262273
1622.0000000000	0.0031964245
1622.0100000000	0.0028657609
1622.0200000000	0.0032920058
1622.0300000000	0.0037822967
1622.0400000000	0.0037469110
1622.0500000000	0.0035225720
1622.0600000000	0.0030362555
1622.0700000000	0.0026467715
1622.0800000000	0.0027695899
1622.0900000000	0.0031345822
1622.1000000000	0.0034250954
1622.1100000000	0.0035007478
1622.1200000000	0.0032324661
1622.1300000000	0.0026152464
1622.1400000000	0.0020219860
1622.1500000000	0.0017832272
1622.1600000000	0.0020599086
1622.1700000000	0.0025994596
1622.1800000000	0.0030155547
1622.1900000000	0.0031959862
1622.2000000000	0.0030707348
1622.2100000000	0.0029105687
1622.2200000000	0.0030125486
1622.2300000000	0.0034315686
1622.2400000000	0.0039853768
1622.2500000000	0.0044052243
1622.2600000000	0.0045307268
1622.2700000000	0.0043133612
1622.2800000000	0.0038761013
1622.2900000000	0.0032502953
1622.3000000000	0.0029245241
1622.3100000000	0.0030545441
1622.3200000000	0.0037143679
1622.3300000000	0.0039922040
1622.3400000000	0.0037511508
1622.3500000000	0.0033900538
1622.3600000000	0.0030675403
1622.3700000000	0.0031321349
1622.3800000000	0.0035043061
1622.3900000000	0.0039872929
1622.4000000000	0.0043014871
1622.4100000000	0.0043967005
1622.4200000000	0.0041402072
1622.4300000000	0.0037104548
1622.4400000000	0.0037656664
1622.4500000000	0.0043417396
1622.4600000000	0.0047312532
1622.4700000000	0.0052724405
1622.4800000000	0.0060948126
1622.4900000000	0.0061826707
1622.5000000000	0.0056847568
1622.5100000000	0.0054270469
1622.5200000000	0.0055910298
1622.5300000000	0.0057323396
1622.5400000000	0.0059116415
1622.5500000000	0.0061671398
1622.5600000000	0.0058834381
1622.5700000000	0.0050071065
1622.5800000000	0.0044620178
1622.5900000000	0.0042832621
1622.6000000000	0.0043593896
1622.6100000000	0.0048278939
1622.6200000000	0.0056540797
1622.6300000000	0.0062548127
1622.6400000000	0.0065066702
1622.6500000000	0.0067191873
1622.6600000000	0.0068010756
1622.6700000000	0.0069933048
1622.6800000000	0.0075793978
1622.6900000000	0.0081783669
1622.7000000000	0.0081249116
1622.7100000000	0.0075846134
1622.7200000000	0.0068276190
1622.7300000000	0.0060454373
1622.7400000000	0.0051533998
1622.7500000000	0.0050756944
1622.7600000000	0.0058333312
1622.7700000000	0.0064611009
1622.7800000000	0.0064331375
1622.7900000000	0.0059658423
1622.8000000000	0.0054778695
1622.8100000000	0.0052128598
1622.8200000000	0.0053036201
1622.8300000000	0.0056982980
1622.8400000000	0.0063191651
1622.8500000000	0.0066019452
1622.8600000000	0.0062932953
1622.8700000000	0.0055089101
1622.8800000000	0.0046107338
1622.8900000000	0.0039270833
1622.9000000000	0.0037051383
1622.9100000000	0.0039033759
1622.9200000000	0.0043435364
1622.9300000000	0.0047406813
1622.9400000000	0.0046105776
1622.9500000000	0.0042168579
1622.9600000000	0.0041155352
1622.9700000000	0.0045361108
1622.9800000000	0.0052340305
1622.9900000000	0.0058103726
1623.0000000000	0.0059654973
1623.0100000000	0.0057481383
1623.0200000000	0.0053937282
1623.0300000000	0.0049636108
1623.0400000000	0.0049016886
1623.0500000000	0.0053027867
1623.0600000000	0.0055393459
1623.0700000000	0.0058427236
1623.0800000000	0.0059984120
1623.0900000000	0.0059443002
1623.1000000000	0.0054914083
1623.1100000000	0.0050698320
1623.1200000000	0.0052568648
1623.1300000000	0.0055071432
1623.1400000000	0.0055592923
1623.1500000000	0.0054048220
1623.1600000000	0.0049450764
1623.1700000000	0.0040687087
1623.1800000000	0.0034608495
1623.1900000000	0.0033900494
1623.2000000000	0.0035663384
1623.2100000000	0.0038184157
1623.2200000000	0.0045378313
1623.2300000000	0.0047338221
1623.2400000000	0.0042553272
1623.2500000000	0.0037674503
1623.2600000000	0.0040241941
1623.2700000000	0.0044426081
1623.2800000000	0.0048575259
1623.2900000000	0.0051091687
1623.3000000000	0.0048839016
1623.3100000000	0.0043618774
1623.3200000000	0.0038314094
1623.3300000000	0.0034871178
1623.3400000000	0.0034495444
1623.3500000000	0.0038490601
1623.3600000000	0.0046457870
1623.3700000000	0.0051802605
1623.3800000000	0.0051514260
1623.3900000000	0.0048279820
1623.4000000000	0.0044189577
1623.4100000000	0.0042052107
1623.4200000000	0.0045090910
1623.4300000000	0.0049529352
1623.4400000000	0.0050330288
1623.4500000000	0.0047684573
1623.4600000000	0.0043472562
1623.4700000000	0.0037068597
1623.4800000000	0.0029138086
1623.4900000000	0.0026538532
1623.5000000000	0.0030704044
1623.5100000000	0.0036146098
1623.5200000000	0.0039400697
1623.5300000000	0.0039903617
1623.5400000000	0.0037073354
1623.5500000000	0.0034285599
1623.5600000000	0.0034310076
1623.5700000000	0.0036904204
1623.5800000000	0.0039311075
1623.5900000000	0.0038856201
1623.6000000000	0.0035438134
1623.6100000000	0.0030144629
1623.6200000000	0.0023426935
1623.6300000000	0.0017962591
1623.6400000000	0.0016258948
1623.6500000000	0.0019129719
1623.6600000000	0.0023598148
1623.6700000000	0.0025513483
1623.6800000000	0.0023311250
1623.6900000000	0.0019753265
1623.7000000000	0.0017686717
1623.7100000000	0.0019206891
1623.7200000000	0.0023333904
1623.7300000000	0.0027984999
1623.7400000000	0.0030587778
1623.7500000000	0.0028717917
1623.7600000000	0.0023040710
1623.7700000000	0.0016730902
1623.7800000000	0.0012836896
1623.7900000000	0.0013498877
1623.8000000000	0.0017676225
1623.8100000000	0.0023409018
1623.8200000000	0.0028552506
1623.8300000000	0.0029034480
1623.8400000000	0.0026075276
1623.8500000000	0.0024049607
1623.8600000000	0.0026145356
1623.8700000000	0.0032168439
1623.8800000000	0.0036312539
1623.8900000000	0.0036725280
1623.9000000000	0.0034343062
1623.9100000000	0.0029188034
1623.9200000000	0.0024025073
1623.9300000000	0.0021655216
1623.9400000000	0.0023613868
1623.9500000000	0.0028781536
1623.9600000000	0.0035239509
1623.9700000000	0.0039538717
1623.9800000000	0.0038823731
1623.9900000000	0.0036802140
1624.0000000000	0.0037286729
1624.0100000000	0.0039267679
1624.0200000000	0.0043897821
1624.0300000000	0.0048578040
1624.0400000000	0.0048567426
1624.0500000000	0.0042864955
1624.0600000000	0.0037624260
1624.0700000000	0.0034677259
1624.0800000000	0.0031325078
1624.0900000000	0.0031208006
1624.1000000000	0.0036374144
1624.1100000000	0.0042117249
1624.1200000000	0.0041801108
1624.1300000000	0.0039904191
1624.1400000000	0.0036883207
1624.1500000000	0.0035106858
1624.1600000000	0.0036735545
1624.1700000000	0.0040259893
1624.1800000000	0.0042912083
1624.1900000000	0.0042863933
1624.2000000000	0.0039009122
1624.2100000000	0.0031650699
1624.2200000000	0.0025885034
1624.2300000000	0.0024022894
1624.2400000000	0.0026763489
1624.2500000000	0.0033522200
1624.2600000000	0.0039320766
1624.2700000000	0.0040498126
1624.2800000000	0.0038541908
1624.2900000000	0.0036778183
1624.3000000000	0.0034921470
1624.3100000000	0.0034889680
1624.3200000000	0.0038120983
1624.3300000000	0.0042931724
1624.3400000000	0.0045238437
1624.3500000000	0.0041947321
1624.3600000000	0.0036246173
1624.3700000000	0.0028787729
1624.3800000000	0.0023874910
1624.3900000000	0.0023556772
1624.4000000000	0.0026783147
1624.4100000000	0.0030735633
1624.4200000000	0.0031968898
1624.4300000000	0.0030276046
1624.4400000000	0.0027866301
1624.4500000000	0.0026823192
1624.4600000000	0.0027694719
1624.4700000000	0.0030521227
1624.4800000000	0.0032566057
1624.4900000000	0.0030408392
1624.5000000000	0.0024629664
1624.5100000000	0.0018988206
1624.5200000000	0.0014228089
1624.5300000000	0.0011714803
1624.5400000000	0.0013930192
1624.5500000000	0.0018376447
1624.5600000000	0.0021947079
1624.5700000000	0.0023212164
1624.5800000000	0.0020112182
1624.5900000000	0.0017418353
1624.6000000000	0.0016769462
1624.6100000000	0.0020625417
1624.6200000000	0.0024597068
1624.6300000000	0.0027811469
1624.6400000000	0.0027350419
1624.6500000000	0.0021964407
1624.6600000000	0.0015495757
1624.6700000000	0.0010193901
1624.6800000000	0.0007865146
1624.6900000000	0.0009595111
1624.7000000000	0.0015010961
1624.7100000000	0.0020359742
1624.7200000000	0.0021736817
1624.7300000000	0.0019642395
1624.7400000000	0.0016867283
1624.7500000000	0.0017457020
1624.7600000000	0.0021234794
1624.7700000000	0.0025913015
1624.7800000000	0.0029017808
1624.7900000000	0.0028054577
1624.8000000000	0.0023910590
1624.8100000000	0.0018189840
1624.8200000000	0.0013930758
1624.8300000000	0.0013570243
1624.8400000000	0.0016457534
1624.8500000000	0.0020886234
1624.8600000000	0.0024879121
1624.8700000000	0.0025735118
1624.8800000000	0.0022933129
1624.8900000000	0.0019264877
1624.9000000000	0.0018009940
1624.9100000000	0.0019649814
1624.9200000000	0.0023436824
1624.9300000000	0.0027099998
1624.9400000000	0.0026972552
1624.9500000000	0.0023722683
1624.9600000000	0.0018395953
1624.9700000000	0.0012407766
1624.9800000000	0.0011497669
1624.9900000000	0.0014892644
1625.0000000000	0.0020995724
1625.0100000000	0.0026027230
1625.0200000000	0.0025759075
1625.0300000000	0.0023764036
1625.0400000000	0.0023305544
1625.0500000000	0.0024402398
1625.0600000000	0.0027376176
1625.0700000000	0.0032130609
1625.0800000000	0.0035259882
1625.0900000000	0.0034236749
1625.1000000000	0.0029531957
1625.1100000000	0.0022795020
1625.1200000000	0.0016639764
1625.1300000000	0.0014665518
1625.1400000000	0.0017937776
1625.1500000000	0.0022359138
1625.1600000000	0.0026037648
1625.1700000000	0.0026384917
1625.1800000000	0.0023260634
1625.1900000000	0.0019799776
1625.2000000000	0.0019920864
1625.2100000000	0.0023819009
1625.2200000000	0.0027779456
1625.2300000000	0.0029781566
1625.2400000000	0.0029960322
1625.2500000000	0.0025734710
1625.2600000000	0.0018938961
1625.2700000000	0.0013667853
1625.2800000000	0.0014574713
1625.2900000000	0.0016913488
1625.3000000000	0.0021521466
1625.3100000000	0.0026122493
1625.3200000000	0.0027566792
1625.3300000000	0.0025164181
1625.3400000000	0.0023986764
1625.3500000000	0.0024781357
1625.3600000000	0.0027271372
1625.3700000000	0.0031152221
1625.3800000000	0.0033411924
1625.3900000000	0.0031098097
1625.4000000000	0.0024944012
1625.4100000000	0.0018830207
1625.4200000000	0.0015153517
1625.4300000000	0.0015070639
1625.4400000000	0.0018659691
1625.4500000000	0.0024081181
1625.4600000000	0.0027534507
1625.4700000000	0.0027437278
1625.4800000000	0.0025141906
1625.4900000000	0.0023489539
1625.5000000000	0.0022915711
1625.5100000000	0.0026483071
1625.5200000000	0.0031390775
1625.5300000000	0.0035246462
1625.5400000000	0.0035667235
1625.5500000000	0.0031979529
1625.5600000000	0.0026475932
1625.5700000000	0.0021707716
1625.5800000000	0.0020007871
1625.5900000000	0.0024239673
1625.6000000000	0.0030852342
1625.6100000000	0.0034966181
1625.6200000000	0.0034673635
1625.6300000000	0.0031456301
1625.6400000000	0.0028844924
1625.6500000000	0.0028870035
1625.6600000000	0.0031660668
1625.6700000000	0.0034148320
1625.6800000000	0.0036810669
1625.6900000000	0.0037097400
1625.7000000000	0.0031681039
1625.7100000000	0.0024653840
1625.7200000000	0.0018876291
1625.7300000000	0.0018913750
1625.7400000000	0.0022659674
1625.7500000000	0.0025751426
1625.7600000000	0.0027886694
1625.7700000000	0.0028769823
1625.7800000000	0.0027712564
1625.7900000000	0.0025135204
1625.8000000000	0.0025170549
1625.8100000000	0.0029030688
1625.8200000000	0.0035161147
1625.8300000000	0.0039647376
1625.8400000000	0.0039430301
1625.8500000000	0.0034659630
1625.8600000000	0.0028128072
1625.8700000000	0.0023808423
1625.8800000000	0.0024895779
1625.8900000000	0.0030363652
1625.9000000000	0.0034741632
1625.9100000000	0.0036445810
1625.9200000000	0.0036338058
1625.9300000000	0.0033946023
1625.9400000000	0.0031324148
1625.9500000000	0.0031450244
1625.9600000000	0.0034173220
1625.9700000000	0.0038180491
1625.9800000000	0.0039950421
1625.9900000000	0.0036786387
1626.0000000000	0.0030377671
1626.0100000000	0.0024635231
1626.0200000000	0.0020416450
1626.0300000000	0.0018766288
1626.0400000000	0.0021956780
1626.0500000000	0.0027457684
1626.0600000000	0.0030234698
1626.0700000000	0.0031318570
1626.0800000000	0.0028193277
1626.0900000000	0.0024383263
1626.1000000000	0.0025138796
1626.1100000000	0.0029126174
1626.1200000000	0.0032495886
1626.1300000000	0.0034108084
1626.1400000000	0.0032976698
1626.1500000000	0.0029320486
1626.1600000000	0.0025106864
1626.1700000000	0.0021677636
1626.1800000000	0.0022417588
1626.1900000000	0.0027965020
1626.2000000000	0.0032901086
1626.2100000000	0.0036923945
1626.2200000000	0.0037911565
1626.2300000000	0.0035504247
1626.2400000000	0.0034084600
1626.2500000000	0.0036496621
1626.2600000000	0.0042135440
1626.2700000000	0.0046568668
1626.2800000000	0.0047972842
1626.2900000000	0.0045081960
1626.3000000000	0.0037583517
1626.3100000000	0.0032786222
1626.3200000000	0.0031050447
1626.3300000000	0.0031033089
1626.3400000000	0.0035885557
1626.3500000000	0.0042525830
1626.3600000000	0.0046731343
1626.3700000000	0.0046925326
1626.3800000000	0.0045664040
1626.3900000000	0.0043958549
1626.4000000000	0.0043547411
1626.4100000000	0.0046057686
1626.4200000000	0.0050948764
1626.4300000000	0.0052686362
1626.4400000000	0.0049497160
1626.4500000000	0.0043146265
1626.4600000000	0.0037195164
1626.4700000000	0.0033159660
1626.4800000000	0.0031450993
1626.4900000000	0.0036396343
1626.5000000000	0.0041803186
1626.5100000000	0.0043850085
1626.5200000000	0.0041989549
1626.5300000000	0.0039437347
1626.5400000000	0.0037342559
1626.5500000000	0.0040361812
1626.5600000000	0.0044732266
1626.5700000000	0.0049109290
1626.5800000000	0.0050698291
1626.5900000000	0.0050275753
1626.6000000000	0.0046340601
1626.6100000000	0.0038704651
1626.6200000000	0.0034797927
1626.6300000000	0.0033996230
1626.6400000000	0.0038594316
1626.6500000000	0.0043053445
1626.6600000000	0.0046032991
1626.6700000000	0.0045636861
1626.6800000000	0.0042832621
1626.6900000000	0.0039646184
1626.7000000000	0.0037861908
1626.7100000000	0.0040279628
1626.7200000000	0.0043105056
1626.7300000000	0.0043536689
1626.7400000000	0.0043197236
1626.7500000000	0.0039296653
1626.7600000000	0.0034251100
1626.7700000000	0.0027712376
1626.7800000000	0.0024901932
1626.7900000000	0.0028658165
1626.8000000000	0.0033951933
1626.8100000000	0.0035309531
1626.8200000000	0.0033468613
1626.8300000000	0.0031277322
1626.8400000000	0.0029181547
1626.8500000000	0.0029194800
1626.8600000000	0.0031319029
1626.8700000000	0.0034446095
1626.8800000000	0.0034987303
1626.8900000000	0.0032607763
1626.9000000000	0.0027443779
1626.9100000000	0.0022465840
1626.9200000000	0.0019536484
1626.9300000000	0.0018958019
1626.9400000000	0.0021001231
1626.9500000000	0.0025786578
1626.9600000000	0.0030232720
1626.9700000000	0.0029098147
1626.9800000000	0.0025149347
1626.9900000000	0.0023673252
1627.0000000000	0.0023524592
1627.0100000000	0.0025044016
1627.0200000000	0.0028020376
1627.0300000000	0.0029719602
1627.0400000000	0.0027609758
1627.0500000000	0.0023170614
1627.0600000000	0.0016896240
1627.0700000000	0.0011775169
1627.0800000000	0.0012380695
1627.0900000000	0.0018440895
1627.1000000000	0.0025266286
1627.1100000000	0.0028887846
1627.1200000000	0.0028802036
1627.1300000000	0.0027390636
1627.1400000000	0.0026642950
1627.1500000000	0.0029367024
1627.1600000000	0.0032983334
1627.1700000000	0.0036042343
1627.1800000000	0.0037769888
1627.1900000000	0.0036831866
1627.2000000000	0.0032546542
1627.2100000000	0.0027995585
1627.2200000000	0.0023414580
1627.2300000000	0.0022247160
1627.2400000000	0.0026093835
1627.2500000000	0.0032754333
1627.2600000000	0.0037469110
1627.2700000000	0.0036754029
1627.2800000000	0.0034601344
1627.2900000000	0.0033900494
1627.3000000000	0.0034608495
1627.3100000000	0.0036732786
1627.3200000000	0.0040258887
1627.3300000000	0.0042099193
1627.3400000000	0.0039730847
1627.3500000000	0.0033714762
1627.3600000000	0.0027845187
1627.3700000000	0.0023126452
1627.3800000000	0.0021300878
1627.3900000000	0.0022138977
1627.4000000000	0.0027005081
1627.4100000000	0.0031142874
1627.4200000000	0.0030425372
1627.4300000000	0.0026898276
1627.4400000000	0.0023471346
1627.4500000000	0.0023040715
1627.4600000000	0.0025599621
1627.4700000000	0.0029119084
1627.4800000000	0.0030957425
1627.4900000000	0.0030246379
1627.5000000000	0.0027602706
1627.5100000000	0.0023170406
1627.5200000000	0.0018140777
1627.5300000000	0.0016097550
1627.5400000000	0.0017682165
1627.5500000000	0.0020681298
1627.5600000000	0.0024999426
1627.5700000000	0.0025967665
1627.5800000000	0.0023059644
1627.5900000000	0.0019780876
1627.6000000000	0.0020124211
1627.6100000000	0.0023004510
1627.6200000000	0.0027468496
1627.6300000000	0.0030963896
1627.6400000000	0.0032019180
1627.6500000000	0.0029811504
1627.6600000000	0.0024003709
1627.6700000000	0.0018743156
1627.6800000000	0.0016697743
1627.6900000000	0.0019671214
1627.7000000000	0.0022795496
1627.7100000000	0.0025641782
1627.7200000000	0.0025120998
1627.7300000000	0.0021854827
1627.7400000000	0.0017357653
1627.7500000000	0.0016493774
1627.7600000000	0.0017864449
1627.7700000000	0.0021070133
1627.7800000000	0.0023916380
1627.7900000000	0.0024010561
1627.8000000000	0.0020129539
1627.8100000000	0.0014228118
1627.8200000000	0.0010372146
1627.8300000000	0.0008934228
1627.8400000000	0.0010862881
1627.8500000000	0.0016936345
1627.8600000000	0.0021765762
1627.8700000000	0.0023091833
1627.8800000000	0.0023166906
1627.8900000000	0.0022494730
1627.9000000000	0.0021772859
1627.9100000000	0.0022755873
1627.9200000000	0.0026583690
1627.9300000000	0.0028511731
1627.9400000000	0.0028001594
1627.9500000000	0.0024362663
1627.9600000000	0.0018953656
1627.9700000000	0.0014130576
1627.9800000000	0.0012518961
1627.9900000000	0.0013513037
1628.0000000000	0.0016838227
1628.0100000000	0.0020002639
1628.0200000000	0.0021214589
1628.0300000000	0.0019677135
1628.0400000000	0.0015722000
1628.0500000000	0.0013513037
1628.0600000000	0.0014214097
1628.0700000000	0.0017656349
1628.0800000000	0.0020362099
1628.0900000000	0.0020486909
1628.1000000000	0.0018848761
1628.1100000000	0.0014037422
1628.1200000000	0.0009270015
1628.1300000000	0.0007487147
1628.1400000000	0.0007434565
1628.1500000000	0.0011638509
1628.1600000000	0.0015579618
1628.1700000000	0.0018086865
1628.1800000000	0.0017130928
1628.1900000000	0.0014059864
1628.2000000000	0.0012206639
1628.2100000000	0.0012754609
1628.2200000000	0.0016648966
1628.2300000000	0.0021401407
1628.2400000000	0.0022385468
1628.2500000000	0.0020952186
1628.2600000000	0.0016214438
1628.2700000000	0.0011688697
1628.2800000000	0.0009014976
1628.2900000000	0.0010581787
1628.3000000000	0.0015086935
1628.3100000000	0.0018869225
1628.3200000000	0.0021665944
1628.3300000000	0.0020734911
1628.3400000000	0.0017690377
1628.3500000000	0.0016497272
1628.3600000000	0.0018373618
1628.3700000000	0.0021947062
1628.3800000000	0.0026080335
1628.3900000000	0.0027758994
1628.4000000000	0.0024954754
1628.4100000000	0.0019747712
1628.4200000000	0.0015213974
1628.4300000000	0.0011711451
1628.4400000000	0.0010742820
1628.4500000000	0.0013702302
1628.4600000000	0.0018525938
1628.4700000000	0.0020786895
1628.4800000000	0.0020078928
1628.4900000000	0.0017406271
1628.5000000000	0.0015179176
1628.5100000000	0.0015586050
1628.5200000000	0.0018876261
1628.5300000000	0.0022586030
1628.5400000000	0.0024939038
1628.5500000000	0.0023854911
1628.5600000000	0.0019948986
1628.5700000000	0.0014808644
1628.5800000000	0.0011919889
1628.5900000000	0.0012068601
1628.6000000000	0.0015561771
1628.6100000000	0.0020007934
1628.6200000000	0.0022809511
1628.6300000000	0.0022234419
1628.6400000000	0.0019627072
1628.6500000000	0.0017393445
1628.6600000000	0.0019499366
1628.6700000000	0.0024078358
1628.6800000000	0.0027242465
1628.6900000000	0.0029316895
1628.7000000000	0.0030760655
1628.7100000000	0.0028608463
1628.7200000000	0.0023041940
1628.7300000000	0.0021042903
1628.7400000000	0.0021779649
1628.7500000000	0.0023981113
1628.7600000000	0.0028919707
1628.7700000000	0.0032105856
1628.7800000000	0.0032105856
1628.7900000000	0.0030405648
1628.8000000000	0.0029328563
1628.8100000000	0.0029581028
1628.8200000000	0.0031390775
1628.8300000000	0.0036131217
1628.8400000000	0.0037037831
1628.8500000000	0.0033450162
1628.8600000000	0.0028395617
1628.8700000000	0.0022970239
1628.8800000000	0.0017213705
1628.8900000000	0.0014249787
1628.9000000000	0.0017009033
1628.9100000000	0.0020736377
1628.9200000000	0.0022744477
1628.9300000000	0.0021846457
1628.9400000000	0.0018660311
1628.9500000000	0.0016076001
1628.9600000000	0.0016765978
1628.9700000000	0.0019261352
1628.9800000000	0.0022011775
1628.9900000000	0.0024576646
1629.0000000000	0.0024215373
1629.0100000000	0.0021785344
1629.0200000000	0.0018644946
1629.0300000000	0.0015460047
1629.0400000000	0.0013968726
1629.0500000000	0.0016175121
1629.0600000000	0.0022294619
1629.0700000000	0.0027043490
1629.0800000000	0.0027782913
1629.0900000000	0.0026487071
1629.1000000000	0.0024306712
1629.1100000000	0.0022832092
1629.1200000000	0.0025248323
1629.1300000000	0.0029979503
1629.1400000000	0.0032885573
1629.1500000000	0.0032470941
1629.1600000000	0.0028548645
1629.1700000000	0.0022355247
1629.1800000000	0.0016401779
1629.1900000000	0.0014085102
1629.2000000000	0.0017016976
1629.2100000000	0.0021808199
1629.2200000000	0.0024355195
1629.2300000000	0.0024243151
1629.2400000000	0.0022599099
1629.2500000000	0.0020018326
1629.2600000000	0.0019000089
1629.2700000000	0.0021556272
1629.2800000000	0.0026398802
1629.2900000000	0.0029682646
1629.3000000000	0.0031590411
1629.3100000000	0.0030179030
1629.3200000000	0.0026176173
1629.3300000000	0.0020796401
1629.3400000000	0.0018681280
1629.3500000000	0.0020664122
1629.3600000000	0.0024597097
1629.3700000000	0.0031430371
1629.3800000000	0.0034966181
1629.3900000000	0.0034966181
1629.4000000000	0.0035159849
1629.4100000000	0.0036525666
1629.4200000000	0.0038084116
1629.4300000000	0.0042528034
1629.4400000000	0.0046754509
1629.4500000000	0.0047586792
1629.4600000000	0.0045646725
1629.4700000000	0.0043929732
1629.4800000000	0.0041607488
1629.4900000000	0.0041571961
1629.5000000000	0.0044863254
1629.5100000000	0.0049138123
1629.5200000000	0.0052969870
1629.5300000000	0.0054500742
1629.5400000000	0.0051915449
1629.5500000000	0.0050578168
1629.5600000000	0.0048512161
1629.5700000000	0.0050671115
1629.5800000000	0.0055501189
1629.5900000000	0.0056194476
1629.6000000000	0.0053874234
1629.6100000000	0.0047225611
1629.6200000000	0.0040895803
1629.6300000000	0.0035911502
1629.6400000000	0.0029571066
1629.6500000000	0.0026384917
1629.6600000000	0.0028172765
1629.6700000000	0.0032845964
1629.6800000000	0.0035323576
1629.6900000000	0.0035186652
1629.7000000000	0.0031801536
1629.7100000000	0.0029427840
1629.7200000000	0.0031394427
1629.7300000000	0.0035971754
1629.7400000000	0.0039234381
1629.7500000000	0.0040950645
1629.7600000000	0.0040672606
1629.7700000000	0.0038249117
1629.7800000000	0.0034066849
1629.7900000000	0.0029444020
1629.8000000000	0.0029427805
1629.8100000000	0.0035692115
1629.8200000000	0.0041918396
1629.8300000000	0.0044087448
1629.8400000000	0.0045183110
1629.8500000000	0.0047112693
1629.8600000000	0.0048525778
1629.8700000000	0.0050272098
1629.8800000000	0.0054372047
1629.8900000000	0.0058791034
1629.9000000000	0.0060484467
1629.9100000000	0.0059399915
1629.9200000000	0.0055460969
1629.9300000000	0.0048624676
1629.9400000000	0.0040086419
1629.9500000000	0.0036982762
1629.9600000000	0.0037268875
1629.9700000000	0.0039342746
1629.9800000000	0.0041662383
1629.9900000000	0.0040794241
1630.0000000000	0.0037450514
1630.0100000000	0.0034920476
1630.0200000000	0.0034418385
1630.0300000000	0.0038130937
1630.0400000000	0.0044707680
1630.0500000000	0.0048952814
1630.0600000000	0.0049576652
1630.0700000000	0.0049268060
1630.0800000000	0.0045985916
1630.0900000000	0.0039643656
1630.1000000000	0.0039818726
1630.1100000000	0.0045291420
1630.1200000000	0.0050666548
1630.1300000000	0.0054872117
1630.1400000000	0.0057364650
1630.1500000000	0.0055428262
1630.1600000000	0.0051687682
1630.1700000000	0.0050994009
1630.1800000000	0.0052225794
1630.1900000000	0.0053683726
1630.2000000000	0.0054494676
1630.2100000000	0.0055155303
1630.2200000000	0.0052748122
1630.2300000000	0.0049675410
1630.2400000000	0.0047919383
1630.2500000000	0.0045528119
1630.2600000000	0.0047770802
1630.2700000000	0.0054345388
1630.2800000000	0.0060212148
1630.2900000000	0.0061782484
1630.3000000000	0.0062320718
1630.3100000000	0.0062733390
1630.3200000000	0.0063765894
1630.3300000000	0.0068093050
1630.3400000000	0.0072202529
1630.3500000000	0.0074864424
1630.3600000000	0.0074845702
1630.3700000000	0.0070042232
1630.3800000000	0.0059994649
1630.3900000000	0.0052005857
1630.4000000000	0.0047166446
1630.4100000000	0.0046160036
1630.4200000000	0.0048938884
1630.4300000000	0.0051020523
1630.4400000000	0.0049867638
1630.4500000000	0.0046793020
1630.4600000000	0.0044537378
1630.4700000000	0.0042592896
1630.4800000000	0.0040866075
1630.4900000000	0.0041906374
1630.5000000000	0.0043894473
1630.5100000000	0.0045292360
1630.5200000000	0.0044176752
1630.5300000000	0.0036439318
1630.5400000000	0.0027107008
1630.5500000000	0.0020646185
1630.5600000000	0.0018489555
1630.5700000000	0.0020693920
1630.5800000000	0.0024857920
1630.5900000000	0.0028601755
1630.6000000000	0.0028910098
1630.6100000000	0.0027536573
1630.6200000000	0.0026565569
1630.6300000000	0.0027529046
1630.6400000000	0.0030502283
1630.6500000000	0.0031943316
1630.6600000000	0.0034233099
1630.6700000000	0.0034608495
1630.6800000000	0.0031533646
1630.6900000000	0.0026063384
1630.7000000000	0.0020023998
1630.7100000000	0.0020490624
1630.7200000000	0.0023440299
1630.7300000000	0.0027165928
1630.7400000000	0.0031239449
1630.7500000000	0.0033192230
1630.7600000000	0.0032504652
1630.7700000000	0.0032105856
1630.7800000000	0.0033718133
1630.7900000000	0.0037207872
1630.8000000000	0.0043035783
1630.8100000000	0.0047664583
1630.8200000000	0.0046531781
1630.8300000000	0.0042088837
1630.8400000000	0.0037461720
1630.8500000000	0.0031691452
1630.8600000000	0.0027772174
1630.8700000000	0.0029351594
1630.8800000000	0.0035416087
1630.8900000000	0.0040348594
1630.9000000000	0.0040261093
1630.9100000000	0.0039363383
1630.9200000000	0.0037916064
1630.9300000000	0.0037191721
1630.9400000000	0.0036826967
1630.9500000000	0.0039703029
1630.9600000000	0.0043000399
1630.9700000000	0.0042665830
1630.9800000000	0.0039887850
1630.9900000000	0.0035291915
1631.0000000000	0.0030894947
1631.0100000000	0.0027475351
1631.0200000000	0.0027560233
1631.0300000000	0.0031312714
1631.0400000000	0.0034566431
1631.0500000000	0.0034570780
1631.0600000000	0.0033539360
1631.0700000000	0.0032061109
1631.0800000000	0.0031174747
1631.0900000000	0.0032766619
1631.1000000000	0.0035215410
1631.1100000000	0.0035367114
1631.1200000000	0.0034046791
1631.1300000000	0.0031164383
1631.1400000000	0.0026814589
1631.1500000000	0.0021342719
1631.1600000000	0.0019075370
1631.1700000000	0.0020249986
1631.1800000000	0.0023012692
1631.1900000000	0.0029772143
1631.2000000000	0.0033325236
1631.2100000000	0.0034585916
1631.2200000000	0.0033193387
1631.2300000000	0.0034120950
1631.2400000000	0.0037422954
1631.2500000000	0.0041341842
1631.2600000000	0.0045250008
1631.2700000000	0.0043851728
1631.2800000000	0.0042676855
1631.2900000000	0.0038738624
1631.3000000000	0.0033408570
1631.3100000000	0.0029273283
1631.3200000000	0.0030675403
1631.3300000000	0.0034723307
1631.3400000000	0.0039447325
1631.3500000000	0.0043002543
1631.3600000000	0.0041831449
1631.3700000000	0.0039756855
1631.3800000000	0.0040563216
1631.3900000000	0.0042282424
1631.4000000000	0.0045454682
1631.4100000000	0.0050579330
1631.4200000000	0.0056115816
1631.4300000000	0.0055393459
1631.4400000000	0.0050819852
1631.4500000000	0.0044871572
1631.4600000000	0.0039018490
1631.4700000000	0.0032905708
1631.4800000000	0.0032098462
1631.4900000000	0.0037457616
1631.5000000000	0.0040394903
1631.5100000000	0.0038838275
1631.5200000000	0.0035301372
1631.5300000000	0.0032711066
1631.5400000000	0.0032144781
1631.5500000000	0.0036516703
1631.5600000000	0.0043030411
1631.5700000000	0.0047326596
1631.5800000000	0.0048761965
1631.5900000000	0.0048603305
1631.6000000000	0.0045204301
1631.6100000000	0.0040150800
1631.6200000000	0.0035799335
1631.6300000000	0.0035527029
1631.6400000000	0.0037337985
1631.6500000000	0.0040552727
1631.6600000000	0.0038980767
1631.6700000000	0.0035263570
1631.6800000000	0.0030546764
1631.6900000000	0.0026545445
1631.7000000000	0.0026218787
1631.7100000000	0.0027508615
1631.7200000000	0.0028100505
1631.7300000000	0.0027600700
1631.7400000000	0.0026012958
1631.7500000000	0.0022773757
1631.7600000000	0.0017365792
1631.7700000000	0.0011953423
1631.7800000000	0.0011032689
1631.7900000000	0.0015255575
1631.8000000000	0.0021445414
1631.8100000000	0.0023480360
1631.8200000000	0.0022645321
1631.8300000000	0.0020861134
1631.8400000000	0.0019729542
1631.8500000000	0.0021007250
1631.8600000000	0.0023864433
1631.8700000000	0.0026542234
1631.8800000000	0.0027500443
1631.8900000000	0.0024398548
1631.9000000000	0.0019262402
1631.9100000000	0.0013723338
1631.9200000000	0.0009763916
1631.9300000000	0.0008294115
1631.9400000000	0.0010408481
1631.9500000000	0.0014190300
1631.9600000000	0.0017321157
1631.9700000000	0.0017106150
1631.9800000000	0.0015070639
1631.9900000000	0.0013612157
1632.0000000000	0.0013839030
1632.0100000000	0.0015465489
1632.0200000000	0.0019056888
1632.0300000000	0.0022907636
1632.0400000000	0.0023824804
1632.0500000000	0.0020848310
1632.0600000000	0.0016274892
1632.0700000000	0.0012516129
1632.0800000000	0.0010136529
1632.0900000000	0.0011322005
1632.1000000000	0.0015763663
1632.1100000000	0.0020638448
1632.1200000000	0.0020117284
1632.1300000000	0.0017964903
1632.1400000000	0.0015283213
1632.1500000000	0.0015006919
1632.1600000000	0.0017138504
1632.1700000000	0.0019633980
1632.1800000000	0.0021736744
1632.1900000000	0.0021711962
1632.2000000000	0.0019233814
1632.2100000000	0.0015068169
1632.2200000000	0.0009892368
1632.2300000000	0.0006969427
1632.2400000000	0.0007658091
1632.2500000000	0.0011416236
1632.2600000000	0.0016414706
1632.2700000000	0.0018834622
1632.2800000000	0.0018164677
1632.2900000000	0.0016493760
1632.3000000000	0.0016271708
1632.3100000000	0.0018886856
1632.3200000000	0.0023418303
1632.3300000000	0.0025941566
1632.3400000000	0.0026384917
1632.3500000000	0.0025891511
1632.3600000000	0.0022872069
1632.3700000000	0.0017584448
1632.3800000000	0.0012728631
1632.3900000000	0.0013064197
1632.4000000000	0.0017310635
1632.4100000000	0.0020985178
1632.4200000000	0.0023166906
1632.4300000000	0.0020591006
1632.4400000000	0.0016999979
1632.4500000000	0.0014969001
1632.4600000000	0.0015448179
1632.4700000000	0.0017157779
1632.4800000000	0.0020217073
1632.4900000000	0.0021575829
1632.5000000000	0.0020074015
1632.5100000000	0.0015942188
1632.5200000000	0.0010836428
1632.5300000000	0.0006940813
1632.5400000000	0.0005340328
1632.5500000000	0.0007042972
1632.5600000000	0.0011120112
1632.5700000000	0.0015935969
1632.5800000000	0.0016373361
1632.5900000000	0.0013901819
1632.6000000000	0.0012005635
1632.6100000000	0.0013212112
1632.6200000000	0.0014967736
1632.6300000000	0.0017594780
1632.6400000000	0.0020163423
1632.6500000000	0.0020958975
1632.6600000000	0.0017962185
1632.6700000000	0.0012739472
1632.6800000000	0.0007494166
1632.6900000000	0.0004024929
1632.7000000000	0.0005628239
1632.7100000000	0.0009666622
1632.7200000000	0.0012482756
1632.7300000000	0.0013470553
1632.7400000000	0.0012026088
1632.7500000000	0.0009222341
1632.7600000000	0.0009222341
1632.7700000000	0.0010624246
1632.7800000000	0.0013428072
1632.7900000000	0.0016946842
1632.8000000000	0.0017748652
1632.8100000000	0.0015631315
1632.8200000000	0.0011819661
1632.8300000000	0.0007267525
1632.8400000000	0.0004247567
1632.8500000000	0.0005194645
1632.8600000000	0.0008795391
1632.8700000000	0.0012762849
1632.8800000000	0.0015325520
1632.8900000000	0.0015583940
1632.9000000000	0.0013799069
1632.9100000000	0.0012160668
1632.9200000000	0.0012790674
1632.9300000000	0.0015246567
1632.9400000000	0.0018356255
1632.9500000000	0.0020934986
1632.9600000000	0.0020788320
1632.9700000000	0.0017399419
1632.9800000000	0.0012533567
1632.9900000000	0.0009439979
1633.0000000000	0.0008879697
1633.0100000000	0.0011985216
1633.0200000000	0.0016286682
1633.0300000000	0.0018851009
1633.0400000000	0.0018146762
1633.0500000000	0.0016694787
1633.0600000000	0.0014932365
1633.0700000000	0.0014670619
1633.0800000000	0.0016824630
1633.0900000000	0.0019948895
1633.1000000000	0.0022355558
1633.1100000000	0.0022118719
1633.1200000000	0.0019511544
1633.1300000000	0.0015797147
1633.1400000000	0.0013186738
1633.1500000000	0.0011620055
1633.1600000000	0.0012804938
1633.1700000000	0.0017686819
1633.1800000000	0.0022791637
1633.1900000000	0.0023881987
1633.2000000000	0.0023064357
1633.2100000000	0.0022809511
1633.2200000000	0.0022278510
1633.2300000000	0.0022618351
1633.2400000000	0.0027114742
1633.2500000000	0.0031452235
1633.2600000000	0.0031786631
1633.2700000000	0.0027982444
1633.2800000000	0.0024597068
1633.2900000000	0.0017760329
1633.3000000000	0.0013556375
1633.3100000000	0.0015744094
1633.3200000000	0.0018612478
1633.3300000000	0.0021736744
1633.3400000000	0.0025902265
1633.3500000000	0.0024343803
1633.3600000000	0.0019997651
1633.3700000000	0.0019272388
1633.3800000000	0.0021396540
1633.3900000000	0.0023545478
1633.4000000000	0.0026481149
1633.4100000000	0.0028989001
1633.4200000000	0.0028604512
1633.4300000000	0.0025649649
1633.4400000000	0.0022087312
1633.4500000000	0.0018366438
1633.4600000000	0.0016730902
1633.4700000000	0.0018950558
1633.4800000000	0.0023043022
1633.4900000000	0.0026146556
1633.5000000000	0.0027908978
1633.5100000000	0.0027089079
1633.5200000000	0.0023487963
1633.5300000000	0.0022630595
1633.5400000000	0.0025526128
1633.5500000000	0.0027236525
1633.5600000000	0.0028761111
1633.5700000000	0.0029523860
1633.5800000000	0.0026034807
1633.5900000000	0.0020932277
1633.6000000000	0.0016453654
1633.6100000000	0.0014104218
1633.6200000000	0.0015445880
1633.6300000000	0.0018773597
1633.6400000000	0.0021100176
1633.6500000000	0.0020109424
1633.6600000000	0.0019299485
1633.6700000000	0.0018237824
1633.6800000000	0.0017163536
1633.6900000000	0.0018057058
1633.7000000000	0.0021598004
1633.7100000000	0.0024208309
1633.7200000000	0.0026363979
1633.7300000000	0.0025569631
1633.7400000000	0.0022409345
1633.7500000000	0.0019709371
1633.7600000000	0.0018654612
1633.7700000000	0.0017933684
1633.7800000000	0.0021949922
1633.7900000000	0.0028205123
1633.8000000000	0.0031975674
1633.8100000000	0.0031551647
1633.8200000000	0.0030788729
1633.8300000000	0.0029474067
1633.8400000000	0.0031390609
1633.8500000000	0.0037574432
1633.8600000000	0.0042293992
1633.8700000000	0.0044620178
1633.8800000000	0.0043094423
1633.8900000000	0.0039900915
1633.9000000000	0.0036375103
1633.9100000000	0.0034251100
1633.9200000000	0.0034952160
1633.9300000000	0.0035312960
1633.9400000000	0.0038070867
1633.9500000000	0.0043961861
1633.9600000000	0.0043596505
1633.9700000000	0.0037792154
1633.9800000000	0.0034021996
1633.9900000000	0.0034730135
1634.0000000000	0.0035822332
1634.0100000000	0.0037396804
1634.0200000000	0.0038858058
1634.0300000000	0.0036571658
1634.0400000000	0.0033209976
1634.0500000000	0.0028424063
1634.0600000000	0.0022306646
1634.0700000000	0.0019948895
1634.0800000000	0.0022165827
1634.0900000000	0.0024854643
1634.1000000000	0.0026547757
1634.1100000000	0.0027536197
1634.1200000000	0.0025832264
1634.1300000000	0.0022083133
1634.1400000000	0.0019715400
1634.1500000000	0.0019480876
1634.1600000000	0.0019849414
1634.1700000000	0.0022421682
1634.1800000000	0.0024619533
1634.1900000000	0.0023720298
1634.2000000000	0.0021937421
1634.2100000000	0.0018901086
1634.2200000000	0.0016026460
1634.2300000000	0.0019046302
1634.2400000000	0.0026735215
1634.2500000000	0.0033156646
1634.2600000000	0.0038067253
1634.2700000000	0.0039191891
1634.2800000000	0.0038931695
1634.2900000000	0.0037623371
1634.3000000000	0.0039631555
1634.3100000000	0.0040876205
1634.3200000000	0.0043105718
1634.3300000000	0.0046109554
1634.3400000000	0.0045668346
1634.3500000000	0.0041641755
1634.3600000000	0.0038538196
1634.3700000000	0.0036303383
1634.3800000000	0.0033142724
1634.3900000000	0.0034136687
1634.4000000000	0.0039281775
1634.4100000000	0.0040536981
1634.4200000000	0.0039324330
1634.4300000000	0.0040651580
1634.4400000000	0.0038821874
1634.4500000000	0.0036984669
1634.4600000000	0.0041367552
1634.4700000000	0.0047468824
1634.4800000000	0.0048888316
1634.4900000000	0.0050298272
1634.5000000000	0.0048624061
1634.5100000000	0.0039377437
1634.5200000000	0.0034781870
1634.5300000000	0.0034261930
1634.5400000000	0.0034604848
1634.5500000000	0.0036038948
1634.5600000000	0.0041044482
1634.5700000000	0.0044199679
1634.5800000000	0.0041881355
1634.5900000000	0.0041093576
1634.6000000000	0.0040075867
1634.6100000000	0.0039364817
1634.6200000000	0.0043261612
1634.6300000000	0.0049592104
1634.6400000000	0.0048903708
1634.6500000000	0.0047349576
1634.6600000000	0.0046160226
1634.6700000000	0.0041897674
1634.6800000000	0.0039037153
1634.6900000000	0.0040152349
1634.7000000000	0.0041271319
1634.7100000000	0.0042740399
1634.7200000000	0.0046906217
1634.7300000000	0.0048678543
1634.7400000000	0.0046120322
1634.7500000000	0.0045229209
1634.7600000000	0.0046905411
1634.7700000000	0.0048290552
1634.7800000000	0.0051048697
1634.7900000000	0.0053763069
1634.8000000000	0.0050518040
1634.8100000000	0.0046150272
1634.8200000000	0.0041570184
1634.8300000000	0.0034894722
1634.8400000000	0.0032675681
1634.8500000000	0.0034445770
1634.8600000000	0.0036644144
1634.8700000000	0.0038492337
1634.8800000000	0.0037028215
1634.8900000000	0.0034380495
1634.9000000000	0.0033536019
1634.9100000000	0.0034407737
1634.9200000000	0.0034763263
1634.9300000000	0.0034994078
1634.9400000000	0.0038296204
1634.9500000000	0.0041580865
1634.9600000000	0.0040014785
1634.9700000000	0.0034966181
1634.9800000000	0.0029686909
1634.9900000000	0.0025717331
1635.0000000000	0.0025644378
1635.0100000000	0.0031154812
1635.0200000000	0.0034914487
1635.0300000000	0.0036932602
1635.0400000000	0.0041288181
1635.0500000000	0.0042553320
1635.0600000000	0.0039987405
1635.0700000000	0.0044455150
1635.0800000000	0.0049260983
1635.0900000000	0.0048956686
1635.1000000000	0.0053558761
1635.1100000000	0.0057806911
1635.1200000000	0.0050062092
1635.1300000000	0.0041402459
1635.1400000000	0.0040687087
1635.1500000000	0.0042117249
1635.1600000000	0.0042117249
1635.1700000000	0.0046162565
1635.1800000000	0.0048648453
1635.1900000000	0.0047698432
1635.2000000000	0.0047480503
1635.2100000000	0.0045375736
1635.2200000000	0.0041948644
1635.2300000000	0.0041577565
1635.2400000000	0.0046074579
1635.2500000000	0.0050323166
1635.2600000000	0.0051611758
1635.2700000000	0.0051771058
1635.2800000000	0.0049647151
1635.2900000000	0.0044779333
1635.3000000000	0.0040803831
1635.3100000000	0.0039430314
1635.3200000000	0.0039628907
1635.3300000000	0.0041168697
1635.3400000000	0.0042558649
1635.3500000000	0.0042102226
1635.3600000000	0.0039695702
1635.3700000000	0.0037865662
1635.3800000000	0.0037214126
1635.3900000000	0.0040881608
1635.4000000000	0.0045200549
1635.4100000000	0.0044942372
1635.4200000000	0.0042577643
1635.4300000000	0.0040099495
1635.4400000000	0.0036017861
1635.4500000000	0.0033344858
1635.4600000000	0.0033935949
1635.4700000000	0.0034169534
1635.4800000000	0.0034732259
1635.4900000000	0.0035708257
1635.5000000000	0.0034318566
1635.5100000000	0.0030508412
1635.5200000000	0.0027015870
1635.5300000000	0.0024889747
1635.5400000000	0.0022856406
1635.5500000000	0.0022011219
1635.5600000000	0.0023156129
1635.5700000000	0.0022809395
1635.5800000000	0.0018352551
1635.5900000000	0.0013037448
1635.6000000000	0.0008200773
1635.6100000000	0.0004808789
1635.6200000000	0.0005631755
1635.6300000000	0.0009034163
1635.6400000000	0.0012775550
1635.6500000000	0.0015136867
1635.6600000000	0.0014932026
1635.6700000000	0.0013806597
1635.6800000000	0.0015942853
1635.6900000000	0.0018614282
1635.7000000000	0.0020561424
1635.7100000000	0.0024165188
1635.7200000000	0.0027400399
1635.7300000000	0.0026854452
1635.7400000000	0.0023979535
1635.7500000000	0.0020187291
1635.7600000000	0.0016543313
1635.7700000000	0.0016424439
1635.7800000000	0.0019829672
1635.7900000000	0.0022273091
1635.8000000000	0.0022809511
1635.8100000000	0.0022413786
1635.8200000000	0.0020579986
1635.8300000000	0.0017789702
1635.8400000000	0.0017240733
1635.8500000000	0.0019350643
1635.8600000000	0.0021163185
1635.8700000000	0.0022388105
1635.8800000000	0.0023963472
1635.8900000000	0.0023085505
1635.9000000000	0.0018704460
1635.9100000000	0.0015144979
1635.9200000000	0.0013148215
1635.9300000000	0.0012846289
1635.9400000000	0.0016049408
1635.9500000000	0.0019440895
1635.9600000000	0.0019331401
1635.9700000000	0.0017361923
1635.9800000000	0.0015444457
1635.9900000000	0.0014406888
1636.0000000000	0.0015962791
1636.0100000000	0.0019537191
1636.0200000000	0.0022440989
1636.0300000000	0.0023343943
1636.0400000000	0.0021525721
1636.0500000000	0.0017624818
1636.0600000000	0.0013583073
1636.0700000000	0.0010901443
1636.0800000000	0.0011199458
1636.0900000000	0.0014887720
1636.1000000000	0.0018775674
1636.1100000000	0.0020176833
1636.1200000000	0.0019705907
1636.1300000000	0.0019121650
1636.1400000000	0.0018350453
1636.1500000000	0.0017186631
1636.1600000000	0.0018458566
1636.1700000000	0.0022272982
1636.1800000000	0.0025397291
1636.1900000000	0.0026742603
1636.2000000000	0.0025691800
1636.2100000000	0.0020968336
1636.2200000000	0.0016606704
1636.2300000000	0.0016362008
1636.2400000000	0.0018093465
1636.2500000000	0.0020822627
1636.2600000000	0.0024708945
1636.2700000000	0.0024965730
1636.2800000000	0.0021977450
1636.2900000000	0.0020880756
1636.3000000000	0.0020801270
1636.3100000000	0.0020216148
1636.3200000000	0.0021787863
1636.3300000000	0.0024469424
1636.3400000000	0.0026053133
1636.3500000000	0.0024852600
1636.3600000000	0.0020416272
1636.3700000000	0.0014726658
1636.3800000000	0.0010724814
1636.3900000000	0.0011081616
1636.4000000000	0.0013492146
1636.4100000000	0.0015731177
1636.4200000000	0.0017633505
1636.4300000000	0.0017498128
1636.4400000000	0.0015405899
1636.4500000000	0.0014228118
1636.4600000000	0.0014851159
1636.4700000000	0.0016734540
1636.4800000000	0.0020006174
1636.4900000000	0.0024315496
1636.5000000000	0.0026270585
1636.5100000000	0.0024716394
1636.5200000000	0.0022211044
1636.5300000000	0.0017863179
1636.5400000000	0.0014943199
1636.5500000000	0.0016582010
1636.5600000000	0.0019095183
1636.5700000000	0.0019948895
1636.5800000000	0.0020161382
1636.5900000000	0.0019888861
1636.6000000000	0.0018359505
1636.6100000000	0.0016828475
1636.6200000000	0.0017630256
1636.6300000000	0.0020862704
1636.6400000000	0.0024151028
1636.6500000000	0.0025926647
1636.6600000000	0.0024459698
1636.6700000000	0.0020842901
1636.6800000000	0.0017226036
1636.6900000000	0.0014113375
1636.7000000000	0.0013993070
1636.7100000000	0.0018079427
1636.7200000000	0.0021313289
1636.7300000000	0.0022359894
1636.7400000000	0.0023081980
1636.7500000000	0.0021913827
1636.7600000000	0.0018642650
1636.7700000000	0.0018713831
1636.7800000000	0.0022881019
1636.7900000000	0.0026384949
1636.8000000000	0.0029820435
1636.8100000000	0.0032524215
1636.8200000000	0.0029557184
1636.8300000000	0.0023722176
1636.8400000000	0.0020395821
1636.8500000000	0.0017832776
1636.8600000000	0.0016926334
1636.8700000000	0.0020153291
1636.8800000000	0.0023254467
1636.8900000000	0.0022426202
1636.9000000000	0.0019639283
1636.9100000000	0.0016709065
1636.9200000000	0.0015196006
1636.9300000000	0.0016553995
1636.9400000000	0.0019938282
1636.9500000000	0.0022048209
1636.9600000000	0.0022886482
1636.9700000000	0.0022341812
1636.9800000000	0.0018626339
1636.9900000000	0.0012888134
1637.0000000000	0.0008722476
1637.0100000000	0.0007764097
1637.0200000000	0.0009243196
1637.0300000000	0.0012124853
1637.0400000000	0.0014228118
1637.0500000000	0.0013352449
1637.0600000000	0.0011776266
1637.0700000000	0.0010725534
1637.0800000000	0.0010440961
1637.0900000000	0.0013090414
1637.1000000000	0.0016362599
1637.1100000000	0.0018349000
1637.1200000000	0.0020173817
1637.1300000000	0.0020005412
1637.1400000000	0.0016347065
1637.1500000000	0.0013140344
1637.1600000000	0.0013195585
1637.1700000000	0.0016001800
1637.1800000000	0.0018046610
1637.1900000000	0.0020600981
1637.2000000000	0.0022189864
1637.2100000000	0.0021086670
1637.2200000000	0.0019162370
1637.2300000000	0.0017594107
1637.2400000000	0.0018227758
1637.2500000000	0.0020844667
1637.2600000000	0.0022919523
1637.2700000000	0.0023330122
1637.2800000000	0.0022620356
1637.2900000000	0.0021102626
1637.3000000000	0.0019070374
1637.3100000000	0.0018060019
1637.3200000000	0.0019407389
1637.3300000000	0.0021798079
1637.3400000000	0.0025084813
1637.3500000000	0.0031997411
1637.3600000000	0.0035454702
1637.3700000000	0.0034088260
1637.3800000000	0.0033683284
1637.3900000000	0.0038361223
1637.4000000000	0.0041770694
1637.4100000000	0.0046693934
1637.4200000000	0.0052189456
1637.4300000000	0.0051428765
1637.4400000000	0.0047705562
1637.4500000000	0.0044683907
1637.4600000000	0.0039416095
1637.4700000000	0.0034874219
1637.4800000000	0.0034522831
1637.4900000000	0.0036020373
1637.5000000000	0.0036577030
1637.5100000000	0.0037137372
1637.5200000000	0.0035663084
1637.5300000000	0.0030582568
1637.5400000000	0.0027611364
1637.5500000000	0.0029699546
1637.5600000000	0.0030785352
1637.5700000000	0.0031888382
1637.5800000000	0.0034898853
1637.5900000000	0.0034538534
1637.6000000000	0.0030293227
1637.6100000000	0.0026384917
1637.6200000000	0.0024246753
1637.6300000000	0.0022823813
1637.6400000000	0.0024040967
1637.6500000000	0.0027685999
1637.6600000000	0.0027504888
1637.6700000000	0.0024608209
1637.6800000000	0.0023315039
1637.6900000000	0.0021675261
1637.7000000000	0.0019580531
1637.7100000000	0.0020638792
1637.7200000000	0.0023107930
1637.7300000000	0.0023637454
1637.7400000000	0.0023524592
1637.7500000000	0.0022395517
1637.7600000000	0.0017424170
1637.7700000000	0.0013526922
1637.7800000000	0.0012797956
1637.7900000000	0.0014644670
1637.8000000000	0.0018918823
1637.8100000000	0.0022906876
1637.8200000000	0.0024936551
1637.8300000000	0.0023174129
1637.8400000000	0.0021655216
1637.8500000000	0.0022396880
1637.8600000000	0.0024493979
1637.8700000000	0.0027808150
1637.8800000000	0.0032016267
1637.8900000000	0.0034296081
1637.9000000000	0.0033663152
1637.9100000000	0.0030541545
1637.9200000000	0.0025536645
1637.9300000000	0.0020842835
1637.9400000000	0.0018715398
1637.9500000000	0.0019966847
1637.9600000000	0.0023506635
1637.9700000000	0.0025830663
1637.9800000000	0.0025544616
1637.9900000000	0.0024311181
1638.0000000000	0.0023192853
